_link,_link_releases,_link_releases_parties,_link_main,scheme,id,description
0.releases.1.parties.1.details.classifications.0,0.releases.1,0.releases.1.parties.1,0,WLB,WLB,Woman-Lead Business
0.releases.1.parties.2.details.classifications.0,0.releases.1,0.releases.1.parties.2,0,WLB,WLB,Woman-Lead Business
0.releases.2.parties.2.details.classifications.0,0.releases.2,0.releases.2.parties.2,0,WLB,WLB,Woman-Lead Business
0.releases.2.parties.3.details.classifications.0,0.releases.2,0.releases.2.parties.3,0,WLB,WLB,Woman-Lead Business
0.releases.2.parties.5.details.classifications.0,0.releases.2,0.releases.2.parties.5,0,WLB,WLB,Woman-Lead Business
0.releases.9.parties.2.details.classifications.0,0.releases.9,0.releases.9.parties.2,0,WLB,WLB,Woman-Lead Business
0.releases.10.parties.2.details.classifications.0,0.releases.10,0.releases.10.parties.2,0,WLB,WLB,Woman-Lead Business
0.releases.11.parties.3.details.classifications.0,0.releases.11,0.releases.11.parties.3,0,WLB,WLB,Woman-Lead Business
0.releases.12.parties.3.details.classifications.0,0.releases.12,0.releases.12.parties.3,0,WLB,WLB,Woman-Lead Business
0.releases.13.parties.5.details.classifications.0,0.releases.13,0.releases.13.parties.5,0,WLB,WLB,Woman-Lead Business
0.releases.13.parties.10.details.classifications.0,0.releases.13,0.releases.13.parties.10,0,WLB,WLB,Woman-Lead Business
0.releases.15.parties.3.details.classifications.0,0.releases.15,0.releases.15.parties.3,0,WLB,WLB,Woman-Lead Business
0.releases.15.parties.8.details.classifications.0,0.releases.15,0.releases.15.parties.8,0,WLB,WLB,Woman-Lead Business
0.releases.16.parties.2.details.classifications.0,0.releases.16,0.releases.16.parties.2,0,WLB,WLB,Woman-Lead Business
0.releases.17.parties.3.details.classifications.0,0.releases.17,0.releases.17.parties.3,0,WLB,WLB,Woman-Lead Business
0.releases.17.parties.8.details.classifications.0,0.releases.17,0.releases.17.parties.8,0,WLB,WLB,Woman-Lead Business
0.releases.18.parties.5.details.classifications.0,0.releases.18,0.releases.18.parties.5,0,WLB,WLB,Woman-Lead Business
0.releases.19.parties.3.details.classifications.0,0.releases.19,0.releases.19.parties.3,0,WLB,WLB,Woman-Lead Business
0.releases.19.parties.8.details.classifications.0,0.releases.19,0.releases.19.parties.8,0,WLB,WLB,Woman-Lead Business
0.releases.20.parties.3.details.classifications.0,0.releases.20,0.releases.20.parties.3,0,WLB,WLB,Woman-Lead Business
0.releases.20.parties.8.details.classifications.0,0.releases.20,0.releases.20.parties.8,0,WLB,WLB,Woman-Lead Business
0.releases.26.parties.1.details.classifications.0,0.releases.26,0.releases.26.parties.1,0,WLB,WLB,Woman-Lead Business
0.releases.26.parties.3.details.classifications.0,0.releases.26,0.releases.26.parties.3,0,WLB,WLB,Woman-Lead Business
0.releases.27.parties.1.details.classifications.0,0.releases.27,0.releases.27.parties.1,0,WLB,WLB,Woman-Lead Business
0.releases.27.parties.3.details.classifications.0,0.releases.27,0.releases.27.parties.3,0,WLB,WLB,Woman-Lead Business
0.releases.30.parties.1.details.classifications.0,0.releases.30,0.releases.30.parties.1,0,WLB,WLB,Woman-Lead Business
0.releases.31.parties.3.details.classifications.0,0.releases.31,0.releases.31.parties.3,0,WLB,WLB,Woman-Lead Business
0.releases.32.parties.2.details.classifications.0,0.releases.32,0.releases.32.parties.2,0,WLB,WLB,Woman-Lead Business
0.releases.33.parties.2.details.classifications.0,0.releases.33,0.releases.33.parties.2,0,WLB,WLB,Woman-Lead Business
0.releases.41.parties.2.details.classifications.0,0.releases.41,0.releases.41.parties.2,0,WLB,WLB,Woman-Lead Business
0.releases.41.parties.3.details.classifications.0,0.releases.41,0.releases.41.parties.3,0,WLB,WLB,Woman-Lead Business
0.releases.41.parties.7.details.classifications.0,0.releases.41,0.releases.41.parties.7,0,WLB,WLB,Woman-Lead Business
0.releases.41.parties.8.details.classifications.0,0.releases.41,0.releases.41.parties.8,0,WLB,WLB,Woman-Lead Business
0.releases.42.parties.1.details.classifications.0,0.releases.42,0.releases.42.parties.1,0,WLB,WLB,Woman-Lead Business
0.releases.42.parties.3.details.classifications.0,0.releases.42,0.releases.42.parties.3,0,WLB,WLB,Woman-Lead Business
0.releases.42.parties.6.details.classifications.0,0.releases.42,0.releases.42.parties.6,0,WLB,WLB,Woman-Lead Business
0.releases.42.parties.7.details.classifications.0,0.releases.42,0.releases.42.parties.7,0,WLB,WLB,Woman-Lead Business
0.releases.42.parties.10.details.classifications.0,0.releases.42,0.releases.42.parties.10,0,WLB,WLB,Woman-Lead Business
0.releases.42.parties.12.details.classifications.0,0.releases.42,0.releases.42.parties.12,0,WLB,WLB,Woman-Lead Business
0.releases.42.parties.13.details.classifications.0,0.releases.42,0.releases.42.parties.13,0,WLB,WLB,Woman-Lead Business
0.releases.43.parties.1.details.classifications.0,0.releases.43,0.releases.43.parties.1,0,WLB,WLB,Woman-Lead Business
0.releases.46.parties.2.details.classifications.0,0.releases.46,0.releases.46.parties.2,0,WLB,WLB,Woman-Lead Business
0.releases.47.parties.2.details.classifications.0,0.releases.47,0.releases.47.parties.2,0,WLB,WLB,Woman-Lead Business
0.releases.56.parties.3.details.classifications.0,0.releases.56,0.releases.56.parties.3,0,WLB,WLB,Woman-Lead Business
0.releases.56.parties.4.details.classifications.0,0.releases.56,0.releases.56.parties.4,0,WLB,WLB,Woman-Lead Business
0.releases.65.parties.3.details.classifications.0,0.releases.65,0.releases.65.parties.3,0,WLB,WLB,Woman-Lead Business
0.releases.65.parties.8.details.classifications.0,0.releases.65,0.releases.65.parties.8,0,WLB,WLB,Woman-Lead Business
0.releases.66.parties.2.details.classifications.0,0.releases.66,0.releases.66.parties.2,0,WLB,WLB,Woman-Lead Business
0.releases.66.parties.4.details.classifications.0,0.releases.66,0.releases.66.parties.4,0,WLB,WLB,Woman-Lead Business
0.releases.67.parties.3.details.classifications.0,0.releases.67,0.releases.67.parties.3,0,WLB,WLB,Woman-Lead Business
0.releases.68.parties.5.details.classifications.0,0.releases.68,0.releases.68.parties.5,0,WLB,WLB,Woman-Lead Business
0.releases.68.parties.7.details.classifications.0,0.releases.68,0.releases.68.parties.7,0,WLB,WLB,Woman-Lead Business
0.releases.69.parties.3.details.classifications.0,0.releases.69,0.releases.69.parties.3,0,WLB,WLB,Woman-Lead Business
0.releases.69.parties.7.details.classifications.0,0.releases.69,0.releases.69.parties.7,0,WLB,WLB,Woman-Lead Business
0.releases.70.parties.5.details.classifications.0,0.releases.70,0.releases.70.parties.5,0,WLB,WLB,Woman-Lead Business
0.releases.71.parties.1.details.classifications.0,0.releases.71,0.releases.71.parties.1,0,WLB,WLB,Woman-Lead Business
0.releases.71.parties.4.details.classifications.0,0.releases.71,0.releases.71.parties.4,0,WLB,WLB,Woman-Lead Business
0.releases.72.parties.5.details.classifications.0,0.releases.72,0.releases.72.parties.5,0,WLB,WLB,Woman-Lead Business
0.releases.73.parties.5.details.classifications.0,0.releases.73,0.releases.73.parties.5,0,WLB,WLB,Woman-Lead Business
0.releases.74.parties.5.details.classifications.0,0.releases.74,0.releases.74.parties.5,0,WLB,WLB,Woman-Lead Business
0.releases.75.parties.5.details.classifications.0,0.releases.75,0.releases.75.parties.5,0,WLB,WLB,Woman-Lead Business
0.releases.76.parties.5.details.classifications.0,0.releases.76,0.releases.76.parties.5,0,WLB,WLB,Woman-Lead Business
0.releases.79.parties.1.details.classifications.0,0.releases.79,0.releases.79.parties.1,0,WLB,WLB,Woman-Lead Business
0.releases.79.parties.8.details.classifications.0,0.releases.79,0.releases.79.parties.8,0,WLB,WLB,Woman-Lead Business
0.releases.79.parties.18.details.classifications.0,0.releases.79,0.releases.79.parties.18,0,WLB,WLB,Woman-Lead Business
0.releases.79.parties.19.details.classifications.0,0.releases.79,0.releases.79.parties.19,0,WLB,WLB,Woman-Lead Business
0.releases.79.parties.20.details.classifications.0,0.releases.79,0.releases.79.parties.20,0,WLB,WLB,Woman-Lead Business
0.releases.79.parties.23.details.classifications.0,0.releases.79,0.releases.79.parties.23,0,WLB,WLB,Woman-Lead Business
0.releases.80.parties.1.details.classifications.0,0.releases.80,0.releases.80.parties.1,0,WLB,WLB,Woman-Lead Business
0.releases.81.parties.1.details.classifications.0,0.releases.81,0.releases.81.parties.1,0,WLB,WLB,Woman-Lead Business
0.releases.82.parties.1.details.classifications.0,0.releases.82,0.releases.82.parties.1,0,WLB,WLB,Woman-Lead Business
0.releases.83.parties.1.details.classifications.0,0.releases.83,0.releases.83.parties.1,0,WLB,WLB,Woman-Lead Business
0.releases.83.parties.4.details.classifications.0,0.releases.83,0.releases.83.parties.4,0,WLB,WLB,Woman-Lead Business
0.releases.84.parties.3.details.classifications.0,0.releases.84,0.releases.84.parties.3,0,WLB,WLB,Woman-Lead Business
0.releases.85.parties.4.details.classifications.0,0.releases.85,0.releases.85.parties.4,0,WLB,WLB,Woman-Lead Business
0.releases.85.parties.5.details.classifications.0,0.releases.85,0.releases.85.parties.5,0,WLB,WLB,Woman-Lead Business
0.releases.85.parties.9.details.classifications.0,0.releases.85,0.releases.85.parties.9,0,WLB,WLB,Woman-Lead Business
0.releases.87.parties.3.details.classifications.0,0.releases.87,0.releases.87.parties.3,0,WLB,WLB,Woman-Lead Business
0.releases.87.parties.4.details.classifications.0,0.releases.87,0.releases.87.parties.4,0,WLB,WLB,Woman-Lead Business
0.releases.87.parties.6.details.classifications.0,0.releases.87,0.releases.87.parties.6,0,WLB,WLB,Woman-Lead Business
0.releases.88.parties.2.details.classifications.0,0.releases.88,0.releases.88.parties.2,0,WLB,WLB,Woman-Lead Business
0.releases.89.parties.2.details.classifications.0,0.releases.89,0.releases.89.parties.2,0,WLB,WLB,Woman-Lead Business
0.releases.90.parties.7.details.classifications.0,0.releases.90,0.releases.90.parties.7,0,WLB,WLB,Woman-Lead Business
0.releases.90.parties.9.details.classifications.0,0.releases.90,0.releases.90.parties.9,0,WLB,WLB,Woman-Lead Business
0.releases.91.parties.3.details.classifications.0,0.releases.91,0.releases.91.parties.3,0,WLB,WLB,Woman-Lead Business
0.releases.91.parties.8.details.classifications.0,0.releases.91,0.releases.91.parties.8,0,WLB,WLB,Woman-Lead Business
0.releases.95.parties.4.details.classifications.0,0.releases.95,0.releases.95.parties.4,0,WLB,WLB,Woman-Lead Business
0.releases.95.parties.5.details.classifications.0,0.releases.95,0.releases.95.parties.5,0,WLB,WLB,Woman-Lead Business
0.releases.95.parties.7.details.classifications.0,0.releases.95,0.releases.95.parties.7,0,WLB,WLB,Woman-Lead Business
0.releases.99.parties.3.details.classifications.0,0.releases.99,0.releases.99.parties.3,0,WLB,WLB,Woman-Lead Business
0.releases.99.parties.7.details.classifications.0,0.releases.99,0.releases.99.parties.7,0,WLB,WLB,Woman-Lead Business
0.releases.100.parties.1.details.classifications.0,0.releases.100,0.releases.100.parties.1,0,WLB,WLB,Woman-Lead Business
0.releases.100.parties.3.details.classifications.0,0.releases.100,0.releases.100.parties.3,0,WLB,WLB,Woman-Lead Business
0.releases.100.parties.6.details.classifications.0,0.releases.100,0.releases.100.parties.6,0,WLB,WLB,Woman-Lead Business
0.releases.100.parties.11.details.classifications.0,0.releases.100,0.releases.100.parties.11,0,WLB,WLB,Woman-Lead Business
0.releases.100.parties.13.details.classifications.0,0.releases.100,0.releases.100.parties.13,0,WLB,WLB,Woman-Lead Business
0.releases.101.parties.2.details.classifications.0,0.releases.101,0.releases.101.parties.2,0,WLB,WLB,Woman-Lead Business
0.releases.101.parties.5.details.classifications.0,0.releases.101,0.releases.101.parties.5,0,WLB,WLB,Woman-Lead Business
0.releases.101.parties.6.details.classifications.0,0.releases.101,0.releases.101.parties.6,0,WLB,WLB,Woman-Lead Business
0.releases.111.parties.1.details.classifications.0,0.releases.111,0.releases.111.parties.1,0,WLB,WLB,Woman-Lead Business
0.releases.111.parties.2.details.classifications.0,0.releases.111,0.releases.111.parties.2,0,WLB,WLB,Woman-Lead Business
0.releases.112.parties.1.details.classifications.0,0.releases.112,0.releases.112.parties.1,0,WLB,WLB,Woman-Lead Business
0.releases.112.parties.10.details.classifications.0,0.releases.112,0.releases.112.parties.10,0,WLB,WLB,Woman-Lead Business
0.releases.113.parties.6.details.classifications.0,0.releases.113,0.releases.113.parties.6,0,WLB,WLB,Woman-Lead Business
0.releases.114.parties.1.details.classifications.0,0.releases.114,0.releases.114.parties.1,0,WLB,WLB,Woman-Lead Business
0.releases.114.parties.4.details.classifications.0,0.releases.114,0.releases.114.parties.4,0,WLB,WLB,Woman-Lead Business
0.releases.114.parties.7.details.classifications.0,0.releases.114,0.releases.114.parties.7,0,WLB,WLB,Woman-Lead Business
0.releases.114.parties.8.details.classifications.0,0.releases.114,0.releases.114.parties.8,0,WLB,WLB,Woman-Lead Business
0.releases.114.parties.9.details.classifications.0,0.releases.114,0.releases.114.parties.9,0,WLB,WLB,Woman-Lead Business
0.releases.114.parties.11.details.classifications.0,0.releases.114,0.releases.114.parties.11,0,WLB,WLB,Woman-Lead Business
0.releases.114.parties.14.details.classifications.0,0.releases.114,0.releases.114.parties.14,0,WLB,WLB,Woman-Lead Business
0.releases.114.parties.15.details.classifications.0,0.releases.114,0.releases.114.parties.15,0,WLB,WLB,Woman-Lead Business
0.releases.114.parties.16.details.classifications.0,0.releases.114,0.releases.114.parties.16,0,WLB,WLB,Woman-Lead Business
0.releases.115.parties.1.details.classifications.0,0.releases.115,0.releases.115.parties.1,0,WLB,WLB,Woman-Lead Business
0.releases.115.parties.4.details.classifications.0,0.releases.115,0.releases.115.parties.4,0,WLB,WLB,Woman-Lead Business
0.releases.115.parties.7.details.classifications.0,0.releases.115,0.releases.115.parties.7,0,WLB,WLB,Woman-Lead Business
0.releases.115.parties.8.details.classifications.0,0.releases.115,0.releases.115.parties.8,0,WLB,WLB,Woman-Lead Business
0.releases.115.parties.9.details.classifications.0,0.releases.115,0.releases.115.parties.9,0,WLB,WLB,Woman-Lead Business
0.releases.115.parties.11.details.classifications.0,0.releases.115,0.releases.115.parties.11,0,WLB,WLB,Woman-Lead Business
0.releases.115.parties.14.details.classifications.0,0.releases.115,0.releases.115.parties.14,0,WLB,WLB,Woman-Lead Business
0.releases.115.parties.15.details.classifications.0,0.releases.115,0.releases.115.parties.15,0,WLB,WLB,Woman-Lead Business
0.releases.115.parties.16.details.classifications.0,0.releases.115,0.releases.115.parties.16,0,WLB,WLB,Woman-Lead Business
0.releases.116.parties.1.details.classifications.0,0.releases.116,0.releases.116.parties.1,0,WLB,WLB,Woman-Lead Business
0.releases.116.parties.2.details.classifications.0,0.releases.116,0.releases.116.parties.2,0,WLB,WLB,Woman-Lead Business
0.releases.116.parties.3.details.classifications.0,0.releases.116,0.releases.116.parties.3,0,WLB,WLB,Woman-Lead Business
0.releases.117.parties.1.details.classifications.0,0.releases.117,0.releases.117.parties.1,0,WLB,WLB,Woman-Lead Business
0.releases.117.parties.4.details.classifications.0,0.releases.117,0.releases.117.parties.4,0,WLB,WLB,Woman-Lead Business
0.releases.117.parties.5.details.classifications.0,0.releases.117,0.releases.117.parties.5,0,WLB,WLB,Woman-Lead Business
0.releases.121.parties.3.details.classifications.0,0.releases.121,0.releases.121.parties.3,0,WLB,WLB,Woman-Lead Business
0.releases.121.parties.8.details.classifications.0,0.releases.121,0.releases.121.parties.8,0,WLB,WLB,Woman-Lead Business
0.releases.122.parties.3.details.classifications.0,0.releases.122,0.releases.122.parties.3,0,WLB,WLB,Woman-Lead Business
0.releases.123.parties.2.details.classifications.0,0.releases.123,0.releases.123.parties.2,0,WLB,WLB,Woman-Lead Business
0.releases.123.parties.3.details.classifications.0,0.releases.123,0.releases.123.parties.3,0,WLB,WLB,Woman-Lead Business
0.releases.124.parties.2.details.classifications.0,0.releases.124,0.releases.124.parties.2,0,WLB,WLB,Woman-Lead Business
0.releases.125.parties.6.details.classifications.0,0.releases.125,0.releases.125.parties.6,0,WLB,WLB,Woman-Lead Business
0.releases.125.parties.9.details.classifications.0,0.releases.125,0.releases.125.parties.9,0,WLB,WLB,Woman-Lead Business
0.releases.125.parties.11.details.classifications.0,0.releases.125,0.releases.125.parties.11,0,WLB,WLB,Woman-Lead Business
0.releases.125.parties.13.details.classifications.0,0.releases.125,0.releases.125.parties.13,0,WLB,WLB,Woman-Lead Business
0.releases.126.parties.2.details.classifications.0,0.releases.126,0.releases.126.parties.2,0,WLB,WLB,Woman-Lead Business
0.releases.127.parties.2.details.classifications.0,0.releases.127,0.releases.127.parties.2,0,WLB,WLB,Woman-Lead Business
0.releases.128.parties.2.details.classifications.0,0.releases.128,0.releases.128.parties.2,0,WLB,WLB,Woman-Lead Business
0.releases.129.parties.4.details.classifications.0,0.releases.129,0.releases.129.parties.4,0,WLB,WLB,Woman-Lead Business
0.releases.129.parties.5.details.classifications.0,0.releases.129,0.releases.129.parties.5,0,WLB,WLB,Woman-Lead Business
0.releases.129.parties.9.details.classifications.0,0.releases.129,0.releases.129.parties.9,0,WLB,WLB,Woman-Lead Business
0.releases.136.parties.2.details.classifications.0,0.releases.136,0.releases.136.parties.2,0,WLB,WLB,Woman-Lead Business
0.releases.137.parties.2.details.classifications.0,0.releases.137,0.releases.137.parties.2,0,WLB,WLB,Woman-Lead Business
0.releases.137.parties.5.details.classifications.0,0.releases.137,0.releases.137.parties.5,0,WLB,WLB,Woman-Lead Business
0.releases.137.parties.7.details.classifications.0,0.releases.137,0.releases.137.parties.7,0,WLB,WLB,Woman-Lead Business
0.releases.137.parties.10.details.classifications.0,0.releases.137,0.releases.137.parties.10,0,WLB,WLB,Woman-Lead Business
0.releases.137.parties.12.details.classifications.0,0.releases.137,0.releases.137.parties.12,0,WLB,WLB,Woman-Lead Business
0.releases.137.parties.16.details.classifications.0,0.releases.137,0.releases.137.parties.16,0,WLB,WLB,Woman-Lead Business
0.releases.138.parties.1.details.classifications.0,0.releases.138,0.releases.138.parties.1,0,WLB,WLB,Woman-Lead Business
0.releases.138.parties.4.details.classifications.0,0.releases.138,0.releases.138.parties.4,0,WLB,WLB,Woman-Lead Business
0.releases.138.parties.7.details.classifications.0,0.releases.138,0.releases.138.parties.7,0,WLB,WLB,Woman-Lead Business
0.releases.138.parties.8.details.classifications.0,0.releases.138,0.releases.138.parties.8,0,WLB,WLB,Woman-Lead Business
0.releases.138.parties.9.details.classifications.0,0.releases.138,0.releases.138.parties.9,0,WLB,WLB,Woman-Lead Business
0.releases.138.parties.11.details.classifications.0,0.releases.138,0.releases.138.parties.11,0,WLB,WLB,Woman-Lead Business
0.releases.138.parties.14.details.classifications.0,0.releases.138,0.releases.138.parties.14,0,WLB,WLB,Woman-Lead Business
0.releases.138.parties.15.details.classifications.0,0.releases.138,0.releases.138.parties.15,0,WLB,WLB,Woman-Lead Business
0.releases.138.parties.16.details.classifications.0,0.releases.138,0.releases.138.parties.16,0,WLB,WLB,Woman-Lead Business
0.releases.146.parties.5.details.classifications.0,0.releases.146,0.releases.146.parties.5,0,WLB,WLB,Woman-Lead Business
0.releases.149.parties.7.details.classifications.0,0.releases.149,0.releases.149.parties.7,0,WLB,WLB,Woman-Lead Business
0.releases.149.parties.17.details.classifications.0,0.releases.149,0.releases.149.parties.17,0,WLB,WLB,Woman-Lead Business
0.releases.149.parties.19.details.classifications.0,0.releases.149,0.releases.149.parties.19,0,WLB,WLB,Woman-Lead Business
0.releases.149.parties.20.details.classifications.0,0.releases.149,0.releases.149.parties.20,0,WLB,WLB,Woman-Lead Business
0.releases.149.parties.23.details.classifications.0,0.releases.149,0.releases.149.parties.23,0,WLB,WLB,Woman-Lead Business
0.releases.150.parties.3.details.classifications.0,0.releases.150,0.releases.150.parties.3,0,WLB,WLB,Woman-Lead Business
0.releases.150.parties.8.details.classifications.0,0.releases.150,0.releases.150.parties.8,0,WLB,WLB,Woman-Lead Business
0.releases.153.parties.1.details.classifications.0,0.releases.153,0.releases.153.parties.1,0,WLB,WLB,Woman-Lead Business
0.releases.153.parties.3.details.classifications.0,0.releases.153,0.releases.153.parties.3,0,WLB,WLB,Woman-Lead Business
0.releases.160.parties.2.details.classifications.0,0.releases.160,0.releases.160.parties.2,0,WLB,WLB,Woman-Lead Business
0.releases.160.parties.6.details.classifications.0,0.releases.160,0.releases.160.parties.6,0,WLB,WLB,Woman-Lead Business
0.releases.163.parties.4.details.classifications.0,0.releases.163,0.releases.163.parties.4,0,WLB,WLB,Woman-Lead Business
0.releases.163.parties.5.details.classifications.0,0.releases.163,0.releases.163.parties.5,0,WLB,WLB,Woman-Lead Business
0.releases.163.parties.9.details.classifications.0,0.releases.163,0.releases.163.parties.9,0,WLB,WLB,Woman-Lead Business
0.releases.164.parties.2.details.classifications.0,0.releases.164,0.releases.164.parties.2,0,WLB,WLB,Woman-Lead Business
0.releases.167.parties.7.details.classifications.0,0.releases.167,0.releases.167.parties.7,0,WLB,WLB,Woman-Lead Business
0.releases.167.parties.17.details.classifications.0,0.releases.167,0.releases.167.parties.17,0,WLB,WLB,Woman-Lead Business
0.releases.167.parties.19.details.classifications.0,0.releases.167,0.releases.167.parties.19,0,WLB,WLB,Woman-Lead Business
0.releases.167.parties.20.details.classifications.0,0.releases.167,0.releases.167.parties.20,0,WLB,WLB,Woman-Lead Business
0.releases.167.parties.23.details.classifications.0,0.releases.167,0.releases.167.parties.23,0,WLB,WLB,Woman-Lead Business
0.releases.169.parties.1.details.classifications.0,0.releases.169,0.releases.169.parties.1,0,WLB,WLB,Woman-Lead Business
0.releases.169.parties.8.details.classifications.0,0.releases.169,0.releases.169.parties.8,0,WLB,WLB,Woman-Lead Business
0.releases.169.parties.18.details.classifications.0,0.releases.169,0.releases.169.parties.18,0,WLB,WLB,Woman-Lead Business
0.releases.169.parties.19.details.classifications.0,0.releases.169,0.releases.169.parties.19,0,WLB,WLB,Woman-Lead Business
0.releases.169.parties.20.details.classifications.0,0.releases.169,0.releases.169.parties.20,0,WLB,WLB,Woman-Lead Business
0.releases.169.parties.23.details.classifications.0,0.releases.169,0.releases.169.parties.23,0,WLB,WLB,Woman-Lead Business
0.releases.172.parties.1.details.classifications.0,0.releases.172,0.releases.172.parties.1,0,WLB,WLB,Woman-Lead Business
0.releases.174.parties.2.details.classifications.0,0.releases.174,0.releases.174.parties.2,0,WLB,WLB,Woman-Lead Business
0.releases.174.parties.3.details.classifications.0,0.releases.174,0.releases.174.parties.3,0,WLB,WLB,Woman-Lead Business
0.releases.174.parties.5.details.classifications.0,0.releases.174,0.releases.174.parties.5,0,WLB,WLB,Woman-Lead Business
0.releases.175.parties.3.details.classifications.0,0.releases.175,0.releases.175.parties.3,0,WLB,WLB,Woman-Lead Business
0.releases.178.parties.3.details.classifications.0,0.releases.178,0.releases.178.parties.3,0,WLB,WLB,Woman-Lead Business
0.releases.184.parties.5.details.classifications.0,0.releases.184,0.releases.184.parties.5,0,WLB,WLB,Woman-Lead Business
0.releases.191.parties.1.details.classifications.0,0.releases.191,0.releases.191.parties.1,0,WLB,WLB,Woman-Lead Business
0.releases.191.parties.2.details.classifications.0,0.releases.191,0.releases.191.parties.2,0,WLB,WLB,Woman-Lead Business
0.releases.195.parties.7.details.classifications.0,0.releases.195,0.releases.195.parties.7,0,WLB,WLB,Woman-Lead Business
0.releases.195.parties.17.details.classifications.0,0.releases.195,0.releases.195.parties.17,0,WLB,WLB,Woman-Lead Business
0.releases.195.parties.19.details.classifications.0,0.releases.195,0.releases.195.parties.19,0,WLB,WLB,Woman-Lead Business
0.releases.195.parties.20.details.classifications.0,0.releases.195,0.releases.195.parties.20,0,WLB,WLB,Woman-Lead Business
0.releases.195.parties.23.details.classifications.0,0.releases.195,0.releases.195.parties.23,0,WLB,WLB,Woman-Lead Business
0.releases.196.parties.2.details.classifications.0,0.releases.196,0.releases.196.parties.2,0,WLB,WLB,Woman-Lead Business
0.releases.196.parties.3.details.classifications.0,0.releases.196,0.releases.196.parties.3,0,WLB,WLB,Woman-Lead Business
0.releases.198.parties.1.details.classifications.0,0.releases.198,0.releases.198.parties.1,0,WLB,WLB,Woman-Lead Business
0.releases.199.parties.8.details.classifications.0,0.releases.199,0.releases.199.parties.8,0,WLB,WLB,Woman-Lead Business
0.releases.199.parties.10.details.classifications.0,0.releases.199,0.releases.199.parties.10,0,WLB,WLB,Woman-Lead Business
0.releases.201.parties.3.details.classifications.0,0.releases.201,0.releases.201.parties.3,0,WLB,WLB,Woman-Lead Business
0.releases.204.parties.3.details.classifications.0,0.releases.204,0.releases.204.parties.3,0,WLB,WLB,Woman-Lead Business
0.releases.204.parties.4.details.classifications.0,0.releases.204,0.releases.204.parties.4,0,WLB,WLB,Woman-Lead Business
0.releases.204.parties.5.details.classifications.0,0.releases.204,0.releases.204.parties.5,0,WLB,WLB,Woman-Lead Business
0.releases.205.parties.7.details.classifications.0,0.releases.205,0.releases.205.parties.7,0,WLB,WLB,Woman-Lead Business
0.releases.205.parties.17.details.classifications.0,0.releases.205,0.releases.205.parties.17,0,WLB,WLB,Woman-Lead Business
0.releases.205.parties.19.details.classifications.0,0.releases.205,0.releases.205.parties.19,0,WLB,WLB,Woman-Lead Business
0.releases.205.parties.20.details.classifications.0,0.releases.205,0.releases.205.parties.20,0,WLB,WLB,Woman-Lead Business
0.releases.205.parties.23.details.classifications.0,0.releases.205,0.releases.205.parties.23,0,WLB,WLB,Woman-Lead Business
0.releases.206.parties.5.details.classifications.0,0.releases.206,0.releases.206.parties.5,0,WLB,WLB,Woman-Lead Business
0.releases.206.parties.6.details.classifications.0,0.releases.206,0.releases.206.parties.6,0,WLB,WLB,Woman-Lead Business
0.releases.206.parties.8.details.classifications.0,0.releases.206,0.releases.206.parties.8,0,WLB,WLB,Woman-Lead Business
0.releases.206.parties.10.details.classifications.0,0.releases.206,0.releases.206.parties.10,0,WLB,WLB,Woman-Lead Business
0.releases.207.parties.4.details.classifications.0,0.releases.207,0.releases.207.parties.4,0,WLB,WLB,Woman-Lead Business
0.releases.207.parties.6.details.classifications.0,0.releases.207,0.releases.207.parties.6,0,WLB,WLB,Woman-Lead Business
0.releases.207.parties.7.details.classifications.0,0.releases.207,0.releases.207.parties.7,0,WLB,WLB,Woman-Lead Business
0.releases.208.parties.4.details.classifications.0,0.releases.208,0.releases.208.parties.4,0,WLB,WLB,Woman-Lead Business
0.releases.208.parties.5.details.classifications.0,0.releases.208,0.releases.208.parties.5,0,WLB,WLB,Woman-Lead Business
0.releases.209.parties.4.details.classifications.0,0.releases.209,0.releases.209.parties.4,0,WLB,WLB,Woman-Lead Business
0.releases.209.parties.6.details.classifications.0,0.releases.209,0.releases.209.parties.6,0,WLB,WLB,Woman-Lead Business
0.releases.209.parties.7.details.classifications.0,0.releases.209,0.releases.209.parties.7,0,WLB,WLB,Woman-Lead Business
0.releases.210.parties.2.details.classifications.0,0.releases.210,0.releases.210.parties.2,0,WLB,WLB,Woman-Lead Business
0.releases.210.parties.5.details.classifications.0,0.releases.210,0.releases.210.parties.5,0,WLB,WLB,Woman-Lead Business
0.releases.210.parties.6.details.classifications.0,0.releases.210,0.releases.210.parties.6,0,WLB,WLB,Woman-Lead Business
0.releases.211.parties.3.details.classifications.0,0.releases.211,0.releases.211.parties.3,0,WLB,WLB,Woman-Lead Business
0.releases.214.parties.6.details.classifications.0,0.releases.214,0.releases.214.parties.6,0,WLB,WLB,Woman-Lead Business
0.releases.217.parties.1.details.classifications.0,0.releases.217,0.releases.217.parties.1,0,WLB,WLB,Woman-Lead Business
0.releases.219.parties.7.details.classifications.0,0.releases.219,0.releases.219.parties.7,0,WLB,WLB,Woman-Lead Business
0.releases.219.parties.17.details.classifications.0,0.releases.219,0.releases.219.parties.17,0,WLB,WLB,Woman-Lead Business
0.releases.219.parties.19.details.classifications.0,0.releases.219,0.releases.219.parties.19,0,WLB,WLB,Woman-Lead Business
0.releases.219.parties.20.details.classifications.0,0.releases.219,0.releases.219.parties.20,0,WLB,WLB,Woman-Lead Business
0.releases.219.parties.23.details.classifications.0,0.releases.219,0.releases.219.parties.23,0,WLB,WLB,Woman-Lead Business
0.releases.223.parties.2.details.classifications.0,0.releases.223,0.releases.223.parties.2,0,WLB,WLB,Woman-Lead Business
0.releases.223.parties.4.details.classifications.0,0.releases.223,0.releases.223.parties.4,0,WLB,WLB,Woman-Lead Business
0.releases.226.parties.4.details.classifications.0,0.releases.226,0.releases.226.parties.4,0,WLB,WLB,Woman-Lead Business
0.releases.226.parties.5.details.classifications.0,0.releases.226,0.releases.226.parties.5,0,WLB,WLB,Woman-Lead Business
0.releases.226.parties.9.details.classifications.0,0.releases.226,0.releases.226.parties.9,0,WLB,WLB,Woman-Lead Business
0.releases.227.parties.4.details.classifications.0,0.releases.227,0.releases.227.parties.4,0,WLB,WLB,Woman-Lead Business
0.releases.227.parties.5.details.classifications.0,0.releases.227,0.releases.227.parties.5,0,WLB,WLB,Woman-Lead Business
0.releases.227.parties.9.details.classifications.0,0.releases.227,0.releases.227.parties.9,0,WLB,WLB,Woman-Lead Business
0.releases.228.parties.2.details.classifications.0,0.releases.228,0.releases.228.parties.2,0,WLB,WLB,Woman-Lead Business
0.releases.229.parties.2.details.classifications.0,0.releases.229,0.releases.229.parties.2,0,WLB,WLB,Woman-Lead Business
0.releases.230.parties.2.details.classifications.0,0.releases.230,0.releases.230.parties.2,0,WLB,WLB,Woman-Lead Business
0.releases.231.parties.2.details.classifications.0,0.releases.231,0.releases.231.parties.2,0,WLB,WLB,Woman-Lead Business
0.releases.233.parties.2.details.classifications.0,0.releases.233,0.releases.233.parties.2,0,WLB,WLB,Woman-Lead Business
0.releases.234.parties.6.details.classifications.0,0.releases.234,0.releases.234.parties.6,0,WLB,WLB,Woman-Lead Business
0.releases.234.parties.9.details.classifications.0,0.releases.234,0.releases.234.parties.9,0,WLB,WLB,Woman-Lead Business
0.releases.234.parties.11.details.classifications.0,0.releases.234,0.releases.234.parties.11,0,WLB,WLB,Woman-Lead Business
0.releases.234.parties.13.details.classifications.0,0.releases.234,0.releases.234.parties.13,0,WLB,WLB,Woman-Lead Business
0.releases.235.parties.4.details.classifications.0,0.releases.235,0.releases.235.parties.4,0,WLB,WLB,Woman-Lead Business
0.releases.236.parties.4.details.classifications.0,0.releases.236,0.releases.236.parties.4,0,WLB,WLB,Woman-Lead Business
0.releases.237.parties.4.details.classifications.0,0.releases.237,0.releases.237.parties.4,0,WLB,WLB,Woman-Lead Business
0.releases.238.parties.4.details.classifications.0,0.releases.238,0.releases.238.parties.4,0,WLB,WLB,Woman-Lead Business
0.releases.239.parties.4.details.classifications.0,0.releases.239,0.releases.239.parties.4,0,WLB,WLB,Woman-Lead Business
0.releases.240.parties.7.details.classifications.0,0.releases.240,0.releases.240.parties.7,0,WLB,WLB,Woman-Lead Business
0.releases.240.parties.17.details.classifications.0,0.releases.240,0.releases.240.parties.17,0,WLB,WLB,Woman-Lead Business
0.releases.240.parties.19.details.classifications.0,0.releases.240,0.releases.240.parties.19,0,WLB,WLB,Woman-Lead Business
0.releases.240.parties.20.details.classifications.0,0.releases.240,0.releases.240.parties.20,0,WLB,WLB,Woman-Lead Business
0.releases.240.parties.23.details.classifications.0,0.releases.240,0.releases.240.parties.23,0,WLB,WLB,Woman-Lead Business
0.releases.241.parties.2.details.classifications.0,0.releases.241,0.releases.241.parties.2,0,WLB,WLB,Woman-Lead Business
0.releases.241.parties.4.details.classifications.0,0.releases.241,0.releases.241.parties.4,0,WLB,WLB,Woman-Lead Business
0.releases.241.parties.5.details.classifications.0,0.releases.241,0.releases.241.parties.5,0,WLB,WLB,Woman-Lead Business
0.releases.241.parties.6.details.classifications.0,0.releases.241,0.releases.241.parties.6,0,WLB,WLB,Woman-Lead Business
0.releases.241.parties.8.details.classifications.0,0.releases.241,0.releases.241.parties.8,0,WLB,WLB,Woman-Lead Business
0.releases.243.parties.4.details.classifications.0,0.releases.243,0.releases.243.parties.4,0,WLB,WLB,Woman-Lead Business
0.releases.243.parties.5.details.classifications.0,0.releases.243,0.releases.243.parties.5,0,WLB,WLB,Woman-Lead Business
0.releases.244.parties.3.details.classifications.0,0.releases.244,0.releases.244.parties.3,0,WLB,WLB,Woman-Lead Business
0.releases.244.parties.4.details.classifications.0,0.releases.244,0.releases.244.parties.4,0,WLB,WLB,Woman-Lead Business
0.releases.248.parties.5.details.classifications.0,0.releases.248,0.releases.248.parties.5,0,WLB,WLB,Woman-Lead Business
0.releases.248.parties.6.details.classifications.0,0.releases.248,0.releases.248.parties.6,0,WLB,WLB,Woman-Lead Business
0.releases.248.parties.10.details.classifications.0,0.releases.248,0.releases.248.parties.10,0,WLB,WLB,Woman-Lead Business
0.releases.248.parties.11.details.classifications.0,0.releases.248,0.releases.248.parties.11,0,WLB,WLB,Woman-Lead Business
0.releases.249.parties.7.details.classifications.0,0.releases.249,0.releases.249.parties.7,0,WLB,WLB,Woman-Lead Business
0.releases.249.parties.17.details.classifications.0,0.releases.249,0.releases.249.parties.17,0,WLB,WLB,Woman-Lead Business
0.releases.249.parties.19.details.classifications.0,0.releases.249,0.releases.249.parties.19,0,WLB,WLB,Woman-Lead Business
0.releases.249.parties.20.details.classifications.0,0.releases.249,0.releases.249.parties.20,0,WLB,WLB,Woman-Lead Business
0.releases.249.parties.23.details.classifications.0,0.releases.249,0.releases.249.parties.23,0,WLB,WLB,Woman-Lead Business
0.releases.250.parties.3.details.classifications.0,0.releases.250,0.releases.250.parties.3,0,WLB,WLB,Woman-Lead Business
0.releases.250.parties.4.details.classifications.0,0.releases.250,0.releases.250.parties.4,0,WLB,WLB,Woman-Lead Business
0.releases.254.parties.1.details.classifications.0,0.releases.254,0.releases.254.parties.1,0,WLB,WLB,Woman-Lead Business
0.releases.256.parties.3.details.classifications.0,0.releases.256,0.releases.256.parties.3,0,WLB,WLB,Woman-Lead Business
0.releases.257.parties.1.details.classifications.0,0.releases.257,0.releases.257.parties.1,0,WLB,WLB,Woman-Lead Business
0.releases.257.parties.2.details.classifications.0,0.releases.257,0.releases.257.parties.2,0,WLB,WLB,Woman-Lead Business
0.releases.257.parties.8.details.classifications.0,0.releases.257,0.releases.257.parties.8,0,WLB,WLB,Woman-Lead Business
0.releases.257.parties.9.details.classifications.0,0.releases.257,0.releases.257.parties.9,0,WLB,WLB,Woman-Lead Business
0.releases.257.parties.10.details.classifications.0,0.releases.257,0.releases.257.parties.10,0,WLB,WLB,Woman-Lead Business
0.releases.257.parties.11.details.classifications.0,0.releases.257,0.releases.257.parties.11,0,WLB,WLB,Woman-Lead Business
0.releases.257.parties.12.details.classifications.0,0.releases.257,0.releases.257.parties.12,0,WLB,WLB,Woman-Lead Business
0.releases.262.parties.1.details.classifications.0,0.releases.262,0.releases.262.parties.1,0,WLB,WLB,Woman-Lead Business
0.releases.262.parties.2.details.classifications.0,0.releases.262,0.releases.262.parties.2,0,WLB,WLB,Woman-Lead Business
0.releases.262.parties.8.details.classifications.0,0.releases.262,0.releases.262.parties.8,0,WLB,WLB,Woman-Lead Business
0.releases.262.parties.9.details.classifications.0,0.releases.262,0.releases.262.parties.9,0,WLB,WLB,Woman-Lead Business
0.releases.262.parties.10.details.classifications.0,0.releases.262,0.releases.262.parties.10,0,WLB,WLB,Woman-Lead Business
0.releases.262.parties.11.details.classifications.0,0.releases.262,0.releases.262.parties.11,0,WLB,WLB,Woman-Lead Business
0.releases.262.parties.12.details.classifications.0,0.releases.262,0.releases.262.parties.12,0,WLB,WLB,Woman-Lead Business
0.releases.263.parties.1.details.classifications.0,0.releases.263,0.releases.263.parties.1,0,WLB,WLB,Woman-Lead Business
0.releases.264.parties.1.details.classifications.0,0.releases.264,0.releases.264.parties.1,0,WLB,WLB,Woman-Lead Business
0.releases.264.parties.2.details.classifications.0,0.releases.264,0.releases.264.parties.2,0,WLB,WLB,Woman-Lead Business
0.releases.264.parties.8.details.classifications.0,0.releases.264,0.releases.264.parties.8,0,WLB,WLB,Woman-Lead Business
0.releases.264.parties.9.details.classifications.0,0.releases.264,0.releases.264.parties.9,0,WLB,WLB,Woman-Lead Business
0.releases.264.parties.10.details.classifications.0,0.releases.264,0.releases.264.parties.10,0,WLB,WLB,Woman-Lead Business
0.releases.264.parties.11.details.classifications.0,0.releases.264,0.releases.264.parties.11,0,WLB,WLB,Woman-Lead Business
0.releases.264.parties.12.details.classifications.0,0.releases.264,0.releases.264.parties.12,0,WLB,WLB,Woman-Lead Business
0.releases.266.parties.7.details.classifications.0,0.releases.266,0.releases.266.parties.7,0,WLB,WLB,Woman-Lead Business
0.releases.266.parties.17.details.classifications.0,0.releases.266,0.releases.266.parties.17,0,WLB,WLB,Woman-Lead Business
0.releases.266.parties.19.details.classifications.0,0.releases.266,0.releases.266.parties.19,0,WLB,WLB,Woman-Lead Business
0.releases.266.parties.20.details.classifications.0,0.releases.266,0.releases.266.parties.20,0,WLB,WLB,Woman-Lead Business
0.releases.266.parties.23.details.classifications.0,0.releases.266,0.releases.266.parties.23,0,WLB,WLB,Woman-Lead Business
0.releases.267.parties.1.details.classifications.0,0.releases.267,0.releases.267.parties.1,0,WLB,WLB,Woman-Lead Business
0.releases.268.parties.3.details.classifications.0,0.releases.268,0.releases.268.parties.3,0,WLB,WLB,Woman-Lead Business
0.releases.268.parties.4.details.classifications.0,0.releases.268,0.releases.268.parties.4,0,WLB,WLB,Woman-Lead Business
0.releases.271.parties.3.details.classifications.0,0.releases.271,0.releases.271.parties.3,0,WLB,WLB,Woman-Lead Business
0.releases.271.parties.6.details.classifications.0,0.releases.271,0.releases.271.parties.6,0,WLB,WLB,Woman-Lead Business
0.releases.272.parties.1.details.classifications.0,0.releases.272,0.releases.272.parties.1,0,WLB,WLB,Woman-Lead Business
0.releases.273.parties.8.details.classifications.0,0.releases.273,0.releases.273.parties.8,0,WLB,WLB,Woman-Lead Business
0.releases.274.parties.3.details.classifications.0,0.releases.274,0.releases.274.parties.3,0,WLB,WLB,Woman-Lead Business
0.releases.274.parties.6.details.classifications.0,0.releases.274,0.releases.274.parties.6,0,WLB,WLB,Woman-Lead Business
0.releases.275.parties.3.details.classifications.0,0.releases.275,0.releases.275.parties.3,0,WLB,WLB,Woman-Lead Business
0.releases.276.parties.3.details.classifications.0,0.releases.276,0.releases.276.parties.3,0,WLB,WLB,Woman-Lead Business
0.releases.277.parties.2.details.classifications.0,0.releases.277,0.releases.277.parties.2,0,WLB,WLB,Woman-Lead Business
0.releases.278.parties.3.details.classifications.0,0.releases.278,0.releases.278.parties.3,0,WLB,WLB,Woman-Lead Business
0.releases.279.parties.7.details.classifications.0,0.releases.279,0.releases.279.parties.7,0,WLB,WLB,Woman-Lead Business
0.releases.279.parties.17.details.classifications.0,0.releases.279,0.releases.279.parties.17,0,WLB,WLB,Woman-Lead Business
0.releases.279.parties.19.details.classifications.0,0.releases.279,0.releases.279.parties.19,0,WLB,WLB,Woman-Lead Business
0.releases.279.parties.20.details.classifications.0,0.releases.279,0.releases.279.parties.20,0,WLB,WLB,Woman-Lead Business
0.releases.279.parties.23.details.classifications.0,0.releases.279,0.releases.279.parties.23,0,WLB,WLB,Woman-Lead Business
0.releases.289.parties.1.details.classifications.0,0.releases.289,0.releases.289.parties.1,0,WLB,WLB,Woman-Lead Business
0.releases.290.parties.7.details.classifications.0,0.releases.290,0.releases.290.parties.7,0,WLB,WLB,Woman-Lead Business
0.releases.290.parties.17.details.classifications.0,0.releases.290,0.releases.290.parties.17,0,WLB,WLB,Woman-Lead Business
0.releases.290.parties.19.details.classifications.0,0.releases.290,0.releases.290.parties.19,0,WLB,WLB,Woman-Lead Business
0.releases.290.parties.20.details.classifications.0,0.releases.290,0.releases.290.parties.20,0,WLB,WLB,Woman-Lead Business
0.releases.290.parties.23.details.classifications.0,0.releases.290,0.releases.290.parties.23,0,WLB,WLB,Woman-Lead Business
0.releases.292.parties.5.details.classifications.0,0.releases.292,0.releases.292.parties.5,0,WLB,WLB,Woman-Lead Business
0.releases.292.parties.6.details.classifications.0,0.releases.292,0.releases.292.parties.6,0,WLB,WLB,Woman-Lead Business
0.releases.292.parties.8.details.classifications.0,0.releases.292,0.releases.292.parties.8,0,WLB,WLB,Woman-Lead Business
0.releases.292.parties.10.details.classifications.0,0.releases.292,0.releases.292.parties.10,0,WLB,WLB,Woman-Lead Business
0.releases.300.parties.7.details.classifications.0,0.releases.300,0.releases.300.parties.7,0,WLB,WLB,Woman-Lead Business
0.releases.300.parties.17.details.classifications.0,0.releases.300,0.releases.300.parties.17,0,WLB,WLB,Woman-Lead Business
0.releases.300.parties.19.details.classifications.0,0.releases.300,0.releases.300.parties.19,0,WLB,WLB,Woman-Lead Business
0.releases.300.parties.20.details.classifications.0,0.releases.300,0.releases.300.parties.20,0,WLB,WLB,Woman-Lead Business
0.releases.300.parties.23.details.classifications.0,0.releases.300,0.releases.300.parties.23,0,WLB,WLB,Woman-Lead Business
0.releases.301.parties.3.details.classifications.0,0.releases.301,0.releases.301.parties.3,0,WLB,WLB,Woman-Lead Business
0.releases.301.parties.4.details.classifications.0,0.releases.301,0.releases.301.parties.4,0,WLB,WLB,Woman-Lead Business
0.releases.301.parties.5.details.classifications.0,0.releases.301,0.releases.301.parties.5,0,WLB,WLB,Woman-Lead Business
0.releases.302.parties.2.details.classifications.0,0.releases.302,0.releases.302.parties.2,0,WLB,WLB,Woman-Lead Business
0.releases.302.parties.3.details.classifications.0,0.releases.302,0.releases.302.parties.3,0,WLB,WLB,Woman-Lead Business
0.releases.302.parties.6.details.classifications.0,0.releases.302,0.releases.302.parties.6,0,WLB,WLB,Woman-Lead Business
0.releases.302.parties.9.details.classifications.0,0.releases.302,0.releases.302.parties.9,0,WLB,WLB,Woman-Lead Business
0.releases.302.parties.10.details.classifications.0,0.releases.302,0.releases.302.parties.10,0,WLB,WLB,Woman-Lead Business
0.releases.302.parties.12.details.classifications.0,0.releases.302,0.releases.302.parties.12,0,WLB,WLB,Woman-Lead Business
0.releases.302.parties.15.details.classifications.0,0.releases.302,0.releases.302.parties.15,0,WLB,WLB,Woman-Lead Business
0.releases.302.parties.16.details.classifications.0,0.releases.302,0.releases.302.parties.16,0,WLB,WLB,Woman-Lead Business
0.releases.306.parties.1.details.classifications.0,0.releases.306,0.releases.306.parties.1,0,WLB,WLB,Woman-Lead Business
0.releases.306.parties.8.details.classifications.0,0.releases.306,0.releases.306.parties.8,0,WLB,WLB,Woman-Lead Business
0.releases.306.parties.18.details.classifications.0,0.releases.306,0.releases.306.parties.18,0,WLB,WLB,Woman-Lead Business
0.releases.306.parties.19.details.classifications.0,0.releases.306,0.releases.306.parties.19,0,WLB,WLB,Woman-Lead Business
0.releases.306.parties.20.details.classifications.0,0.releases.306,0.releases.306.parties.20,0,WLB,WLB,Woman-Lead Business
0.releases.306.parties.23.details.classifications.0,0.releases.306,0.releases.306.parties.23,0,WLB,WLB,Woman-Lead Business
0.releases.307.parties.1.details.classifications.0,0.releases.307,0.releases.307.parties.1,0,WLB,WLB,Woman-Lead Business
0.releases.307.parties.8.details.classifications.0,0.releases.307,0.releases.307.parties.8,0,WLB,WLB,Woman-Lead Business
0.releases.307.parties.18.details.classifications.0,0.releases.307,0.releases.307.parties.18,0,WLB,WLB,Woman-Lead Business
0.releases.307.parties.19.details.classifications.0,0.releases.307,0.releases.307.parties.19,0,WLB,WLB,Woman-Lead Business
0.releases.307.parties.20.details.classifications.0,0.releases.307,0.releases.307.parties.20,0,WLB,WLB,Woman-Lead Business
0.releases.307.parties.23.details.classifications.0,0.releases.307,0.releases.307.parties.23,0,WLB,WLB,Woman-Lead Business
0.releases.308.parties.2.details.classifications.0,0.releases.308,0.releases.308.parties.2,0,WLB,WLB,Woman-Lead Business
0.releases.314.parties.5.details.classifications.0,0.releases.314,0.releases.314.parties.5,0,WLB,WLB,Woman-Lead Business
0.releases.314.parties.8.details.classifications.0,0.releases.314,0.releases.314.parties.8,0,WLB,WLB,Woman-Lead Business
0.releases.315.parties.1.details.classifications.0,0.releases.315,0.releases.315.parties.1,0,WLB,WLB,Woman-Lead Business
0.releases.322.parties.3.details.classifications.0,0.releases.322,0.releases.322.parties.3,0,WLB,WLB,Woman-Lead Business
0.releases.322.parties.8.details.classifications.0,0.releases.322,0.releases.322.parties.8,0,WLB,WLB,Woman-Lead Business
0.releases.325.parties.3.details.classifications.0,0.releases.325,0.releases.325.parties.3,0,WLB,WLB,Woman-Lead Business
0.releases.325.parties.8.details.classifications.0,0.releases.325,0.releases.325.parties.8,0,WLB,WLB,Woman-Lead Business
0.releases.326.parties.3.details.classifications.0,0.releases.326,0.releases.326.parties.3,0,WLB,WLB,Woman-Lead Business
0.releases.326.parties.8.details.classifications.0,0.releases.326,0.releases.326.parties.8,0,WLB,WLB,Woman-Lead Business
0.releases.327.parties.2.details.classifications.0,0.releases.327,0.releases.327.parties.2,0,WLB,WLB,Woman-Lead Business
0.releases.327.parties.3.details.classifications.0,0.releases.327,0.releases.327.parties.3,0,WLB,WLB,Woman-Lead Business
0.releases.327.parties.6.details.classifications.0,0.releases.327,0.releases.327.parties.6,0,WLB,WLB,Woman-Lead Business
0.releases.327.parties.9.details.classifications.0,0.releases.327,0.releases.327.parties.9,0,WLB,WLB,Woman-Lead Business
0.releases.327.parties.10.details.classifications.0,0.releases.327,0.releases.327.parties.10,0,WLB,WLB,Woman-Lead Business
0.releases.327.parties.12.details.classifications.0,0.releases.327,0.releases.327.parties.12,0,WLB,WLB,Woman-Lead Business
0.releases.327.parties.15.details.classifications.0,0.releases.327,0.releases.327.parties.15,0,WLB,WLB,Woman-Lead Business
0.releases.327.parties.16.details.classifications.0,0.releases.327,0.releases.327.parties.16,0,WLB,WLB,Woman-Lead Business
0.releases.332.parties.2.details.classifications.0,0.releases.332,0.releases.332.parties.2,0,WLB,WLB,Woman-Lead Business
0.releases.337.parties.4.details.classifications.0,0.releases.337,0.releases.337.parties.4,0,WLB,WLB,Woman-Lead Business
0.releases.337.parties.5.details.classifications.0,0.releases.337,0.releases.337.parties.5,0,WLB,WLB,Woman-Lead Business
0.releases.337.parties.7.details.classifications.0,0.releases.337,0.releases.337.parties.7,0,WLB,WLB,Woman-Lead Business
0.releases.340.parties.3.details.classifications.0,0.releases.340,0.releases.340.parties.3,0,WLB,WLB,Woman-Lead Business
0.releases.341.parties.3.details.classifications.0,0.releases.341,0.releases.341.parties.3,0,WLB,WLB,Woman-Lead Business
0.releases.342.parties.3.details.classifications.0,0.releases.342,0.releases.342.parties.3,0,WLB,WLB,Woman-Lead Business
0.releases.343.parties.2.details.classifications.0,0.releases.343,0.releases.343.parties.2,0,WLB,WLB,Woman-Lead Business
0.releases.343.parties.8.details.classifications.0,0.releases.343,0.releases.343.parties.8,0,WLB,WLB,Woman-Lead Business
0.releases.343.parties.10.details.classifications.0,0.releases.343,0.releases.343.parties.10,0,WLB,WLB,Woman-Lead Business
0.releases.343.parties.11.details.classifications.0,0.releases.343,0.releases.343.parties.11,0,WLB,WLB,Woman-Lead Business
0.releases.343.parties.12.details.classifications.0,0.releases.343,0.releases.343.parties.12,0,WLB,WLB,Woman-Lead Business
0.releases.343.parties.14.details.classifications.0,0.releases.343,0.releases.343.parties.14,0,WLB,WLB,Woman-Lead Business
0.releases.344.parties.1.details.classifications.0,0.releases.344,0.releases.344.parties.1,0,WLB,WLB,Woman-Lead Business
0.releases.345.parties.1.details.classifications.0,0.releases.345,0.releases.345.parties.1,0,WLB,WLB,Woman-Lead Business
0.releases.345.parties.3.details.classifications.0,0.releases.345,0.releases.345.parties.3,0,WLB,WLB,Woman-Lead Business
0.releases.347.parties.2.details.classifications.0,0.releases.347,0.releases.347.parties.2,0,WLB,WLB,Woman-Lead Business
0.releases.347.parties.8.details.classifications.0,0.releases.347,0.releases.347.parties.8,0,WLB,WLB,Woman-Lead Business
0.releases.347.parties.10.details.classifications.0,0.releases.347,0.releases.347.parties.10,0,WLB,WLB,Woman-Lead Business
0.releases.347.parties.11.details.classifications.0,0.releases.347,0.releases.347.parties.11,0,WLB,WLB,Woman-Lead Business
0.releases.347.parties.12.details.classifications.0,0.releases.347,0.releases.347.parties.12,0,WLB,WLB,Woman-Lead Business
0.releases.347.parties.14.details.classifications.0,0.releases.347,0.releases.347.parties.14,0,WLB,WLB,Woman-Lead Business
0.releases.348.parties.4.details.classifications.0,0.releases.348,0.releases.348.parties.4,0,WLB,WLB,Woman-Lead Business
0.releases.348.parties.6.details.classifications.0,0.releases.348,0.releases.348.parties.6,0,WLB,WLB,Woman-Lead Business
0.releases.348.parties.10.details.classifications.0,0.releases.348,0.releases.348.parties.10,0,WLB,WLB,Woman-Lead Business
0.releases.353.parties.3.details.classifications.0,0.releases.353,0.releases.353.parties.3,0,WLB,WLB,Woman-Lead Business
0.releases.353.parties.5.details.classifications.0,0.releases.353,0.releases.353.parties.5,0,WLB,WLB,Woman-Lead Business
0.releases.355.parties.2.details.classifications.0,0.releases.355,0.releases.355.parties.2,0,WLB,WLB,Woman-Lead Business
0.releases.355.parties.5.details.classifications.0,0.releases.355,0.releases.355.parties.5,0,WLB,WLB,Woman-Lead Business
0.releases.357.parties.6.details.classifications.0,0.releases.357,0.releases.357.parties.6,0,WLB,WLB,Woman-Lead Business
0.releases.358.parties.3.details.classifications.0,0.releases.358,0.releases.358.parties.3,0,WLB,WLB,Woman-Lead Business
0.releases.359.parties.3.details.classifications.0,0.releases.359,0.releases.359.parties.3,0,WLB,WLB,Woman-Lead Business
0.releases.360.parties.3.details.classifications.0,0.releases.360,0.releases.360.parties.3,0,WLB,WLB,Woman-Lead Business
0.releases.361.parties.3.details.classifications.0,0.releases.361,0.releases.361.parties.3,0,WLB,WLB,Woman-Lead Business
0.releases.365.parties.2.details.classifications.0,0.releases.365,0.releases.365.parties.2,0,WLB,WLB,Woman-Lead Business
0.releases.365.parties.3.details.classifications.0,0.releases.365,0.releases.365.parties.3,0,WLB,WLB,Woman-Lead Business
0.releases.367.parties.2.details.classifications.0,0.releases.367,0.releases.367.parties.2,0,WLB,WLB,Woman-Lead Business
0.releases.367.parties.4.details.classifications.0,0.releases.367,0.releases.367.parties.4,0,WLB,WLB,Woman-Lead Business
0.releases.367.parties.7.details.classifications.0,0.releases.367,0.releases.367.parties.7,0,WLB,WLB,Woman-Lead Business
0.releases.367.parties.10.details.classifications.0,0.releases.367,0.releases.367.parties.10,0,WLB,WLB,Woman-Lead Business
0.releases.367.parties.12.details.classifications.0,0.releases.367,0.releases.367.parties.12,0,WLB,WLB,Woman-Lead Business
0.releases.368.parties.3.details.classifications.0,0.releases.368,0.releases.368.parties.3,0,WLB,WLB,Woman-Lead Business
0.releases.368.parties.12.details.classifications.0,0.releases.368,0.releases.368.parties.12,0,WLB,WLB,Woman-Lead Business
0.releases.369.parties.3.details.classifications.0,0.releases.369,0.releases.369.parties.3,0,WLB,WLB,Woman-Lead Business
0.releases.369.parties.12.details.classifications.0,0.releases.369,0.releases.369.parties.12,0,WLB,WLB,Woman-Lead Business
0.releases.370.parties.5.details.classifications.0,0.releases.370,0.releases.370.parties.5,0,WLB,WLB,Woman-Lead Business
0.releases.370.parties.10.details.classifications.0,0.releases.370,0.releases.370.parties.10,0,WLB,WLB,Woman-Lead Business
0.releases.371.parties.4.details.classifications.0,0.releases.371,0.releases.371.parties.4,0,WLB,WLB,Woman-Lead Business
0.releases.371.parties.5.details.classifications.0,0.releases.371,0.releases.371.parties.5,0,WLB,WLB,Woman-Lead Business
0.releases.371.parties.6.details.classifications.0,0.releases.371,0.releases.371.parties.6,0,WLB,WLB,Woman-Lead Business
0.releases.371.parties.8.details.classifications.0,0.releases.371,0.releases.371.parties.8,0,WLB,WLB,Woman-Lead Business
0.releases.372.parties.7.details.classifications.0,0.releases.372,0.releases.372.parties.7,0,WLB,WLB,Woman-Lead Business
0.releases.372.parties.17.details.classifications.0,0.releases.372,0.releases.372.parties.17,0,WLB,WLB,Woman-Lead Business
0.releases.372.parties.19.details.classifications.0,0.releases.372,0.releases.372.parties.19,0,WLB,WLB,Woman-Lead Business
0.releases.372.parties.20.details.classifications.0,0.releases.372,0.releases.372.parties.20,0,WLB,WLB,Woman-Lead Business
0.releases.372.parties.23.details.classifications.0,0.releases.372,0.releases.372.parties.23,0,WLB,WLB,Woman-Lead Business
0.releases.374.parties.1.details.classifications.0,0.releases.374,0.releases.374.parties.1,0,WLB,WLB,Woman-Lead Business
0.releases.374.parties.2.details.classifications.0,0.releases.374,0.releases.374.parties.2,0,WLB,WLB,Woman-Lead Business
0.releases.376.parties.2.details.classifications.0,0.releases.376,0.releases.376.parties.2,0,WLB,WLB,Woman-Lead Business
0.releases.379.parties.4.details.classifications.0,0.releases.379,0.releases.379.parties.4,0,WLB,WLB,Woman-Lead Business
0.releases.383.parties.3.details.classifications.0,0.releases.383,0.releases.383.parties.3,0,WLB,WLB,Woman-Lead Business
0.releases.387.parties.3.details.classifications.0,0.releases.387,0.releases.387.parties.3,0,WLB,WLB,Woman-Lead Business
0.releases.387.parties.12.details.classifications.0,0.releases.387,0.releases.387.parties.12,0,WLB,WLB,Woman-Lead Business
0.releases.389.parties.1.details.classifications.0,0.releases.389,0.releases.389.parties.1,0,WLB,WLB,Woman-Lead Business
0.releases.390.parties.1.details.classifications.0,0.releases.390,0.releases.390.parties.1,0,WLB,WLB,Woman-Lead Business
0.releases.390.parties.2.details.classifications.0,0.releases.390,0.releases.390.parties.2,0,WLB,WLB,Woman-Lead Business
0.releases.395.parties.4.details.classifications.0,0.releases.395,0.releases.395.parties.4,0,WLB,WLB,Woman-Lead Business
0.releases.396.parties.4.details.classifications.0,0.releases.396,0.releases.396.parties.4,0,WLB,WLB,Woman-Lead Business
0.releases.396.parties.8.details.classifications.0,0.releases.396,0.releases.396.parties.8,0,WLB,WLB,Woman-Lead Business
0.releases.399.parties.3.details.classifications.0,0.releases.399,0.releases.399.parties.3,0,WLB,WLB,Woman-Lead Business
0.releases.399.parties.12.details.classifications.0,0.releases.399,0.releases.399.parties.12,0,WLB,WLB,Woman-Lead Business
0.releases.403.parties.3.details.classifications.0,0.releases.403,0.releases.403.parties.3,0,WLB,WLB,Woman-Lead Business
0.releases.403.parties.12.details.classifications.0,0.releases.403,0.releases.403.parties.12,0,WLB,WLB,Woman-Lead Business
0.releases.404.parties.3.details.classifications.0,0.releases.404,0.releases.404.parties.3,0,WLB,WLB,Woman-Lead Business
0.releases.404.parties.12.details.classifications.0,0.releases.404,0.releases.404.parties.12,0,WLB,WLB,Woman-Lead Business
0.releases.407.parties.1.details.classifications.0,0.releases.407,0.releases.407.parties.1,0,WLB,WLB,Woman-Lead Business
0.releases.416.parties.4.details.classifications.0,0.releases.416,0.releases.416.parties.4,0,WLB,WLB,Woman-Lead Business
0.releases.416.parties.5.details.classifications.0,0.releases.416,0.releases.416.parties.5,0,WLB,WLB,Woman-Lead Business
0.releases.416.parties.9.details.classifications.0,0.releases.416,0.releases.416.parties.9,0,WLB,WLB,Woman-Lead Business
0.releases.417.parties.2.details.classifications.0,0.releases.417,0.releases.417.parties.2,0,WLB,WLB,Woman-Lead Business
0.releases.420.parties.3.details.classifications.0,0.releases.420,0.releases.420.parties.3,0,WLB,WLB,Woman-Lead Business
0.releases.420.parties.12.details.classifications.0,0.releases.420,0.releases.420.parties.12,0,WLB,WLB,Woman-Lead Business
0.releases.421.parties.3.details.classifications.0,0.releases.421,0.releases.421.parties.3,0,WLB,WLB,Woman-Lead Business
0.releases.421.parties.12.details.classifications.0,0.releases.421,0.releases.421.parties.12,0,WLB,WLB,Woman-Lead Business
0.releases.422.parties.2.details.classifications.0,0.releases.422,0.releases.422.parties.2,0,WLB,WLB,Woman-Lead Business
0.releases.422.parties.3.details.classifications.0,0.releases.422,0.releases.422.parties.3,0,WLB,WLB,Woman-Lead Business
0.releases.424.parties.3.details.classifications.0,0.releases.424,0.releases.424.parties.3,0,WLB,WLB,Woman-Lead Business
0.releases.424.parties.12.details.classifications.0,0.releases.424,0.releases.424.parties.12,0,WLB,WLB,Woman-Lead Business
0.releases.425.parties.3.details.classifications.0,0.releases.425,0.releases.425.parties.3,0,WLB,WLB,Woman-Lead Business
0.releases.425.parties.12.details.classifications.0,0.releases.425,0.releases.425.parties.12,0,WLB,WLB,Woman-Lead Business
0.releases.428.parties.1.details.classifications.0,0.releases.428,0.releases.428.parties.1,0,WLB,WLB,Woman-Lead Business
0.releases.428.parties.2.details.classifications.0,0.releases.428,0.releases.428.parties.2,0,WLB,WLB,Woman-Lead Business
0.releases.432.parties.3.details.classifications.0,0.releases.432,0.releases.432.parties.3,0,WLB,WLB,Woman-Lead Business
0.releases.433.parties.4.details.classifications.0,0.releases.433,0.releases.433.parties.4,0,WLB,WLB,Woman-Lead Business
0.releases.433.parties.6.details.classifications.0,0.releases.433,0.releases.433.parties.6,0,WLB,WLB,Woman-Lead Business
0.releases.433.parties.7.details.classifications.0,0.releases.433,0.releases.433.parties.7,0,WLB,WLB,Woman-Lead Business
0.releases.434.parties.1.details.classifications.0,0.releases.434,0.releases.434.parties.1,0,WLB,WLB,Woman-Lead Business
0.releases.436.parties.5.details.classifications.0,0.releases.436,0.releases.436.parties.5,0,WLB,WLB,Woman-Lead Business
0.releases.436.parties.8.details.classifications.0,0.releases.436,0.releases.436.parties.8,0,WLB,WLB,Woman-Lead Business
0.releases.437.parties.2.details.classifications.0,0.releases.437,0.releases.437.parties.2,0,WLB,WLB,Woman-Lead Business
0.releases.438.parties.1.details.classifications.0,0.releases.438,0.releases.438.parties.1,0,WLB,WLB,Woman-Lead Business
0.releases.438.parties.4.details.classifications.0,0.releases.438,0.releases.438.parties.4,0,WLB,WLB,Woman-Lead Business
0.releases.438.parties.5.details.classifications.0,0.releases.438,0.releases.438.parties.5,0,WLB,WLB,Woman-Lead Business
0.releases.442.parties.7.details.classifications.0,0.releases.442,0.releases.442.parties.7,0,WLB,WLB,Woman-Lead Business
0.releases.442.parties.17.details.classifications.0,0.releases.442,0.releases.442.parties.17,0,WLB,WLB,Woman-Lead Business
0.releases.442.parties.19.details.classifications.0,0.releases.442,0.releases.442.parties.19,0,WLB,WLB,Woman-Lead Business
0.releases.442.parties.20.details.classifications.0,0.releases.442,0.releases.442.parties.20,0,WLB,WLB,Woman-Lead Business
0.releases.442.parties.23.details.classifications.0,0.releases.442,0.releases.442.parties.23,0,WLB,WLB,Woman-Lead Business
0.releases.443.parties.2.details.classifications.0,0.releases.443,0.releases.443.parties.2,0,WLB,WLB,Woman-Lead Business
0.releases.443.parties.3.details.classifications.0,0.releases.443,0.releases.443.parties.3,0,WLB,WLB,Woman-Lead Business
0.releases.444.parties.1.details.classifications.0,0.releases.444,0.releases.444.parties.1,0,WLB,WLB,Woman-Lead Business
0.releases.444.parties.3.details.classifications.0,0.releases.444,0.releases.444.parties.3,0,WLB,WLB,Woman-Lead Business
0.releases.444.parties.5.details.classifications.0,0.releases.444,0.releases.444.parties.5,0,WLB,WLB,Woman-Lead Business
0.releases.446.parties.4.details.classifications.0,0.releases.446,0.releases.446.parties.4,0,WLB,WLB,Woman-Lead Business
0.releases.447.parties.1.details.classifications.0,0.releases.447,0.releases.447.parties.1,0,WLB,WLB,Woman-Lead Business
0.releases.454.parties.4.details.classifications.0,0.releases.454,0.releases.454.parties.4,0,WLB,WLB,Woman-Lead Business
0.releases.454.parties.5.details.classifications.0,0.releases.454,0.releases.454.parties.5,0,WLB,WLB,Woman-Lead Business
0.releases.454.parties.8.details.classifications.0,0.releases.454,0.releases.454.parties.8,0,WLB,WLB,Woman-Lead Business
0.releases.454.parties.9.details.classifications.0,0.releases.454,0.releases.454.parties.9,0,WLB,WLB,Woman-Lead Business
0.releases.454.parties.13.details.classifications.0,0.releases.454,0.releases.454.parties.13,0,WLB,WLB,Woman-Lead Business
0.releases.457.parties.1.details.classifications.0,0.releases.457,0.releases.457.parties.1,0,WLB,WLB,Woman-Lead Business
0.releases.465.parties.1.details.classifications.0,0.releases.465,0.releases.465.parties.1,0,WLB,WLB,Woman-Lead Business
0.releases.466.parties.2.details.classifications.0,0.releases.466,0.releases.466.parties.2,0,WLB,WLB,Woman-Lead Business
0.releases.467.parties.1.details.classifications.0,0.releases.467,0.releases.467.parties.1,0,WLB,WLB,Woman-Lead Business
0.releases.467.parties.2.details.classifications.0,0.releases.467,0.releases.467.parties.2,0,WLB,WLB,Woman-Lead Business
0.releases.467.parties.5.details.classifications.0,0.releases.467,0.releases.467.parties.5,0,WLB,WLB,Woman-Lead Business
0.releases.467.parties.6.details.classifications.0,0.releases.467,0.releases.467.parties.6,0,WLB,WLB,Woman-Lead Business
0.releases.467.parties.12.details.classifications.0,0.releases.467,0.releases.467.parties.12,0,WLB,WLB,Woman-Lead Business
0.releases.467.parties.16.details.classifications.0,0.releases.467,0.releases.467.parties.16,0,WLB,WLB,Woman-Lead Business
0.releases.470.parties.1.details.classifications.0,0.releases.470,0.releases.470.parties.1,0,WLB,WLB,Woman-Lead Business
0.releases.470.parties.4.details.classifications.0,0.releases.470,0.releases.470.parties.4,0,WLB,WLB,Woman-Lead Business
0.releases.471.parties.1.details.classifications.0,0.releases.471,0.releases.471.parties.1,0,WLB,WLB,Woman-Lead Business
0.releases.471.parties.2.details.classifications.0,0.releases.471,0.releases.471.parties.2,0,WLB,WLB,Woman-Lead Business
0.releases.471.parties.3.details.classifications.0,0.releases.471,0.releases.471.parties.3,0,WLB,WLB,Woman-Lead Business
0.releases.472.parties.1.details.classifications.0,0.releases.472,0.releases.472.parties.1,0,WLB,WLB,Woman-Lead Business
0.releases.472.parties.4.details.classifications.0,0.releases.472,0.releases.472.parties.4,0,WLB,WLB,Woman-Lead Business
0.releases.472.parties.5.details.classifications.0,0.releases.472,0.releases.472.parties.5,0,WLB,WLB,Woman-Lead Business
0.releases.473.parties.1.details.classifications.0,0.releases.473,0.releases.473.parties.1,0,WLB,WLB,Woman-Lead Business
0.releases.473.parties.8.details.classifications.0,0.releases.473,0.releases.473.parties.8,0,WLB,WLB,Woman-Lead Business
0.releases.473.parties.9.details.classifications.0,0.releases.473,0.releases.473.parties.9,0,WLB,WLB,Woman-Lead Business
0.releases.473.parties.13.details.classifications.0,0.releases.473,0.releases.473.parties.13,0,WLB,WLB,Woman-Lead Business
0.releases.474.parties.1.details.classifications.0,0.releases.474,0.releases.474.parties.1,0,WLB,WLB,Woman-Lead Business
0.releases.477.parties.6.details.classifications.0,0.releases.477,0.releases.477.parties.6,0,WLB,WLB,Woman-Lead Business
0.releases.477.parties.10.details.classifications.0,0.releases.477,0.releases.477.parties.10,0,WLB,WLB,Woman-Lead Business
0.releases.480.parties.1.details.classifications.0,0.releases.480,0.releases.480.parties.1,0,WLB,WLB,Woman-Lead Business
0.releases.480.parties.2.details.classifications.0,0.releases.480,0.releases.480.parties.2,0,WLB,WLB,Woman-Lead Business
0.releases.480.parties.5.details.classifications.0,0.releases.480,0.releases.480.parties.5,0,WLB,WLB,Woman-Lead Business
0.releases.480.parties.9.details.classifications.0,0.releases.480,0.releases.480.parties.9,0,WLB,WLB,Woman-Lead Business
0.releases.484.parties.3.details.classifications.0,0.releases.484,0.releases.484.parties.3,0,WLB,WLB,Woman-Lead Business
0.releases.484.parties.12.details.classifications.0,0.releases.484,0.releases.484.parties.12,0,WLB,WLB,Woman-Lead Business
0.releases.486.parties.4.details.classifications.0,0.releases.486,0.releases.486.parties.4,0,WLB,WLB,Woman-Lead Business
0.releases.487.parties.3.details.classifications.0,0.releases.487,0.releases.487.parties.3,0,WLB,WLB,Woman-Lead Business
0.releases.487.parties.12.details.classifications.0,0.releases.487,0.releases.487.parties.12,0,WLB,WLB,Woman-Lead Business
0.releases.492.parties.1.details.classifications.0,0.releases.492,0.releases.492.parties.1,0,WLB,WLB,Woman-Lead Business
0.releases.492.parties.2.details.classifications.0,0.releases.492,0.releases.492.parties.2,0,WLB,WLB,Woman-Lead Business
0.releases.493.parties.3.details.classifications.0,0.releases.493,0.releases.493.parties.3,0,WLB,WLB,Woman-Lead Business
0.releases.493.parties.12.details.classifications.0,0.releases.493,0.releases.493.parties.12,0,WLB,WLB,Woman-Lead Business
0.releases.495.parties.2.details.classifications.0,0.releases.495,0.releases.495.parties.2,0,WLB,WLB,Woman-Lead Business
0.releases.495.parties.6.details.classifications.0,0.releases.495,0.releases.495.parties.6,0,WLB,WLB,Woman-Lead Business
0.releases.495.parties.8.details.classifications.0,0.releases.495,0.releases.495.parties.8,0,WLB,WLB,Woman-Lead Business
0.releases.495.parties.10.details.classifications.0,0.releases.495,0.releases.495.parties.10,0,WLB,WLB,Woman-Lead Business
0.releases.496.parties.2.details.classifications.0,0.releases.496,0.releases.496.parties.2,0,WLB,WLB,Woman-Lead Business
0.releases.496.parties.6.details.classifications.0,0.releases.496,0.releases.496.parties.6,0,WLB,WLB,Woman-Lead Business
0.releases.496.parties.8.details.classifications.0,0.releases.496,0.releases.496.parties.8,0,WLB,WLB,Woman-Lead Business
0.releases.496.parties.10.details.classifications.0,0.releases.496,0.releases.496.parties.10,0,WLB,WLB,Woman-Lead Business
0.releases.501.parties.4.details.classifications.0,0.releases.501,0.releases.501.parties.4,0,WLB,WLB,Woman-Lead Business
0.releases.503.parties.2.details.classifications.0,0.releases.503,0.releases.503.parties.2,0,WLB,WLB,Woman-Lead Business
0.releases.504.parties.3.details.classifications.0,0.releases.504,0.releases.504.parties.3,0,WLB,WLB,Woman-Lead Business
0.releases.504.parties.8.details.classifications.0,0.releases.504,0.releases.504.parties.8,0,WLB,WLB,Woman-Lead Business
0.releases.505.parties.3.details.classifications.0,0.releases.505,0.releases.505.parties.3,0,WLB,WLB,Woman-Lead Business
0.releases.505.parties.8.details.classifications.0,0.releases.505,0.releases.505.parties.8,0,WLB,WLB,Woman-Lead Business
0.releases.506.parties.3.details.classifications.0,0.releases.506,0.releases.506.parties.3,0,WLB,WLB,Woman-Lead Business
0.releases.506.parties.8.details.classifications.0,0.releases.506,0.releases.506.parties.8,0,WLB,WLB,Woman-Lead Business
0.releases.507.parties.3.details.classifications.0,0.releases.507,0.releases.507.parties.3,0,WLB,WLB,Woman-Lead Business
0.releases.507.parties.8.details.classifications.0,0.releases.507,0.releases.507.parties.8,0,WLB,WLB,Woman-Lead Business
0.releases.508.parties.3.details.classifications.0,0.releases.508,0.releases.508.parties.3,0,WLB,WLB,Woman-Lead Business
0.releases.508.parties.8.details.classifications.0,0.releases.508,0.releases.508.parties.8,0,WLB,WLB,Woman-Lead Business
0.releases.509.parties.3.details.classifications.0,0.releases.509,0.releases.509.parties.3,0,WLB,WLB,Woman-Lead Business
0.releases.509.parties.8.details.classifications.0,0.releases.509,0.releases.509.parties.8,0,WLB,WLB,Woman-Lead Business
0.releases.510.parties.3.details.classifications.0,0.releases.510,0.releases.510.parties.3,0,WLB,WLB,Woman-Lead Business
0.releases.510.parties.8.details.classifications.0,0.releases.510,0.releases.510.parties.8,0,WLB,WLB,Woman-Lead Business
0.releases.511.parties.3.details.classifications.0,0.releases.511,0.releases.511.parties.3,0,WLB,WLB,Woman-Lead Business
0.releases.511.parties.8.details.classifications.0,0.releases.511,0.releases.511.parties.8,0,WLB,WLB,Woman-Lead Business
0.releases.512.parties.3.details.classifications.0,0.releases.512,0.releases.512.parties.3,0,WLB,WLB,Woman-Lead Business
0.releases.512.parties.8.details.classifications.0,0.releases.512,0.releases.512.parties.8,0,WLB,WLB,Woman-Lead Business
0.releases.513.parties.3.details.classifications.0,0.releases.513,0.releases.513.parties.3,0,WLB,WLB,Woman-Lead Business
0.releases.513.parties.8.details.classifications.0,0.releases.513,0.releases.513.parties.8,0,WLB,WLB,Woman-Lead Business
0.releases.514.parties.3.details.classifications.0,0.releases.514,0.releases.514.parties.3,0,WLB,WLB,Woman-Lead Business
0.releases.514.parties.8.details.classifications.0,0.releases.514,0.releases.514.parties.8,0,WLB,WLB,Woman-Lead Business
0.releases.518.parties.2.details.classifications.0,0.releases.518,0.releases.518.parties.2,0,WLB,WLB,Woman-Lead Business
0.releases.519.parties.2.details.classifications.0,0.releases.519,0.releases.519.parties.2,0,WLB,WLB,Woman-Lead Business
0.releases.525.parties.1.details.classifications.0,0.releases.525,0.releases.525.parties.1,0,WLB,WLB,Woman-Lead Business
0.releases.525.parties.3.details.classifications.0,0.releases.525,0.releases.525.parties.3,0,WLB,WLB,Woman-Lead Business
0.releases.526.parties.4.details.classifications.0,0.releases.526,0.releases.526.parties.4,0,WLB,WLB,Woman-Lead Business
0.releases.526.parties.5.details.classifications.0,0.releases.526,0.releases.526.parties.5,0,WLB,WLB,Woman-Lead Business
0.releases.526.parties.7.details.classifications.0,0.releases.526,0.releases.526.parties.7,0,WLB,WLB,Woman-Lead Business
0.releases.529.parties.3.details.classifications.0,0.releases.529,0.releases.529.parties.3,0,WLB,WLB,Woman-Lead Business
0.releases.529.parties.4.details.classifications.0,0.releases.529,0.releases.529.parties.4,0,WLB,WLB,Woman-Lead Business
0.releases.529.parties.6.details.classifications.0,0.releases.529,0.releases.529.parties.6,0,WLB,WLB,Woman-Lead Business
0.releases.530.parties.3.details.classifications.0,0.releases.530,0.releases.530.parties.3,0,WLB,WLB,Woman-Lead Business
0.releases.530.parties.4.details.classifications.0,0.releases.530,0.releases.530.parties.4,0,WLB,WLB,Woman-Lead Business
0.releases.530.parties.6.details.classifications.0,0.releases.530,0.releases.530.parties.6,0,WLB,WLB,Woman-Lead Business
0.releases.531.parties.3.details.classifications.0,0.releases.531,0.releases.531.parties.3,0,WLB,WLB,Woman-Lead Business
0.releases.531.parties.4.details.classifications.0,0.releases.531,0.releases.531.parties.4,0,WLB,WLB,Woman-Lead Business
0.releases.531.parties.6.details.classifications.0,0.releases.531,0.releases.531.parties.6,0,WLB,WLB,Woman-Lead Business
0.releases.532.parties.3.details.classifications.0,0.releases.532,0.releases.532.parties.3,0,WLB,WLB,Woman-Lead Business
0.releases.532.parties.4.details.classifications.0,0.releases.532,0.releases.532.parties.4,0,WLB,WLB,Woman-Lead Business
0.releases.532.parties.6.details.classifications.0,0.releases.532,0.releases.532.parties.6,0,WLB,WLB,Woman-Lead Business
0.releases.533.parties.3.details.classifications.0,0.releases.533,0.releases.533.parties.3,0,WLB,WLB,Woman-Lead Business
0.releases.533.parties.4.details.classifications.0,0.releases.533,0.releases.533.parties.4,0,WLB,WLB,Woman-Lead Business
0.releases.533.parties.6.details.classifications.0,0.releases.533,0.releases.533.parties.6,0,WLB,WLB,Woman-Lead Business
0.releases.534.parties.3.details.classifications.0,0.releases.534,0.releases.534.parties.3,0,WLB,WLB,Woman-Lead Business
0.releases.534.parties.4.details.classifications.0,0.releases.534,0.releases.534.parties.4,0,WLB,WLB,Woman-Lead Business
0.releases.534.parties.6.details.classifications.0,0.releases.534,0.releases.534.parties.6,0,WLB,WLB,Woman-Lead Business
0.releases.537.parties.7.details.classifications.0,0.releases.537,0.releases.537.parties.7,0,WLB,WLB,Woman-Lead Business
0.releases.537.parties.8.details.classifications.0,0.releases.537,0.releases.537.parties.8,0,WLB,WLB,Woman-Lead Business
0.releases.540.parties.4.details.classifications.0,0.releases.540,0.releases.540.parties.4,0,WLB,WLB,Woman-Lead Business
0.releases.543.parties.2.details.classifications.0,0.releases.543,0.releases.543.parties.2,0,WLB,WLB,Woman-Lead Business
0.releases.546.parties.7.details.classifications.0,0.releases.546,0.releases.546.parties.7,0,WLB,WLB,Woman-Lead Business
0.releases.546.parties.17.details.classifications.0,0.releases.546,0.releases.546.parties.17,0,WLB,WLB,Woman-Lead Business
0.releases.546.parties.19.details.classifications.0,0.releases.546,0.releases.546.parties.19,0,WLB,WLB,Woman-Lead Business
0.releases.546.parties.20.details.classifications.0,0.releases.546,0.releases.546.parties.20,0,WLB,WLB,Woman-Lead Business
0.releases.546.parties.23.details.classifications.0,0.releases.546,0.releases.546.parties.23,0,WLB,WLB,Woman-Lead Business
0.releases.551.parties.1.details.classifications.0,0.releases.551,0.releases.551.parties.1,0,WLB,WLB,Woman-Lead Business
0.releases.551.parties.2.details.classifications.0,0.releases.551,0.releases.551.parties.2,0,WLB,WLB,Woman-Lead Business
0.releases.553.parties.2.details.classifications.0,0.releases.553,0.releases.553.parties.2,0,WLB,WLB,Woman-Lead Business
0.releases.556.parties.3.details.classifications.0,0.releases.556,0.releases.556.parties.3,0,WLB,WLB,Woman-Lead Business
0.releases.556.parties.4.details.classifications.0,0.releases.556,0.releases.556.parties.4,0,WLB,WLB,Woman-Lead Business
0.releases.556.parties.7.details.classifications.0,0.releases.556,0.releases.556.parties.7,0,WLB,WLB,Woman-Lead Business
0.releases.556.parties.9.details.classifications.0,0.releases.556,0.releases.556.parties.9,0,WLB,WLB,Woman-Lead Business
0.releases.556.parties.11.details.classifications.0,0.releases.556,0.releases.556.parties.11,0,WLB,WLB,Woman-Lead Business
0.releases.557.parties.4.details.classifications.0,0.releases.557,0.releases.557.parties.4,0,WLB,WLB,Woman-Lead Business
0.releases.558.parties.7.details.classifications.0,0.releases.558,0.releases.558.parties.7,0,WLB,WLB,Woman-Lead Business
0.releases.558.parties.17.details.classifications.0,0.releases.558,0.releases.558.parties.17,0,WLB,WLB,Woman-Lead Business
0.releases.558.parties.19.details.classifications.0,0.releases.558,0.releases.558.parties.19,0,WLB,WLB,Woman-Lead Business
0.releases.558.parties.20.details.classifications.0,0.releases.558,0.releases.558.parties.20,0,WLB,WLB,Woman-Lead Business
0.releases.558.parties.23.details.classifications.0,0.releases.558,0.releases.558.parties.23,0,WLB,WLB,Woman-Lead Business
0.releases.559.parties.3.details.classifications.0,0.releases.559,0.releases.559.parties.3,0,WLB,WLB,Woman-Lead Business
0.releases.562.parties.3.details.classifications.0,0.releases.562,0.releases.562.parties.3,0,WLB,WLB,Woman-Lead Business
0.releases.562.parties.4.details.classifications.0,0.releases.562,0.releases.562.parties.4,0,WLB,WLB,Woman-Lead Business
0.releases.562.parties.7.details.classifications.0,0.releases.562,0.releases.562.parties.7,0,WLB,WLB,Woman-Lead Business
0.releases.562.parties.9.details.classifications.0,0.releases.562,0.releases.562.parties.9,0,WLB,WLB,Woman-Lead Business
0.releases.562.parties.11.details.classifications.0,0.releases.562,0.releases.562.parties.11,0,WLB,WLB,Woman-Lead Business
0.releases.569.parties.5.details.classifications.0,0.releases.569,0.releases.569.parties.5,0,WLB,WLB,Woman-Lead Business
0.releases.570.parties.5.details.classifications.0,0.releases.570,0.releases.570.parties.5,0,WLB,WLB,Woman-Lead Business
0.releases.573.parties.1.details.classifications.0,0.releases.573,0.releases.573.parties.1,0,WLB,WLB,Woman-Lead Business
0.releases.573.parties.3.details.classifications.0,0.releases.573,0.releases.573.parties.3,0,WLB,WLB,Woman-Lead Business
0.releases.573.parties.6.details.classifications.0,0.releases.573,0.releases.573.parties.6,0,WLB,WLB,Woman-Lead Business
0.releases.573.parties.7.details.classifications.0,0.releases.573,0.releases.573.parties.7,0,WLB,WLB,Woman-Lead Business
0.releases.573.parties.10.details.classifications.0,0.releases.573,0.releases.573.parties.10,0,WLB,WLB,Woman-Lead Business
0.releases.573.parties.12.details.classifications.0,0.releases.573,0.releases.573.parties.12,0,WLB,WLB,Woman-Lead Business
0.releases.573.parties.13.details.classifications.0,0.releases.573,0.releases.573.parties.13,0,WLB,WLB,Woman-Lead Business
0.releases.574.parties.4.details.classifications.0,0.releases.574,0.releases.574.parties.4,0,WLB,WLB,Woman-Lead Business
0.releases.579.parties.3.details.classifications.0,0.releases.579,0.releases.579.parties.3,0,WLB,WLB,Woman-Lead Business
0.releases.579.parties.4.details.classifications.0,0.releases.579,0.releases.579.parties.4,0,WLB,WLB,Woman-Lead Business
0.releases.579.parties.5.details.classifications.0,0.releases.579,0.releases.579.parties.5,0,WLB,WLB,Woman-Lead Business
0.releases.579.parties.8.details.classifications.0,0.releases.579,0.releases.579.parties.8,0,WLB,WLB,Woman-Lead Business
0.releases.579.parties.9.details.classifications.0,0.releases.579,0.releases.579.parties.9,0,WLB,WLB,Woman-Lead Business
0.releases.579.parties.11.details.classifications.0,0.releases.579,0.releases.579.parties.11,0,WLB,WLB,Woman-Lead Business
0.releases.581.parties.2.details.classifications.0,0.releases.581,0.releases.581.parties.2,0,WLB,WLB,Woman-Lead Business
0.releases.581.parties.4.details.classifications.0,0.releases.581,0.releases.581.parties.4,0,WLB,WLB,Woman-Lead Business
0.releases.581.parties.9.details.classifications.0,0.releases.581,0.releases.581.parties.9,0,WLB,WLB,Woman-Lead Business
0.releases.582.parties.1.details.classifications.0,0.releases.582,0.releases.582.parties.1,0,WLB,WLB,Woman-Lead Business
0.releases.590.parties.5.details.classifications.0,0.releases.590,0.releases.590.parties.5,0,WLB,WLB,Woman-Lead Business
0.releases.590.parties.6.details.classifications.0,0.releases.590,0.releases.590.parties.6,0,WLB,WLB,Woman-Lead Business
0.releases.592.parties.1.details.classifications.0,0.releases.592,0.releases.592.parties.1,0,WLB,WLB,Woman-Lead Business
0.releases.598.parties.3.details.classifications.0,0.releases.598,0.releases.598.parties.3,0,WLB,WLB,Woman-Lead Business
0.releases.598.parties.4.details.classifications.0,0.releases.598,0.releases.598.parties.4,0,WLB,WLB,Woman-Lead Business
0.releases.598.parties.7.details.classifications.0,0.releases.598,0.releases.598.parties.7,0,WLB,WLB,Woman-Lead Business
0.releases.598.parties.9.details.classifications.0,0.releases.598,0.releases.598.parties.9,0,WLB,WLB,Woman-Lead Business
0.releases.598.parties.11.details.classifications.0,0.releases.598,0.releases.598.parties.11,0,WLB,WLB,Woman-Lead Business
0.releases.600.parties.1.details.classifications.0,0.releases.600,0.releases.600.parties.1,0,WLB,WLB,Woman-Lead Business
0.releases.600.parties.4.details.classifications.0,0.releases.600,0.releases.600.parties.4,0,WLB,WLB,Woman-Lead Business
0.releases.600.parties.5.details.classifications.0,0.releases.600,0.releases.600.parties.5,0,WLB,WLB,Woman-Lead Business
0.releases.600.parties.7.details.classifications.0,0.releases.600,0.releases.600.parties.7,0,WLB,WLB,Woman-Lead Business
0.releases.600.parties.11.details.classifications.0,0.releases.600,0.releases.600.parties.11,0,WLB,WLB,Woman-Lead Business
0.releases.601.parties.1.details.classifications.0,0.releases.601,0.releases.601.parties.1,0,WLB,WLB,Woman-Lead Business
0.releases.601.parties.7.details.classifications.0,0.releases.601,0.releases.601.parties.7,0,WLB,WLB,Woman-Lead Business
0.releases.601.parties.8.details.classifications.0,0.releases.601,0.releases.601.parties.8,0,WLB,WLB,Woman-Lead Business
0.releases.601.parties.11.details.classifications.0,0.releases.601,0.releases.601.parties.11,0,WLB,WLB,Woman-Lead Business
0.releases.602.parties.5.details.classifications.0,0.releases.602,0.releases.602.parties.5,0,WLB,WLB,Woman-Lead Business
0.releases.602.parties.8.details.classifications.0,0.releases.602,0.releases.602.parties.8,0,WLB,WLB,Woman-Lead Business
0.releases.614.parties.3.details.classifications.0,0.releases.614,0.releases.614.parties.3,0,WLB,WLB,Woman-Lead Business
0.releases.615.parties.3.details.classifications.0,0.releases.615,0.releases.615.parties.3,0,WLB,WLB,Woman-Lead Business
0.releases.616.parties.3.details.classifications.0,0.releases.616,0.releases.616.parties.3,0,WLB,WLB,Woman-Lead Business
0.releases.617.parties.3.details.classifications.0,0.releases.617,0.releases.617.parties.3,0,WLB,WLB,Woman-Lead Business
0.releases.618.parties.3.details.classifications.0,0.releases.618,0.releases.618.parties.3,0,WLB,WLB,Woman-Lead Business
0.releases.619.parties.3.details.classifications.0,0.releases.619,0.releases.619.parties.3,0,WLB,WLB,Woman-Lead Business
0.releases.620.parties.3.details.classifications.0,0.releases.620,0.releases.620.parties.3,0,WLB,WLB,Woman-Lead Business
0.releases.622.parties.2.details.classifications.0,0.releases.622,0.releases.622.parties.2,0,WLB,WLB,Woman-Lead Business
0.releases.622.parties.3.details.classifications.0,0.releases.622,0.releases.622.parties.3,0,WLB,WLB,Woman-Lead Business
0.releases.622.parties.8.details.classifications.0,0.releases.622,0.releases.622.parties.8,0,WLB,WLB,Woman-Lead Business
0.releases.622.parties.9.details.classifications.0,0.releases.622,0.releases.622.parties.9,0,WLB,WLB,Woman-Lead Business
0.releases.622.parties.10.details.classifications.0,0.releases.622,0.releases.622.parties.10,0,WLB,WLB,Woman-Lead Business
0.releases.622.parties.12.details.classifications.0,0.releases.622,0.releases.622.parties.12,0,WLB,WLB,Woman-Lead Business
0.releases.622.parties.13.details.classifications.0,0.releases.622,0.releases.622.parties.13,0,WLB,WLB,Woman-Lead Business
0.releases.622.parties.16.details.classifications.0,0.releases.622,0.releases.622.parties.16,0,WLB,WLB,Woman-Lead Business
0.releases.622.parties.19.details.classifications.0,0.releases.622,0.releases.622.parties.19,0,WLB,WLB,Woman-Lead Business
0.releases.624.parties.2.details.classifications.0,0.releases.624,0.releases.624.parties.2,0,WLB,WLB,Woman-Lead Business
0.releases.625.parties.4.details.classifications.0,0.releases.625,0.releases.625.parties.4,0,WLB,WLB,Woman-Lead Business
0.releases.630.parties.4.details.classifications.0,0.releases.630,0.releases.630.parties.4,0,WLB,WLB,Woman-Lead Business
0.releases.631.parties.5.details.classifications.0,0.releases.631,0.releases.631.parties.5,0,WLB,WLB,Woman-Lead Business
0.releases.631.parties.6.details.classifications.0,0.releases.631,0.releases.631.parties.6,0,WLB,WLB,Woman-Lead Business
0.releases.631.parties.16.details.classifications.0,0.releases.631,0.releases.631.parties.16,0,WLB,WLB,Woman-Lead Business
0.releases.631.parties.18.details.classifications.0,0.releases.631,0.releases.631.parties.18,0,WLB,WLB,Woman-Lead Business
0.releases.631.parties.21.details.classifications.0,0.releases.631,0.releases.631.parties.21,0,WLB,WLB,Woman-Lead Business
0.releases.633.parties.2.details.classifications.0,0.releases.633,0.releases.633.parties.2,0,WLB,WLB,Woman-Lead Business
0.releases.633.parties.3.details.classifications.0,0.releases.633,0.releases.633.parties.3,0,WLB,WLB,Woman-Lead Business
0.releases.633.parties.8.details.classifications.0,0.releases.633,0.releases.633.parties.8,0,WLB,WLB,Woman-Lead Business
0.releases.633.parties.9.details.classifications.0,0.releases.633,0.releases.633.parties.9,0,WLB,WLB,Woman-Lead Business
0.releases.633.parties.10.details.classifications.0,0.releases.633,0.releases.633.parties.10,0,WLB,WLB,Woman-Lead Business
0.releases.633.parties.12.details.classifications.0,0.releases.633,0.releases.633.parties.12,0,WLB,WLB,Woman-Lead Business
0.releases.633.parties.13.details.classifications.0,0.releases.633,0.releases.633.parties.13,0,WLB,WLB,Woman-Lead Business
0.releases.633.parties.16.details.classifications.0,0.releases.633,0.releases.633.parties.16,0,WLB,WLB,Woman-Lead Business
0.releases.633.parties.19.details.classifications.0,0.releases.633,0.releases.633.parties.19,0,WLB,WLB,Woman-Lead Business
0.releases.634.parties.5.details.classifications.0,0.releases.634,0.releases.634.parties.5,0,WLB,WLB,Woman-Lead Business
0.releases.634.parties.14.details.classifications.0,0.releases.634,0.releases.634.parties.14,0,WLB,WLB,Woman-Lead Business
0.releases.636.parties.2.details.classifications.0,0.releases.636,0.releases.636.parties.2,0,WLB,WLB,Woman-Lead Business
0.releases.636.parties.3.details.classifications.0,0.releases.636,0.releases.636.parties.3,0,WLB,WLB,Woman-Lead Business
0.releases.636.parties.4.details.classifications.0,0.releases.636,0.releases.636.parties.4,0,WLB,WLB,Woman-Lead Business
0.releases.636.parties.5.details.classifications.0,0.releases.636,0.releases.636.parties.5,0,WLB,WLB,Woman-Lead Business
0.releases.639.parties.1.details.classifications.0,0.releases.639,0.releases.639.parties.1,0,WLB,WLB,Woman-Lead Business
0.releases.639.parties.3.details.classifications.0,0.releases.639,0.releases.639.parties.3,0,WLB,WLB,Woman-Lead Business
0.releases.640.parties.1.details.classifications.0,0.releases.640,0.releases.640.parties.1,0,WLB,WLB,Woman-Lead Business
0.releases.641.parties.7.details.classifications.0,0.releases.641,0.releases.641.parties.7,0,WLB,WLB,Woman-Lead Business
0.releases.641.parties.13.details.classifications.0,0.releases.641,0.releases.641.parties.13,0,WLB,WLB,Woman-Lead Business
0.releases.643.parties.6.details.classifications.0,0.releases.643,0.releases.643.parties.6,0,WLB,WLB,Woman-Lead Business
0.releases.643.parties.8.details.classifications.0,0.releases.643,0.releases.643.parties.8,0,WLB,WLB,Woman-Lead Business
0.releases.643.parties.11.details.classifications.0,0.releases.643,0.releases.643.parties.11,0,WLB,WLB,Woman-Lead Business
0.releases.648.parties.1.details.classifications.0,0.releases.648,0.releases.648.parties.1,0,WLB,WLB,Woman-Lead Business
0.releases.648.parties.8.details.classifications.0,0.releases.648,0.releases.648.parties.8,0,WLB,WLB,Woman-Lead Business
0.releases.648.parties.9.details.classifications.0,0.releases.648,0.releases.648.parties.9,0,WLB,WLB,Woman-Lead Business
0.releases.648.parties.13.details.classifications.0,0.releases.648,0.releases.648.parties.13,0,WLB,WLB,Woman-Lead Business
0.releases.657.parties.1.details.classifications.0,0.releases.657,0.releases.657.parties.1,0,WLB,WLB,Woman-Lead Business
0.releases.657.parties.4.details.classifications.0,0.releases.657,0.releases.657.parties.4,0,WLB,WLB,Woman-Lead Business
0.releases.657.parties.5.details.classifications.0,0.releases.657,0.releases.657.parties.5,0,WLB,WLB,Woman-Lead Business
0.releases.657.parties.7.details.classifications.0,0.releases.657,0.releases.657.parties.7,0,WLB,WLB,Woman-Lead Business
0.releases.657.parties.11.details.classifications.0,0.releases.657,0.releases.657.parties.11,0,WLB,WLB,Woman-Lead Business
0.releases.658.parties.2.details.classifications.0,0.releases.658,0.releases.658.parties.2,0,WLB,WLB,Woman-Lead Business
0.releases.658.parties.4.details.classifications.0,0.releases.658,0.releases.658.parties.4,0,WLB,WLB,Woman-Lead Business
0.releases.666.parties.1.details.classifications.0,0.releases.666,0.releases.666.parties.1,0,WLB,WLB,Woman-Lead Business
0.releases.667.parties.3.details.classifications.0,0.releases.667,0.releases.667.parties.3,0,WLB,WLB,Woman-Lead Business
0.releases.669.parties.3.details.classifications.0,0.releases.669,0.releases.669.parties.3,0,WLB,WLB,Woman-Lead Business
0.releases.670.parties.1.details.classifications.0,0.releases.670,0.releases.670.parties.1,0,WLB,WLB,Woman-Lead Business
0.releases.670.parties.4.details.classifications.0,0.releases.670,0.releases.670.parties.4,0,WLB,WLB,Woman-Lead Business
0.releases.670.parties.7.details.classifications.0,0.releases.670,0.releases.670.parties.7,0,WLB,WLB,Woman-Lead Business
0.releases.670.parties.8.details.classifications.0,0.releases.670,0.releases.670.parties.8,0,WLB,WLB,Woman-Lead Business
0.releases.670.parties.9.details.classifications.0,0.releases.670,0.releases.670.parties.9,0,WLB,WLB,Woman-Lead Business
0.releases.670.parties.11.details.classifications.0,0.releases.670,0.releases.670.parties.11,0,WLB,WLB,Woman-Lead Business
0.releases.670.parties.14.details.classifications.0,0.releases.670,0.releases.670.parties.14,0,WLB,WLB,Woman-Lead Business
0.releases.670.parties.15.details.classifications.0,0.releases.670,0.releases.670.parties.15,0,WLB,WLB,Woman-Lead Business
0.releases.670.parties.16.details.classifications.0,0.releases.670,0.releases.670.parties.16,0,WLB,WLB,Woman-Lead Business
0.releases.673.parties.3.details.classifications.0,0.releases.673,0.releases.673.parties.3,0,WLB,WLB,Woman-Lead Business
0.releases.674.parties.1.details.classifications.0,0.releases.674,0.releases.674.parties.1,0,WLB,WLB,Woman-Lead Business
0.releases.674.parties.4.details.classifications.0,0.releases.674,0.releases.674.parties.4,0,WLB,WLB,Woman-Lead Business
0.releases.674.parties.7.details.classifications.0,0.releases.674,0.releases.674.parties.7,0,WLB,WLB,Woman-Lead Business
0.releases.674.parties.8.details.classifications.0,0.releases.674,0.releases.674.parties.8,0,WLB,WLB,Woman-Lead Business
0.releases.674.parties.9.details.classifications.0,0.releases.674,0.releases.674.parties.9,0,WLB,WLB,Woman-Lead Business
0.releases.674.parties.11.details.classifications.0,0.releases.674,0.releases.674.parties.11,0,WLB,WLB,Woman-Lead Business
0.releases.674.parties.14.details.classifications.0,0.releases.674,0.releases.674.parties.14,0,WLB,WLB,Woman-Lead Business
0.releases.674.parties.15.details.classifications.0,0.releases.674,0.releases.674.parties.15,0,WLB,WLB,Woman-Lead Business
0.releases.674.parties.16.details.classifications.0,0.releases.674,0.releases.674.parties.16,0,WLB,WLB,Woman-Lead Business
0.releases.677.parties.4.details.classifications.0,0.releases.677,0.releases.677.parties.4,0,WLB,WLB,Woman-Lead Business
0.releases.678.parties.1.details.classifications.0,0.releases.678,0.releases.678.parties.1,0,WLB,WLB,Woman-Lead Business
0.releases.678.parties.4.details.classifications.0,0.releases.678,0.releases.678.parties.4,0,WLB,WLB,Woman-Lead Business
0.releases.678.parties.7.details.classifications.0,0.releases.678,0.releases.678.parties.7,0,WLB,WLB,Woman-Lead Business
0.releases.678.parties.8.details.classifications.0,0.releases.678,0.releases.678.parties.8,0,WLB,WLB,Woman-Lead Business
0.releases.678.parties.9.details.classifications.0,0.releases.678,0.releases.678.parties.9,0,WLB,WLB,Woman-Lead Business
0.releases.678.parties.11.details.classifications.0,0.releases.678,0.releases.678.parties.11,0,WLB,WLB,Woman-Lead Business
0.releases.678.parties.14.details.classifications.0,0.releases.678,0.releases.678.parties.14,0,WLB,WLB,Woman-Lead Business
0.releases.678.parties.15.details.classifications.0,0.releases.678,0.releases.678.parties.15,0,WLB,WLB,Woman-Lead Business
0.releases.678.parties.16.details.classifications.0,0.releases.678,0.releases.678.parties.16,0,WLB,WLB,Woman-Lead Business
0.releases.683.parties.3.details.classifications.0,0.releases.683,0.releases.683.parties.3,0,WLB,WLB,Woman-Lead Business
0.releases.684.parties.3.details.classifications.0,0.releases.684,0.releases.684.parties.3,0,WLB,WLB,Woman-Lead Business
0.releases.685.parties.3.details.classifications.0,0.releases.685,0.releases.685.parties.3,0,WLB,WLB,Woman-Lead Business
0.releases.686.parties.3.details.classifications.0,0.releases.686,0.releases.686.parties.3,0,WLB,WLB,Woman-Lead Business
0.releases.687.parties.7.details.classifications.0,0.releases.687,0.releases.687.parties.7,0,WLB,WLB,Woman-Lead Business
0.releases.687.parties.8.details.classifications.0,0.releases.687,0.releases.687.parties.8,0,WLB,WLB,Woman-Lead Business
0.releases.688.parties.3.details.classifications.0,0.releases.688,0.releases.688.parties.3,0,WLB,WLB,Woman-Lead Business
0.releases.689.parties.3.details.classifications.0,0.releases.689,0.releases.689.parties.3,0,WLB,WLB,Woman-Lead Business
0.releases.691.parties.3.details.classifications.0,0.releases.691,0.releases.691.parties.3,0,WLB,WLB,Woman-Lead Business
0.releases.694.parties.7.details.classifications.0,0.releases.694,0.releases.694.parties.7,0,WLB,WLB,Woman-Lead Business
0.releases.694.parties.9.details.classifications.0,0.releases.694,0.releases.694.parties.9,0,WLB,WLB,Woman-Lead Business
0.releases.695.parties.3.details.classifications.0,0.releases.695,0.releases.695.parties.3,0,WLB,WLB,Woman-Lead Business
0.releases.695.parties.5.details.classifications.0,0.releases.695,0.releases.695.parties.5,0,WLB,WLB,Woman-Lead Business
0.releases.698.parties.5.details.classifications.0,0.releases.698,0.releases.698.parties.5,0,WLB,WLB,Woman-Lead Business
0.releases.699.parties.3.details.classifications.0,0.releases.699,0.releases.699.parties.3,0,WLB,WLB,Woman-Lead Business
0.releases.699.parties.5.details.classifications.0,0.releases.699,0.releases.699.parties.5,0,WLB,WLB,Woman-Lead Business
0.releases.700.parties.1.details.classifications.0,0.releases.700,0.releases.700.parties.1,0,WLB,WLB,Woman-Lead Business
0.releases.700.parties.2.details.classifications.0,0.releases.700,0.releases.700.parties.2,0,WLB,WLB,Woman-Lead Business
0.releases.700.parties.5.details.classifications.0,0.releases.700,0.releases.700.parties.5,0,WLB,WLB,Woman-Lead Business
0.releases.700.parties.6.details.classifications.0,0.releases.700,0.releases.700.parties.6,0,WLB,WLB,Woman-Lead Business
0.releases.700.parties.12.details.classifications.0,0.releases.700,0.releases.700.parties.12,0,WLB,WLB,Woman-Lead Business
0.releases.700.parties.16.details.classifications.0,0.releases.700,0.releases.700.parties.16,0,WLB,WLB,Woman-Lead Business
0.releases.706.parties.3.details.classifications.0,0.releases.706,0.releases.706.parties.3,0,WLB,WLB,Woman-Lead Business
0.releases.706.parties.5.details.classifications.0,0.releases.706,0.releases.706.parties.5,0,WLB,WLB,Woman-Lead Business
0.releases.708.parties.3.details.classifications.0,0.releases.708,0.releases.708.parties.3,0,WLB,WLB,Woman-Lead Business
0.releases.708.parties.4.details.classifications.0,0.releases.708,0.releases.708.parties.4,0,WLB,WLB,Woman-Lead Business
0.releases.708.parties.5.details.classifications.0,0.releases.708,0.releases.708.parties.5,0,WLB,WLB,Woman-Lead Business
0.releases.716.parties.4.details.classifications.0,0.releases.716,0.releases.716.parties.4,0,WLB,WLB,Woman-Lead Business
0.releases.720.parties.4.details.classifications.0,0.releases.720,0.releases.720.parties.4,0,WLB,WLB,Woman-Lead Business
0.releases.720.parties.5.details.classifications.0,0.releases.720,0.releases.720.parties.5,0,WLB,WLB,Woman-Lead Business
0.releases.720.parties.6.details.classifications.0,0.releases.720,0.releases.720.parties.6,0,WLB,WLB,Woman-Lead Business
0.releases.720.parties.8.details.classifications.0,0.releases.720,0.releases.720.parties.8,0,WLB,WLB,Woman-Lead Business
0.releases.721.parties.7.details.classifications.0,0.releases.721,0.releases.721.parties.7,0,WLB,WLB,Woman-Lead Business
0.releases.721.parties.13.details.classifications.0,0.releases.721,0.releases.721.parties.13,0,WLB,WLB,Woman-Lead Business
0.releases.722.parties.2.details.classifications.0,0.releases.722,0.releases.722.parties.2,0,WLB,WLB,Woman-Lead Business
0.releases.722.parties.7.details.classifications.0,0.releases.722,0.releases.722.parties.7,0,WLB,WLB,Woman-Lead Business
0.releases.730.parties.3.details.classifications.0,0.releases.730,0.releases.730.parties.3,0,WLB,WLB,Woman-Lead Business
0.releases.730.parties.5.details.classifications.0,0.releases.730,0.releases.730.parties.5,0,WLB,WLB,Woman-Lead Business
0.releases.731.parties.3.details.classifications.0,0.releases.731,0.releases.731.parties.3,0,WLB,WLB,Woman-Lead Business
0.releases.731.parties.5.details.classifications.0,0.releases.731,0.releases.731.parties.5,0,WLB,WLB,Woman-Lead Business
0.releases.732.parties.3.details.classifications.0,0.releases.732,0.releases.732.parties.3,0,WLB,WLB,Woman-Lead Business
0.releases.732.parties.4.details.classifications.0,0.releases.732,0.releases.732.parties.4,0,WLB,WLB,Woman-Lead Business
0.releases.733.parties.3.details.classifications.0,0.releases.733,0.releases.733.parties.3,0,WLB,WLB,Woman-Lead Business
0.releases.733.parties.5.details.classifications.0,0.releases.733,0.releases.733.parties.5,0,WLB,WLB,Woman-Lead Business
0.releases.734.parties.2.details.classifications.0,0.releases.734,0.releases.734.parties.2,0,WLB,WLB,Woman-Lead Business
0.releases.734.parties.4.details.classifications.0,0.releases.734,0.releases.734.parties.4,0,WLB,WLB,Woman-Lead Business
0.releases.735.parties.1.details.classifications.0,0.releases.735,0.releases.735.parties.1,0,WLB,WLB,Woman-Lead Business
0.releases.735.parties.3.details.classifications.0,0.releases.735,0.releases.735.parties.3,0,WLB,WLB,Woman-Lead Business
0.releases.735.parties.6.details.classifications.0,0.releases.735,0.releases.735.parties.6,0,WLB,WLB,Woman-Lead Business
0.releases.735.parties.7.details.classifications.0,0.releases.735,0.releases.735.parties.7,0,WLB,WLB,Woman-Lead Business
0.releases.735.parties.10.details.classifications.0,0.releases.735,0.releases.735.parties.10,0,WLB,WLB,Woman-Lead Business
0.releases.735.parties.12.details.classifications.0,0.releases.735,0.releases.735.parties.12,0,WLB,WLB,Woman-Lead Business
0.releases.735.parties.13.details.classifications.0,0.releases.735,0.releases.735.parties.13,0,WLB,WLB,Woman-Lead Business
0.releases.739.parties.7.details.classifications.0,0.releases.739,0.releases.739.parties.7,0,WLB,WLB,Woman-Lead Business
0.releases.739.parties.8.details.classifications.0,0.releases.739,0.releases.739.parties.8,0,WLB,WLB,Woman-Lead Business
0.releases.741.parties.3.details.classifications.0,0.releases.741,0.releases.741.parties.3,0,WLB,WLB,Woman-Lead Business
0.releases.747.parties.1.details.classifications.0,0.releases.747,0.releases.747.parties.1,0,WLB,WLB,Woman-Lead Business
0.releases.748.parties.1.details.classifications.0,0.releases.748,0.releases.748.parties.1,0,WLB,WLB,Woman-Lead Business
0.releases.749.parties.4.details.classifications.0,0.releases.749,0.releases.749.parties.4,0,WLB,WLB,Woman-Lead Business
0.releases.749.parties.8.details.classifications.0,0.releases.749,0.releases.749.parties.8,0,WLB,WLB,Woman-Lead Business
0.releases.751.parties.3.details.classifications.0,0.releases.751,0.releases.751.parties.3,0,WLB,WLB,Woman-Lead Business
0.releases.751.parties.4.details.classifications.0,0.releases.751,0.releases.751.parties.4,0,WLB,WLB,Woman-Lead Business
0.releases.754.parties.5.details.classifications.0,0.releases.754,0.releases.754.parties.5,0,WLB,WLB,Woman-Lead Business
0.releases.757.parties.6.details.classifications.0,0.releases.757,0.releases.757.parties.6,0,WLB,WLB,Woman-Lead Business
0.releases.758.parties.1.details.classifications.0,0.releases.758,0.releases.758.parties.1,0,WLB,WLB,Woman-Lead Business
0.releases.758.parties.7.details.classifications.0,0.releases.758,0.releases.758.parties.7,0,WLB,WLB,Woman-Lead Business
0.releases.758.parties.8.details.classifications.0,0.releases.758,0.releases.758.parties.8,0,WLB,WLB,Woman-Lead Business
0.releases.758.parties.11.details.classifications.0,0.releases.758,0.releases.758.parties.11,0,WLB,WLB,Woman-Lead Business
0.releases.759.parties.8.details.classifications.0,0.releases.759,0.releases.759.parties.8,0,WLB,WLB,Woman-Lead Business
0.releases.766.parties.2.details.classifications.0,0.releases.766,0.releases.766.parties.2,0,WLB,WLB,Woman-Lead Business
0.releases.767.parties.1.details.classifications.0,0.releases.767,0.releases.767.parties.1,0,WLB,WLB,Woman-Lead Business
0.releases.767.parties.3.details.classifications.0,0.releases.767,0.releases.767.parties.3,0,WLB,WLB,Woman-Lead Business
0.releases.768.parties.2.details.classifications.0,0.releases.768,0.releases.768.parties.2,0,WLB,WLB,Woman-Lead Business
0.releases.768.parties.3.details.classifications.0,0.releases.768,0.releases.768.parties.3,0,WLB,WLB,Woman-Lead Business
0.releases.772.parties.2.details.classifications.0,0.releases.772,0.releases.772.parties.2,0,WLB,WLB,Woman-Lead Business
0.releases.772.parties.7.details.classifications.0,0.releases.772,0.releases.772.parties.7,0,WLB,WLB,Woman-Lead Business
0.releases.774.parties.5.details.classifications.0,0.releases.774,0.releases.774.parties.5,0,WLB,WLB,Woman-Lead Business
0.releases.774.parties.6.details.classifications.0,0.releases.774,0.releases.774.parties.6,0,WLB,WLB,Woman-Lead Business
0.releases.774.parties.10.details.classifications.0,0.releases.774,0.releases.774.parties.10,0,WLB,WLB,Woman-Lead Business
0.releases.774.parties.12.details.classifications.0,0.releases.774,0.releases.774.parties.12,0,WLB,WLB,Woman-Lead Business
0.releases.775.parties.3.details.classifications.0,0.releases.775,0.releases.775.parties.3,0,WLB,WLB,Woman-Lead Business
0.releases.776.parties.1.details.classifications.0,0.releases.776,0.releases.776.parties.1,0,WLB,WLB,Woman-Lead Business
0.releases.785.parties.4.details.classifications.0,0.releases.785,0.releases.785.parties.4,0,WLB,WLB,Woman-Lead Business
0.releases.786.parties.7.details.classifications.0,0.releases.786,0.releases.786.parties.7,0,WLB,WLB,Woman-Lead Business
0.releases.786.parties.17.details.classifications.0,0.releases.786,0.releases.786.parties.17,0,WLB,WLB,Woman-Lead Business
0.releases.786.parties.19.details.classifications.0,0.releases.786,0.releases.786.parties.19,0,WLB,WLB,Woman-Lead Business
0.releases.786.parties.20.details.classifications.0,0.releases.786,0.releases.786.parties.20,0,WLB,WLB,Woman-Lead Business
0.releases.786.parties.23.details.classifications.0,0.releases.786,0.releases.786.parties.23,0,WLB,WLB,Woman-Lead Business
0.releases.791.parties.2.details.classifications.0,0.releases.791,0.releases.791.parties.2,0,WLB,WLB,Woman-Lead Business
0.releases.791.parties.7.details.classifications.0,0.releases.791,0.releases.791.parties.7,0,WLB,WLB,Woman-Lead Business
0.releases.793.parties.4.details.classifications.0,0.releases.793,0.releases.793.parties.4,0,WLB,WLB,Woman-Lead Business
0.releases.793.parties.8.details.classifications.0,0.releases.793,0.releases.793.parties.8,0,WLB,WLB,Woman-Lead Business
0.releases.793.parties.9.details.classifications.0,0.releases.793,0.releases.793.parties.9,0,WLB,WLB,Woman-Lead Business
0.releases.793.parties.10.details.classifications.0,0.releases.793,0.releases.793.parties.10,0,WLB,WLB,Woman-Lead Business
0.releases.795.parties.1.details.classifications.0,0.releases.795,0.releases.795.parties.1,0,WLB,WLB,Woman-Lead Business
0.releases.797.parties.7.details.classifications.0,0.releases.797,0.releases.797.parties.7,0,WLB,WLB,Woman-Lead Business
0.releases.797.parties.17.details.classifications.0,0.releases.797,0.releases.797.parties.17,0,WLB,WLB,Woman-Lead Business
0.releases.797.parties.19.details.classifications.0,0.releases.797,0.releases.797.parties.19,0,WLB,WLB,Woman-Lead Business
0.releases.797.parties.20.details.classifications.0,0.releases.797,0.releases.797.parties.20,0,WLB,WLB,Woman-Lead Business
0.releases.797.parties.23.details.classifications.0,0.releases.797,0.releases.797.parties.23,0,WLB,WLB,Woman-Lead Business
0.releases.800.parties.6.details.classifications.0,0.releases.800,0.releases.800.parties.6,0,WLB,WLB,Woman-Lead Business
0.releases.800.parties.24.details.classifications.0,0.releases.800,0.releases.800.parties.24,0,WLB,WLB,Woman-Lead Business
0.releases.801.parties.1.details.classifications.0,0.releases.801,0.releases.801.parties.1,0,WLB,WLB,Woman-Lead Business
0.releases.802.parties.1.details.classifications.0,0.releases.802,0.releases.802.parties.1,0,WLB,WLB,Woman-Lead Business
0.releases.803.parties.1.details.classifications.0,0.releases.803,0.releases.803.parties.1,0,WLB,WLB,Woman-Lead Business
0.releases.810.parties.1.details.classifications.0,0.releases.810,0.releases.810.parties.1,0,WLB,WLB,Woman-Lead Business
0.releases.810.parties.3.details.classifications.0,0.releases.810,0.releases.810.parties.3,0,WLB,WLB,Woman-Lead Business
0.releases.810.parties.7.details.classifications.0,0.releases.810,0.releases.810.parties.7,0,WLB,WLB,Woman-Lead Business
0.releases.811.parties.3.details.classifications.0,0.releases.811,0.releases.811.parties.3,0,WLB,WLB,Woman-Lead Business
0.releases.811.parties.4.details.classifications.0,0.releases.811,0.releases.811.parties.4,0,WLB,WLB,Woman-Lead Business
0.releases.811.parties.6.details.classifications.0,0.releases.811,0.releases.811.parties.6,0,WLB,WLB,Woman-Lead Business
0.releases.812.parties.3.details.classifications.0,0.releases.812,0.releases.812.parties.3,0,WLB,WLB,Woman-Lead Business
0.releases.812.parties.4.details.classifications.0,0.releases.812,0.releases.812.parties.4,0,WLB,WLB,Woman-Lead Business
0.releases.812.parties.6.details.classifications.0,0.releases.812,0.releases.812.parties.6,0,WLB,WLB,Woman-Lead Business
0.releases.814.parties.3.details.classifications.0,0.releases.814,0.releases.814.parties.3,0,WLB,WLB,Woman-Lead Business
0.releases.814.parties.4.details.classifications.0,0.releases.814,0.releases.814.parties.4,0,WLB,WLB,Woman-Lead Business
0.releases.814.parties.6.details.classifications.0,0.releases.814,0.releases.814.parties.6,0,WLB,WLB,Woman-Lead Business
0.releases.815.parties.3.details.classifications.0,0.releases.815,0.releases.815.parties.3,0,WLB,WLB,Woman-Lead Business
0.releases.815.parties.4.details.classifications.0,0.releases.815,0.releases.815.parties.4,0,WLB,WLB,Woman-Lead Business
0.releases.815.parties.6.details.classifications.0,0.releases.815,0.releases.815.parties.6,0,WLB,WLB,Woman-Lead Business
0.releases.817.parties.3.details.classifications.0,0.releases.817,0.releases.817.parties.3,0,WLB,WLB,Woman-Lead Business
0.releases.817.parties.4.details.classifications.0,0.releases.817,0.releases.817.parties.4,0,WLB,WLB,Woman-Lead Business
0.releases.817.parties.6.details.classifications.0,0.releases.817,0.releases.817.parties.6,0,WLB,WLB,Woman-Lead Business
0.releases.818.parties.3.details.classifications.0,0.releases.818,0.releases.818.parties.3,0,WLB,WLB,Woman-Lead Business
0.releases.818.parties.4.details.classifications.0,0.releases.818,0.releases.818.parties.4,0,WLB,WLB,Woman-Lead Business
0.releases.818.parties.6.details.classifications.0,0.releases.818,0.releases.818.parties.6,0,WLB,WLB,Woman-Lead Business
0.releases.822.parties.4.details.classifications.0,0.releases.822,0.releases.822.parties.4,0,WLB,WLB,Woman-Lead Business
0.releases.822.parties.6.details.classifications.0,0.releases.822,0.releases.822.parties.6,0,WLB,WLB,Woman-Lead Business
0.releases.822.parties.7.details.classifications.0,0.releases.822,0.releases.822.parties.7,0,WLB,WLB,Woman-Lead Business
0.releases.823.parties.4.details.classifications.0,0.releases.823,0.releases.823.parties.4,0,WLB,WLB,Woman-Lead Business
0.releases.823.parties.5.details.classifications.0,0.releases.823,0.releases.823.parties.5,0,WLB,WLB,Woman-Lead Business
0.releases.823.parties.7.details.classifications.0,0.releases.823,0.releases.823.parties.7,0,WLB,WLB,Woman-Lead Business
0.releases.826.parties.5.details.classifications.0,0.releases.826,0.releases.826.parties.5,0,WLB,WLB,Woman-Lead Business
0.releases.826.parties.14.details.classifications.0,0.releases.826,0.releases.826.parties.14,0,WLB,WLB,Woman-Lead Business
0.releases.827.parties.5.details.classifications.0,0.releases.827,0.releases.827.parties.5,0,WLB,WLB,Woman-Lead Business
0.releases.827.parties.14.details.classifications.0,0.releases.827,0.releases.827.parties.14,0,WLB,WLB,Woman-Lead Business
0.releases.828.parties.4.details.classifications.0,0.releases.828,0.releases.828.parties.4,0,WLB,WLB,Woman-Lead Business
0.releases.828.parties.5.details.classifications.0,0.releases.828,0.releases.828.parties.5,0,WLB,WLB,Woman-Lead Business
0.releases.828.parties.7.details.classifications.0,0.releases.828,0.releases.828.parties.7,0,WLB,WLB,Woman-Lead Business
0.releases.829.parties.4.details.classifications.0,0.releases.829,0.releases.829.parties.4,0,WLB,WLB,Woman-Lead Business
0.releases.829.parties.7.details.classifications.0,0.releases.829,0.releases.829.parties.7,0,WLB,WLB,Woman-Lead Business
0.releases.829.parties.9.details.classifications.0,0.releases.829,0.releases.829.parties.9,0,WLB,WLB,Woman-Lead Business
0.releases.829.parties.12.details.classifications.0,0.releases.829,0.releases.829.parties.12,0,WLB,WLB,Woman-Lead Business
0.releases.831.parties.4.details.classifications.0,0.releases.831,0.releases.831.parties.4,0,WLB,WLB,Woman-Lead Business
0.releases.831.parties.9.details.classifications.0,0.releases.831,0.releases.831.parties.9,0,WLB,WLB,Woman-Lead Business
0.releases.832.parties.4.details.classifications.0,0.releases.832,0.releases.832.parties.4,0,WLB,WLB,Woman-Lead Business
0.releases.832.parties.9.details.classifications.0,0.releases.832,0.releases.832.parties.9,0,WLB,WLB,Woman-Lead Business
0.releases.833.parties.4.details.classifications.0,0.releases.833,0.releases.833.parties.4,0,WLB,WLB,Woman-Lead Business
0.releases.834.parties.6.details.classifications.0,0.releases.834,0.releases.834.parties.6,0,WLB,WLB,Woman-Lead Business
0.releases.835.parties.1.details.classifications.0,0.releases.835,0.releases.835.parties.1,0,WLB,WLB,Woman-Lead Business
0.releases.837.parties.6.details.classifications.0,0.releases.837,0.releases.837.parties.6,0,WLB,WLB,Woman-Lead Business
0.releases.839.parties.6.details.classifications.0,0.releases.839,0.releases.839.parties.6,0,WLB,WLB,Woman-Lead Business
0.releases.844.parties.3.details.classifications.0,0.releases.844,0.releases.844.parties.3,0,WLB,WLB,Woman-Lead Business
0.releases.846.parties.2.details.classifications.0,0.releases.846,0.releases.846.parties.2,0,WLB,WLB,Woman-Lead Business
0.releases.848.parties.1.details.classifications.0,0.releases.848,0.releases.848.parties.1,0,WLB,WLB,Woman-Lead Business
0.releases.849.parties.6.details.classifications.0,0.releases.849,0.releases.849.parties.6,0,WLB,WLB,Woman-Lead Business
0.releases.849.parties.24.details.classifications.0,0.releases.849,0.releases.849.parties.24,0,WLB,WLB,Woman-Lead Business
0.releases.850.parties.6.details.classifications.0,0.releases.850,0.releases.850.parties.6,0,WLB,WLB,Woman-Lead Business
0.releases.850.parties.24.details.classifications.0,0.releases.850,0.releases.850.parties.24,0,WLB,WLB,Woman-Lead Business
0.releases.851.parties.6.details.classifications.0,0.releases.851,0.releases.851.parties.6,0,WLB,WLB,Woman-Lead Business
0.releases.851.parties.24.details.classifications.0,0.releases.851,0.releases.851.parties.24,0,WLB,WLB,Woman-Lead Business
0.releases.852.parties.6.details.classifications.0,0.releases.852,0.releases.852.parties.6,0,WLB,WLB,Woman-Lead Business
0.releases.852.parties.24.details.classifications.0,0.releases.852,0.releases.852.parties.24,0,WLB,WLB,Woman-Lead Business
0.releases.853.parties.6.details.classifications.0,0.releases.853,0.releases.853.parties.6,0,WLB,WLB,Woman-Lead Business
0.releases.853.parties.24.details.classifications.0,0.releases.853,0.releases.853.parties.24,0,WLB,WLB,Woman-Lead Business
0.releases.854.parties.6.details.classifications.0,0.releases.854,0.releases.854.parties.6,0,WLB,WLB,Woman-Lead Business
0.releases.854.parties.24.details.classifications.0,0.releases.854,0.releases.854.parties.24,0,WLB,WLB,Woman-Lead Business
0.releases.855.parties.6.details.classifications.0,0.releases.855,0.releases.855.parties.6,0,WLB,WLB,Woman-Lead Business
0.releases.855.parties.24.details.classifications.0,0.releases.855,0.releases.855.parties.24,0,WLB,WLB,Woman-Lead Business
0.releases.856.parties.3.details.classifications.0,0.releases.856,0.releases.856.parties.3,0,WLB,WLB,Woman-Lead Business
0.releases.856.parties.7.details.classifications.0,0.releases.856,0.releases.856.parties.7,0,WLB,WLB,Woman-Lead Business
0.releases.856.parties.8.details.classifications.0,0.releases.856,0.releases.856.parties.8,0,WLB,WLB,Woman-Lead Business
0.releases.856.parties.9.details.classifications.0,0.releases.856,0.releases.856.parties.9,0,WLB,WLB,Woman-Lead Business
0.releases.857.parties.2.details.classifications.0,0.releases.857,0.releases.857.parties.2,0,WLB,WLB,Woman-Lead Business
0.releases.858.parties.2.details.classifications.0,0.releases.858,0.releases.858.parties.2,0,WLB,WLB,Woman-Lead Business
0.releases.859.parties.6.details.classifications.0,0.releases.859,0.releases.859.parties.6,0,WLB,WLB,Woman-Lead Business
0.releases.859.parties.24.details.classifications.0,0.releases.859,0.releases.859.parties.24,0,WLB,WLB,Woman-Lead Business
0.releases.860.parties.6.details.classifications.0,0.releases.860,0.releases.860.parties.6,0,WLB,WLB,Woman-Lead Business
0.releases.860.parties.24.details.classifications.0,0.releases.860,0.releases.860.parties.24,0,WLB,WLB,Woman-Lead Business
0.releases.861.parties.2.details.classifications.0,0.releases.861,0.releases.861.parties.2,0,WLB,WLB,Woman-Lead Business
0.releases.862.parties.9.details.classifications.0,0.releases.862,0.releases.862.parties.9,0,WLB,WLB,Woman-Lead Business
0.releases.862.parties.11.details.classifications.0,0.releases.862,0.releases.862.parties.11,0,WLB,WLB,Woman-Lead Business
0.releases.862.parties.13.details.classifications.0,0.releases.862,0.releases.862.parties.13,0,WLB,WLB,Woman-Lead Business
0.releases.862.parties.15.details.classifications.0,0.releases.862,0.releases.862.parties.15,0,WLB,WLB,Woman-Lead Business
0.releases.862.parties.19.details.classifications.0,0.releases.862,0.releases.862.parties.19,0,WLB,WLB,Woman-Lead Business
0.releases.867.parties.2.details.classifications.0,0.releases.867,0.releases.867.parties.2,0,WLB,WLB,Woman-Lead Business
0.releases.867.parties.7.details.classifications.0,0.releases.867,0.releases.867.parties.7,0,WLB,WLB,Woman-Lead Business
0.releases.874.parties.2.details.classifications.0,0.releases.874,0.releases.874.parties.2,0,WLB,WLB,Woman-Lead Business
0.releases.878.parties.2.details.classifications.0,0.releases.878,0.releases.878.parties.2,0,WLB,WLB,Woman-Lead Business
0.releases.885.parties.2.details.classifications.0,0.releases.885,0.releases.885.parties.2,0,WLB,WLB,Woman-Lead Business
0.releases.885.parties.6.details.classifications.0,0.releases.885,0.releases.885.parties.6,0,WLB,WLB,Woman-Lead Business
0.releases.885.parties.8.details.classifications.0,0.releases.885,0.releases.885.parties.8,0,WLB,WLB,Woman-Lead Business
0.releases.886.parties.1.details.classifications.0,0.releases.886,0.releases.886.parties.1,0,WLB,WLB,Woman-Lead Business
0.releases.889.parties.1.details.classifications.0,0.releases.889,0.releases.889.parties.1,0,WLB,WLB,Woman-Lead Business
0.releases.889.parties.3.details.classifications.0,0.releases.889,0.releases.889.parties.3,0,WLB,WLB,Woman-Lead Business
0.releases.889.parties.9.details.classifications.0,0.releases.889,0.releases.889.parties.9,0,WLB,WLB,Woman-Lead Business
0.releases.889.parties.10.details.classifications.0,0.releases.889,0.releases.889.parties.10,0,WLB,WLB,Woman-Lead Business
0.releases.889.parties.11.details.classifications.0,0.releases.889,0.releases.889.parties.11,0,WLB,WLB,Woman-Lead Business
0.releases.889.parties.12.details.classifications.0,0.releases.889,0.releases.889.parties.12,0,WLB,WLB,Woman-Lead Business
0.releases.889.parties.13.details.classifications.0,0.releases.889,0.releases.889.parties.13,0,WLB,WLB,Woman-Lead Business
0.releases.889.parties.14.details.classifications.0,0.releases.889,0.releases.889.parties.14,0,WLB,WLB,Woman-Lead Business
0.releases.889.parties.16.details.classifications.0,0.releases.889,0.releases.889.parties.16,0,WLB,WLB,Woman-Lead Business
0.releases.889.parties.19.details.classifications.0,0.releases.889,0.releases.889.parties.19,0,WLB,WLB,Woman-Lead Business
0.releases.889.parties.21.details.classifications.0,0.releases.889,0.releases.889.parties.21,0,WLB,WLB,Woman-Lead Business
0.releases.889.parties.24.details.classifications.0,0.releases.889,0.releases.889.parties.24,0,WLB,WLB,Woman-Lead Business
0.releases.889.parties.25.details.classifications.0,0.releases.889,0.releases.889.parties.25,0,WLB,WLB,Woman-Lead Business
0.releases.890.parties.2.details.classifications.0,0.releases.890,0.releases.890.parties.2,0,WLB,WLB,Woman-Lead Business
0.releases.890.parties.5.details.classifications.0,0.releases.890,0.releases.890.parties.5,0,WLB,WLB,Woman-Lead Business
0.releases.890.parties.6.details.classifications.0,0.releases.890,0.releases.890.parties.6,0,WLB,WLB,Woman-Lead Business
0.releases.890.parties.12.details.classifications.0,0.releases.890,0.releases.890.parties.12,0,WLB,WLB,Woman-Lead Business
0.releases.890.parties.13.details.classifications.0,0.releases.890,0.releases.890.parties.13,0,WLB,WLB,Woman-Lead Business
0.releases.891.parties.2.details.classifications.0,0.releases.891,0.releases.891.parties.2,0,WLB,WLB,Woman-Lead Business
0.releases.894.parties.2.details.classifications.0,0.releases.894,0.releases.894.parties.2,0,WLB,WLB,Woman-Lead Business
0.releases.904.parties.3.details.classifications.0,0.releases.904,0.releases.904.parties.3,0,WLB,WLB,Woman-Lead Business
0.releases.905.parties.4.details.classifications.0,0.releases.905,0.releases.905.parties.4,0,WLB,WLB,Woman-Lead Business
0.releases.905.parties.6.details.classifications.0,0.releases.905,0.releases.905.parties.6,0,WLB,WLB,Woman-Lead Business
0.releases.906.parties.3.details.classifications.0,0.releases.906,0.releases.906.parties.3,0,WLB,WLB,Woman-Lead Business
0.releases.907.parties.3.details.classifications.0,0.releases.907,0.releases.907.parties.3,0,WLB,WLB,Woman-Lead Business
0.releases.908.parties.3.details.classifications.0,0.releases.908,0.releases.908.parties.3,0,WLB,WLB,Woman-Lead Business
0.releases.909.parties.3.details.classifications.0,0.releases.909,0.releases.909.parties.3,0,WLB,WLB,Woman-Lead Business
0.releases.910.parties.3.details.classifications.0,0.releases.910,0.releases.910.parties.3,0,WLB,WLB,Woman-Lead Business
0.releases.912.parties.3.details.classifications.0,0.releases.912,0.releases.912.parties.3,0,WLB,WLB,Woman-Lead Business
0.releases.913.parties.3.details.classifications.0,0.releases.913,0.releases.913.parties.3,0,WLB,WLB,Woman-Lead Business
0.releases.914.parties.1.details.classifications.0,0.releases.914,0.releases.914.parties.1,0,WLB,WLB,Woman-Lead Business
0.releases.914.parties.3.details.classifications.0,0.releases.914,0.releases.914.parties.3,0,WLB,WLB,Woman-Lead Business
0.releases.914.parties.7.details.classifications.0,0.releases.914,0.releases.914.parties.7,0,WLB,WLB,Woman-Lead Business
0.releases.915.parties.4.details.classifications.0,0.releases.915,0.releases.915.parties.4,0,WLB,WLB,Woman-Lead Business
0.releases.916.parties.2.details.classifications.0,0.releases.916,0.releases.916.parties.2,0,WLB,WLB,Woman-Lead Business
0.releases.916.parties.4.details.classifications.0,0.releases.916,0.releases.916.parties.4,0,WLB,WLB,Woman-Lead Business
0.releases.916.parties.9.details.classifications.0,0.releases.916,0.releases.916.parties.9,0,WLB,WLB,Woman-Lead Business
0.releases.919.parties.6.details.classifications.0,0.releases.919,0.releases.919.parties.6,0,WLB,WLB,Woman-Lead Business
0.releases.919.parties.24.details.classifications.0,0.releases.919,0.releases.919.parties.24,0,WLB,WLB,Woman-Lead Business
0.releases.920.parties.6.details.classifications.0,0.releases.920,0.releases.920.parties.6,0,WLB,WLB,Woman-Lead Business
0.releases.920.parties.24.details.classifications.0,0.releases.920,0.releases.920.parties.24,0,WLB,WLB,Woman-Lead Business
0.releases.925.parties.4.details.classifications.0,0.releases.925,0.releases.925.parties.4,0,WLB,WLB,Woman-Lead Business
0.releases.925.parties.5.details.classifications.0,0.releases.925,0.releases.925.parties.5,0,WLB,WLB,Woman-Lead Business
0.releases.925.parties.7.details.classifications.0,0.releases.925,0.releases.925.parties.7,0,WLB,WLB,Woman-Lead Business
0.releases.928.parties.2.details.classifications.0,0.releases.928,0.releases.928.parties.2,0,WLB,WLB,Woman-Lead Business
0.releases.929.parties.4.details.classifications.0,0.releases.929,0.releases.929.parties.4,0,WLB,WLB,Woman-Lead Business
0.releases.932.parties.4.details.classifications.0,0.releases.932,0.releases.932.parties.4,0,WLB,WLB,Woman-Lead Business
0.releases.934.parties.4.details.classifications.0,0.releases.934,0.releases.934.parties.4,0,WLB,WLB,Woman-Lead Business
0.releases.939.parties.2.details.classifications.0,0.releases.939,0.releases.939.parties.2,0,WLB,WLB,Woman-Lead Business
0.releases.939.parties.3.details.classifications.0,0.releases.939,0.releases.939.parties.3,0,WLB,WLB,Woman-Lead Business
0.releases.944.parties.6.details.classifications.0,0.releases.944,0.releases.944.parties.6,0,WLB,WLB,Woman-Lead Business
0.releases.944.parties.24.details.classifications.0,0.releases.944,0.releases.944.parties.24,0,WLB,WLB,Woman-Lead Business
0.releases.945.parties.1.details.classifications.0,0.releases.945,0.releases.945.parties.1,0,WLB,WLB,Woman-Lead Business
0.releases.945.parties.4.details.classifications.0,0.releases.945,0.releases.945.parties.4,0,WLB,WLB,Woman-Lead Business
0.releases.945.parties.5.details.classifications.0,0.releases.945,0.releases.945.parties.5,0,WLB,WLB,Woman-Lead Business
0.releases.946.parties.5.details.classifications.0,0.releases.946,0.releases.946.parties.5,0,WLB,WLB,Woman-Lead Business
0.releases.948.parties.2.details.classifications.0,0.releases.948,0.releases.948.parties.2,0,WLB,WLB,Woman-Lead Business
0.releases.948.parties.3.details.classifications.0,0.releases.948,0.releases.948.parties.3,0,WLB,WLB,Woman-Lead Business
0.releases.950.parties.1.details.classifications.0,0.releases.950,0.releases.950.parties.1,0,WLB,WLB,Woman-Lead Business
0.releases.954.parties.2.details.classifications.0,0.releases.954,0.releases.954.parties.2,0,WLB,WLB,Woman-Lead Business
0.releases.955.parties.1.details.classifications.0,0.releases.955,0.releases.955.parties.1,0,WLB,WLB,Woman-Lead Business
0.releases.955.parties.2.details.classifications.0,0.releases.955,0.releases.955.parties.2,0,WLB,WLB,Woman-Lead Business
0.releases.955.parties.3.details.classifications.0,0.releases.955,0.releases.955.parties.3,0,WLB,WLB,Woman-Lead Business
0.releases.955.parties.6.details.classifications.0,0.releases.955,0.releases.955.parties.6,0,WLB,WLB,Woman-Lead Business
0.releases.955.parties.7.details.classifications.0,0.releases.955,0.releases.955.parties.7,0,WLB,WLB,Woman-Lead Business
0.releases.955.parties.9.details.classifications.0,0.releases.955,0.releases.955.parties.9,0,WLB,WLB,Woman-Lead Business
0.releases.955.parties.11.details.classifications.0,0.releases.955,0.releases.955.parties.11,0,WLB,WLB,Woman-Lead Business
0.releases.955.parties.13.details.classifications.0,0.releases.955,0.releases.955.parties.13,0,WLB,WLB,Woman-Lead Business
0.releases.957.parties.1.details.classifications.0,0.releases.957,0.releases.957.parties.1,0,WLB,WLB,Woman-Lead Business
0.releases.957.parties.2.details.classifications.0,0.releases.957,0.releases.957.parties.2,0,WLB,WLB,Woman-Lead Business
0.releases.957.parties.3.details.classifications.0,0.releases.957,0.releases.957.parties.3,0,WLB,WLB,Woman-Lead Business
0.releases.957.parties.6.details.classifications.0,0.releases.957,0.releases.957.parties.6,0,WLB,WLB,Woman-Lead Business
0.releases.957.parties.7.details.classifications.0,0.releases.957,0.releases.957.parties.7,0,WLB,WLB,Woman-Lead Business
0.releases.957.parties.9.details.classifications.0,0.releases.957,0.releases.957.parties.9,0,WLB,WLB,Woman-Lead Business
0.releases.957.parties.11.details.classifications.0,0.releases.957,0.releases.957.parties.11,0,WLB,WLB,Woman-Lead Business
0.releases.957.parties.13.details.classifications.0,0.releases.957,0.releases.957.parties.13,0,WLB,WLB,Woman-Lead Business
0.releases.959.parties.1.details.classifications.0,0.releases.959,0.releases.959.parties.1,0,WLB,WLB,Woman-Lead Business
0.releases.959.parties.4.details.classifications.0,0.releases.959,0.releases.959.parties.4,0,WLB,WLB,Woman-Lead Business
0.releases.959.parties.5.details.classifications.0,0.releases.959,0.releases.959.parties.5,0,WLB,WLB,Woman-Lead Business
0.releases.964.parties.1.details.classifications.0,0.releases.964,0.releases.964.parties.1,0,WLB,WLB,Woman-Lead Business
0.releases.966.parties.2.details.classifications.0,0.releases.966,0.releases.966.parties.2,0,WLB,WLB,Woman-Lead Business
0.releases.966.parties.7.details.classifications.0,0.releases.966,0.releases.966.parties.7,0,WLB,WLB,Woman-Lead Business
0.releases.967.parties.2.details.classifications.0,0.releases.967,0.releases.967.parties.2,0,WLB,WLB,Woman-Lead Business
0.releases.968.parties.1.details.classifications.0,0.releases.968,0.releases.968.parties.1,0,WLB,WLB,Woman-Lead Business
0.releases.968.parties.9.details.classifications.0,0.releases.968,0.releases.968.parties.9,0,WLB,WLB,Woman-Lead Business
0.releases.968.parties.10.details.classifications.0,0.releases.968,0.releases.968.parties.10,0,WLB,WLB,Woman-Lead Business
0.releases.968.parties.11.details.classifications.0,0.releases.968,0.releases.968.parties.11,0,WLB,WLB,Woman-Lead Business
0.releases.975.parties.1.details.classifications.0,0.releases.975,0.releases.975.parties.1,0,WLB,WLB,Woman-Lead Business
0.releases.975.parties.2.details.classifications.0,0.releases.975,0.releases.975.parties.2,0,WLB,WLB,Woman-Lead Business
0.releases.975.parties.3.details.classifications.0,0.releases.975,0.releases.975.parties.3,0,WLB,WLB,Woman-Lead Business
0.releases.976.parties.2.details.classifications.0,0.releases.976,0.releases.976.parties.2,0,WLB,WLB,Woman-Lead Business
0.releases.976.parties.4.details.classifications.0,0.releases.976,0.releases.976.parties.4,0,WLB,WLB,Woman-Lead Business
0.releases.976.parties.5.details.classifications.0,0.releases.976,0.releases.976.parties.5,0,WLB,WLB,Woman-Lead Business
0.releases.976.parties.6.details.classifications.0,0.releases.976,0.releases.976.parties.6,0,WLB,WLB,Woman-Lead Business
0.releases.977.parties.3.details.classifications.0,0.releases.977,0.releases.977.parties.3,0,WLB,WLB,Woman-Lead Business
0.releases.978.parties.2.details.classifications.0,0.releases.978,0.releases.978.parties.2,0,WLB,WLB,Woman-Lead Business
0.releases.980.parties.2.details.classifications.0,0.releases.980,0.releases.980.parties.2,0,WLB,WLB,Woman-Lead Business
0.releases.981.parties.4.details.classifications.0,0.releases.981,0.releases.981.parties.4,0,WLB,WLB,Woman-Lead Business
0.releases.981.parties.7.details.classifications.0,0.releases.981,0.releases.981.parties.7,0,WLB,WLB,Woman-Lead Business
0.releases.981.parties.9.details.classifications.0,0.releases.981,0.releases.981.parties.9,0,WLB,WLB,Woman-Lead Business
0.releases.981.parties.12.details.classifications.0,0.releases.981,0.releases.981.parties.12,0,WLB,WLB,Woman-Lead Business
0.releases.982.parties.1.details.classifications.0,0.releases.982,0.releases.982.parties.1,0,WLB,WLB,Woman-Lead Business
0.releases.983.parties.3.details.classifications.0,0.releases.983,0.releases.983.parties.3,0,WLB,WLB,Woman-Lead Business
0.releases.983.parties.12.details.classifications.0,0.releases.983,0.releases.983.parties.12,0,WLB,WLB,Woman-Lead Business
0.releases.984.parties.3.details.classifications.0,0.releases.984,0.releases.984.parties.3,0,WLB,WLB,Woman-Lead Business
0.releases.984.parties.12.details.classifications.0,0.releases.984,0.releases.984.parties.12,0,WLB,WLB,Woman-Lead Business
0.releases.990.parties.5.details.classifications.0,0.releases.990,0.releases.990.parties.5,0,WLB,WLB,Woman-Lead Business
0.releases.992.parties.1.details.classifications.0,0.releases.992,0.releases.992.parties.1,0,WLB,WLB,Woman-Lead Business
0.releases.993.parties.3.details.classifications.0,0.releases.993,0.releases.993.parties.3,0,WLB,WLB,Woman-Lead Business
0.releases.993.parties.4.details.classifications.0,0.releases.993,0.releases.993.parties.4,0,WLB,WLB,Woman-Lead Business
0.releases.993.parties.7.details.classifications.0,0.releases.993,0.releases.993.parties.7,0,WLB,WLB,Woman-Lead Business
0.releases.994.parties.2.details.classifications.0,0.releases.994,0.releases.994.parties.2,0,WLB,WLB,Woman-Lead Business
0.releases.994.parties.3.details.classifications.0,0.releases.994,0.releases.994.parties.3,0,WLB,WLB,Woman-Lead Business
0.releases.996.parties.2.details.classifications.0,0.releases.996,0.releases.996.parties.2,0,WLB,WLB,Woman-Lead Business
0.releases.996.parties.5.details.classifications.0,0.releases.996,0.releases.996.parties.5,0,WLB,WLB,Woman-Lead Business
0.releases.996.parties.8.details.classifications.0,0.releases.996,0.releases.996.parties.8,0,WLB,WLB,Woman-Lead Business
0.releases.996.parties.9.details.classifications.0,0.releases.996,0.releases.996.parties.9,0,WLB,WLB,Woman-Lead Business
0.releases.998.parties.1.details.classifications.0,0.releases.998,0.releases.998.parties.1,0,WLB,WLB,Woman-Lead Business
0.releases.999.parties.2.details.classifications.0,0.releases.999,0.releases.999.parties.2,0,WLB,WLB,Woman-Lead Business
0.releases.999.parties.3.details.classifications.0,0.releases.999,0.releases.999.parties.3,0,WLB,WLB,Woman-Lead Business
0.releases.1004.parties.3.details.classifications.0,0.releases.1004,0.releases.1004.parties.3,0,WLB,WLB,Woman-Lead Business
0.releases.1004.parties.8.details.classifications.0,0.releases.1004,0.releases.1004.parties.8,0,WLB,WLB,Woman-Lead Business
0.releases.1005.parties.3.details.classifications.0,0.releases.1005,0.releases.1005.parties.3,0,WLB,WLB,Woman-Lead Business
0.releases.1005.parties.8.details.classifications.0,0.releases.1005,0.releases.1005.parties.8,0,WLB,WLB,Woman-Lead Business
0.releases.1007.parties.2.details.classifications.0,0.releases.1007,0.releases.1007.parties.2,0,WLB,WLB,Woman-Lead Business
0.releases.1008.parties.2.details.classifications.0,0.releases.1008,0.releases.1008.parties.2,0,WLB,WLB,Woman-Lead Business
0.releases.1011.parties.4.details.classifications.0,0.releases.1011,0.releases.1011.parties.4,0,WLB,WLB,Woman-Lead Business
0.releases.1011.parties.5.details.classifications.0,0.releases.1011,0.releases.1011.parties.5,0,WLB,WLB,Woman-Lead Business
0.releases.1011.parties.7.details.classifications.0,0.releases.1011,0.releases.1011.parties.7,0,WLB,WLB,Woman-Lead Business
0.releases.1013.parties.3.details.classifications.0,0.releases.1013,0.releases.1013.parties.3,0,WLB,WLB,Woman-Lead Business
0.releases.1017.parties.1.details.classifications.0,0.releases.1017,0.releases.1017.parties.1,0,WLB,WLB,Woman-Lead Business
0.releases.1017.parties.2.details.classifications.0,0.releases.1017,0.releases.1017.parties.2,0,WLB,WLB,Woman-Lead Business
0.releases.1018.parties.8.details.classifications.0,0.releases.1018,0.releases.1018.parties.8,0,WLB,WLB,Woman-Lead Business
0.releases.1020.parties.4.details.classifications.0,0.releases.1020,0.releases.1020.parties.4,0,WLB,WLB,Woman-Lead Business
0.releases.1020.parties.5.details.classifications.0,0.releases.1020,0.releases.1020.parties.5,0,WLB,WLB,Woman-Lead Business
0.releases.1020.parties.7.details.classifications.0,0.releases.1020,0.releases.1020.parties.7,0,WLB,WLB,Woman-Lead Business
0.releases.1021.parties.5.details.classifications.0,0.releases.1021,0.releases.1021.parties.5,0,WLB,WLB,Woman-Lead Business
0.releases.1022.parties.4.details.classifications.0,0.releases.1022,0.releases.1022.parties.4,0,WLB,WLB,Woman-Lead Business
0.releases.1022.parties.5.details.classifications.0,0.releases.1022,0.releases.1022.parties.5,0,WLB,WLB,Woman-Lead Business
0.releases.1022.parties.7.details.classifications.0,0.releases.1022,0.releases.1022.parties.7,0,WLB,WLB,Woman-Lead Business
0.releases.1023.parties.2.details.classifications.0,0.releases.1023,0.releases.1023.parties.2,0,WLB,WLB,Woman-Lead Business
0.releases.1024.parties.4.details.classifications.0,0.releases.1024,0.releases.1024.parties.4,0,WLB,WLB,Woman-Lead Business
0.releases.1024.parties.5.details.classifications.0,0.releases.1024,0.releases.1024.parties.5,0,WLB,WLB,Woman-Lead Business
0.releases.1024.parties.7.details.classifications.0,0.releases.1024,0.releases.1024.parties.7,0,WLB,WLB,Woman-Lead Business
0.releases.1025.parties.2.details.classifications.0,0.releases.1025,0.releases.1025.parties.2,0,WLB,WLB,Woman-Lead Business
0.releases.1026.parties.2.details.classifications.0,0.releases.1026,0.releases.1026.parties.2,0,WLB,WLB,Woman-Lead Business
0.releases.1027.parties.4.details.classifications.0,0.releases.1027,0.releases.1027.parties.4,0,WLB,WLB,Woman-Lead Business
0.releases.1027.parties.5.details.classifications.0,0.releases.1027,0.releases.1027.parties.5,0,WLB,WLB,Woman-Lead Business
0.releases.1027.parties.7.details.classifications.0,0.releases.1027,0.releases.1027.parties.7,0,WLB,WLB,Woman-Lead Business
0.releases.1028.parties.2.details.classifications.0,0.releases.1028,0.releases.1028.parties.2,0,WLB,WLB,Woman-Lead Business
0.releases.1029.parties.2.details.classifications.0,0.releases.1029,0.releases.1029.parties.2,0,WLB,WLB,Woman-Lead Business
0.releases.1030.parties.4.details.classifications.0,0.releases.1030,0.releases.1030.parties.4,0,WLB,WLB,Woman-Lead Business
0.releases.1030.parties.5.details.classifications.0,0.releases.1030,0.releases.1030.parties.5,0,WLB,WLB,Woman-Lead Business
0.releases.1030.parties.7.details.classifications.0,0.releases.1030,0.releases.1030.parties.7,0,WLB,WLB,Woman-Lead Business
0.releases.1031.parties.2.details.classifications.0,0.releases.1031,0.releases.1031.parties.2,0,WLB,WLB,Woman-Lead Business
0.releases.1032.parties.1.details.classifications.0,0.releases.1032,0.releases.1032.parties.1,0,WLB,WLB,Woman-Lead Business
0.releases.1033.parties.8.details.classifications.0,0.releases.1033,0.releases.1033.parties.8,0,WLB,WLB,Woman-Lead Business
0.releases.1035.parties.3.details.classifications.0,0.releases.1035,0.releases.1035.parties.3,0,WLB,WLB,Woman-Lead Business
0.releases.1035.parties.12.details.classifications.0,0.releases.1035,0.releases.1035.parties.12,0,WLB,WLB,Woman-Lead Business
0.releases.1038.parties.3.details.classifications.0,0.releases.1038,0.releases.1038.parties.3,0,WLB,WLB,Woman-Lead Business
0.releases.1038.parties.4.details.classifications.0,0.releases.1038,0.releases.1038.parties.4,0,WLB,WLB,Woman-Lead Business
0.releases.1038.parties.7.details.classifications.0,0.releases.1038,0.releases.1038.parties.7,0,WLB,WLB,Woman-Lead Business
0.releases.1039.parties.3.details.classifications.0,0.releases.1039,0.releases.1039.parties.3,0,WLB,WLB,Woman-Lead Business
0.releases.1039.parties.12.details.classifications.0,0.releases.1039,0.releases.1039.parties.12,0,WLB,WLB,Woman-Lead Business
0.releases.1041.parties.3.details.classifications.0,0.releases.1041,0.releases.1041.parties.3,0,WLB,WLB,Woman-Lead Business
0.releases.1041.parties.4.details.classifications.0,0.releases.1041,0.releases.1041.parties.4,0,WLB,WLB,Woman-Lead Business
0.releases.1041.parties.5.details.classifications.0,0.releases.1041,0.releases.1041.parties.5,0,WLB,WLB,Woman-Lead Business
0.releases.1041.parties.8.details.classifications.0,0.releases.1041,0.releases.1041.parties.8,0,WLB,WLB,Woman-Lead Business
0.releases.1041.parties.9.details.classifications.0,0.releases.1041,0.releases.1041.parties.9,0,WLB,WLB,Woman-Lead Business
0.releases.1041.parties.11.details.classifications.0,0.releases.1041,0.releases.1041.parties.11,0,WLB,WLB,Woman-Lead Business
0.releases.1046.parties.2.details.classifications.0,0.releases.1046,0.releases.1046.parties.2,0,WLB,WLB,Woman-Lead Business
0.releases.1054.parties.3.details.classifications.0,0.releases.1054,0.releases.1054.parties.3,0,WLB,WLB,Woman-Lead Business
0.releases.1057.parties.5.details.classifications.0,0.releases.1057,0.releases.1057.parties.5,0,WLB,WLB,Woman-Lead Business
0.releases.1057.parties.10.details.classifications.0,0.releases.1057,0.releases.1057.parties.10,0,WLB,WLB,Woman-Lead Business
0.releases.1059.parties.8.details.classifications.0,0.releases.1059,0.releases.1059.parties.8,0,WLB,WLB,Woman-Lead Business
0.releases.1060.parties.5.details.classifications.0,0.releases.1060,0.releases.1060.parties.5,0,WLB,WLB,Woman-Lead Business
0.releases.1062.parties.1.details.classifications.0,0.releases.1062,0.releases.1062.parties.1,0,WLB,WLB,Woman-Lead Business
0.releases.1063.parties.1.details.classifications.0,0.releases.1063,0.releases.1063.parties.1,0,WLB,WLB,Woman-Lead Business
0.releases.1063.parties.3.details.classifications.0,0.releases.1063,0.releases.1063.parties.3,0,WLB,WLB,Woman-Lead Business
0.releases.1064.parties.3.details.classifications.0,0.releases.1064,0.releases.1064.parties.3,0,WLB,WLB,Woman-Lead Business
0.releases.1065.parties.1.details.classifications.0,0.releases.1065,0.releases.1065.parties.1,0,WLB,WLB,Woman-Lead Business
0.releases.1065.parties.2.details.classifications.0,0.releases.1065,0.releases.1065.parties.2,0,WLB,WLB,Woman-Lead Business
0.releases.1065.parties.6.details.classifications.0,0.releases.1065,0.releases.1065.parties.6,0,WLB,WLB,Woman-Lead Business
0.releases.1066.parties.6.details.classifications.0,0.releases.1066,0.releases.1066.parties.6,0,WLB,WLB,Woman-Lead Business
0.releases.1066.parties.7.details.classifications.0,0.releases.1066,0.releases.1066.parties.7,0,WLB,WLB,Woman-Lead Business
0.releases.1066.parties.8.details.classifications.0,0.releases.1066,0.releases.1066.parties.8,0,WLB,WLB,Woman-Lead Business
0.releases.1066.parties.11.details.classifications.0,0.releases.1066,0.releases.1066.parties.11,0,WLB,WLB,Woman-Lead Business
0.releases.1066.parties.12.details.classifications.0,0.releases.1066,0.releases.1066.parties.12,0,WLB,WLB,Woman-Lead Business
0.releases.1066.parties.18.details.classifications.0,0.releases.1066,0.releases.1066.parties.18,0,WLB,WLB,Woman-Lead Business
0.releases.1067.parties.6.details.classifications.0,0.releases.1067,0.releases.1067.parties.6,0,WLB,WLB,Woman-Lead Business
0.releases.1067.parties.7.details.classifications.0,0.releases.1067,0.releases.1067.parties.7,0,WLB,WLB,Woman-Lead Business
0.releases.1067.parties.8.details.classifications.0,0.releases.1067,0.releases.1067.parties.8,0,WLB,WLB,Woman-Lead Business
0.releases.1067.parties.11.details.classifications.0,0.releases.1067,0.releases.1067.parties.11,0,WLB,WLB,Woman-Lead Business
0.releases.1067.parties.12.details.classifications.0,0.releases.1067,0.releases.1067.parties.12,0,WLB,WLB,Woman-Lead Business
0.releases.1067.parties.18.details.classifications.0,0.releases.1067,0.releases.1067.parties.18,0,WLB,WLB,Woman-Lead Business
0.releases.1068.parties.6.details.classifications.0,0.releases.1068,0.releases.1068.parties.6,0,WLB,WLB,Woman-Lead Business
0.releases.1068.parties.7.details.classifications.0,0.releases.1068,0.releases.1068.parties.7,0,WLB,WLB,Woman-Lead Business
0.releases.1068.parties.8.details.classifications.0,0.releases.1068,0.releases.1068.parties.8,0,WLB,WLB,Woman-Lead Business
0.releases.1068.parties.11.details.classifications.0,0.releases.1068,0.releases.1068.parties.11,0,WLB,WLB,Woman-Lead Business
0.releases.1068.parties.12.details.classifications.0,0.releases.1068,0.releases.1068.parties.12,0,WLB,WLB,Woman-Lead Business
0.releases.1068.parties.18.details.classifications.0,0.releases.1068,0.releases.1068.parties.18,0,WLB,WLB,Woman-Lead Business
0.releases.1069.parties.6.details.classifications.0,0.releases.1069,0.releases.1069.parties.6,0,WLB,WLB,Woman-Lead Business
0.releases.1069.parties.7.details.classifications.0,0.releases.1069,0.releases.1069.parties.7,0,WLB,WLB,Woman-Lead Business
0.releases.1069.parties.8.details.classifications.0,0.releases.1069,0.releases.1069.parties.8,0,WLB,WLB,Woman-Lead Business
0.releases.1069.parties.11.details.classifications.0,0.releases.1069,0.releases.1069.parties.11,0,WLB,WLB,Woman-Lead Business
0.releases.1069.parties.12.details.classifications.0,0.releases.1069,0.releases.1069.parties.12,0,WLB,WLB,Woman-Lead Business
0.releases.1069.parties.18.details.classifications.0,0.releases.1069,0.releases.1069.parties.18,0,WLB,WLB,Woman-Lead Business
0.releases.1070.parties.6.details.classifications.0,0.releases.1070,0.releases.1070.parties.6,0,WLB,WLB,Woman-Lead Business
0.releases.1070.parties.7.details.classifications.0,0.releases.1070,0.releases.1070.parties.7,0,WLB,WLB,Woman-Lead Business
0.releases.1070.parties.8.details.classifications.0,0.releases.1070,0.releases.1070.parties.8,0,WLB,WLB,Woman-Lead Business
0.releases.1070.parties.11.details.classifications.0,0.releases.1070,0.releases.1070.parties.11,0,WLB,WLB,Woman-Lead Business
0.releases.1070.parties.12.details.classifications.0,0.releases.1070,0.releases.1070.parties.12,0,WLB,WLB,Woman-Lead Business
0.releases.1070.parties.18.details.classifications.0,0.releases.1070,0.releases.1070.parties.18,0,WLB,WLB,Woman-Lead Business
0.releases.1071.parties.6.details.classifications.0,0.releases.1071,0.releases.1071.parties.6,0,WLB,WLB,Woman-Lead Business
0.releases.1071.parties.7.details.classifications.0,0.releases.1071,0.releases.1071.parties.7,0,WLB,WLB,Woman-Lead Business
0.releases.1071.parties.8.details.classifications.0,0.releases.1071,0.releases.1071.parties.8,0,WLB,WLB,Woman-Lead Business
0.releases.1071.parties.11.details.classifications.0,0.releases.1071,0.releases.1071.parties.11,0,WLB,WLB,Woman-Lead Business
0.releases.1071.parties.12.details.classifications.0,0.releases.1071,0.releases.1071.parties.12,0,WLB,WLB,Woman-Lead Business
0.releases.1071.parties.18.details.classifications.0,0.releases.1071,0.releases.1071.parties.18,0,WLB,WLB,Woman-Lead Business
0.releases.1072.parties.6.details.classifications.0,0.releases.1072,0.releases.1072.parties.6,0,WLB,WLB,Woman-Lead Business
0.releases.1072.parties.7.details.classifications.0,0.releases.1072,0.releases.1072.parties.7,0,WLB,WLB,Woman-Lead Business
0.releases.1072.parties.8.details.classifications.0,0.releases.1072,0.releases.1072.parties.8,0,WLB,WLB,Woman-Lead Business
0.releases.1072.parties.11.details.classifications.0,0.releases.1072,0.releases.1072.parties.11,0,WLB,WLB,Woman-Lead Business
0.releases.1072.parties.12.details.classifications.0,0.releases.1072,0.releases.1072.parties.12,0,WLB,WLB,Woman-Lead Business
0.releases.1072.parties.18.details.classifications.0,0.releases.1072,0.releases.1072.parties.18,0,WLB,WLB,Woman-Lead Business
0.releases.1073.parties.6.details.classifications.0,0.releases.1073,0.releases.1073.parties.6,0,WLB,WLB,Woman-Lead Business
0.releases.1073.parties.7.details.classifications.0,0.releases.1073,0.releases.1073.parties.7,0,WLB,WLB,Woman-Lead Business
0.releases.1073.parties.8.details.classifications.0,0.releases.1073,0.releases.1073.parties.8,0,WLB,WLB,Woman-Lead Business
0.releases.1073.parties.11.details.classifications.0,0.releases.1073,0.releases.1073.parties.11,0,WLB,WLB,Woman-Lead Business
0.releases.1073.parties.12.details.classifications.0,0.releases.1073,0.releases.1073.parties.12,0,WLB,WLB,Woman-Lead Business
0.releases.1073.parties.18.details.classifications.0,0.releases.1073,0.releases.1073.parties.18,0,WLB,WLB,Woman-Lead Business
0.releases.1074.parties.6.details.classifications.0,0.releases.1074,0.releases.1074.parties.6,0,WLB,WLB,Woman-Lead Business
0.releases.1074.parties.7.details.classifications.0,0.releases.1074,0.releases.1074.parties.7,0,WLB,WLB,Woman-Lead Business
0.releases.1074.parties.8.details.classifications.0,0.releases.1074,0.releases.1074.parties.8,0,WLB,WLB,Woman-Lead Business
0.releases.1074.parties.11.details.classifications.0,0.releases.1074,0.releases.1074.parties.11,0,WLB,WLB,Woman-Lead Business
0.releases.1074.parties.12.details.classifications.0,0.releases.1074,0.releases.1074.parties.12,0,WLB,WLB,Woman-Lead Business
0.releases.1074.parties.18.details.classifications.0,0.releases.1074,0.releases.1074.parties.18,0,WLB,WLB,Woman-Lead Business
0.releases.1075.parties.6.details.classifications.0,0.releases.1075,0.releases.1075.parties.6,0,WLB,WLB,Woman-Lead Business
0.releases.1075.parties.7.details.classifications.0,0.releases.1075,0.releases.1075.parties.7,0,WLB,WLB,Woman-Lead Business
0.releases.1075.parties.8.details.classifications.0,0.releases.1075,0.releases.1075.parties.8,0,WLB,WLB,Woman-Lead Business
0.releases.1075.parties.11.details.classifications.0,0.releases.1075,0.releases.1075.parties.11,0,WLB,WLB,Woman-Lead Business
0.releases.1075.parties.12.details.classifications.0,0.releases.1075,0.releases.1075.parties.12,0,WLB,WLB,Woman-Lead Business
0.releases.1075.parties.18.details.classifications.0,0.releases.1075,0.releases.1075.parties.18,0,WLB,WLB,Woman-Lead Business
0.releases.1076.parties.6.details.classifications.0,0.releases.1076,0.releases.1076.parties.6,0,WLB,WLB,Woman-Lead Business
0.releases.1076.parties.7.details.classifications.0,0.releases.1076,0.releases.1076.parties.7,0,WLB,WLB,Woman-Lead Business
0.releases.1076.parties.8.details.classifications.0,0.releases.1076,0.releases.1076.parties.8,0,WLB,WLB,Woman-Lead Business
0.releases.1076.parties.11.details.classifications.0,0.releases.1076,0.releases.1076.parties.11,0,WLB,WLB,Woman-Lead Business
0.releases.1076.parties.12.details.classifications.0,0.releases.1076,0.releases.1076.parties.12,0,WLB,WLB,Woman-Lead Business
0.releases.1076.parties.18.details.classifications.0,0.releases.1076,0.releases.1076.parties.18,0,WLB,WLB,Woman-Lead Business
0.releases.1077.parties.6.details.classifications.0,0.releases.1077,0.releases.1077.parties.6,0,WLB,WLB,Woman-Lead Business
0.releases.1077.parties.7.details.classifications.0,0.releases.1077,0.releases.1077.parties.7,0,WLB,WLB,Woman-Lead Business
0.releases.1077.parties.8.details.classifications.0,0.releases.1077,0.releases.1077.parties.8,0,WLB,WLB,Woman-Lead Business
0.releases.1077.parties.11.details.classifications.0,0.releases.1077,0.releases.1077.parties.11,0,WLB,WLB,Woman-Lead Business
0.releases.1077.parties.12.details.classifications.0,0.releases.1077,0.releases.1077.parties.12,0,WLB,WLB,Woman-Lead Business
0.releases.1077.parties.18.details.classifications.0,0.releases.1077,0.releases.1077.parties.18,0,WLB,WLB,Woman-Lead Business
0.releases.1078.parties.6.details.classifications.0,0.releases.1078,0.releases.1078.parties.6,0,WLB,WLB,Woman-Lead Business
0.releases.1078.parties.7.details.classifications.0,0.releases.1078,0.releases.1078.parties.7,0,WLB,WLB,Woman-Lead Business
0.releases.1078.parties.8.details.classifications.0,0.releases.1078,0.releases.1078.parties.8,0,WLB,WLB,Woman-Lead Business
0.releases.1078.parties.11.details.classifications.0,0.releases.1078,0.releases.1078.parties.11,0,WLB,WLB,Woman-Lead Business
0.releases.1078.parties.12.details.classifications.0,0.releases.1078,0.releases.1078.parties.12,0,WLB,WLB,Woman-Lead Business
0.releases.1078.parties.18.details.classifications.0,0.releases.1078,0.releases.1078.parties.18,0,WLB,WLB,Woman-Lead Business
0.releases.1079.parties.6.details.classifications.0,0.releases.1079,0.releases.1079.parties.6,0,WLB,WLB,Woman-Lead Business
0.releases.1079.parties.7.details.classifications.0,0.releases.1079,0.releases.1079.parties.7,0,WLB,WLB,Woman-Lead Business
0.releases.1079.parties.8.details.classifications.0,0.releases.1079,0.releases.1079.parties.8,0,WLB,WLB,Woman-Lead Business
0.releases.1079.parties.11.details.classifications.0,0.releases.1079,0.releases.1079.parties.11,0,WLB,WLB,Woman-Lead Business
0.releases.1079.parties.12.details.classifications.0,0.releases.1079,0.releases.1079.parties.12,0,WLB,WLB,Woman-Lead Business
0.releases.1079.parties.18.details.classifications.0,0.releases.1079,0.releases.1079.parties.18,0,WLB,WLB,Woman-Lead Business
0.releases.1080.parties.6.details.classifications.0,0.releases.1080,0.releases.1080.parties.6,0,WLB,WLB,Woman-Lead Business
0.releases.1080.parties.7.details.classifications.0,0.releases.1080,0.releases.1080.parties.7,0,WLB,WLB,Woman-Lead Business
0.releases.1080.parties.8.details.classifications.0,0.releases.1080,0.releases.1080.parties.8,0,WLB,WLB,Woman-Lead Business
0.releases.1080.parties.11.details.classifications.0,0.releases.1080,0.releases.1080.parties.11,0,WLB,WLB,Woman-Lead Business
0.releases.1080.parties.12.details.classifications.0,0.releases.1080,0.releases.1080.parties.12,0,WLB,WLB,Woman-Lead Business
0.releases.1080.parties.18.details.classifications.0,0.releases.1080,0.releases.1080.parties.18,0,WLB,WLB,Woman-Lead Business
0.releases.1081.parties.6.details.classifications.0,0.releases.1081,0.releases.1081.parties.6,0,WLB,WLB,Woman-Lead Business
0.releases.1081.parties.7.details.classifications.0,0.releases.1081,0.releases.1081.parties.7,0,WLB,WLB,Woman-Lead Business
0.releases.1081.parties.8.details.classifications.0,0.releases.1081,0.releases.1081.parties.8,0,WLB,WLB,Woman-Lead Business
0.releases.1081.parties.11.details.classifications.0,0.releases.1081,0.releases.1081.parties.11,0,WLB,WLB,Woman-Lead Business
0.releases.1081.parties.12.details.classifications.0,0.releases.1081,0.releases.1081.parties.12,0,WLB,WLB,Woman-Lead Business
0.releases.1081.parties.18.details.classifications.0,0.releases.1081,0.releases.1081.parties.18,0,WLB,WLB,Woman-Lead Business
0.releases.1082.parties.6.details.classifications.0,0.releases.1082,0.releases.1082.parties.6,0,WLB,WLB,Woman-Lead Business
0.releases.1082.parties.7.details.classifications.0,0.releases.1082,0.releases.1082.parties.7,0,WLB,WLB,Woman-Lead Business
0.releases.1082.parties.8.details.classifications.0,0.releases.1082,0.releases.1082.parties.8,0,WLB,WLB,Woman-Lead Business
0.releases.1082.parties.11.details.classifications.0,0.releases.1082,0.releases.1082.parties.11,0,WLB,WLB,Woman-Lead Business
0.releases.1082.parties.12.details.classifications.0,0.releases.1082,0.releases.1082.parties.12,0,WLB,WLB,Woman-Lead Business
0.releases.1082.parties.18.details.classifications.0,0.releases.1082,0.releases.1082.parties.18,0,WLB,WLB,Woman-Lead Business
0.releases.1083.parties.6.details.classifications.0,0.releases.1083,0.releases.1083.parties.6,0,WLB,WLB,Woman-Lead Business
0.releases.1083.parties.7.details.classifications.0,0.releases.1083,0.releases.1083.parties.7,0,WLB,WLB,Woman-Lead Business
0.releases.1083.parties.8.details.classifications.0,0.releases.1083,0.releases.1083.parties.8,0,WLB,WLB,Woman-Lead Business
0.releases.1083.parties.11.details.classifications.0,0.releases.1083,0.releases.1083.parties.11,0,WLB,WLB,Woman-Lead Business
0.releases.1083.parties.12.details.classifications.0,0.releases.1083,0.releases.1083.parties.12,0,WLB,WLB,Woman-Lead Business
0.releases.1083.parties.18.details.classifications.0,0.releases.1083,0.releases.1083.parties.18,0,WLB,WLB,Woman-Lead Business
0.releases.1084.parties.4.details.classifications.0,0.releases.1084,0.releases.1084.parties.4,0,WLB,WLB,Woman-Lead Business
0.releases.1085.parties.4.details.classifications.0,0.releases.1085,0.releases.1085.parties.4,0,WLB,WLB,Woman-Lead Business
0.releases.1086.parties.4.details.classifications.0,0.releases.1086,0.releases.1086.parties.4,0,WLB,WLB,Woman-Lead Business
0.releases.1087.parties.4.details.classifications.0,0.releases.1087,0.releases.1087.parties.4,0,WLB,WLB,Woman-Lead Business
0.releases.1088.parties.2.details.classifications.0,0.releases.1088,0.releases.1088.parties.2,0,WLB,WLB,Woman-Lead Business
0.releases.1089.parties.2.details.classifications.0,0.releases.1089,0.releases.1089.parties.2,0,WLB,WLB,Woman-Lead Business
0.releases.1090.parties.6.details.classifications.0,0.releases.1090,0.releases.1090.parties.6,0,WLB,WLB,Woman-Lead Business
0.releases.1090.parties.24.details.classifications.0,0.releases.1090,0.releases.1090.parties.24,0,WLB,WLB,Woman-Lead Business
0.releases.1091.parties.1.details.classifications.0,0.releases.1091,0.releases.1091.parties.1,0,WLB,WLB,Woman-Lead Business
0.releases.1091.parties.2.details.classifications.0,0.releases.1091,0.releases.1091.parties.2,0,WLB,WLB,Woman-Lead Business
0.releases.1091.parties.6.details.classifications.0,0.releases.1091,0.releases.1091.parties.6,0,WLB,WLB,Woman-Lead Business
0.releases.1092.parties.6.details.classifications.0,0.releases.1092,0.releases.1092.parties.6,0,WLB,WLB,Woman-Lead Business
0.releases.1092.parties.24.details.classifications.0,0.releases.1092,0.releases.1092.parties.24,0,WLB,WLB,Woman-Lead Business
0.releases.1093.parties.6.details.classifications.0,0.releases.1093,0.releases.1093.parties.6,0,WLB,WLB,Woman-Lead Business
0.releases.1093.parties.24.details.classifications.0,0.releases.1093,0.releases.1093.parties.24,0,WLB,WLB,Woman-Lead Business
0.releases.1094.parties.2.details.classifications.0,0.releases.1094,0.releases.1094.parties.2,0,WLB,WLB,Woman-Lead Business
0.releases.1095.parties.2.details.classifications.0,0.releases.1095,0.releases.1095.parties.2,0,WLB,WLB,Woman-Lead Business
0.releases.1096.parties.2.details.classifications.0,0.releases.1096,0.releases.1096.parties.2,0,WLB,WLB,Woman-Lead Business
0.releases.1097.parties.6.details.classifications.0,0.releases.1097,0.releases.1097.parties.6,0,WLB,WLB,Woman-Lead Business
0.releases.1097.parties.24.details.classifications.0,0.releases.1097,0.releases.1097.parties.24,0,WLB,WLB,Woman-Lead Business
0.releases.1098.parties.6.details.classifications.0,0.releases.1098,0.releases.1098.parties.6,0,WLB,WLB,Woman-Lead Business
0.releases.1098.parties.24.details.classifications.0,0.releases.1098,0.releases.1098.parties.24,0,WLB,WLB,Woman-Lead Business
0.releases.1099.parties.6.details.classifications.0,0.releases.1099,0.releases.1099.parties.6,0,WLB,WLB,Woman-Lead Business
0.releases.1099.parties.24.details.classifications.0,0.releases.1099,0.releases.1099.parties.24,0,WLB,WLB,Woman-Lead Business
0.releases.1100.parties.6.details.classifications.0,0.releases.1100,0.releases.1100.parties.6,0,WLB,WLB,Woman-Lead Business
0.releases.1100.parties.24.details.classifications.0,0.releases.1100,0.releases.1100.parties.24,0,WLB,WLB,Woman-Lead Business
0.releases.1101.parties.6.details.classifications.0,0.releases.1101,0.releases.1101.parties.6,0,WLB,WLB,Woman-Lead Business
0.releases.1101.parties.24.details.classifications.0,0.releases.1101,0.releases.1101.parties.24,0,WLB,WLB,Woman-Lead Business
0.releases.1102.parties.6.details.classifications.0,0.releases.1102,0.releases.1102.parties.6,0,WLB,WLB,Woman-Lead Business
0.releases.1102.parties.24.details.classifications.0,0.releases.1102,0.releases.1102.parties.24,0,WLB,WLB,Woman-Lead Business
0.releases.1103.parties.6.details.classifications.0,0.releases.1103,0.releases.1103.parties.6,0,WLB,WLB,Woman-Lead Business
0.releases.1103.parties.24.details.classifications.0,0.releases.1103,0.releases.1103.parties.24,0,WLB,WLB,Woman-Lead Business
0.releases.1104.parties.6.details.classifications.0,0.releases.1104,0.releases.1104.parties.6,0,WLB,WLB,Woman-Lead Business
0.releases.1104.parties.24.details.classifications.0,0.releases.1104,0.releases.1104.parties.24,0,WLB,WLB,Woman-Lead Business
0.releases.1105.parties.6.details.classifications.0,0.releases.1105,0.releases.1105.parties.6,0,WLB,WLB,Woman-Lead Business
0.releases.1105.parties.24.details.classifications.0,0.releases.1105,0.releases.1105.parties.24,0,WLB,WLB,Woman-Lead Business
0.releases.1106.parties.6.details.classifications.0,0.releases.1106,0.releases.1106.parties.6,0,WLB,WLB,Woman-Lead Business
0.releases.1106.parties.24.details.classifications.0,0.releases.1106,0.releases.1106.parties.24,0,WLB,WLB,Woman-Lead Business
0.releases.1107.parties.6.details.classifications.0,0.releases.1107,0.releases.1107.parties.6,0,WLB,WLB,Woman-Lead Business
0.releases.1107.parties.24.details.classifications.0,0.releases.1107,0.releases.1107.parties.24,0,WLB,WLB,Woman-Lead Business
0.releases.1108.parties.6.details.classifications.0,0.releases.1108,0.releases.1108.parties.6,0,WLB,WLB,Woman-Lead Business
0.releases.1108.parties.24.details.classifications.0,0.releases.1108,0.releases.1108.parties.24,0,WLB,WLB,Woman-Lead Business
0.releases.1110.parties.6.details.classifications.0,0.releases.1110,0.releases.1110.parties.6,0,WLB,WLB,Woman-Lead Business
0.releases.1110.parties.24.details.classifications.0,0.releases.1110,0.releases.1110.parties.24,0,WLB,WLB,Woman-Lead Business
0.releases.1111.parties.6.details.classifications.0,0.releases.1111,0.releases.1111.parties.6,0,WLB,WLB,Woman-Lead Business
0.releases.1111.parties.24.details.classifications.0,0.releases.1111,0.releases.1111.parties.24,0,WLB,WLB,Woman-Lead Business
0.releases.1112.parties.6.details.classifications.0,0.releases.1112,0.releases.1112.parties.6,0,WLB,WLB,Woman-Lead Business
0.releases.1112.parties.24.details.classifications.0,0.releases.1112,0.releases.1112.parties.24,0,WLB,WLB,Woman-Lead Business
0.releases.1113.parties.6.details.classifications.0,0.releases.1113,0.releases.1113.parties.6,0,WLB,WLB,Woman-Lead Business
0.releases.1113.parties.24.details.classifications.0,0.releases.1113,0.releases.1113.parties.24,0,WLB,WLB,Woman-Lead Business
0.releases.1114.parties.6.details.classifications.0,0.releases.1114,0.releases.1114.parties.6,0,WLB,WLB,Woman-Lead Business
0.releases.1114.parties.24.details.classifications.0,0.releases.1114,0.releases.1114.parties.24,0,WLB,WLB,Woman-Lead Business
0.releases.1115.parties.5.details.classifications.0,0.releases.1115,0.releases.1115.parties.5,0,WLB,WLB,Woman-Lead Business
0.releases.1115.parties.8.details.classifications.0,0.releases.1115,0.releases.1115.parties.8,0,WLB,WLB,Woman-Lead Business
0.releases.1123.parties.1.details.classifications.0,0.releases.1123,0.releases.1123.parties.1,0,WLB,WLB,Woman-Lead Business
0.releases.1124.parties.2.details.classifications.0,0.releases.1124,0.releases.1124.parties.2,0,WLB,WLB,Woman-Lead Business
0.releases.1128.parties.4.details.classifications.0,0.releases.1128,0.releases.1128.parties.4,0,WLB,WLB,Woman-Lead Business
0.releases.1128.parties.9.details.classifications.0,0.releases.1128,0.releases.1128.parties.9,0,WLB,WLB,Woman-Lead Business
0.releases.1129.parties.3.details.classifications.0,0.releases.1129,0.releases.1129.parties.3,0,WLB,WLB,Woman-Lead Business
0.releases.1130.parties.4.details.classifications.0,0.releases.1130,0.releases.1130.parties.4,0,WLB,WLB,Woman-Lead Business
0.releases.1130.parties.7.details.classifications.0,0.releases.1130,0.releases.1130.parties.7,0,WLB,WLB,Woman-Lead Business
0.releases.1130.parties.9.details.classifications.0,0.releases.1130,0.releases.1130.parties.9,0,WLB,WLB,Woman-Lead Business
0.releases.1130.parties.12.details.classifications.0,0.releases.1130,0.releases.1130.parties.12,0,WLB,WLB,Woman-Lead Business
0.releases.1131.parties.4.details.classifications.0,0.releases.1131,0.releases.1131.parties.4,0,WLB,WLB,Woman-Lead Business
0.releases.1131.parties.9.details.classifications.0,0.releases.1131,0.releases.1131.parties.9,0,WLB,WLB,Woman-Lead Business
0.releases.1132.parties.1.details.classifications.0,0.releases.1132,0.releases.1132.parties.1,0,WLB,WLB,Woman-Lead Business
0.releases.1133.parties.2.details.classifications.0,0.releases.1133,0.releases.1133.parties.2,0,WLB,WLB,Woman-Lead Business
0.releases.1134.parties.2.details.classifications.0,0.releases.1134,0.releases.1134.parties.2,0,WLB,WLB,Woman-Lead Business
0.releases.1136.parties.4.details.classifications.0,0.releases.1136,0.releases.1136.parties.4,0,WLB,WLB,Woman-Lead Business
0.releases.1139.parties.4.details.classifications.0,0.releases.1139,0.releases.1139.parties.4,0,WLB,WLB,Woman-Lead Business
0.releases.1140.parties.4.details.classifications.0,0.releases.1140,0.releases.1140.parties.4,0,WLB,WLB,Woman-Lead Business
0.releases.1141.parties.1.details.classifications.0,0.releases.1141,0.releases.1141.parties.1,0,WLB,WLB,Woman-Lead Business
0.releases.1141.parties.3.details.classifications.0,0.releases.1141,0.releases.1141.parties.3,0,WLB,WLB,Woman-Lead Business
0.releases.1141.parties.4.details.classifications.0,0.releases.1141,0.releases.1141.parties.4,0,WLB,WLB,Woman-Lead Business
0.releases.1141.parties.7.details.classifications.0,0.releases.1141,0.releases.1141.parties.7,0,WLB,WLB,Woman-Lead Business
0.releases.1142.parties.4.details.classifications.0,0.releases.1142,0.releases.1142.parties.4,0,WLB,WLB,Woman-Lead Business
0.releases.1143.parties.2.details.classifications.0,0.releases.1143,0.releases.1143.parties.2,0,WLB,WLB,Woman-Lead Business
0.releases.1143.parties.3.details.classifications.0,0.releases.1143,0.releases.1143.parties.3,0,WLB,WLB,Woman-Lead Business
0.releases.1143.parties.6.details.classifications.0,0.releases.1143,0.releases.1143.parties.6,0,WLB,WLB,Woman-Lead Business
0.releases.1144.parties.2.details.classifications.0,0.releases.1144,0.releases.1144.parties.2,0,WLB,WLB,Woman-Lead Business
0.releases.1145.parties.4.details.classifications.0,0.releases.1145,0.releases.1145.parties.4,0,WLB,WLB,Woman-Lead Business
0.releases.1145.parties.5.details.classifications.0,0.releases.1145,0.releases.1145.parties.5,0,WLB,WLB,Woman-Lead Business
0.releases.1147.parties.6.details.classifications.0,0.releases.1147,0.releases.1147.parties.6,0,WLB,WLB,Woman-Lead Business
0.releases.1147.parties.24.details.classifications.0,0.releases.1147,0.releases.1147.parties.24,0,WLB,WLB,Woman-Lead Business
0.releases.1148.parties.6.details.classifications.0,0.releases.1148,0.releases.1148.parties.6,0,WLB,WLB,Woman-Lead Business
0.releases.1148.parties.24.details.classifications.0,0.releases.1148,0.releases.1148.parties.24,0,WLB,WLB,Woman-Lead Business
0.releases.1149.parties.6.details.classifications.0,0.releases.1149,0.releases.1149.parties.6,0,WLB,WLB,Woman-Lead Business
0.releases.1149.parties.24.details.classifications.0,0.releases.1149,0.releases.1149.parties.24,0,WLB,WLB,Woman-Lead Business
0.releases.1150.parties.6.details.classifications.0,0.releases.1150,0.releases.1150.parties.6,0,WLB,WLB,Woman-Lead Business
0.releases.1150.parties.24.details.classifications.0,0.releases.1150,0.releases.1150.parties.24,0,WLB,WLB,Woman-Lead Business
0.releases.1151.parties.6.details.classifications.0,0.releases.1151,0.releases.1151.parties.6,0,WLB,WLB,Woman-Lead Business
0.releases.1151.parties.24.details.classifications.0,0.releases.1151,0.releases.1151.parties.24,0,WLB,WLB,Woman-Lead Business
0.releases.1152.parties.6.details.classifications.0,0.releases.1152,0.releases.1152.parties.6,0,WLB,WLB,Woman-Lead Business
0.releases.1152.parties.24.details.classifications.0,0.releases.1152,0.releases.1152.parties.24,0,WLB,WLB,Woman-Lead Business
0.releases.1153.parties.6.details.classifications.0,0.releases.1153,0.releases.1153.parties.6,0,WLB,WLB,Woman-Lead Business
0.releases.1153.parties.24.details.classifications.0,0.releases.1153,0.releases.1153.parties.24,0,WLB,WLB,Woman-Lead Business
0.releases.1155.parties.6.details.classifications.0,0.releases.1155,0.releases.1155.parties.6,0,WLB,WLB,Woman-Lead Business
0.releases.1155.parties.24.details.classifications.0,0.releases.1155,0.releases.1155.parties.24,0,WLB,WLB,Woman-Lead Business
0.releases.1156.parties.6.details.classifications.0,0.releases.1156,0.releases.1156.parties.6,0,WLB,WLB,Woman-Lead Business
0.releases.1156.parties.24.details.classifications.0,0.releases.1156,0.releases.1156.parties.24,0,WLB,WLB,Woman-Lead Business
0.releases.1160.parties.6.details.classifications.0,0.releases.1160,0.releases.1160.parties.6,0,WLB,WLB,Woman-Lead Business
0.releases.1160.parties.24.details.classifications.0,0.releases.1160,0.releases.1160.parties.24,0,WLB,WLB,Woman-Lead Business
0.releases.1161.parties.6.details.classifications.0,0.releases.1161,0.releases.1161.parties.6,0,WLB,WLB,Woman-Lead Business
0.releases.1161.parties.24.details.classifications.0,0.releases.1161,0.releases.1161.parties.24,0,WLB,WLB,Woman-Lead Business
0.releases.1162.parties.6.details.classifications.0,0.releases.1162,0.releases.1162.parties.6,0,WLB,WLB,Woman-Lead Business
0.releases.1162.parties.24.details.classifications.0,0.releases.1162,0.releases.1162.parties.24,0,WLB,WLB,Woman-Lead Business
0.releases.1163.parties.6.details.classifications.0,0.releases.1163,0.releases.1163.parties.6,0,WLB,WLB,Woman-Lead Business
0.releases.1163.parties.24.details.classifications.0,0.releases.1163,0.releases.1163.parties.24,0,WLB,WLB,Woman-Lead Business
0.releases.1164.parties.2.details.classifications.0,0.releases.1164,0.releases.1164.parties.2,0,WLB,WLB,Woman-Lead Business
0.releases.1164.parties.4.details.classifications.0,0.releases.1164,0.releases.1164.parties.4,0,WLB,WLB,Woman-Lead Business
0.releases.1164.parties.7.details.classifications.0,0.releases.1164,0.releases.1164.parties.7,0,WLB,WLB,Woman-Lead Business
0.releases.1164.parties.10.details.classifications.0,0.releases.1164,0.releases.1164.parties.10,0,WLB,WLB,Woman-Lead Business
0.releases.1164.parties.12.details.classifications.0,0.releases.1164,0.releases.1164.parties.12,0,WLB,WLB,Woman-Lead Business
0.releases.1165.parties.6.details.classifications.0,0.releases.1165,0.releases.1165.parties.6,0,WLB,WLB,Woman-Lead Business
0.releases.1165.parties.24.details.classifications.0,0.releases.1165,0.releases.1165.parties.24,0,WLB,WLB,Woman-Lead Business
0.releases.1166.parties.6.details.classifications.0,0.releases.1166,0.releases.1166.parties.6,0,WLB,WLB,Woman-Lead Business
0.releases.1166.parties.24.details.classifications.0,0.releases.1166,0.releases.1166.parties.24,0,WLB,WLB,Woman-Lead Business
0.releases.1169.parties.6.details.classifications.0,0.releases.1169,0.releases.1169.parties.6,0,WLB,WLB,Woman-Lead Business
0.releases.1169.parties.24.details.classifications.0,0.releases.1169,0.releases.1169.parties.24,0,WLB,WLB,Woman-Lead Business
0.releases.1170.parties.6.details.classifications.0,0.releases.1170,0.releases.1170.parties.6,0,WLB,WLB,Woman-Lead Business
0.releases.1170.parties.24.details.classifications.0,0.releases.1170,0.releases.1170.parties.24,0,WLB,WLB,Woman-Lead Business
0.releases.1171.parties.6.details.classifications.0,0.releases.1171,0.releases.1171.parties.6,0,WLB,WLB,Woman-Lead Business
0.releases.1171.parties.24.details.classifications.0,0.releases.1171,0.releases.1171.parties.24,0,WLB,WLB,Woman-Lead Business
0.releases.1172.parties.6.details.classifications.0,0.releases.1172,0.releases.1172.parties.6,0,WLB,WLB,Woman-Lead Business
0.releases.1172.parties.24.details.classifications.0,0.releases.1172,0.releases.1172.parties.24,0,WLB,WLB,Woman-Lead Business
0.releases.1173.parties.6.details.classifications.0,0.releases.1173,0.releases.1173.parties.6,0,WLB,WLB,Woman-Lead Business
0.releases.1173.parties.24.details.classifications.0,0.releases.1173,0.releases.1173.parties.24,0,WLB,WLB,Woman-Lead Business
0.releases.1174.parties.1.details.classifications.0,0.releases.1174,0.releases.1174.parties.1,0,WLB,WLB,Woman-Lead Business
0.releases.1174.parties.2.details.classifications.0,0.releases.1174,0.releases.1174.parties.2,0,WLB,WLB,Woman-Lead Business
0.releases.1174.parties.6.details.classifications.0,0.releases.1174,0.releases.1174.parties.6,0,WLB,WLB,Woman-Lead Business
0.releases.1175.parties.6.details.classifications.0,0.releases.1175,0.releases.1175.parties.6,0,WLB,WLB,Woman-Lead Business
0.releases.1175.parties.16.details.classifications.0,0.releases.1175,0.releases.1175.parties.16,0,WLB,WLB,Woman-Lead Business
0.releases.1179.parties.2.details.classifications.0,0.releases.1179,0.releases.1179.parties.2,0,WLB,WLB,Woman-Lead Business
0.releases.1182.parties.1.details.classifications.0,0.releases.1182,0.releases.1182.parties.1,0,WLB,WLB,Woman-Lead Business
0.releases.1182.parties.2.details.classifications.0,0.releases.1182,0.releases.1182.parties.2,0,WLB,WLB,Woman-Lead Business
0.releases.1183.parties.6.details.classifications.0,0.releases.1183,0.releases.1183.parties.6,0,WLB,WLB,Woman-Lead Business
0.releases.1183.parties.8.details.classifications.0,0.releases.1183,0.releases.1183.parties.8,0,WLB,WLB,Woman-Lead Business
0.releases.1183.parties.11.details.classifications.0,0.releases.1183,0.releases.1183.parties.11,0,WLB,WLB,Woman-Lead Business
0.releases.1190.parties.1.details.classifications.0,0.releases.1190,0.releases.1190.parties.1,0,WLB,WLB,Woman-Lead Business
0.releases.1191.parties.2.details.classifications.0,0.releases.1191,0.releases.1191.parties.2,0,WLB,WLB,Woman-Lead Business
0.releases.1191.parties.4.details.classifications.0,0.releases.1191,0.releases.1191.parties.4,0,WLB,WLB,Woman-Lead Business
0.releases.1192.parties.7.details.classifications.0,0.releases.1192,0.releases.1192.parties.7,0,WLB,WLB,Woman-Lead Business
0.releases.1192.parties.17.details.classifications.0,0.releases.1192,0.releases.1192.parties.17,0,WLB,WLB,Woman-Lead Business
0.releases.1192.parties.19.details.classifications.0,0.releases.1192,0.releases.1192.parties.19,0,WLB,WLB,Woman-Lead Business
0.releases.1192.parties.20.details.classifications.0,0.releases.1192,0.releases.1192.parties.20,0,WLB,WLB,Woman-Lead Business
0.releases.1192.parties.23.details.classifications.0,0.releases.1192,0.releases.1192.parties.23,0,WLB,WLB,Woman-Lead Business
0.releases.1198.parties.1.details.classifications.0,0.releases.1198,0.releases.1198.parties.1,0,WLB,WLB,Woman-Lead Business
0.releases.1198.parties.4.details.classifications.0,0.releases.1198,0.releases.1198.parties.4,0,WLB,WLB,Woman-Lead Business
0.releases.1203.parties.2.details.classifications.0,0.releases.1203,0.releases.1203.parties.2,0,WLB,WLB,Woman-Lead Business
0.releases.1203.parties.4.details.classifications.0,0.releases.1203,0.releases.1203.parties.4,0,WLB,WLB,Woman-Lead Business
0.releases.1203.parties.5.details.classifications.0,0.releases.1203,0.releases.1203.parties.5,0,WLB,WLB,Woman-Lead Business
0.releases.1203.parties.6.details.classifications.0,0.releases.1203,0.releases.1203.parties.6,0,WLB,WLB,Woman-Lead Business
0.releases.1206.parties.1.details.classifications.0,0.releases.1206,0.releases.1206.parties.1,0,WLB,WLB,Woman-Lead Business
0.releases.1208.parties.2.details.classifications.0,0.releases.1208,0.releases.1208.parties.2,0,WLB,WLB,Woman-Lead Business
0.releases.1208.parties.7.details.classifications.0,0.releases.1208,0.releases.1208.parties.7,0,WLB,WLB,Woman-Lead Business
0.releases.1210.parties.2.details.classifications.0,0.releases.1210,0.releases.1210.parties.2,0,WLB,WLB,Woman-Lead Business
0.releases.1210.parties.7.details.classifications.0,0.releases.1210,0.releases.1210.parties.7,0,WLB,WLB,Woman-Lead Business
0.releases.1211.parties.2.details.classifications.0,0.releases.1211,0.releases.1211.parties.2,0,WLB,WLB,Woman-Lead Business
0.releases.1211.parties.7.details.classifications.0,0.releases.1211,0.releases.1211.parties.7,0,WLB,WLB,Woman-Lead Business
0.releases.1212.parties.2.details.classifications.0,0.releases.1212,0.releases.1212.parties.2,0,WLB,WLB,Woman-Lead Business
0.releases.1212.parties.7.details.classifications.0,0.releases.1212,0.releases.1212.parties.7,0,WLB,WLB,Woman-Lead Business
0.releases.1215.parties.1.details.classifications.0,0.releases.1215,0.releases.1215.parties.1,0,WLB,WLB,Woman-Lead Business
0.releases.1215.parties.4.details.classifications.0,0.releases.1215,0.releases.1215.parties.4,0,WLB,WLB,Woman-Lead Business
0.releases.1218.parties.5.details.classifications.0,0.releases.1218,0.releases.1218.parties.5,0,WLB,WLB,Woman-Lead Business
0.releases.1218.parties.7.details.classifications.0,0.releases.1218,0.releases.1218.parties.7,0,WLB,WLB,Woman-Lead Business
0.releases.1218.parties.8.details.classifications.0,0.releases.1218,0.releases.1218.parties.8,0,WLB,WLB,Woman-Lead Business
0.releases.1220.parties.2.details.classifications.0,0.releases.1220,0.releases.1220.parties.2,0,WLB,WLB,Woman-Lead Business
0.releases.1220.parties.4.details.classifications.0,0.releases.1220,0.releases.1220.parties.4,0,WLB,WLB,Woman-Lead Business
0.releases.1221.parties.3.details.classifications.0,0.releases.1221,0.releases.1221.parties.3,0,WLB,WLB,Woman-Lead Business
0.releases.1222.parties.9.details.classifications.0,0.releases.1222,0.releases.1222.parties.9,0,WLB,WLB,Woman-Lead Business
0.releases.1222.parties.11.details.classifications.0,0.releases.1222,0.releases.1222.parties.11,0,WLB,WLB,Woman-Lead Business
0.releases.1223.parties.5.details.classifications.0,0.releases.1223,0.releases.1223.parties.5,0,WLB,WLB,Woman-Lead Business
0.releases.1224.parties.5.details.classifications.0,0.releases.1224,0.releases.1224.parties.5,0,WLB,WLB,Woman-Lead Business
0.releases.1226.parties.5.details.classifications.0,0.releases.1226,0.releases.1226.parties.5,0,WLB,WLB,Woman-Lead Business
0.releases.1231.parties.1.details.classifications.0,0.releases.1231,0.releases.1231.parties.1,0,WLB,WLB,Woman-Lead Business
0.releases.1234.parties.1.details.classifications.0,0.releases.1234,0.releases.1234.parties.1,0,WLB,WLB,Woman-Lead Business
0.releases.1234.parties.3.details.classifications.0,0.releases.1234,0.releases.1234.parties.3,0,WLB,WLB,Woman-Lead Business
0.releases.1234.parties.7.details.classifications.0,0.releases.1234,0.releases.1234.parties.7,0,WLB,WLB,Woman-Lead Business
0.releases.1237.parties.2.details.classifications.0,0.releases.1237,0.releases.1237.parties.2,0,WLB,WLB,Woman-Lead Business
0.releases.1237.parties.4.details.classifications.0,0.releases.1237,0.releases.1237.parties.4,0,WLB,WLB,Woman-Lead Business
0.releases.1237.parties.9.details.classifications.0,0.releases.1237,0.releases.1237.parties.9,0,WLB,WLB,Woman-Lead Business
0.releases.1243.parties.5.details.classifications.0,0.releases.1243,0.releases.1243.parties.5,0,WLB,WLB,Woman-Lead Business
0.releases.1243.parties.6.details.classifications.0,0.releases.1243,0.releases.1243.parties.6,0,WLB,WLB,Woman-Lead Business
0.releases.1243.parties.16.details.classifications.0,0.releases.1243,0.releases.1243.parties.16,0,WLB,WLB,Woman-Lead Business
0.releases.1243.parties.18.details.classifications.0,0.releases.1243,0.releases.1243.parties.18,0,WLB,WLB,Woman-Lead Business
0.releases.1243.parties.21.details.classifications.0,0.releases.1243,0.releases.1243.parties.21,0,WLB,WLB,Woman-Lead Business
0.releases.1244.parties.2.details.classifications.0,0.releases.1244,0.releases.1244.parties.2,0,WLB,WLB,Woman-Lead Business
0.releases.1244.parties.3.details.classifications.0,0.releases.1244,0.releases.1244.parties.3,0,WLB,WLB,Woman-Lead Business
0.releases.1245.parties.2.details.classifications.0,0.releases.1245,0.releases.1245.parties.2,0,WLB,WLB,Woman-Lead Business
0.releases.1245.parties.4.details.classifications.0,0.releases.1245,0.releases.1245.parties.4,0,WLB,WLB,Woman-Lead Business
0.releases.1246.parties.2.details.classifications.0,0.releases.1246,0.releases.1246.parties.2,0,WLB,WLB,Woman-Lead Business
0.releases.1246.parties.4.details.classifications.0,0.releases.1246,0.releases.1246.parties.4,0,WLB,WLB,Woman-Lead Business
0.releases.1247.parties.6.details.classifications.0,0.releases.1247,0.releases.1247.parties.6,0,WLB,WLB,Woman-Lead Business
0.releases.1247.parties.7.details.classifications.0,0.releases.1247,0.releases.1247.parties.7,0,WLB,WLB,Woman-Lead Business
0.releases.1247.parties.8.details.classifications.0,0.releases.1247,0.releases.1247.parties.8,0,WLB,WLB,Woman-Lead Business
0.releases.1247.parties.11.details.classifications.0,0.releases.1247,0.releases.1247.parties.11,0,WLB,WLB,Woman-Lead Business
0.releases.1247.parties.12.details.classifications.0,0.releases.1247,0.releases.1247.parties.12,0,WLB,WLB,Woman-Lead Business
0.releases.1247.parties.18.details.classifications.0,0.releases.1247,0.releases.1247.parties.18,0,WLB,WLB,Woman-Lead Business
0.releases.1248.parties.1.details.classifications.0,0.releases.1248,0.releases.1248.parties.1,0,WLB,WLB,Woman-Lead Business
0.releases.1249.parties.2.details.classifications.0,0.releases.1249,0.releases.1249.parties.2,0,WLB,WLB,Woman-Lead Business
0.releases.1251.parties.5.details.classifications.0,0.releases.1251,0.releases.1251.parties.5,0,WLB,WLB,Woman-Lead Business
0.releases.1251.parties.7.details.classifications.0,0.releases.1251,0.releases.1251.parties.7,0,WLB,WLB,Woman-Lead Business
0.releases.1251.parties.8.details.classifications.0,0.releases.1251,0.releases.1251.parties.8,0,WLB,WLB,Woman-Lead Business
0.releases.1254.parties.2.details.classifications.0,0.releases.1254,0.releases.1254.parties.2,0,WLB,WLB,Woman-Lead Business
0.releases.1254.parties.5.details.classifications.0,0.releases.1254,0.releases.1254.parties.5,0,WLB,WLB,Woman-Lead Business
0.releases.1257.parties.1.details.classifications.0,0.releases.1257,0.releases.1257.parties.1,0,WLB,WLB,Woman-Lead Business
0.releases.1260.parties.4.details.classifications.0,0.releases.1260,0.releases.1260.parties.4,0,WLB,WLB,Woman-Lead Business
0.releases.1260.parties.5.details.classifications.0,0.releases.1260,0.releases.1260.parties.5,0,WLB,WLB,Woman-Lead Business
0.releases.1262.parties.5.details.classifications.0,0.releases.1262,0.releases.1262.parties.5,0,WLB,WLB,Woman-Lead Business
0.releases.1271.parties.2.details.classifications.0,0.releases.1271,0.releases.1271.parties.2,0,WLB,WLB,Woman-Lead Business
0.releases.1273.parties.3.details.classifications.0,0.releases.1273,0.releases.1273.parties.3,0,WLB,WLB,Woman-Lead Business
0.releases.1278.parties.2.details.classifications.0,0.releases.1278,0.releases.1278.parties.2,0,WLB,WLB,Woman-Lead Business
0.releases.1278.parties.5.details.classifications.0,0.releases.1278,0.releases.1278.parties.5,0,WLB,WLB,Woman-Lead Business
0.releases.1278.parties.6.details.classifications.0,0.releases.1278,0.releases.1278.parties.6,0,WLB,WLB,Woman-Lead Business
0.releases.1280.parties.4.details.classifications.0,0.releases.1280,0.releases.1280.parties.4,0,WLB,WLB,Woman-Lead Business
0.releases.1280.parties.5.details.classifications.0,0.releases.1280,0.releases.1280.parties.5,0,WLB,WLB,Woman-Lead Business
0.releases.1283.parties.4.details.classifications.0,0.releases.1283,0.releases.1283.parties.4,0,WLB,WLB,Woman-Lead Business
0.releases.1283.parties.5.details.classifications.0,0.releases.1283,0.releases.1283.parties.5,0,WLB,WLB,Woman-Lead Business
0.releases.1285.parties.6.details.classifications.0,0.releases.1285,0.releases.1285.parties.6,0,WLB,WLB,Woman-Lead Business
0.releases.1285.parties.8.details.classifications.0,0.releases.1285,0.releases.1285.parties.8,0,WLB,WLB,Woman-Lead Business
0.releases.1285.parties.11.details.classifications.0,0.releases.1285,0.releases.1285.parties.11,0,WLB,WLB,Woman-Lead Business
0.releases.1292.parties.1.details.classifications.0,0.releases.1292,0.releases.1292.parties.1,0,WLB,WLB,Woman-Lead Business
0.releases.1292.parties.4.details.classifications.0,0.releases.1292,0.releases.1292.parties.4,0,WLB,WLB,Woman-Lead Business
0.releases.1292.parties.5.details.classifications.0,0.releases.1292,0.releases.1292.parties.5,0,WLB,WLB,Woman-Lead Business
0.releases.1292.parties.11.details.classifications.0,0.releases.1292,0.releases.1292.parties.11,0,WLB,WLB,Woman-Lead Business
0.releases.1293.parties.2.details.classifications.0,0.releases.1293,0.releases.1293.parties.2,0,WLB,WLB,Woman-Lead Business
0.releases.1294.parties.1.details.classifications.0,0.releases.1294,0.releases.1294.parties.1,0,WLB,WLB,Woman-Lead Business
0.releases.1294.parties.4.details.classifications.0,0.releases.1294,0.releases.1294.parties.4,0,WLB,WLB,Woman-Lead Business
0.releases.1294.parties.5.details.classifications.0,0.releases.1294,0.releases.1294.parties.5,0,WLB,WLB,Woman-Lead Business
0.releases.1294.parties.11.details.classifications.0,0.releases.1294,0.releases.1294.parties.11,0,WLB,WLB,Woman-Lead Business
0.releases.1295.parties.5.details.classifications.0,0.releases.1295,0.releases.1295.parties.5,0,WLB,WLB,Woman-Lead Business
0.releases.1295.parties.9.details.classifications.0,0.releases.1295,0.releases.1295.parties.9,0,WLB,WLB,Woman-Lead Business
0.releases.1298.parties.6.details.classifications.0,0.releases.1298,0.releases.1298.parties.6,0,WLB,WLB,Woman-Lead Business
0.releases.1299.parties.1.details.classifications.0,0.releases.1299,0.releases.1299.parties.1,0,WLB,WLB,Woman-Lead Business
0.releases.1300.parties.1.details.classifications.0,0.releases.1300,0.releases.1300.parties.1,0,WLB,WLB,Woman-Lead Business
0.releases.1301.parties.1.details.classifications.0,0.releases.1301,0.releases.1301.parties.1,0,WLB,WLB,Woman-Lead Business
0.releases.1301.parties.4.details.classifications.0,0.releases.1301,0.releases.1301.parties.4,0,WLB,WLB,Woman-Lead Business
0.releases.1301.parties.5.details.classifications.0,0.releases.1301,0.releases.1301.parties.5,0,WLB,WLB,Woman-Lead Business
0.releases.1301.parties.11.details.classifications.0,0.releases.1301,0.releases.1301.parties.11,0,WLB,WLB,Woman-Lead Business
0.releases.1302.parties.3.details.classifications.0,0.releases.1302,0.releases.1302.parties.3,0,WLB,WLB,Woman-Lead Business
0.releases.1303.parties.3.details.classifications.0,0.releases.1303,0.releases.1303.parties.3,0,WLB,WLB,Woman-Lead Business
0.releases.1306.parties.3.details.classifications.0,0.releases.1306,0.releases.1306.parties.3,0,WLB,WLB,Woman-Lead Business
0.releases.1307.parties.3.details.classifications.0,0.releases.1307,0.releases.1307.parties.3,0,WLB,WLB,Woman-Lead Business
0.releases.1310.parties.3.details.classifications.0,0.releases.1310,0.releases.1310.parties.3,0,WLB,WLB,Woman-Lead Business
0.releases.1310.parties.4.details.classifications.0,0.releases.1310,0.releases.1310.parties.4,0,WLB,WLB,Woman-Lead Business
0.releases.1311.parties.1.details.classifications.0,0.releases.1311,0.releases.1311.parties.1,0,WLB,WLB,Woman-Lead Business
0.releases.1311.parties.2.details.classifications.0,0.releases.1311,0.releases.1311.parties.2,0,WLB,WLB,Woman-Lead Business
0.releases.1314.parties.7.details.classifications.0,0.releases.1314,0.releases.1314.parties.7,0,WLB,WLB,Woman-Lead Business
0.releases.1314.parties.9.details.classifications.0,0.releases.1314,0.releases.1314.parties.9,0,WLB,WLB,Woman-Lead Business
0.releases.1315.parties.7.details.classifications.0,0.releases.1315,0.releases.1315.parties.7,0,WLB,WLB,Woman-Lead Business
0.releases.1315.parties.9.details.classifications.0,0.releases.1315,0.releases.1315.parties.9,0,WLB,WLB,Woman-Lead Business
0.releases.1317.parties.4.details.classifications.0,0.releases.1317,0.releases.1317.parties.4,0,WLB,WLB,Woman-Lead Business
0.releases.1318.parties.4.details.classifications.0,0.releases.1318,0.releases.1318.parties.4,0,WLB,WLB,Woman-Lead Business
0.releases.1320.parties.1.details.classifications.0,0.releases.1320,0.releases.1320.parties.1,0,WLB,WLB,Woman-Lead Business
0.releases.1320.parties.4.details.classifications.0,0.releases.1320,0.releases.1320.parties.4,0,WLB,WLB,Woman-Lead Business
0.releases.1320.parties.5.details.classifications.0,0.releases.1320,0.releases.1320.parties.5,0,WLB,WLB,Woman-Lead Business
0.releases.1320.parties.11.details.classifications.0,0.releases.1320,0.releases.1320.parties.11,0,WLB,WLB,Woman-Lead Business
0.releases.1323.parties.2.details.classifications.0,0.releases.1323,0.releases.1323.parties.2,0,WLB,WLB,Woman-Lead Business
0.releases.1324.parties.1.details.classifications.0,0.releases.1324,0.releases.1324.parties.1,0,WLB,WLB,Woman-Lead Business
0.releases.1324.parties.4.details.classifications.0,0.releases.1324,0.releases.1324.parties.4,0,WLB,WLB,Woman-Lead Business
0.releases.1324.parties.5.details.classifications.0,0.releases.1324,0.releases.1324.parties.5,0,WLB,WLB,Woman-Lead Business
0.releases.1324.parties.11.details.classifications.0,0.releases.1324,0.releases.1324.parties.11,0,WLB,WLB,Woman-Lead Business
0.releases.1327.parties.4.details.classifications.0,0.releases.1327,0.releases.1327.parties.4,0,WLB,WLB,Woman-Lead Business
0.releases.1327.parties.5.details.classifications.0,0.releases.1327,0.releases.1327.parties.5,0,WLB,WLB,Woman-Lead Business
0.releases.1328.parties.1.details.classifications.0,0.releases.1328,0.releases.1328.parties.1,0,WLB,WLB,Woman-Lead Business
0.releases.1329.parties.1.details.classifications.0,0.releases.1329,0.releases.1329.parties.1,0,WLB,WLB,Woman-Lead Business
0.releases.1329.parties.4.details.classifications.0,0.releases.1329,0.releases.1329.parties.4,0,WLB,WLB,Woman-Lead Business
0.releases.1329.parties.5.details.classifications.0,0.releases.1329,0.releases.1329.parties.5,0,WLB,WLB,Woman-Lead Business
0.releases.1329.parties.11.details.classifications.0,0.releases.1329,0.releases.1329.parties.11,0,WLB,WLB,Woman-Lead Business
0.releases.1330.parties.5.details.classifications.0,0.releases.1330,0.releases.1330.parties.5,0,WLB,WLB,Woman-Lead Business
0.releases.1331.parties.2.details.classifications.0,0.releases.1331,0.releases.1331.parties.2,0,WLB,WLB,Woman-Lead Business
0.releases.1332.parties.2.details.classifications.0,0.releases.1332,0.releases.1332.parties.2,0,WLB,WLB,Woman-Lead Business
0.releases.1334.parties.2.details.classifications.0,0.releases.1334,0.releases.1334.parties.2,0,WLB,WLB,Woman-Lead Business
0.releases.1334.parties.3.details.classifications.0,0.releases.1334,0.releases.1334.parties.3,0,WLB,WLB,Woman-Lead Business
0.releases.1334.parties.4.details.classifications.0,0.releases.1334,0.releases.1334.parties.4,0,WLB,WLB,Woman-Lead Business
0.releases.1334.parties.5.details.classifications.0,0.releases.1334,0.releases.1334.parties.5,0,WLB,WLB,Woman-Lead Business
0.releases.1335.parties.4.details.classifications.0,0.releases.1335,0.releases.1335.parties.4,0,WLB,WLB,Woman-Lead Business
0.releases.1338.parties.2.details.classifications.0,0.releases.1338,0.releases.1338.parties.2,0,WLB,WLB,Woman-Lead Business
0.releases.1338.parties.5.details.classifications.0,0.releases.1338,0.releases.1338.parties.5,0,WLB,WLB,Woman-Lead Business
0.releases.1338.parties.9.details.classifications.0,0.releases.1338,0.releases.1338.parties.9,0,WLB,WLB,Woman-Lead Business
0.releases.1338.parties.10.details.classifications.0,0.releases.1338,0.releases.1338.parties.10,0,WLB,WLB,Woman-Lead Business
0.releases.1338.parties.11.details.classifications.0,0.releases.1338,0.releases.1338.parties.11,0,WLB,WLB,Woman-Lead Business
0.releases.1343.parties.2.details.classifications.0,0.releases.1343,0.releases.1343.parties.2,0,WLB,WLB,Woman-Lead Business
0.releases.1343.parties.5.details.classifications.0,0.releases.1343,0.releases.1343.parties.5,0,WLB,WLB,Woman-Lead Business
0.releases.1343.parties.9.details.classifications.0,0.releases.1343,0.releases.1343.parties.9,0,WLB,WLB,Woman-Lead Business
0.releases.1343.parties.10.details.classifications.0,0.releases.1343,0.releases.1343.parties.10,0,WLB,WLB,Woman-Lead Business
0.releases.1343.parties.11.details.classifications.0,0.releases.1343,0.releases.1343.parties.11,0,WLB,WLB,Woman-Lead Business
0.releases.1347.parties.1.details.classifications.0,0.releases.1347,0.releases.1347.parties.1,0,WLB,WLB,Woman-Lead Business
0.releases.1347.parties.4.details.classifications.0,0.releases.1347,0.releases.1347.parties.4,0,WLB,WLB,Woman-Lead Business
0.releases.1347.parties.5.details.classifications.0,0.releases.1347,0.releases.1347.parties.5,0,WLB,WLB,Woman-Lead Business
0.releases.1347.parties.11.details.classifications.0,0.releases.1347,0.releases.1347.parties.11,0,WLB,WLB,Woman-Lead Business
0.releases.1348.parties.1.details.classifications.0,0.releases.1348,0.releases.1348.parties.1,0,WLB,WLB,Woman-Lead Business
0.releases.1348.parties.2.details.classifications.0,0.releases.1348,0.releases.1348.parties.2,0,WLB,WLB,Woman-Lead Business
0.releases.1348.parties.7.details.classifications.0,0.releases.1348,0.releases.1348.parties.7,0,WLB,WLB,Woman-Lead Business
0.releases.1348.parties.8.details.classifications.0,0.releases.1348,0.releases.1348.parties.8,0,WLB,WLB,Woman-Lead Business
0.releases.1349.parties.1.details.classifications.0,0.releases.1349,0.releases.1349.parties.1,0,WLB,WLB,Woman-Lead Business
0.releases.1349.parties.2.details.classifications.0,0.releases.1349,0.releases.1349.parties.2,0,WLB,WLB,Woman-Lead Business
0.releases.1349.parties.7.details.classifications.0,0.releases.1349,0.releases.1349.parties.7,0,WLB,WLB,Woman-Lead Business
0.releases.1349.parties.8.details.classifications.0,0.releases.1349,0.releases.1349.parties.8,0,WLB,WLB,Woman-Lead Business
0.releases.1350.parties.1.details.classifications.0,0.releases.1350,0.releases.1350.parties.1,0,WLB,WLB,Woman-Lead Business
0.releases.1350.parties.2.details.classifications.0,0.releases.1350,0.releases.1350.parties.2,0,WLB,WLB,Woman-Lead Business
0.releases.1350.parties.7.details.classifications.0,0.releases.1350,0.releases.1350.parties.7,0,WLB,WLB,Woman-Lead Business
0.releases.1350.parties.8.details.classifications.0,0.releases.1350,0.releases.1350.parties.8,0,WLB,WLB,Woman-Lead Business
0.releases.1351.parties.1.details.classifications.0,0.releases.1351,0.releases.1351.parties.1,0,WLB,WLB,Woman-Lead Business
0.releases.1351.parties.2.details.classifications.0,0.releases.1351,0.releases.1351.parties.2,0,WLB,WLB,Woman-Lead Business
0.releases.1351.parties.7.details.classifications.0,0.releases.1351,0.releases.1351.parties.7,0,WLB,WLB,Woman-Lead Business
0.releases.1351.parties.8.details.classifications.0,0.releases.1351,0.releases.1351.parties.8,0,WLB,WLB,Woman-Lead Business
0.releases.1352.parties.1.details.classifications.0,0.releases.1352,0.releases.1352.parties.1,0,WLB,WLB,Woman-Lead Business
0.releases.1352.parties.4.details.classifications.0,0.releases.1352,0.releases.1352.parties.4,0,WLB,WLB,Woman-Lead Business
0.releases.1352.parties.5.details.classifications.0,0.releases.1352,0.releases.1352.parties.5,0,WLB,WLB,Woman-Lead Business
0.releases.1352.parties.11.details.classifications.0,0.releases.1352,0.releases.1352.parties.11,0,WLB,WLB,Woman-Lead Business
0.releases.1355.parties.3.details.classifications.0,0.releases.1355,0.releases.1355.parties.3,0,WLB,WLB,Woman-Lead Business
0.releases.1357.parties.3.details.classifications.0,0.releases.1357,0.releases.1357.parties.3,0,WLB,WLB,Woman-Lead Business
0.releases.1358.parties.4.details.classifications.0,0.releases.1358,0.releases.1358.parties.4,0,WLB,WLB,Woman-Lead Business
0.releases.1358.parties.6.details.classifications.0,0.releases.1358,0.releases.1358.parties.6,0,WLB,WLB,Woman-Lead Business
0.releases.1358.parties.10.details.classifications.0,0.releases.1358,0.releases.1358.parties.10,0,WLB,WLB,Woman-Lead Business
0.releases.1361.parties.3.details.classifications.0,0.releases.1361,0.releases.1361.parties.3,0,WLB,WLB,Woman-Lead Business
0.releases.1363.parties.1.details.classifications.0,0.releases.1363,0.releases.1363.parties.1,0,WLB,WLB,Woman-Lead Business
0.releases.1364.parties.4.details.classifications.0,0.releases.1364,0.releases.1364.parties.4,0,WLB,WLB,Woman-Lead Business
0.releases.1364.parties.8.details.classifications.0,0.releases.1364,0.releases.1364.parties.8,0,WLB,WLB,Woman-Lead Business
0.releases.1365.parties.4.details.classifications.0,0.releases.1365,0.releases.1365.parties.4,0,WLB,WLB,Woman-Lead Business
0.releases.1365.parties.8.details.classifications.0,0.releases.1365,0.releases.1365.parties.8,0,WLB,WLB,Woman-Lead Business
0.releases.1368.parties.1.details.classifications.0,0.releases.1368,0.releases.1368.parties.1,0,WLB,WLB,Woman-Lead Business
0.releases.1369.parties.4.details.classifications.0,0.releases.1369,0.releases.1369.parties.4,0,WLB,WLB,Woman-Lead Business
0.releases.1370.parties.2.details.classifications.0,0.releases.1370,0.releases.1370.parties.2,0,WLB,WLB,Woman-Lead Business
0.releases.1370.parties.5.details.classifications.0,0.releases.1370,0.releases.1370.parties.5,0,WLB,WLB,Woman-Lead Business
0.releases.1370.parties.6.details.classifications.0,0.releases.1370,0.releases.1370.parties.6,0,WLB,WLB,Woman-Lead Business
0.releases.1371.parties.1.details.classifications.0,0.releases.1371,0.releases.1371.parties.1,0,WLB,WLB,Woman-Lead Business
0.releases.1372.parties.2.details.classifications.0,0.releases.1372,0.releases.1372.parties.2,0,WLB,WLB,Woman-Lead Business
0.releases.1372.parties.5.details.classifications.0,0.releases.1372,0.releases.1372.parties.5,0,WLB,WLB,Woman-Lead Business
0.releases.1372.parties.6.details.classifications.0,0.releases.1372,0.releases.1372.parties.6,0,WLB,WLB,Woman-Lead Business
0.releases.1373.parties.4.details.classifications.0,0.releases.1373,0.releases.1373.parties.4,0,WLB,WLB,Woman-Lead Business
0.releases.1374.parties.1.details.classifications.0,0.releases.1374,0.releases.1374.parties.1,0,WLB,WLB,Woman-Lead Business
0.releases.1376.parties.6.details.classifications.0,0.releases.1376,0.releases.1376.parties.6,0,WLB,WLB,Woman-Lead Business
0.releases.1377.parties.1.details.classifications.0,0.releases.1377,0.releases.1377.parties.1,0,WLB,WLB,Woman-Lead Business
0.releases.1377.parties.2.details.classifications.0,0.releases.1377,0.releases.1377.parties.2,0,WLB,WLB,Woman-Lead Business
0.releases.1377.parties.5.details.classifications.0,0.releases.1377,0.releases.1377.parties.5,0,WLB,WLB,Woman-Lead Business
0.releases.1377.parties.9.details.classifications.0,0.releases.1377,0.releases.1377.parties.9,0,WLB,WLB,Woman-Lead Business
0.releases.1378.parties.4.details.classifications.0,0.releases.1378,0.releases.1378.parties.4,0,WLB,WLB,Woman-Lead Business
0.releases.1378.parties.5.details.classifications.0,0.releases.1378,0.releases.1378.parties.5,0,WLB,WLB,Woman-Lead Business
0.releases.1378.parties.7.details.classifications.0,0.releases.1378,0.releases.1378.parties.7,0,WLB,WLB,Woman-Lead Business
0.releases.1381.parties.4.details.classifications.0,0.releases.1381,0.releases.1381.parties.4,0,WLB,WLB,Woman-Lead Business
0.releases.1381.parties.7.details.classifications.0,0.releases.1381,0.releases.1381.parties.7,0,WLB,WLB,Woman-Lead Business
0.releases.1381.parties.9.details.classifications.0,0.releases.1381,0.releases.1381.parties.9,0,WLB,WLB,Woman-Lead Business
0.releases.1381.parties.12.details.classifications.0,0.releases.1381,0.releases.1381.parties.12,0,WLB,WLB,Woman-Lead Business
0.releases.1384.parties.1.details.classifications.0,0.releases.1384,0.releases.1384.parties.1,0,WLB,WLB,Woman-Lead Business
0.releases.1385.parties.4.details.classifications.0,0.releases.1385,0.releases.1385.parties.4,0,WLB,WLB,Woman-Lead Business
0.releases.1388.parties.3.details.classifications.0,0.releases.1388,0.releases.1388.parties.3,0,WLB,WLB,Woman-Lead Business
0.releases.1388.parties.4.details.classifications.0,0.releases.1388,0.releases.1388.parties.4,0,WLB,WLB,Woman-Lead Business
0.releases.1391.parties.2.details.classifications.0,0.releases.1391,0.releases.1391.parties.2,0,WLB,WLB,Woman-Lead Business
0.releases.1392.parties.3.details.classifications.0,0.releases.1392,0.releases.1392.parties.3,0,WLB,WLB,Woman-Lead Business
0.releases.1392.parties.12.details.classifications.0,0.releases.1392,0.releases.1392.parties.12,0,WLB,WLB,Woman-Lead Business
0.releases.1394.parties.4.details.classifications.0,0.releases.1394,0.releases.1394.parties.4,0,WLB,WLB,Woman-Lead Business
0.releases.1395.parties.2.details.classifications.0,0.releases.1395,0.releases.1395.parties.2,0,WLB,WLB,Woman-Lead Business
0.releases.1395.parties.5.details.classifications.0,0.releases.1395,0.releases.1395.parties.5,0,WLB,WLB,Woman-Lead Business
0.releases.1395.parties.9.details.classifications.0,0.releases.1395,0.releases.1395.parties.9,0,WLB,WLB,Woman-Lead Business
0.releases.1395.parties.10.details.classifications.0,0.releases.1395,0.releases.1395.parties.10,0,WLB,WLB,Woman-Lead Business
0.releases.1395.parties.11.details.classifications.0,0.releases.1395,0.releases.1395.parties.11,0,WLB,WLB,Woman-Lead Business
0.releases.1401.parties.3.details.classifications.0,0.releases.1401,0.releases.1401.parties.3,0,WLB,WLB,Woman-Lead Business
0.releases.1407.parties.4.details.classifications.0,0.releases.1407,0.releases.1407.parties.4,0,WLB,WLB,Woman-Lead Business
0.releases.1407.parties.5.details.classifications.0,0.releases.1407,0.releases.1407.parties.5,0,WLB,WLB,Woman-Lead Business
0.releases.1408.parties.3.details.classifications.0,0.releases.1408,0.releases.1408.parties.3,0,WLB,WLB,Woman-Lead Business
0.releases.1408.parties.7.details.classifications.0,0.releases.1408,0.releases.1408.parties.7,0,WLB,WLB,Woman-Lead Business
0.releases.1408.parties.8.details.classifications.0,0.releases.1408,0.releases.1408.parties.8,0,WLB,WLB,Woman-Lead Business
0.releases.1408.parties.9.details.classifications.0,0.releases.1408,0.releases.1408.parties.9,0,WLB,WLB,Woman-Lead Business
0.releases.1409.parties.1.details.classifications.0,0.releases.1409,0.releases.1409.parties.1,0,WLB,WLB,Woman-Lead Business
0.releases.1412.parties.1.details.classifications.0,0.releases.1412,0.releases.1412.parties.1,0,WLB,WLB,Woman-Lead Business
0.releases.1413.parties.4.details.classifications.0,0.releases.1413,0.releases.1413.parties.4,0,WLB,WLB,Woman-Lead Business
0.releases.1414.parties.6.details.classifications.0,0.releases.1414,0.releases.1414.parties.6,0,WLB,WLB,Woman-Lead Business
0.releases.1414.parties.10.details.classifications.0,0.releases.1414,0.releases.1414.parties.10,0,WLB,WLB,Woman-Lead Business
0.releases.1417.parties.3.details.classifications.0,0.releases.1417,0.releases.1417.parties.3,0,WLB,WLB,Woman-Lead Business
0.releases.1417.parties.12.details.classifications.0,0.releases.1417,0.releases.1417.parties.12,0,WLB,WLB,Woman-Lead Business
0.releases.1418.parties.3.details.classifications.0,0.releases.1418,0.releases.1418.parties.3,0,WLB,WLB,Woman-Lead Business
0.releases.1418.parties.12.details.classifications.0,0.releases.1418,0.releases.1418.parties.12,0,WLB,WLB,Woman-Lead Business
0.releases.1422.parties.2.details.classifications.0,0.releases.1422,0.releases.1422.parties.2,0,WLB,WLB,Woman-Lead Business
0.releases.1422.parties.3.details.classifications.0,0.releases.1422,0.releases.1422.parties.3,0,WLB,WLB,Woman-Lead Business
0.releases.1429.parties.1.details.classifications.0,0.releases.1429,0.releases.1429.parties.1,0,WLB,WLB,Woman-Lead Business
0.releases.1429.parties.3.details.classifications.0,0.releases.1429,0.releases.1429.parties.3,0,WLB,WLB,Woman-Lead Business
0.releases.1430.parties.1.details.classifications.0,0.releases.1430,0.releases.1430.parties.1,0,WLB,WLB,Woman-Lead Business
0.releases.1430.parties.3.details.classifications.0,0.releases.1430,0.releases.1430.parties.3,0,WLB,WLB,Woman-Lead Business
0.releases.1431.parties.5.details.classifications.0,0.releases.1431,0.releases.1431.parties.5,0,WLB,WLB,Woman-Lead Business
0.releases.1432.parties.5.details.classifications.0,0.releases.1432,0.releases.1432.parties.5,0,WLB,WLB,Woman-Lead Business
0.releases.1433.parties.5.details.classifications.0,0.releases.1433,0.releases.1433.parties.5,0,WLB,WLB,Woman-Lead Business
0.releases.1434.parties.5.details.classifications.0,0.releases.1434,0.releases.1434.parties.5,0,WLB,WLB,Woman-Lead Business
0.releases.1438.parties.2.details.classifications.0,0.releases.1438,0.releases.1438.parties.2,0,WLB,WLB,Woman-Lead Business
0.releases.1438.parties.4.details.classifications.0,0.releases.1438,0.releases.1438.parties.4,0,WLB,WLB,Woman-Lead Business
0.releases.1438.parties.5.details.classifications.0,0.releases.1438,0.releases.1438.parties.5,0,WLB,WLB,Woman-Lead Business
0.releases.1438.parties.10.details.classifications.0,0.releases.1438,0.releases.1438.parties.10,0,WLB,WLB,Woman-Lead Business
0.releases.1438.parties.13.details.classifications.0,0.releases.1438,0.releases.1438.parties.13,0,WLB,WLB,Woman-Lead Business
0.releases.1438.parties.14.details.classifications.0,0.releases.1438,0.releases.1438.parties.14,0,WLB,WLB,Woman-Lead Business
0.releases.1438.parties.15.details.classifications.0,0.releases.1438,0.releases.1438.parties.15,0,WLB,WLB,Woman-Lead Business
0.releases.1438.parties.16.details.classifications.0,0.releases.1438,0.releases.1438.parties.16,0,WLB,WLB,Woman-Lead Business
0.releases.1438.parties.17.details.classifications.0,0.releases.1438,0.releases.1438.parties.17,0,WLB,WLB,Woman-Lead Business
0.releases.1438.parties.18.details.classifications.0,0.releases.1438,0.releases.1438.parties.18,0,WLB,WLB,Woman-Lead Business
0.releases.1440.parties.5.details.classifications.0,0.releases.1440,0.releases.1440.parties.5,0,WLB,WLB,Woman-Lead Business
0.releases.1440.parties.7.details.classifications.0,0.releases.1440,0.releases.1440.parties.7,0,WLB,WLB,Woman-Lead Business
0.releases.1442.parties.7.details.classifications.0,0.releases.1442,0.releases.1442.parties.7,0,WLB,WLB,Woman-Lead Business
0.releases.1443.parties.3.details.classifications.0,0.releases.1443,0.releases.1443.parties.3,0,WLB,WLB,Woman-Lead Business
0.releases.1443.parties.8.details.classifications.0,0.releases.1443,0.releases.1443.parties.8,0,WLB,WLB,Woman-Lead Business
0.releases.1443.parties.10.details.classifications.0,0.releases.1443,0.releases.1443.parties.10,0,WLB,WLB,Woman-Lead Business
0.releases.1443.parties.11.details.classifications.0,0.releases.1443,0.releases.1443.parties.11,0,WLB,WLB,Woman-Lead Business
0.releases.1443.parties.12.details.classifications.0,0.releases.1443,0.releases.1443.parties.12,0,WLB,WLB,Woman-Lead Business
0.releases.1443.parties.13.details.classifications.0,0.releases.1443,0.releases.1443.parties.13,0,WLB,WLB,Woman-Lead Business
0.releases.1443.parties.14.details.classifications.0,0.releases.1443,0.releases.1443.parties.14,0,WLB,WLB,Woman-Lead Business
0.releases.1444.parties.4.details.classifications.0,0.releases.1444,0.releases.1444.parties.4,0,WLB,WLB,Woman-Lead Business
0.releases.1445.parties.4.details.classifications.0,0.releases.1445,0.releases.1445.parties.4,0,WLB,WLB,Woman-Lead Business
0.releases.1446.parties.4.details.classifications.0,0.releases.1446,0.releases.1446.parties.4,0,WLB,WLB,Woman-Lead Business
0.releases.1456.parties.12.details.classifications.0,0.releases.1456,0.releases.1456.parties.12,0,WLB,WLB,Woman-Lead Business
0.releases.1458.parties.6.details.classifications.0,0.releases.1458,0.releases.1458.parties.6,0,WLB,WLB,Woman-Lead Business
0.releases.1458.parties.24.details.classifications.0,0.releases.1458,0.releases.1458.parties.24,0,WLB,WLB,Woman-Lead Business
0.releases.1459.parties.6.details.classifications.0,0.releases.1459,0.releases.1459.parties.6,0,WLB,WLB,Woman-Lead Business
0.releases.1459.parties.24.details.classifications.0,0.releases.1459,0.releases.1459.parties.24,0,WLB,WLB,Woman-Lead Business
0.releases.1461.parties.1.details.classifications.0,0.releases.1461,0.releases.1461.parties.1,0,WLB,WLB,Woman-Lead Business
0.releases.1461.parties.2.details.classifications.0,0.releases.1461,0.releases.1461.parties.2,0,WLB,WLB,Woman-Lead Business
0.releases.1461.parties.3.details.classifications.0,0.releases.1461,0.releases.1461.parties.3,0,WLB,WLB,Woman-Lead Business
0.releases.1464.parties.1.details.classifications.0,0.releases.1464,0.releases.1464.parties.1,0,WLB,WLB,Woman-Lead Business
0.releases.1464.parties.2.details.classifications.0,0.releases.1464,0.releases.1464.parties.2,0,WLB,WLB,Woman-Lead Business
0.releases.1464.parties.3.details.classifications.0,0.releases.1464,0.releases.1464.parties.3,0,WLB,WLB,Woman-Lead Business
0.releases.1465.parties.1.details.classifications.0,0.releases.1465,0.releases.1465.parties.1,0,WLB,WLB,Woman-Lead Business
0.releases.1465.parties.2.details.classifications.0,0.releases.1465,0.releases.1465.parties.2,0,WLB,WLB,Woman-Lead Business
0.releases.1467.parties.6.details.classifications.0,0.releases.1467,0.releases.1467.parties.6,0,WLB,WLB,Woman-Lead Business
0.releases.1467.parties.24.details.classifications.0,0.releases.1467,0.releases.1467.parties.24,0,WLB,WLB,Woman-Lead Business
0.releases.1468.parties.6.details.classifications.0,0.releases.1468,0.releases.1468.parties.6,0,WLB,WLB,Woman-Lead Business
0.releases.1468.parties.24.details.classifications.0,0.releases.1468,0.releases.1468.parties.24,0,WLB,WLB,Woman-Lead Business
0.releases.1469.parties.6.details.classifications.0,0.releases.1469,0.releases.1469.parties.6,0,WLB,WLB,Woman-Lead Business
0.releases.1469.parties.24.details.classifications.0,0.releases.1469,0.releases.1469.parties.24,0,WLB,WLB,Woman-Lead Business
0.releases.1470.parties.6.details.classifications.0,0.releases.1470,0.releases.1470.parties.6,0,WLB,WLB,Woman-Lead Business
0.releases.1470.parties.24.details.classifications.0,0.releases.1470,0.releases.1470.parties.24,0,WLB,WLB,Woman-Lead Business
0.releases.1471.parties.6.details.classifications.0,0.releases.1471,0.releases.1471.parties.6,0,WLB,WLB,Woman-Lead Business
0.releases.1471.parties.24.details.classifications.0,0.releases.1471,0.releases.1471.parties.24,0,WLB,WLB,Woman-Lead Business
0.releases.1472.parties.6.details.classifications.0,0.releases.1472,0.releases.1472.parties.6,0,WLB,WLB,Woman-Lead Business
0.releases.1472.parties.24.details.classifications.0,0.releases.1472,0.releases.1472.parties.24,0,WLB,WLB,Woman-Lead Business
0.releases.1474.parties.5.details.classifications.0,0.releases.1474,0.releases.1474.parties.5,0,WLB,WLB,Woman-Lead Business
0.releases.1474.parties.6.details.classifications.0,0.releases.1474,0.releases.1474.parties.6,0,WLB,WLB,Woman-Lead Business
0.releases.1474.parties.11.details.classifications.0,0.releases.1474,0.releases.1474.parties.11,0,WLB,WLB,Woman-Lead Business
0.releases.1474.parties.18.details.classifications.0,0.releases.1474,0.releases.1474.parties.18,0,WLB,WLB,Woman-Lead Business
0.releases.1474.parties.20.details.classifications.0,0.releases.1474,0.releases.1474.parties.20,0,WLB,WLB,Woman-Lead Business
0.releases.1474.parties.21.details.classifications.0,0.releases.1474,0.releases.1474.parties.21,0,WLB,WLB,Woman-Lead Business
0.releases.1474.parties.25.details.classifications.0,0.releases.1474,0.releases.1474.parties.25,0,WLB,WLB,Woman-Lead Business
0.releases.1477.parties.1.details.classifications.0,0.releases.1477,0.releases.1477.parties.1,0,WLB,WLB,Woman-Lead Business
0.releases.1479.parties.1.details.classifications.0,0.releases.1479,0.releases.1479.parties.1,0,WLB,WLB,Woman-Lead Business
0.releases.1479.parties.10.details.classifications.0,0.releases.1479,0.releases.1479.parties.10,0,WLB,WLB,Woman-Lead Business
0.releases.1479.parties.13.details.classifications.0,0.releases.1479,0.releases.1479.parties.13,0,WLB,WLB,Woman-Lead Business
0.releases.1479.parties.14.details.classifications.0,0.releases.1479,0.releases.1479.parties.14,0,WLB,WLB,Woman-Lead Business
0.releases.1479.parties.15.details.classifications.0,0.releases.1479,0.releases.1479.parties.15,0,WLB,WLB,Woman-Lead Business
0.releases.1479.parties.16.details.classifications.0,0.releases.1479,0.releases.1479.parties.16,0,WLB,WLB,Woman-Lead Business
0.releases.1479.parties.17.details.classifications.0,0.releases.1479,0.releases.1479.parties.17,0,WLB,WLB,Woman-Lead Business
0.releases.1479.parties.20.details.classifications.0,0.releases.1479,0.releases.1479.parties.20,0,WLB,WLB,Woman-Lead Business
0.releases.1479.parties.29.details.classifications.0,0.releases.1479,0.releases.1479.parties.29,0,WLB,WLB,Woman-Lead Business
0.releases.1479.parties.32.details.classifications.0,0.releases.1479,0.releases.1479.parties.32,0,WLB,WLB,Woman-Lead Business
0.releases.1479.parties.33.details.classifications.0,0.releases.1479,0.releases.1479.parties.33,0,WLB,WLB,Woman-Lead Business
0.releases.1479.parties.34.details.classifications.0,0.releases.1479,0.releases.1479.parties.34,0,WLB,WLB,Woman-Lead Business
0.releases.1479.parties.35.details.classifications.0,0.releases.1479,0.releases.1479.parties.35,0,WLB,WLB,Woman-Lead Business
0.releases.1479.parties.36.details.classifications.0,0.releases.1479,0.releases.1479.parties.36,0,WLB,WLB,Woman-Lead Business
0.releases.1479.parties.38.details.classifications.0,0.releases.1479,0.releases.1479.parties.38,0,WLB,WLB,Woman-Lead Business
0.releases.1479.parties.41.details.classifications.0,0.releases.1479,0.releases.1479.parties.41,0,WLB,WLB,Woman-Lead Business
0.releases.1479.parties.42.details.classifications.0,0.releases.1479,0.releases.1479.parties.42,0,WLB,WLB,Woman-Lead Business
0.releases.1479.parties.44.details.classifications.0,0.releases.1479,0.releases.1479.parties.44,0,WLB,WLB,Woman-Lead Business
0.releases.1480.parties.3.details.classifications.0,0.releases.1480,0.releases.1480.parties.3,0,WLB,WLB,Woman-Lead Business
0.releases.1480.parties.4.details.classifications.0,0.releases.1480,0.releases.1480.parties.4,0,WLB,WLB,Woman-Lead Business
0.releases.1484.parties.2.details.classifications.0,0.releases.1484,0.releases.1484.parties.2,0,WLB,WLB,Woman-Lead Business
0.releases.1484.parties.5.details.classifications.0,0.releases.1484,0.releases.1484.parties.5,0,WLB,WLB,Woman-Lead Business
0.releases.1484.parties.9.details.classifications.0,0.releases.1484,0.releases.1484.parties.9,0,WLB,WLB,Woman-Lead Business
0.releases.1484.parties.11.details.classifications.0,0.releases.1484,0.releases.1484.parties.11,0,WLB,WLB,Woman-Lead Business
0.releases.1484.parties.12.details.classifications.0,0.releases.1484,0.releases.1484.parties.12,0,WLB,WLB,Woman-Lead Business
0.releases.1484.parties.13.details.classifications.0,0.releases.1484,0.releases.1484.parties.13,0,WLB,WLB,Woman-Lead Business
0.releases.1484.parties.14.details.classifications.0,0.releases.1484,0.releases.1484.parties.14,0,WLB,WLB,Woman-Lead Business
0.releases.1484.parties.15.details.classifications.0,0.releases.1484,0.releases.1484.parties.15,0,WLB,WLB,Woman-Lead Business
0.releases.1484.parties.16.details.classifications.0,0.releases.1484,0.releases.1484.parties.16,0,WLB,WLB,Woman-Lead Business
0.releases.1489.parties.2.details.classifications.0,0.releases.1489,0.releases.1489.parties.2,0,WLB,WLB,Woman-Lead Business
0.releases.1490.parties.3.details.classifications.0,0.releases.1490,0.releases.1490.parties.3,0,WLB,WLB,Woman-Lead Business
0.releases.1490.parties.4.details.classifications.0,0.releases.1490,0.releases.1490.parties.4,0,WLB,WLB,Woman-Lead Business
0.releases.1490.parties.6.details.classifications.0,0.releases.1490,0.releases.1490.parties.6,0,WLB,WLB,Woman-Lead Business
0.releases.1492.parties.3.details.classifications.0,0.releases.1492,0.releases.1492.parties.3,0,WLB,WLB,Woman-Lead Business
0.releases.1492.parties.4.details.classifications.0,0.releases.1492,0.releases.1492.parties.4,0,WLB,WLB,Woman-Lead Business
0.releases.1492.parties.6.details.classifications.0,0.releases.1492,0.releases.1492.parties.6,0,WLB,WLB,Woman-Lead Business
0.releases.1493.parties.3.details.classifications.0,0.releases.1493,0.releases.1493.parties.3,0,WLB,WLB,Woman-Lead Business
0.releases.1496.parties.4.details.classifications.0,0.releases.1496,0.releases.1496.parties.4,0,WLB,WLB,Woman-Lead Business
0.releases.1496.parties.5.details.classifications.0,0.releases.1496,0.releases.1496.parties.5,0,WLB,WLB,Woman-Lead Business
0.releases.1498.parties.7.details.classifications.0,0.releases.1498,0.releases.1498.parties.7,0,WLB,WLB,Woman-Lead Business
0.releases.1498.parties.9.details.classifications.0,0.releases.1498,0.releases.1498.parties.9,0,WLB,WLB,Woman-Lead Business
0.releases.1506.parties.5.details.classifications.0,0.releases.1506,0.releases.1506.parties.5,0,WLB,WLB,Woman-Lead Business
0.releases.1525.parties.2.details.classifications.0,0.releases.1525,0.releases.1525.parties.2,0,WLB,WLB,Woman-Lead Business
0.releases.1525.parties.5.details.classifications.0,0.releases.1525,0.releases.1525.parties.5,0,WLB,WLB,Woman-Lead Business
0.releases.1525.parties.6.details.classifications.0,0.releases.1525,0.releases.1525.parties.6,0,WLB,WLB,Woman-Lead Business
0.releases.1526.parties.2.details.classifications.0,0.releases.1526,0.releases.1526.parties.2,0,WLB,WLB,Woman-Lead Business
0.releases.1526.parties.3.details.classifications.0,0.releases.1526,0.releases.1526.parties.3,0,WLB,WLB,Woman-Lead Business
0.releases.1526.parties.4.details.classifications.0,0.releases.1526,0.releases.1526.parties.4,0,WLB,WLB,Woman-Lead Business
0.releases.1526.parties.5.details.classifications.0,0.releases.1526,0.releases.1526.parties.5,0,WLB,WLB,Woman-Lead Business
0.releases.1528.parties.7.details.classifications.0,0.releases.1528,0.releases.1528.parties.7,0,WLB,WLB,Woman-Lead Business
0.releases.1532.parties.1.details.classifications.0,0.releases.1532,0.releases.1532.parties.1,0,WLB,WLB,Woman-Lead Business
0.releases.1534.parties.7.details.classifications.0,0.releases.1534,0.releases.1534.parties.7,0,WLB,WLB,Woman-Lead Business
0.releases.1534.parties.13.details.classifications.0,0.releases.1534,0.releases.1534.parties.13,0,WLB,WLB,Woman-Lead Business
0.releases.1535.parties.7.details.classifications.0,0.releases.1535,0.releases.1535.parties.7,0,WLB,WLB,Woman-Lead Business
0.releases.1535.parties.13.details.classifications.0,0.releases.1535,0.releases.1535.parties.13,0,WLB,WLB,Woman-Lead Business
0.releases.1537.parties.2.details.classifications.0,0.releases.1537,0.releases.1537.parties.2,0,WLB,WLB,Woman-Lead Business
0.releases.1537.parties.4.details.classifications.0,0.releases.1537,0.releases.1537.parties.4,0,WLB,WLB,Woman-Lead Business
0.releases.1539.parties.1.details.classifications.0,0.releases.1539,0.releases.1539.parties.1,0,WLB,WLB,Woman-Lead Business
0.releases.1539.parties.2.details.classifications.0,0.releases.1539,0.releases.1539.parties.2,0,WLB,WLB,Woman-Lead Business
0.releases.1540.parties.12.details.classifications.0,0.releases.1540,0.releases.1540.parties.12,0,WLB,WLB,Woman-Lead Business
0.releases.1544.parties.1.details.classifications.0,0.releases.1544,0.releases.1544.parties.1,0,WLB,WLB,Woman-Lead Business
0.releases.1544.parties.4.details.classifications.0,0.releases.1544,0.releases.1544.parties.4,0,WLB,WLB,Woman-Lead Business
0.releases.1544.parties.5.details.classifications.0,0.releases.1544,0.releases.1544.parties.5,0,WLB,WLB,Woman-Lead Business
0.releases.1544.parties.11.details.classifications.0,0.releases.1544,0.releases.1544.parties.11,0,WLB,WLB,Woman-Lead Business
0.releases.1551.parties.2.details.classifications.0,0.releases.1551,0.releases.1551.parties.2,0,WLB,WLB,Woman-Lead Business
0.releases.1552.parties.15.details.classifications.0,0.releases.1552,0.releases.1552.parties.15,0,WLB,WLB,Woman-Lead Business
0.releases.1555.parties.2.details.classifications.0,0.releases.1555,0.releases.1555.parties.2,0,WLB,WLB,Woman-Lead Business
0.releases.1555.parties.4.details.classifications.0,0.releases.1555,0.releases.1555.parties.4,0,WLB,WLB,Woman-Lead Business
0.releases.1555.parties.7.details.classifications.0,0.releases.1555,0.releases.1555.parties.7,0,WLB,WLB,Woman-Lead Business
0.releases.1555.parties.10.details.classifications.0,0.releases.1555,0.releases.1555.parties.10,0,WLB,WLB,Woman-Lead Business
0.releases.1564.parties.3.details.classifications.0,0.releases.1564,0.releases.1564.parties.3,0,WLB,WLB,Woman-Lead Business
0.releases.1565.parties.2.details.classifications.0,0.releases.1565,0.releases.1565.parties.2,0,WLB,WLB,Woman-Lead Business
0.releases.1565.parties.7.details.classifications.0,0.releases.1565,0.releases.1565.parties.7,0,WLB,WLB,Woman-Lead Business
0.releases.1567.parties.3.details.classifications.0,0.releases.1567,0.releases.1567.parties.3,0,WLB,WLB,Woman-Lead Business
0.releases.1568.parties.1.details.classifications.0,0.releases.1568,0.releases.1568.parties.1,0,WLB,WLB,Woman-Lead Business
0.releases.1569.parties.2.details.classifications.0,0.releases.1569,0.releases.1569.parties.2,0,WLB,WLB,Woman-Lead Business
0.releases.1569.parties.3.details.classifications.0,0.releases.1569,0.releases.1569.parties.3,0,WLB,WLB,Woman-Lead Business
0.releases.1570.parties.4.details.classifications.0,0.releases.1570,0.releases.1570.parties.4,0,WLB,WLB,Woman-Lead Business
0.releases.1571.parties.4.details.classifications.0,0.releases.1571,0.releases.1571.parties.4,0,WLB,WLB,Woman-Lead Business
0.releases.1572.parties.2.details.classifications.0,0.releases.1572,0.releases.1572.parties.2,0,WLB,WLB,Woman-Lead Business
0.releases.1574.parties.2.details.classifications.0,0.releases.1574,0.releases.1574.parties.2,0,WLB,WLB,Woman-Lead Business
0.releases.1578.parties.2.details.classifications.0,0.releases.1578,0.releases.1578.parties.2,0,WLB,WLB,Woman-Lead Business
0.releases.1580.parties.4.details.classifications.0,0.releases.1580,0.releases.1580.parties.4,0,WLB,WLB,Woman-Lead Business
0.releases.1580.parties.9.details.classifications.0,0.releases.1580,0.releases.1580.parties.9,0,WLB,WLB,Woman-Lead Business
0.releases.1582.parties.9.details.classifications.0,0.releases.1582,0.releases.1582.parties.9,0,WLB,WLB,Woman-Lead Business
0.releases.1583.parties.4.details.classifications.0,0.releases.1583,0.releases.1583.parties.4,0,WLB,WLB,Woman-Lead Business
0.releases.1586.parties.3.details.classifications.0,0.releases.1586,0.releases.1586.parties.3,0,WLB,WLB,Woman-Lead Business
0.releases.1593.parties.7.details.classifications.0,0.releases.1593,0.releases.1593.parties.7,0,WLB,WLB,Woman-Lead Business
0.releases.1593.parties.13.details.classifications.0,0.releases.1593,0.releases.1593.parties.13,0,WLB,WLB,Woman-Lead Business
0.releases.1595.parties.7.details.classifications.0,0.releases.1595,0.releases.1595.parties.7,0,WLB,WLB,Woman-Lead Business
0.releases.1595.parties.13.details.classifications.0,0.releases.1595,0.releases.1595.parties.13,0,WLB,WLB,Woman-Lead Business
0.releases.1601.parties.3.details.classifications.0,0.releases.1601,0.releases.1601.parties.3,0,WLB,WLB,Woman-Lead Business
0.releases.1602.parties.1.details.classifications.0,0.releases.1602,0.releases.1602.parties.1,0,WLB,WLB,Woman-Lead Business
0.releases.1607.parties.2.details.classifications.0,0.releases.1607,0.releases.1607.parties.2,0,WLB,WLB,Woman-Lead Business
0.releases.1609.parties.5.details.classifications.0,0.releases.1609,0.releases.1609.parties.5,0,WLB,WLB,Woman-Lead Business
0.releases.1610.parties.5.details.classifications.0,0.releases.1610,0.releases.1610.parties.5,0,WLB,WLB,Woman-Lead Business
0.releases.1610.parties.6.details.classifications.0,0.releases.1610,0.releases.1610.parties.6,0,WLB,WLB,Woman-Lead Business
0.releases.1614.parties.1.details.classifications.0,0.releases.1614,0.releases.1614.parties.1,0,WLB,WLB,Woman-Lead Business
0.releases.1615.parties.1.details.classifications.0,0.releases.1615,0.releases.1615.parties.1,0,WLB,WLB,Woman-Lead Business
0.releases.1615.parties.2.details.classifications.0,0.releases.1615,0.releases.1615.parties.2,0,WLB,WLB,Woman-Lead Business
0.releases.1615.parties.7.details.classifications.0,0.releases.1615,0.releases.1615.parties.7,0,WLB,WLB,Woman-Lead Business
0.releases.1615.parties.8.details.classifications.0,0.releases.1615,0.releases.1615.parties.8,0,WLB,WLB,Woman-Lead Business
0.releases.1616.parties.4.details.classifications.0,0.releases.1616,0.releases.1616.parties.4,0,WLB,WLB,Woman-Lead Business
0.releases.1616.parties.5.details.classifications.0,0.releases.1616,0.releases.1616.parties.5,0,WLB,WLB,Woman-Lead Business
0.releases.1619.parties.1.details.classifications.0,0.releases.1619,0.releases.1619.parties.1,0,WLB,WLB,Woman-Lead Business
0.releases.1620.parties.2.details.classifications.0,0.releases.1620,0.releases.1620.parties.2,0,WLB,WLB,Woman-Lead Business
0.releases.1621.parties.1.details.classifications.0,0.releases.1621,0.releases.1621.parties.1,0,WLB,WLB,Woman-Lead Business
0.releases.1621.parties.3.details.classifications.0,0.releases.1621,0.releases.1621.parties.3,0,WLB,WLB,Woman-Lead Business
0.releases.1622.parties.2.details.classifications.0,0.releases.1622,0.releases.1622.parties.2,0,WLB,WLB,Woman-Lead Business
0.releases.1622.parties.4.details.classifications.0,0.releases.1622,0.releases.1622.parties.4,0,WLB,WLB,Woman-Lead Business
0.releases.1622.parties.5.details.classifications.0,0.releases.1622,0.releases.1622.parties.5,0,WLB,WLB,Woman-Lead Business
0.releases.1623.parties.5.details.classifications.0,0.releases.1623,0.releases.1623.parties.5,0,WLB,WLB,Woman-Lead Business
0.releases.1630.parties.1.details.classifications.0,0.releases.1630,0.releases.1630.parties.1,0,WLB,WLB,Woman-Lead Business
0.releases.1630.parties.4.details.classifications.0,0.releases.1630,0.releases.1630.parties.4,0,WLB,WLB,Woman-Lead Business
0.releases.1630.parties.5.details.classifications.0,0.releases.1630,0.releases.1630.parties.5,0,WLB,WLB,Woman-Lead Business
0.releases.1630.parties.11.details.classifications.0,0.releases.1630,0.releases.1630.parties.11,0,WLB,WLB,Woman-Lead Business
0.releases.1632.parties.2.details.classifications.0,0.releases.1632,0.releases.1632.parties.2,0,WLB,WLB,Woman-Lead Business
0.releases.1632.parties.3.details.classifications.0,0.releases.1632,0.releases.1632.parties.3,0,WLB,WLB,Woman-Lead Business
0.releases.1632.parties.4.details.classifications.0,0.releases.1632,0.releases.1632.parties.4,0,WLB,WLB,Woman-Lead Business
0.releases.1632.parties.9.details.classifications.0,0.releases.1632,0.releases.1632.parties.9,0,WLB,WLB,Woman-Lead Business
0.releases.1633.parties.2.details.classifications.0,0.releases.1633,0.releases.1633.parties.2,0,WLB,WLB,Woman-Lead Business
0.releases.1633.parties.3.details.classifications.0,0.releases.1633,0.releases.1633.parties.3,0,WLB,WLB,Woman-Lead Business
0.releases.1633.parties.4.details.classifications.0,0.releases.1633,0.releases.1633.parties.4,0,WLB,WLB,Woman-Lead Business
0.releases.1633.parties.5.details.classifications.0,0.releases.1633,0.releases.1633.parties.5,0,WLB,WLB,Woman-Lead Business
0.releases.1634.parties.3.details.classifications.0,0.releases.1634,0.releases.1634.parties.3,0,WLB,WLB,Woman-Lead Business
0.releases.1634.parties.4.details.classifications.0,0.releases.1634,0.releases.1634.parties.4,0,WLB,WLB,Woman-Lead Business
0.releases.1635.parties.3.details.classifications.0,0.releases.1635,0.releases.1635.parties.3,0,WLB,WLB,Woman-Lead Business
0.releases.1635.parties.6.details.classifications.0,0.releases.1635,0.releases.1635.parties.6,0,WLB,WLB,Woman-Lead Business
0.releases.1636.parties.1.details.classifications.0,0.releases.1636,0.releases.1636.parties.1,0,WLB,WLB,Woman-Lead Business
0.releases.1636.parties.2.details.classifications.0,0.releases.1636,0.releases.1636.parties.2,0,WLB,WLB,Woman-Lead Business
0.releases.1636.parties.7.details.classifications.0,0.releases.1636,0.releases.1636.parties.7,0,WLB,WLB,Woman-Lead Business
0.releases.1636.parties.8.details.classifications.0,0.releases.1636,0.releases.1636.parties.8,0,WLB,WLB,Woman-Lead Business
0.releases.1640.parties.1.details.classifications.0,0.releases.1640,0.releases.1640.parties.1,0,WLB,WLB,Woman-Lead Business
0.releases.1640.parties.2.details.classifications.0,0.releases.1640,0.releases.1640.parties.2,0,WLB,WLB,Woman-Lead Business
0.releases.1640.parties.3.details.classifications.0,0.releases.1640,0.releases.1640.parties.3,0,WLB,WLB,Woman-Lead Business
0.releases.1644.parties.1.details.classifications.0,0.releases.1644,0.releases.1644.parties.1,0,WLB,WLB,Woman-Lead Business
0.releases.1645.parties.1.details.classifications.0,0.releases.1645,0.releases.1645.parties.1,0,WLB,WLB,Woman-Lead Business
0.releases.1645.parties.2.details.classifications.0,0.releases.1645,0.releases.1645.parties.2,0,WLB,WLB,Woman-Lead Business
0.releases.1649.parties.1.details.classifications.0,0.releases.1649,0.releases.1649.parties.1,0,WLB,WLB,Woman-Lead Business
0.releases.1654.parties.1.details.classifications.0,0.releases.1654,0.releases.1654.parties.1,0,WLB,WLB,Woman-Lead Business
0.releases.1654.parties.2.details.classifications.0,0.releases.1654,0.releases.1654.parties.2,0,WLB,WLB,Woman-Lead Business
0.releases.1655.parties.3.details.classifications.0,0.releases.1655,0.releases.1655.parties.3,0,WLB,WLB,Woman-Lead Business
0.releases.1655.parties.6.details.classifications.0,0.releases.1655,0.releases.1655.parties.6,0,WLB,WLB,Woman-Lead Business
0.releases.1657.parties.1.details.classifications.0,0.releases.1657,0.releases.1657.parties.1,0,WLB,WLB,Woman-Lead Business
0.releases.1658.parties.2.details.classifications.0,0.releases.1658,0.releases.1658.parties.2,0,WLB,WLB,Woman-Lead Business
0.releases.1658.parties.5.details.classifications.0,0.releases.1658,0.releases.1658.parties.5,0,WLB,WLB,Woman-Lead Business
0.releases.1658.parties.6.details.classifications.0,0.releases.1658,0.releases.1658.parties.6,0,WLB,WLB,Woman-Lead Business
0.releases.1659.parties.5.details.classifications.0,0.releases.1659,0.releases.1659.parties.5,0,WLB,WLB,Woman-Lead Business
0.releases.1659.parties.6.details.classifications.0,0.releases.1659,0.releases.1659.parties.6,0,WLB,WLB,Woman-Lead Business
0.releases.1659.parties.16.details.classifications.0,0.releases.1659,0.releases.1659.parties.16,0,WLB,WLB,Woman-Lead Business
0.releases.1659.parties.18.details.classifications.0,0.releases.1659,0.releases.1659.parties.18,0,WLB,WLB,Woman-Lead Business
0.releases.1659.parties.21.details.classifications.0,0.releases.1659,0.releases.1659.parties.21,0,WLB,WLB,Woman-Lead Business
0.releases.1660.parties.5.details.classifications.0,0.releases.1660,0.releases.1660.parties.5,0,WLB,WLB,Woman-Lead Business
0.releases.1660.parties.6.details.classifications.0,0.releases.1660,0.releases.1660.parties.6,0,WLB,WLB,Woman-Lead Business
0.releases.1660.parties.16.details.classifications.0,0.releases.1660,0.releases.1660.parties.16,0,WLB,WLB,Woman-Lead Business
0.releases.1660.parties.18.details.classifications.0,0.releases.1660,0.releases.1660.parties.18,0,WLB,WLB,Woman-Lead Business
0.releases.1660.parties.21.details.classifications.0,0.releases.1660,0.releases.1660.parties.21,0,WLB,WLB,Woman-Lead Business
0.releases.1665.parties.1.details.classifications.0,0.releases.1665,0.releases.1665.parties.1,0,WLB,WLB,Woman-Lead Business
0.releases.1665.parties.5.details.classifications.0,0.releases.1665,0.releases.1665.parties.5,0,WLB,WLB,Woman-Lead Business
0.releases.1667.parties.1.details.classifications.0,0.releases.1667,0.releases.1667.parties.1,0,WLB,WLB,Woman-Lead Business
0.releases.1668.parties.4.details.classifications.0,0.releases.1668,0.releases.1668.parties.4,0,WLB,WLB,Woman-Lead Business
0.releases.1668.parties.7.details.classifications.0,0.releases.1668,0.releases.1668.parties.7,0,WLB,WLB,Woman-Lead Business
0.releases.1668.parties.9.details.classifications.0,0.releases.1668,0.releases.1668.parties.9,0,WLB,WLB,Woman-Lead Business
0.releases.1668.parties.12.details.classifications.0,0.releases.1668,0.releases.1668.parties.12,0,WLB,WLB,Woman-Lead Business
0.releases.1669.parties.4.details.classifications.0,0.releases.1669,0.releases.1669.parties.4,0,WLB,WLB,Woman-Lead Business
0.releases.1669.parties.7.details.classifications.0,0.releases.1669,0.releases.1669.parties.7,0,WLB,WLB,Woman-Lead Business
0.releases.1669.parties.9.details.classifications.0,0.releases.1669,0.releases.1669.parties.9,0,WLB,WLB,Woman-Lead Business
0.releases.1669.parties.12.details.classifications.0,0.releases.1669,0.releases.1669.parties.12,0,WLB,WLB,Woman-Lead Business
0.releases.1670.parties.3.details.classifications.0,0.releases.1670,0.releases.1670.parties.3,0,WLB,WLB,Woman-Lead Business
0.releases.1670.parties.4.details.classifications.0,0.releases.1670,0.releases.1670.parties.4,0,WLB,WLB,Woman-Lead Business
0.releases.1679.parties.5.details.classifications.0,0.releases.1679,0.releases.1679.parties.5,0,WLB,WLB,Woman-Lead Business
0.releases.1679.parties.6.details.classifications.0,0.releases.1679,0.releases.1679.parties.6,0,WLB,WLB,Woman-Lead Business
0.releases.1679.parties.16.details.classifications.0,0.releases.1679,0.releases.1679.parties.16,0,WLB,WLB,Woman-Lead Business
0.releases.1679.parties.18.details.classifications.0,0.releases.1679,0.releases.1679.parties.18,0,WLB,WLB,Woman-Lead Business
0.releases.1679.parties.21.details.classifications.0,0.releases.1679,0.releases.1679.parties.21,0,WLB,WLB,Woman-Lead Business
0.releases.1683.parties.3.details.classifications.0,0.releases.1683,0.releases.1683.parties.3,0,WLB,WLB,Woman-Lead Business
0.releases.1688.parties.6.details.classifications.0,0.releases.1688,0.releases.1688.parties.6,0,WLB,WLB,Woman-Lead Business
0.releases.1688.parties.24.details.classifications.0,0.releases.1688,0.releases.1688.parties.24,0,WLB,WLB,Woman-Lead Business
0.releases.1689.parties.3.details.classifications.0,0.releases.1689,0.releases.1689.parties.3,0,WLB,WLB,Woman-Lead Business
0.releases.1690.parties.4.details.classifications.0,0.releases.1690,0.releases.1690.parties.4,0,WLB,WLB,Woman-Lead Business
0.releases.1690.parties.8.details.classifications.0,0.releases.1690,0.releases.1690.parties.8,0,WLB,WLB,Woman-Lead Business
0.releases.1692.parties.3.details.classifications.0,0.releases.1692,0.releases.1692.parties.3,0,WLB,WLB,Woman-Lead Business
0.releases.1692.parties.4.details.classifications.0,0.releases.1692,0.releases.1692.parties.4,0,WLB,WLB,Woman-Lead Business
0.releases.1695.parties.1.details.classifications.0,0.releases.1695,0.releases.1695.parties.1,0,WLB,WLB,Woman-Lead Business
0.releases.1697.parties.4.details.classifications.0,0.releases.1697,0.releases.1697.parties.4,0,WLB,WLB,Woman-Lead Business
0.releases.1704.parties.1.details.classifications.0,0.releases.1704,0.releases.1704.parties.1,0,WLB,WLB,Woman-Lead Business
0.releases.1704.parties.6.details.classifications.0,0.releases.1704,0.releases.1704.parties.6,0,WLB,WLB,Woman-Lead Business
0.releases.1705.parties.4.details.classifications.0,0.releases.1705,0.releases.1705.parties.4,0,WLB,WLB,Woman-Lead Business
0.releases.1705.parties.5.details.classifications.0,0.releases.1705,0.releases.1705.parties.5,0,WLB,WLB,Woman-Lead Business
0.releases.1706.parties.3.details.classifications.0,0.releases.1706,0.releases.1706.parties.3,0,WLB,WLB,Woman-Lead Business
0.releases.1706.parties.5.details.classifications.0,0.releases.1706,0.releases.1706.parties.5,0,WLB,WLB,Woman-Lead Business
0.releases.1707.parties.1.details.classifications.0,0.releases.1707,0.releases.1707.parties.1,0,WLB,WLB,Woman-Lead Business
0.releases.1707.parties.2.details.classifications.0,0.releases.1707,0.releases.1707.parties.2,0,WLB,WLB,Woman-Lead Business
0.releases.1709.parties.5.details.classifications.0,0.releases.1709,0.releases.1709.parties.5,0,WLB,WLB,Woman-Lead Business
0.releases.1710.parties.5.details.classifications.0,0.releases.1710,0.releases.1710.parties.5,0,WLB,WLB,Woman-Lead Business
0.releases.1711.parties.2.details.classifications.0,0.releases.1711,0.releases.1711.parties.2,0,WLB,WLB,Woman-Lead Business
0.releases.1712.parties.5.details.classifications.0,0.releases.1712,0.releases.1712.parties.5,0,WLB,WLB,Woman-Lead Business
0.releases.1712.parties.7.details.classifications.0,0.releases.1712,0.releases.1712.parties.7,0,WLB,WLB,Woman-Lead Business
0.releases.1713.parties.1.details.classifications.0,0.releases.1713,0.releases.1713.parties.1,0,WLB,WLB,Woman-Lead Business
0.releases.1714.parties.7.details.classifications.0,0.releases.1714,0.releases.1714.parties.7,0,WLB,WLB,Woman-Lead Business
0.releases.1714.parties.9.details.classifications.0,0.releases.1714,0.releases.1714.parties.9,0,WLB,WLB,Woman-Lead Business
0.releases.1724.parties.3.details.classifications.0,0.releases.1724,0.releases.1724.parties.3,0,WLB,WLB,Woman-Lead Business
0.releases.1724.parties.4.details.classifications.0,0.releases.1724,0.releases.1724.parties.4,0,WLB,WLB,Woman-Lead Business
0.releases.1724.parties.6.details.classifications.0,0.releases.1724,0.releases.1724.parties.6,0,WLB,WLB,Woman-Lead Business
0.releases.1725.parties.4.details.classifications.0,0.releases.1725,0.releases.1725.parties.4,0,WLB,WLB,Woman-Lead Business
0.releases.1726.parties.4.details.classifications.0,0.releases.1726,0.releases.1726.parties.4,0,WLB,WLB,Woman-Lead Business
0.releases.1726.parties.7.details.classifications.0,0.releases.1726,0.releases.1726.parties.7,0,WLB,WLB,Woman-Lead Business
0.releases.1729.parties.3.details.classifications.0,0.releases.1729,0.releases.1729.parties.3,0,WLB,WLB,Woman-Lead Business
0.releases.1732.parties.3.details.classifications.0,0.releases.1732,0.releases.1732.parties.3,0,WLB,WLB,Woman-Lead Business
0.releases.1732.parties.7.details.classifications.0,0.releases.1732,0.releases.1732.parties.7,0,WLB,WLB,Woman-Lead Business
0.releases.1733.parties.1.details.classifications.0,0.releases.1733,0.releases.1733.parties.1,0,WLB,WLB,Woman-Lead Business
0.releases.1733.parties.6.details.classifications.0,0.releases.1733,0.releases.1733.parties.6,0,WLB,WLB,Woman-Lead Business
0.releases.1738.parties.4.details.classifications.0,0.releases.1738,0.releases.1738.parties.4,0,WLB,WLB,Woman-Lead Business
0.releases.1738.parties.6.details.classifications.0,0.releases.1738,0.releases.1738.parties.6,0,WLB,WLB,Woman-Lead Business
0.releases.1739.parties.2.details.classifications.0,0.releases.1739,0.releases.1739.parties.2,0,WLB,WLB,Woman-Lead Business
0.releases.1741.parties.1.details.classifications.0,0.releases.1741,0.releases.1741.parties.1,0,WLB,WLB,Woman-Lead Business
0.releases.1742.parties.4.details.classifications.0,0.releases.1742,0.releases.1742.parties.4,0,WLB,WLB,Woman-Lead Business
0.releases.1742.parties.6.details.classifications.0,0.releases.1742,0.releases.1742.parties.6,0,WLB,WLB,Woman-Lead Business
0.releases.1742.parties.7.details.classifications.0,0.releases.1742,0.releases.1742.parties.7,0,WLB,WLB,Woman-Lead Business
0.releases.1747.parties.4.details.classifications.0,0.releases.1747,0.releases.1747.parties.4,0,WLB,WLB,Woman-Lead Business
0.releases.1747.parties.6.details.classifications.0,0.releases.1747,0.releases.1747.parties.6,0,WLB,WLB,Woman-Lead Business
0.releases.1750.parties.1.details.classifications.0,0.releases.1750,0.releases.1750.parties.1,0,WLB,WLB,Woman-Lead Business
0.releases.1750.parties.3.details.classifications.0,0.releases.1750,0.releases.1750.parties.3,0,WLB,WLB,Woman-Lead Business
0.releases.1751.parties.3.details.classifications.0,0.releases.1751,0.releases.1751.parties.3,0,WLB,WLB,Woman-Lead Business
0.releases.1751.parties.9.details.classifications.0,0.releases.1751,0.releases.1751.parties.9,0,WLB,WLB,Woman-Lead Business
0.releases.1751.parties.12.details.classifications.0,0.releases.1751,0.releases.1751.parties.12,0,WLB,WLB,Woman-Lead Business
0.releases.1751.parties.16.details.classifications.0,0.releases.1751,0.releases.1751.parties.16,0,WLB,WLB,Woman-Lead Business
0.releases.1755.parties.4.details.classifications.0,0.releases.1755,0.releases.1755.parties.4,0,WLB,WLB,Woman-Lead Business
0.releases.1755.parties.5.details.classifications.0,0.releases.1755,0.releases.1755.parties.5,0,WLB,WLB,Woman-Lead Business
0.releases.1755.parties.8.details.classifications.0,0.releases.1755,0.releases.1755.parties.8,0,WLB,WLB,Woman-Lead Business
0.releases.1761.parties.1.details.classifications.0,0.releases.1761,0.releases.1761.parties.1,0,WLB,WLB,Woman-Lead Business
0.releases.1762.parties.4.details.classifications.0,0.releases.1762,0.releases.1762.parties.4,0,WLB,WLB,Woman-Lead Business
0.releases.1764.parties.4.details.classifications.0,0.releases.1764,0.releases.1764.parties.4,0,WLB,WLB,Woman-Lead Business
0.releases.1772.parties.1.details.classifications.0,0.releases.1772,0.releases.1772.parties.1,0,WLB,WLB,Woman-Lead Business
0.releases.1774.parties.1.details.classifications.0,0.releases.1774,0.releases.1774.parties.1,0,WLB,WLB,Woman-Lead Business
0.releases.1774.parties.3.details.classifications.0,0.releases.1774,0.releases.1774.parties.3,0,WLB,WLB,Woman-Lead Business
0.releases.1774.parties.5.details.classifications.0,0.releases.1774,0.releases.1774.parties.5,0,WLB,WLB,Woman-Lead Business
0.releases.1776.parties.6.details.classifications.0,0.releases.1776,0.releases.1776.parties.6,0,WLB,WLB,Woman-Lead Business
0.releases.1776.parties.7.details.classifications.0,0.releases.1776,0.releases.1776.parties.7,0,WLB,WLB,Woman-Lead Business
0.releases.1779.parties.3.details.classifications.0,0.releases.1779,0.releases.1779.parties.3,0,WLB,WLB,Woman-Lead Business
0.releases.1797.parties.1.details.classifications.0,0.releases.1797,0.releases.1797.parties.1,0,WLB,WLB,Woman-Lead Business
0.releases.1797.parties.3.details.classifications.0,0.releases.1797,0.releases.1797.parties.3,0,WLB,WLB,Woman-Lead Business
0.releases.1806.parties.4.details.classifications.0,0.releases.1806,0.releases.1806.parties.4,0,WLB,WLB,Woman-Lead Business
0.releases.1815.parties.2.details.classifications.0,0.releases.1815,0.releases.1815.parties.2,0,WLB,WLB,Woman-Lead Business
0.releases.1817.parties.1.details.classifications.0,0.releases.1817,0.releases.1817.parties.1,0,WLB,WLB,Woman-Lead Business
0.releases.1817.parties.6.details.classifications.0,0.releases.1817,0.releases.1817.parties.6,0,WLB,WLB,Woman-Lead Business
0.releases.1818.parties.5.details.classifications.0,0.releases.1818,0.releases.1818.parties.5,0,WLB,WLB,Woman-Lead Business
0.releases.1819.parties.5.details.classifications.0,0.releases.1819,0.releases.1819.parties.5,0,WLB,WLB,Woman-Lead Business
0.releases.1820.parties.1.details.classifications.0,0.releases.1820,0.releases.1820.parties.1,0,WLB,WLB,Woman-Lead Business
0.releases.1821.parties.5.details.classifications.0,0.releases.1821,0.releases.1821.parties.5,0,WLB,WLB,Woman-Lead Business
0.releases.1822.parties.5.details.classifications.0,0.releases.1822,0.releases.1822.parties.5,0,WLB,WLB,Woman-Lead Business
0.releases.1824.parties.2.details.classifications.0,0.releases.1824,0.releases.1824.parties.2,0,WLB,WLB,Woman-Lead Business
0.releases.1824.parties.10.details.classifications.0,0.releases.1824,0.releases.1824.parties.10,0,WLB,WLB,Woman-Lead Business
0.releases.1824.parties.11.details.classifications.0,0.releases.1824,0.releases.1824.parties.11,0,WLB,WLB,Woman-Lead Business
0.releases.1831.parties.4.details.classifications.0,0.releases.1831,0.releases.1831.parties.4,0,WLB,WLB,Woman-Lead Business
0.releases.1835.parties.9.details.classifications.0,0.releases.1835,0.releases.1835.parties.9,0,WLB,WLB,Woman-Lead Business
0.releases.1836.parties.9.details.classifications.0,0.releases.1836,0.releases.1836.parties.9,0,WLB,WLB,Woman-Lead Business
0.releases.1838.parties.6.details.classifications.0,0.releases.1838,0.releases.1838.parties.6,0,WLB,WLB,Woman-Lead Business
0.releases.1838.parties.7.details.classifications.0,0.releases.1838,0.releases.1838.parties.7,0,WLB,WLB,Woman-Lead Business
0.releases.1843.parties.1.details.classifications.0,0.releases.1843,0.releases.1843.parties.1,0,WLB,WLB,Woman-Lead Business
0.releases.1843.parties.6.details.classifications.0,0.releases.1843,0.releases.1843.parties.6,0,WLB,WLB,Woman-Lead Business
0.releases.1844.parties.3.details.classifications.0,0.releases.1844,0.releases.1844.parties.3,0,WLB,WLB,Woman-Lead Business
0.releases.1847.parties.2.details.classifications.0,0.releases.1847,0.releases.1847.parties.2,0,WLB,WLB,Woman-Lead Business
0.releases.1848.parties.1.details.classifications.0,0.releases.1848,0.releases.1848.parties.1,0,WLB,WLB,Woman-Lead Business
0.releases.1848.parties.3.details.classifications.0,0.releases.1848,0.releases.1848.parties.3,0,WLB,WLB,Woman-Lead Business
0.releases.1848.parties.7.details.classifications.0,0.releases.1848,0.releases.1848.parties.7,0,WLB,WLB,Woman-Lead Business
0.releases.1857.parties.3.details.classifications.0,0.releases.1857,0.releases.1857.parties.3,0,WLB,WLB,Woman-Lead Business
0.releases.1861.parties.3.details.classifications.0,0.releases.1861,0.releases.1861.parties.3,0,WLB,WLB,Woman-Lead Business
0.releases.1861.parties.5.details.classifications.0,0.releases.1861,0.releases.1861.parties.5,0,WLB,WLB,Woman-Lead Business
0.releases.1861.parties.12.details.classifications.0,0.releases.1861,0.releases.1861.parties.12,0,WLB,WLB,Woman-Lead Business
0.releases.1861.parties.13.details.classifications.0,0.releases.1861,0.releases.1861.parties.13,0,WLB,WLB,Woman-Lead Business
0.releases.1862.parties.5.details.classifications.0,0.releases.1862,0.releases.1862.parties.5,0,WLB,WLB,Woman-Lead Business
0.releases.1862.parties.6.details.classifications.0,0.releases.1862,0.releases.1862.parties.6,0,WLB,WLB,Woman-Lead Business
0.releases.1881.parties.4.details.classifications.0,0.releases.1881,0.releases.1881.parties.4,0,WLB,WLB,Woman-Lead Business
0.releases.1885.parties.1.details.classifications.0,0.releases.1885,0.releases.1885.parties.1,0,WLB,WLB,Woman-Lead Business
0.releases.1885.parties.2.details.classifications.0,0.releases.1885,0.releases.1885.parties.2,0,WLB,WLB,Woman-Lead Business
0.releases.1886.parties.1.details.classifications.0,0.releases.1886,0.releases.1886.parties.1,0,WLB,WLB,Woman-Lead Business
0.releases.1888.parties.4.details.classifications.0,0.releases.1888,0.releases.1888.parties.4,0,WLB,WLB,Woman-Lead Business
0.releases.1893.parties.1.details.classifications.0,0.releases.1893,0.releases.1893.parties.1,0,WLB,WLB,Woman-Lead Business
0.releases.1895.parties.3.details.classifications.0,0.releases.1895,0.releases.1895.parties.3,0,WLB,WLB,Woman-Lead Business
0.releases.1895.parties.9.details.classifications.0,0.releases.1895,0.releases.1895.parties.9,0,WLB,WLB,Woman-Lead Business
0.releases.1895.parties.10.details.classifications.0,0.releases.1895,0.releases.1895.parties.10,0,WLB,WLB,Woman-Lead Business
0.releases.1895.parties.11.details.classifications.0,0.releases.1895,0.releases.1895.parties.11,0,WLB,WLB,Woman-Lead Business
0.releases.1895.parties.12.details.classifications.0,0.releases.1895,0.releases.1895.parties.12,0,WLB,WLB,Woman-Lead Business
0.releases.1902.parties.7.details.classifications.0,0.releases.1902,0.releases.1902.parties.7,0,WLB,WLB,Woman-Lead Business
0.releases.1902.parties.14.details.classifications.0,0.releases.1902,0.releases.1902.parties.14,0,WLB,WLB,Woman-Lead Business
0.releases.1902.parties.17.details.classifications.0,0.releases.1902,0.releases.1902.parties.17,0,WLB,WLB,Woman-Lead Business
0.releases.1904.parties.2.details.classifications.0,0.releases.1904,0.releases.1904.parties.2,0,WLB,WLB,Woman-Lead Business
0.releases.1905.parties.9.details.classifications.0,0.releases.1905,0.releases.1905.parties.9,0,WLB,WLB,Woman-Lead Business
0.releases.1906.parties.1.details.classifications.0,0.releases.1906,0.releases.1906.parties.1,0,WLB,WLB,Woman-Lead Business
0.releases.1907.parties.2.details.classifications.0,0.releases.1907,0.releases.1907.parties.2,0,WLB,WLB,Woman-Lead Business
0.releases.1911.parties.3.details.classifications.0,0.releases.1911,0.releases.1911.parties.3,0,WLB,WLB,Woman-Lead Business
0.releases.1912.parties.2.details.classifications.0,0.releases.1912,0.releases.1912.parties.2,0,WLB,WLB,Woman-Lead Business
0.releases.1912.parties.5.details.classifications.0,0.releases.1912,0.releases.1912.parties.5,0,WLB,WLB,Woman-Lead Business
0.releases.1912.parties.6.details.classifications.0,0.releases.1912,0.releases.1912.parties.6,0,WLB,WLB,Woman-Lead Business
0.releases.1912.parties.7.details.classifications.0,0.releases.1912,0.releases.1912.parties.7,0,WLB,WLB,Woman-Lead Business
0.releases.1912.parties.10.details.classifications.0,0.releases.1912,0.releases.1912.parties.10,0,WLB,WLB,Woman-Lead Business
0.releases.1915.parties.2.details.classifications.0,0.releases.1915,0.releases.1915.parties.2,0,WLB,WLB,Woman-Lead Business
0.releases.1917.parties.1.details.classifications.0,0.releases.1917,0.releases.1917.parties.1,0,WLB,WLB,Woman-Lead Business
0.releases.1920.parties.5.details.classifications.0,0.releases.1920,0.releases.1920.parties.5,0,WLB,WLB,Woman-Lead Business
0.releases.1920.parties.6.details.classifications.0,0.releases.1920,0.releases.1920.parties.6,0,WLB,WLB,Woman-Lead Business
0.releases.1923.parties.1.details.classifications.0,0.releases.1923,0.releases.1923.parties.1,0,WLB,WLB,Woman-Lead Business
0.releases.1923.parties.4.details.classifications.0,0.releases.1923,0.releases.1923.parties.4,0,WLB,WLB,Woman-Lead Business
0.releases.1923.parties.5.details.classifications.0,0.releases.1923,0.releases.1923.parties.5,0,WLB,WLB,Woman-Lead Business
0.releases.1923.parties.7.details.classifications.0,0.releases.1923,0.releases.1923.parties.7,0,WLB,WLB,Woman-Lead Business
0.releases.1923.parties.12.details.classifications.0,0.releases.1923,0.releases.1923.parties.12,0,WLB,WLB,Woman-Lead Business
0.releases.1930.parties.3.details.classifications.0,0.releases.1930,0.releases.1930.parties.3,0,WLB,WLB,Woman-Lead Business
0.releases.1930.parties.7.details.classifications.0,0.releases.1930,0.releases.1930.parties.7,0,WLB,WLB,Woman-Lead Business
0.releases.1930.parties.8.details.classifications.0,0.releases.1930,0.releases.1930.parties.8,0,WLB,WLB,Woman-Lead Business
0.releases.1930.parties.13.details.classifications.0,0.releases.1930,0.releases.1930.parties.13,0,WLB,WLB,Woman-Lead Business
0.releases.1933.parties.4.details.classifications.0,0.releases.1933,0.releases.1933.parties.4,0,WLB,WLB,Woman-Lead Business
0.releases.1936.parties.4.details.classifications.0,0.releases.1936,0.releases.1936.parties.4,0,WLB,WLB,Woman-Lead Business
0.releases.1936.parties.5.details.classifications.0,0.releases.1936,0.releases.1936.parties.5,0,WLB,WLB,Woman-Lead Business
0.releases.1936.parties.7.details.classifications.0,0.releases.1936,0.releases.1936.parties.7,0,WLB,WLB,Woman-Lead Business
0.releases.1938.parties.2.details.classifications.0,0.releases.1938,0.releases.1938.parties.2,0,WLB,WLB,Woman-Lead Business
0.releases.1938.parties.8.details.classifications.0,0.releases.1938,0.releases.1938.parties.8,0,WLB,WLB,Woman-Lead Business
0.releases.1938.parties.10.details.classifications.0,0.releases.1938,0.releases.1938.parties.10,0,WLB,WLB,Woman-Lead Business
0.releases.1938.parties.11.details.classifications.0,0.releases.1938,0.releases.1938.parties.11,0,WLB,WLB,Woman-Lead Business
0.releases.1938.parties.12.details.classifications.0,0.releases.1938,0.releases.1938.parties.12,0,WLB,WLB,Woman-Lead Business
0.releases.1938.parties.14.details.classifications.0,0.releases.1938,0.releases.1938.parties.14,0,WLB,WLB,Woman-Lead Business
0.releases.1943.parties.2.details.classifications.0,0.releases.1943,0.releases.1943.parties.2,0,WLB,WLB,Woman-Lead Business
0.releases.1943.parties.3.details.classifications.0,0.releases.1943,0.releases.1943.parties.3,0,WLB,WLB,Woman-Lead Business
0.releases.1943.parties.6.details.classifications.0,0.releases.1943,0.releases.1943.parties.6,0,WLB,WLB,Woman-Lead Business
0.releases.1943.parties.7.details.classifications.0,0.releases.1943,0.releases.1943.parties.7,0,WLB,WLB,Woman-Lead Business
0.releases.1944.parties.4.details.classifications.0,0.releases.1944,0.releases.1944.parties.4,0,WLB,WLB,Woman-Lead Business
0.releases.1944.parties.5.details.classifications.0,0.releases.1944,0.releases.1944.parties.5,0,WLB,WLB,Woman-Lead Business
0.releases.1952.parties.8.details.classifications.0,0.releases.1952,0.releases.1952.parties.8,0,WLB,WLB,Woman-Lead Business
0.releases.1953.parties.2.details.classifications.0,0.releases.1953,0.releases.1953.parties.2,0,WLB,WLB,Woman-Lead Business
0.releases.1953.parties.3.details.classifications.0,0.releases.1953,0.releases.1953.parties.3,0,WLB,WLB,Woman-Lead Business
0.releases.1953.parties.9.details.classifications.0,0.releases.1953,0.releases.1953.parties.9,0,WLB,WLB,Woman-Lead Business
0.releases.1953.parties.13.details.classifications.0,0.releases.1953,0.releases.1953.parties.13,0,WLB,WLB,Woman-Lead Business
0.releases.1953.parties.14.details.classifications.0,0.releases.1953,0.releases.1953.parties.14,0,WLB,WLB,Woman-Lead Business
0.releases.1953.parties.17.details.classifications.0,0.releases.1953,0.releases.1953.parties.17,0,WLB,WLB,Woman-Lead Business
0.releases.1954.parties.3.details.classifications.0,0.releases.1954,0.releases.1954.parties.3,0,WLB,WLB,Woman-Lead Business
0.releases.1956.parties.2.details.classifications.0,0.releases.1956,0.releases.1956.parties.2,0,WLB,WLB,Woman-Lead Business
0.releases.1963.parties.5.details.classifications.0,0.releases.1963,0.releases.1963.parties.5,0,WLB,WLB,Woman-Lead Business
0.releases.1963.parties.6.details.classifications.0,0.releases.1963,0.releases.1963.parties.6,0,WLB,WLB,Woman-Lead Business
0.releases.1963.parties.8.details.classifications.0,0.releases.1963,0.releases.1963.parties.8,0,WLB,WLB,Woman-Lead Business
0.releases.1963.parties.10.details.classifications.0,0.releases.1963,0.releases.1963.parties.10,0,WLB,WLB,Woman-Lead Business
0.releases.1965.parties.8.details.classifications.0,0.releases.1965,0.releases.1965.parties.8,0,WLB,WLB,Woman-Lead Business
0.releases.1966.parties.3.details.classifications.0,0.releases.1966,0.releases.1966.parties.3,0,WLB,WLB,Woman-Lead Business
0.releases.1966.parties.4.details.classifications.0,0.releases.1966,0.releases.1966.parties.4,0,WLB,WLB,Woman-Lead Business
0.releases.1966.parties.5.details.classifications.0,0.releases.1966,0.releases.1966.parties.5,0,WLB,WLB,Woman-Lead Business
0.releases.1968.parties.4.details.classifications.0,0.releases.1968,0.releases.1968.parties.4,0,WLB,WLB,Woman-Lead Business
0.releases.1973.parties.1.details.classifications.0,0.releases.1973,0.releases.1973.parties.1,0,WLB,WLB,Woman-Lead Business
0.releases.1973.parties.9.details.classifications.0,0.releases.1973,0.releases.1973.parties.9,0,WLB,WLB,Woman-Lead Business
0.releases.1974.parties.1.details.classifications.0,0.releases.1974,0.releases.1974.parties.1,0,WLB,WLB,Woman-Lead Business
0.releases.1974.parties.2.details.classifications.0,0.releases.1974,0.releases.1974.parties.2,0,WLB,WLB,Woman-Lead Business
0.releases.1975.parties.5.details.classifications.0,0.releases.1975,0.releases.1975.parties.5,0,WLB,WLB,Woman-Lead Business
0.releases.1975.parties.6.details.classifications.0,0.releases.1975,0.releases.1975.parties.6,0,WLB,WLB,Woman-Lead Business
0.releases.1977.parties.4.details.classifications.0,0.releases.1977,0.releases.1977.parties.4,0,WLB,WLB,Woman-Lead Business
0.releases.1978.parties.4.details.classifications.0,0.releases.1978,0.releases.1978.parties.4,0,WLB,WLB,Woman-Lead Business
0.releases.1979.parties.4.details.classifications.0,0.releases.1979,0.releases.1979.parties.4,0,WLB,WLB,Woman-Lead Business
0.releases.1980.parties.4.details.classifications.0,0.releases.1980,0.releases.1980.parties.4,0,WLB,WLB,Woman-Lead Business
0.releases.1983.parties.4.details.classifications.0,0.releases.1983,0.releases.1983.parties.4,0,WLB,WLB,Woman-Lead Business
0.releases.1984.parties.4.details.classifications.0,0.releases.1984,0.releases.1984.parties.4,0,WLB,WLB,Woman-Lead Business
0.releases.1985.parties.1.details.classifications.0,0.releases.1985,0.releases.1985.parties.1,0,WLB,WLB,Woman-Lead Business
0.releases.1985.parties.4.details.classifications.0,0.releases.1985,0.releases.1985.parties.4,0,WLB,WLB,Woman-Lead Business
0.releases.1991.parties.4.details.classifications.0,0.releases.1991,0.releases.1991.parties.4,0,WLB,WLB,Woman-Lead Business
0.releases.1992.parties.1.details.classifications.0,0.releases.1992,0.releases.1992.parties.1,0,WLB,WLB,Woman-Lead Business
0.releases.1992.parties.5.details.classifications.0,0.releases.1992,0.releases.1992.parties.5,0,WLB,WLB,Woman-Lead Business
0.releases.1992.parties.9.details.classifications.0,0.releases.1992,0.releases.1992.parties.9,0,WLB,WLB,Woman-Lead Business
0.releases.1992.parties.11.details.classifications.0,0.releases.1992,0.releases.1992.parties.11,0,WLB,WLB,Woman-Lead Business
0.releases.1992.parties.12.details.classifications.0,0.releases.1992,0.releases.1992.parties.12,0,WLB,WLB,Woman-Lead Business
0.releases.1995.parties.4.details.classifications.0,0.releases.1995,0.releases.1995.parties.4,0,WLB,WLB,Woman-Lead Business
0.releases.1996.parties.4.details.classifications.0,0.releases.1996,0.releases.1996.parties.4,0,WLB,WLB,Woman-Lead Business
0.releases.2003.parties.1.details.classifications.0,0.releases.2003,0.releases.2003.parties.1,0,WLB,WLB,Woman-Lead Business
0.releases.2003.parties.3.details.classifications.0,0.releases.2003,0.releases.2003.parties.3,0,WLB,WLB,Woman-Lead Business
0.releases.2004.parties.11.details.classifications.0,0.releases.2004,0.releases.2004.parties.11,0,WLB,WLB,Woman-Lead Business
0.releases.2017.parties.3.details.classifications.0,0.releases.2017,0.releases.2017.parties.3,0,WLB,WLB,Woman-Lead Business
0.releases.2019.parties.2.details.classifications.0,0.releases.2019,0.releases.2019.parties.2,0,WLB,WLB,Woman-Lead Business
0.releases.2020.parties.1.details.classifications.0,0.releases.2020,0.releases.2020.parties.1,0,WLB,WLB,Woman-Lead Business
0.releases.2020.parties.10.details.classifications.0,0.releases.2020,0.releases.2020.parties.10,0,WLB,WLB,Woman-Lead Business
0.releases.2020.parties.12.details.classifications.0,0.releases.2020,0.releases.2020.parties.12,0,WLB,WLB,Woman-Lead Business
0.releases.2020.parties.14.details.classifications.0,0.releases.2020,0.releases.2020.parties.14,0,WLB,WLB,Woman-Lead Business
0.releases.2021.parties.1.details.classifications.0,0.releases.2021,0.releases.2021.parties.1,0,WLB,WLB,Woman-Lead Business
0.releases.2024.parties.6.details.classifications.0,0.releases.2024,0.releases.2024.parties.6,0,WLB,WLB,Woman-Lead Business
0.releases.2025.parties.2.details.classifications.0,0.releases.2025,0.releases.2025.parties.2,0,WLB,WLB,Woman-Lead Business
0.releases.2029.parties.6.details.classifications.0,0.releases.2029,0.releases.2029.parties.6,0,WLB,WLB,Woman-Lead Business
0.releases.2030.parties.3.details.classifications.0,0.releases.2030,0.releases.2030.parties.3,0,WLB,WLB,Woman-Lead Business
0.releases.2033.parties.4.details.classifications.0,0.releases.2033,0.releases.2033.parties.4,0,WLB,WLB,Woman-Lead Business
0.releases.2035.parties.4.details.classifications.0,0.releases.2035,0.releases.2035.parties.4,0,WLB,WLB,Woman-Lead Business
0.releases.2036.parties.3.details.classifications.0,0.releases.2036,0.releases.2036.parties.3,0,WLB,WLB,Woman-Lead Business
0.releases.2039.parties.5.details.classifications.0,0.releases.2039,0.releases.2039.parties.5,0,WLB,WLB,Woman-Lead Business
0.releases.2039.parties.7.details.classifications.0,0.releases.2039,0.releases.2039.parties.7,0,WLB,WLB,Woman-Lead Business
0.releases.2041.parties.4.details.classifications.0,0.releases.2041,0.releases.2041.parties.4,0,WLB,WLB,Woman-Lead Business
0.releases.2045.parties.6.details.classifications.0,0.releases.2045,0.releases.2045.parties.6,0,WLB,WLB,Woman-Lead Business
0.releases.2046.parties.6.details.classifications.0,0.releases.2046,0.releases.2046.parties.6,0,WLB,WLB,Woman-Lead Business
0.releases.2047.parties.6.details.classifications.0,0.releases.2047,0.releases.2047.parties.6,0,WLB,WLB,Woman-Lead Business
0.releases.2048.parties.6.details.classifications.0,0.releases.2048,0.releases.2048.parties.6,0,WLB,WLB,Woman-Lead Business
0.releases.2049.parties.6.details.classifications.0,0.releases.2049,0.releases.2049.parties.6,0,WLB,WLB,Woman-Lead Business
0.releases.2050.parties.6.details.classifications.0,0.releases.2050,0.releases.2050.parties.6,0,WLB,WLB,Woman-Lead Business
0.releases.2051.parties.6.details.classifications.0,0.releases.2051,0.releases.2051.parties.6,0,WLB,WLB,Woman-Lead Business
0.releases.2052.parties.6.details.classifications.0,0.releases.2052,0.releases.2052.parties.6,0,WLB,WLB,Woman-Lead Business
0.releases.2053.parties.6.details.classifications.0,0.releases.2053,0.releases.2053.parties.6,0,WLB,WLB,Woman-Lead Business
0.releases.2054.parties.4.details.classifications.0,0.releases.2054,0.releases.2054.parties.4,0,WLB,WLB,Woman-Lead Business
0.releases.2055.parties.4.details.classifications.0,0.releases.2055,0.releases.2055.parties.4,0,WLB,WLB,Woman-Lead Business
0.releases.2060.parties.1.details.classifications.0,0.releases.2060,0.releases.2060.parties.1,0,WLB,WLB,Woman-Lead Business
0.releases.2062.parties.1.details.classifications.0,0.releases.2062,0.releases.2062.parties.1,0,WLB,WLB,Woman-Lead Business
0.releases.2070.parties.1.details.classifications.0,0.releases.2070,0.releases.2070.parties.1,0,WLB,WLB,Woman-Lead Business
0.releases.2070.parties.9.details.classifications.0,0.releases.2070,0.releases.2070.parties.9,0,WLB,WLB,Woman-Lead Business
0.releases.2076.parties.1.details.classifications.0,0.releases.2076,0.releases.2076.parties.1,0,WLB,WLB,Woman-Lead Business
0.releases.2079.parties.5.details.classifications.0,0.releases.2079,0.releases.2079.parties.5,0,WLB,WLB,Woman-Lead Business
0.releases.2079.parties.7.details.classifications.0,0.releases.2079,0.releases.2079.parties.7,0,WLB,WLB,Woman-Lead Business
0.releases.2082.parties.3.details.classifications.0,0.releases.2082,0.releases.2082.parties.3,0,WLB,WLB,Woman-Lead Business
0.releases.2082.parties.8.details.classifications.0,0.releases.2082,0.releases.2082.parties.8,0,WLB,WLB,Woman-Lead Business
0.releases.2082.parties.11.details.classifications.0,0.releases.2082,0.releases.2082.parties.11,0,WLB,WLB,Woman-Lead Business
0.releases.2083.parties.3.details.classifications.0,0.releases.2083,0.releases.2083.parties.3,0,WLB,WLB,Woman-Lead Business
0.releases.2083.parties.8.details.classifications.0,0.releases.2083,0.releases.2083.parties.8,0,WLB,WLB,Woman-Lead Business
0.releases.2083.parties.11.details.classifications.0,0.releases.2083,0.releases.2083.parties.11,0,WLB,WLB,Woman-Lead Business
0.releases.2084.parties.4.details.classifications.0,0.releases.2084,0.releases.2084.parties.4,0,WLB,WLB,Woman-Lead Business
0.releases.2085.parties.4.details.classifications.0,0.releases.2085,0.releases.2085.parties.4,0,WLB,WLB,Woman-Lead Business
0.releases.2086.parties.4.details.classifications.0,0.releases.2086,0.releases.2086.parties.4,0,WLB,WLB,Woman-Lead Business
0.releases.2087.parties.4.details.classifications.0,0.releases.2087,0.releases.2087.parties.4,0,WLB,WLB,Woman-Lead Business
0.releases.2088.parties.1.details.classifications.0,0.releases.2088,0.releases.2088.parties.1,0,WLB,WLB,Woman-Lead Business
0.releases.2095.parties.5.details.classifications.0,0.releases.2095,0.releases.2095.parties.5,0,WLB,WLB,Woman-Lead Business
0.releases.2096.parties.5.details.classifications.0,0.releases.2096,0.releases.2096.parties.5,0,WLB,WLB,Woman-Lead Business
0.releases.2101.parties.3.details.classifications.0,0.releases.2101,0.releases.2101.parties.3,0,WLB,WLB,Woman-Lead Business
0.releases.2102.parties.9.details.classifications.0,0.releases.2102,0.releases.2102.parties.9,0,WLB,WLB,Woman-Lead Business
0.releases.2103.parties.9.details.classifications.0,0.releases.2103,0.releases.2103.parties.9,0,WLB,WLB,Woman-Lead Business
0.releases.2104.parties.1.details.classifications.0,0.releases.2104,0.releases.2104.parties.1,0,WLB,WLB,Woman-Lead Business
0.releases.2104.parties.6.details.classifications.0,0.releases.2104,0.releases.2104.parties.6,0,WLB,WLB,Woman-Lead Business
0.releases.2104.parties.8.details.classifications.0,0.releases.2104,0.releases.2104.parties.8,0,WLB,WLB,Woman-Lead Business
0.releases.2104.parties.10.details.classifications.0,0.releases.2104,0.releases.2104.parties.10,0,WLB,WLB,Woman-Lead Business
0.releases.2106.parties.1.details.classifications.0,0.releases.2106,0.releases.2106.parties.1,0,WLB,WLB,Woman-Lead Business
0.releases.2106.parties.2.details.classifications.0,0.releases.2106,0.releases.2106.parties.2,0,WLB,WLB,Woman-Lead Business
0.releases.2107.parties.1.details.classifications.0,0.releases.2107,0.releases.2107.parties.1,0,WLB,WLB,Woman-Lead Business
0.releases.2107.parties.2.details.classifications.0,0.releases.2107,0.releases.2107.parties.2,0,WLB,WLB,Woman-Lead Business
0.releases.2108.parties.3.details.classifications.0,0.releases.2108,0.releases.2108.parties.3,0,WLB,WLB,Woman-Lead Business
0.releases.2109.parties.5.details.classifications.0,0.releases.2109,0.releases.2109.parties.5,0,WLB,WLB,Woman-Lead Business
0.releases.2110.parties.5.details.classifications.0,0.releases.2110,0.releases.2110.parties.5,0,WLB,WLB,Woman-Lead Business
0.releases.2111.parties.5.details.classifications.0,0.releases.2111,0.releases.2111.parties.5,0,WLB,WLB,Woman-Lead Business
0.releases.2113.parties.4.details.classifications.0,0.releases.2113,0.releases.2113.parties.4,0,WLB,WLB,Woman-Lead Business
0.releases.2115.parties.2.details.classifications.0,0.releases.2115,0.releases.2115.parties.2,0,WLB,WLB,Woman-Lead Business
0.releases.2115.parties.4.details.classifications.0,0.releases.2115,0.releases.2115.parties.4,0,WLB,WLB,Woman-Lead Business
0.releases.2115.parties.7.details.classifications.0,0.releases.2115,0.releases.2115.parties.7,0,WLB,WLB,Woman-Lead Business
0.releases.2115.parties.10.details.classifications.0,0.releases.2115,0.releases.2115.parties.10,0,WLB,WLB,Woman-Lead Business
0.releases.2115.parties.12.details.classifications.0,0.releases.2115,0.releases.2115.parties.12,0,WLB,WLB,Woman-Lead Business
0.releases.2118.parties.3.details.classifications.0,0.releases.2118,0.releases.2118.parties.3,0,WLB,WLB,Woman-Lead Business
0.releases.2120.parties.2.details.classifications.0,0.releases.2120,0.releases.2120.parties.2,0,WLB,WLB,Woman-Lead Business
0.releases.2122.parties.2.details.classifications.0,0.releases.2122,0.releases.2122.parties.2,0,WLB,WLB,Woman-Lead Business
0.releases.2122.parties.3.details.classifications.0,0.releases.2122,0.releases.2122.parties.3,0,WLB,WLB,Woman-Lead Business
0.releases.2123.parties.4.details.classifications.0,0.releases.2123,0.releases.2123.parties.4,0,WLB,WLB,Woman-Lead Business
0.releases.2123.parties.5.details.classifications.0,0.releases.2123,0.releases.2123.parties.5,0,WLB,WLB,Woman-Lead Business
0.releases.2123.parties.7.details.classifications.0,0.releases.2123,0.releases.2123.parties.7,0,WLB,WLB,Woman-Lead Business
0.releases.2127.parties.2.details.classifications.0,0.releases.2127,0.releases.2127.parties.2,0,WLB,WLB,Woman-Lead Business
0.releases.2133.parties.4.details.classifications.0,0.releases.2133,0.releases.2133.parties.4,0,WLB,WLB,Woman-Lead Business
0.releases.2133.parties.7.details.classifications.0,0.releases.2133,0.releases.2133.parties.7,0,WLB,WLB,Woman-Lead Business
0.releases.2134.parties.8.details.classifications.0,0.releases.2134,0.releases.2134.parties.8,0,WLB,WLB,Woman-Lead Business
0.releases.2135.parties.1.details.classifications.0,0.releases.2135,0.releases.2135.parties.1,0,WLB,WLB,Woman-Lead Business
0.releases.2136.parties.1.details.classifications.0,0.releases.2136,0.releases.2136.parties.1,0,WLB,WLB,Woman-Lead Business
0.releases.2136.parties.2.details.classifications.0,0.releases.2136,0.releases.2136.parties.2,0,WLB,WLB,Woman-Lead Business
0.releases.2136.parties.4.details.classifications.0,0.releases.2136,0.releases.2136.parties.4,0,WLB,WLB,Woman-Lead Business
0.releases.2150.parties.1.details.classifications.0,0.releases.2150,0.releases.2150.parties.1,0,WLB,WLB,Woman-Lead Business
0.releases.2151.parties.1.details.classifications.0,0.releases.2151,0.releases.2151.parties.1,0,WLB,WLB,Woman-Lead Business
0.releases.2152.parties.1.details.classifications.0,0.releases.2152,0.releases.2152.parties.1,0,WLB,WLB,Woman-Lead Business
0.releases.2154.parties.3.details.classifications.0,0.releases.2154,0.releases.2154.parties.3,0,WLB,WLB,Woman-Lead Business
0.releases.2154.parties.7.details.classifications.0,0.releases.2154,0.releases.2154.parties.7,0,WLB,WLB,Woman-Lead Business
0.releases.2154.parties.8.details.classifications.0,0.releases.2154,0.releases.2154.parties.8,0,WLB,WLB,Woman-Lead Business
0.releases.2155.parties.2.details.classifications.0,0.releases.2155,0.releases.2155.parties.2,0,WLB,WLB,Woman-Lead Business
0.releases.2156.parties.1.details.classifications.0,0.releases.2156,0.releases.2156.parties.1,0,WLB,WLB,Woman-Lead Business
0.releases.2160.parties.3.details.classifications.0,0.releases.2160,0.releases.2160.parties.3,0,WLB,WLB,Woman-Lead Business
0.releases.2160.parties.9.details.classifications.0,0.releases.2160,0.releases.2160.parties.9,0,WLB,WLB,Woman-Lead Business
0.releases.2160.parties.12.details.classifications.0,0.releases.2160,0.releases.2160.parties.12,0,WLB,WLB,Woman-Lead Business
0.releases.2160.parties.16.details.classifications.0,0.releases.2160,0.releases.2160.parties.16,0,WLB,WLB,Woman-Lead Business
0.releases.2163.parties.5.details.classifications.0,0.releases.2163,0.releases.2163.parties.5,0,WLB,WLB,Woman-Lead Business
0.releases.2164.parties.4.details.classifications.0,0.releases.2164,0.releases.2164.parties.4,0,WLB,WLB,Woman-Lead Business
0.releases.2167.parties.1.details.classifications.0,0.releases.2167,0.releases.2167.parties.1,0,WLB,WLB,Woman-Lead Business
0.releases.2167.parties.6.details.classifications.0,0.releases.2167,0.releases.2167.parties.6,0,WLB,WLB,Woman-Lead Business
0.releases.2167.parties.8.details.classifications.0,0.releases.2167,0.releases.2167.parties.8,0,WLB,WLB,Woman-Lead Business
0.releases.2167.parties.10.details.classifications.0,0.releases.2167,0.releases.2167.parties.10,0,WLB,WLB,Woman-Lead Business
0.releases.2169.parties.9.details.classifications.0,0.releases.2169,0.releases.2169.parties.9,0,WLB,WLB,Woman-Lead Business
0.releases.2169.parties.12.details.classifications.0,0.releases.2169,0.releases.2169.parties.12,0,WLB,WLB,Woman-Lead Business
0.releases.2171.parties.3.details.classifications.0,0.releases.2171,0.releases.2171.parties.3,0,WLB,WLB,Woman-Lead Business
0.releases.2171.parties.5.details.classifications.0,0.releases.2171,0.releases.2171.parties.5,0,WLB,WLB,Woman-Lead Business
0.releases.2172.parties.6.details.classifications.0,0.releases.2172,0.releases.2172.parties.6,0,WLB,WLB,Woman-Lead Business
0.releases.2177.parties.3.details.classifications.0,0.releases.2177,0.releases.2177.parties.3,0,WLB,WLB,Woman-Lead Business
0.releases.2177.parties.7.details.classifications.0,0.releases.2177,0.releases.2177.parties.7,0,WLB,WLB,Woman-Lead Business
0.releases.2177.parties.8.details.classifications.0,0.releases.2177,0.releases.2177.parties.8,0,WLB,WLB,Woman-Lead Business
0.releases.2177.parties.13.details.classifications.0,0.releases.2177,0.releases.2177.parties.13,0,WLB,WLB,Woman-Lead Business
0.releases.2180.parties.4.details.classifications.0,0.releases.2180,0.releases.2180.parties.4,0,WLB,WLB,Woman-Lead Business
0.releases.2180.parties.6.details.classifications.0,0.releases.2180,0.releases.2180.parties.6,0,WLB,WLB,Woman-Lead Business
0.releases.2185.parties.4.details.classifications.0,0.releases.2185,0.releases.2185.parties.4,0,WLB,WLB,Woman-Lead Business
0.releases.2188.parties.1.details.classifications.0,0.releases.2188,0.releases.2188.parties.1,0,WLB,WLB,Woman-Lead Business
0.releases.2209.parties.3.details.classifications.0,0.releases.2209,0.releases.2209.parties.3,0,WLB,WLB,Woman-Lead Business
0.releases.2210.parties.3.details.classifications.0,0.releases.2210,0.releases.2210.parties.3,0,WLB,WLB,Woman-Lead Business
0.releases.2210.parties.7.details.classifications.0,0.releases.2210,0.releases.2210.parties.7,0,WLB,WLB,Woman-Lead Business
0.releases.2210.parties.8.details.classifications.0,0.releases.2210,0.releases.2210.parties.8,0,WLB,WLB,Woman-Lead Business
0.releases.2210.parties.13.details.classifications.0,0.releases.2210,0.releases.2210.parties.13,0,WLB,WLB,Woman-Lead Business
0.releases.2212.parties.6.details.classifications.0,0.releases.2212,0.releases.2212.parties.6,0,WLB,WLB,Woman-Lead Business
0.releases.2220.parties.1.details.classifications.0,0.releases.2220,0.releases.2220.parties.1,0,WLB,WLB,Woman-Lead Business
0.releases.2224.parties.4.details.classifications.0,0.releases.2224,0.releases.2224.parties.4,0,WLB,WLB,Woman-Lead Business
0.releases.2226.parties.3.details.classifications.0,0.releases.2226,0.releases.2226.parties.3,0,WLB,WLB,Woman-Lead Business
0.releases.2226.parties.8.details.classifications.0,0.releases.2226,0.releases.2226.parties.8,0,WLB,WLB,Woman-Lead Business
0.releases.2226.parties.11.details.classifications.0,0.releases.2226,0.releases.2226.parties.11,0,WLB,WLB,Woman-Lead Business
0.releases.2227.parties.2.details.classifications.0,0.releases.2227,0.releases.2227.parties.2,0,WLB,WLB,Woman-Lead Business
0.releases.2230.parties.2.details.classifications.0,0.releases.2230,0.releases.2230.parties.2,0,WLB,WLB,Woman-Lead Business
0.releases.2230.parties.10.details.classifications.0,0.releases.2230,0.releases.2230.parties.10,0,WLB,WLB,Woman-Lead Business
0.releases.2230.parties.11.details.classifications.0,0.releases.2230,0.releases.2230.parties.11,0,WLB,WLB,Woman-Lead Business
0.releases.2232.parties.3.details.classifications.0,0.releases.2232,0.releases.2232.parties.3,0,WLB,WLB,Woman-Lead Business
0.releases.2232.parties.8.details.classifications.0,0.releases.2232,0.releases.2232.parties.8,0,WLB,WLB,Woman-Lead Business
0.releases.2232.parties.11.details.classifications.0,0.releases.2232,0.releases.2232.parties.11,0,WLB,WLB,Woman-Lead Business
0.releases.2233.parties.3.details.classifications.0,0.releases.2233,0.releases.2233.parties.3,0,WLB,WLB,Woman-Lead Business
0.releases.2233.parties.8.details.classifications.0,0.releases.2233,0.releases.2233.parties.8,0,WLB,WLB,Woman-Lead Business
0.releases.2233.parties.11.details.classifications.0,0.releases.2233,0.releases.2233.parties.11,0,WLB,WLB,Woman-Lead Business
0.releases.2234.parties.3.details.classifications.0,0.releases.2234,0.releases.2234.parties.3,0,WLB,WLB,Woman-Lead Business
0.releases.2234.parties.8.details.classifications.0,0.releases.2234,0.releases.2234.parties.8,0,WLB,WLB,Woman-Lead Business
0.releases.2234.parties.11.details.classifications.0,0.releases.2234,0.releases.2234.parties.11,0,WLB,WLB,Woman-Lead Business
0.releases.2247.parties.2.details.classifications.0,0.releases.2247,0.releases.2247.parties.2,0,WLB,WLB,Woman-Lead Business
0.releases.2254.parties.2.details.classifications.0,0.releases.2254,0.releases.2254.parties.2,0,WLB,WLB,Woman-Lead Business
0.releases.2257.parties.3.details.classifications.0,0.releases.2257,0.releases.2257.parties.3,0,WLB,WLB,Woman-Lead Business
0.releases.2258.parties.3.details.classifications.0,0.releases.2258,0.releases.2258.parties.3,0,WLB,WLB,Woman-Lead Business
0.releases.2259.parties.3.details.classifications.0,0.releases.2259,0.releases.2259.parties.3,0,WLB,WLB,Woman-Lead Business
0.releases.2260.parties.3.details.classifications.0,0.releases.2260,0.releases.2260.parties.3,0,WLB,WLB,Woman-Lead Business
0.releases.2261.parties.3.details.classifications.0,0.releases.2261,0.releases.2261.parties.3,0,WLB,WLB,Woman-Lead Business
0.releases.2262.parties.3.details.classifications.0,0.releases.2262,0.releases.2262.parties.3,0,WLB,WLB,Woman-Lead Business
0.releases.2263.parties.3.details.classifications.0,0.releases.2263,0.releases.2263.parties.3,0,WLB,WLB,Woman-Lead Business
0.releases.2264.parties.3.details.classifications.0,0.releases.2264,0.releases.2264.parties.3,0,WLB,WLB,Woman-Lead Business
0.releases.2267.parties.4.details.classifications.0,0.releases.2267,0.releases.2267.parties.4,0,WLB,WLB,Woman-Lead Business
0.releases.2268.parties.4.details.classifications.0,0.releases.2268,0.releases.2268.parties.4,0,WLB,WLB,Woman-Lead Business
0.releases.2269.parties.4.details.classifications.0,0.releases.2269,0.releases.2269.parties.4,0,WLB,WLB,Woman-Lead Business
0.releases.2270.parties.6.details.classifications.0,0.releases.2270,0.releases.2270.parties.6,0,WLB,WLB,Woman-Lead Business
0.releases.2270.parties.7.details.classifications.0,0.releases.2270,0.releases.2270.parties.7,0,WLB,WLB,Woman-Lead Business
0.releases.2271.parties.4.details.classifications.0,0.releases.2271,0.releases.2271.parties.4,0,WLB,WLB,Woman-Lead Business
0.releases.2272.parties.4.details.classifications.0,0.releases.2272,0.releases.2272.parties.4,0,WLB,WLB,Woman-Lead Business
0.releases.2274.parties.4.details.classifications.0,0.releases.2274,0.releases.2274.parties.4,0,WLB,WLB,Woman-Lead Business
0.releases.2276.parties.4.details.classifications.0,0.releases.2276,0.releases.2276.parties.4,0,WLB,WLB,Woman-Lead Business
0.releases.2277.parties.2.details.classifications.0,0.releases.2277,0.releases.2277.parties.2,0,WLB,WLB,Woman-Lead Business
0.releases.2277.parties.4.details.classifications.0,0.releases.2277,0.releases.2277.parties.4,0,WLB,WLB,Woman-Lead Business
0.releases.2277.parties.7.details.classifications.0,0.releases.2277,0.releases.2277.parties.7,0,WLB,WLB,Woman-Lead Business
0.releases.2278.parties.4.details.classifications.0,0.releases.2278,0.releases.2278.parties.4,0,WLB,WLB,Woman-Lead Business
0.releases.2279.parties.4.details.classifications.0,0.releases.2279,0.releases.2279.parties.4,0,WLB,WLB,Woman-Lead Business
0.releases.2280.parties.4.details.classifications.0,0.releases.2280,0.releases.2280.parties.4,0,WLB,WLB,Woman-Lead Business
0.releases.2281.parties.4.details.classifications.0,0.releases.2281,0.releases.2281.parties.4,0,WLB,WLB,Woman-Lead Business
0.releases.2282.parties.4.details.classifications.0,0.releases.2282,0.releases.2282.parties.4,0,WLB,WLB,Woman-Lead Business
0.releases.2283.parties.4.details.classifications.0,0.releases.2283,0.releases.2283.parties.4,0,WLB,WLB,Woman-Lead Business
0.releases.2284.parties.4.details.classifications.0,0.releases.2284,0.releases.2284.parties.4,0,WLB,WLB,Woman-Lead Business
0.releases.2285.parties.4.details.classifications.0,0.releases.2285,0.releases.2285.parties.4,0,WLB,WLB,Woman-Lead Business
0.releases.2286.parties.4.details.classifications.0,0.releases.2286,0.releases.2286.parties.4,0,WLB,WLB,Woman-Lead Business
0.releases.2287.parties.4.details.classifications.0,0.releases.2287,0.releases.2287.parties.4,0,WLB,WLB,Woman-Lead Business
0.releases.2288.parties.4.details.classifications.0,0.releases.2288,0.releases.2288.parties.4,0,WLB,WLB,Woman-Lead Business
0.releases.2289.parties.2.details.classifications.0,0.releases.2289,0.releases.2289.parties.2,0,WLB,WLB,Woman-Lead Business
0.releases.2290.parties.2.details.classifications.0,0.releases.2290,0.releases.2290.parties.2,0,WLB,WLB,Woman-Lead Business
0.releases.2290.parties.5.details.classifications.0,0.releases.2290,0.releases.2290.parties.5,0,WLB,WLB,Woman-Lead Business
0.releases.2294.parties.1.details.classifications.0,0.releases.2294,0.releases.2294.parties.1,0,WLB,WLB,Woman-Lead Business
0.releases.2294.parties.2.details.classifications.0,0.releases.2294,0.releases.2294.parties.2,0,WLB,WLB,Woman-Lead Business
0.releases.2294.parties.4.details.classifications.0,0.releases.2294,0.releases.2294.parties.4,0,WLB,WLB,Woman-Lead Business
0.releases.2294.parties.9.details.classifications.0,0.releases.2294,0.releases.2294.parties.9,0,WLB,WLB,Woman-Lead Business
0.releases.2296.parties.2.details.classifications.0,0.releases.2296,0.releases.2296.parties.2,0,WLB,WLB,Woman-Lead Business
0.releases.2297.parties.4.details.classifications.0,0.releases.2297,0.releases.2297.parties.4,0,WLB,WLB,Woman-Lead Business
0.releases.2297.parties.6.details.classifications.0,0.releases.2297,0.releases.2297.parties.6,0,WLB,WLB,Woman-Lead Business
0.releases.2298.parties.6.details.classifications.0,0.releases.2298,0.releases.2298.parties.6,0,WLB,WLB,Woman-Lead Business
0.releases.2300.parties.1.details.classifications.0,0.releases.2300,0.releases.2300.parties.1,0,WLB,WLB,Woman-Lead Business
0.releases.2301.parties.3.details.classifications.0,0.releases.2301,0.releases.2301.parties.3,0,WLB,WLB,Woman-Lead Business
0.releases.2301.parties.7.details.classifications.0,0.releases.2301,0.releases.2301.parties.7,0,WLB,WLB,Woman-Lead Business
0.releases.2301.parties.8.details.classifications.0,0.releases.2301,0.releases.2301.parties.8,0,WLB,WLB,Woman-Lead Business
0.releases.2303.parties.1.details.classifications.0,0.releases.2303,0.releases.2303.parties.1,0,WLB,WLB,Woman-Lead Business
0.releases.2303.parties.3.details.classifications.0,0.releases.2303,0.releases.2303.parties.3,0,WLB,WLB,Woman-Lead Business
0.releases.2303.parties.4.details.classifications.0,0.releases.2303,0.releases.2303.parties.4,0,WLB,WLB,Woman-Lead Business
0.releases.2303.parties.6.details.classifications.0,0.releases.2303,0.releases.2303.parties.6,0,WLB,WLB,Woman-Lead Business
0.releases.2304.parties.2.details.classifications.0,0.releases.2304,0.releases.2304.parties.2,0,WLB,WLB,Woman-Lead Business
0.releases.2308.parties.2.details.classifications.0,0.releases.2308,0.releases.2308.parties.2,0,WLB,WLB,Woman-Lead Business
0.releases.2308.parties.7.details.classifications.0,0.releases.2308,0.releases.2308.parties.7,0,WLB,WLB,Woman-Lead Business
0.releases.2309.parties.4.details.classifications.0,0.releases.2309,0.releases.2309.parties.4,0,WLB,WLB,Woman-Lead Business
0.releases.2309.parties.6.details.classifications.0,0.releases.2309,0.releases.2309.parties.6,0,WLB,WLB,Woman-Lead Business
0.releases.2311.parties.2.details.classifications.0,0.releases.2311,0.releases.2311.parties.2,0,WLB,WLB,Woman-Lead Business
0.releases.2312.parties.2.details.classifications.0,0.releases.2312,0.releases.2312.parties.2,0,WLB,WLB,Woman-Lead Business
0.releases.2312.parties.7.details.classifications.0,0.releases.2312,0.releases.2312.parties.7,0,WLB,WLB,Woman-Lead Business
0.releases.2313.parties.2.details.classifications.0,0.releases.2313,0.releases.2313.parties.2,0,WLB,WLB,Woman-Lead Business
0.releases.2314.parties.2.details.classifications.0,0.releases.2314,0.releases.2314.parties.2,0,WLB,WLB,Woman-Lead Business
0.releases.2317.parties.6.details.classifications.0,0.releases.2317,0.releases.2317.parties.6,0,WLB,WLB,Woman-Lead Business
0.releases.2317.parties.8.details.classifications.0,0.releases.2317,0.releases.2317.parties.8,0,WLB,WLB,Woman-Lead Business
0.releases.2317.parties.11.details.classifications.0,0.releases.2317,0.releases.2317.parties.11,0,WLB,WLB,Woman-Lead Business
0.releases.2319.parties.6.details.classifications.0,0.releases.2319,0.releases.2319.parties.6,0,WLB,WLB,Woman-Lead Business
0.releases.2329.parties.2.details.classifications.0,0.releases.2329,0.releases.2329.parties.2,0,WLB,WLB,Woman-Lead Business
0.releases.2330.parties.1.details.classifications.0,0.releases.2330,0.releases.2330.parties.1,0,WLB,WLB,Woman-Lead Business
0.releases.2330.parties.2.details.classifications.0,0.releases.2330,0.releases.2330.parties.2,0,WLB,WLB,Woman-Lead Business
0.releases.2330.parties.8.details.classifications.0,0.releases.2330,0.releases.2330.parties.8,0,WLB,WLB,Woman-Lead Business
0.releases.2330.parties.9.details.classifications.0,0.releases.2330,0.releases.2330.parties.9,0,WLB,WLB,Woman-Lead Business
0.releases.2330.parties.10.details.classifications.0,0.releases.2330,0.releases.2330.parties.10,0,WLB,WLB,Woman-Lead Business
0.releases.2330.parties.11.details.classifications.0,0.releases.2330,0.releases.2330.parties.11,0,WLB,WLB,Woman-Lead Business
0.releases.2330.parties.12.details.classifications.0,0.releases.2330,0.releases.2330.parties.12,0,WLB,WLB,Woman-Lead Business
0.releases.2331.parties.5.details.classifications.0,0.releases.2331,0.releases.2331.parties.5,0,WLB,WLB,Woman-Lead Business
0.releases.2331.parties.6.details.classifications.0,0.releases.2331,0.releases.2331.parties.6,0,WLB,WLB,Woman-Lead Business
0.releases.2332.parties.2.details.classifications.0,0.releases.2332,0.releases.2332.parties.2,0,WLB,WLB,Woman-Lead Business
0.releases.2333.parties.1.details.classifications.0,0.releases.2333,0.releases.2333.parties.1,0,WLB,WLB,Woman-Lead Business
0.releases.2333.parties.4.details.classifications.0,0.releases.2333,0.releases.2333.parties.4,0,WLB,WLB,Woman-Lead Business
0.releases.2334.parties.2.details.classifications.0,0.releases.2334,0.releases.2334.parties.2,0,WLB,WLB,Woman-Lead Business
0.releases.2334.parties.5.details.classifications.0,0.releases.2334,0.releases.2334.parties.5,0,WLB,WLB,Woman-Lead Business
0.releases.2334.parties.9.details.classifications.0,0.releases.2334,0.releases.2334.parties.9,0,WLB,WLB,Woman-Lead Business
0.releases.2334.parties.13.details.classifications.0,0.releases.2334,0.releases.2334.parties.13,0,WLB,WLB,Woman-Lead Business
0.releases.2334.parties.15.details.classifications.0,0.releases.2334,0.releases.2334.parties.15,0,WLB,WLB,Woman-Lead Business
0.releases.2334.parties.17.details.classifications.0,0.releases.2334,0.releases.2334.parties.17,0,WLB,WLB,Woman-Lead Business
0.releases.2334.parties.20.details.classifications.0,0.releases.2334,0.releases.2334.parties.20,0,WLB,WLB,Woman-Lead Business
0.releases.2334.parties.22.details.classifications.0,0.releases.2334,0.releases.2334.parties.22,0,WLB,WLB,Woman-Lead Business
0.releases.2334.parties.28.details.classifications.0,0.releases.2334,0.releases.2334.parties.28,0,WLB,WLB,Woman-Lead Business
0.releases.2334.parties.29.details.classifications.0,0.releases.2334,0.releases.2334.parties.29,0,WLB,WLB,Woman-Lead Business
0.releases.2334.parties.30.details.classifications.0,0.releases.2334,0.releases.2334.parties.30,0,WLB,WLB,Woman-Lead Business
0.releases.2339.parties.2.details.classifications.0,0.releases.2339,0.releases.2339.parties.2,0,WLB,WLB,Woman-Lead Business
0.releases.2341.parties.2.details.classifications.0,0.releases.2341,0.releases.2341.parties.2,0,WLB,WLB,Woman-Lead Business
0.releases.2341.parties.4.details.classifications.0,0.releases.2341,0.releases.2341.parties.4,0,WLB,WLB,Woman-Lead Business
0.releases.2341.parties.7.details.classifications.0,0.releases.2341,0.releases.2341.parties.7,0,WLB,WLB,Woman-Lead Business
0.releases.2345.parties.3.details.classifications.0,0.releases.2345,0.releases.2345.parties.3,0,WLB,WLB,Woman-Lead Business
0.releases.2345.parties.7.details.classifications.0,0.releases.2345,0.releases.2345.parties.7,0,WLB,WLB,Woman-Lead Business
0.releases.2348.parties.3.details.classifications.0,0.releases.2348,0.releases.2348.parties.3,0,WLB,WLB,Woman-Lead Business
0.releases.2348.parties.8.details.classifications.0,0.releases.2348,0.releases.2348.parties.8,0,WLB,WLB,Woman-Lead Business
0.releases.2348.parties.11.details.classifications.0,0.releases.2348,0.releases.2348.parties.11,0,WLB,WLB,Woman-Lead Business
0.releases.2349.parties.3.details.classifications.0,0.releases.2349,0.releases.2349.parties.3,0,WLB,WLB,Woman-Lead Business
0.releases.2349.parties.4.details.classifications.0,0.releases.2349,0.releases.2349.parties.4,0,WLB,WLB,Woman-Lead Business
0.releases.2350.parties.1.details.classifications.0,0.releases.2350,0.releases.2350.parties.1,0,WLB,WLB,Woman-Lead Business
0.releases.2350.parties.5.details.classifications.0,0.releases.2350,0.releases.2350.parties.5,0,WLB,WLB,Woman-Lead Business
0.releases.2350.parties.6.details.classifications.0,0.releases.2350,0.releases.2350.parties.6,0,WLB,WLB,Woman-Lead Business
0.releases.2350.parties.9.details.classifications.0,0.releases.2350,0.releases.2350.parties.9,0,WLB,WLB,Woman-Lead Business
0.releases.2360.parties.1.details.classifications.0,0.releases.2360,0.releases.2360.parties.1,0,WLB,WLB,Woman-Lead Business
0.releases.2360.parties.2.details.classifications.0,0.releases.2360,0.releases.2360.parties.2,0,WLB,WLB,Woman-Lead Business
0.releases.2365.parties.6.details.classifications.0,0.releases.2365,0.releases.2365.parties.6,0,WLB,WLB,Woman-Lead Business
0.releases.2365.parties.24.details.classifications.0,0.releases.2365,0.releases.2365.parties.24,0,WLB,WLB,Woman-Lead Business
0.releases.2367.parties.6.details.classifications.0,0.releases.2367,0.releases.2367.parties.6,0,WLB,WLB,Woman-Lead Business
0.releases.2367.parties.24.details.classifications.0,0.releases.2367,0.releases.2367.parties.24,0,WLB,WLB,Woman-Lead Business
0.releases.2377.parties.3.details.classifications.0,0.releases.2377,0.releases.2377.parties.3,0,WLB,WLB,Woman-Lead Business
0.releases.2377.parties.7.details.classifications.0,0.releases.2377,0.releases.2377.parties.7,0,WLB,WLB,Woman-Lead Business
0.releases.2377.parties.8.details.classifications.0,0.releases.2377,0.releases.2377.parties.8,0,WLB,WLB,Woman-Lead Business
0.releases.2377.parties.13.details.classifications.0,0.releases.2377,0.releases.2377.parties.13,0,WLB,WLB,Woman-Lead Business
0.releases.2379.parties.2.details.classifications.0,0.releases.2379,0.releases.2379.parties.2,0,WLB,WLB,Woman-Lead Business
0.releases.2387.parties.5.details.classifications.0,0.releases.2387,0.releases.2387.parties.5,0,WLB,WLB,Woman-Lead Business
0.releases.2393.parties.1.details.classifications.0,0.releases.2393,0.releases.2393.parties.1,0,WLB,WLB,Woman-Lead Business
0.releases.2393.parties.3.details.classifications.0,0.releases.2393,0.releases.2393.parties.3,0,WLB,WLB,Woman-Lead Business
0.releases.2393.parties.4.details.classifications.0,0.releases.2393,0.releases.2393.parties.4,0,WLB,WLB,Woman-Lead Business
0.releases.2393.parties.6.details.classifications.0,0.releases.2393,0.releases.2393.parties.6,0,WLB,WLB,Woman-Lead Business
0.releases.2395.parties.2.details.classifications.0,0.releases.2395,0.releases.2395.parties.2,0,WLB,WLB,Woman-Lead Business
0.releases.2395.parties.4.details.classifications.0,0.releases.2395,0.releases.2395.parties.4,0,WLB,WLB,Woman-Lead Business
0.releases.2397.parties.2.details.classifications.0,0.releases.2397,0.releases.2397.parties.2,0,WLB,WLB,Woman-Lead Business
0.releases.2397.parties.4.details.classifications.0,0.releases.2397,0.releases.2397.parties.4,0,WLB,WLB,Woman-Lead Business
0.releases.2398.parties.4.details.classifications.0,0.releases.2398,0.releases.2398.parties.4,0,WLB,WLB,Woman-Lead Business
0.releases.2398.parties.7.details.classifications.0,0.releases.2398,0.releases.2398.parties.7,0,WLB,WLB,Woman-Lead Business
0.releases.2398.parties.10.details.classifications.0,0.releases.2398,0.releases.2398.parties.10,0,WLB,WLB,Woman-Lead Business
0.releases.2398.parties.14.details.classifications.0,0.releases.2398,0.releases.2398.parties.14,0,WLB,WLB,Woman-Lead Business
0.releases.2398.parties.15.details.classifications.0,0.releases.2398,0.releases.2398.parties.15,0,WLB,WLB,Woman-Lead Business
0.releases.2398.parties.17.details.classifications.0,0.releases.2398,0.releases.2398.parties.17,0,WLB,WLB,Woman-Lead Business
0.releases.2399.parties.4.details.classifications.0,0.releases.2399,0.releases.2399.parties.4,0,WLB,WLB,Woman-Lead Business
0.releases.2399.parties.6.details.classifications.0,0.releases.2399,0.releases.2399.parties.6,0,WLB,WLB,Woman-Lead Business
0.releases.2399.parties.10.details.classifications.0,0.releases.2399,0.releases.2399.parties.10,0,WLB,WLB,Woman-Lead Business
0.releases.2401.parties.2.details.classifications.0,0.releases.2401,0.releases.2401.parties.2,0,WLB,WLB,Woman-Lead Business
0.releases.2402.parties.2.details.classifications.0,0.releases.2402,0.releases.2402.parties.2,0,WLB,WLB,Woman-Lead Business
0.releases.2408.parties.7.details.classifications.0,0.releases.2408,0.releases.2408.parties.7,0,WLB,WLB,Woman-Lead Business
0.releases.2408.parties.8.details.classifications.0,0.releases.2408,0.releases.2408.parties.8,0,WLB,WLB,Woman-Lead Business
0.releases.2408.parties.9.details.classifications.0,0.releases.2408,0.releases.2408.parties.9,0,WLB,WLB,Woman-Lead Business
0.releases.2414.parties.2.details.classifications.0,0.releases.2414,0.releases.2414.parties.2,0,WLB,WLB,Woman-Lead Business
0.releases.2416.parties.1.details.classifications.0,0.releases.2416,0.releases.2416.parties.1,0,WLB,WLB,Woman-Lead Business
0.releases.2416.parties.4.details.classifications.0,0.releases.2416,0.releases.2416.parties.4,0,WLB,WLB,Woman-Lead Business
0.releases.2416.parties.5.details.classifications.0,0.releases.2416,0.releases.2416.parties.5,0,WLB,WLB,Woman-Lead Business
0.releases.2416.parties.7.details.classifications.0,0.releases.2416,0.releases.2416.parties.7,0,WLB,WLB,Woman-Lead Business
0.releases.2416.parties.12.details.classifications.0,0.releases.2416,0.releases.2416.parties.12,0,WLB,WLB,Woman-Lead Business
0.releases.2417.parties.3.details.classifications.0,0.releases.2417,0.releases.2417.parties.3,0,WLB,WLB,Woman-Lead Business
0.releases.2417.parties.8.details.classifications.0,0.releases.2417,0.releases.2417.parties.8,0,WLB,WLB,Woman-Lead Business
0.releases.2417.parties.11.details.classifications.0,0.releases.2417,0.releases.2417.parties.11,0,WLB,WLB,Woman-Lead Business
0.releases.2418.parties.7.details.classifications.0,0.releases.2418,0.releases.2418.parties.7,0,WLB,WLB,Woman-Lead Business
0.releases.2418.parties.8.details.classifications.0,0.releases.2418,0.releases.2418.parties.8,0,WLB,WLB,Woman-Lead Business
0.releases.2418.parties.9.details.classifications.0,0.releases.2418,0.releases.2418.parties.9,0,WLB,WLB,Woman-Lead Business
0.releases.2427.parties.4.details.classifications.0,0.releases.2427,0.releases.2427.parties.4,0,WLB,WLB,Woman-Lead Business
0.releases.2427.parties.5.details.classifications.0,0.releases.2427,0.releases.2427.parties.5,0,WLB,WLB,Woman-Lead Business
0.releases.2427.parties.7.details.classifications.0,0.releases.2427,0.releases.2427.parties.7,0,WLB,WLB,Woman-Lead Business
0.releases.2439.parties.3.details.classifications.0,0.releases.2439,0.releases.2439.parties.3,0,WLB,WLB,Woman-Lead Business
0.releases.2441.parties.1.details.classifications.0,0.releases.2441,0.releases.2441.parties.1,0,WLB,WLB,Woman-Lead Business
0.releases.2441.parties.4.details.classifications.0,0.releases.2441,0.releases.2441.parties.4,0,WLB,WLB,Woman-Lead Business
0.releases.2441.parties.5.details.classifications.0,0.releases.2441,0.releases.2441.parties.5,0,WLB,WLB,Woman-Lead Business
0.releases.2441.parties.7.details.classifications.0,0.releases.2441,0.releases.2441.parties.7,0,WLB,WLB,Woman-Lead Business
0.releases.2441.parties.12.details.classifications.0,0.releases.2441,0.releases.2441.parties.12,0,WLB,WLB,Woman-Lead Business
0.releases.2442.parties.2.details.classifications.0,0.releases.2442,0.releases.2442.parties.2,0,WLB,WLB,Woman-Lead Business
0.releases.2442.parties.4.details.classifications.0,0.releases.2442,0.releases.2442.parties.4,0,WLB,WLB,Woman-Lead Business
0.releases.2454.parties.2.details.classifications.0,0.releases.2454,0.releases.2454.parties.2,0,WLB,WLB,Woman-Lead Business
0.releases.2455.parties.5.details.classifications.0,0.releases.2455,0.releases.2455.parties.5,0,WLB,WLB,Woman-Lead Business
0.releases.2461.parties.2.details.classifications.0,0.releases.2461,0.releases.2461.parties.2,0,WLB,WLB,Woman-Lead Business
0.releases.2464.parties.1.details.classifications.0,0.releases.2464,0.releases.2464.parties.1,0,WLB,WLB,Woman-Lead Business
0.releases.2464.parties.9.details.classifications.0,0.releases.2464,0.releases.2464.parties.9,0,WLB,WLB,Woman-Lead Business
0.releases.2475.parties.3.details.classifications.0,0.releases.2475,0.releases.2475.parties.3,0,WLB,WLB,Woman-Lead Business
0.releases.2475.parties.9.details.classifications.0,0.releases.2475,0.releases.2475.parties.9,0,WLB,WLB,Woman-Lead Business
0.releases.2475.parties.12.details.classifications.0,0.releases.2475,0.releases.2475.parties.12,0,WLB,WLB,Woman-Lead Business
0.releases.2475.parties.16.details.classifications.0,0.releases.2475,0.releases.2475.parties.16,0,WLB,WLB,Woman-Lead Business
0.releases.2484.parties.3.details.classifications.0,0.releases.2484,0.releases.2484.parties.3,0,WLB,WLB,Woman-Lead Business
0.releases.2490.parties.3.details.classifications.0,0.releases.2490,0.releases.2490.parties.3,0,WLB,WLB,Woman-Lead Business
0.releases.2490.parties.5.details.classifications.0,0.releases.2490,0.releases.2490.parties.5,0,WLB,WLB,Woman-Lead Business
0.releases.2495.parties.4.details.classifications.0,0.releases.2495,0.releases.2495.parties.4,0,WLB,WLB,Woman-Lead Business
0.releases.2495.parties.8.details.classifications.0,0.releases.2495,0.releases.2495.parties.8,0,WLB,WLB,Woman-Lead Business
0.releases.2500.parties.2.details.classifications.0,0.releases.2500,0.releases.2500.parties.2,0,WLB,WLB,Woman-Lead Business
0.releases.2502.parties.1.details.classifications.0,0.releases.2502,0.releases.2502.parties.1,0,WLB,WLB,Woman-Lead Business
0.releases.2502.parties.2.details.classifications.0,0.releases.2502,0.releases.2502.parties.2,0,WLB,WLB,Woman-Lead Business
0.releases.2502.parties.7.details.classifications.0,0.releases.2502,0.releases.2502.parties.7,0,WLB,WLB,Woman-Lead Business
0.releases.2502.parties.8.details.classifications.0,0.releases.2502,0.releases.2502.parties.8,0,WLB,WLB,Woman-Lead Business
0.releases.2503.parties.1.details.classifications.0,0.releases.2503,0.releases.2503.parties.1,0,WLB,WLB,Woman-Lead Business
0.releases.2503.parties.3.details.classifications.0,0.releases.2503,0.releases.2503.parties.3,0,WLB,WLB,Woman-Lead Business
0.releases.2503.parties.4.details.classifications.0,0.releases.2503,0.releases.2503.parties.4,0,WLB,WLB,Woman-Lead Business
0.releases.2503.parties.7.details.classifications.0,0.releases.2503,0.releases.2503.parties.7,0,WLB,WLB,Woman-Lead Business
0.releases.2505.parties.5.details.classifications.0,0.releases.2505,0.releases.2505.parties.5,0,WLB,WLB,Woman-Lead Business
0.releases.2506.parties.2.details.classifications.0,0.releases.2506,0.releases.2506.parties.2,0,WLB,WLB,Woman-Lead Business
0.releases.2508.parties.1.details.classifications.0,0.releases.2508,0.releases.2508.parties.1,0,WLB,WLB,Woman-Lead Business
0.releases.2508.parties.10.details.classifications.0,0.releases.2508,0.releases.2508.parties.10,0,WLB,WLB,Woman-Lead Business
0.releases.2508.parties.12.details.classifications.0,0.releases.2508,0.releases.2508.parties.12,0,WLB,WLB,Woman-Lead Business
0.releases.2508.parties.14.details.classifications.0,0.releases.2508,0.releases.2508.parties.14,0,WLB,WLB,Woman-Lead Business
0.releases.2509.parties.3.details.classifications.0,0.releases.2509,0.releases.2509.parties.3,0,WLB,WLB,Woman-Lead Business
0.releases.2512.parties.9.details.classifications.0,0.releases.2512,0.releases.2512.parties.9,0,WLB,WLB,Woman-Lead Business
0.releases.2512.parties.11.details.classifications.0,0.releases.2512,0.releases.2512.parties.11,0,WLB,WLB,Woman-Lead Business
0.releases.2513.parties.9.details.classifications.0,0.releases.2513,0.releases.2513.parties.9,0,WLB,WLB,Woman-Lead Business
0.releases.2513.parties.11.details.classifications.0,0.releases.2513,0.releases.2513.parties.11,0,WLB,WLB,Woman-Lead Business
0.releases.2518.parties.3.details.classifications.0,0.releases.2518,0.releases.2518.parties.3,0,WLB,WLB,Woman-Lead Business
0.releases.2519.parties.3.details.classifications.0,0.releases.2519,0.releases.2519.parties.3,0,WLB,WLB,Woman-Lead Business
0.releases.2521.parties.1.details.classifications.0,0.releases.2521,0.releases.2521.parties.1,0,WLB,WLB,Woman-Lead Business
0.releases.2521.parties.2.details.classifications.0,0.releases.2521,0.releases.2521.parties.2,0,WLB,WLB,Woman-Lead Business
0.releases.2526.parties.1.details.classifications.0,0.releases.2526,0.releases.2526.parties.1,0,WLB,WLB,Woman-Lead Business
0.releases.2526.parties.2.details.classifications.0,0.releases.2526,0.releases.2526.parties.2,0,WLB,WLB,Woman-Lead Business
0.releases.2532.parties.2.details.classifications.0,0.releases.2532,0.releases.2532.parties.2,0,WLB,WLB,Woman-Lead Business
0.releases.2534.parties.2.details.classifications.0,0.releases.2534,0.releases.2534.parties.2,0,WLB,WLB,Woman-Lead Business
0.releases.2534.parties.3.details.classifications.0,0.releases.2534,0.releases.2534.parties.3,0,WLB,WLB,Woman-Lead Business
0.releases.2534.parties.6.details.classifications.0,0.releases.2534,0.releases.2534.parties.6,0,WLB,WLB,Woman-Lead Business
0.releases.2535.parties.2.details.classifications.0,0.releases.2535,0.releases.2535.parties.2,0,WLB,WLB,Woman-Lead Business
0.releases.2535.parties.3.details.classifications.0,0.releases.2535,0.releases.2535.parties.3,0,WLB,WLB,Woman-Lead Business
0.releases.2535.parties.6.details.classifications.0,0.releases.2535,0.releases.2535.parties.6,0,WLB,WLB,Woman-Lead Business
0.releases.2537.parties.5.details.classifications.0,0.releases.2537,0.releases.2537.parties.5,0,WLB,WLB,Woman-Lead Business
0.releases.2537.parties.7.details.classifications.0,0.releases.2537,0.releases.2537.parties.7,0,WLB,WLB,Woman-Lead Business
0.releases.2537.parties.9.details.classifications.0,0.releases.2537,0.releases.2537.parties.9,0,WLB,WLB,Woman-Lead Business
0.releases.2537.parties.10.details.classifications.0,0.releases.2537,0.releases.2537.parties.10,0,WLB,WLB,Woman-Lead Business
0.releases.2537.parties.12.details.classifications.0,0.releases.2537,0.releases.2537.parties.12,0,WLB,WLB,Woman-Lead Business
0.releases.2537.parties.14.details.classifications.0,0.releases.2537,0.releases.2537.parties.14,0,WLB,WLB,Woman-Lead Business
0.releases.2538.parties.3.details.classifications.0,0.releases.2538,0.releases.2538.parties.3,0,WLB,WLB,Woman-Lead Business
0.releases.2538.parties.8.details.classifications.0,0.releases.2538,0.releases.2538.parties.8,0,WLB,WLB,Woman-Lead Business
0.releases.2538.parties.11.details.classifications.0,0.releases.2538,0.releases.2538.parties.11,0,WLB,WLB,Woman-Lead Business
0.releases.2539.parties.3.details.classifications.0,0.releases.2539,0.releases.2539.parties.3,0,WLB,WLB,Woman-Lead Business
0.releases.2539.parties.8.details.classifications.0,0.releases.2539,0.releases.2539.parties.8,0,WLB,WLB,Woman-Lead Business
0.releases.2539.parties.11.details.classifications.0,0.releases.2539,0.releases.2539.parties.11,0,WLB,WLB,Woman-Lead Business
0.releases.2541.parties.3.details.classifications.0,0.releases.2541,0.releases.2541.parties.3,0,WLB,WLB,Woman-Lead Business
0.releases.2541.parties.8.details.classifications.0,0.releases.2541,0.releases.2541.parties.8,0,WLB,WLB,Woman-Lead Business
0.releases.2541.parties.11.details.classifications.0,0.releases.2541,0.releases.2541.parties.11,0,WLB,WLB,Woman-Lead Business
0.releases.2543.parties.3.details.classifications.0,0.releases.2543,0.releases.2543.parties.3,0,WLB,WLB,Woman-Lead Business
0.releases.2543.parties.8.details.classifications.0,0.releases.2543,0.releases.2543.parties.8,0,WLB,WLB,Woman-Lead Business
0.releases.2543.parties.11.details.classifications.0,0.releases.2543,0.releases.2543.parties.11,0,WLB,WLB,Woman-Lead Business
0.releases.2545.parties.3.details.classifications.0,0.releases.2545,0.releases.2545.parties.3,0,WLB,WLB,Woman-Lead Business
0.releases.2545.parties.8.details.classifications.0,0.releases.2545,0.releases.2545.parties.8,0,WLB,WLB,Woman-Lead Business
0.releases.2545.parties.11.details.classifications.0,0.releases.2545,0.releases.2545.parties.11,0,WLB,WLB,Woman-Lead Business
0.releases.2546.parties.3.details.classifications.0,0.releases.2546,0.releases.2546.parties.3,0,WLB,WLB,Woman-Lead Business
0.releases.2546.parties.8.details.classifications.0,0.releases.2546,0.releases.2546.parties.8,0,WLB,WLB,Woman-Lead Business
0.releases.2546.parties.11.details.classifications.0,0.releases.2546,0.releases.2546.parties.11,0,WLB,WLB,Woman-Lead Business
0.releases.2550.parties.3.details.classifications.0,0.releases.2550,0.releases.2550.parties.3,0,WLB,WLB,Woman-Lead Business
0.releases.2550.parties.8.details.classifications.0,0.releases.2550,0.releases.2550.parties.8,0,WLB,WLB,Woman-Lead Business
0.releases.2550.parties.11.details.classifications.0,0.releases.2550,0.releases.2550.parties.11,0,WLB,WLB,Woman-Lead Business
0.releases.2552.parties.3.details.classifications.0,0.releases.2552,0.releases.2552.parties.3,0,WLB,WLB,Woman-Lead Business
0.releases.2552.parties.8.details.classifications.0,0.releases.2552,0.releases.2552.parties.8,0,WLB,WLB,Woman-Lead Business
0.releases.2552.parties.11.details.classifications.0,0.releases.2552,0.releases.2552.parties.11,0,WLB,WLB,Woman-Lead Business
0.releases.2554.parties.3.details.classifications.0,0.releases.2554,0.releases.2554.parties.3,0,WLB,WLB,Woman-Lead Business
0.releases.2554.parties.7.details.classifications.0,0.releases.2554,0.releases.2554.parties.7,0,WLB,WLB,Woman-Lead Business
0.releases.2555.parties.2.details.classifications.0,0.releases.2555,0.releases.2555.parties.2,0,WLB,WLB,Woman-Lead Business
0.releases.2559.parties.4.details.classifications.0,0.releases.2559,0.releases.2559.parties.4,0,WLB,WLB,Woman-Lead Business
0.releases.2559.parties.5.details.classifications.0,0.releases.2559,0.releases.2559.parties.5,0,WLB,WLB,Woman-Lead Business
0.releases.2559.parties.7.details.classifications.0,0.releases.2559,0.releases.2559.parties.7,0,WLB,WLB,Woman-Lead Business
0.releases.2559.parties.8.details.classifications.0,0.releases.2559,0.releases.2559.parties.8,0,WLB,WLB,Woman-Lead Business
0.releases.2561.parties.2.details.classifications.0,0.releases.2561,0.releases.2561.parties.2,0,WLB,WLB,Woman-Lead Business
0.releases.2561.parties.4.details.classifications.0,0.releases.2561,0.releases.2561.parties.4,0,WLB,WLB,Woman-Lead Business
0.releases.2561.parties.7.details.classifications.0,0.releases.2561,0.releases.2561.parties.7,0,WLB,WLB,Woman-Lead Business
0.releases.2561.parties.10.details.classifications.0,0.releases.2561,0.releases.2561.parties.10,0,WLB,WLB,Woman-Lead Business
0.releases.2561.parties.12.details.classifications.0,0.releases.2561,0.releases.2561.parties.12,0,WLB,WLB,Woman-Lead Business
0.releases.2562.parties.5.details.classifications.0,0.releases.2562,0.releases.2562.parties.5,0,WLB,WLB,Woman-Lead Business
0.releases.2562.parties.6.details.classifications.0,0.releases.2562,0.releases.2562.parties.6,0,WLB,WLB,Woman-Lead Business
0.releases.2562.parties.7.details.classifications.0,0.releases.2562,0.releases.2562.parties.7,0,WLB,WLB,Woman-Lead Business
0.releases.2562.parties.9.details.classifications.0,0.releases.2562,0.releases.2562.parties.9,0,WLB,WLB,Woman-Lead Business
0.releases.2563.parties.5.details.classifications.0,0.releases.2563,0.releases.2563.parties.5,0,WLB,WLB,Woman-Lead Business
0.releases.2563.parties.6.details.classifications.0,0.releases.2563,0.releases.2563.parties.6,0,WLB,WLB,Woman-Lead Business
0.releases.2563.parties.7.details.classifications.0,0.releases.2563,0.releases.2563.parties.7,0,WLB,WLB,Woman-Lead Business
0.releases.2563.parties.9.details.classifications.0,0.releases.2563,0.releases.2563.parties.9,0,WLB,WLB,Woman-Lead Business
0.releases.2564.parties.2.details.classifications.0,0.releases.2564,0.releases.2564.parties.2,0,WLB,WLB,Woman-Lead Business
0.releases.2565.parties.5.details.classifications.0,0.releases.2565,0.releases.2565.parties.5,0,WLB,WLB,Woman-Lead Business
0.releases.2565.parties.6.details.classifications.0,0.releases.2565,0.releases.2565.parties.6,0,WLB,WLB,Woman-Lead Business
0.releases.2565.parties.7.details.classifications.0,0.releases.2565,0.releases.2565.parties.7,0,WLB,WLB,Woman-Lead Business
0.releases.2565.parties.9.details.classifications.0,0.releases.2565,0.releases.2565.parties.9,0,WLB,WLB,Woman-Lead Business
0.releases.2566.parties.5.details.classifications.0,0.releases.2566,0.releases.2566.parties.5,0,WLB,WLB,Woman-Lead Business
0.releases.2566.parties.6.details.classifications.0,0.releases.2566,0.releases.2566.parties.6,0,WLB,WLB,Woman-Lead Business
0.releases.2566.parties.7.details.classifications.0,0.releases.2566,0.releases.2566.parties.7,0,WLB,WLB,Woman-Lead Business
0.releases.2566.parties.9.details.classifications.0,0.releases.2566,0.releases.2566.parties.9,0,WLB,WLB,Woman-Lead Business
0.releases.2567.parties.2.details.classifications.0,0.releases.2567,0.releases.2567.parties.2,0,WLB,WLB,Woman-Lead Business
0.releases.2567.parties.5.details.classifications.0,0.releases.2567,0.releases.2567.parties.5,0,WLB,WLB,Woman-Lead Business
0.releases.2570.parties.5.details.classifications.0,0.releases.2570,0.releases.2570.parties.5,0,WLB,WLB,Woman-Lead Business
0.releases.2573.parties.1.details.classifications.0,0.releases.2573,0.releases.2573.parties.1,0,WLB,WLB,Woman-Lead Business
0.releases.2573.parties.4.details.classifications.0,0.releases.2573,0.releases.2573.parties.4,0,WLB,WLB,Woman-Lead Business
0.releases.2574.parties.1.details.classifications.0,0.releases.2574,0.releases.2574.parties.1,0,WLB,WLB,Woman-Lead Business
0.releases.2574.parties.2.details.classifications.0,0.releases.2574,0.releases.2574.parties.2,0,WLB,WLB,Woman-Lead Business
0.releases.2575.parties.2.details.classifications.0,0.releases.2575,0.releases.2575.parties.2,0,WLB,WLB,Woman-Lead Business
0.releases.2575.parties.3.details.classifications.0,0.releases.2575,0.releases.2575.parties.3,0,WLB,WLB,Woman-Lead Business
0.releases.2577.parties.3.details.classifications.0,0.releases.2577,0.releases.2577.parties.3,0,WLB,WLB,Woman-Lead Business
0.releases.2577.parties.4.details.classifications.0,0.releases.2577,0.releases.2577.parties.4,0,WLB,WLB,Woman-Lead Business
0.releases.2577.parties.5.details.classifications.0,0.releases.2577,0.releases.2577.parties.5,0,WLB,WLB,Woman-Lead Business
0.releases.2580.parties.2.details.classifications.0,0.releases.2580,0.releases.2580.parties.2,0,WLB,WLB,Woman-Lead Business
0.releases.2580.parties.5.details.classifications.0,0.releases.2580,0.releases.2580.parties.5,0,WLB,WLB,Woman-Lead Business
0.releases.2585.parties.2.details.classifications.0,0.releases.2585,0.releases.2585.parties.2,0,WLB,WLB,Woman-Lead Business
0.releases.2585.parties.5.details.classifications.0,0.releases.2585,0.releases.2585.parties.5,0,WLB,WLB,Woman-Lead Business
0.releases.2587.parties.1.details.classifications.0,0.releases.2587,0.releases.2587.parties.1,0,WLB,WLB,Woman-Lead Business
0.releases.2589.parties.9.details.classifications.0,0.releases.2589,0.releases.2589.parties.9,0,WLB,WLB,Woman-Lead Business
0.releases.2589.parties.12.details.classifications.0,0.releases.2589,0.releases.2589.parties.12,0,WLB,WLB,Woman-Lead Business
0.releases.2593.parties.2.details.classifications.0,0.releases.2593,0.releases.2593.parties.2,0,WLB,WLB,Woman-Lead Business
0.releases.2593.parties.5.details.classifications.0,0.releases.2593,0.releases.2593.parties.5,0,WLB,WLB,Woman-Lead Business
0.releases.2598.parties.2.details.classifications.0,0.releases.2598,0.releases.2598.parties.2,0,WLB,WLB,Woman-Lead Business
0.releases.2599.parties.4.details.classifications.0,0.releases.2599,0.releases.2599.parties.4,0,WLB,WLB,Woman-Lead Business
0.releases.2599.parties.7.details.classifications.0,0.releases.2599,0.releases.2599.parties.7,0,WLB,WLB,Woman-Lead Business
0.releases.2603.parties.1.details.classifications.0,0.releases.2603,0.releases.2603.parties.1,0,WLB,WLB,Woman-Lead Business
0.releases.2603.parties.2.details.classifications.0,0.releases.2603,0.releases.2603.parties.2,0,WLB,WLB,Woman-Lead Business
0.releases.2605.parties.2.details.classifications.0,0.releases.2605,0.releases.2605.parties.2,0,WLB,WLB,Woman-Lead Business
0.releases.2609.parties.16.details.classifications.0,0.releases.2609,0.releases.2609.parties.16,0,WLB,WLB,Woman-Lead Business
0.releases.2609.parties.17.details.classifications.0,0.releases.2609,0.releases.2609.parties.17,0,WLB,WLB,Woman-Lead Business
0.releases.2610.parties.5.details.classifications.0,0.releases.2610,0.releases.2610.parties.5,0,WLB,WLB,Woman-Lead Business
0.releases.2614.parties.1.details.classifications.0,0.releases.2614,0.releases.2614.parties.1,0,WLB,WLB,Woman-Lead Business
0.releases.2617.parties.5.details.classifications.0,0.releases.2617,0.releases.2617.parties.5,0,WLB,WLB,Woman-Lead Business
0.releases.2617.parties.8.details.classifications.0,0.releases.2617,0.releases.2617.parties.8,0,WLB,WLB,Woman-Lead Business
0.releases.2622.parties.1.details.classifications.0,0.releases.2622,0.releases.2622.parties.1,0,WLB,WLB,Woman-Lead Business
0.releases.2624.parties.1.details.classifications.0,0.releases.2624,0.releases.2624.parties.1,0,WLB,WLB,Woman-Lead Business
0.releases.2628.parties.2.details.classifications.0,0.releases.2628,0.releases.2628.parties.2,0,WLB,WLB,Woman-Lead Business
0.releases.2629.parties.2.details.classifications.0,0.releases.2629,0.releases.2629.parties.2,0,WLB,WLB,Woman-Lead Business
0.releases.2630.parties.2.details.classifications.0,0.releases.2630,0.releases.2630.parties.2,0,WLB,WLB,Woman-Lead Business
0.releases.2630.parties.3.details.classifications.0,0.releases.2630,0.releases.2630.parties.3,0,WLB,WLB,Woman-Lead Business
0.releases.2631.parties.1.details.classifications.0,0.releases.2631,0.releases.2631.parties.1,0,WLB,WLB,Woman-Lead Business
0.releases.2641.parties.6.details.classifications.0,0.releases.2641,0.releases.2641.parties.6,0,WLB,WLB,Woman-Lead Business
0.releases.2641.parties.7.details.classifications.0,0.releases.2641,0.releases.2641.parties.7,0,WLB,WLB,Woman-Lead Business
0.releases.2641.parties.8.details.classifications.0,0.releases.2641,0.releases.2641.parties.8,0,WLB,WLB,Woman-Lead Business
0.releases.2641.parties.11.details.classifications.0,0.releases.2641,0.releases.2641.parties.11,0,WLB,WLB,Woman-Lead Business
0.releases.2641.parties.12.details.classifications.0,0.releases.2641,0.releases.2641.parties.12,0,WLB,WLB,Woman-Lead Business
0.releases.2641.parties.18.details.classifications.0,0.releases.2641,0.releases.2641.parties.18,0,WLB,WLB,Woman-Lead Business
0.releases.2642.parties.6.details.classifications.0,0.releases.2642,0.releases.2642.parties.6,0,WLB,WLB,Woman-Lead Business
0.releases.2642.parties.7.details.classifications.0,0.releases.2642,0.releases.2642.parties.7,0,WLB,WLB,Woman-Lead Business
0.releases.2642.parties.8.details.classifications.0,0.releases.2642,0.releases.2642.parties.8,0,WLB,WLB,Woman-Lead Business
0.releases.2642.parties.11.details.classifications.0,0.releases.2642,0.releases.2642.parties.11,0,WLB,WLB,Woman-Lead Business
0.releases.2642.parties.12.details.classifications.0,0.releases.2642,0.releases.2642.parties.12,0,WLB,WLB,Woman-Lead Business
0.releases.2642.parties.18.details.classifications.0,0.releases.2642,0.releases.2642.parties.18,0,WLB,WLB,Woman-Lead Business
0.releases.2646.parties.1.details.classifications.0,0.releases.2646,0.releases.2646.parties.1,0,WLB,WLB,Woman-Lead Business
0.releases.2647.parties.3.details.classifications.0,0.releases.2647,0.releases.2647.parties.3,0,WLB,WLB,Woman-Lead Business
0.releases.2649.parties.3.details.classifications.0,0.releases.2649,0.releases.2649.parties.3,0,WLB,WLB,Woman-Lead Business
0.releases.2650.parties.2.details.classifications.0,0.releases.2650,0.releases.2650.parties.2,0,WLB,WLB,Woman-Lead Business
0.releases.2651.parties.2.details.classifications.0,0.releases.2651,0.releases.2651.parties.2,0,WLB,WLB,Woman-Lead Business
0.releases.2651.parties.3.details.classifications.0,0.releases.2651,0.releases.2651.parties.3,0,WLB,WLB,Woman-Lead Business
0.releases.2651.parties.4.details.classifications.0,0.releases.2651,0.releases.2651.parties.4,0,WLB,WLB,Woman-Lead Business
0.releases.2651.parties.6.details.classifications.0,0.releases.2651,0.releases.2651.parties.6,0,WLB,WLB,Woman-Lead Business
0.releases.2651.parties.7.details.classifications.0,0.releases.2651,0.releases.2651.parties.7,0,WLB,WLB,Woman-Lead Business
0.releases.2651.parties.8.details.classifications.0,0.releases.2651,0.releases.2651.parties.8,0,WLB,WLB,Woman-Lead Business
0.releases.2651.parties.9.details.classifications.0,0.releases.2651,0.releases.2651.parties.9,0,WLB,WLB,Woman-Lead Business
0.releases.2651.parties.12.details.classifications.0,0.releases.2651,0.releases.2651.parties.12,0,WLB,WLB,Woman-Lead Business
0.releases.2652.parties.1.details.classifications.0,0.releases.2652,0.releases.2652.parties.1,0,WLB,WLB,Woman-Lead Business
0.releases.2655.parties.4.details.classifications.0,0.releases.2655,0.releases.2655.parties.4,0,WLB,WLB,Woman-Lead Business
0.releases.2655.parties.5.details.classifications.0,0.releases.2655,0.releases.2655.parties.5,0,WLB,WLB,Woman-Lead Business
0.releases.2655.parties.7.details.classifications.0,0.releases.2655,0.releases.2655.parties.7,0,WLB,WLB,Woman-Lead Business
0.releases.2657.parties.3.details.classifications.0,0.releases.2657,0.releases.2657.parties.3,0,WLB,WLB,Woman-Lead Business
0.releases.2657.parties.4.details.classifications.0,0.releases.2657,0.releases.2657.parties.4,0,WLB,WLB,Woman-Lead Business
0.releases.2657.parties.5.details.classifications.0,0.releases.2657,0.releases.2657.parties.5,0,WLB,WLB,Woman-Lead Business
0.releases.2659.parties.2.details.classifications.0,0.releases.2659,0.releases.2659.parties.2,0,WLB,WLB,Woman-Lead Business
0.releases.2660.parties.3.details.classifications.0,0.releases.2660,0.releases.2660.parties.3,0,WLB,WLB,Woman-Lead Business
0.releases.2664.parties.2.details.classifications.0,0.releases.2664,0.releases.2664.parties.2,0,WLB,WLB,Woman-Lead Business
0.releases.2674.parties.5.details.classifications.0,0.releases.2674,0.releases.2674.parties.5,0,WLB,WLB,Woman-Lead Business
0.releases.2674.parties.17.details.classifications.0,0.releases.2674,0.releases.2674.parties.17,0,WLB,WLB,Woman-Lead Business
0.releases.2674.parties.18.details.classifications.0,0.releases.2674,0.releases.2674.parties.18,0,WLB,WLB,Woman-Lead Business
0.releases.2691.parties.5.details.classifications.0,0.releases.2691,0.releases.2691.parties.5,0,WLB,WLB,Woman-Lead Business
0.releases.2691.parties.7.details.classifications.0,0.releases.2691,0.releases.2691.parties.7,0,WLB,WLB,Woman-Lead Business
0.releases.2691.parties.9.details.classifications.0,0.releases.2691,0.releases.2691.parties.9,0,WLB,WLB,Woman-Lead Business
0.releases.2691.parties.10.details.classifications.0,0.releases.2691,0.releases.2691.parties.10,0,WLB,WLB,Woman-Lead Business
0.releases.2691.parties.12.details.classifications.0,0.releases.2691,0.releases.2691.parties.12,0,WLB,WLB,Woman-Lead Business
0.releases.2691.parties.14.details.classifications.0,0.releases.2691,0.releases.2691.parties.14,0,WLB,WLB,Woman-Lead Business
0.releases.2692.parties.5.details.classifications.0,0.releases.2692,0.releases.2692.parties.5,0,WLB,WLB,Woman-Lead Business
0.releases.2692.parties.7.details.classifications.0,0.releases.2692,0.releases.2692.parties.7,0,WLB,WLB,Woman-Lead Business
0.releases.2692.parties.9.details.classifications.0,0.releases.2692,0.releases.2692.parties.9,0,WLB,WLB,Woman-Lead Business
0.releases.2692.parties.10.details.classifications.0,0.releases.2692,0.releases.2692.parties.10,0,WLB,WLB,Woman-Lead Business
0.releases.2692.parties.12.details.classifications.0,0.releases.2692,0.releases.2692.parties.12,0,WLB,WLB,Woman-Lead Business
0.releases.2692.parties.14.details.classifications.0,0.releases.2692,0.releases.2692.parties.14,0,WLB,WLB,Woman-Lead Business
0.releases.2693.parties.5.details.classifications.0,0.releases.2693,0.releases.2693.parties.5,0,WLB,WLB,Woman-Lead Business
0.releases.2693.parties.6.details.classifications.0,0.releases.2693,0.releases.2693.parties.6,0,WLB,WLB,Woman-Lead Business
0.releases.2696.parties.3.details.classifications.0,0.releases.2696,0.releases.2696.parties.3,0,WLB,WLB,Woman-Lead Business
0.releases.2698.parties.1.details.classifications.0,0.releases.2698,0.releases.2698.parties.1,0,WLB,WLB,Woman-Lead Business
0.releases.2698.parties.5.details.classifications.0,0.releases.2698,0.releases.2698.parties.5,0,WLB,WLB,Woman-Lead Business
0.releases.2698.parties.9.details.classifications.0,0.releases.2698,0.releases.2698.parties.9,0,WLB,WLB,Woman-Lead Business
0.releases.2698.parties.11.details.classifications.0,0.releases.2698,0.releases.2698.parties.11,0,WLB,WLB,Woman-Lead Business
0.releases.2698.parties.12.details.classifications.0,0.releases.2698,0.releases.2698.parties.12,0,WLB,WLB,Woman-Lead Business
0.releases.2699.parties.1.details.classifications.0,0.releases.2699,0.releases.2699.parties.1,0,WLB,WLB,Woman-Lead Business
0.releases.2699.parties.5.details.classifications.0,0.releases.2699,0.releases.2699.parties.5,0,WLB,WLB,Woman-Lead Business
0.releases.2699.parties.9.details.classifications.0,0.releases.2699,0.releases.2699.parties.9,0,WLB,WLB,Woman-Lead Business
0.releases.2699.parties.11.details.classifications.0,0.releases.2699,0.releases.2699.parties.11,0,WLB,WLB,Woman-Lead Business
0.releases.2699.parties.12.details.classifications.0,0.releases.2699,0.releases.2699.parties.12,0,WLB,WLB,Woman-Lead Business
0.releases.2700.parties.1.details.classifications.0,0.releases.2700,0.releases.2700.parties.1,0,WLB,WLB,Woman-Lead Business
0.releases.2700.parties.5.details.classifications.0,0.releases.2700,0.releases.2700.parties.5,0,WLB,WLB,Woman-Lead Business
0.releases.2700.parties.9.details.classifications.0,0.releases.2700,0.releases.2700.parties.9,0,WLB,WLB,Woman-Lead Business
0.releases.2700.parties.11.details.classifications.0,0.releases.2700,0.releases.2700.parties.11,0,WLB,WLB,Woman-Lead Business
0.releases.2700.parties.12.details.classifications.0,0.releases.2700,0.releases.2700.parties.12,0,WLB,WLB,Woman-Lead Business
0.releases.2701.parties.1.details.classifications.0,0.releases.2701,0.releases.2701.parties.1,0,WLB,WLB,Woman-Lead Business
0.releases.2701.parties.5.details.classifications.0,0.releases.2701,0.releases.2701.parties.5,0,WLB,WLB,Woman-Lead Business
0.releases.2701.parties.9.details.classifications.0,0.releases.2701,0.releases.2701.parties.9,0,WLB,WLB,Woman-Lead Business
0.releases.2701.parties.11.details.classifications.0,0.releases.2701,0.releases.2701.parties.11,0,WLB,WLB,Woman-Lead Business
0.releases.2701.parties.12.details.classifications.0,0.releases.2701,0.releases.2701.parties.12,0,WLB,WLB,Woman-Lead Business
0.releases.2702.parties.1.details.classifications.0,0.releases.2702,0.releases.2702.parties.1,0,WLB,WLB,Woman-Lead Business
0.releases.2702.parties.5.details.classifications.0,0.releases.2702,0.releases.2702.parties.5,0,WLB,WLB,Woman-Lead Business
0.releases.2702.parties.9.details.classifications.0,0.releases.2702,0.releases.2702.parties.9,0,WLB,WLB,Woman-Lead Business
0.releases.2702.parties.11.details.classifications.0,0.releases.2702,0.releases.2702.parties.11,0,WLB,WLB,Woman-Lead Business
0.releases.2702.parties.12.details.classifications.0,0.releases.2702,0.releases.2702.parties.12,0,WLB,WLB,Woman-Lead Business
0.releases.2703.parties.1.details.classifications.0,0.releases.2703,0.releases.2703.parties.1,0,WLB,WLB,Woman-Lead Business
0.releases.2703.parties.5.details.classifications.0,0.releases.2703,0.releases.2703.parties.5,0,WLB,WLB,Woman-Lead Business
0.releases.2703.parties.9.details.classifications.0,0.releases.2703,0.releases.2703.parties.9,0,WLB,WLB,Woman-Lead Business
0.releases.2703.parties.11.details.classifications.0,0.releases.2703,0.releases.2703.parties.11,0,WLB,WLB,Woman-Lead Business
0.releases.2703.parties.12.details.classifications.0,0.releases.2703,0.releases.2703.parties.12,0,WLB,WLB,Woman-Lead Business
0.releases.2704.parties.1.details.classifications.0,0.releases.2704,0.releases.2704.parties.1,0,WLB,WLB,Woman-Lead Business
0.releases.2704.parties.5.details.classifications.0,0.releases.2704,0.releases.2704.parties.5,0,WLB,WLB,Woman-Lead Business
0.releases.2704.parties.9.details.classifications.0,0.releases.2704,0.releases.2704.parties.9,0,WLB,WLB,Woman-Lead Business
0.releases.2704.parties.11.details.classifications.0,0.releases.2704,0.releases.2704.parties.11,0,WLB,WLB,Woman-Lead Business
0.releases.2704.parties.12.details.classifications.0,0.releases.2704,0.releases.2704.parties.12,0,WLB,WLB,Woman-Lead Business
0.releases.2705.parties.1.details.classifications.0,0.releases.2705,0.releases.2705.parties.1,0,WLB,WLB,Woman-Lead Business
0.releases.2705.parties.5.details.classifications.0,0.releases.2705,0.releases.2705.parties.5,0,WLB,WLB,Woman-Lead Business
0.releases.2705.parties.9.details.classifications.0,0.releases.2705,0.releases.2705.parties.9,0,WLB,WLB,Woman-Lead Business
0.releases.2705.parties.11.details.classifications.0,0.releases.2705,0.releases.2705.parties.11,0,WLB,WLB,Woman-Lead Business
0.releases.2705.parties.12.details.classifications.0,0.releases.2705,0.releases.2705.parties.12,0,WLB,WLB,Woman-Lead Business
0.releases.2706.parties.1.details.classifications.0,0.releases.2706,0.releases.2706.parties.1,0,WLB,WLB,Woman-Lead Business
0.releases.2706.parties.5.details.classifications.0,0.releases.2706,0.releases.2706.parties.5,0,WLB,WLB,Woman-Lead Business
0.releases.2706.parties.9.details.classifications.0,0.releases.2706,0.releases.2706.parties.9,0,WLB,WLB,Woman-Lead Business
0.releases.2706.parties.11.details.classifications.0,0.releases.2706,0.releases.2706.parties.11,0,WLB,WLB,Woman-Lead Business
0.releases.2706.parties.12.details.classifications.0,0.releases.2706,0.releases.2706.parties.12,0,WLB,WLB,Woman-Lead Business
0.releases.2707.parties.1.details.classifications.0,0.releases.2707,0.releases.2707.parties.1,0,WLB,WLB,Woman-Lead Business
0.releases.2707.parties.5.details.classifications.0,0.releases.2707,0.releases.2707.parties.5,0,WLB,WLB,Woman-Lead Business
0.releases.2707.parties.9.details.classifications.0,0.releases.2707,0.releases.2707.parties.9,0,WLB,WLB,Woman-Lead Business
0.releases.2707.parties.11.details.classifications.0,0.releases.2707,0.releases.2707.parties.11,0,WLB,WLB,Woman-Lead Business
0.releases.2707.parties.12.details.classifications.0,0.releases.2707,0.releases.2707.parties.12,0,WLB,WLB,Woman-Lead Business
0.releases.2708.parties.1.details.classifications.0,0.releases.2708,0.releases.2708.parties.1,0,WLB,WLB,Woman-Lead Business
0.releases.2708.parties.5.details.classifications.0,0.releases.2708,0.releases.2708.parties.5,0,WLB,WLB,Woman-Lead Business
0.releases.2708.parties.9.details.classifications.0,0.releases.2708,0.releases.2708.parties.9,0,WLB,WLB,Woman-Lead Business
0.releases.2708.parties.11.details.classifications.0,0.releases.2708,0.releases.2708.parties.11,0,WLB,WLB,Woman-Lead Business
0.releases.2708.parties.12.details.classifications.0,0.releases.2708,0.releases.2708.parties.12,0,WLB,WLB,Woman-Lead Business
0.releases.2709.parties.1.details.classifications.0,0.releases.2709,0.releases.2709.parties.1,0,WLB,WLB,Woman-Lead Business
0.releases.2709.parties.5.details.classifications.0,0.releases.2709,0.releases.2709.parties.5,0,WLB,WLB,Woman-Lead Business
0.releases.2709.parties.9.details.classifications.0,0.releases.2709,0.releases.2709.parties.9,0,WLB,WLB,Woman-Lead Business
0.releases.2709.parties.11.details.classifications.0,0.releases.2709,0.releases.2709.parties.11,0,WLB,WLB,Woman-Lead Business
0.releases.2709.parties.12.details.classifications.0,0.releases.2709,0.releases.2709.parties.12,0,WLB,WLB,Woman-Lead Business
0.releases.2710.parties.1.details.classifications.0,0.releases.2710,0.releases.2710.parties.1,0,WLB,WLB,Woman-Lead Business
0.releases.2710.parties.5.details.classifications.0,0.releases.2710,0.releases.2710.parties.5,0,WLB,WLB,Woman-Lead Business
0.releases.2710.parties.9.details.classifications.0,0.releases.2710,0.releases.2710.parties.9,0,WLB,WLB,Woman-Lead Business
0.releases.2710.parties.11.details.classifications.0,0.releases.2710,0.releases.2710.parties.11,0,WLB,WLB,Woman-Lead Business
0.releases.2710.parties.12.details.classifications.0,0.releases.2710,0.releases.2710.parties.12,0,WLB,WLB,Woman-Lead Business
0.releases.2711.parties.1.details.classifications.0,0.releases.2711,0.releases.2711.parties.1,0,WLB,WLB,Woman-Lead Business
0.releases.2711.parties.5.details.classifications.0,0.releases.2711,0.releases.2711.parties.5,0,WLB,WLB,Woman-Lead Business
0.releases.2711.parties.9.details.classifications.0,0.releases.2711,0.releases.2711.parties.9,0,WLB,WLB,Woman-Lead Business
0.releases.2711.parties.11.details.classifications.0,0.releases.2711,0.releases.2711.parties.11,0,WLB,WLB,Woman-Lead Business
0.releases.2711.parties.12.details.classifications.0,0.releases.2711,0.releases.2711.parties.12,0,WLB,WLB,Woman-Lead Business
0.releases.2712.parties.1.details.classifications.0,0.releases.2712,0.releases.2712.parties.1,0,WLB,WLB,Woman-Lead Business
0.releases.2712.parties.5.details.classifications.0,0.releases.2712,0.releases.2712.parties.5,0,WLB,WLB,Woman-Lead Business
0.releases.2712.parties.9.details.classifications.0,0.releases.2712,0.releases.2712.parties.9,0,WLB,WLB,Woman-Lead Business
0.releases.2712.parties.11.details.classifications.0,0.releases.2712,0.releases.2712.parties.11,0,WLB,WLB,Woman-Lead Business
0.releases.2712.parties.12.details.classifications.0,0.releases.2712,0.releases.2712.parties.12,0,WLB,WLB,Woman-Lead Business
0.releases.2713.parties.1.details.classifications.0,0.releases.2713,0.releases.2713.parties.1,0,WLB,WLB,Woman-Lead Business
0.releases.2713.parties.5.details.classifications.0,0.releases.2713,0.releases.2713.parties.5,0,WLB,WLB,Woman-Lead Business
0.releases.2713.parties.9.details.classifications.0,0.releases.2713,0.releases.2713.parties.9,0,WLB,WLB,Woman-Lead Business
0.releases.2713.parties.11.details.classifications.0,0.releases.2713,0.releases.2713.parties.11,0,WLB,WLB,Woman-Lead Business
0.releases.2713.parties.12.details.classifications.0,0.releases.2713,0.releases.2713.parties.12,0,WLB,WLB,Woman-Lead Business
0.releases.2720.parties.2.details.classifications.0,0.releases.2720,0.releases.2720.parties.2,0,WLB,WLB,Woman-Lead Business
0.releases.2720.parties.5.details.classifications.0,0.releases.2720,0.releases.2720.parties.5,0,WLB,WLB,Woman-Lead Business
0.releases.2724.parties.2.details.classifications.0,0.releases.2724,0.releases.2724.parties.2,0,WLB,WLB,Woman-Lead Business
0.releases.2724.parties.5.details.classifications.0,0.releases.2724,0.releases.2724.parties.5,0,WLB,WLB,Woman-Lead Business
0.releases.2726.parties.1.details.classifications.0,0.releases.2726,0.releases.2726.parties.1,0,WLB,WLB,Woman-Lead Business
0.releases.2730.parties.5.details.classifications.0,0.releases.2730,0.releases.2730.parties.5,0,WLB,WLB,Woman-Lead Business
0.releases.2730.parties.6.details.classifications.0,0.releases.2730,0.releases.2730.parties.6,0,WLB,WLB,Woman-Lead Business
0.releases.2730.parties.8.details.classifications.0,0.releases.2730,0.releases.2730.parties.8,0,WLB,WLB,Woman-Lead Business
0.releases.2730.parties.13.details.classifications.0,0.releases.2730,0.releases.2730.parties.13,0,WLB,WLB,Woman-Lead Business
0.releases.2730.parties.15.details.classifications.0,0.releases.2730,0.releases.2730.parties.15,0,WLB,WLB,Woman-Lead Business
0.releases.2730.parties.16.details.classifications.0,0.releases.2730,0.releases.2730.parties.16,0,WLB,WLB,Woman-Lead Business
0.releases.2730.parties.20.details.classifications.0,0.releases.2730,0.releases.2730.parties.20,0,WLB,WLB,Woman-Lead Business
0.releases.2731.parties.5.details.classifications.0,0.releases.2731,0.releases.2731.parties.5,0,WLB,WLB,Woman-Lead Business
0.releases.2731.parties.6.details.classifications.0,0.releases.2731,0.releases.2731.parties.6,0,WLB,WLB,Woman-Lead Business
0.releases.2731.parties.8.details.classifications.0,0.releases.2731,0.releases.2731.parties.8,0,WLB,WLB,Woman-Lead Business
0.releases.2731.parties.13.details.classifications.0,0.releases.2731,0.releases.2731.parties.13,0,WLB,WLB,Woman-Lead Business
0.releases.2731.parties.15.details.classifications.0,0.releases.2731,0.releases.2731.parties.15,0,WLB,WLB,Woman-Lead Business
0.releases.2731.parties.16.details.classifications.0,0.releases.2731,0.releases.2731.parties.16,0,WLB,WLB,Woman-Lead Business
0.releases.2731.parties.20.details.classifications.0,0.releases.2731,0.releases.2731.parties.20,0,WLB,WLB,Woman-Lead Business
0.releases.2732.parties.5.details.classifications.0,0.releases.2732,0.releases.2732.parties.5,0,WLB,WLB,Woman-Lead Business
0.releases.2732.parties.6.details.classifications.0,0.releases.2732,0.releases.2732.parties.6,0,WLB,WLB,Woman-Lead Business
0.releases.2732.parties.8.details.classifications.0,0.releases.2732,0.releases.2732.parties.8,0,WLB,WLB,Woman-Lead Business
0.releases.2732.parties.13.details.classifications.0,0.releases.2732,0.releases.2732.parties.13,0,WLB,WLB,Woman-Lead Business
0.releases.2732.parties.15.details.classifications.0,0.releases.2732,0.releases.2732.parties.15,0,WLB,WLB,Woman-Lead Business
0.releases.2732.parties.16.details.classifications.0,0.releases.2732,0.releases.2732.parties.16,0,WLB,WLB,Woman-Lead Business
0.releases.2732.parties.20.details.classifications.0,0.releases.2732,0.releases.2732.parties.20,0,WLB,WLB,Woman-Lead Business
0.releases.2733.parties.5.details.classifications.0,0.releases.2733,0.releases.2733.parties.5,0,WLB,WLB,Woman-Lead Business
0.releases.2733.parties.6.details.classifications.0,0.releases.2733,0.releases.2733.parties.6,0,WLB,WLB,Woman-Lead Business
0.releases.2733.parties.8.details.classifications.0,0.releases.2733,0.releases.2733.parties.8,0,WLB,WLB,Woman-Lead Business
0.releases.2733.parties.13.details.classifications.0,0.releases.2733,0.releases.2733.parties.13,0,WLB,WLB,Woman-Lead Business
0.releases.2733.parties.15.details.classifications.0,0.releases.2733,0.releases.2733.parties.15,0,WLB,WLB,Woman-Lead Business
0.releases.2733.parties.16.details.classifications.0,0.releases.2733,0.releases.2733.parties.16,0,WLB,WLB,Woman-Lead Business
0.releases.2733.parties.20.details.classifications.0,0.releases.2733,0.releases.2733.parties.20,0,WLB,WLB,Woman-Lead Business
0.releases.2734.parties.5.details.classifications.0,0.releases.2734,0.releases.2734.parties.5,0,WLB,WLB,Woman-Lead Business
0.releases.2734.parties.6.details.classifications.0,0.releases.2734,0.releases.2734.parties.6,0,WLB,WLB,Woman-Lead Business
0.releases.2734.parties.8.details.classifications.0,0.releases.2734,0.releases.2734.parties.8,0,WLB,WLB,Woman-Lead Business
0.releases.2734.parties.13.details.classifications.0,0.releases.2734,0.releases.2734.parties.13,0,WLB,WLB,Woman-Lead Business
0.releases.2734.parties.15.details.classifications.0,0.releases.2734,0.releases.2734.parties.15,0,WLB,WLB,Woman-Lead Business
0.releases.2734.parties.16.details.classifications.0,0.releases.2734,0.releases.2734.parties.16,0,WLB,WLB,Woman-Lead Business
0.releases.2734.parties.20.details.classifications.0,0.releases.2734,0.releases.2734.parties.20,0,WLB,WLB,Woman-Lead Business
0.releases.2735.parties.5.details.classifications.0,0.releases.2735,0.releases.2735.parties.5,0,WLB,WLB,Woman-Lead Business
0.releases.2735.parties.6.details.classifications.0,0.releases.2735,0.releases.2735.parties.6,0,WLB,WLB,Woman-Lead Business
0.releases.2735.parties.8.details.classifications.0,0.releases.2735,0.releases.2735.parties.8,0,WLB,WLB,Woman-Lead Business
0.releases.2735.parties.13.details.classifications.0,0.releases.2735,0.releases.2735.parties.13,0,WLB,WLB,Woman-Lead Business
0.releases.2735.parties.15.details.classifications.0,0.releases.2735,0.releases.2735.parties.15,0,WLB,WLB,Woman-Lead Business
0.releases.2735.parties.16.details.classifications.0,0.releases.2735,0.releases.2735.parties.16,0,WLB,WLB,Woman-Lead Business
0.releases.2735.parties.20.details.classifications.0,0.releases.2735,0.releases.2735.parties.20,0,WLB,WLB,Woman-Lead Business
0.releases.2736.parties.5.details.classifications.0,0.releases.2736,0.releases.2736.parties.5,0,WLB,WLB,Woman-Lead Business
0.releases.2736.parties.6.details.classifications.0,0.releases.2736,0.releases.2736.parties.6,0,WLB,WLB,Woman-Lead Business
0.releases.2736.parties.8.details.classifications.0,0.releases.2736,0.releases.2736.parties.8,0,WLB,WLB,Woman-Lead Business
0.releases.2736.parties.13.details.classifications.0,0.releases.2736,0.releases.2736.parties.13,0,WLB,WLB,Woman-Lead Business
0.releases.2736.parties.15.details.classifications.0,0.releases.2736,0.releases.2736.parties.15,0,WLB,WLB,Woman-Lead Business
0.releases.2736.parties.16.details.classifications.0,0.releases.2736,0.releases.2736.parties.16,0,WLB,WLB,Woman-Lead Business
0.releases.2736.parties.20.details.classifications.0,0.releases.2736,0.releases.2736.parties.20,0,WLB,WLB,Woman-Lead Business
0.releases.2737.parties.5.details.classifications.0,0.releases.2737,0.releases.2737.parties.5,0,WLB,WLB,Woman-Lead Business
0.releases.2737.parties.6.details.classifications.0,0.releases.2737,0.releases.2737.parties.6,0,WLB,WLB,Woman-Lead Business
0.releases.2737.parties.8.details.classifications.0,0.releases.2737,0.releases.2737.parties.8,0,WLB,WLB,Woman-Lead Business
0.releases.2737.parties.13.details.classifications.0,0.releases.2737,0.releases.2737.parties.13,0,WLB,WLB,Woman-Lead Business
0.releases.2737.parties.15.details.classifications.0,0.releases.2737,0.releases.2737.parties.15,0,WLB,WLB,Woman-Lead Business
0.releases.2737.parties.16.details.classifications.0,0.releases.2737,0.releases.2737.parties.16,0,WLB,WLB,Woman-Lead Business
0.releases.2737.parties.20.details.classifications.0,0.releases.2737,0.releases.2737.parties.20,0,WLB,WLB,Woman-Lead Business
0.releases.2738.parties.5.details.classifications.0,0.releases.2738,0.releases.2738.parties.5,0,WLB,WLB,Woman-Lead Business
0.releases.2738.parties.6.details.classifications.0,0.releases.2738,0.releases.2738.parties.6,0,WLB,WLB,Woman-Lead Business
0.releases.2738.parties.8.details.classifications.0,0.releases.2738,0.releases.2738.parties.8,0,WLB,WLB,Woman-Lead Business
0.releases.2738.parties.13.details.classifications.0,0.releases.2738,0.releases.2738.parties.13,0,WLB,WLB,Woman-Lead Business
0.releases.2738.parties.15.details.classifications.0,0.releases.2738,0.releases.2738.parties.15,0,WLB,WLB,Woman-Lead Business
0.releases.2738.parties.16.details.classifications.0,0.releases.2738,0.releases.2738.parties.16,0,WLB,WLB,Woman-Lead Business
0.releases.2738.parties.20.details.classifications.0,0.releases.2738,0.releases.2738.parties.20,0,WLB,WLB,Woman-Lead Business
0.releases.2739.parties.5.details.classifications.0,0.releases.2739,0.releases.2739.parties.5,0,WLB,WLB,Woman-Lead Business
0.releases.2739.parties.6.details.classifications.0,0.releases.2739,0.releases.2739.parties.6,0,WLB,WLB,Woman-Lead Business
0.releases.2739.parties.8.details.classifications.0,0.releases.2739,0.releases.2739.parties.8,0,WLB,WLB,Woman-Lead Business
0.releases.2739.parties.13.details.classifications.0,0.releases.2739,0.releases.2739.parties.13,0,WLB,WLB,Woman-Lead Business
0.releases.2739.parties.15.details.classifications.0,0.releases.2739,0.releases.2739.parties.15,0,WLB,WLB,Woman-Lead Business
0.releases.2739.parties.16.details.classifications.0,0.releases.2739,0.releases.2739.parties.16,0,WLB,WLB,Woman-Lead Business
0.releases.2739.parties.20.details.classifications.0,0.releases.2739,0.releases.2739.parties.20,0,WLB,WLB,Woman-Lead Business
0.releases.2740.parties.5.details.classifications.0,0.releases.2740,0.releases.2740.parties.5,0,WLB,WLB,Woman-Lead Business
0.releases.2740.parties.6.details.classifications.0,0.releases.2740,0.releases.2740.parties.6,0,WLB,WLB,Woman-Lead Business
0.releases.2740.parties.8.details.classifications.0,0.releases.2740,0.releases.2740.parties.8,0,WLB,WLB,Woman-Lead Business
0.releases.2740.parties.13.details.classifications.0,0.releases.2740,0.releases.2740.parties.13,0,WLB,WLB,Woman-Lead Business
0.releases.2740.parties.15.details.classifications.0,0.releases.2740,0.releases.2740.parties.15,0,WLB,WLB,Woman-Lead Business
0.releases.2740.parties.16.details.classifications.0,0.releases.2740,0.releases.2740.parties.16,0,WLB,WLB,Woman-Lead Business
0.releases.2740.parties.20.details.classifications.0,0.releases.2740,0.releases.2740.parties.20,0,WLB,WLB,Woman-Lead Business
0.releases.2741.parties.5.details.classifications.0,0.releases.2741,0.releases.2741.parties.5,0,WLB,WLB,Woman-Lead Business
0.releases.2741.parties.6.details.classifications.0,0.releases.2741,0.releases.2741.parties.6,0,WLB,WLB,Woman-Lead Business
0.releases.2741.parties.8.details.classifications.0,0.releases.2741,0.releases.2741.parties.8,0,WLB,WLB,Woman-Lead Business
0.releases.2741.parties.13.details.classifications.0,0.releases.2741,0.releases.2741.parties.13,0,WLB,WLB,Woman-Lead Business
0.releases.2741.parties.15.details.classifications.0,0.releases.2741,0.releases.2741.parties.15,0,WLB,WLB,Woman-Lead Business
0.releases.2741.parties.16.details.classifications.0,0.releases.2741,0.releases.2741.parties.16,0,WLB,WLB,Woman-Lead Business
0.releases.2741.parties.20.details.classifications.0,0.releases.2741,0.releases.2741.parties.20,0,WLB,WLB,Woman-Lead Business
0.releases.2742.parties.5.details.classifications.0,0.releases.2742,0.releases.2742.parties.5,0,WLB,WLB,Woman-Lead Business
0.releases.2742.parties.6.details.classifications.0,0.releases.2742,0.releases.2742.parties.6,0,WLB,WLB,Woman-Lead Business
0.releases.2742.parties.8.details.classifications.0,0.releases.2742,0.releases.2742.parties.8,0,WLB,WLB,Woman-Lead Business
0.releases.2742.parties.13.details.classifications.0,0.releases.2742,0.releases.2742.parties.13,0,WLB,WLB,Woman-Lead Business
0.releases.2742.parties.15.details.classifications.0,0.releases.2742,0.releases.2742.parties.15,0,WLB,WLB,Woman-Lead Business
0.releases.2742.parties.16.details.classifications.0,0.releases.2742,0.releases.2742.parties.16,0,WLB,WLB,Woman-Lead Business
0.releases.2742.parties.20.details.classifications.0,0.releases.2742,0.releases.2742.parties.20,0,WLB,WLB,Woman-Lead Business
0.releases.2743.parties.5.details.classifications.0,0.releases.2743,0.releases.2743.parties.5,0,WLB,WLB,Woman-Lead Business
0.releases.2743.parties.6.details.classifications.0,0.releases.2743,0.releases.2743.parties.6,0,WLB,WLB,Woman-Lead Business
0.releases.2743.parties.8.details.classifications.0,0.releases.2743,0.releases.2743.parties.8,0,WLB,WLB,Woman-Lead Business
0.releases.2743.parties.13.details.classifications.0,0.releases.2743,0.releases.2743.parties.13,0,WLB,WLB,Woman-Lead Business
0.releases.2743.parties.15.details.classifications.0,0.releases.2743,0.releases.2743.parties.15,0,WLB,WLB,Woman-Lead Business
0.releases.2743.parties.16.details.classifications.0,0.releases.2743,0.releases.2743.parties.16,0,WLB,WLB,Woman-Lead Business
0.releases.2743.parties.20.details.classifications.0,0.releases.2743,0.releases.2743.parties.20,0,WLB,WLB,Woman-Lead Business
0.releases.2744.parties.5.details.classifications.0,0.releases.2744,0.releases.2744.parties.5,0,WLB,WLB,Woman-Lead Business
0.releases.2744.parties.6.details.classifications.0,0.releases.2744,0.releases.2744.parties.6,0,WLB,WLB,Woman-Lead Business
0.releases.2744.parties.8.details.classifications.0,0.releases.2744,0.releases.2744.parties.8,0,WLB,WLB,Woman-Lead Business
0.releases.2744.parties.13.details.classifications.0,0.releases.2744,0.releases.2744.parties.13,0,WLB,WLB,Woman-Lead Business
0.releases.2744.parties.15.details.classifications.0,0.releases.2744,0.releases.2744.parties.15,0,WLB,WLB,Woman-Lead Business
0.releases.2744.parties.16.details.classifications.0,0.releases.2744,0.releases.2744.parties.16,0,WLB,WLB,Woman-Lead Business
0.releases.2744.parties.20.details.classifications.0,0.releases.2744,0.releases.2744.parties.20,0,WLB,WLB,Woman-Lead Business
0.releases.2745.parties.5.details.classifications.0,0.releases.2745,0.releases.2745.parties.5,0,WLB,WLB,Woman-Lead Business
0.releases.2745.parties.6.details.classifications.0,0.releases.2745,0.releases.2745.parties.6,0,WLB,WLB,Woman-Lead Business
0.releases.2745.parties.8.details.classifications.0,0.releases.2745,0.releases.2745.parties.8,0,WLB,WLB,Woman-Lead Business
0.releases.2745.parties.13.details.classifications.0,0.releases.2745,0.releases.2745.parties.13,0,WLB,WLB,Woman-Lead Business
0.releases.2745.parties.15.details.classifications.0,0.releases.2745,0.releases.2745.parties.15,0,WLB,WLB,Woman-Lead Business
0.releases.2745.parties.16.details.classifications.0,0.releases.2745,0.releases.2745.parties.16,0,WLB,WLB,Woman-Lead Business
0.releases.2745.parties.20.details.classifications.0,0.releases.2745,0.releases.2745.parties.20,0,WLB,WLB,Woman-Lead Business
0.releases.2746.parties.5.details.classifications.0,0.releases.2746,0.releases.2746.parties.5,0,WLB,WLB,Woman-Lead Business
0.releases.2746.parties.6.details.classifications.0,0.releases.2746,0.releases.2746.parties.6,0,WLB,WLB,Woman-Lead Business
0.releases.2746.parties.8.details.classifications.0,0.releases.2746,0.releases.2746.parties.8,0,WLB,WLB,Woman-Lead Business
0.releases.2746.parties.13.details.classifications.0,0.releases.2746,0.releases.2746.parties.13,0,WLB,WLB,Woman-Lead Business
0.releases.2746.parties.15.details.classifications.0,0.releases.2746,0.releases.2746.parties.15,0,WLB,WLB,Woman-Lead Business
0.releases.2746.parties.16.details.classifications.0,0.releases.2746,0.releases.2746.parties.16,0,WLB,WLB,Woman-Lead Business
0.releases.2746.parties.20.details.classifications.0,0.releases.2746,0.releases.2746.parties.20,0,WLB,WLB,Woman-Lead Business
0.releases.2751.parties.16.details.classifications.0,0.releases.2751,0.releases.2751.parties.16,0,WLB,WLB,Woman-Lead Business
0.releases.2751.parties.17.details.classifications.0,0.releases.2751,0.releases.2751.parties.17,0,WLB,WLB,Woman-Lead Business
0.releases.2753.parties.2.details.classifications.0,0.releases.2753,0.releases.2753.parties.2,0,WLB,WLB,Woman-Lead Business
0.releases.2753.parties.3.details.classifications.0,0.releases.2753,0.releases.2753.parties.3,0,WLB,WLB,Woman-Lead Business
0.releases.2753.parties.6.details.classifications.0,0.releases.2753,0.releases.2753.parties.6,0,WLB,WLB,Woman-Lead Business
0.releases.2754.parties.3.details.classifications.0,0.releases.2754,0.releases.2754.parties.3,0,WLB,WLB,Woman-Lead Business
0.releases.2757.parties.1.details.classifications.0,0.releases.2757,0.releases.2757.parties.1,0,WLB,WLB,Woman-Lead Business
0.releases.2757.parties.5.details.classifications.0,0.releases.2757,0.releases.2757.parties.5,0,WLB,WLB,Woman-Lead Business
0.releases.2757.parties.9.details.classifications.0,0.releases.2757,0.releases.2757.parties.9,0,WLB,WLB,Woman-Lead Business
0.releases.2757.parties.11.details.classifications.0,0.releases.2757,0.releases.2757.parties.11,0,WLB,WLB,Woman-Lead Business
0.releases.2757.parties.12.details.classifications.0,0.releases.2757,0.releases.2757.parties.12,0,WLB,WLB,Woman-Lead Business
0.releases.2763.parties.1.details.classifications.0,0.releases.2763,0.releases.2763.parties.1,0,WLB,WLB,Woman-Lead Business
0.releases.2763.parties.5.details.classifications.0,0.releases.2763,0.releases.2763.parties.5,0,WLB,WLB,Woman-Lead Business
0.releases.2763.parties.8.details.classifications.0,0.releases.2763,0.releases.2763.parties.8,0,WLB,WLB,Woman-Lead Business
0.releases.2763.parties.9.details.classifications.0,0.releases.2763,0.releases.2763.parties.9,0,WLB,WLB,Woman-Lead Business
0.releases.2766.parties.1.details.classifications.0,0.releases.2766,0.releases.2766.parties.1,0,WLB,WLB,Woman-Lead Business
0.releases.2767.parties.3.details.classifications.0,0.releases.2767,0.releases.2767.parties.3,0,WLB,WLB,Woman-Lead Business
0.releases.2767.parties.4.details.classifications.0,0.releases.2767,0.releases.2767.parties.4,0,WLB,WLB,Woman-Lead Business
0.releases.2769.parties.6.details.classifications.0,0.releases.2769,0.releases.2769.parties.6,0,WLB,WLB,Woman-Lead Business
0.releases.2769.parties.7.details.classifications.0,0.releases.2769,0.releases.2769.parties.7,0,WLB,WLB,Woman-Lead Business
0.releases.2771.parties.3.details.classifications.0,0.releases.2771,0.releases.2771.parties.3,0,WLB,WLB,Woman-Lead Business
0.releases.2771.parties.4.details.classifications.0,0.releases.2771,0.releases.2771.parties.4,0,WLB,WLB,Woman-Lead Business
0.releases.2773.parties.2.details.classifications.0,0.releases.2773,0.releases.2773.parties.2,0,WLB,WLB,Woman-Lead Business
0.releases.2774.parties.3.details.classifications.0,0.releases.2774,0.releases.2774.parties.3,0,WLB,WLB,Woman-Lead Business
0.releases.2774.parties.4.details.classifications.0,0.releases.2774,0.releases.2774.parties.4,0,WLB,WLB,Woman-Lead Business
0.releases.2775.parties.1.details.classifications.0,0.releases.2775,0.releases.2775.parties.1,0,WLB,WLB,Woman-Lead Business
0.releases.2775.parties.2.details.classifications.0,0.releases.2775,0.releases.2775.parties.2,0,WLB,WLB,Woman-Lead Business
0.releases.2778.parties.2.details.classifications.0,0.releases.2778,0.releases.2778.parties.2,0,WLB,WLB,Woman-Lead Business
0.releases.2778.parties.5.details.classifications.0,0.releases.2778,0.releases.2778.parties.5,0,WLB,WLB,Woman-Lead Business
0.releases.2779.parties.1.details.classifications.0,0.releases.2779,0.releases.2779.parties.1,0,WLB,WLB,Woman-Lead Business
0.releases.2780.parties.1.details.classifications.0,0.releases.2780,0.releases.2780.parties.1,0,WLB,WLB,Woman-Lead Business
0.releases.2780.parties.2.details.classifications.0,0.releases.2780,0.releases.2780.parties.2,0,WLB,WLB,Woman-Lead Business
0.releases.2781.parties.4.details.classifications.0,0.releases.2781,0.releases.2781.parties.4,0,WLB,WLB,Woman-Lead Business
0.releases.2782.parties.1.details.classifications.0,0.releases.2782,0.releases.2782.parties.1,0,WLB,WLB,Woman-Lead Business
0.releases.2785.parties.2.details.classifications.0,0.releases.2785,0.releases.2785.parties.2,0,WLB,WLB,Woman-Lead Business
0.releases.2785.parties.5.details.classifications.0,0.releases.2785,0.releases.2785.parties.5,0,WLB,WLB,Woman-Lead Business
0.releases.2785.parties.6.details.classifications.0,0.releases.2785,0.releases.2785.parties.6,0,WLB,WLB,Woman-Lead Business
0.releases.2785.parties.7.details.classifications.0,0.releases.2785,0.releases.2785.parties.7,0,WLB,WLB,Woman-Lead Business
0.releases.2785.parties.10.details.classifications.0,0.releases.2785,0.releases.2785.parties.10,0,WLB,WLB,Woman-Lead Business
0.releases.2793.parties.3.details.classifications.0,0.releases.2793,0.releases.2793.parties.3,0,WLB,WLB,Woman-Lead Business
0.releases.2793.parties.5.details.classifications.0,0.releases.2793,0.releases.2793.parties.5,0,WLB,WLB,Woman-Lead Business
0.releases.2793.parties.12.details.classifications.0,0.releases.2793,0.releases.2793.parties.12,0,WLB,WLB,Woman-Lead Business
0.releases.2793.parties.13.details.classifications.0,0.releases.2793,0.releases.2793.parties.13,0,WLB,WLB,Woman-Lead Business
0.releases.2796.parties.3.details.classifications.0,0.releases.2796,0.releases.2796.parties.3,0,WLB,WLB,Woman-Lead Business
0.releases.2799.parties.1.details.classifications.0,0.releases.2799,0.releases.2799.parties.1,0,WLB,WLB,Woman-Lead Business
0.releases.2801.parties.1.details.classifications.0,0.releases.2801,0.releases.2801.parties.1,0,WLB,WLB,Woman-Lead Business
0.releases.2801.parties.2.details.classifications.0,0.releases.2801,0.releases.2801.parties.2,0,WLB,WLB,Woman-Lead Business
0.releases.2803.parties.2.details.classifications.0,0.releases.2803,0.releases.2803.parties.2,0,WLB,WLB,Woman-Lead Business
0.releases.2803.parties.5.details.classifications.0,0.releases.2803,0.releases.2803.parties.5,0,WLB,WLB,Woman-Lead Business
0.releases.2803.parties.13.details.classifications.0,0.releases.2803,0.releases.2803.parties.13,0,WLB,WLB,Woman-Lead Business
0.releases.2808.parties.5.details.classifications.0,0.releases.2808,0.releases.2808.parties.5,0,WLB,WLB,Woman-Lead Business
0.releases.2809.parties.1.details.classifications.0,0.releases.2809,0.releases.2809.parties.1,0,WLB,WLB,Woman-Lead Business
0.releases.2812.parties.2.details.classifications.0,0.releases.2812,0.releases.2812.parties.2,0,WLB,WLB,Woman-Lead Business
0.releases.2812.parties.3.details.classifications.0,0.releases.2812,0.releases.2812.parties.3,0,WLB,WLB,Woman-Lead Business
0.releases.2812.parties.4.details.classifications.0,0.releases.2812,0.releases.2812.parties.4,0,WLB,WLB,Woman-Lead Business
0.releases.2812.parties.6.details.classifications.0,0.releases.2812,0.releases.2812.parties.6,0,WLB,WLB,Woman-Lead Business
0.releases.2812.parties.7.details.classifications.0,0.releases.2812,0.releases.2812.parties.7,0,WLB,WLB,Woman-Lead Business
0.releases.2812.parties.8.details.classifications.0,0.releases.2812,0.releases.2812.parties.8,0,WLB,WLB,Woman-Lead Business
0.releases.2812.parties.9.details.classifications.0,0.releases.2812,0.releases.2812.parties.9,0,WLB,WLB,Woman-Lead Business
0.releases.2812.parties.12.details.classifications.0,0.releases.2812,0.releases.2812.parties.12,0,WLB,WLB,Woman-Lead Business
0.releases.2815.parties.2.details.classifications.0,0.releases.2815,0.releases.2815.parties.2,0,WLB,WLB,Woman-Lead Business
0.releases.2820.parties.4.details.classifications.0,0.releases.2820,0.releases.2820.parties.4,0,WLB,WLB,Woman-Lead Business
0.releases.2821.parties.2.details.classifications.0,0.releases.2821,0.releases.2821.parties.2,0,WLB,WLB,Woman-Lead Business
0.releases.2821.parties.3.details.classifications.0,0.releases.2821,0.releases.2821.parties.3,0,WLB,WLB,Woman-Lead Business
0.releases.2821.parties.4.details.classifications.0,0.releases.2821,0.releases.2821.parties.4,0,WLB,WLB,Woman-Lead Business
0.releases.2831.parties.5.details.classifications.0,0.releases.2831,0.releases.2831.parties.5,0,WLB,WLB,Woman-Lead Business
0.releases.2831.parties.6.details.classifications.0,0.releases.2831,0.releases.2831.parties.6,0,WLB,WLB,Woman-Lead Business
0.releases.2831.parties.7.details.classifications.0,0.releases.2831,0.releases.2831.parties.7,0,WLB,WLB,Woman-Lead Business
0.releases.2831.parties.9.details.classifications.0,0.releases.2831,0.releases.2831.parties.9,0,WLB,WLB,Woman-Lead Business
0.releases.2832.parties.5.details.classifications.0,0.releases.2832,0.releases.2832.parties.5,0,WLB,WLB,Woman-Lead Business
0.releases.2832.parties.6.details.classifications.0,0.releases.2832,0.releases.2832.parties.6,0,WLB,WLB,Woman-Lead Business
0.releases.2832.parties.7.details.classifications.0,0.releases.2832,0.releases.2832.parties.7,0,WLB,WLB,Woman-Lead Business
0.releases.2832.parties.9.details.classifications.0,0.releases.2832,0.releases.2832.parties.9,0,WLB,WLB,Woman-Lead Business
0.releases.2835.parties.5.details.classifications.0,0.releases.2835,0.releases.2835.parties.5,0,WLB,WLB,Woman-Lead Business
0.releases.2835.parties.9.details.classifications.0,0.releases.2835,0.releases.2835.parties.9,0,WLB,WLB,Woman-Lead Business
0.releases.2836.parties.5.details.classifications.0,0.releases.2836,0.releases.2836.parties.5,0,WLB,WLB,Woman-Lead Business
0.releases.2836.parties.6.details.classifications.0,0.releases.2836,0.releases.2836.parties.6,0,WLB,WLB,Woman-Lead Business
0.releases.2836.parties.7.details.classifications.0,0.releases.2836,0.releases.2836.parties.7,0,WLB,WLB,Woman-Lead Business
0.releases.2836.parties.9.details.classifications.0,0.releases.2836,0.releases.2836.parties.9,0,WLB,WLB,Woman-Lead Business
0.releases.2837.parties.5.details.classifications.0,0.releases.2837,0.releases.2837.parties.5,0,WLB,WLB,Woman-Lead Business
0.releases.2837.parties.6.details.classifications.0,0.releases.2837,0.releases.2837.parties.6,0,WLB,WLB,Woman-Lead Business
0.releases.2837.parties.7.details.classifications.0,0.releases.2837,0.releases.2837.parties.7,0,WLB,WLB,Woman-Lead Business
0.releases.2837.parties.9.details.classifications.0,0.releases.2837,0.releases.2837.parties.9,0,WLB,WLB,Woman-Lead Business
0.releases.2838.parties.6.details.classifications.0,0.releases.2838,0.releases.2838.parties.6,0,WLB,WLB,Woman-Lead Business
0.releases.2838.parties.7.details.classifications.0,0.releases.2838,0.releases.2838.parties.7,0,WLB,WLB,Woman-Lead Business
0.releases.2838.parties.8.details.classifications.0,0.releases.2838,0.releases.2838.parties.8,0,WLB,WLB,Woman-Lead Business
0.releases.2838.parties.11.details.classifications.0,0.releases.2838,0.releases.2838.parties.11,0,WLB,WLB,Woman-Lead Business
0.releases.2838.parties.12.details.classifications.0,0.releases.2838,0.releases.2838.parties.12,0,WLB,WLB,Woman-Lead Business
0.releases.2838.parties.18.details.classifications.0,0.releases.2838,0.releases.2838.parties.18,0,WLB,WLB,Woman-Lead Business
0.releases.2840.parties.4.details.classifications.0,0.releases.2840,0.releases.2840.parties.4,0,WLB,WLB,Woman-Lead Business
0.releases.2840.parties.9.details.classifications.0,0.releases.2840,0.releases.2840.parties.9,0,WLB,WLB,Woman-Lead Business
0.releases.2845.parties.2.details.classifications.0,0.releases.2845,0.releases.2845.parties.2,0,WLB,WLB,Woman-Lead Business
0.releases.2847.parties.3.details.classifications.0,0.releases.2847,0.releases.2847.parties.3,0,WLB,WLB,Woman-Lead Business
0.releases.2847.parties.7.details.classifications.0,0.releases.2847,0.releases.2847.parties.7,0,WLB,WLB,Woman-Lead Business
0.releases.2847.parties.9.details.classifications.0,0.releases.2847,0.releases.2847.parties.9,0,WLB,WLB,Woman-Lead Business
0.releases.2848.parties.3.details.classifications.0,0.releases.2848,0.releases.2848.parties.3,0,WLB,WLB,Woman-Lead Business
0.releases.2848.parties.5.details.classifications.0,0.releases.2848,0.releases.2848.parties.5,0,WLB,WLB,Woman-Lead Business
0.releases.2851.parties.1.details.classifications.0,0.releases.2851,0.releases.2851.parties.1,0,WLB,WLB,Woman-Lead Business
0.releases.2851.parties.7.details.classifications.0,0.releases.2851,0.releases.2851.parties.7,0,WLB,WLB,Woman-Lead Business
0.releases.2854.parties.1.details.classifications.0,0.releases.2854,0.releases.2854.parties.1,0,WLB,WLB,Woman-Lead Business
0.releases.2858.parties.1.details.classifications.0,0.releases.2858,0.releases.2858.parties.1,0,WLB,WLB,Woman-Lead Business
0.releases.2858.parties.2.details.classifications.0,0.releases.2858,0.releases.2858.parties.2,0,WLB,WLB,Woman-Lead Business
0.releases.2858.parties.4.details.classifications.0,0.releases.2858,0.releases.2858.parties.4,0,WLB,WLB,Woman-Lead Business
0.releases.2858.parties.6.details.classifications.0,0.releases.2858,0.releases.2858.parties.6,0,WLB,WLB,Woman-Lead Business
0.releases.2863.parties.7.details.classifications.0,0.releases.2863,0.releases.2863.parties.7,0,WLB,WLB,Woman-Lead Business
0.releases.2864.parties.7.details.classifications.0,0.releases.2864,0.releases.2864.parties.7,0,WLB,WLB,Woman-Lead Business
0.releases.2866.parties.3.details.classifications.0,0.releases.2866,0.releases.2866.parties.3,0,WLB,WLB,Woman-Lead Business
0.releases.2867.parties.7.details.classifications.0,0.releases.2867,0.releases.2867.parties.7,0,WLB,WLB,Woman-Lead Business
0.releases.2871.parties.15.details.classifications.0,0.releases.2871,0.releases.2871.parties.15,0,WLB,WLB,Woman-Lead Business
0.releases.2873.parties.7.details.classifications.0,0.releases.2873,0.releases.2873.parties.7,0,WLB,WLB,Woman-Lead Business
0.releases.2876.parties.1.details.classifications.0,0.releases.2876,0.releases.2876.parties.1,0,WLB,WLB,Woman-Lead Business
0.releases.2877.parties.3.details.classifications.0,0.releases.2877,0.releases.2877.parties.3,0,WLB,WLB,Woman-Lead Business
0.releases.2877.parties.4.details.classifications.0,0.releases.2877,0.releases.2877.parties.4,0,WLB,WLB,Woman-Lead Business
0.releases.2877.parties.6.details.classifications.0,0.releases.2877,0.releases.2877.parties.6,0,WLB,WLB,Woman-Lead Business
0.releases.2877.parties.8.details.classifications.0,0.releases.2877,0.releases.2877.parties.8,0,WLB,WLB,Woman-Lead Business
0.releases.2878.parties.7.details.classifications.0,0.releases.2878,0.releases.2878.parties.7,0,WLB,WLB,Woman-Lead Business
0.releases.2880.parties.1.details.classifications.0,0.releases.2880,0.releases.2880.parties.1,0,WLB,WLB,Woman-Lead Business
0.releases.2880.parties.4.details.classifications.0,0.releases.2880,0.releases.2880.parties.4,0,WLB,WLB,Woman-Lead Business
0.releases.2882.parties.6.details.classifications.0,0.releases.2882,0.releases.2882.parties.6,0,WLB,WLB,Woman-Lead Business
0.releases.2884.parties.7.details.classifications.0,0.releases.2884,0.releases.2884.parties.7,0,WLB,WLB,Woman-Lead Business
0.releases.2885.parties.2.details.classifications.0,0.releases.2885,0.releases.2885.parties.2,0,WLB,WLB,Woman-Lead Business
0.releases.2887.parties.2.details.classifications.0,0.releases.2887,0.releases.2887.parties.2,0,WLB,WLB,Woman-Lead Business
0.releases.2887.parties.4.details.classifications.0,0.releases.2887,0.releases.2887.parties.4,0,WLB,WLB,Woman-Lead Business
0.releases.2890.parties.3.details.classifications.0,0.releases.2890,0.releases.2890.parties.3,0,WLB,WLB,Woman-Lead Business
0.releases.2890.parties.4.details.classifications.0,0.releases.2890,0.releases.2890.parties.4,0,WLB,WLB,Woman-Lead Business
0.releases.2891.parties.7.details.classifications.0,0.releases.2891,0.releases.2891.parties.7,0,WLB,WLB,Woman-Lead Business
0.releases.2892.parties.3.details.classifications.0,0.releases.2892,0.releases.2892.parties.3,0,WLB,WLB,Woman-Lead Business
0.releases.2892.parties.8.details.classifications.0,0.releases.2892,0.releases.2892.parties.8,0,WLB,WLB,Woman-Lead Business
0.releases.2893.parties.7.details.classifications.0,0.releases.2893,0.releases.2893.parties.7,0,WLB,WLB,Woman-Lead Business
0.releases.2894.parties.7.details.classifications.0,0.releases.2894,0.releases.2894.parties.7,0,WLB,WLB,Woman-Lead Business
0.releases.2895.parties.7.details.classifications.0,0.releases.2895,0.releases.2895.parties.7,0,WLB,WLB,Woman-Lead Business
0.releases.2896.parties.7.details.classifications.0,0.releases.2896,0.releases.2896.parties.7,0,WLB,WLB,Woman-Lead Business
0.releases.2899.parties.7.details.classifications.0,0.releases.2899,0.releases.2899.parties.7,0,WLB,WLB,Woman-Lead Business
0.releases.2900.parties.7.details.classifications.0,0.releases.2900,0.releases.2900.parties.7,0,WLB,WLB,Woman-Lead Business
0.releases.2901.parties.7.details.classifications.0,0.releases.2901,0.releases.2901.parties.7,0,WLB,WLB,Woman-Lead Business
0.releases.2902.parties.7.details.classifications.0,0.releases.2902,0.releases.2902.parties.7,0,WLB,WLB,Woman-Lead Business
0.releases.2903.parties.7.details.classifications.0,0.releases.2903,0.releases.2903.parties.7,0,WLB,WLB,Woman-Lead Business
0.releases.2904.parties.7.details.classifications.0,0.releases.2904,0.releases.2904.parties.7,0,WLB,WLB,Woman-Lead Business
0.releases.2907.parties.2.details.classifications.0,0.releases.2907,0.releases.2907.parties.2,0,WLB,WLB,Woman-Lead Business
0.releases.2912.parties.7.details.classifications.0,0.releases.2912,0.releases.2912.parties.7,0,WLB,WLB,Woman-Lead Business
0.releases.2913.parties.7.details.classifications.0,0.releases.2913,0.releases.2913.parties.7,0,WLB,WLB,Woman-Lead Business
0.releases.2915.parties.7.details.classifications.0,0.releases.2915,0.releases.2915.parties.7,0,WLB,WLB,Woman-Lead Business
0.releases.2916.parties.6.details.classifications.0,0.releases.2916,0.releases.2916.parties.6,0,WLB,WLB,Woman-Lead Business
0.releases.2916.parties.7.details.classifications.0,0.releases.2916,0.releases.2916.parties.7,0,WLB,WLB,Woman-Lead Business
0.releases.2916.parties.8.details.classifications.0,0.releases.2916,0.releases.2916.parties.8,0,WLB,WLB,Woman-Lead Business
0.releases.2916.parties.11.details.classifications.0,0.releases.2916,0.releases.2916.parties.11,0,WLB,WLB,Woman-Lead Business
0.releases.2916.parties.12.details.classifications.0,0.releases.2916,0.releases.2916.parties.12,0,WLB,WLB,Woman-Lead Business
0.releases.2916.parties.18.details.classifications.0,0.releases.2916,0.releases.2916.parties.18,0,WLB,WLB,Woman-Lead Business
0.releases.2918.parties.2.details.classifications.0,0.releases.2918,0.releases.2918.parties.2,0,WLB,WLB,Woman-Lead Business
0.releases.2920.parties.1.details.classifications.0,0.releases.2920,0.releases.2920.parties.1,0,WLB,WLB,Woman-Lead Business
0.releases.2922.parties.1.details.classifications.0,0.releases.2922,0.releases.2922.parties.1,0,WLB,WLB,Woman-Lead Business
0.releases.2922.parties.2.details.classifications.0,0.releases.2922,0.releases.2922.parties.2,0,WLB,WLB,Woman-Lead Business
0.releases.2922.parties.4.details.classifications.0,0.releases.2922,0.releases.2922.parties.4,0,WLB,WLB,Woman-Lead Business
0.releases.2922.parties.5.details.classifications.0,0.releases.2922,0.releases.2922.parties.5,0,WLB,WLB,Woman-Lead Business
0.releases.2923.parties.1.details.classifications.0,0.releases.2923,0.releases.2923.parties.1,0,WLB,WLB,Woman-Lead Business
0.releases.2923.parties.4.details.classifications.0,0.releases.2923,0.releases.2923.parties.4,0,WLB,WLB,Woman-Lead Business
0.releases.2924.parties.1.details.classifications.0,0.releases.2924,0.releases.2924.parties.1,0,WLB,WLB,Woman-Lead Business
0.releases.2924.parties.5.details.classifications.0,0.releases.2924,0.releases.2924.parties.5,0,WLB,WLB,Woman-Lead Business
0.releases.2924.parties.6.details.classifications.0,0.releases.2924,0.releases.2924.parties.6,0,WLB,WLB,Woman-Lead Business
0.releases.2924.parties.9.details.classifications.0,0.releases.2924,0.releases.2924.parties.9,0,WLB,WLB,Woman-Lead Business
0.releases.2925.parties.2.details.classifications.0,0.releases.2925,0.releases.2925.parties.2,0,WLB,WLB,Woman-Lead Business
0.releases.2925.parties.3.details.classifications.0,0.releases.2925,0.releases.2925.parties.3,0,WLB,WLB,Woman-Lead Business
0.releases.2925.parties.5.details.classifications.0,0.releases.2925,0.releases.2925.parties.5,0,WLB,WLB,Woman-Lead Business
0.releases.2925.parties.6.details.classifications.0,0.releases.2925,0.releases.2925.parties.6,0,WLB,WLB,Woman-Lead Business
0.releases.2925.parties.7.details.classifications.0,0.releases.2925,0.releases.2925.parties.7,0,WLB,WLB,Woman-Lead Business
0.releases.2926.parties.1.details.classifications.0,0.releases.2926,0.releases.2926.parties.1,0,WLB,WLB,Woman-Lead Business
0.releases.2926.parties.2.details.classifications.0,0.releases.2926,0.releases.2926.parties.2,0,WLB,WLB,Woman-Lead Business
0.releases.2930.parties.5.details.classifications.0,0.releases.2930,0.releases.2930.parties.5,0,WLB,WLB,Woman-Lead Business
0.releases.2930.parties.6.details.classifications.0,0.releases.2930,0.releases.2930.parties.6,0,WLB,WLB,Woman-Lead Business
0.releases.2930.parties.8.details.classifications.0,0.releases.2930,0.releases.2930.parties.8,0,WLB,WLB,Woman-Lead Business
0.releases.2930.parties.13.details.classifications.0,0.releases.2930,0.releases.2930.parties.13,0,WLB,WLB,Woman-Lead Business
0.releases.2930.parties.15.details.classifications.0,0.releases.2930,0.releases.2930.parties.15,0,WLB,WLB,Woman-Lead Business
0.releases.2930.parties.16.details.classifications.0,0.releases.2930,0.releases.2930.parties.16,0,WLB,WLB,Woman-Lead Business
0.releases.2930.parties.20.details.classifications.0,0.releases.2930,0.releases.2930.parties.20,0,WLB,WLB,Woman-Lead Business
0.releases.2931.parties.2.details.classifications.0,0.releases.2931,0.releases.2931.parties.2,0,WLB,WLB,Woman-Lead Business
0.releases.2935.parties.2.details.classifications.0,0.releases.2935,0.releases.2935.parties.2,0,WLB,WLB,Woman-Lead Business
0.releases.2936.parties.1.details.classifications.0,0.releases.2936,0.releases.2936.parties.1,0,WLB,WLB,Woman-Lead Business
0.releases.2936.parties.2.details.classifications.0,0.releases.2936,0.releases.2936.parties.2,0,WLB,WLB,Woman-Lead Business
0.releases.2942.parties.3.details.classifications.0,0.releases.2942,0.releases.2942.parties.3,0,WLB,WLB,Woman-Lead Business
0.releases.2943.parties.3.details.classifications.0,0.releases.2943,0.releases.2943.parties.3,0,WLB,WLB,Woman-Lead Business
0.releases.2945.parties.4.details.classifications.0,0.releases.2945,0.releases.2945.parties.4,0,WLB,WLB,Woman-Lead Business
0.releases.2945.parties.9.details.classifications.0,0.releases.2945,0.releases.2945.parties.9,0,WLB,WLB,Woman-Lead Business
0.releases.2948.parties.2.details.classifications.0,0.releases.2948,0.releases.2948.parties.2,0,WLB,WLB,Woman-Lead Business
0.releases.2948.parties.3.details.classifications.0,0.releases.2948,0.releases.2948.parties.3,0,WLB,WLB,Woman-Lead Business
0.releases.2948.parties.8.details.classifications.0,0.releases.2948,0.releases.2948.parties.8,0,WLB,WLB,Woman-Lead Business
0.releases.2948.parties.9.details.classifications.0,0.releases.2948,0.releases.2948.parties.9,0,WLB,WLB,Woman-Lead Business
0.releases.2948.parties.10.details.classifications.0,0.releases.2948,0.releases.2948.parties.10,0,WLB,WLB,Woman-Lead Business
0.releases.2948.parties.12.details.classifications.0,0.releases.2948,0.releases.2948.parties.12,0,WLB,WLB,Woman-Lead Business
0.releases.2948.parties.13.details.classifications.0,0.releases.2948,0.releases.2948.parties.13,0,WLB,WLB,Woman-Lead Business
0.releases.2948.parties.16.details.classifications.0,0.releases.2948,0.releases.2948.parties.16,0,WLB,WLB,Woman-Lead Business
0.releases.2948.parties.19.details.classifications.0,0.releases.2948,0.releases.2948.parties.19,0,WLB,WLB,Woman-Lead Business
0.releases.2952.parties.9.details.classifications.0,0.releases.2952,0.releases.2952.parties.9,0,WLB,WLB,Woman-Lead Business
0.releases.2952.parties.11.details.classifications.0,0.releases.2952,0.releases.2952.parties.11,0,WLB,WLB,Woman-Lead Business
0.releases.2954.parties.4.details.classifications.0,0.releases.2954,0.releases.2954.parties.4,0,WLB,WLB,Woman-Lead Business
0.releases.2958.parties.5.details.classifications.0,0.releases.2958,0.releases.2958.parties.5,0,WLB,WLB,Woman-Lead Business
0.releases.2959.parties.5.details.classifications.0,0.releases.2959,0.releases.2959.parties.5,0,WLB,WLB,Woman-Lead Business
0.releases.2960.parties.5.details.classifications.0,0.releases.2960,0.releases.2960.parties.5,0,WLB,WLB,Woman-Lead Business
0.releases.2960.parties.7.details.classifications.0,0.releases.2960,0.releases.2960.parties.7,0,WLB,WLB,Woman-Lead Business
0.releases.2960.parties.13.details.classifications.0,0.releases.2960,0.releases.2960.parties.13,0,WLB,WLB,Woman-Lead Business
0.releases.2960.parties.14.details.classifications.0,0.releases.2960,0.releases.2960.parties.14,0,WLB,WLB,Woman-Lead Business
0.releases.2960.parties.19.details.classifications.0,0.releases.2960,0.releases.2960.parties.19,0,WLB,WLB,Woman-Lead Business
0.releases.2960.parties.20.details.classifications.0,0.releases.2960,0.releases.2960.parties.20,0,WLB,WLB,Woman-Lead Business
0.releases.2963.parties.2.details.classifications.0,0.releases.2963,0.releases.2963.parties.2,0,WLB,WLB,Woman-Lead Business
0.releases.2969.parties.5.details.classifications.0,0.releases.2969,0.releases.2969.parties.5,0,WLB,WLB,Woman-Lead Business
0.releases.2971.parties.5.details.classifications.0,0.releases.2971,0.releases.2971.parties.5,0,WLB,WLB,Woman-Lead Business
0.releases.2971.parties.7.details.classifications.0,0.releases.2971,0.releases.2971.parties.7,0,WLB,WLB,Woman-Lead Business
0.releases.2971.parties.13.details.classifications.0,0.releases.2971,0.releases.2971.parties.13,0,WLB,WLB,Woman-Lead Business
0.releases.2971.parties.14.details.classifications.0,0.releases.2971,0.releases.2971.parties.14,0,WLB,WLB,Woman-Lead Business
0.releases.2971.parties.19.details.classifications.0,0.releases.2971,0.releases.2971.parties.19,0,WLB,WLB,Woman-Lead Business
0.releases.2971.parties.20.details.classifications.0,0.releases.2971,0.releases.2971.parties.20,0,WLB,WLB,Woman-Lead Business
0.releases.2972.parties.6.details.classifications.0,0.releases.2972,0.releases.2972.parties.6,0,WLB,WLB,Woman-Lead Business
0.releases.2972.parties.7.details.classifications.0,0.releases.2972,0.releases.2972.parties.7,0,WLB,WLB,Woman-Lead Business
0.releases.2972.parties.8.details.classifications.0,0.releases.2972,0.releases.2972.parties.8,0,WLB,WLB,Woman-Lead Business
0.releases.2972.parties.11.details.classifications.0,0.releases.2972,0.releases.2972.parties.11,0,WLB,WLB,Woman-Lead Business
0.releases.2972.parties.12.details.classifications.0,0.releases.2972,0.releases.2972.parties.12,0,WLB,WLB,Woman-Lead Business
0.releases.2972.parties.18.details.classifications.0,0.releases.2972,0.releases.2972.parties.18,0,WLB,WLB,Woman-Lead Business
0.releases.2973.parties.7.details.classifications.0,0.releases.2973,0.releases.2973.parties.7,0,WLB,WLB,Woman-Lead Business
0.releases.2974.parties.7.details.classifications.0,0.releases.2974,0.releases.2974.parties.7,0,WLB,WLB,Woman-Lead Business
0.releases.2975.parties.7.details.classifications.0,0.releases.2975,0.releases.2975.parties.7,0,WLB,WLB,Woman-Lead Business
0.releases.2977.parties.7.details.classifications.0,0.releases.2977,0.releases.2977.parties.7,0,WLB,WLB,Woman-Lead Business
0.releases.2979.parties.2.details.classifications.0,0.releases.2979,0.releases.2979.parties.2,0,WLB,WLB,Woman-Lead Business
0.releases.2981.parties.7.details.classifications.0,0.releases.2981,0.releases.2981.parties.7,0,WLB,WLB,Woman-Lead Business
0.releases.2982.parties.4.details.classifications.0,0.releases.2982,0.releases.2982.parties.4,0,WLB,WLB,Woman-Lead Business
0.releases.2983.parties.6.details.classifications.0,0.releases.2983,0.releases.2983.parties.6,0,WLB,WLB,Woman-Lead Business
0.releases.2989.parties.1.details.classifications.0,0.releases.2989,0.releases.2989.parties.1,0,WLB,WLB,Woman-Lead Business
0.releases.2992.parties.2.details.classifications.0,0.releases.2992,0.releases.2992.parties.2,0,WLB,WLB,Woman-Lead Business
0.releases.2993.parties.1.details.classifications.0,0.releases.2993,0.releases.2993.parties.1,0,WLB,WLB,Woman-Lead Business
0.releases.2994.parties.4.details.classifications.0,0.releases.2994,0.releases.2994.parties.4,0,WLB,WLB,Woman-Lead Business
0.releases.2995.parties.4.details.classifications.0,0.releases.2995,0.releases.2995.parties.4,0,WLB,WLB,Woman-Lead Business
0.releases.2995.parties.6.details.classifications.0,0.releases.2995,0.releases.2995.parties.6,0,WLB,WLB,Woman-Lead Business
0.releases.2995.parties.9.details.classifications.0,0.releases.2995,0.releases.2995.parties.9,0,WLB,WLB,Woman-Lead Business
0.releases.2995.parties.11.details.classifications.0,0.releases.2995,0.releases.2995.parties.11,0,WLB,WLB,Woman-Lead Business
0.releases.2995.parties.14.details.classifications.0,0.releases.2995,0.releases.2995.parties.14,0,WLB,WLB,Woman-Lead Business
0.releases.2995.parties.18.details.classifications.0,0.releases.2995,0.releases.2995.parties.18,0,WLB,WLB,Woman-Lead Business
0.releases.2995.parties.19.details.classifications.0,0.releases.2995,0.releases.2995.parties.19,0,WLB,WLB,Woman-Lead Business
0.releases.2995.parties.20.details.classifications.0,0.releases.2995,0.releases.2995.parties.20,0,WLB,WLB,Woman-Lead Business
0.releases.2996.parties.4.details.classifications.0,0.releases.2996,0.releases.2996.parties.4,0,WLB,WLB,Woman-Lead Business
0.releases.2996.parties.6.details.classifications.0,0.releases.2996,0.releases.2996.parties.6,0,WLB,WLB,Woman-Lead Business
0.releases.2996.parties.9.details.classifications.0,0.releases.2996,0.releases.2996.parties.9,0,WLB,WLB,Woman-Lead Business
0.releases.2996.parties.11.details.classifications.0,0.releases.2996,0.releases.2996.parties.11,0,WLB,WLB,Woman-Lead Business
0.releases.2996.parties.14.details.classifications.0,0.releases.2996,0.releases.2996.parties.14,0,WLB,WLB,Woman-Lead Business
0.releases.2996.parties.18.details.classifications.0,0.releases.2996,0.releases.2996.parties.18,0,WLB,WLB,Woman-Lead Business
0.releases.2996.parties.19.details.classifications.0,0.releases.2996,0.releases.2996.parties.19,0,WLB,WLB,Woman-Lead Business
0.releases.2996.parties.20.details.classifications.0,0.releases.2996,0.releases.2996.parties.20,0,WLB,WLB,Woman-Lead Business
0.releases.2997.parties.4.details.classifications.0,0.releases.2997,0.releases.2997.parties.4,0,WLB,WLB,Woman-Lead Business
0.releases.2997.parties.6.details.classifications.0,0.releases.2997,0.releases.2997.parties.6,0,WLB,WLB,Woman-Lead Business
0.releases.2997.parties.9.details.classifications.0,0.releases.2997,0.releases.2997.parties.9,0,WLB,WLB,Woman-Lead Business
0.releases.2997.parties.11.details.classifications.0,0.releases.2997,0.releases.2997.parties.11,0,WLB,WLB,Woman-Lead Business
0.releases.2997.parties.14.details.classifications.0,0.releases.2997,0.releases.2997.parties.14,0,WLB,WLB,Woman-Lead Business
0.releases.2997.parties.18.details.classifications.0,0.releases.2997,0.releases.2997.parties.18,0,WLB,WLB,Woman-Lead Business
0.releases.2997.parties.19.details.classifications.0,0.releases.2997,0.releases.2997.parties.19,0,WLB,WLB,Woman-Lead Business
0.releases.2997.parties.20.details.classifications.0,0.releases.2997,0.releases.2997.parties.20,0,WLB,WLB,Woman-Lead Business
0.releases.2999.parties.2.details.classifications.0,0.releases.2999,0.releases.2999.parties.2,0,WLB,WLB,Woman-Lead Business
0.releases.2999.parties.6.details.classifications.0,0.releases.2999,0.releases.2999.parties.6,0,WLB,WLB,Woman-Lead Business
0.releases.2999.parties.8.details.classifications.0,0.releases.2999,0.releases.2999.parties.8,0,WLB,WLB,Woman-Lead Business
0.releases.2999.parties.9.details.classifications.0,0.releases.2999,0.releases.2999.parties.9,0,WLB,WLB,Woman-Lead Business
0.releases.2999.parties.10.details.classifications.0,0.releases.2999,0.releases.2999.parties.10,0,WLB,WLB,Woman-Lead Business
0.releases.2999.parties.11.details.classifications.0,0.releases.2999,0.releases.2999.parties.11,0,WLB,WLB,Woman-Lead Business
0.releases.2999.parties.12.details.classifications.0,0.releases.2999,0.releases.2999.parties.12,0,WLB,WLB,Woman-Lead Business
0.releases.2999.parties.13.details.classifications.0,0.releases.2999,0.releases.2999.parties.13,0,WLB,WLB,Woman-Lead Business
0.releases.3000.parties.1.details.classifications.0,0.releases.3000,0.releases.3000.parties.1,0,WLB,WLB,Woman-Lead Business
0.releases.3000.parties.2.details.classifications.0,0.releases.3000,0.releases.3000.parties.2,0,WLB,WLB,Woman-Lead Business
0.releases.3003.parties.2.details.classifications.0,0.releases.3003,0.releases.3003.parties.2,0,WLB,WLB,Woman-Lead Business
0.releases.3006.parties.7.details.classifications.0,0.releases.3006,0.releases.3006.parties.7,0,WLB,WLB,Woman-Lead Business
0.releases.3007.parties.3.details.classifications.0,0.releases.3007,0.releases.3007.parties.3,0,WLB,WLB,Woman-Lead Business
0.releases.3007.parties.4.details.classifications.0,0.releases.3007,0.releases.3007.parties.4,0,WLB,WLB,Woman-Lead Business
0.releases.3007.parties.5.details.classifications.0,0.releases.3007,0.releases.3007.parties.5,0,WLB,WLB,Woman-Lead Business
0.releases.3010.parties.4.details.classifications.0,0.releases.3010,0.releases.3010.parties.4,0,WLB,WLB,Woman-Lead Business
0.releases.3011.parties.7.details.classifications.0,0.releases.3011,0.releases.3011.parties.7,0,WLB,WLB,Woman-Lead Business
0.releases.3013.parties.1.details.classifications.0,0.releases.3013,0.releases.3013.parties.1,0,WLB,WLB,Woman-Lead Business
0.releases.3013.parties.5.details.classifications.0,0.releases.3013,0.releases.3013.parties.5,0,WLB,WLB,Woman-Lead Business
0.releases.3013.parties.6.details.classifications.0,0.releases.3013,0.releases.3013.parties.6,0,WLB,WLB,Woman-Lead Business
0.releases.3013.parties.9.details.classifications.0,0.releases.3013,0.releases.3013.parties.9,0,WLB,WLB,Woman-Lead Business
0.releases.3017.parties.3.details.classifications.0,0.releases.3017,0.releases.3017.parties.3,0,WLB,WLB,Woman-Lead Business
0.releases.3021.parties.1.details.classifications.0,0.releases.3021,0.releases.3021.parties.1,0,WLB,WLB,Woman-Lead Business
0.releases.3022.parties.7.details.classifications.0,0.releases.3022,0.releases.3022.parties.7,0,WLB,WLB,Woman-Lead Business
0.releases.3022.parties.17.details.classifications.0,0.releases.3022,0.releases.3022.parties.17,0,WLB,WLB,Woman-Lead Business
0.releases.3022.parties.19.details.classifications.0,0.releases.3022,0.releases.3022.parties.19,0,WLB,WLB,Woman-Lead Business
0.releases.3022.parties.20.details.classifications.0,0.releases.3022,0.releases.3022.parties.20,0,WLB,WLB,Woman-Lead Business
0.releases.3022.parties.23.details.classifications.0,0.releases.3022,0.releases.3022.parties.23,0,WLB,WLB,Woman-Lead Business
0.releases.3023.parties.6.details.classifications.0,0.releases.3023,0.releases.3023.parties.6,0,WLB,WLB,Woman-Lead Business
0.releases.3023.parties.16.details.classifications.0,0.releases.3023,0.releases.3023.parties.16,0,WLB,WLB,Woman-Lead Business
0.releases.3029.parties.7.details.classifications.0,0.releases.3029,0.releases.3029.parties.7,0,WLB,WLB,Woman-Lead Business
0.releases.3029.parties.17.details.classifications.0,0.releases.3029,0.releases.3029.parties.17,0,WLB,WLB,Woman-Lead Business
0.releases.3029.parties.19.details.classifications.0,0.releases.3029,0.releases.3029.parties.19,0,WLB,WLB,Woman-Lead Business
0.releases.3029.parties.20.details.classifications.0,0.releases.3029,0.releases.3029.parties.20,0,WLB,WLB,Woman-Lead Business
0.releases.3029.parties.23.details.classifications.0,0.releases.3029,0.releases.3029.parties.23,0,WLB,WLB,Woman-Lead Business
0.releases.3039.parties.1.details.classifications.0,0.releases.3039,0.releases.3039.parties.1,0,WLB,WLB,Woman-Lead Business
0.releases.3043.parties.4.details.classifications.0,0.releases.3043,0.releases.3043.parties.4,0,WLB,WLB,Woman-Lead Business
0.releases.3047.parties.9.details.classifications.0,0.releases.3047,0.releases.3047.parties.9,0,WLB,WLB,Woman-Lead Business
0.releases.3048.parties.9.details.classifications.0,0.releases.3048,0.releases.3048.parties.9,0,WLB,WLB,Woman-Lead Business
0.releases.3051.parties.2.details.classifications.0,0.releases.3051,0.releases.3051.parties.2,0,WLB,WLB,Woman-Lead Business
0.releases.3051.parties.5.details.classifications.0,0.releases.3051,0.releases.3051.parties.5,0,WLB,WLB,Woman-Lead Business
0.releases.3051.parties.6.details.classifications.0,0.releases.3051,0.releases.3051.parties.6,0,WLB,WLB,Woman-Lead Business
0.releases.3051.parties.9.details.classifications.0,0.releases.3051,0.releases.3051.parties.9,0,WLB,WLB,Woman-Lead Business
0.releases.3056.parties.2.details.classifications.0,0.releases.3056,0.releases.3056.parties.2,0,WLB,WLB,Woman-Lead Business
0.releases.3056.parties.4.details.classifications.0,0.releases.3056,0.releases.3056.parties.4,0,WLB,WLB,Woman-Lead Business
0.releases.3058.parties.1.details.classifications.0,0.releases.3058,0.releases.3058.parties.1,0,WLB,WLB,Woman-Lead Business
0.releases.3059.parties.1.details.classifications.0,0.releases.3059,0.releases.3059.parties.1,0,WLB,WLB,Woman-Lead Business
0.releases.3062.parties.1.details.classifications.0,0.releases.3062,0.releases.3062.parties.1,0,WLB,WLB,Woman-Lead Business
0.releases.3062.parties.3.details.classifications.0,0.releases.3062,0.releases.3062.parties.3,0,WLB,WLB,Woman-Lead Business
0.releases.3062.parties.5.details.classifications.0,0.releases.3062,0.releases.3062.parties.5,0,WLB,WLB,Woman-Lead Business
0.releases.3080.parties.4.details.classifications.0,0.releases.3080,0.releases.3080.parties.4,0,WLB,WLB,Woman-Lead Business
0.releases.3081.parties.1.details.classifications.0,0.releases.3081,0.releases.3081.parties.1,0,WLB,WLB,Woman-Lead Business
0.releases.3082.parties.5.details.classifications.0,0.releases.3082,0.releases.3082.parties.5,0,WLB,WLB,Woman-Lead Business
0.releases.3082.parties.7.details.classifications.0,0.releases.3082,0.releases.3082.parties.7,0,WLB,WLB,Woman-Lead Business
0.releases.3082.parties.13.details.classifications.0,0.releases.3082,0.releases.3082.parties.13,0,WLB,WLB,Woman-Lead Business
0.releases.3082.parties.14.details.classifications.0,0.releases.3082,0.releases.3082.parties.14,0,WLB,WLB,Woman-Lead Business
0.releases.3082.parties.19.details.classifications.0,0.releases.3082,0.releases.3082.parties.19,0,WLB,WLB,Woman-Lead Business
0.releases.3082.parties.20.details.classifications.0,0.releases.3082,0.releases.3082.parties.20,0,WLB,WLB,Woman-Lead Business
0.releases.3087.parties.5.details.classifications.0,0.releases.3087,0.releases.3087.parties.5,0,WLB,WLB,Woman-Lead Business
0.releases.3087.parties.7.details.classifications.0,0.releases.3087,0.releases.3087.parties.7,0,WLB,WLB,Woman-Lead Business
0.releases.3087.parties.13.details.classifications.0,0.releases.3087,0.releases.3087.parties.13,0,WLB,WLB,Woman-Lead Business
0.releases.3087.parties.14.details.classifications.0,0.releases.3087,0.releases.3087.parties.14,0,WLB,WLB,Woman-Lead Business
0.releases.3087.parties.19.details.classifications.0,0.releases.3087,0.releases.3087.parties.19,0,WLB,WLB,Woman-Lead Business
0.releases.3087.parties.20.details.classifications.0,0.releases.3087,0.releases.3087.parties.20,0,WLB,WLB,Woman-Lead Business
0.releases.3090.parties.2.details.classifications.0,0.releases.3090,0.releases.3090.parties.2,0,WLB,WLB,Woman-Lead Business
0.releases.3090.parties.3.details.classifications.0,0.releases.3090,0.releases.3090.parties.3,0,WLB,WLB,Woman-Lead Business
0.releases.3090.parties.6.details.classifications.0,0.releases.3090,0.releases.3090.parties.6,0,WLB,WLB,Woman-Lead Business
0.releases.3091.parties.4.details.classifications.0,0.releases.3091,0.releases.3091.parties.4,0,WLB,WLB,Woman-Lead Business
0.releases.3096.parties.3.details.classifications.0,0.releases.3096,0.releases.3096.parties.3,0,WLB,WLB,Woman-Lead Business
0.releases.3096.parties.7.details.classifications.0,0.releases.3096,0.releases.3096.parties.7,0,WLB,WLB,Woman-Lead Business
0.releases.3096.parties.8.details.classifications.0,0.releases.3096,0.releases.3096.parties.8,0,WLB,WLB,Woman-Lead Business
0.releases.3096.parties.13.details.classifications.0,0.releases.3096,0.releases.3096.parties.13,0,WLB,WLB,Woman-Lead Business
0.releases.3099.parties.1.details.classifications.0,0.releases.3099,0.releases.3099.parties.1,0,WLB,WLB,Woman-Lead Business
0.releases.3099.parties.5.details.classifications.0,0.releases.3099,0.releases.3099.parties.5,0,WLB,WLB,Woman-Lead Business
0.releases.3099.parties.6.details.classifications.0,0.releases.3099,0.releases.3099.parties.6,0,WLB,WLB,Woman-Lead Business
0.releases.3099.parties.7.details.classifications.0,0.releases.3099,0.releases.3099.parties.7,0,WLB,WLB,Woman-Lead Business
0.releases.3099.parties.9.details.classifications.0,0.releases.3099,0.releases.3099.parties.9,0,WLB,WLB,Woman-Lead Business
0.releases.3100.parties.6.details.classifications.0,0.releases.3100,0.releases.3100.parties.6,0,WLB,WLB,Woman-Lead Business
0.releases.3100.parties.7.details.classifications.0,0.releases.3100,0.releases.3100.parties.7,0,WLB,WLB,Woman-Lead Business
0.releases.3100.parties.8.details.classifications.0,0.releases.3100,0.releases.3100.parties.8,0,WLB,WLB,Woman-Lead Business
0.releases.3100.parties.11.details.classifications.0,0.releases.3100,0.releases.3100.parties.11,0,WLB,WLB,Woman-Lead Business
0.releases.3100.parties.12.details.classifications.0,0.releases.3100,0.releases.3100.parties.12,0,WLB,WLB,Woman-Lead Business
0.releases.3100.parties.18.details.classifications.0,0.releases.3100,0.releases.3100.parties.18,0,WLB,WLB,Woman-Lead Business
0.releases.3101.parties.1.details.classifications.0,0.releases.3101,0.releases.3101.parties.1,0,WLB,WLB,Woman-Lead Business
0.releases.3101.parties.2.details.classifications.0,0.releases.3101,0.releases.3101.parties.2,0,WLB,WLB,Woman-Lead Business
0.releases.3101.parties.5.details.classifications.0,0.releases.3101,0.releases.3101.parties.5,0,WLB,WLB,Woman-Lead Business
0.releases.3101.parties.11.details.classifications.0,0.releases.3101,0.releases.3101.parties.11,0,WLB,WLB,Woman-Lead Business
0.releases.3101.parties.12.details.classifications.0,0.releases.3101,0.releases.3101.parties.12,0,WLB,WLB,Woman-Lead Business
0.releases.3102.parties.1.details.classifications.0,0.releases.3102,0.releases.3102.parties.1,0,WLB,WLB,Woman-Lead Business
0.releases.3102.parties.2.details.classifications.0,0.releases.3102,0.releases.3102.parties.2,0,WLB,WLB,Woman-Lead Business
0.releases.3102.parties.5.details.classifications.0,0.releases.3102,0.releases.3102.parties.5,0,WLB,WLB,Woman-Lead Business
0.releases.3102.parties.11.details.classifications.0,0.releases.3102,0.releases.3102.parties.11,0,WLB,WLB,Woman-Lead Business
0.releases.3102.parties.12.details.classifications.0,0.releases.3102,0.releases.3102.parties.12,0,WLB,WLB,Woman-Lead Business
0.releases.3104.parties.1.details.classifications.0,0.releases.3104,0.releases.3104.parties.1,0,WLB,WLB,Woman-Lead Business
0.releases.3107.parties.5.details.classifications.0,0.releases.3107,0.releases.3107.parties.5,0,WLB,WLB,Woman-Lead Business
0.releases.3107.parties.8.details.classifications.0,0.releases.3107,0.releases.3107.parties.8,0,WLB,WLB,Woman-Lead Business
0.releases.3113.parties.5.details.classifications.0,0.releases.3113,0.releases.3113.parties.5,0,WLB,WLB,Woman-Lead Business
0.releases.3113.parties.7.details.classifications.0,0.releases.3113,0.releases.3113.parties.7,0,WLB,WLB,Woman-Lead Business
0.releases.3113.parties.13.details.classifications.0,0.releases.3113,0.releases.3113.parties.13,0,WLB,WLB,Woman-Lead Business
0.releases.3113.parties.14.details.classifications.0,0.releases.3113,0.releases.3113.parties.14,0,WLB,WLB,Woman-Lead Business
0.releases.3113.parties.19.details.classifications.0,0.releases.3113,0.releases.3113.parties.19,0,WLB,WLB,Woman-Lead Business
0.releases.3113.parties.20.details.classifications.0,0.releases.3113,0.releases.3113.parties.20,0,WLB,WLB,Woman-Lead Business
0.releases.3118.parties.4.details.classifications.0,0.releases.3118,0.releases.3118.parties.4,0,WLB,WLB,Woman-Lead Business
0.releases.3119.parties.4.details.classifications.0,0.releases.3119,0.releases.3119.parties.4,0,WLB,WLB,Woman-Lead Business
0.releases.3126.parties.5.details.classifications.0,0.releases.3126,0.releases.3126.parties.5,0,WLB,WLB,Woman-Lead Business
0.releases.3126.parties.7.details.classifications.0,0.releases.3126,0.releases.3126.parties.7,0,WLB,WLB,Woman-Lead Business
0.releases.3126.parties.13.details.classifications.0,0.releases.3126,0.releases.3126.parties.13,0,WLB,WLB,Woman-Lead Business
0.releases.3126.parties.14.details.classifications.0,0.releases.3126,0.releases.3126.parties.14,0,WLB,WLB,Woman-Lead Business
0.releases.3126.parties.19.details.classifications.0,0.releases.3126,0.releases.3126.parties.19,0,WLB,WLB,Woman-Lead Business
0.releases.3126.parties.20.details.classifications.0,0.releases.3126,0.releases.3126.parties.20,0,WLB,WLB,Woman-Lead Business
0.releases.3129.parties.5.details.classifications.0,0.releases.3129,0.releases.3129.parties.5,0,WLB,WLB,Woman-Lead Business
0.releases.3129.parties.9.details.classifications.0,0.releases.3129,0.releases.3129.parties.9,0,WLB,WLB,Woman-Lead Business
0.releases.3130.parties.5.details.classifications.0,0.releases.3130,0.releases.3130.parties.5,0,WLB,WLB,Woman-Lead Business
0.releases.3130.parties.7.details.classifications.0,0.releases.3130,0.releases.3130.parties.7,0,WLB,WLB,Woman-Lead Business
0.releases.3130.parties.13.details.classifications.0,0.releases.3130,0.releases.3130.parties.13,0,WLB,WLB,Woman-Lead Business
0.releases.3130.parties.14.details.classifications.0,0.releases.3130,0.releases.3130.parties.14,0,WLB,WLB,Woman-Lead Business
0.releases.3130.parties.19.details.classifications.0,0.releases.3130,0.releases.3130.parties.19,0,WLB,WLB,Woman-Lead Business
0.releases.3130.parties.20.details.classifications.0,0.releases.3130,0.releases.3130.parties.20,0,WLB,WLB,Woman-Lead Business
0.releases.3131.parties.5.details.classifications.0,0.releases.3131,0.releases.3131.parties.5,0,WLB,WLB,Woman-Lead Business
0.releases.3131.parties.7.details.classifications.0,0.releases.3131,0.releases.3131.parties.7,0,WLB,WLB,Woman-Lead Business
0.releases.3131.parties.13.details.classifications.0,0.releases.3131,0.releases.3131.parties.13,0,WLB,WLB,Woman-Lead Business
0.releases.3131.parties.14.details.classifications.0,0.releases.3131,0.releases.3131.parties.14,0,WLB,WLB,Woman-Lead Business
0.releases.3131.parties.19.details.classifications.0,0.releases.3131,0.releases.3131.parties.19,0,WLB,WLB,Woman-Lead Business
0.releases.3131.parties.20.details.classifications.0,0.releases.3131,0.releases.3131.parties.20,0,WLB,WLB,Woman-Lead Business
0.releases.3132.parties.3.details.classifications.0,0.releases.3132,0.releases.3132.parties.3,0,WLB,WLB,Woman-Lead Business
0.releases.3132.parties.7.details.classifications.0,0.releases.3132,0.releases.3132.parties.7,0,WLB,WLB,Woman-Lead Business
0.releases.3133.parties.3.details.classifications.0,0.releases.3133,0.releases.3133.parties.3,0,WLB,WLB,Woman-Lead Business
0.releases.3133.parties.5.details.classifications.0,0.releases.3133,0.releases.3133.parties.5,0,WLB,WLB,Woman-Lead Business
0.releases.3134.parties.4.details.classifications.0,0.releases.3134,0.releases.3134.parties.4,0,WLB,WLB,Woman-Lead Business
0.releases.3136.parties.1.details.classifications.0,0.releases.3136,0.releases.3136.parties.1,0,WLB,WLB,Woman-Lead Business
0.releases.3136.parties.2.details.classifications.0,0.releases.3136,0.releases.3136.parties.2,0,WLB,WLB,Woman-Lead Business
0.releases.3136.parties.3.details.classifications.0,0.releases.3136,0.releases.3136.parties.3,0,WLB,WLB,Woman-Lead Business
0.releases.3136.parties.9.details.classifications.0,0.releases.3136,0.releases.3136.parties.9,0,WLB,WLB,Woman-Lead Business
0.releases.3137.parties.5.details.classifications.0,0.releases.3137,0.releases.3137.parties.5,0,WLB,WLB,Woman-Lead Business
0.releases.3137.parties.7.details.classifications.0,0.releases.3137,0.releases.3137.parties.7,0,WLB,WLB,Woman-Lead Business
0.releases.3137.parties.13.details.classifications.0,0.releases.3137,0.releases.3137.parties.13,0,WLB,WLB,Woman-Lead Business
0.releases.3137.parties.14.details.classifications.0,0.releases.3137,0.releases.3137.parties.14,0,WLB,WLB,Woman-Lead Business
0.releases.3137.parties.19.details.classifications.0,0.releases.3137,0.releases.3137.parties.19,0,WLB,WLB,Woman-Lead Business
0.releases.3137.parties.20.details.classifications.0,0.releases.3137,0.releases.3137.parties.20,0,WLB,WLB,Woman-Lead Business
0.releases.3138.parties.5.details.classifications.0,0.releases.3138,0.releases.3138.parties.5,0,WLB,WLB,Woman-Lead Business
0.releases.3138.parties.7.details.classifications.0,0.releases.3138,0.releases.3138.parties.7,0,WLB,WLB,Woman-Lead Business
0.releases.3138.parties.13.details.classifications.0,0.releases.3138,0.releases.3138.parties.13,0,WLB,WLB,Woman-Lead Business
0.releases.3138.parties.14.details.classifications.0,0.releases.3138,0.releases.3138.parties.14,0,WLB,WLB,Woman-Lead Business
0.releases.3138.parties.19.details.classifications.0,0.releases.3138,0.releases.3138.parties.19,0,WLB,WLB,Woman-Lead Business
0.releases.3138.parties.20.details.classifications.0,0.releases.3138,0.releases.3138.parties.20,0,WLB,WLB,Woman-Lead Business
0.releases.3140.parties.7.details.classifications.0,0.releases.3140,0.releases.3140.parties.7,0,WLB,WLB,Woman-Lead Business
0.releases.3144.parties.6.details.classifications.0,0.releases.3144,0.releases.3144.parties.6,0,WLB,WLB,Woman-Lead Business
0.releases.3144.parties.7.details.classifications.0,0.releases.3144,0.releases.3144.parties.7,0,WLB,WLB,Woman-Lead Business
0.releases.3144.parties.8.details.classifications.0,0.releases.3144,0.releases.3144.parties.8,0,WLB,WLB,Woman-Lead Business
0.releases.3144.parties.11.details.classifications.0,0.releases.3144,0.releases.3144.parties.11,0,WLB,WLB,Woman-Lead Business
0.releases.3144.parties.12.details.classifications.0,0.releases.3144,0.releases.3144.parties.12,0,WLB,WLB,Woman-Lead Business
0.releases.3144.parties.18.details.classifications.0,0.releases.3144,0.releases.3144.parties.18,0,WLB,WLB,Woman-Lead Business
0.releases.3147.parties.7.details.classifications.0,0.releases.3147,0.releases.3147.parties.7,0,WLB,WLB,Woman-Lead Business
0.releases.3148.parties.7.details.classifications.0,0.releases.3148,0.releases.3148.parties.7,0,WLB,WLB,Woman-Lead Business
0.releases.3149.parties.7.details.classifications.0,0.releases.3149,0.releases.3149.parties.7,0,WLB,WLB,Woman-Lead Business
0.releases.3150.parties.7.details.classifications.0,0.releases.3150,0.releases.3150.parties.7,0,WLB,WLB,Woman-Lead Business
0.releases.3151.parties.7.details.classifications.0,0.releases.3151,0.releases.3151.parties.7,0,WLB,WLB,Woman-Lead Business
0.releases.3152.parties.7.details.classifications.0,0.releases.3152,0.releases.3152.parties.7,0,WLB,WLB,Woman-Lead Business
0.releases.3153.parties.7.details.classifications.0,0.releases.3153,0.releases.3153.parties.7,0,WLB,WLB,Woman-Lead Business
0.releases.3154.parties.4.details.classifications.0,0.releases.3154,0.releases.3154.parties.4,0,WLB,WLB,Woman-Lead Business
0.releases.3154.parties.7.details.classifications.0,0.releases.3154,0.releases.3154.parties.7,0,WLB,WLB,Woman-Lead Business
0.releases.3155.parties.7.details.classifications.0,0.releases.3155,0.releases.3155.parties.7,0,WLB,WLB,Woman-Lead Business
0.releases.3156.parties.7.details.classifications.0,0.releases.3156,0.releases.3156.parties.7,0,WLB,WLB,Woman-Lead Business
0.releases.3157.parties.7.details.classifications.0,0.releases.3157,0.releases.3157.parties.7,0,WLB,WLB,Woman-Lead Business
0.releases.3158.parties.7.details.classifications.0,0.releases.3158,0.releases.3158.parties.7,0,WLB,WLB,Woman-Lead Business
0.releases.3159.parties.7.details.classifications.0,0.releases.3159,0.releases.3159.parties.7,0,WLB,WLB,Woman-Lead Business
0.releases.3160.parties.7.details.classifications.0,0.releases.3160,0.releases.3160.parties.7,0,WLB,WLB,Woman-Lead Business
0.releases.3161.parties.7.details.classifications.0,0.releases.3161,0.releases.3161.parties.7,0,WLB,WLB,Woman-Lead Business
0.releases.3162.parties.7.details.classifications.0,0.releases.3162,0.releases.3162.parties.7,0,WLB,WLB,Woman-Lead Business
0.releases.3163.parties.7.details.classifications.0,0.releases.3163,0.releases.3163.parties.7,0,WLB,WLB,Woman-Lead Business
0.releases.3166.parties.6.details.classifications.0,0.releases.3166,0.releases.3166.parties.6,0,WLB,WLB,Woman-Lead Business
0.releases.3166.parties.7.details.classifications.0,0.releases.3166,0.releases.3166.parties.7,0,WLB,WLB,Woman-Lead Business
0.releases.3166.parties.8.details.classifications.0,0.releases.3166,0.releases.3166.parties.8,0,WLB,WLB,Woman-Lead Business
0.releases.3166.parties.11.details.classifications.0,0.releases.3166,0.releases.3166.parties.11,0,WLB,WLB,Woman-Lead Business
0.releases.3166.parties.12.details.classifications.0,0.releases.3166,0.releases.3166.parties.12,0,WLB,WLB,Woman-Lead Business
0.releases.3166.parties.18.details.classifications.0,0.releases.3166,0.releases.3166.parties.18,0,WLB,WLB,Woman-Lead Business
0.releases.3168.parties.2.details.classifications.0,0.releases.3168,0.releases.3168.parties.2,0,WLB,WLB,Woman-Lead Business
0.releases.3169.parties.1.details.classifications.0,0.releases.3169,0.releases.3169.parties.1,0,WLB,WLB,Woman-Lead Business
0.releases.3175.parties.2.details.classifications.0,0.releases.3175,0.releases.3175.parties.2,0,WLB,WLB,Woman-Lead Business
0.releases.3176.parties.2.details.classifications.0,0.releases.3176,0.releases.3176.parties.2,0,WLB,WLB,Woman-Lead Business
0.releases.3176.parties.3.details.classifications.0,0.releases.3176,0.releases.3176.parties.3,0,WLB,WLB,Woman-Lead Business
0.releases.3176.parties.8.details.classifications.0,0.releases.3176,0.releases.3176.parties.8,0,WLB,WLB,Woman-Lead Business
0.releases.3176.parties.9.details.classifications.0,0.releases.3176,0.releases.3176.parties.9,0,WLB,WLB,Woman-Lead Business
0.releases.3176.parties.10.details.classifications.0,0.releases.3176,0.releases.3176.parties.10,0,WLB,WLB,Woman-Lead Business
0.releases.3176.parties.12.details.classifications.0,0.releases.3176,0.releases.3176.parties.12,0,WLB,WLB,Woman-Lead Business
0.releases.3176.parties.13.details.classifications.0,0.releases.3176,0.releases.3176.parties.13,0,WLB,WLB,Woman-Lead Business
0.releases.3176.parties.16.details.classifications.0,0.releases.3176,0.releases.3176.parties.16,0,WLB,WLB,Woman-Lead Business
0.releases.3176.parties.19.details.classifications.0,0.releases.3176,0.releases.3176.parties.19,0,WLB,WLB,Woman-Lead Business
0.releases.3177.parties.7.details.classifications.0,0.releases.3177,0.releases.3177.parties.7,0,WLB,WLB,Woman-Lead Business
0.releases.3177.parties.17.details.classifications.0,0.releases.3177,0.releases.3177.parties.17,0,WLB,WLB,Woman-Lead Business
0.releases.3177.parties.19.details.classifications.0,0.releases.3177,0.releases.3177.parties.19,0,WLB,WLB,Woman-Lead Business
0.releases.3177.parties.20.details.classifications.0,0.releases.3177,0.releases.3177.parties.20,0,WLB,WLB,Woman-Lead Business
0.releases.3177.parties.23.details.classifications.0,0.releases.3177,0.releases.3177.parties.23,0,WLB,WLB,Woman-Lead Business
0.releases.3179.parties.3.details.classifications.0,0.releases.3179,0.releases.3179.parties.3,0,WLB,WLB,Woman-Lead Business
0.releases.3179.parties.7.details.classifications.0,0.releases.3179,0.releases.3179.parties.7,0,WLB,WLB,Woman-Lead Business
0.releases.3182.parties.7.details.classifications.0,0.releases.3182,0.releases.3182.parties.7,0,WLB,WLB,Woman-Lead Business
0.releases.3182.parties.17.details.classifications.0,0.releases.3182,0.releases.3182.parties.17,0,WLB,WLB,Woman-Lead Business
0.releases.3182.parties.19.details.classifications.0,0.releases.3182,0.releases.3182.parties.19,0,WLB,WLB,Woman-Lead Business
0.releases.3182.parties.20.details.classifications.0,0.releases.3182,0.releases.3182.parties.20,0,WLB,WLB,Woman-Lead Business
0.releases.3182.parties.23.details.classifications.0,0.releases.3182,0.releases.3182.parties.23,0,WLB,WLB,Woman-Lead Business
0.releases.3183.parties.7.details.classifications.0,0.releases.3183,0.releases.3183.parties.7,0,WLB,WLB,Woman-Lead Business
0.releases.3183.parties.17.details.classifications.0,0.releases.3183,0.releases.3183.parties.17,0,WLB,WLB,Woman-Lead Business
0.releases.3183.parties.19.details.classifications.0,0.releases.3183,0.releases.3183.parties.19,0,WLB,WLB,Woman-Lead Business
0.releases.3183.parties.20.details.classifications.0,0.releases.3183,0.releases.3183.parties.20,0,WLB,WLB,Woman-Lead Business
0.releases.3183.parties.23.details.classifications.0,0.releases.3183,0.releases.3183.parties.23,0,WLB,WLB,Woman-Lead Business
0.releases.3184.parties.8.details.classifications.0,0.releases.3184,0.releases.3184.parties.8,0,WLB,WLB,Woman-Lead Business
0.releases.3184.parties.9.details.classifications.0,0.releases.3184,0.releases.3184.parties.9,0,WLB,WLB,Woman-Lead Business
0.releases.3185.parties.7.details.classifications.0,0.releases.3185,0.releases.3185.parties.7,0,WLB,WLB,Woman-Lead Business
0.releases.3185.parties.17.details.classifications.0,0.releases.3185,0.releases.3185.parties.17,0,WLB,WLB,Woman-Lead Business
0.releases.3185.parties.19.details.classifications.0,0.releases.3185,0.releases.3185.parties.19,0,WLB,WLB,Woman-Lead Business
0.releases.3185.parties.20.details.classifications.0,0.releases.3185,0.releases.3185.parties.20,0,WLB,WLB,Woman-Lead Business
0.releases.3185.parties.23.details.classifications.0,0.releases.3185,0.releases.3185.parties.23,0,WLB,WLB,Woman-Lead Business
0.releases.3186.parties.7.details.classifications.0,0.releases.3186,0.releases.3186.parties.7,0,WLB,WLB,Woman-Lead Business
0.releases.3186.parties.17.details.classifications.0,0.releases.3186,0.releases.3186.parties.17,0,WLB,WLB,Woman-Lead Business
0.releases.3186.parties.19.details.classifications.0,0.releases.3186,0.releases.3186.parties.19,0,WLB,WLB,Woman-Lead Business
0.releases.3186.parties.20.details.classifications.0,0.releases.3186,0.releases.3186.parties.20,0,WLB,WLB,Woman-Lead Business
0.releases.3186.parties.23.details.classifications.0,0.releases.3186,0.releases.3186.parties.23,0,WLB,WLB,Woman-Lead Business
0.releases.3188.parties.7.details.classifications.0,0.releases.3188,0.releases.3188.parties.7,0,WLB,WLB,Woman-Lead Business
0.releases.3188.parties.17.details.classifications.0,0.releases.3188,0.releases.3188.parties.17,0,WLB,WLB,Woman-Lead Business
0.releases.3188.parties.19.details.classifications.0,0.releases.3188,0.releases.3188.parties.19,0,WLB,WLB,Woman-Lead Business
0.releases.3188.parties.20.details.classifications.0,0.releases.3188,0.releases.3188.parties.20,0,WLB,WLB,Woman-Lead Business
0.releases.3188.parties.23.details.classifications.0,0.releases.3188,0.releases.3188.parties.23,0,WLB,WLB,Woman-Lead Business
0.releases.3189.parties.3.details.classifications.0,0.releases.3189,0.releases.3189.parties.3,0,WLB,WLB,Woman-Lead Business
0.releases.3189.parties.5.details.classifications.0,0.releases.3189,0.releases.3189.parties.5,0,WLB,WLB,Woman-Lead Business
0.releases.3189.parties.12.details.classifications.0,0.releases.3189,0.releases.3189.parties.12,0,WLB,WLB,Woman-Lead Business
0.releases.3189.parties.13.details.classifications.0,0.releases.3189,0.releases.3189.parties.13,0,WLB,WLB,Woman-Lead Business
0.releases.3198.parties.2.details.classifications.0,0.releases.3198,0.releases.3198.parties.2,0,WLB,WLB,Woman-Lead Business
0.releases.3198.parties.5.details.classifications.0,0.releases.3198,0.releases.3198.parties.5,0,WLB,WLB,Woman-Lead Business
0.releases.3199.parties.2.details.classifications.0,0.releases.3199,0.releases.3199.parties.2,0,WLB,WLB,Woman-Lead Business
0.releases.3199.parties.5.details.classifications.0,0.releases.3199,0.releases.3199.parties.5,0,WLB,WLB,Woman-Lead Business
0.releases.3200.parties.5.details.classifications.0,0.releases.3200,0.releases.3200.parties.5,0,WLB,WLB,Woman-Lead Business
0.releases.3200.parties.7.details.classifications.0,0.releases.3200,0.releases.3200.parties.7,0,WLB,WLB,Woman-Lead Business
0.releases.3202.parties.1.details.classifications.0,0.releases.3202,0.releases.3202.parties.1,0,WLB,WLB,Woman-Lead Business
0.releases.3225.parties.2.details.classifications.0,0.releases.3225,0.releases.3225.parties.2,0,WLB,WLB,Woman-Lead Business
0.releases.3225.parties.5.details.classifications.0,0.releases.3225,0.releases.3225.parties.5,0,WLB,WLB,Woman-Lead Business
0.releases.3226.parties.2.details.classifications.0,0.releases.3226,0.releases.3226.parties.2,0,WLB,WLB,Woman-Lead Business
0.releases.3226.parties.5.details.classifications.0,0.releases.3226,0.releases.3226.parties.5,0,WLB,WLB,Woman-Lead Business
0.releases.3232.parties.1.details.classifications.0,0.releases.3232,0.releases.3232.parties.1,0,WLB,WLB,Woman-Lead Business
0.releases.3232.parties.9.details.classifications.0,0.releases.3232,0.releases.3232.parties.9,0,WLB,WLB,Woman-Lead Business
0.releases.3233.parties.1.details.classifications.0,0.releases.3233,0.releases.3233.parties.1,0,WLB,WLB,Woman-Lead Business
0.releases.3233.parties.5.details.classifications.0,0.releases.3233,0.releases.3233.parties.5,0,WLB,WLB,Woman-Lead Business
0.releases.3233.parties.8.details.classifications.0,0.releases.3233,0.releases.3233.parties.8,0,WLB,WLB,Woman-Lead Business
0.releases.3233.parties.9.details.classifications.0,0.releases.3233,0.releases.3233.parties.9,0,WLB,WLB,Woman-Lead Business
0.releases.3240.parties.1.details.classifications.0,0.releases.3240,0.releases.3240.parties.1,0,WLB,WLB,Woman-Lead Business
0.releases.3241.parties.1.details.classifications.0,0.releases.3241,0.releases.3241.parties.1,0,WLB,WLB,Woman-Lead Business
0.releases.3243.parties.7.details.classifications.0,0.releases.3243,0.releases.3243.parties.7,0,WLB,WLB,Woman-Lead Business
0.releases.3243.parties.9.details.classifications.0,0.releases.3243,0.releases.3243.parties.9,0,WLB,WLB,Woman-Lead Business
0.releases.3244.parties.2.details.classifications.0,0.releases.3244,0.releases.3244.parties.2,0,WLB,WLB,Woman-Lead Business
0.releases.3244.parties.3.details.classifications.0,0.releases.3244,0.releases.3244.parties.3,0,WLB,WLB,Woman-Lead Business
0.releases.3245.parties.2.details.classifications.0,0.releases.3245,0.releases.3245.parties.2,0,WLB,WLB,Woman-Lead Business
0.releases.3245.parties.3.details.classifications.0,0.releases.3245,0.releases.3245.parties.3,0,WLB,WLB,Woman-Lead Business
0.releases.3245.parties.9.details.classifications.0,0.releases.3245,0.releases.3245.parties.9,0,WLB,WLB,Woman-Lead Business
0.releases.3245.parties.13.details.classifications.0,0.releases.3245,0.releases.3245.parties.13,0,WLB,WLB,Woman-Lead Business
0.releases.3245.parties.14.details.classifications.0,0.releases.3245,0.releases.3245.parties.14,0,WLB,WLB,Woman-Lead Business
0.releases.3245.parties.17.details.classifications.0,0.releases.3245,0.releases.3245.parties.17,0,WLB,WLB,Woman-Lead Business
0.releases.3246.parties.3.details.classifications.0,0.releases.3246,0.releases.3246.parties.3,0,WLB,WLB,Woman-Lead Business
0.releases.3246.parties.6.details.classifications.0,0.releases.3246,0.releases.3246.parties.6,0,WLB,WLB,Woman-Lead Business
0.releases.3249.parties.2.details.classifications.0,0.releases.3249,0.releases.3249.parties.2,0,WLB,WLB,Woman-Lead Business
0.releases.3249.parties.4.details.classifications.0,0.releases.3249,0.releases.3249.parties.4,0,WLB,WLB,Woman-Lead Business
0.releases.3253.parties.4.details.classifications.0,0.releases.3253,0.releases.3253.parties.4,0,WLB,WLB,Woman-Lead Business
0.releases.3253.parties.6.details.classifications.0,0.releases.3253,0.releases.3253.parties.6,0,WLB,WLB,Woman-Lead Business
0.releases.3258.parties.1.details.classifications.0,0.releases.3258,0.releases.3258.parties.1,0,WLB,WLB,Woman-Lead Business
0.releases.3259.parties.4.details.classifications.0,0.releases.3259,0.releases.3259.parties.4,0,WLB,WLB,Woman-Lead Business
0.releases.3260.parties.3.details.classifications.0,0.releases.3260,0.releases.3260.parties.3,0,WLB,WLB,Woman-Lead Business
0.releases.3267.parties.4.details.classifications.0,0.releases.3267,0.releases.3267.parties.4,0,WLB,WLB,Woman-Lead Business
0.releases.3267.parties.5.details.classifications.0,0.releases.3267,0.releases.3267.parties.5,0,WLB,WLB,Woman-Lead Business
0.releases.3270.parties.3.details.classifications.0,0.releases.3270,0.releases.3270.parties.3,0,WLB,WLB,Woman-Lead Business
0.releases.3270.parties.8.details.classifications.0,0.releases.3270,0.releases.3270.parties.8,0,WLB,WLB,Woman-Lead Business
0.releases.3270.parties.11.details.classifications.0,0.releases.3270,0.releases.3270.parties.11,0,WLB,WLB,Woman-Lead Business
0.releases.3272.parties.5.details.classifications.0,0.releases.3272,0.releases.3272.parties.5,0,WLB,WLB,Woman-Lead Business
0.releases.3275.parties.2.details.classifications.0,0.releases.3275,0.releases.3275.parties.2,0,WLB,WLB,Woman-Lead Business
0.releases.3275.parties.3.details.classifications.0,0.releases.3275,0.releases.3275.parties.3,0,WLB,WLB,Woman-Lead Business
0.releases.3275.parties.9.details.classifications.0,0.releases.3275,0.releases.3275.parties.9,0,WLB,WLB,Woman-Lead Business
0.releases.3275.parties.13.details.classifications.0,0.releases.3275,0.releases.3275.parties.13,0,WLB,WLB,Woman-Lead Business
0.releases.3275.parties.14.details.classifications.0,0.releases.3275,0.releases.3275.parties.14,0,WLB,WLB,Woman-Lead Business
0.releases.3275.parties.17.details.classifications.0,0.releases.3275,0.releases.3275.parties.17,0,WLB,WLB,Woman-Lead Business
0.releases.3285.parties.1.details.classifications.0,0.releases.3285,0.releases.3285.parties.1,0,WLB,WLB,Woman-Lead Business
0.releases.3286.parties.4.details.classifications.0,0.releases.3286,0.releases.3286.parties.4,0,WLB,WLB,Woman-Lead Business
0.releases.3288.parties.1.details.classifications.0,0.releases.3288,0.releases.3288.parties.1,0,WLB,WLB,Woman-Lead Business
0.releases.3293.parties.5.details.classifications.0,0.releases.3293,0.releases.3293.parties.5,0,WLB,WLB,Woman-Lead Business
0.releases.3293.parties.9.details.classifications.0,0.releases.3293,0.releases.3293.parties.9,0,WLB,WLB,Woman-Lead Business
0.releases.3294.parties.1.details.classifications.0,0.releases.3294,0.releases.3294.parties.1,0,WLB,WLB,Woman-Lead Business
0.releases.3294.parties.3.details.classifications.0,0.releases.3294,0.releases.3294.parties.3,0,WLB,WLB,Woman-Lead Business
0.releases.3294.parties.5.details.classifications.0,0.releases.3294,0.releases.3294.parties.5,0,WLB,WLB,Woman-Lead Business
0.releases.3298.parties.3.details.classifications.0,0.releases.3298,0.releases.3298.parties.3,0,WLB,WLB,Woman-Lead Business
0.releases.3298.parties.6.details.classifications.0,0.releases.3298,0.releases.3298.parties.6,0,WLB,WLB,Woman-Lead Business
0.releases.3302.parties.2.details.classifications.0,0.releases.3302,0.releases.3302.parties.2,0,WLB,WLB,Woman-Lead Business
0.releases.3305.parties.2.details.classifications.0,0.releases.3305,0.releases.3305.parties.2,0,WLB,WLB,Woman-Lead Business
0.releases.3306.parties.2.details.classifications.0,0.releases.3306,0.releases.3306.parties.2,0,WLB,WLB,Woman-Lead Business
0.releases.3307.parties.2.details.classifications.0,0.releases.3307,0.releases.3307.parties.2,0,WLB,WLB,Woman-Lead Business
0.releases.3307.parties.3.details.classifications.0,0.releases.3307,0.releases.3307.parties.3,0,WLB,WLB,Woman-Lead Business
0.releases.3307.parties.5.details.classifications.0,0.releases.3307,0.releases.3307.parties.5,0,WLB,WLB,Woman-Lead Business
0.releases.3312.parties.2.details.classifications.0,0.releases.3312,0.releases.3312.parties.2,0,WLB,WLB,Woman-Lead Business
0.releases.3313.parties.1.details.classifications.0,0.releases.3313,0.releases.3313.parties.1,0,WLB,WLB,Woman-Lead Business
0.releases.3313.parties.2.details.classifications.0,0.releases.3313,0.releases.3313.parties.2,0,WLB,WLB,Woman-Lead Business
0.releases.3315.parties.3.details.classifications.0,0.releases.3315,0.releases.3315.parties.3,0,WLB,WLB,Woman-Lead Business
0.releases.3315.parties.7.details.classifications.0,0.releases.3315,0.releases.3315.parties.7,0,WLB,WLB,Woman-Lead Business
0.releases.3315.parties.9.details.classifications.0,0.releases.3315,0.releases.3315.parties.9,0,WLB,WLB,Woman-Lead Business
0.releases.3319.parties.1.details.classifications.0,0.releases.3319,0.releases.3319.parties.1,0,WLB,WLB,Woman-Lead Business
0.releases.3321.parties.2.details.classifications.0,0.releases.3321,0.releases.3321.parties.2,0,WLB,WLB,Woman-Lead Business
0.releases.3321.parties.7.details.classifications.0,0.releases.3321,0.releases.3321.parties.7,0,WLB,WLB,Woman-Lead Business
0.releases.3321.parties.8.details.classifications.0,0.releases.3321,0.releases.3321.parties.8,0,WLB,WLB,Woman-Lead Business
0.releases.3321.parties.9.details.classifications.0,0.releases.3321,0.releases.3321.parties.9,0,WLB,WLB,Woman-Lead Business
0.releases.3322.parties.5.details.classifications.0,0.releases.3322,0.releases.3322.parties.5,0,WLB,WLB,Woman-Lead Business
0.releases.3322.parties.6.details.classifications.0,0.releases.3322,0.releases.3322.parties.6,0,WLB,WLB,Woman-Lead Business
0.releases.3322.parties.7.details.classifications.0,0.releases.3322,0.releases.3322.parties.7,0,WLB,WLB,Woman-Lead Business
0.releases.3322.parties.9.details.classifications.0,0.releases.3322,0.releases.3322.parties.9,0,WLB,WLB,Woman-Lead Business
0.releases.3323.parties.2.details.classifications.0,0.releases.3323,0.releases.3323.parties.2,0,WLB,WLB,Woman-Lead Business
0.releases.3323.parties.3.details.classifications.0,0.releases.3323,0.releases.3323.parties.3,0,WLB,WLB,Woman-Lead Business
0.releases.3323.parties.4.details.classifications.0,0.releases.3323,0.releases.3323.parties.4,0,WLB,WLB,Woman-Lead Business
0.releases.3329.parties.2.details.classifications.0,0.releases.3329,0.releases.3329.parties.2,0,WLB,WLB,Woman-Lead Business
0.releases.3329.parties.6.details.classifications.0,0.releases.3329,0.releases.3329.parties.6,0,WLB,WLB,Woman-Lead Business
0.releases.3329.parties.7.details.classifications.0,0.releases.3329,0.releases.3329.parties.7,0,WLB,WLB,Woman-Lead Business
0.releases.3329.parties.10.details.classifications.0,0.releases.3329,0.releases.3329.parties.10,0,WLB,WLB,Woman-Lead Business
0.releases.3329.parties.11.details.classifications.0,0.releases.3329,0.releases.3329.parties.11,0,WLB,WLB,Woman-Lead Business
0.releases.3329.parties.12.details.classifications.0,0.releases.3329,0.releases.3329.parties.12,0,WLB,WLB,Woman-Lead Business
0.releases.3332.parties.2.details.classifications.0,0.releases.3332,0.releases.3332.parties.2,0,WLB,WLB,Woman-Lead Business
0.releases.3332.parties.4.details.classifications.0,0.releases.3332,0.releases.3332.parties.4,0,WLB,WLB,Woman-Lead Business
0.releases.3333.parties.5.details.classifications.0,0.releases.3333,0.releases.3333.parties.5,0,WLB,WLB,Woman-Lead Business
0.releases.3333.parties.6.details.classifications.0,0.releases.3333,0.releases.3333.parties.6,0,WLB,WLB,Woman-Lead Business
0.releases.3333.parties.7.details.classifications.0,0.releases.3333,0.releases.3333.parties.7,0,WLB,WLB,Woman-Lead Business
0.releases.3333.parties.9.details.classifications.0,0.releases.3333,0.releases.3333.parties.9,0,WLB,WLB,Woman-Lead Business
0.releases.3336.parties.5.details.classifications.0,0.releases.3336,0.releases.3336.parties.5,0,WLB,WLB,Woman-Lead Business
0.releases.3336.parties.6.details.classifications.0,0.releases.3336,0.releases.3336.parties.6,0,WLB,WLB,Woman-Lead Business
0.releases.3336.parties.7.details.classifications.0,0.releases.3336,0.releases.3336.parties.7,0,WLB,WLB,Woman-Lead Business
0.releases.3336.parties.9.details.classifications.0,0.releases.3336,0.releases.3336.parties.9,0,WLB,WLB,Woman-Lead Business
0.releases.3337.parties.2.details.classifications.0,0.releases.3337,0.releases.3337.parties.2,0,WLB,WLB,Woman-Lead Business
0.releases.3344.parties.5.details.classifications.0,0.releases.3344,0.releases.3344.parties.5,0,WLB,WLB,Woman-Lead Business
0.releases.3344.parties.7.details.classifications.0,0.releases.3344,0.releases.3344.parties.7,0,WLB,WLB,Woman-Lead Business
0.releases.3353.parties.2.details.classifications.0,0.releases.3353,0.releases.3353.parties.2,0,WLB,WLB,Woman-Lead Business
0.releases.3355.parties.5.details.classifications.0,0.releases.3355,0.releases.3355.parties.5,0,WLB,WLB,Woman-Lead Business
0.releases.3356.parties.5.details.classifications.0,0.releases.3356,0.releases.3356.parties.5,0,WLB,WLB,Woman-Lead Business
0.releases.3357.parties.4.details.classifications.0,0.releases.3357,0.releases.3357.parties.4,0,WLB,WLB,Woman-Lead Business
0.releases.3357.parties.5.details.classifications.0,0.releases.3357,0.releases.3357.parties.5,0,WLB,WLB,Woman-Lead Business
0.releases.3357.parties.9.details.classifications.0,0.releases.3357,0.releases.3357.parties.9,0,WLB,WLB,Woman-Lead Business
0.releases.3360.parties.2.details.classifications.0,0.releases.3360,0.releases.3360.parties.2,0,WLB,WLB,Woman-Lead Business
0.releases.3360.parties.7.details.classifications.0,0.releases.3360,0.releases.3360.parties.7,0,WLB,WLB,Woman-Lead Business
0.releases.3360.parties.8.details.classifications.0,0.releases.3360,0.releases.3360.parties.8,0,WLB,WLB,Woman-Lead Business
0.releases.3360.parties.9.details.classifications.0,0.releases.3360,0.releases.3360.parties.9,0,WLB,WLB,Woman-Lead Business
0.releases.3362.parties.2.details.classifications.0,0.releases.3362,0.releases.3362.parties.2,0,WLB,WLB,Woman-Lead Business
0.releases.3362.parties.4.details.classifications.0,0.releases.3362,0.releases.3362.parties.4,0,WLB,WLB,Woman-Lead Business
0.releases.3363.parties.2.details.classifications.0,0.releases.3363,0.releases.3363.parties.2,0,WLB,WLB,Woman-Lead Business
0.releases.3363.parties.4.details.classifications.0,0.releases.3363,0.releases.3363.parties.4,0,WLB,WLB,Woman-Lead Business
0.releases.3369.parties.4.details.classifications.0,0.releases.3369,0.releases.3369.parties.4,0,WLB,WLB,Woman-Lead Business
0.releases.3369.parties.6.details.classifications.0,0.releases.3369,0.releases.3369.parties.6,0,WLB,WLB,Woman-Lead Business
0.releases.3369.parties.9.details.classifications.0,0.releases.3369,0.releases.3369.parties.9,0,WLB,WLB,Woman-Lead Business
0.releases.3369.parties.11.details.classifications.0,0.releases.3369,0.releases.3369.parties.11,0,WLB,WLB,Woman-Lead Business
0.releases.3369.parties.14.details.classifications.0,0.releases.3369,0.releases.3369.parties.14,0,WLB,WLB,Woman-Lead Business
0.releases.3369.parties.18.details.classifications.0,0.releases.3369,0.releases.3369.parties.18,0,WLB,WLB,Woman-Lead Business
0.releases.3369.parties.19.details.classifications.0,0.releases.3369,0.releases.3369.parties.19,0,WLB,WLB,Woman-Lead Business
0.releases.3369.parties.20.details.classifications.0,0.releases.3369,0.releases.3369.parties.20,0,WLB,WLB,Woman-Lead Business
0.releases.3370.parties.4.details.classifications.0,0.releases.3370,0.releases.3370.parties.4,0,WLB,WLB,Woman-Lead Business
0.releases.3370.parties.6.details.classifications.0,0.releases.3370,0.releases.3370.parties.6,0,WLB,WLB,Woman-Lead Business
0.releases.3370.parties.9.details.classifications.0,0.releases.3370,0.releases.3370.parties.9,0,WLB,WLB,Woman-Lead Business
0.releases.3370.parties.11.details.classifications.0,0.releases.3370,0.releases.3370.parties.11,0,WLB,WLB,Woman-Lead Business
0.releases.3370.parties.14.details.classifications.0,0.releases.3370,0.releases.3370.parties.14,0,WLB,WLB,Woman-Lead Business
0.releases.3370.parties.18.details.classifications.0,0.releases.3370,0.releases.3370.parties.18,0,WLB,WLB,Woman-Lead Business
0.releases.3370.parties.19.details.classifications.0,0.releases.3370,0.releases.3370.parties.19,0,WLB,WLB,Woman-Lead Business
0.releases.3370.parties.20.details.classifications.0,0.releases.3370,0.releases.3370.parties.20,0,WLB,WLB,Woman-Lead Business
0.releases.3372.parties.2.details.classifications.0,0.releases.3372,0.releases.3372.parties.2,0,WLB,WLB,Woman-Lead Business
0.releases.3372.parties.5.details.classifications.0,0.releases.3372,0.releases.3372.parties.5,0,WLB,WLB,Woman-Lead Business
0.releases.3375.parties.4.details.classifications.0,0.releases.3375,0.releases.3375.parties.4,0,WLB,WLB,Woman-Lead Business
0.releases.3377.parties.1.details.classifications.0,0.releases.3377,0.releases.3377.parties.1,0,WLB,WLB,Woman-Lead Business
0.releases.3377.parties.3.details.classifications.0,0.releases.3377,0.releases.3377.parties.3,0,WLB,WLB,Woman-Lead Business
0.releases.3378.parties.2.details.classifications.0,0.releases.3378,0.releases.3378.parties.2,0,WLB,WLB,Woman-Lead Business
0.releases.3378.parties.3.details.classifications.0,0.releases.3378,0.releases.3378.parties.3,0,WLB,WLB,Woman-Lead Business
0.releases.3384.parties.4.details.classifications.0,0.releases.3384,0.releases.3384.parties.4,0,WLB,WLB,Woman-Lead Business
0.releases.3384.parties.5.details.classifications.0,0.releases.3384,0.releases.3384.parties.5,0,WLB,WLB,Woman-Lead Business
0.releases.3387.parties.7.details.classifications.0,0.releases.3387,0.releases.3387.parties.7,0,WLB,WLB,Woman-Lead Business
0.releases.3394.parties.7.details.classifications.0,0.releases.3394,0.releases.3394.parties.7,0,WLB,WLB,Woman-Lead Business
0.releases.3395.parties.6.details.classifications.0,0.releases.3395,0.releases.3395.parties.6,0,WLB,WLB,Woman-Lead Business
0.releases.3395.parties.7.details.classifications.0,0.releases.3395,0.releases.3395.parties.7,0,WLB,WLB,Woman-Lead Business
0.releases.3398.parties.1.details.classifications.0,0.releases.3398,0.releases.3398.parties.1,0,WLB,WLB,Woman-Lead Business
0.releases.3399.parties.2.details.classifications.0,0.releases.3399,0.releases.3399.parties.2,0,WLB,WLB,Woman-Lead Business
0.releases.3399.parties.5.details.classifications.0,0.releases.3399,0.releases.3399.parties.5,0,WLB,WLB,Woman-Lead Business
0.releases.3399.parties.14.details.classifications.0,0.releases.3399,0.releases.3399.parties.14,0,WLB,WLB,Woman-Lead Business
0.releases.3399.parties.15.details.classifications.0,0.releases.3399,0.releases.3399.parties.15,0,WLB,WLB,Woman-Lead Business
0.releases.3399.parties.16.details.classifications.0,0.releases.3399,0.releases.3399.parties.16,0,WLB,WLB,Woman-Lead Business
0.releases.3404.parties.2.details.classifications.0,0.releases.3404,0.releases.3404.parties.2,0,WLB,WLB,Woman-Lead Business
0.releases.3404.parties.3.details.classifications.0,0.releases.3404,0.releases.3404.parties.3,0,WLB,WLB,Woman-Lead Business
0.releases.3408.parties.4.details.classifications.0,0.releases.3408,0.releases.3408.parties.4,0,WLB,WLB,Woman-Lead Business
0.releases.3414.parties.2.details.classifications.0,0.releases.3414,0.releases.3414.parties.2,0,WLB,WLB,Woman-Lead Business
0.releases.3415.parties.3.details.classifications.0,0.releases.3415,0.releases.3415.parties.3,0,WLB,WLB,Woman-Lead Business
0.releases.3415.parties.4.details.classifications.0,0.releases.3415,0.releases.3415.parties.4,0,WLB,WLB,Woman-Lead Business
0.releases.3415.parties.6.details.classifications.0,0.releases.3415,0.releases.3415.parties.6,0,WLB,WLB,Woman-Lead Business
0.releases.3422.parties.1.details.classifications.0,0.releases.3422,0.releases.3422.parties.1,0,WLB,WLB,Woman-Lead Business
0.releases.3424.parties.4.details.classifications.0,0.releases.3424,0.releases.3424.parties.4,0,WLB,WLB,Woman-Lead Business
0.releases.3424.parties.9.details.classifications.0,0.releases.3424,0.releases.3424.parties.9,0,WLB,WLB,Woman-Lead Business
0.releases.3425.parties.4.details.classifications.0,0.releases.3425,0.releases.3425.parties.4,0,WLB,WLB,Woman-Lead Business
0.releases.3426.parties.1.details.classifications.0,0.releases.3426,0.releases.3426.parties.1,0,WLB,WLB,Woman-Lead Business
0.releases.3426.parties.3.details.classifications.0,0.releases.3426,0.releases.3426.parties.3,0,WLB,WLB,Woman-Lead Business
0.releases.3427.parties.2.details.classifications.0,0.releases.3427,0.releases.3427.parties.2,0,WLB,WLB,Woman-Lead Business
0.releases.3427.parties.5.details.classifications.0,0.releases.3427,0.releases.3427.parties.5,0,WLB,WLB,Woman-Lead Business
0.releases.3428.parties.4.details.classifications.0,0.releases.3428,0.releases.3428.parties.4,0,WLB,WLB,Woman-Lead Business
0.releases.3428.parties.5.details.classifications.0,0.releases.3428,0.releases.3428.parties.5,0,WLB,WLB,Woman-Lead Business
0.releases.3428.parties.9.details.classifications.0,0.releases.3428,0.releases.3428.parties.9,0,WLB,WLB,Woman-Lead Business
0.releases.3430.parties.1.details.classifications.0,0.releases.3430,0.releases.3430.parties.1,0,WLB,WLB,Woman-Lead Business
0.releases.3441.parties.2.details.classifications.0,0.releases.3441,0.releases.3441.parties.2,0,WLB,WLB,Woman-Lead Business
0.releases.3441.parties.3.details.classifications.0,0.releases.3441,0.releases.3441.parties.3,0,WLB,WLB,Woman-Lead Business
0.releases.3441.parties.4.details.classifications.0,0.releases.3441,0.releases.3441.parties.4,0,WLB,WLB,Woman-Lead Business
0.releases.3460.parties.5.details.classifications.0,0.releases.3460,0.releases.3460.parties.5,0,WLB,WLB,Woman-Lead Business
0.releases.3461.parties.5.details.classifications.0,0.releases.3461,0.releases.3461.parties.5,0,WLB,WLB,Woman-Lead Business
0.releases.3466.parties.2.details.classifications.0,0.releases.3466,0.releases.3466.parties.2,0,WLB,WLB,Woman-Lead Business
0.releases.3467.parties.4.details.classifications.0,0.releases.3467,0.releases.3467.parties.4,0,WLB,WLB,Woman-Lead Business
0.releases.3468.parties.6.details.classifications.0,0.releases.3468,0.releases.3468.parties.6,0,WLB,WLB,Woman-Lead Business
0.releases.3468.parties.8.details.classifications.0,0.releases.3468,0.releases.3468.parties.8,0,WLB,WLB,Woman-Lead Business
0.releases.3469.parties.4.details.classifications.0,0.releases.3469,0.releases.3469.parties.4,0,WLB,WLB,Woman-Lead Business
0.releases.3469.parties.6.details.classifications.0,0.releases.3469,0.releases.3469.parties.6,0,WLB,WLB,Woman-Lead Business
0.releases.3469.parties.9.details.classifications.0,0.releases.3469,0.releases.3469.parties.9,0,WLB,WLB,Woman-Lead Business
0.releases.3469.parties.11.details.classifications.0,0.releases.3469,0.releases.3469.parties.11,0,WLB,WLB,Woman-Lead Business
0.releases.3469.parties.14.details.classifications.0,0.releases.3469,0.releases.3469.parties.14,0,WLB,WLB,Woman-Lead Business
0.releases.3469.parties.18.details.classifications.0,0.releases.3469,0.releases.3469.parties.18,0,WLB,WLB,Woman-Lead Business
0.releases.3469.parties.19.details.classifications.0,0.releases.3469,0.releases.3469.parties.19,0,WLB,WLB,Woman-Lead Business
0.releases.3469.parties.20.details.classifications.0,0.releases.3469,0.releases.3469.parties.20,0,WLB,WLB,Woman-Lead Business
0.releases.3470.parties.4.details.classifications.0,0.releases.3470,0.releases.3470.parties.4,0,WLB,WLB,Woman-Lead Business
0.releases.3470.parties.6.details.classifications.0,0.releases.3470,0.releases.3470.parties.6,0,WLB,WLB,Woman-Lead Business
0.releases.3470.parties.9.details.classifications.0,0.releases.3470,0.releases.3470.parties.9,0,WLB,WLB,Woman-Lead Business
0.releases.3470.parties.11.details.classifications.0,0.releases.3470,0.releases.3470.parties.11,0,WLB,WLB,Woman-Lead Business
0.releases.3470.parties.14.details.classifications.0,0.releases.3470,0.releases.3470.parties.14,0,WLB,WLB,Woman-Lead Business
0.releases.3470.parties.18.details.classifications.0,0.releases.3470,0.releases.3470.parties.18,0,WLB,WLB,Woman-Lead Business
0.releases.3470.parties.19.details.classifications.0,0.releases.3470,0.releases.3470.parties.19,0,WLB,WLB,Woman-Lead Business
0.releases.3470.parties.20.details.classifications.0,0.releases.3470,0.releases.3470.parties.20,0,WLB,WLB,Woman-Lead Business
0.releases.3471.parties.4.details.classifications.0,0.releases.3471,0.releases.3471.parties.4,0,WLB,WLB,Woman-Lead Business
0.releases.3471.parties.6.details.classifications.0,0.releases.3471,0.releases.3471.parties.6,0,WLB,WLB,Woman-Lead Business
0.releases.3471.parties.9.details.classifications.0,0.releases.3471,0.releases.3471.parties.9,0,WLB,WLB,Woman-Lead Business
0.releases.3471.parties.11.details.classifications.0,0.releases.3471,0.releases.3471.parties.11,0,WLB,WLB,Woman-Lead Business
0.releases.3471.parties.14.details.classifications.0,0.releases.3471,0.releases.3471.parties.14,0,WLB,WLB,Woman-Lead Business
0.releases.3471.parties.18.details.classifications.0,0.releases.3471,0.releases.3471.parties.18,0,WLB,WLB,Woman-Lead Business
0.releases.3471.parties.19.details.classifications.0,0.releases.3471,0.releases.3471.parties.19,0,WLB,WLB,Woman-Lead Business
0.releases.3471.parties.20.details.classifications.0,0.releases.3471,0.releases.3471.parties.20,0,WLB,WLB,Woman-Lead Business
0.releases.3472.parties.2.details.classifications.0,0.releases.3472,0.releases.3472.parties.2,0,WLB,WLB,Woman-Lead Business
0.releases.3474.parties.5.details.classifications.0,0.releases.3474,0.releases.3474.parties.5,0,WLB,WLB,Woman-Lead Business
0.releases.3474.parties.9.details.classifications.0,0.releases.3474,0.releases.3474.parties.9,0,WLB,WLB,Woman-Lead Business
0.releases.3475.parties.6.details.classifications.0,0.releases.3475,0.releases.3475.parties.6,0,WLB,WLB,Woman-Lead Business
0.releases.3475.parties.7.details.classifications.0,0.releases.3475,0.releases.3475.parties.7,0,WLB,WLB,Woman-Lead Business
0.releases.3476.parties.1.details.classifications.0,0.releases.3476,0.releases.3476.parties.1,0,WLB,WLB,Woman-Lead Business
0.releases.3477.parties.2.details.classifications.0,0.releases.3477,0.releases.3477.parties.2,0,WLB,WLB,Woman-Lead Business
0.releases.3479.parties.5.details.classifications.0,0.releases.3479,0.releases.3479.parties.5,0,WLB,WLB,Woman-Lead Business
0.releases.3479.parties.7.details.classifications.0,0.releases.3479,0.releases.3479.parties.7,0,WLB,WLB,Woman-Lead Business
0.releases.3479.parties.9.details.classifications.0,0.releases.3479,0.releases.3479.parties.9,0,WLB,WLB,Woman-Lead Business
0.releases.3479.parties.10.details.classifications.0,0.releases.3479,0.releases.3479.parties.10,0,WLB,WLB,Woman-Lead Business
0.releases.3479.parties.12.details.classifications.0,0.releases.3479,0.releases.3479.parties.12,0,WLB,WLB,Woman-Lead Business
0.releases.3479.parties.14.details.classifications.0,0.releases.3479,0.releases.3479.parties.14,0,WLB,WLB,Woman-Lead Business
0.releases.3480.parties.5.details.classifications.0,0.releases.3480,0.releases.3480.parties.5,0,WLB,WLB,Woman-Lead Business
0.releases.3480.parties.7.details.classifications.0,0.releases.3480,0.releases.3480.parties.7,0,WLB,WLB,Woman-Lead Business
0.releases.3480.parties.9.details.classifications.0,0.releases.3480,0.releases.3480.parties.9,0,WLB,WLB,Woman-Lead Business
0.releases.3480.parties.10.details.classifications.0,0.releases.3480,0.releases.3480.parties.10,0,WLB,WLB,Woman-Lead Business
0.releases.3480.parties.12.details.classifications.0,0.releases.3480,0.releases.3480.parties.12,0,WLB,WLB,Woman-Lead Business
0.releases.3480.parties.14.details.classifications.0,0.releases.3480,0.releases.3480.parties.14,0,WLB,WLB,Woman-Lead Business
0.releases.3481.parties.5.details.classifications.0,0.releases.3481,0.releases.3481.parties.5,0,WLB,WLB,Woman-Lead Business
0.releases.3481.parties.7.details.classifications.0,0.releases.3481,0.releases.3481.parties.7,0,WLB,WLB,Woman-Lead Business
0.releases.3481.parties.9.details.classifications.0,0.releases.3481,0.releases.3481.parties.9,0,WLB,WLB,Woman-Lead Business
0.releases.3481.parties.10.details.classifications.0,0.releases.3481,0.releases.3481.parties.10,0,WLB,WLB,Woman-Lead Business
0.releases.3481.parties.12.details.classifications.0,0.releases.3481,0.releases.3481.parties.12,0,WLB,WLB,Woman-Lead Business
0.releases.3481.parties.14.details.classifications.0,0.releases.3481,0.releases.3481.parties.14,0,WLB,WLB,Woman-Lead Business
0.releases.3491.parties.5.details.classifications.0,0.releases.3491,0.releases.3491.parties.5,0,WLB,WLB,Woman-Lead Business
0.releases.3495.parties.1.details.classifications.0,0.releases.3495,0.releases.3495.parties.1,0,WLB,WLB,Woman-Lead Business
0.releases.3496.parties.5.details.classifications.0,0.releases.3496,0.releases.3496.parties.5,0,WLB,WLB,Woman-Lead Business
0.releases.3496.parties.6.details.classifications.0,0.releases.3496,0.releases.3496.parties.6,0,WLB,WLB,Woman-Lead Business
0.releases.3496.parties.7.details.classifications.0,0.releases.3496,0.releases.3496.parties.7,0,WLB,WLB,Woman-Lead Business
0.releases.3497.parties.4.details.classifications.0,0.releases.3497,0.releases.3497.parties.4,0,WLB,WLB,Woman-Lead Business
0.releases.3497.parties.5.details.classifications.0,0.releases.3497,0.releases.3497.parties.5,0,WLB,WLB,Woman-Lead Business
0.releases.3497.parties.7.details.classifications.0,0.releases.3497,0.releases.3497.parties.7,0,WLB,WLB,Woman-Lead Business
0.releases.3498.parties.4.details.classifications.0,0.releases.3498,0.releases.3498.parties.4,0,WLB,WLB,Woman-Lead Business
0.releases.3499.parties.4.details.classifications.0,0.releases.3499,0.releases.3499.parties.4,0,WLB,WLB,Woman-Lead Business
0.releases.3500.parties.1.details.classifications.0,0.releases.3500,0.releases.3500.parties.1,0,WLB,WLB,Woman-Lead Business
0.releases.3501.parties.2.details.classifications.0,0.releases.3501,0.releases.3501.parties.2,0,WLB,WLB,Woman-Lead Business
0.releases.3504.parties.4.details.classifications.0,0.releases.3504,0.releases.3504.parties.4,0,WLB,WLB,Woman-Lead Business
0.releases.3504.parties.6.details.classifications.0,0.releases.3504,0.releases.3504.parties.6,0,WLB,WLB,Woman-Lead Business
0.releases.3504.parties.12.details.classifications.0,0.releases.3504,0.releases.3504.parties.12,0,WLB,WLB,Woman-Lead Business
0.releases.3504.parties.13.details.classifications.0,0.releases.3504,0.releases.3504.parties.13,0,WLB,WLB,Woman-Lead Business
0.releases.3504.parties.14.details.classifications.0,0.releases.3504,0.releases.3504.parties.14,0,WLB,WLB,Woman-Lead Business
0.releases.3504.parties.16.details.classifications.0,0.releases.3504,0.releases.3504.parties.16,0,WLB,WLB,Woman-Lead Business
0.releases.3504.parties.17.details.classifications.0,0.releases.3504,0.releases.3504.parties.17,0,WLB,WLB,Woman-Lead Business
0.releases.3505.parties.2.details.classifications.0,0.releases.3505,0.releases.3505.parties.2,0,WLB,WLB,Woman-Lead Business
0.releases.3505.parties.5.details.classifications.0,0.releases.3505,0.releases.3505.parties.5,0,WLB,WLB,Woman-Lead Business
0.releases.3508.parties.1.details.classifications.0,0.releases.3508,0.releases.3508.parties.1,0,WLB,WLB,Woman-Lead Business
0.releases.3509.parties.1.details.classifications.0,0.releases.3509,0.releases.3509.parties.1,0,WLB,WLB,Woman-Lead Business
0.releases.3509.parties.4.details.classifications.0,0.releases.3509,0.releases.3509.parties.4,0,WLB,WLB,Woman-Lead Business
0.releases.3510.parties.1.details.classifications.0,0.releases.3510,0.releases.3510.parties.1,0,WLB,WLB,Woman-Lead Business
0.releases.3510.parties.3.details.classifications.0,0.releases.3510,0.releases.3510.parties.3,0,WLB,WLB,Woman-Lead Business
0.releases.3511.parties.4.details.classifications.0,0.releases.3511,0.releases.3511.parties.4,0,WLB,WLB,Woman-Lead Business
0.releases.3511.parties.5.details.classifications.0,0.releases.3511,0.releases.3511.parties.5,0,WLB,WLB,Woman-Lead Business
0.releases.3511.parties.9.details.classifications.0,0.releases.3511,0.releases.3511.parties.9,0,WLB,WLB,Woman-Lead Business
0.releases.3512.parties.1.details.classifications.0,0.releases.3512,0.releases.3512.parties.1,0,WLB,WLB,Woman-Lead Business
0.releases.3512.parties.9.details.classifications.0,0.releases.3512,0.releases.3512.parties.9,0,WLB,WLB,Woman-Lead Business
0.releases.3512.parties.10.details.classifications.0,0.releases.3512,0.releases.3512.parties.10,0,WLB,WLB,Woman-Lead Business
0.releases.3512.parties.11.details.classifications.0,0.releases.3512,0.releases.3512.parties.11,0,WLB,WLB,Woman-Lead Business
0.releases.3520.parties.6.details.classifications.0,0.releases.3520,0.releases.3520.parties.6,0,WLB,WLB,Woman-Lead Business
0.releases.3520.parties.7.details.classifications.0,0.releases.3520,0.releases.3520.parties.7,0,WLB,WLB,Woman-Lead Business
0.releases.3520.parties.8.details.classifications.0,0.releases.3520,0.releases.3520.parties.8,0,WLB,WLB,Woman-Lead Business
0.releases.3520.parties.11.details.classifications.0,0.releases.3520,0.releases.3520.parties.11,0,WLB,WLB,Woman-Lead Business
0.releases.3520.parties.12.details.classifications.0,0.releases.3520,0.releases.3520.parties.12,0,WLB,WLB,Woman-Lead Business
0.releases.3520.parties.18.details.classifications.0,0.releases.3520,0.releases.3520.parties.18,0,WLB,WLB,Woman-Lead Business
0.releases.3521.parties.6.details.classifications.0,0.releases.3521,0.releases.3521.parties.6,0,WLB,WLB,Woman-Lead Business
0.releases.3521.parties.7.details.classifications.0,0.releases.3521,0.releases.3521.parties.7,0,WLB,WLB,Woman-Lead Business
0.releases.3521.parties.8.details.classifications.0,0.releases.3521,0.releases.3521.parties.8,0,WLB,WLB,Woman-Lead Business
0.releases.3521.parties.11.details.classifications.0,0.releases.3521,0.releases.3521.parties.11,0,WLB,WLB,Woman-Lead Business
0.releases.3521.parties.12.details.classifications.0,0.releases.3521,0.releases.3521.parties.12,0,WLB,WLB,Woman-Lead Business
0.releases.3521.parties.18.details.classifications.0,0.releases.3521,0.releases.3521.parties.18,0,WLB,WLB,Woman-Lead Business
0.releases.3522.parties.1.details.classifications.0,0.releases.3522,0.releases.3522.parties.1,0,WLB,WLB,Woman-Lead Business
0.releases.3522.parties.5.details.classifications.0,0.releases.3522,0.releases.3522.parties.5,0,WLB,WLB,Woman-Lead Business
0.releases.3522.parties.9.details.classifications.0,0.releases.3522,0.releases.3522.parties.9,0,WLB,WLB,Woman-Lead Business
0.releases.3525.parties.1.details.classifications.0,0.releases.3525,0.releases.3525.parties.1,0,WLB,WLB,Woman-Lead Business
0.releases.3525.parties.3.details.classifications.0,0.releases.3525,0.releases.3525.parties.3,0,WLB,WLB,Woman-Lead Business
0.releases.3526.parties.2.details.classifications.0,0.releases.3526,0.releases.3526.parties.2,0,WLB,WLB,Woman-Lead Business
0.releases.3526.parties.4.details.classifications.0,0.releases.3526,0.releases.3526.parties.4,0,WLB,WLB,Woman-Lead Business
0.releases.3527.parties.2.details.classifications.0,0.releases.3527,0.releases.3527.parties.2,0,WLB,WLB,Woman-Lead Business
0.releases.3530.parties.6.details.classifications.0,0.releases.3530,0.releases.3530.parties.6,0,WLB,WLB,Woman-Lead Business
0.releases.3530.parties.7.details.classifications.0,0.releases.3530,0.releases.3530.parties.7,0,WLB,WLB,Woman-Lead Business
0.releases.3530.parties.8.details.classifications.0,0.releases.3530,0.releases.3530.parties.8,0,WLB,WLB,Woman-Lead Business
0.releases.3530.parties.11.details.classifications.0,0.releases.3530,0.releases.3530.parties.11,0,WLB,WLB,Woman-Lead Business
0.releases.3530.parties.12.details.classifications.0,0.releases.3530,0.releases.3530.parties.12,0,WLB,WLB,Woman-Lead Business
0.releases.3530.parties.18.details.classifications.0,0.releases.3530,0.releases.3530.parties.18,0,WLB,WLB,Woman-Lead Business
0.releases.3531.parties.2.details.classifications.0,0.releases.3531,0.releases.3531.parties.2,0,WLB,WLB,Woman-Lead Business
0.releases.3531.parties.3.details.classifications.0,0.releases.3531,0.releases.3531.parties.3,0,WLB,WLB,Woman-Lead Business
0.releases.3532.parties.6.details.classifications.0,0.releases.3532,0.releases.3532.parties.6,0,WLB,WLB,Woman-Lead Business
0.releases.3532.parties.7.details.classifications.0,0.releases.3532,0.releases.3532.parties.7,0,WLB,WLB,Woman-Lead Business
0.releases.3532.parties.8.details.classifications.0,0.releases.3532,0.releases.3532.parties.8,0,WLB,WLB,Woman-Lead Business
0.releases.3532.parties.11.details.classifications.0,0.releases.3532,0.releases.3532.parties.11,0,WLB,WLB,Woman-Lead Business
0.releases.3532.parties.12.details.classifications.0,0.releases.3532,0.releases.3532.parties.12,0,WLB,WLB,Woman-Lead Business
0.releases.3532.parties.18.details.classifications.0,0.releases.3532,0.releases.3532.parties.18,0,WLB,WLB,Woman-Lead Business
0.releases.3533.parties.6.details.classifications.0,0.releases.3533,0.releases.3533.parties.6,0,WLB,WLB,Woman-Lead Business
0.releases.3533.parties.7.details.classifications.0,0.releases.3533,0.releases.3533.parties.7,0,WLB,WLB,Woman-Lead Business
0.releases.3533.parties.8.details.classifications.0,0.releases.3533,0.releases.3533.parties.8,0,WLB,WLB,Woman-Lead Business
0.releases.3533.parties.11.details.classifications.0,0.releases.3533,0.releases.3533.parties.11,0,WLB,WLB,Woman-Lead Business
0.releases.3533.parties.12.details.classifications.0,0.releases.3533,0.releases.3533.parties.12,0,WLB,WLB,Woman-Lead Business
0.releases.3533.parties.18.details.classifications.0,0.releases.3533,0.releases.3533.parties.18,0,WLB,WLB,Woman-Lead Business
0.releases.3534.parties.6.details.classifications.0,0.releases.3534,0.releases.3534.parties.6,0,WLB,WLB,Woman-Lead Business
0.releases.3534.parties.7.details.classifications.0,0.releases.3534,0.releases.3534.parties.7,0,WLB,WLB,Woman-Lead Business
0.releases.3534.parties.8.details.classifications.0,0.releases.3534,0.releases.3534.parties.8,0,WLB,WLB,Woman-Lead Business
0.releases.3534.parties.11.details.classifications.0,0.releases.3534,0.releases.3534.parties.11,0,WLB,WLB,Woman-Lead Business
0.releases.3534.parties.12.details.classifications.0,0.releases.3534,0.releases.3534.parties.12,0,WLB,WLB,Woman-Lead Business
0.releases.3534.parties.18.details.classifications.0,0.releases.3534,0.releases.3534.parties.18,0,WLB,WLB,Woman-Lead Business
0.releases.3535.parties.6.details.classifications.0,0.releases.3535,0.releases.3535.parties.6,0,WLB,WLB,Woman-Lead Business
0.releases.3535.parties.7.details.classifications.0,0.releases.3535,0.releases.3535.parties.7,0,WLB,WLB,Woman-Lead Business
0.releases.3535.parties.8.details.classifications.0,0.releases.3535,0.releases.3535.parties.8,0,WLB,WLB,Woman-Lead Business
0.releases.3535.parties.11.details.classifications.0,0.releases.3535,0.releases.3535.parties.11,0,WLB,WLB,Woman-Lead Business
0.releases.3535.parties.12.details.classifications.0,0.releases.3535,0.releases.3535.parties.12,0,WLB,WLB,Woman-Lead Business
0.releases.3535.parties.18.details.classifications.0,0.releases.3535,0.releases.3535.parties.18,0,WLB,WLB,Woman-Lead Business
0.releases.3536.parties.6.details.classifications.0,0.releases.3536,0.releases.3536.parties.6,0,WLB,WLB,Woman-Lead Business
0.releases.3536.parties.7.details.classifications.0,0.releases.3536,0.releases.3536.parties.7,0,WLB,WLB,Woman-Lead Business
0.releases.3536.parties.8.details.classifications.0,0.releases.3536,0.releases.3536.parties.8,0,WLB,WLB,Woman-Lead Business
0.releases.3536.parties.11.details.classifications.0,0.releases.3536,0.releases.3536.parties.11,0,WLB,WLB,Woman-Lead Business
0.releases.3536.parties.12.details.classifications.0,0.releases.3536,0.releases.3536.parties.12,0,WLB,WLB,Woman-Lead Business
0.releases.3536.parties.18.details.classifications.0,0.releases.3536,0.releases.3536.parties.18,0,WLB,WLB,Woman-Lead Business
0.releases.3537.parties.2.details.classifications.0,0.releases.3537,0.releases.3537.parties.2,0,WLB,WLB,Woman-Lead Business
0.releases.3539.parties.4.details.classifications.0,0.releases.3539,0.releases.3539.parties.4,0,WLB,WLB,Woman-Lead Business
0.releases.3540.parties.2.details.classifications.0,0.releases.3540,0.releases.3540.parties.2,0,WLB,WLB,Woman-Lead Business
0.releases.3540.parties.3.details.classifications.0,0.releases.3540,0.releases.3540.parties.3,0,WLB,WLB,Woman-Lead Business
0.releases.3542.parties.2.details.classifications.0,0.releases.3542,0.releases.3542.parties.2,0,WLB,WLB,Woman-Lead Business
0.releases.3542.parties.5.details.classifications.0,0.releases.3542,0.releases.3542.parties.5,0,WLB,WLB,Woman-Lead Business
0.releases.3542.parties.14.details.classifications.0,0.releases.3542,0.releases.3542.parties.14,0,WLB,WLB,Woman-Lead Business
0.releases.3542.parties.15.details.classifications.0,0.releases.3542,0.releases.3542.parties.15,0,WLB,WLB,Woman-Lead Business
0.releases.3542.parties.16.details.classifications.0,0.releases.3542,0.releases.3542.parties.16,0,WLB,WLB,Woman-Lead Business
0.releases.3543.parties.1.details.classifications.0,0.releases.3543,0.releases.3543.parties.1,0,WLB,WLB,Woman-Lead Business
0.releases.3543.parties.3.details.classifications.0,0.releases.3543,0.releases.3543.parties.3,0,WLB,WLB,Woman-Lead Business
0.releases.3543.parties.4.details.classifications.0,0.releases.3543,0.releases.3543.parties.4,0,WLB,WLB,Woman-Lead Business
0.releases.3543.parties.8.details.classifications.0,0.releases.3543,0.releases.3543.parties.8,0,WLB,WLB,Woman-Lead Business
0.releases.3543.parties.9.details.classifications.0,0.releases.3543,0.releases.3543.parties.9,0,WLB,WLB,Woman-Lead Business
0.releases.3546.parties.6.details.classifications.0,0.releases.3546,0.releases.3546.parties.6,0,WLB,WLB,Woman-Lead Business
0.releases.3556.parties.2.details.classifications.0,0.releases.3556,0.releases.3556.parties.2,0,WLB,WLB,Woman-Lead Business
0.releases.3556.parties.4.details.classifications.0,0.releases.3556,0.releases.3556.parties.4,0,WLB,WLB,Woman-Lead Business
0.releases.3561.parties.4.details.classifications.0,0.releases.3561,0.releases.3561.parties.4,0,WLB,WLB,Woman-Lead Business
0.releases.3569.parties.1.details.classifications.0,0.releases.3569,0.releases.3569.parties.1,0,WLB,WLB,Woman-Lead Business
0.releases.3572.parties.2.details.classifications.0,0.releases.3572,0.releases.3572.parties.2,0,WLB,WLB,Woman-Lead Business
0.releases.3573.parties.3.details.classifications.0,0.releases.3573,0.releases.3573.parties.3,0,WLB,WLB,Woman-Lead Business
0.releases.3573.parties.4.details.classifications.0,0.releases.3573,0.releases.3573.parties.4,0,WLB,WLB,Woman-Lead Business
0.releases.3578.parties.2.details.classifications.0,0.releases.3578,0.releases.3578.parties.2,0,WLB,WLB,Woman-Lead Business
0.releases.3582.parties.2.details.classifications.0,0.releases.3582,0.releases.3582.parties.2,0,WLB,WLB,Woman-Lead Business
0.releases.3582.parties.3.details.classifications.0,0.releases.3582,0.releases.3582.parties.3,0,WLB,WLB,Woman-Lead Business
0.releases.3583.parties.6.details.classifications.0,0.releases.3583,0.releases.3583.parties.6,0,WLB,WLB,Woman-Lead Business
0.releases.3585.parties.5.details.classifications.0,0.releases.3585,0.releases.3585.parties.5,0,WLB,WLB,Woman-Lead Business
0.releases.3589.parties.5.details.classifications.0,0.releases.3589,0.releases.3589.parties.5,0,WLB,WLB,Woman-Lead Business
0.releases.3589.parties.6.details.classifications.0,0.releases.3589,0.releases.3589.parties.6,0,WLB,WLB,Woman-Lead Business
0.releases.3589.parties.7.details.classifications.0,0.releases.3589,0.releases.3589.parties.7,0,WLB,WLB,Woman-Lead Business
0.releases.3589.parties.9.details.classifications.0,0.releases.3589,0.releases.3589.parties.9,0,WLB,WLB,Woman-Lead Business
0.releases.3590.parties.5.details.classifications.0,0.releases.3590,0.releases.3590.parties.5,0,WLB,WLB,Woman-Lead Business
0.releases.3590.parties.6.details.classifications.0,0.releases.3590,0.releases.3590.parties.6,0,WLB,WLB,Woman-Lead Business
0.releases.3590.parties.7.details.classifications.0,0.releases.3590,0.releases.3590.parties.7,0,WLB,WLB,Woman-Lead Business
0.releases.3590.parties.9.details.classifications.0,0.releases.3590,0.releases.3590.parties.9,0,WLB,WLB,Woman-Lead Business
0.releases.3591.parties.6.details.classifications.0,0.releases.3591,0.releases.3591.parties.6,0,WLB,WLB,Woman-Lead Business
0.releases.3595.parties.2.details.classifications.0,0.releases.3595,0.releases.3595.parties.2,0,WLB,WLB,Woman-Lead Business
0.releases.3595.parties.8.details.classifications.0,0.releases.3595,0.releases.3595.parties.8,0,WLB,WLB,Woman-Lead Business
0.releases.3597.parties.3.details.classifications.0,0.releases.3597,0.releases.3597.parties.3,0,WLB,WLB,Woman-Lead Business
0.releases.3598.parties.1.details.classifications.0,0.releases.3598,0.releases.3598.parties.1,0,WLB,WLB,Woman-Lead Business
0.releases.3598.parties.2.details.classifications.0,0.releases.3598,0.releases.3598.parties.2,0,WLB,WLB,Woman-Lead Business
0.releases.3598.parties.4.details.classifications.0,0.releases.3598,0.releases.3598.parties.4,0,WLB,WLB,Woman-Lead Business
0.releases.3598.parties.5.details.classifications.0,0.releases.3598,0.releases.3598.parties.5,0,WLB,WLB,Woman-Lead Business
0.releases.3611.parties.7.details.classifications.0,0.releases.3611,0.releases.3611.parties.7,0,WLB,WLB,Woman-Lead Business
0.releases.3611.parties.9.details.classifications.0,0.releases.3611,0.releases.3611.parties.9,0,WLB,WLB,Woman-Lead Business
0.releases.3613.parties.2.details.classifications.0,0.releases.3613,0.releases.3613.parties.2,0,WLB,WLB,Woman-Lead Business
0.releases.3613.parties.5.details.classifications.0,0.releases.3613,0.releases.3613.parties.5,0,WLB,WLB,Woman-Lead Business
0.releases.3613.parties.13.details.classifications.0,0.releases.3613,0.releases.3613.parties.13,0,WLB,WLB,Woman-Lead Business
0.releases.3617.parties.7.details.classifications.0,0.releases.3617,0.releases.3617.parties.7,0,WLB,WLB,Woman-Lead Business
0.releases.3617.parties.8.details.classifications.0,0.releases.3617,0.releases.3617.parties.8,0,WLB,WLB,Woman-Lead Business
0.releases.3625.parties.4.details.classifications.0,0.releases.3625,0.releases.3625.parties.4,0,WLB,WLB,Woman-Lead Business
0.releases.3634.parties.2.details.classifications.0,0.releases.3634,0.releases.3634.parties.2,0,WLB,WLB,Woman-Lead Business
0.releases.3634.parties.5.details.classifications.0,0.releases.3634,0.releases.3634.parties.5,0,WLB,WLB,Woman-Lead Business
0.releases.3634.parties.13.details.classifications.0,0.releases.3634,0.releases.3634.parties.13,0,WLB,WLB,Woman-Lead Business
0.releases.3637.parties.6.details.classifications.0,0.releases.3637,0.releases.3637.parties.6,0,WLB,WLB,Woman-Lead Business
0.releases.3637.parties.8.details.classifications.0,0.releases.3637,0.releases.3637.parties.8,0,WLB,WLB,Woman-Lead Business
0.releases.3638.parties.2.details.classifications.0,0.releases.3638,0.releases.3638.parties.2,0,WLB,WLB,Woman-Lead Business
0.releases.3639.parties.7.details.classifications.0,0.releases.3639,0.releases.3639.parties.7,0,WLB,WLB,Woman-Lead Business
0.releases.3639.parties.8.details.classifications.0,0.releases.3639,0.releases.3639.parties.8,0,WLB,WLB,Woman-Lead Business
0.releases.3640.parties.1.details.classifications.0,0.releases.3640,0.releases.3640.parties.1,0,WLB,WLB,Woman-Lead Business
0.releases.3640.parties.2.details.classifications.0,0.releases.3640,0.releases.3640.parties.2,0,WLB,WLB,Woman-Lead Business
0.releases.3640.parties.3.details.classifications.0,0.releases.3640,0.releases.3640.parties.3,0,WLB,WLB,Woman-Lead Business
0.releases.3640.parties.4.details.classifications.0,0.releases.3640,0.releases.3640.parties.4,0,WLB,WLB,Woman-Lead Business
0.releases.3640.parties.5.details.classifications.0,0.releases.3640,0.releases.3640.parties.5,0,WLB,WLB,Woman-Lead Business
0.releases.3650.parties.4.details.classifications.0,0.releases.3650,0.releases.3650.parties.4,0,WLB,WLB,Woman-Lead Business
0.releases.3651.parties.2.details.classifications.0,0.releases.3651,0.releases.3651.parties.2,0,WLB,WLB,Woman-Lead Business
0.releases.3651.parties.3.details.classifications.0,0.releases.3651,0.releases.3651.parties.3,0,WLB,WLB,Woman-Lead Business
0.releases.3652.parties.2.details.classifications.0,0.releases.3652,0.releases.3652.parties.2,0,WLB,WLB,Woman-Lead Business
0.releases.3652.parties.8.details.classifications.0,0.releases.3652,0.releases.3652.parties.8,0,WLB,WLB,Woman-Lead Business
0.releases.3658.parties.4.details.classifications.0,0.releases.3658,0.releases.3658.parties.4,0,WLB,WLB,Woman-Lead Business
0.releases.3660.parties.3.details.classifications.0,0.releases.3660,0.releases.3660.parties.3,0,WLB,WLB,Woman-Lead Business
0.releases.3662.parties.3.details.classifications.0,0.releases.3662,0.releases.3662.parties.3,0,WLB,WLB,Woman-Lead Business
0.releases.3662.parties.12.details.classifications.0,0.releases.3662,0.releases.3662.parties.12,0,WLB,WLB,Woman-Lead Business
0.releases.3663.parties.4.details.classifications.0,0.releases.3663,0.releases.3663.parties.4,0,WLB,WLB,Woman-Lead Business
0.releases.3665.parties.2.details.classifications.0,0.releases.3665,0.releases.3665.parties.2,0,WLB,WLB,Woman-Lead Business
0.releases.3665.parties.5.details.classifications.0,0.releases.3665,0.releases.3665.parties.5,0,WLB,WLB,Woman-Lead Business
0.releases.3666.parties.4.details.classifications.0,0.releases.3666,0.releases.3666.parties.4,0,WLB,WLB,Woman-Lead Business
0.releases.3666.parties.6.details.classifications.0,0.releases.3666,0.releases.3666.parties.6,0,WLB,WLB,Woman-Lead Business
0.releases.3666.parties.7.details.classifications.0,0.releases.3666,0.releases.3666.parties.7,0,WLB,WLB,Woman-Lead Business
0.releases.3670.parties.1.details.classifications.0,0.releases.3670,0.releases.3670.parties.1,0,WLB,WLB,Woman-Lead Business
0.releases.3694.parties.2.details.classifications.0,0.releases.3694,0.releases.3694.parties.2,0,WLB,WLB,Woman-Lead Business
0.releases.3694.parties.5.details.classifications.0,0.releases.3694,0.releases.3694.parties.5,0,WLB,WLB,Woman-Lead Business
0.releases.3695.parties.5.details.classifications.0,0.releases.3695,0.releases.3695.parties.5,0,WLB,WLB,Woman-Lead Business
0.releases.3700.parties.3.details.classifications.0,0.releases.3700,0.releases.3700.parties.3,0,WLB,WLB,Woman-Lead Business
0.releases.3700.parties.4.details.classifications.0,0.releases.3700,0.releases.3700.parties.4,0,WLB,WLB,Woman-Lead Business
0.releases.3700.parties.6.details.classifications.0,0.releases.3700,0.releases.3700.parties.6,0,WLB,WLB,Woman-Lead Business
0.releases.3701.parties.2.details.classifications.0,0.releases.3701,0.releases.3701.parties.2,0,WLB,WLB,Woman-Lead Business
0.releases.3701.parties.4.details.classifications.0,0.releases.3701,0.releases.3701.parties.4,0,WLB,WLB,Woman-Lead Business
0.releases.3701.parties.5.details.classifications.0,0.releases.3701,0.releases.3701.parties.5,0,WLB,WLB,Woman-Lead Business
0.releases.3701.parties.6.details.classifications.0,0.releases.3701,0.releases.3701.parties.6,0,WLB,WLB,Woman-Lead Business
0.releases.3701.parties.7.details.classifications.0,0.releases.3701,0.releases.3701.parties.7,0,WLB,WLB,Woman-Lead Business
0.releases.3701.parties.8.details.classifications.0,0.releases.3701,0.releases.3701.parties.8,0,WLB,WLB,Woman-Lead Business
0.releases.3704.parties.1.details.classifications.0,0.releases.3704,0.releases.3704.parties.1,0,WLB,WLB,Woman-Lead Business
0.releases.3704.parties.2.details.classifications.0,0.releases.3704,0.releases.3704.parties.2,0,WLB,WLB,Woman-Lead Business
0.releases.3704.parties.3.details.classifications.0,0.releases.3704,0.releases.3704.parties.3,0,WLB,WLB,Woman-Lead Business
0.releases.3704.parties.4.details.classifications.0,0.releases.3704,0.releases.3704.parties.4,0,WLB,WLB,Woman-Lead Business
0.releases.3704.parties.5.details.classifications.0,0.releases.3704,0.releases.3704.parties.5,0,WLB,WLB,Woman-Lead Business
0.releases.3705.parties.2.details.classifications.0,0.releases.3705,0.releases.3705.parties.2,0,WLB,WLB,Woman-Lead Business
0.releases.3705.parties.4.details.classifications.0,0.releases.3705,0.releases.3705.parties.4,0,WLB,WLB,Woman-Lead Business
0.releases.3705.parties.5.details.classifications.0,0.releases.3705,0.releases.3705.parties.5,0,WLB,WLB,Woman-Lead Business
0.releases.3705.parties.6.details.classifications.0,0.releases.3705,0.releases.3705.parties.6,0,WLB,WLB,Woman-Lead Business
0.releases.3705.parties.7.details.classifications.0,0.releases.3705,0.releases.3705.parties.7,0,WLB,WLB,Woman-Lead Business
0.releases.3705.parties.8.details.classifications.0,0.releases.3705,0.releases.3705.parties.8,0,WLB,WLB,Woman-Lead Business
0.releases.3706.parties.4.details.classifications.0,0.releases.3706,0.releases.3706.parties.4,0,WLB,WLB,Woman-Lead Business
0.releases.3708.parties.1.details.classifications.0,0.releases.3708,0.releases.3708.parties.1,0,WLB,WLB,Woman-Lead Business
0.releases.3708.parties.3.details.classifications.0,0.releases.3708,0.releases.3708.parties.3,0,WLB,WLB,Woman-Lead Business
0.releases.3709.parties.1.details.classifications.0,0.releases.3709,0.releases.3709.parties.1,0,WLB,WLB,Woman-Lead Business
0.releases.3709.parties.3.details.classifications.0,0.releases.3709,0.releases.3709.parties.3,0,WLB,WLB,Woman-Lead Business
0.releases.3710.parties.4.details.classifications.0,0.releases.3710,0.releases.3710.parties.4,0,WLB,WLB,Woman-Lead Business
0.releases.3718.parties.5.details.classifications.0,0.releases.3718,0.releases.3718.parties.5,0,WLB,WLB,Woman-Lead Business
0.releases.3718.parties.6.details.classifications.0,0.releases.3718,0.releases.3718.parties.6,0,WLB,WLB,Woman-Lead Business
0.releases.3718.parties.10.details.classifications.0,0.releases.3718,0.releases.3718.parties.10,0,WLB,WLB,Woman-Lead Business
0.releases.3718.parties.12.details.classifications.0,0.releases.3718,0.releases.3718.parties.12,0,WLB,WLB,Woman-Lead Business
0.releases.3725.parties.3.details.classifications.0,0.releases.3725,0.releases.3725.parties.3,0,WLB,WLB,Woman-Lead Business
0.releases.3733.parties.7.details.classifications.0,0.releases.3733,0.releases.3733.parties.7,0,WLB,WLB,Woman-Lead Business
0.releases.3741.parties.1.details.classifications.0,0.releases.3741,0.releases.3741.parties.1,0,WLB,WLB,Woman-Lead Business
0.releases.3741.parties.5.details.classifications.0,0.releases.3741,0.releases.3741.parties.5,0,WLB,WLB,Woman-Lead Business
0.releases.3741.parties.9.details.classifications.0,0.releases.3741,0.releases.3741.parties.9,0,WLB,WLB,Woman-Lead Business
0.releases.3742.parties.2.details.classifications.0,0.releases.3742,0.releases.3742.parties.2,0,WLB,WLB,Woman-Lead Business
0.releases.3744.parties.4.details.classifications.0,0.releases.3744,0.releases.3744.parties.4,0,WLB,WLB,Woman-Lead Business
0.releases.3751.parties.2.details.classifications.0,0.releases.3751,0.releases.3751.parties.2,0,WLB,WLB,Woman-Lead Business
0.releases.3751.parties.3.details.classifications.0,0.releases.3751,0.releases.3751.parties.3,0,WLB,WLB,Woman-Lead Business
0.releases.3752.parties.5.details.classifications.0,0.releases.3752,0.releases.3752.parties.5,0,WLB,WLB,Woman-Lead Business
0.releases.3753.parties.1.details.classifications.0,0.releases.3753,0.releases.3753.parties.1,0,WLB,WLB,Woman-Lead Business
0.releases.3754.parties.4.details.classifications.0,0.releases.3754,0.releases.3754.parties.4,0,WLB,WLB,Woman-Lead Business
0.releases.3758.parties.2.details.classifications.0,0.releases.3758,0.releases.3758.parties.2,0,WLB,WLB,Woman-Lead Business
0.releases.3760.parties.4.details.classifications.0,0.releases.3760,0.releases.3760.parties.4,0,WLB,WLB,Woman-Lead Business
