_link,_link_releases,_link_main,id,awardID,title,description,status,dateSigned,period_startDate,period_endDate,period_durationInDays,value_amount,value_currency
0.releases.1.contracts.0,0.releases.1,0,C1013980242023000025,ab81a140-69f4-4398-ba86-4e154ca92039,LOCATION CANTINE,"This contract amendment is framework agreement and shall be renewable  based on service provider performance 

",active,2026-01-01T00:00:00Z,2026-01-01T00:00:00Z,2026-12-31T00:00:00Z,364,496780,RWF
0.releases.2.contracts.0,0.releases.2,0,C1013980242023000024,d8bd03c5-cb2e-4ff3-a898-7b9a2c9610aa,Refreshment of hospital staff and visitors,This contract is framework agreement and shall be renewable for consecutive two years based on service provider performance ,active,2026-01-01T00:00:00Z,2026-01-01T00:00:00Z,2026-12-31T00:00:00Z,364,15804,RWF
0.releases.3.contracts.0,0.releases.3,0,C1013980242024000020,c714a6c2-278d-464c-a650-10f8853129f3,Re-Advertising of Cleaning services,"This contract amendment  is framework agreement. This contract  will be renewable based on Service provider performance
                                           
",active,2026-01-01T00:00:00Z,2026-01-01T00:00:00Z,2026-12-31T00:00:00Z,364,131650600,RWF
0.releases.5.contracts.0,0.releases.5,0,C1203356722024000045,7cddff0f-62bb-42aa-ac06-26ee7de74336,Hiring a Consultancy firm for preparation of Resettlement Action Plan (RAP) report for Bugarama marshland,"The time period for the service shall be one twenty (120) days counting from the date of receipt of the written order to commence.

Before receipt of the written order to commence, the Consultant will provide Performance Guarantee worth 2,769,000 Frw (equivalent of 10% of the total cost).",active,2024-12-13T00:00:00Z,2024-12-13T00:00:00Z,2026-12-13T00:00:00Z,730,27690000,RWF
0.releases.6.contracts.0,0.releases.6,0,C1203356722024000045,7cddff0f-62bb-42aa-ac06-26ee7de74336,Hiring a Consultancy firm for preparation of Resettlement Action Plan (RAP) report for Bugarama marshland,"The time period for the service shall be one twenty (120) days counting from the date of receipt of the written order to commence.

Before receipt of the written order to commence, the Consultant will provide Performance Guarantee worth 2,769,000 Frw (equivalent of 10% of the total cost).",active,2024-12-13T00:00:00Z,2024-12-13T00:00:00Z,2026-12-13T00:00:00Z,730,27690000,RWF
0.releases.9.contracts.0,0.releases.9,0,C1008058882025000015,3e9dee6d-8884-4f57-b48c-28ddce86ec6c,"Hiring consulting firm to conduct feasibility studies for the development of a Tannery Park Special Economic Zone, including an Environmental Impact Assessment and engineering designs for the SEZ.","3 months contract for Hiring consulting firm to conduct feasibility studies for the development of a Tannery Park Special Economic Zone, including an Environmental Impact Assessment and engineering designs for the SEZ.",pending,2025-10-07T00:00:00Z,2025-10-07T00:00:00Z,2026-04-06T00:00:00Z,181,373835283.86,RWF
0.releases.10.contracts.0,0.releases.10,0,C1008058882025000015,3e9dee6d-8884-4f57-b48c-28ddce86ec6c,"Hiring consulting firm to conduct feasibility studies for the development of a Tannery Park Special Economic Zone, including an Environmental Impact Assessment and engineering designs for the SEZ.","3 months contract for Hiring consulting firm to conduct feasibility studies for the development of a Tannery Park Special Economic Zone, including an Environmental Impact Assessment and engineering designs for the SEZ.",pending,2025-10-07T00:00:00Z,2025-10-07T00:00:00Z,2026-04-06T00:00:00Z,181,373835283.86,RWF
0.releases.11.contracts.0,0.releases.11,0,C1209012202024000001,e13eb89f-729a-401e-8df1-bf4d207fd543,Consulting firm services for evaluating Rwanda s Remedial Teaching and Learning Pilot program (P1-P3),,pending,2026-01-08T00:00:00Z,2026-01-08T00:00:00Z,2026-07-14T00:00:00Z,187,280000000,RWF
0.releases.12.contracts.0,0.releases.12,0,C1209012202024000001,e13eb89f-729a-401e-8df1-bf4d207fd543,Consulting firm services for evaluating Rwanda s Remedial Teaching and Learning Pilot program (P1-P3),,pending,2026-01-08T00:00:00Z,2026-01-08T00:00:00Z,2026-07-14T00:00:00Z,187,280000000,RWF
0.releases.13.contracts.0,0.releases.13,0,C1074330622025000039,885ba843-beb9-45ad-ab2f-9b90c13d45d6,Hiring a service provider for codification of MoE assets,This is the framework contract for hiring a service provider for codification of MoE assets for a period of one year renewable upon satisfactory performance of the service provider.,pending,2025-12-28T00:00:00Z,2025-12-28T00:00:00Z,2026-12-27T00:00:00Z,364,3068,RWF
0.releases.15.contracts.0,0.releases.15,0,C1078616252025000034,945d7f10-8319-4283-ba8c-e7bb00c59e48,"Provision of Sports and Recreational Facilities for RFI Staff: Access to Gym, Aerobics, Sauna, and Swimming","The Contractor shall provide access to sports and recreational facilities for RFI staff, including gym/fitness services, aerobics classes, sauna, and swimming pool facilities, under a framework agreement for one (1) year, renewable up to two (2) additional years, subject to satisfactory performance and mutual agreement.",pending,2025-12-24T00:00:00Z,2025-12-24T00:00:00Z,2026-12-14T00:00:00Z,355,36320,RWF
0.releases.16.contracts.0,0.releases.16,0,C1071118822025000016,d9eecace-3051-444d-b69b-fd32e82d35e2,Tender for supply of photo  CAMERAS   on behalf of all Government Institutions,Amendment No. 2 – Additional for new items.All other terms and conditions of the original contract  and its first amendment remain unchanged.,pending,2025-05-15T00:00:00Z,2025-05-15T00:00:00Z,2026-05-15T00:00:00Z,365,117776459,RWF
0.releases.17.contracts.0,0.releases.17,0,C1078616252025000032,2b2194dc-d833-4c17-b66c-d7083afa8fd9,"Provision of Sports and Recreational Facilities for RFI Staff: Access to Gym, Aerobics, Sauna, and Swimming","The Contractor shall provide access to sports and recreational facilities for RFI staff, including gym/fitness services, aerobics classes, sauna, and swimming pool facilities, under a framework agreement for one (1) year, renewable up to two (2) additional years, subject to satisfactory performance and mutual agreement.",pending,2025-12-24T00:00:00Z,2025-12-24T00:00:00Z,2026-12-14T00:00:00Z,355,26000,RWF
0.releases.18.contracts.0,0.releases.18,0,C1194914752025000084,08452e56-0284-489a-8ff0-9f1931915f6b,"Tender for conception, design and printing of documents and other material for MINUBUMWE 's events( Certificates,  Umbrellas , pull-up banners, branded t-shirts,…..)",The supplier shall be paid upon presentation to and approval by the purchaser of an invoice of the goods and supplied and accepted by the purchaser.,pending,2025-12-23T00:00:00Z,2025-12-23T00:00:00Z,2026-12-22T00:00:00Z,364,3270759,RWF
0.releases.19.contracts.0,0.releases.19,0,C1078616252025000031,e8f793b1-071d-449d-a926-9c69278829e1,"Provision of Sports and Recreational Facilities for RFI Staff: Access to Gym, Aerobics, Sauna, and Swimming","The Contractor shall provide access to sports and recreational facilities for RFI staff, including gym/fitness services, aerobics classes, sauna, and swimming pool facilities, under a framework agreement for one (1) year, renewable up to two (2) additional years, subject to satisfactory performance and mutual agreement.",pending,2025-12-24T00:00:00Z,2025-12-24T00:00:00Z,2026-12-14T00:00:00Z,355,29000,RWF
0.releases.20.contracts.0,0.releases.20,0,C1078616252025000030,f675864d-30dd-4a15-a607-2295e5afc138,"Provision of Sports and Recreational Facilities for RFI Staff: Access to Gym, Aerobics, Sauna, and Swimming","The Contractor shall provide access to sports and recreational facilities for RFI staff, including gym/fitness services, aerobics classes, sauna, and swimming pool facilities, under a framework agreement for one (1) year, renewable up to two (2) additional years, subject to satisfactory performance and mutual agreement.",pending,2025-12-24T00:00:00Z,2025-12-24T00:00:00Z,2026-12-14T00:00:00Z,355,30000,RWF
0.releases.26.contracts.0,0.releases.26,0,C1035271352024000001,016ab4d9-b8a4-495f-9529-d2e21e0eca24,Hire a company to provide TV weather presenters outfit,OK,pending,2025-01-11T00:00:00Z,2026-01-12T00:00:00Z,2027-01-11T00:00:00Z,364,13263200,RWF
0.releases.27.contracts.0,0.releases.27,0,C1035271352024000001,016ab4d9-b8a4-495f-9529-d2e21e0eca24,Hire a company to provide TV weather presenters outfit,OK,pending,2025-01-11T00:00:00Z,2026-01-12T00:00:00Z,2027-01-11T00:00:00Z,364,13263200,RWF
0.releases.30.contracts.0,0.releases.30,0,C1169060812023000022,01739ae0-f436-464d-b954-c3e5f4d7098a,Supply of Single Digital ID Registration Kits,"The contract duration is 10 Months and 21 days. However, Kits will be supplied in accordance with provisions related to scope of supply under SCC 212.1",pending,2025-11-08T00:00:00Z,2025-11-08T00:00:00Z,2026-05-08T00:00:00Z,181,2233535,EUR
0.releases.31.contracts.0,0.releases.31,0,C1169060812025000008,78b9f21a-3d22-4bd6-a46a-176fc5122e85,PURCHASE OF IT DEVICES (DESKTOPS AND LAPTOPS) FOR ONE HUNDRED AND EIGHTY (180) SCHOOLS,The goods will be supplied within two (2) months and 21 days including 1 week of approval acceptance of goods from the date of Kick-off meeting scheduled to take place within Seven (7) days after signature of the contract,active,2025-12-14T00:00:00Z,2025-12-14T00:00:00Z,2026-03-12T00:00:00Z,88,3367000,USD
0.releases.32.contracts.0,0.releases.32,0,C1013307382024000024,dfc176cc-bdee-4ee9-9577-f0108b38d7cd,Consultancy Services to provide Contract Management and Construction Supervision for the Gatenga Informal Settlements Upgrading Works,,pending,2024-06-14T00:00:00Z,2024-06-14T00:00:00Z,2026-04-30T00:00:00Z,685,880634000,RWF
0.releases.33.contracts.0,0.releases.33,0,C1013307382024000024,dfc176cc-bdee-4ee9-9577-f0108b38d7cd,Consultancy Services to provide Contract Management and Construction Supervision for the Gatenga Informal Settlements Upgrading Works,,pending,2024-06-14T00:00:00Z,2024-06-14T00:00:00Z,2026-04-30T00:00:00Z,685,880634000,RWF
0.releases.34.contracts.0,0.releases.34,0,C1013307382022000048,31118ed2-5c82-41ed-8c1e-92a7756c6dc1,TA for consultancy services for storm-water management master plan  in the COK,This is world bank funded project for consultancy services for storm-water management master plan  in the COK,pending,2022-08-08T00:00:00Z,2022-08-08T00:00:00Z,2026-03-31T00:00:00Z,1331,862066700,RWF
0.releases.35.contracts.0,0.releases.35,0,C1013307382022000048,31118ed2-5c82-41ed-8c1e-92a7756c6dc1,TA for consultancy services for storm-water management master plan  in the COK,This is world bank funded project for consultancy services for storm-water management master plan  in the COK,pending,2022-08-08T00:00:00Z,2022-08-08T00:00:00Z,2026-03-31T00:00:00Z,1331,862066700,RWF
0.releases.36.contracts.0,0.releases.36,0,C1020603672023000052,0c3ee6e4-be41-476f-a99c-512d616af0e9,Periodic maintenance of roads in NYAMAGABE DISTRICT,"	
-  The contract has been extended a period of 3 months
The contract has been extended a period of 1 year
- This Contract will be executed by purchase order.
-  The contract manager of this contract is ABIZERA Leandre, Road Development and Maintenance Engineer, abizera.leandre@nyamagabe.gov,rw
- Performance security will depend on the value of purchase orded according to the laws
-The amount of the Performance Security shall be:  10% of any purchase order issued and received by the supplier between 20,000,000rwf and 50,000,000rwf.
--The amount of the Performance Security shall be:  7% of any purchase order issued and received by the supplier between 50,000,000rwf and 100,000,000rwf.
",pending,2025-12-31T00:00:00Z,2025-12-30T00:00:00Z,2026-03-29T00:00:00Z,89,65522745,RWF
0.releases.42.contracts.0,0.releases.42,0,C1013307382025000064,fe8379b4-abcb-4b96-a342-011441307b97,"Operationalization of Home Based ECD(HBECD)/porridge for 251HBECD (Gasab0:187, Kicukiro:19;Nyarugenge:45)",,pending,2025-12-24T00:00:00Z,2025-12-24T00:00:00Z,2026-12-23T00:00:00Z,364,85964691,RWF
0.releases.43.contracts.0,0.releases.43,0,C1024607482025000030,a92fc902-dbc1-4869-9283-bda38b072d33,Supply of chalk in all districts on framework contract,,pending,2025-12-29T00:00:00Z,2025-12-29T00:00:00Z,2026-12-08T00:00:00Z,344,80000,RWF
0.releases.44.contracts.0,0.releases.44,0,C1013307382022000048,31118ed2-5c82-41ed-8c1e-92a7756c6dc1,TA for consultancy services for storm-water management master plan  in the COK,This is world bank funded project for consultancy services for storm-water management master plan  in the COK,active,2022-08-08T00:00:00Z,2022-08-08T00:00:00Z,2026-03-31T00:00:00Z,1331,862066700,RWF
0.releases.45.contracts.0,0.releases.45,0,C1013307382022000048,31118ed2-5c82-41ed-8c1e-92a7756c6dc1,TA for consultancy services for storm-water management master plan  in the COK,This is world bank funded project for consultancy services for storm-water management master plan  in the COK,active,2022-08-08T00:00:00Z,2022-08-08T00:00:00Z,2026-03-31T00:00:00Z,1331,862066700,RWF
0.releases.46.contracts.0,0.releases.46,0,C1013307382024000024,dfc176cc-bdee-4ee9-9577-f0108b38d7cd,Consultancy Services to provide Contract Management and Construction Supervision for the Gatenga Informal Settlements Upgrading Works,,active,2024-06-14T00:00:00Z,2024-06-14T00:00:00Z,2026-04-30T00:00:00Z,685,880634000,RWF
0.releases.47.contracts.0,0.releases.47,0,C1013307382024000024,dfc176cc-bdee-4ee9-9577-f0108b38d7cd,Consultancy Services to provide Contract Management and Construction Supervision for the Gatenga Informal Settlements Upgrading Works,,active,2024-06-14T00:00:00Z,2024-06-14T00:00:00Z,2026-04-30T00:00:00Z,685,880634000,RWF
0.releases.56.contracts.0,0.releases.56,0,C1008412802025000011,b99c3290-819f-40a5-8ae6-e52e78a242df,Supply of Vehicles Tyres,ok,active,2025-12-31T00:00:00Z,2025-12-31T00:00:00Z,2026-12-31T00:00:00Z,365,10337000,RWF
0.releases.65.contracts.0,0.releases.65,0,C1078616252025000033,17560b69-cb87-436f-b0b9-4ea37430860d,"Provision of Sports and Recreational Facilities for RFI Staff: Access to Gym, Aerobics, Sauna, and Swimming","The Contractor shall provide access to sports and recreational facilities for RFI staff, including gym/fitness services, aerobics classes, sauna, and swimming pool facilities, under a framework agreement for one (1) year, renewable up to two (2) additional years, subject to satisfactory performance and mutual agreement.",pending,2025-12-24T00:00:00Z,2025-12-24T00:00:00Z,2026-12-14T00:00:00Z,355,15000,RWF
0.releases.66.contracts.0,0.releases.66,0,C1008412802025000012,83e37510-8ec2-40e9-8c68-e827013b9a91,Supply of Medical Drugs& Consumables,"clarified that: Polishing strip (1piece) means or equal to  1 box of 12pices for 20000frw
Calcium hydroxide Cement Dycal (piece) will deliver Intracanal
Surgicalbur,fissure burs for straight hand (1piece) means or equal (carbide 1box of 5pieces) for 34000frw
Surgicalbur,fissure burs for high speed hand (1piece) means or equal to (carbide 1box of 5 pieces) for 34000frw
pouches (1pice) means or equal to (1box with 200 pieces) for 33000frw",pending,2025-12-31T00:00:00Z,2025-12-31T00:00:00Z,2026-12-30T00:00:00Z,364,1023000,RWF
0.releases.67.contracts.0,0.releases.67,0,C1008420232025000013,97c949ad-bfdf-4a82-8580-112d8a6896c6,Construction of Ambulance Parking Facility and Electrical Utility Building,"This four-month contract begins on the signing date and ends four months later. It covers the construction of a car parking facility and electrical utility building as specified. Payment will be made after evaluation and completion of the work. Performance will be assessed based on deliverables and compliance with construction standards, and confidentiality must be maintained throughout and after the contract period.",active,2026-01-03T00:00:00Z,2026-01-03T00:00:00Z,2026-04-03T00:00:00Z,90,4257336,RWF
0.releases.68.contracts.0,0.releases.68,0,C1008420232025000003,67ac9a4f-385c-484c-bb5d-e5225053fba3,Pay the hardware materials supplied for electricity maintenance,"This contract is a framework for Pay the hardware materials supplied for electricity maintenance.
-The quantity or items to be  supply will depend on purchase order signed by Kigeme Hospital Administration. 
-The contractor shall be paid  after holding purchase order, approved report and receipt note.",active,2026-02-22T00:00:00Z,2026-02-22T00:00:00Z,2027-02-21T00:00:00Z,364,4807143,RWF
0.releases.69.contracts.0,0.releases.69,0,C1194914752024000001,29cd7be0-9301-4aeb-afda-353102328be2,Providing codification of MINUBUMWE Assets,The supplier shall be paid upon presentation to and approval by the purchaser of an invoice of the goods and supplied and accepted by the purchaser.,pending,2024-01-06T00:00:00Z,2026-01-04T00:00:00Z,2027-01-03T00:00:00Z,364,1262,RWF
0.releases.70.contracts.0,0.releases.70,0,C1194914752025000082,2fafa2e4-a217-48f9-ac41-f0f009c3cfb2,"Tender for conception, design and printing of documents and other material for MINUBUMWE 's events( Certificates,  Umbrellas , pull-up banners, branded t-shirts,…..)",The supplier shall be paid upon presentation to and approval by the purchaser of an invoice of the goods and supplied and accepted by the purchaser.,active,2025-12-31T00:00:00Z,2025-12-31T00:00:00Z,2026-12-31T00:00:00Z,365,4893504,RWF
0.releases.71.contracts.0,0.releases.71,0,C1019320002024000033,04d27361-0e26-4396-9d9f-b37ce0a856ca,"Tender for decoration, Flags, and Supply of Banners in event of Gisagara District ( Framework Contract)",,pending,2025-01-03T00:00:00Z,2025-01-03T00:00:00Z,2027-01-02T00:00:00Z,729,2959282,RWF
0.releases.72.contracts.0,0.releases.72,0,C1194914752025000083,d42d3b77-ff83-42d0-ba78-ed02a2f6c3bc,"Tender for conception, design and printing of documents and other material for MINUBUMWE 's events( Certificates,  Umbrellas , pull-up banners, branded t-shirts,…..)",The supplier shall be paid upon presentation to and approval by the purchaser of an invoice of the goods and supplied and accepted by the purchaser.,active,2025-12-31T00:00:00Z,2025-12-31T00:00:00Z,2026-12-31T00:00:00Z,365,2620048,RWF
0.releases.73.contracts.0,0.releases.73,0,C1194914752025000086,bc7f3e2b-5bcc-4dd2-aad5-cfb534e3d4cc,"Tender for conception, design and printing of documents and other material for MINUBUMWE 's events( Certificates,  Umbrellas , pull-up banners, branded t-shirts,…..)",The supplier shall be paid upon presentation to and approval by the purchaser of an invoice of the goods and supplied and accepted by the purchaser.,active,2025-12-31T00:00:00Z,2025-12-31T00:00:00Z,2026-12-31T00:00:00Z,365,2578347,RWF
0.releases.74.contracts.0,0.releases.74,0,C1194914752025000087,ed00f5fd-1fc2-4fb9-b9a4-3989ad02ae9c,"Tender for conception, design and printing of documents and other material for MINUBUMWE 's events( Certificates,  Umbrellas , pull-up banners, branded t-shirts,…..)",The supplier shall be paid upon presentation to and approval by the purchaser of an invoice of the goods and supplied and accepted by the purchaser.,active,2025-12-31T00:00:00Z,2025-12-31T00:00:00Z,2026-12-31T00:00:00Z,365,1444320,RWF
0.releases.75.contracts.0,0.releases.75,0,C1194914752025000088,58fa3608-8fc8-48f3-8e42-b6e4be3dfb4a,"Tender for conception, design and printing of documents and other material for MINUBUMWE 's events( Certificates,  Umbrellas , pull-up banners, branded t-shirts,…..)",The supplier shall be paid upon presentation to and approval by the purchaser of an invoice of the goods and supplied and accepted by the purchaser.,active,2025-12-31T00:00:00Z,2025-12-31T00:00:00Z,2026-12-31T00:00:00Z,365,987352,RWF
0.releases.76.contracts.0,0.releases.76,0,C1194914752025000085,3ce183ea-ff4b-40b5-a1ac-6d1c1b112755,"Tender for conception, design and printing of documents and other material for MINUBUMWE 's events( Certificates,  Umbrellas , pull-up banners, branded t-shirts,…..)",The supplier shall be paid upon presentation to and approval by the purchaser of an invoice of the goods and supplied and accepted by the purchaser.,active,2025-12-31T00:00:00Z,2025-12-31T00:00:00Z,2026-12-31T00:00:00Z,365,7151521,RWF
0.releases.79.contracts.0,0.releases.79,0,C1024607482023000052,2003f782-6191-49b2-9e31-e35a17fcd60b,Provision of Two and three STAR hotel services on annual basis,"This contract is amended in order to renew it for one year starting from 22nd December 2025 up to 21st December 2026. The performance security is to be requested when the Service Provider is given a purchase order which exceeds twenty million Rwandan Francs (20,000,000 Frw ).",pending,2025-12-22T00:00:00Z,2025-12-22T00:00:00Z,2026-12-21T00:00:00Z,364,2566522,RWF
0.releases.80.contracts.0,0.releases.80,0,C1035271352025000002,aa5fef67-5efa-407a-9aca-7c358b4cef63,Annual provisions of sports services,ok,pending,2025-01-08T00:00:00Z,2026-01-09T00:00:00Z,2027-01-08T00:00:00Z,364,390580,RWF
0.releases.81.contracts.0,0.releases.81,0,C1035271352025000002,aa5fef67-5efa-407a-9aca-7c358b4cef63,Annual provisions of sports services,ok,pending,2025-01-08T00:00:00Z,2026-01-09T00:00:00Z,2027-01-08T00:00:00Z,364,390580,RWF
0.releases.82.contracts.0,0.releases.82,0,C1035271352025000002,aa5fef67-5efa-407a-9aca-7c358b4cef63,Annual provisions of sports services,ok,pending,2025-01-08T00:00:00Z,2026-01-09T00:00:00Z,2027-01-08T00:00:00Z,364,390580,RWF
0.releases.83.contracts.0,0.releases.83,0,C1019320002024000033,04d27361-0e26-4396-9d9f-b37ce0a856ca,"Tender for decoration, Flags, and Supply of Banners in event of Gisagara District ( Framework Contract)",,active,2025-01-03T00:00:00Z,2025-01-03T00:00:00Z,2027-01-02T00:00:00Z,729,2959282,RWF
0.releases.84.contracts.0,0.releases.84,0,C1013511052025000022,0eba185b-7202-4dbf-bb98-7db53e2d653d,REHABILITATION OF GATONDE HC-KAMONYI-NYUNDO-RUREMBO-GATABA-KIBAYA-MASHYA AND BITOVU-MURAMBI-RUHANGO-NYANGE ROADS PHASE I," THIS  REFERS TO "" REHABILITATION OF GATONDE HC-KAMONYI-NYUNDO-RUREMBO-GATABA-KIBAYA-MASHYA AND BITOVU-MURAMBI-RUHANGO-NYANGE ROADS PHASE I""",active,2026-01-03T00:00:00Z,2026-01-03T00:00:00Z,2027-04-03T00:00:00Z,455,1663973111,RWF
0.releases.85.contracts.0,0.releases.85,0,C1014884812023000033,0dc0b9c0-6b10-4198-867d-d9e698cb4024,Provision of Insurance services cover for Administration Office Complex Building( AOC),This contract shall be effective after its approval by both parties,pending,2024-01-05T00:00:00Z,2026-01-05T00:00:00Z,2027-01-04T00:00:00Z,364,48354340,RWF
0.releases.87.contracts.0,0.releases.87,0,C1014650502023000022,5f593f61-5dc0-4e90-b678-b497f76c96a0,"Service of gym, swimming, sauna, massage, playground and related sports facilities within the city of kigali",No,pending,2026-01-09T00:00:00Z,2026-01-10T00:00:00Z,2027-01-09T00:00:00Z,364,8000,RWF
0.releases.88.contracts.0,0.releases.88,0,C1008058882025000015,3e9dee6d-8884-4f57-b48c-28ddce86ec6c,"Hiring consulting firm to conduct feasibility studies for the development of a Tannery Park Special Economic Zone, including an Environmental Impact Assessment and engineering designs for the SEZ.","3 months contract for Hiring consulting firm to conduct feasibility studies for the development of a Tannery Park Special Economic Zone, including an Environmental Impact Assessment and engineering designs for the SEZ.",active,2025-10-07T00:00:00Z,2025-10-07T00:00:00Z,2026-04-06T00:00:00Z,181,373835283.86,RWF
0.releases.89.contracts.0,0.releases.89,0,C1008058882025000015,3e9dee6d-8884-4f57-b48c-28ddce86ec6c,"Hiring consulting firm to conduct feasibility studies for the development of a Tannery Park Special Economic Zone, including an Environmental Impact Assessment and engineering designs for the SEZ.","3 months contract for Hiring consulting firm to conduct feasibility studies for the development of a Tannery Park Special Economic Zone, including an Environmental Impact Assessment and engineering designs for the SEZ.",active,2025-10-07T00:00:00Z,2025-10-07T00:00:00Z,2026-04-06T00:00:00Z,181,373835283.86,RWF
0.releases.90.contracts.0,0.releases.90,0,C1006003912025000032,a80ec27e-8227-4dc1-a68d-6ce59cb78873,Supply of Cleaning& Hygiene materials,"-As Performance Security, the supplier will be requested to provide the performance securing declaration in place of the performance security stating that this contract will be well executed as stipulated in contract terms. 
However, a performance security will be requested for each purchase order exceeding 20,000,000 Frw.
- Delivery of goods will only be done after the receipt of the purchase order and the delivery period will not exceed 30 days after reception of each purchase order.
- The framework contract period is one year which may be renewed upon evaluation of satisfactory performance of the supplier and upon agreement of the two parties.",pending,2025-12-23T00:00:00Z,2025-12-23T00:00:00Z,2026-12-21T00:00:00Z,363,2440123,RWF
0.releases.91.contracts.0,0.releases.91,0,C1078616252025000029,7951c31a-f0c0-4933-b7f5-5d733a70e308,"Provision of Sports and Recreational Facilities for RFI Staff: Access to Gym, Aerobics, Sauna, and Swimming","The Contractor shall provide access to sports and recreational facilities for RFI staff, including gym/fitness services, aerobics classes, sauna, and swimming pool facilities, under a framework agreement for one (1) year, renewable up to two (2) additional years, subject to satisfactory performance and mutual agreement.",pending,2025-12-22T00:00:00Z,2025-12-22T00:00:00Z,2026-12-14T00:00:00Z,357,26500,RWF
0.releases.92.contracts.0,0.releases.92,0,C1013307382024000036,96f6158c-4c8e-4102-a2e4-d758212cf8d8,"Consultancy Services to provide Design Review, Contract Management and Construction Supervision for the 6 Flood Risk Hotspots Rehabilitation Works",This is ,pending,2024-08-01T00:00:00Z,2024-08-01T00:00:00Z,2026-01-31T00:00:00Z,548,1063417.32,USD
0.releases.93.contracts.0,0.releases.93,0,C1013307382024000036,96f6158c-4c8e-4102-a2e4-d758212cf8d8,"Consultancy Services to provide Design Review, Contract Management and Construction Supervision for the 6 Flood Risk Hotspots Rehabilitation Works",This is ,pending,2024-08-01T00:00:00Z,2024-08-01T00:00:00Z,2026-01-31T00:00:00Z,548,1063417.32,USD
0.releases.95.contracts.0,0.releases.95,0,C1008420232024000006,e9128a41-397a-45dc-8bc3-f0cda3ba9e1c,Provision of cleaning services in Kigeme Hospital,"-  Aya masezerano afite igihe kingana n'Umwaka umwe ushobora kongerwa mugihe rwiyemezamirimo yakoranye neza n'Ibitaro.

-  Factuer yishuza igomba kuza iherekejwe nurutonde rwabakozi rwiyemezamirimo akoresha, abakozi bamusinyiye ko bahembwe.",pending,2026-03-01T00:00:00Z,2026-03-01T00:00:00Z,2027-02-28T00:00:00Z,364,5475200,RWF
0.releases.96.contracts.0,0.releases.96,0,C1013307382024000036,96f6158c-4c8e-4102-a2e4-d758212cf8d8,"Consultancy Services to provide Design Review, Contract Management and Construction Supervision for the 6 Flood Risk Hotspots Rehabilitation Works",This is ,active,2024-08-01T00:00:00Z,2024-08-01T00:00:00Z,2026-01-31T00:00:00Z,548,1063417.32,USD
0.releases.97.contracts.0,0.releases.97,0,C1013307382024000036,96f6158c-4c8e-4102-a2e4-d758212cf8d8,"Consultancy Services to provide Design Review, Contract Management and Construction Supervision for the 6 Flood Risk Hotspots Rehabilitation Works",This is ,active,2024-08-01T00:00:00Z,2024-08-01T00:00:00Z,2026-01-31T00:00:00Z,548,1063417.32,USD
0.releases.98.contracts.0,0.releases.98,0,C1016678342024000009,21789198-3bcd-4dd2-a12d-b29e0fc17a0c,TENDER OF  FRAMEWORK AGREEMENT FOR  SUPPLY  FUEL ,"1. igiciro kizagenderwaho ni igiciro kizaba cyatanzwe na RURA ( igiciro kigaragara kuri pompe)
2. Mugihe ibiciro bizaba byahindutse LUX ENERGY Ltd bazajya bahita babimenyesha ibitaro 
kugirango hamenyekane igiciro kigezweho kigomba kugenderwaho
3.discount y’amafaranga mirongo itatu n'icyenda (39Frws/L ) LUX ENERGY Ltd izajya iyakura   kuri facture   mu gihe cyose   izaba igiye gukora facture.
4. To prioritize the Mibilizi District hospital Fuel in order to respond the emergencies (service)
5. Integrity and reality in implementation of the contract.
6.Timely provide the Fuel with quality and quantity according to contract and the purchase order
7. Delivery  period immediately after received purchase order 
",active,2025-01-04T00:00:00Z,2026-01-04T00:00:00Z,2027-01-03T00:00:00Z,364,1552,RWF
0.releases.99.contracts.0,0.releases.99,0,C1194914752024000001,29cd7be0-9301-4aeb-afda-353102328be2,Providing codification of MINUBUMWE Assets,The supplier shall be paid upon presentation to and approval by the purchaser of an invoice of the goods and supplied and accepted by the purchaser.,active,2024-01-06T00:00:00Z,2026-01-04T00:00:00Z,2027-01-03T00:00:00Z,364,1262,RWF
0.releases.100.contracts.0,0.releases.100,0,C1014745142025000033,3db13ba9-3b9e-470e-831c-f0070f9b0d6e,Supply of office furniture,,active,2026-01-04T00:00:00Z,2026-01-04T00:00:00Z,2026-04-04T00:00:00Z,90,32543220,RWF
0.releases.101.contracts.0,0.releases.101,0,C1016390162025000011,d5306530-b89d-4fd1-b7fa-5a0929f403e0,Tender of purchase Mineral water for staff and others,"This Contract shall be executed in strict compliance with all clauses, terms, and conditions set forth in the Tender Documents, the Price Schedule, and the Price Negotiation Report. These documents form an integral part of this Contract and shall govern the rights and obligations of the Parties.",pending,2025-12-31T00:00:00Z,2025-12-31T00:00:00Z,2026-12-09T00:00:00Z,343,224710,RWF
0.releases.105.contracts.0,0.releases.105,0,C1013307382022000110,01c54f55-a475-4d56-8930-f4c234b38f1b,Tender for maintenance of waste water treatment plant in Gacuriro real estate and IDP models,,pending,2023-01-05T00:00:00Z,2023-01-05T00:00:00Z,2026-04-04T00:00:00Z,1185,83544000,RWF
0.releases.106.contracts.0,0.releases.106,0,C1014884812022000020,cddc1984-086a-4be7-a2b2-4ee960b20451,Transport services for civil servants across the country,This contract will be executed for a period of three (3) years starting from the date after signature by both parties.,pending,2022-11-23T00:00:00Z,2025-11-23T00:00:00Z,2028-11-22T00:00:00Z,1095,4173913,RWF
0.releases.111.contracts.0,0.releases.111,0,C1008344792024000039,56c3cacc-8c01-4db6-9060-bd7233a7544e,Provision of refreshment to the MoH Staffs,This is a framework agreement contract.,active,2024-12-27T00:00:00Z,2025-12-27T00:00:00Z,2026-12-26T00:00:00Z,364,356950,RWF
0.releases.114.contracts.0,0.releases.114,0,C1024201942025000171,62de25a0-eaa3-4b74-83e9-1f94debb9526,Acquisition of Training Consumables and materials for Correctional Facilities,Acquisition of Training Consumables and materials for Correctional Facilities,pending,2025-12-31T00:00:00Z,2025-12-31T00:00:00Z,2026-03-18T00:00:00Z,77,3626730,RWF
0.releases.115.contracts.0,0.releases.115,0,C1024201942025000174,08b9ea35-b8a0-4fb3-b0d0-8131fd139033,Acquisition of Training Consumables and materials for Correctional Facilities,,pending,2025-12-31T00:00:00Z,2025-12-31T00:00:00Z,2026-03-18T00:00:00Z,77,4104984,RWF
0.releases.116.contracts.0,0.releases.116,0,C1018534192026000001,0de63d04-0317-49a3-8e35-0fbd3aaaa8a1,Acquisition of Protocol staff clothes,,pending,2026-01-05T00:00:00Z,2026-01-05T00:00:00Z,2027-01-04T00:00:00Z,364,885000,RWF
0.releases.117.contracts.0,0.releases.117,0,C1017854532025000030,b8107997-a6ab-4052-b510-6bfa3d19b58e,Supply of stationeries and other supplies in Nyamasheke District,The contract will be based on purchase order,pending,2025-12-29T00:00:00Z,2025-12-29T00:00:00Z,2026-12-03T00:00:00Z,339,10006951,RWF
0.releases.121.contracts.0,0.releases.121,0,C1078616252025000024,cc43ea1e-fe73-4007-bf0d-878c25c31e9c,"Provision of Sports and Recreational Facilities for RFI Staff: Access to Gym, Aerobics, Sauna, and Swimming","The Contractor shall provide access to sports and recreational facilities for RFI staff, including gym/fitness services, aerobics classes, sauna, and swimming pool facilities, under a framework agreement for one (1) year, renewable up to two (2) additional years, subject to satisfactory performance and mutual agreement.",pending,2025-12-19T00:00:00Z,2025-12-19T00:00:00Z,2026-12-14T00:00:00Z,360,26800,RWF
0.releases.123.contracts.0,0.releases.123,0,C1014578072023000019,999daf52-0f2b-4e2e-89e9-ed9431fe1754,Provide Services of codification and engraving of RPPA Assets,,pending,2026-01-05T00:00:00Z,2026-01-05T00:00:00Z,2027-01-04T00:00:00Z,364,12980,RWF
0.releases.124.contracts.0,0.releases.124,0,C1014884812024000005,0bfccd1d-fe55-4fbe-8c70-20ff345830ec,Tender for annual provision of sport services and recreational facilities for MININFRA Staff.,This contract shall be effective after its approval by both parties,pending,2024-01-05T00:00:00Z,2026-01-05T00:00:00Z,2027-01-04T00:00:00Z,364,25900,RWF
0.releases.126.contracts.0,0.releases.126,0,C1014884812024000004,77075342-44e6-4160-b4e6-8da086cda52b,Tender for annual provision of sport services and recreational facilities for MININFRA Staff.,This contract shall be effective after its approval by both parties,pending,2024-01-05T00:00:00Z,2026-01-05T00:00:00Z,2027-01-05T00:00:00Z,365,39000,RWF
0.releases.127.contracts.0,0.releases.127,0,C1014884812024000002,2f37c1d2-2c77-4c84-9529-2ff9f25f4ffd,Tender for annual provision of sport services and recreational facilities for MININFRA Staff.,This contract shall be effective after its approval by both parties,pending,2024-01-05T00:00:00Z,2026-01-05T00:00:00Z,2027-01-04T00:00:00Z,364,347020,RWF
0.releases.128.contracts.0,0.releases.128,0,C1014884812024000003,1fb66510-6a78-4175-8bb0-081e84e70a26,Tender for annual provision of sport services and recreational facilities for MININFRA Staff.,This contract shall be effective after its approval by both parties,pending,2024-01-05T00:00:00Z,2026-01-05T00:00:00Z,2027-01-05T00:00:00Z,365,28000,RWF
0.releases.129.contracts.0,0.releases.129,0,C1014884812023000033,0dc0b9c0-6b10-4198-867d-d9e698cb4024,Provision of Insurance services cover for Administration Office Complex Building( AOC),This contract shall be effective after its approval by both parties,pending,2024-01-05T00:00:00Z,2026-01-05T00:00:00Z,2027-01-04T00:00:00Z,364,48354340,RWF
0.releases.136.contracts.0,0.releases.136,0,C1014884812024000001,22929a8c-1668-4a6e-837e-f5593484c567,Tender for annual provision of sport services and recreational facilities for MININFRA Staff.,This contract shall be effective after its approval by both parties,pending,2024-01-05T00:00:00Z,2026-01-05T00:00:00Z,2027-01-04T00:00:00Z,364,7036000,RWF
0.releases.138.contracts.0,0.releases.138,0,C1024201942025000170,0ba21349-cc8c-46b7-8905-93c375ea15ef,Acquisition of Training Consumables and materials for Correctional Facilities,Acquisition of Training Consumables and materials for Correctional Facilities,pending,2025-12-19T00:00:00Z,2025-12-19T00:00:00Z,2026-03-18T00:00:00Z,89,2710932,RWF
0.releases.140.contracts.0,0.releases.140,0,C1133460762025000025,2de12477-a6c4-4f02-8b84-13efb72bb6e4,Annual subscription to digital library,,pending,2025-12-19T00:00:00Z,2025-12-19T00:00:00Z,2026-12-16T00:00:00Z,362,100000,EUR
0.releases.146.contracts.0,0.releases.146,0,C1027608722025000018,df90997d-7760-456b-ac7a-78f1243c363d,"Provision of Printing services (Banners, Books, Booklets and different binding documents..)",This contract is one year renewable upon satisfaction of the client,pending,2025-12-31T00:00:00Z,2025-12-31T00:00:00Z,2026-12-30T00:00:00Z,364,774198,RWF
0.releases.149.contracts.0,0.releases.149,0,C1026431582025000019,4f6299d0-6225-4032-9781-e81f5cf7c85e,Acquisition of Hotel services,,pending,2026-01-05T00:00:00Z,,,,2392000,RWF
0.releases.150.contracts.0,0.releases.150,0,C1078616252025000035,c112411e-800a-4d46-8b93-55177d663501,"Provision of Sports and Recreational Facilities for RFI Staff: Access to Gym, Aerobics, Sauna, and Swimming","The Contractor shall provide access to sports and recreational facilities for RFI staff, including gym/fitness services, aerobics classes, sauna, and swimming pool facilities, under a framework agreement for one (1) year, renewable up to two (2) additional years, subject to satisfactory performance and mutual agreement.",pending,2025-12-24T00:00:00Z,2025-12-24T00:00:00Z,2026-12-14T00:00:00Z,355,38000,RWF
0.releases.157.contracts.0,0.releases.157,0,C1014020452025000026,5a8e206b-5e9b-4783-9ce5-39b87ccdff22,Purchase and distribute  Girinka One Cow Per Poor  Family and its package,ok,pending,2025-12-08T00:00:00Z,2025-12-08T00:00:00Z,2026-12-06T00:00:00Z,363,1071139,RWF
0.releases.160.contracts.0,0.releases.160,0,C1014060982025000034,9861128a-2277-4172-b433-ba6d2a036621,"Supply of chairs,tables, desks and closing placard for new classrooms constructed  at different schools of Gicumbi District  under PPD Basket Fund",the period of contract will be counted from the date of reception of service order,active,2026-01-05T00:00:00Z,2026-01-05T00:00:00Z,2026-04-05T00:00:00Z,90,27995066,RWF
0.releases.163.contracts.0,0.releases.163,0,C1014020452025000002,12b6b1d5-b9ca-4244-9759-4bd75fcf18db,Provision for insurance services for Burera District buildings and movable assets (Framework contract),ok,pending,2025-01-22T00:00:00Z,2025-01-22T00:00:00Z,2027-01-21T00:00:00Z,729,15932557,RWF
0.releases.164.contracts.0,0.releases.164,0,C1014020452024000040,9ad8fd9c-1977-4c62-991e-c8a2545a4419,Supply electricity cash power,ok,pending,2025-01-10T00:00:00Z,2025-01-10T00:00:00Z,2027-01-09T00:00:00Z,729,268,RWF
0.releases.166.contracts.0,0.releases.166,0,C1008420232026000001,a042944d-0115-4e3e-a9b1-731f80e4195c,"Make the ordinary  orientation sign posts,/ banners and posters at hospital","-This contract is a framework for Making the ordinary  orientation sign posts,/ banners and posters at hospital.
- The scope, scale to be provided will depend on service orders issued by Kigeme Hospital Administration.
-The contractor shall be paid after holding purchase order, payment request letter, approved
report and receipt note.
-This contract is for one year which is renewable.",pending,2026-01-04T00:00:00Z,2026-01-04T00:00:00Z,2027-01-02T00:00:00Z,363,2530557,RWF
0.releases.167.contracts.0,0.releases.167,0,C1026431582025000021,8ba0fb9d-2d98-411a-83bf-f5217ff16fb8,Acquisition of Hotel services,,pending,2026-01-05T00:00:00Z,,,,3628146,RWF
0.releases.168.contracts.0,0.releases.168,0,C1024326722024000041,8eb1a445-f3c1-4fe4-82c3-7f718b7fbb2c,Supply of fuel,Framework agreement,pending,2024-08-05T00:00:00Z,2024-08-05T00:00:00Z,2026-08-05T00:00:00Z,730,6417716,RWF
0.releases.169.contracts.0,0.releases.169,0,C1024607482023000057,06079a98-1471-4c3c-8f40-dafd87f3fddb,Provision of Two and three STAR hotel services on annual basis,"This contract is amended in order to renew it for one year starting from 14th December 2025 up to 13th December 2026. The performance security is to be requested when the Service Provider is given a purchase order which exceeds twenty million Rwandan Francs (20,000,000 Frw ).",pending,2025-12-14T00:00:00Z,2025-12-14T00:00:00Z,2026-12-13T00:00:00Z,364,1919705,RWF
0.releases.170.contracts.0,0.releases.170,0,C1024326722024000041,8eb1a445-f3c1-4fe4-82c3-7f718b7fbb2c,Supply of fuel,Framework agreement,pending,2024-08-05T00:00:00Z,2024-08-05T00:00:00Z,2026-08-05T00:00:00Z,730,6417716,RWF
0.releases.174.contracts.0,0.releases.174,0,C1129469182025000001,918862a6-a4c9-461e-89a8-53d1e9d98b6b,Provision of decoration services to NCDA in City of Kigali and Provinces,,pending,2026-01-16T00:00:00Z,2026-01-17T00:00:00Z,2027-01-16T00:00:00Z,364,13129624,RWF
0.releases.175.contracts.0,0.releases.175,0,C1006003752025000038,2927242f-9176-412e-a5c9-f4d1d0475f08,"Supply of Metrology laboratories consumables, measuring equipment accessories and spare parts (framework contract)",Delivery period is 60 days after receiving purchase order,pending,2025-12-31T00:00:00Z,2025-12-31T00:00:00Z,2026-12-10T00:00:00Z,344,8104712,RWF
0.releases.178.contracts.0,0.releases.178,0,C1006003752025000039,c2639ccf-fe8d-4dc3-9d17-0c4d9756eee0,"Supply of Metrology laboratories consumables, measuring equipment accessories and spare parts (framework contract)",Delivery period is 60 days after receiving purchase order.,pending,2025-12-31T00:00:00Z,2025-12-31T00:00:00Z,2026-12-10T00:00:00Z,344,4489847,RWF
0.releases.183.contracts.0,0.releases.183,0,C1033726202025000036,e1852d3f-8fad-45b6-ae35-fa60966d8523,"Supplying, installing, testing, commissioning and maintenance of Solar Water Heating systems in residential and non-residential sector under framework contracts (Recruitment of additional suppliers)",This contract will be effective while approved by the CBM,active,2025-12-29T00:00:00Z,2025-12-29T00:00:00Z,2026-12-29T00:00:00Z,365,2400000,RWF
0.releases.184.contracts.0,0.releases.184,0,C1194914752025000084,08452e56-0284-489a-8ff0-9f1931915f6b,"Tender for conception, design and printing of documents and other material for MINUBUMWE 's events( Certificates,  Umbrellas , pull-up banners, branded t-shirts,…..)",The supplier shall be paid upon presentation to and approval by the purchaser of an invoice of the goods and supplied and accepted by the purchaser.,active,2026-01-04T00:00:00Z,2026-01-04T00:00:00Z,2027-01-04T00:00:00Z,365,3270759,RWF
0.releases.187.contracts.0,0.releases.187,0,C1022690082023000046,6143e718-546b-4087-8226-342c439453c0,Consultancy services for  development of CHUB Mater plan,"The purpose of this amendment is to extend the contract duration equivalent to two months starting from 02/12/2025.


Consultant is requested to update a performance security to cover extended period ",active,2025-08-01T00:00:00Z,2025-08-02T00:00:00Z,2026-02-01T00:00:00Z,183,96465000,RWF
0.releases.188.contracts.0,0.releases.188,0,C1022690082023000046,6143e718-546b-4087-8226-342c439453c0,Consultancy services for  development of CHUB Mater plan,"The purpose of this amendment is to extend the contract duration equivalent to two months starting from 02/12/2025.


Consultant is requested to update a performance security to cover extended period ",active,2025-08-01T00:00:00Z,2025-08-02T00:00:00Z,2026-02-01T00:00:00Z,183,96465000,RWF
0.releases.191.contracts.0,0.releases.191,0,C1013389972025000030,832028c0-6136-4e3e-8b5a-10783349e191,Hotel and Motel services,,pending,2025-12-08T00:00:00Z,2025-12-08T00:00:00Z,2026-12-07T00:00:00Z,364,5281570,RWF
0.releases.195.contracts.0,0.releases.195,0,C1026431582025000027,29cf8d6f-9a05-4b5c-82c6-c8d02615d660,Acquisition of Hotel services,,pending,2026-01-05T00:00:00Z,,,,4426770,RWF
0.releases.196.contracts.0,0.releases.196,0,C1129469182025000002,c40fbfeb-a9f8-47df-95ba-02feb267bc1d,Supply of beverages for NCDA staff ,,pending,2026-01-16T00:00:00Z,2026-01-17T00:00:00Z,2027-01-16T00:00:00Z,364,819392,RWF
0.releases.197.contracts.0,0.releases.197,0,C1024201942025000180,5b25e5dc-d5fc-4e40-9565-dd2c5bc6ea39,Acquisition of CUG (AIRTEL RWANDA) for Rwanda Correctional Service staff,,pending,2025-12-30T00:00:00Z,2025-12-30T00:00:00Z,2026-12-29T00:00:00Z,364,13583,RWF
0.releases.198.contracts.0,0.releases.198,0,C1024607482025000030,a92fc902-dbc1-4869-9283-bda38b072d33,Supply of chalk in all districts on framework contract,This is a central framework agreement on behalf of beneficiary procuring entities. All Districts shall order for supply of chalks under this agreement.,pending,2025-12-29T00:00:00Z,2025-12-29T00:00:00Z,2026-12-08T00:00:00Z,344,80000,RWF
0.releases.199.contracts.0,0.releases.199,0,C1018534192026000002,99da5d68-ded1-4295-87b0-c39760f35c6d,supply of sports wear for minaffet,,pending,2026-01-05T00:00:00Z,2026-01-05T00:00:00Z,2027-01-04T00:00:00Z,364,437003,RWF
0.releases.200.contracts.0,0.releases.200,0,C1024201942024000185,3fe0ee8a-48b7-4153-9e36-ba6135c18dc2,Acquisition of Cement for RCS HQS and correctional facilities,"Acquisition of Cement for RCS HQS and correctional facilities

1.The object of this contract amendment is to change the Unit of Measurement instead of kg change to EA

2.Other articles inclusive in the initial contract remain the same",active,2025-01-03T00:00:00Z,2025-01-03T00:00:00Z,2027-01-02T00:00:00Z,729,26176,RWF
0.releases.205.contracts.0,0.releases.205,0,C1026431582025000026,cbeb1e3d-b580-49d4-ba10-18f39750cf23,Acquisition of Hotel services,,pending,2026-01-05T00:00:00Z,,,,2520896,RWF
0.releases.208.contracts.0,0.releases.208,0,C1017344602025000032,7b39acd5-d69b-4bec-82fc-e6308aa1b246,Annual framework tender for providing the sevice of sonorization in Huye district,,active,2026-01-03T00:00:00Z,2026-01-03T00:00:00Z,2027-01-03T00:00:00Z,365,2197400,RWF
0.releases.210.contracts.0,0.releases.210,0,C1016390162025000011,d5306530-b89d-4fd1-b7fa-5a0929f403e0,Tender of purchase Mineral water for staff and others,"This Contract shall be executed in strict compliance with all clauses, terms, and conditions set forth in the Tender Documents, the Price Schedule, and the Price Negotiation Report. These documents form an integral part of this Contract and shall govern the rights and obligations of the Parties.",pending,2025-12-31T00:00:00Z,2025-12-31T00:00:00Z,2026-12-09T00:00:00Z,343,224710,RWF
0.releases.211.contracts.0,0.releases.211,0,C1006047782022000001,c4494589-7ec4-4e73-8e45-ffb86df48a66,Hiring of two (2) floating consulting Engineers to give a technical support to RUDP II,"This amendment is made to extend the duration of the contract by three (3) months, commencing from January 1, 2026 and concluding on March 31, 2026.",active,2022-03-29T00:00:00Z,2023-03-29T00:00:00Z,2026-03-31T00:00:00Z,1098,218885,RWF
0.releases.214.contracts.0,0.releases.214,0,C1026431582025000015,77dded5e-8e4f-427e-9f4e-6623315df11b,Supply of office Equipment/ Furniture,Framework Contract Awarded for One year,pending,2025-12-15T00:00:00Z,2025-12-15T00:00:00Z,2026-12-07T00:00:00Z,357,466100,RWF
0.releases.215.contracts.0,0.releases.215,0,C1017258792025000008,6f13e203-7505-4ef3-8e1f-277b1b4f8095,"Request for Expressions of Interest for Supervision of the food court/Park project, focusing on green building initiatives and environmental sustainability","This first contract extension period is fifty eight (58) consecutive days, calculated from the end date of the initial contract.",pending,2025-11-10T00:00:00Z,2025-11-10T00:00:00Z,2026-01-07T00:00:00Z,58,129500000,RWF
0.releases.216.contracts.0,0.releases.216,0,C1017258792025000008,6f13e203-7505-4ef3-8e1f-277b1b4f8095,"Request for Expressions of Interest for Supervision of the food court/Park project, focusing on green building initiatives and environmental sustainability","This first contract extension period is fifty eight (58) consecutive days, calculated from the end date of the initial contract.",pending,2025-11-10T00:00:00Z,2025-11-10T00:00:00Z,2026-01-07T00:00:00Z,58,129500000,RWF
0.releases.217.contracts.0,0.releases.217,0,C1018645672024000001,22ee43e8-e626-46a3-b803-5a765dc56829, Security service to  Southern Province,,active,2025-03-14T00:00:00Z,2025-03-14T00:00:00Z,2026-03-13T00:00:00Z,364,403560,RWF
0.releases.218.contracts.0,0.releases.218,0,C1018988172025000024,99fc3f79-4a67-427c-a514-4e0b565728d4,Installation of water purification system for safe water for drinking,This contract of installation water purification system in Butaro Level Two Teaching Hospital ,pending,2025-12-29T00:00:00Z,2025-12-29T00:00:00Z,2026-06-22T00:00:00Z,175,6254000,RWF
0.releases.219.contracts.0,0.releases.219,0,C1026431582025000025,eea204af-a443-4127-9bb5-a8e81f3785f2,Acquisition of Hotel services,,pending,2026-01-05T00:00:00Z,,,,7813370,RWF
0.releases.223.contracts.0,0.releases.223,0,C1008412802025000012,83e37510-8ec2-40e9-8c68-e827013b9a91,Supply of Medical Drugs& Consumables,"clarified that: Polishing strip (1piece) means or equal to  1 box of 12pices for 20000frw
Calcium hydroxide Cement Dycal (piece) will deliver Intracanal
Surgicalbur,fissure burs for straight hand (1piece) means or equal (carbide 1box of 5pieces) for 34000frw
Surgicalbur,fissure burs for high speed hand (1piece) means or equal to (carbide 1box of 5 pieces) for 34000frw
pouches (1pice) means or equal to (1box with 200 pieces) for 33000frw",active,2026-01-05T00:00:00Z,2026-01-05T00:00:00Z,2027-01-05T00:00:00Z,365,1023000,RWF
0.releases.226.contracts.0,0.releases.226,0,C1014884812023000033,0dc0b9c0-6b10-4198-867d-d9e698cb4024,Provision of Insurance services cover for Administration Office Complex Building( AOC),This contract shall be effective after its approval by both parties,pending,2024-01-05T00:00:00Z,2026-01-05T00:00:00Z,2027-01-04T00:00:00Z,364,48354340,RWF
0.releases.227.contracts.0,0.releases.227,0,C1014884812023000033,0dc0b9c0-6b10-4198-867d-d9e698cb4024,Provision of Insurance services cover for Administration Office Complex Building( AOC),This contract shall be effective after its approval by both parties,active,2024-01-05T00:00:00Z,2026-01-05T00:00:00Z,2027-01-04T00:00:00Z,364,48354340,RWF
0.releases.228.contracts.0,0.releases.228,0,C1014884812024000002,2f37c1d2-2c77-4c84-9529-2ff9f25f4ffd,Tender for annual provision of sport services and recreational facilities for MININFRA Staff.,This contract shall be effective after its approval by both parties,active,2024-01-05T00:00:00Z,2026-01-05T00:00:00Z,2027-01-04T00:00:00Z,364,347020,RWF
0.releases.229.contracts.0,0.releases.229,0,C1014884812024000004,77075342-44e6-4160-b4e6-8da086cda52b,Tender for annual provision of sport services and recreational facilities for MININFRA Staff.,This contract shall be effective after its approval by both parties,active,2024-01-05T00:00:00Z,2026-01-05T00:00:00Z,2027-01-05T00:00:00Z,365,39000,RWF
0.releases.230.contracts.0,0.releases.230,0,C1014884812024000003,1fb66510-6a78-4175-8bb0-081e84e70a26,Tender for annual provision of sport services and recreational facilities for MININFRA Staff.,This contract shall be effective after its approval by both parties,active,2024-01-05T00:00:00Z,2026-01-05T00:00:00Z,2027-01-05T00:00:00Z,365,28000,RWF
0.releases.231.contracts.0,0.releases.231,0,C1014884812024000005,0bfccd1d-fe55-4fbe-8c70-20ff345830ec,Tender for annual provision of sport services and recreational facilities for MININFRA Staff.,This contract shall be effective after its approval by both parties,active,2024-01-05T00:00:00Z,2026-01-05T00:00:00Z,2027-01-04T00:00:00Z,364,25900,RWF
0.releases.232.contracts.0,0.releases.232,0,C1016877032023000023,bb0fcf50-de3c-4e2b-8cff-7c9cd3b0054a,Tender for Security Service,"This contract is extended by one year, starting from January 10, 2026, and ending on January 9, 2027. However, the contract should be terminated any time, and you should be informed within 30 days.",pending,2026-01-10T00:00:00Z,2026-01-10T00:00:00Z,2027-01-09T00:00:00Z,364,1350000,RWF
0.releases.233.contracts.0,0.releases.233,0,C1014884812024000001,22929a8c-1668-4a6e-837e-f5593484c567,Tender for annual provision of sport services and recreational facilities for MININFRA Staff.,This contract shall be effective after its approval by both parties,active,2024-01-05T00:00:00Z,2026-01-05T00:00:00Z,2027-01-04T00:00:00Z,364,7036000,RWF
0.releases.235.contracts.0,0.releases.235,0,C1018534192024000009,3615972d-1844-44f6-8bf7-a593fa19cffd,Provision of sports services to MINAFFET staff,OK,active,2024-12-03T00:00:00Z,2024-12-03T00:00:00Z,2026-12-02T00:00:00Z,729,81420,RWF
0.releases.236.contracts.0,0.releases.236,0,C1018534192024000010,49a413ad-0b9a-47ce-b027-08bd2006516a,Provision of sports services to MINAFFET staff,OK,active,2024-12-03T00:00:00Z,2024-12-03T00:00:00Z,2026-12-02T00:00:00Z,729,8000,RWF
0.releases.237.contracts.0,0.releases.237,0,C1018534192024000012,fb37cfe6-22a7-4679-8d55-183b9033b045,Provision of sports services to MINAFFET staff,,active,2024-12-10T00:00:00Z,2024-12-10T00:00:00Z,2026-12-09T00:00:00Z,729,18880,RWF
0.releases.238.contracts.0,0.releases.238,0,C1018534192024000011,38b27186-c5fb-44d3-aa75-8b517c342409,Provision of sports services to MINAFFET staff,ok,active,2024-12-03T00:00:00Z,2024-12-03T00:00:00Z,2026-12-02T00:00:00Z,729,42480,RWF
0.releases.239.contracts.0,0.releases.239,0,C1018534192024000013,2efa18e2-c977-43ab-87e2-2d49490e8eb6,Provision of sports services to MINAFFET staff,,active,2024-12-03T00:00:00Z,2024-12-03T00:00:00Z,2026-12-02T00:00:00Z,729,53100,RWF
0.releases.240.contracts.0,0.releases.240,0,C1026431582025000023,3f410c46-c0e8-4f8b-a673-0b17ab13b9c4,Acquisition of Hotel services,,pending,2026-01-05T00:00:00Z,,,,2159713,RWF
0.releases.241.contracts.0,0.releases.241,0,C1019147382024000034,094c7b63-06a0-4edb-991e-e631911e571f,Tender for cleaning services of public places in Kinazi sector,"this is framework contract for Tender of cleaning of Public place Kinazi sector
supplier must perform well for all require task on time as specify in tender document.

contract must provide performance security declaration.
we amend this contract for the purpose of extension two months of working period
",active,2024-12-30T00:00:00Z,2025-01-01T00:00:00Z,2026-03-01T00:00:00Z,424,590000,RWF
0.releases.243.contracts.0,0.releases.243,0,C1019147382024000033,ee052d19-9c02-44b9-99d7-1380fc46d147,Tender for office supply and stationary,"Supplier must supply full specification need as requested in bidding document as full based  during within  5 days after receiving purchase order or other requested document.
Base on Article 109 for Ministerial Order n° 001/23/10/ TC of 10/10/2023 establishing regulations governing public procurement , you must respect content of paragraph 5  (For a framework agreement, the procuring entity requires the performance security 
per each purchase order exceeding FRW 20,000,000.) where the contract is signed for unit price  as framework contract where the quantity can be increase or decrease
Before signing contract supplier must provide performance security declaration.",active,2025-12-12T00:00:00Z,2025-12-12T00:00:00Z,2026-12-11T00:00:00Z,364,934819,RWF
0.releases.244.contracts.0,0.releases.244,0,C1019147382024000032,5a6a8389-243b-4f08-ac14-1595ecd20bb7,Supply of office Beverages,"Supplier must supply full specification need as requested in bidding document as full based  during within  5 days after receiving purchase order or other requested document.
Base on Article 109 for Ministerial Order n° 001/23/10/ TC of 10/10/2023 establishing regulations governing public procurement , you must respect content of paragraph 5  (For a framework agreement, the procuring entity requires the performance security 
per each purchase order exceeding FRW 20,000,000.) where the contract is signed for unit price  as framework contract where the quantity can be increase or decrease
Before signing contract supplier must provide performance security declaration.
",active,2025-12-11T00:00:00Z,2025-12-12T00:00:00Z,2026-12-11T00:00:00Z,364,920534,RWF
0.releases.245.contracts.0,0.releases.245,0,C1222010062025000031,ba26010c-333e-4a83-b900-f99fc1a23773,"Hiring service provider to provide technical assistance for readiness to certification for agricultural export products (Coffee, Tea and Horticulture)",,pending,2026-01-05T00:00:00Z,2026-01-05T00:00:00Z,2026-12-10T00:00:00Z,339,3599000,RWF
0.releases.246.contracts.0,0.releases.246,0,C1024326722024000041,8eb1a445-f3c1-4fe4-82c3-7f718b7fbb2c,Supply of fuel,Framework agreement,active,2024-08-05T00:00:00Z,2024-08-05T00:00:00Z,2026-08-05T00:00:00Z,730,6417716,RWF
0.releases.247.contracts.0,0.releases.247,0,C1006003912025000033,bdd57d9f-3abb-42cc-adf9-b0471161e883,Recruitment of a Bailiff (Retendered),"- The total contract amount will be determined by the service delivered
- The Contract period will be one (1) year renewable upon satisfactory performance and agreement of the two parties. 
- Obligations and duties of parties are detailed in the contract here attached in the contract documents.",active,2025-12-31T00:00:00Z,2025-12-31T00:00:00Z,2026-12-31T00:00:00Z,365,136408,RWF
0.releases.248.contracts.0,0.releases.248,0,C1024607482026000001,9d7c35ea-fa0d-4289-b2bd-349865815ef3,Supply of Wall Charts to Non-Formal ECD Centers,This is a initial framework contract signed for one year which can be renewed twice,pending,2026-01-05T00:00:00Z,2026-01-05T00:00:00Z,2027-01-04T00:00:00Z,364,51982,RWF
0.releases.249.contracts.0,0.releases.249,0,C1026431582025000028,9df3c753-c646-4c0b-bc68-1c40159f204e,Acquisition of Hotel services,,pending,2026-01-05T00:00:00Z,,,,6980290,RWF
0.releases.251.contracts.0,0.releases.251,0,C1025683162023000078,6676ed3c-aa44-4d10-9177-ad7b905fec5e,MAINTENANCE AND REPAIRS OF GENERAL ELECTRIC IMAGING EQUIPMENT AND THEIR ACCESSORIES,The duration of the contract for MAINTENANCE AND REPAIRS OF GENERAL ELECTRIC IMAGING EQUIPMENT AND THEIR ACCESSORIES is one year from 29/12/2025,pending,2023-12-29T00:00:00Z,2023-12-29T00:00:00Z,2026-12-28T00:00:00Z,1095,585446707,RWF
0.releases.254.contracts.0,0.releases.254,0,C1019320002025000028,79510841-281f-4b6e-a047-27f37613649f,"Rehabilitation and extension of Nyakagezi-Gikonko,  Murambi-Save Water supply system",,active,2025-06-24T00:00:00Z,2025-06-24T00:00:00Z,2026-03-08T00:00:00Z,257,999801741,RWF
0.releases.255.contracts.0,0.releases.255,0,C1008412802025000010,f8a6fde3-d955-435e-92bb-5b829c9bd699,Supply of Electricity,ok,pending,2025-12-30T00:00:00Z,2025-12-30T00:00:00Z,2026-12-30T00:00:00Z,365,253,RWF
0.releases.256.contracts.0,0.releases.256,0,C1085313022024000023,c6bfd594-b652-4f7e-9b0e-fadde87b8964,Catering services to Rwanda FDA staff,The agreement was extended for a period of one year,pending,2025-01-13T00:00:00Z,2025-01-16T00:00:00Z,2027-01-18T00:00:00Z,732,6490,RWF
0.releases.261.contracts.0,0.releases.261,0,C1136916872024000026,70d53144-964e-4704-8652-428870f6427a,Recruitment of an Individual consultant to scale up of vermicompost and animal protein feeds production(re-advertised),The amendment N0 2 to the contract concerns the extension period of 2 months (60 days) from 3/01/2026 up to 3/03/2026.,active,2025-01-03T00:00:00Z,2025-01-03T00:00:00Z,2026-03-03T00:00:00Z,424,23327647,RWF
0.releases.266.contracts.0,0.releases.266,0,C1026431582025000031,59ac4a4b-3426-4e08-960a-e6682d6efcca,Acquisition of Hotel services,,pending,2026-01-05T00:00:00Z,,,,5845513,RWF
0.releases.267.contracts.0,0.releases.267,0,C1013364812025000003,12f9bae7-14d6-4c06-97d7-c92c22ba97ec,Tender for supervision of works of rehabilitation of Mutagata and Musenge water pumps and connected water networks,"1. Tender for supervision of works of rehabilitation of Mutagata and Musenge water pumps and connected water networks

",pending,2026-01-06T00:00:00Z,2026-01-06T00:00:00Z,2026-02-05T00:00:00Z,30,20000000,RWF
0.releases.268.contracts.0,0.releases.268,0,C1017640652025000045,edfb14b4-be4f-4831-98c6-c9712d804e1c,Hiring Insurance for other RDB IT equipments,Hiring Insurance for other RDB IT equipment,active,2025-12-29T00:00:00Z,2026-01-13T00:00:00Z,2027-01-12T00:00:00Z,364,11611285,RWF
0.releases.272.contracts.0,0.releases.272,0,C1018806032024000019,9983bf32-8385-448c-a028-36abf86da764,Repair and maintain hospital Incinerator and spare parts,Amendment on Framework agreement for Repair and maintain hospital Incinerator and spare parts,pending,2025-01-09T00:00:00Z,2025-01-09T00:00:00Z,2027-01-08T00:00:00Z,729,11477399,RWF
0.releases.275.contracts.0,0.releases.275,0,C1025683162024000014,9a969e5e-f8cb-44c5-b903-e10b6c24aa7a,"Tender for airing Radio/TV programs, and adverts, and announcement","The contract period is one year renewable
The performance guarantee of each purchase order will be provided as following: 
(a) 5% of the value of the purchase order exceed FRW 500,000,000;
(b) 6% of the value of the purchase order is between FRW 100,000,000 FRW to 
FRW 500,000,000;
(c) 7% of the value of the purchase order is between FRW 50,000,000 to FRW 
100,000,000
(d) 10% of the value of the purchase order is between FRW 20,000,000 to FRW 50,000,000.",pending,2026-01-26T00:00:00Z,2026-01-26T00:00:00Z,2027-01-25T00:00:00Z,364,5115831,RWF
0.releases.276.contracts.0,0.releases.276,0,C1025683162024000004,1e221301-8d08-4870-ac0b-36f5340e26c3,"Tender for airing Radio/TV programs, and adverts, and announcement","The contract period is one year renewable
The performance guarantee of each purchase order will be provided as following: 
(a) 5% of the value of the purchase order exceed FRW 500,000,000;
(b) 6% of the value of the purchase order is between FRW 100,000,000 FRW to 
FRW 500,000,000;
(c) 7% of the value of the purchase order is between FRW 50,000,000 to FRW 
100,000,000
(d) 10% of the value of the purchase order is between FRW 20,000,000 to FRW 50,000,000.",pending,2026-01-26T00:00:00Z,2026-01-26T00:00:00Z,2027-01-25T00:00:00Z,364,42713806,RWF
0.releases.277.contracts.0,0.releases.277,0,C1022690082023000058,f6879520-8622-4256-984b-e7d213c19154,Construction works of the High Level Isolation Unit, Harmonizing effective date of e-procurement system as recommended by PTC  minutes of 11/11/2025.,pending,2025-11-12T00:00:00Z,2025-11-14T00:00:00Z,2026-07-30T00:00:00Z,258,5187773638,RWF
0.releases.278.contracts.0,0.releases.278,0,C1025683162024000005,197a4b89-a600-4d91-8aba-52e0fb345838,"Tender for airing Radio/TV programs, and adverts, and announcement","The contract period is one year renewable
The performance guarantee of each purchase order will be provided as following: 
(a) 5% of the value of the purchase order exceed FRW 500,000,000;
(b) 6% of the value of the purchase order is between FRW 100,000,000 FRW to 
FRW 500,000,000;
(c) 7% of the value of the purchase order is between FRW 50,000,000 to FRW 
100,000,000
(d) 10% of the value of the purchase order is between FRW 20,000,000 to FRW 50,000,000.",pending,2026-01-26T00:00:00Z,2026-01-26T00:00:00Z,2027-01-25T00:00:00Z,364,11938883,RWF
0.releases.279.contracts.0,0.releases.279,0,C1026431582025000032,dd56a2c0-a9ca-4dbc-bba1-0291fda658c3,Acquisition of Hotel services,,pending,2026-01-05T00:00:00Z,,,,8383900,RWF
0.releases.282.contracts.0,0.releases.282,0,C1013940542024000048,0dd67f24-2034-4ad3-8d95-97e2bcb19091,Hiring of local media outlets' services for REMA,"This contract is for a period of one-year renewable. The Service provider shall not before signature of this contract provide a performance security. Nevertheless, Whenever the client issues the purchase order which is above 20,000,000Rwf, a performance guarantee of 10% shall be always submitted by the Service provider before delivery or Implementation. On the other hand, the successful bidder will submit the performance securing declaration where the amount does not exceed 20,000,000Rwf. Refer to the  Ministerial Order n° 001/23/10/ TC of 10/10/2023 establishing regulations governing public procurement on Article 109 paragraph 4&5.",active,2025-01-01T00:00:00Z,2025-01-01T00:00:00Z,2026-12-31T00:00:00Z,729,12837338,RWF
0.releases.283.contracts.0,0.releases.283,0,C1013940542024000051,384326c2-6236-41fe-994b-65c2326074bd,Hiring of local media outlets' services for REMA,"This contract is for a period of one-year renewable. The Service provider shall not before signature of this contract provide a performance security instead the service provider shall provide a signed performance declaration commitment letter. Nevertheless, the Service provider shall submit Performance security and the  amount may be a percentage of the contract/Purchase order value as follows:
(a) 5% of the value of the contract whose value exceed FRW 500,000,000;
(b) 6% of the contract price whose value between FRW 100,000,000 FRW to FRW 500,000,000;
(c) 7% of the contract price whose value is between FRW 50,000,000 to FRW 100,000,000;
(d) 10% per cent of the contract price whose value is between FRW 20,000,000 to FRW 50,000,000.",active,2025-01-01T00:00:00Z,2025-01-01T00:00:00Z,2026-01-01T00:00:00Z,365,20927890,RWF
0.releases.284.contracts.0,0.releases.284,0,C1134937872025000012,08c9c8e1-c486-45c7-9e09-89f39924efad,"Hiring broadcasting media houses to provide NESA with Radio ,television and online services ( Under Framework contract)",,pending,2025-06-11T00:00:00Z,2025-06-11T00:00:00Z,2026-06-10T00:00:00Z,364,64365862,RWF
0.releases.285.contracts.0,0.releases.285,0,C1013940542024000047,49b976bc-0f4c-4ac8-a6d4-6bb5eaff6c50,Hiring of local media outlets' services for REMA,"This contract is for a period of one-year renewable. The Service provider shall not before signature of this contract provide a performance security. Nevertheless, Whenever the client issues the purchase order which is above 20,000,000Rwf, a performance guarantee of 10% shall be always submitted by the Service provider before delivery or Implementation. On the other hand, the successful bidder will submit the performance securing declaration where the amount does not exceed 20,000,000Rwf. Refer to the  Ministerial Order n° 001/23/10/ TC of 10/10/2023 establishing regulations governing public procurement on Article 109 paragraph 4&5.",active,2025-01-01T00:00:00Z,2025-01-01T00:00:00Z,2026-12-31T00:00:00Z,729,14412532,RWF
0.releases.288.contracts.0,0.releases.288,0,C1013940542024000049,9cc68f08-0029-44ff-a4b9-c2f0f3e425a4,Hiring of local media outlets' services for REMA,"This contract is for a period of one-year renewable. The Service provider shall not before signature of this contract provide a performance security. Nevertheless, Whenever the client issues the purchase order which is above 20,000,000Rwf, a performance guarantee of 10% shall be always submitted by the Service provider before delivery or Implementation. On the other hand, the successful bidder will submit the performance securing declaration where the amount does not exceed 20,000,000Rwf. Refer to the  Ministerial Order n° 001/23/10/ TC of 10/10/2023 establishing regulations governing public procurement on Article 109 paragraph 4&5.",active,2025-01-01T00:00:00Z,2025-01-01T00:00:00Z,2026-12-31T00:00:00Z,729,16192196,RWF
0.releases.289.contracts.0,0.releases.289,0,C1020432832025000044,8ce38dd4-1243-436b-b66d-c753c0d29b0a,Urgent works of rehabilitation /Repair of damaged Road Sections Located on Kamuhanda-Kabuga-Ngamba-Rukoma -Gacurabwenge Unpaved District  Road under Design and Build Approach,"he Performance Security will be in the form of a “demand guarantee” in the amount(s) of nine percent (9%) of the Accepted Contract Amount and in the same currency (ies) of the Accepted Contract Amount. 
The ES Performance Security will be in the form of a “demand guarantee” in the amount(s) of one percent (1%) of the Accepted Contract Amount and in the same currency (ies) of the Accepted Contract Amount.
Both Performance and ESHS Performance Guarantees should be only issued by a bank. If the bank is located outside the Employer’s Country, the issuing bank shall have a correspondent bank located in the Employer's Country to make it enforceable.
",pending,2025-11-24T00:00:00Z,2025-11-24T00:00:00Z,2027-02-20T00:00:00Z,453,4755188094,RWF
0.releases.290.contracts.0,0.releases.290,0,C1026431582025000033,01cff7df-aba7-4987-8f36-98020dd1a31d,Acquisition of Hotel services,,pending,2026-01-05T00:00:00Z,,,,3938840,RWF
0.releases.295.contracts.0,0.releases.295,0,C1008412802025000010,f8a6fde3-d955-435e-92bb-5b829c9bd699,Supply of Electricity,ok,active,2025-12-30T00:00:00Z,2025-12-30T00:00:00Z,2026-12-30T00:00:00Z,365,253,RWF
0.releases.297.contracts.0,0.releases.297,0,C1194914752025000089,7e489ee2-6e4b-47e2-a7b0-1002bc1dbf93,Hiring service provider for Maintenance and Repairs of Vehicles (Garage services) under framework contract,The supplier shall be paid upon presentation to and approval by the purchaser of an invoice of the goods and supplied and accepted by the purchaser.,pending,2025-12-28T00:00:00Z,2025-12-28T00:00:00Z,2026-12-27T00:00:00Z,364,17094542,RWF
0.releases.298.contracts.0,0.releases.298,0,C1111938272023000016,e80ce7f5-0b1d-4bbf-8339-078770daeb77,Supply of Fuel,"This contract is a framework contract.The contract price is  1624 Frw/ 1 litter of Mazout and 1629 Frw/1 litter of Essence; the Supplier offered the Discount of 11 Frw/1 litter of Mazout, and a discout of 11 Frw/1 litter of Essence
The price per 1 litter of fuel may be adjusted directly to the new tariff from competent institution (RURA) and RWB will pay accordingly",pending,2024-01-19T00:00:00Z,2024-01-19T00:00:00Z,2027-01-18T00:00:00Z,1095,3253,RWF
0.releases.299.contracts.0,0.releases.299,0,C1020583772024000021,79c50888-4133-481a-b8d3-09a7c1fc8815,Extension and maintenance of public light in NyagatareDistrict,The contract shall become effective on the date of its approval  by the chief budget manager in umucyo e-procurement system,active,2024-12-31T00:00:00Z,2024-12-31T00:00:00Z,2026-12-30T00:00:00Z,729,156800376,RWF
0.releases.300.contracts.0,0.releases.300,0,C1026431582025000022,cac44a75-2a97-48a7-9f73-8b9ff1d8af1a,Acquisition of Hotel services,,pending,2026-01-05T00:00:00Z,,,,5540504,RWF
0.releases.302.contracts.0,0.releases.302,0,C1020603672025000036,b83b820e-fa27-43d7-a629-edc1294109ca,"Supply and Installation of Curtains at Mugano, Nyarwungo and Nyamagabe Maternity","The duration of this contract is Six (6) Months starting from the date of its signature by both parties.

-   This contract will be executed by purchase order.

-    Delivery of goods, the supplier has 30 days to deliver goods after receiving a purchase order.

-    The place of delivery is at Nyamagabe, Mugano and Nyarwungo Maternity in Nyamagabe District",pending,2025-07-05T00:00:00Z,2025-07-05T00:00:00Z,2026-01-05T00:00:00Z,184,10874880,RWF
0.releases.305.contracts.0,0.releases.305,0,C1018950862025000027,363b5fc4-01d7-4893-af9b-f21aeb7aff30,Location véhicule et Moto pour le personnel du District de Nyanza,"The maximum percentage by which quantities may be increased or decreased is 20 %.
The duration for the execution of the contract is:  One year renewable (under framework agreement) upon satisfaction by the client.
The delivery period is 24 hours after reception of purchase order.
",pending,2025-12-29T00:00:00Z,2025-12-29T00:00:00Z,2026-12-28T00:00:00Z,364,3994700,RWF
0.releases.306.contracts.0,0.releases.306,0,C1024607482023000056,6d93fcd4-98ed-467c-9fb4-88b0c5397d02,Provision of Two and three STAR hotel services on annual basis,"This contract is amended in order to renew it for one year starting from 22nd December 2025 up to 21st December 2026. The performance security is to be requested when the Service Provider is given a purchase order which exceeds twenty million Rwandan Francs (20,000,000 Frw ).",pending,2025-12-22T00:00:00Z,2025-12-22T00:00:00Z,2026-12-21T00:00:00Z,364,1470203,RWF
0.releases.307.contracts.0,0.releases.307,0,C1024607482023000047,41571cbb-058d-4419-88a6-04a2e3af7fbe,Provision of Two and three STAR hotel services on annual basis,"This contract is amended in order to renew it for one year starting from 22nd December 2025 up to 21st December 2026. The performance security is to be requested when the Service Provider is given a purchase order which exceeds twenty million Rwandan Francs (20,000,000 Frw ).",pending,2025-12-22T00:00:00Z,2025-12-22T00:00:00Z,2026-12-21T00:00:00Z,364,2903020,RWF
0.releases.309.contracts.0,0.releases.309,0,C1017258792025000008,6f13e203-7505-4ef3-8e1f-277b1b4f8095,"Request for Expressions of Interest for Supervision of the food court/Park project, focusing on green building initiatives and environmental sustainability","This first contract extension period is fifty eight (58) consecutive days, calculated from the end date of the initial contract.",active,2025-11-10T00:00:00Z,2025-11-10T00:00:00Z,2026-01-07T00:00:00Z,58,129500000,RWF
0.releases.310.contracts.0,0.releases.310,0,C1017258792025000008,6f13e203-7505-4ef3-8e1f-277b1b4f8095,"Request for Expressions of Interest for Supervision of the food court/Park project, focusing on green building initiatives and environmental sustainability","This first contract extension period is fifty eight (58) consecutive days, calculated from the end date of the initial contract.",active,2025-11-10T00:00:00Z,2025-11-10T00:00:00Z,2026-01-07T00:00:00Z,58,129500000,RWF
0.releases.313.contracts.0,0.releases.313,0,C1008420232026000001,a042944d-0115-4e3e-a9b1-731f80e4195c,"Make the ordinary  orientation sign posts,/ banners and posters at hospital","-This contract is a framework for Making the ordinary  orientation sign posts,/ banners and posters at hospital.
- The scope, scale to be provided will depend on service orders issued by Kigeme Hospital Administration.
-The contractor shall be paid after holding purchase order, payment request letter, approved
report and receipt note.
-This contract is for one year which is renewable.",active,2026-01-05T00:00:00Z,2026-01-05T00:00:00Z,2027-01-05T00:00:00Z,365,2530557,RWF
0.releases.314.contracts.0,0.releases.314,0,C1031240742024000036,97f6cea4-40d0-4020-acf6-26778177acf1,Supply of office stationeries,"1.The contract execution period is One (1) year renewable basing on good performance by the supplier;
2.Delay penalty is 1/1000 per day of delay;
3. Delivery period will be within fifteen (15) calendar days after the receipt of the purchase order by the Supplier.

Contract Management:
==================
1. Contract Manager: HATEGEKIMANA Jean, Logistics Officer, Telephone: 0788599461 and Email: jhategekimana@minema.gov.rw 
2.Co-contract Manager: HAKIZIMANA Christian, Logistics Officer, Telephone: 0781216897 and Email: chakizimana@minema.gov.rw
",pending,2025-01-17T00:00:00Z,2025-01-17T00:00:00Z,2027-01-16T00:00:00Z,729,1404036,RWF
0.releases.315.contracts.0,0.releases.315,0,C1013364812025000003,12f9bae7-14d6-4c06-97d7-c92c22ba97ec,Tender for supervision of works of rehabilitation of Mutagata and Musenge water pumps and connected water networks,"1. Tender for supervision of works of rehabilitation of Mutagata and Musenge water pumps and connected water networks

",active,2026-01-06T00:00:00Z,2026-01-06T00:00:00Z,2026-02-05T00:00:00Z,30,20000000,RWF
0.releases.316.contracts.0,0.releases.316,0,C1024607482024000003,84b69400-10b9-48c3-9599-818e6178c7a2,"Printing, Binding, Sewing, Packaging and Distribution of Primary and Secondary Textbooks","	
The purpose of contract amendment is the contract period extension up to 30/04/2025.",pending,2024-03-14T00:00:00Z,2024-03-14T00:00:00Z,2026-04-30T00:00:00Z,777,663952000,RWF
0.releases.317.contracts.0,0.releases.317,0,C1024607482024000003,84b69400-10b9-48c3-9599-818e6178c7a2,"Printing, Binding, Sewing, Packaging and Distribution of Primary and Secondary Textbooks","	
The purpose of contract amendment is the contract period extension up to 30/04/2025.",pending,2024-03-14T00:00:00Z,2024-03-14T00:00:00Z,2026-04-30T00:00:00Z,777,663952000,RWF
0.releases.319.contracts.0,0.releases.319,0,C1013364812025000041,d70c4423-54f0-4f92-be01-dc1e7a33f734,Execution works for Construction of Gitanda health center,"1.Advance payment of 20% of total contract price equivalent to 265,502,234rwf  shall be paid to the contractor after approval of project review and submission of advance guarantee of 100% of the amount of advance to be paid.

2.The total contract cost of 1,327,511,170 rwf will be paid progressively according to the certified and approved invoices. Payments shall be adjusted for deductions for advance payments.

3.The first invoice shall be submitted once the works progress is greater than 20%.
",pending,2026-01-05T00:00:00Z,2026-01-05T00:00:00Z,2026-11-30T00:00:00Z,329,1327511170,RWF
0.releases.321.contracts.0,0.releases.321,0,C1033726202025000035,aa865837-ff22-4421-bb7a-567103850c54,"Supplying, installing, testing, commissioning and maintenance of Solar Water Heating systems in residential and non-residential sector under framework contracts (Recruitment of additional suppliers)",This contract will be effective while approved by the CBM ,pending,2025-12-17T00:00:00Z,2025-12-17T00:00:00Z,2026-12-01T00:00:00Z,349,5456885,RWF
0.releases.322.contracts.0,0.releases.322,0,C1078616252025000028,7d937807-0f7a-42c5-921c-b419104fd9e9,"Provision of Sports and Recreational Facilities for RFI Staff: Access to Gym, Aerobics, Sauna, and Swimming","The Contractor shall provide access to sports and recreational facilities for RFI staff, including gym/fitness services, aerobics classes, sauna, and swimming pool facilities, under a framework agreement for one (1) year, renewable up to two (2) additional years, subject to satisfactory performance and mutual agreement.",pending,2025-12-22T00:00:00Z,2025-12-22T00:00:00Z,2026-12-14T00:00:00Z,357,21500,RWF
0.releases.325.contracts.0,0.releases.325,0,C1078616252025000026,4bbea2c1-bef4-4f62-bd3a-5667c7418cef,"Provision of Sports and Recreational Facilities for RFI Staff: Access to Gym, Aerobics, Sauna, and Swimming","The Contractor shall provide access to sports and recreational facilities for RFI staff, including gym/fitness services, aerobics classes, sauna, and swimming pool facilities, under a framework agreement for one (1) year, renewable up to two (2) additional years, subject to satisfactory performance and mutual agreement.",pending,2025-12-22T00:00:00Z,2025-12-22T00:00:00Z,2026-12-14T00:00:00Z,357,12000,RWF
0.releases.326.contracts.0,0.releases.326,0,C1078616252025000025,e3a2efe1-d406-478c-842e-404aa3b90df8,"Provision of Sports and Recreational Facilities for RFI Staff: Access to Gym, Aerobics, Sauna, and Swimming","The Contractor shall provide access to sports and recreational facilities for RFI staff, including gym/fitness services, aerobics classes, sauna, and swimming pool facilities, under a framework agreement for one (1) year, renewable up to two (2) additional years, subject to satisfactory performance and mutual agreement.",pending,2025-12-22T00:00:00Z,2025-12-22T00:00:00Z,2026-12-14T00:00:00Z,357,36000,RWF
0.releases.327.contracts.0,0.releases.327,0,C1020603672025000036,b83b820e-fa27-43d7-a629-edc1294109ca,"Supply and Installation of Curtains at Mugano, Nyarwungo and Nyamagabe Maternity","The duration of this contract is Six (6) Months starting from the date of its signature by both parties.

-   This contract will be executed by purchase order.

-    Delivery of goods, the supplier has 30 days to deliver goods after receiving a purchase order.

-    The place of delivery is at Nyamagabe, Mugano and Nyarwungo Maternity in Nyamagabe District",active,2025-07-05T00:00:00Z,2025-07-05T00:00:00Z,2026-01-05T00:00:00Z,184,10874880,RWF
0.releases.328.contracts.0,0.releases.328,0,C1020603672023000052,0c3ee6e4-be41-476f-a99c-512d616af0e9,Periodic maintenance of roads in NYAMAGABE DISTRICT,"	
-  The contract has been extended a period of 3 months
The contract has been extended a period of 1 year
- This Contract will be executed by purchase order.
-  The contract manager of this contract is ABIZERA Leandre, Road Development and Maintenance Engineer, abizera.leandre@nyamagabe.gov,rw
- Performance security will depend on the value of purchase orded according to the laws
-The amount of the Performance Security shall be:  10% of any purchase order issued and received by the supplier between 20,000,000rwf and 50,000,000rwf.
--The amount of the Performance Security shall be:  7% of any purchase order issued and received by the supplier between 50,000,000rwf and 100,000,000rwf.
",active,2025-12-31T00:00:00Z,2025-12-30T00:00:00Z,2026-03-29T00:00:00Z,89,65522745,RWF
0.releases.331.contracts.0,0.releases.331,0,C1015155992026000001,9719fe76-ada3-49c9-874d-f30b211f8a57,Re- advertising To extend The network Connection in the hospital.,,pending,2026-01-05T00:00:00Z,2026-01-05T00:00:00Z,2026-05-04T00:00:00Z,119,3596640,RWF
0.releases.333.contracts.0,0.releases.333,0,C1035271352025000001,7d5920a3-e81f-4030-9ef3-c2d5136019ff,Annual provision of security services,ok,pending,2025-01-08T00:00:00Z,2026-01-09T00:00:00Z,2027-01-08T00:00:00Z,364,88500,RWF
0.releases.337.contracts.0,0.releases.337,0,C1008420232024000006,e9128a41-397a-45dc-8bc3-f0cda3ba9e1c,Provision of cleaning services in Kigeme Hospital,"-  Aya masezerano afite igihe kingana n'Umwaka umwe ushobora kongerwa mugihe rwiyemezamirimo yakoranye neza n'Ibitaro.

-  Factuer yishuza igomba kuza iherekejwe nurutonde rwabakozi rwiyemezamirimo akoresha, abakozi bamusinyiye ko bahembwe.",pending,2026-03-01T00:00:00Z,2026-03-01T00:00:00Z,2027-02-28T00:00:00Z,364,5475200,RWF
0.releases.340.contracts.0,0.releases.340,0,C1028311502025000009,382765b2-d5bb-4908-9565-bd1b56175d89,Re-advertised Maintenance and repair of ICT Equipment,framework agreement ,active,2026-01-04T00:00:00Z,2026-01-04T00:00:00Z,2027-01-04T00:00:00Z,365,2334100,RWF
0.releases.341.contracts.0,0.releases.341,0,C1209012202024000001,e13eb89f-729a-401e-8df1-bf4d207fd543,Consulting firm services for evaluating Rwanda s Remedial Teaching and Learning Pilot program (P1-P3),,active,2026-01-08T00:00:00Z,2026-01-08T00:00:00Z,2026-07-14T00:00:00Z,187,280000000,RWF
0.releases.342.contracts.0,0.releases.342,0,C1209012202024000001,e13eb89f-729a-401e-8df1-bf4d207fd543,Consulting firm services for evaluating Rwanda s Remedial Teaching and Learning Pilot program (P1-P3),,active,2026-01-08T00:00:00Z,2026-01-08T00:00:00Z,2026-07-14T00:00:00Z,187,280000000,RWF
0.releases.344.contracts.0,0.releases.344,0,C1035271352025000002,aa5fef67-5efa-407a-9aca-7c358b4cef63,Annual provisions of sports services,ok,active,2025-01-08T00:00:00Z,2026-01-09T00:00:00Z,2027-01-08T00:00:00Z,364,390580,RWF
0.releases.345.contracts.0,0.releases.345,0,C1035271352024000001,016ab4d9-b8a4-495f-9529-d2e21e0eca24,Hire a company to provide TV weather presenters outfit,OK,active,2025-01-11T00:00:00Z,2026-01-12T00:00:00Z,2027-01-11T00:00:00Z,364,13263200,RWF
0.releases.346.contracts.0,0.releases.346,0,C1006005702022000045,a0488c79-d638-4d3d-9d61-4cb0fd844985,Provision of rental services for RRA staff accommodation-A in RUSIZI District (framework contract),Provision of rental services for RRA staff accommodation-A in RUSIZI District (framework contract),pending,2022-04-29T00:00:00Z,2025-12-31T00:00:00Z,2026-03-02T00:00:00Z,61,2360000,RWF
0.releases.348.contracts.0,0.releases.348,0,C1006005702025000113,7cd6373a-972d-4214-84f1-87e89d9335d9,Provision of annual repair and maintenance of RRA Water dispensers (framework contract).,Contract for Provision of annual repair and maintenance of RRA Water dispensers (framework contract),pending,2025-12-29T00:00:00Z,2025-12-29T00:00:00Z,2026-12-28T00:00:00Z,364,433600,RWF
0.releases.349.contracts.0,0.releases.349,0,C1035271352023000004,1bd5b481-49d2-40cd-84db-934cf4c36e74,Re advertisement Annual provision of communication services (CUG),"The contract duration is one year  renewable twice ,this can be done subjected to prior annual performance evaluation according to the law no 31/2022 of 21/11/2022 governing public procurement in its article 56 and The contract price  must be unit price as it is a framework ",active,2025-12-18T00:00:00Z,2025-12-19T00:00:00Z,2026-12-18T00:00:00Z,364,252520,RWF
0.releases.351.contracts.0,0.releases.351,0,C1018950862025000027,363b5fc4-01d7-4893-af9b-f21aeb7aff30,Location véhicule et Moto pour le personnel du District de Nyanza,"The maximum percentage by which quantities may be increased or decreased is 20 %.
The duration for the execution of the contract is:  One year renewable (under framework agreement) upon satisfaction by the client.
The delivery period is 24 hours after reception of purchase order.
",active,2026-01-05T00:00:00Z,2026-01-05T00:00:00Z,2027-01-05T00:00:00Z,365,3994700,RWF
0.releases.352.contracts.0,0.releases.352,0,C1018950862025000026,5a2aaa70-4d1e-4f76-b602-d883f40f9ee2,"ISOKO RYO GUCUNGA IKIMOTERI CYA NYANZA,GUTWARA IMYANDA(COLLECTION)YO MU MUJYI WA NYANZA NO GUSUKURA IMIHANDA","The performance Securing declaration is required before signature.

This contract is a Cleaning Services Contract with Associated Landfill Leasing Obligations.",pending,2025-12-30T00:00:00Z,2025-12-30T00:00:00Z,2026-12-29T00:00:00Z,364,6099867,RWF
0.releases.355.contracts.0,0.releases.355,0,C1014949142023000026,7d434950-ce92-44c5-8aed-b1df92b4c7d5,Supply of Electrical and plumbing  materials under framework agreements(re advertised)," This contract is based on framework agreement 
the price is based on unit price 
",active,2024-12-31T00:00:00Z,2026-01-01T00:00:00Z,2026-03-31T00:00:00Z,89,9329224,RWF
0.releases.356.contracts.0,0.releases.356,0,C1222010062025000031,ba26010c-333e-4a83-b900-f99fc1a23773,"Hiring service provider to provide technical assistance for readiness to certification for agricultural export products (Coffee, Tea and Horticulture)","The consultant shall execute the milestones for each exporter supported for certification carrying out all steps from the inception report, the gap analysis, the training phase, the documentation until the certification phase on each of the ten (10) companies.

The consultant will be issued service order depending on the number of available companies to be trained and certified as and the payment will also depend on the number of certified companies.

",pending,2026-01-06T00:00:00Z,2026-01-06T00:00:00Z,2026-12-10T00:00:00Z,338,35990000,RWF
0.releases.357.contracts.0,0.releases.357,0,C1018534192026000003,a3daab3e-e840-45d0-a4f1-904ae42dc96b,provision of coding services for MINAFFET assets,,pending,2026-01-06T00:00:00Z,2026-01-06T00:00:00Z,2027-01-05T00:00:00Z,364,1156,RWF
0.releases.364.contracts.0,0.releases.364,0,C1016355022022000042,95b10b65-d76e-410f-beb3-282edf657e4a,Tender for maintenance of vehicles  and moto vehicles,Contract for providing Maintenance services for district Vehicles and Motobickes,pending,2023-01-05T00:00:00Z,2023-01-05T00:00:00Z,2026-05-05T00:00:00Z,1216,6648828,RWF
0.releases.366.contracts.0,0.releases.366,0,C1020434122026000001,f647fe4c-1101-4901-a33c-eb4062491e77,SUPPLY AND MAINTENANCE OF MAINTENANCE OF MEDICAL EQUIPMENTS,ok,pending,2026-01-05T00:00:00Z,2026-01-05T00:00:00Z,2027-01-04T00:00:00Z,364,24984040,RWF
0.releases.368.contracts.0,0.releases.368,0,C1006047782025000012,782768b8-4a07-44d5-8f85-cbaa2f11fc57,"Provision of Content Production, Television and Radio Broadcasting Services","Provision of Content Production, Television and Radio Broadcasting Services",pending,2025-01-30T00:00:00Z,2026-01-30T00:00:00Z,2027-01-29T00:00:00Z,364,4977216,RWF
0.releases.369.contracts.0,0.releases.369,0,C1006047782025000022,59d58091-e0e9-4042-8c5e-e6b7303ed3f1,"Provision of Content Production, Television and Radio Broadcasting Services","Contract for Provision of Content Production, Television and Radio Broadcasting Services.",pending,2025-01-28T00:00:00Z,2026-01-28T00:00:00Z,2027-01-27T00:00:00Z,364,13218832,RWF
0.releases.370.contracts.0,0.releases.370,0,C1074330622025000039,885ba843-beb9-45ad-ab2f-9b90c13d45d6,Hiring a service provider for codification of MoE assets,This is the framework contract for hiring a service provider for codification of MoE assets for a period of one year renewable upon satisfactory performance of the service provider.,pending,2025-12-28T00:00:00Z,2025-12-28T00:00:00Z,2026-12-27T00:00:00Z,364,3068,RWF
0.releases.372.contracts.0,0.releases.372,0,C1026431582025000034,ffc0cbeb-2352-457a-826a-0a41625660f3,Acquisition of Hotel services,,pending,2026-01-06T00:00:00Z,,,,7536306,RWF
0.releases.374.contracts.0,0.releases.374,0,C1033694802023000062,423b5128-2afd-4fdf-b689-816f4b5abfbb,Provision of Restaurant services to University of Rwanda Busogo Campus RE-ADVERTISED,"This is the second renewal for the provision of Restaurant services to University of Rwanda Busogo Campus RE-ADVERTISED.

NOTE: All items and their prices appear in the contract that is attached in the document tab",pending,2025-01-06T00:00:00Z,2026-01-06T00:00:00Z,2027-01-05T00:00:00Z,364,491500,RWF
0.releases.376.contracts.0,0.releases.376,0,C1022690082024000015,fb87e24c-97d2-472a-89e8-092c208d2cda,Supervision of Completion of the construction works of two workshops and Construction of classrooms at Mutobo VTC in Musanze District,"The purpose of this amendment is to extend the contract duration by Three (3) months from 15/12/2025.

Consultant is requested to update a performance security to cover extended period ",pending,2024-11-12T00:00:00Z,2025-07-15T00:00:00Z,2026-03-14T00:00:00Z,242,40000000,RWF
0.releases.378.contracts.0,0.releases.378,0,C1022690082024000049,e68aa650-c127-4732-8e5b-37416461c6e8,Supervision services on upgrading works for coffee warehouse and parking yard for NAEB,"The purpose of this amendment is to extend the contract duration by Two (2) months starting from 08/12/2025.

Consultant is requested to update the performance security to cover the extended time.",active,2025-07-30T00:00:00Z,2025-08-08T00:00:00Z,2026-02-07T00:00:00Z,183,45000000,RWF
0.releases.379.contracts.0,0.releases.379,0,C1018236932025000027,4828bcc9-ec2d-415d-a809-f4b7b52cc750,Re advertising of Tender Supply of Agricultural Inputs ,The contract period is one year renewable.  Renewing will depend on decision of contracting parties. items to be purchased under this contract will be determined by purchase order done during the contract period ,pending,2025-12-30T00:00:00Z,2025-12-30T00:00:00Z,2026-12-21T00:00:00Z,356,6226,RWF
0.releases.387.contracts.0,0.releases.387,0,C1006047782025000005,cee9154b-1849-4bc6-9ff6-44bfcc753a86,"Provision of Content Production, Television and Radio Broadcasting Services","First contract extension of Provision of Content Production, Television and Radio Broadcasting Services due to the continuous need of these services.",pending,2025-01-28T00:00:00Z,2026-01-28T00:00:00Z,2027-01-27T00:00:00Z,364,14079288,RWF
0.releases.388.contracts.0,0.releases.388,0,C1014354632025000044,4b7fa43f-87d1-4616-813c-f3fafef30693,TV ( Pre recoded talkshows and success stories covered by the Media Houses),,active,2026-01-05T00:00:00Z,2026-01-05T00:00:00Z,2027-01-05T00:00:00Z,365,1936380,RWF
0.releases.389.contracts.0,0.releases.389,0,C1019926372025000034,cb8b4b6d-f132-4c31-83de-cb61dded14af,Privatization of Management of Kabarore Guest House,Privatization of Management of Kabarore Guest House,pending,2025-12-15T00:00:00Z,2025-12-15T00:00:00Z,2026-12-14T00:00:00Z,364,3068000,RWF
0.releases.391.contracts.0,0.releases.391,0,C1018645672022000010,4f3e80c0-6e69-46d2-802a-56c06035c520,Hiring vehicle for transport services,,pending,2025-01-07T00:00:00Z,2025-01-07T00:00:00Z,2025-02-20T00:00:00Z,44,1840800,RWF
0.releases.394.contracts.0,0.releases.394,0,C1013975752025000017,f22adc65-5b7d-4327-95e3-21ce566fa1bc,Power supply Motor Pump for Amahoro Stadium,,pending,2025-12-24T00:00:00Z,2025-12-24T00:00:00Z,2026-03-23T00:00:00Z,89,65144321,RWF
0.releases.396.contracts.0,0.releases.396,0,C1008340952025000001,5eaa4663-2712-4aa3-9488-34833750a00a,"Office Supplies, consumables and printing services","This is an amendment of contract of Office Supplies, consumables and printing services for one year renewable upon satisfactory services by both parties.",pending,2025-01-20T00:00:00Z,2026-01-20T00:00:00Z,2027-01-19T00:00:00Z,364,844613,RWF
0.releases.398.contracts.0,0.releases.398,0,C1031240742025000001,323be70e-ad53-48bb-a160-6e3416495f6f,Provision of broadcasting services through Radio and TV by highest media,"*The contract is for a period of one (1) year renewable based on good performance of the Service provider/broadcasting company.
* The contract is unit price-based contract.
*The service will be requested on purchase order.
*Delay penalty is 1/1000 per day of delay.

Contract Management:
==================
1.TWISHIME Jean Claude, Communication Specialist, Email: ctwishime@minema.gov.rw, telephone:0788221479
2.NIYIBIZI Vincent, Communication Specialist, vniyibizi@minema.gov.rw, telephone: 0785789901",pending,2025-01-23T00:00:00Z,2025-01-23T00:00:00Z,2026-01-23T00:00:00Z,365,43425245,RWF
0.releases.399.contracts.0,0.releases.399,0,C1006047782025000017,1fff4805-fa25-401d-91e5-6e6c5050ff35,"Provision of Content Production, Television and Radio Broadcasting Services","Contract for Provision of Content Production, Television and Radio Broadcasting Services.",pending,2025-01-28T00:00:00Z,2026-01-28T00:00:00Z,2027-01-27T00:00:00Z,364,10319926,RWF
0.releases.400.contracts.0,0.releases.400,0,C1031240742025000003,45a9f661-5919-4338-a1e7-0f82ab1a2b85,Provision of broadcasting services through Radio and TV by highest media,"*The contract is for a period of one (1) year renewable based on good performance of the Service provider/broadcasting company;
*The contract is unit price-based contract;
*The service will be requested on purchase order;
*Delay penalty is 1/1000 per day of delay.

Contract Management:
==================
1.TWISHIME Jean Claude, Communication Specialist, Email: ctwishime@minema.gov.rw, telephone:0788221479
2.NIYIBIZI Vincent, Communication Specialist, vniyibizi@minema.gov.rw, telephone: 0785789901",pending,2025-01-23T00:00:00Z,2025-01-23T00:00:00Z,2027-01-22T00:00:00Z,729,50127285,RWF
0.releases.401.contracts.0,0.releases.401,0,C1013364812025000041,d70c4423-54f0-4f92-be01-dc1e7a33f734,Execution works for Construction of Gitanda health center,"1.Advance payment of 20% of total contract price equivalent to 265,502,234rwf  shall be paid to the contractor after approval of project review and submission of advance guarantee of 100% of the amount of advance to be paid.

2.The total contract cost of 1,327,511,170 rwf will be paid progressively according to the certified and approved invoices. Payments shall be adjusted for deductions for advance payments.

3.The first invoice shall be submitted once the works progress is greater than 20%.
",pending,2026-01-05T00:00:00Z,2026-01-05T00:00:00Z,2026-11-30T00:00:00Z,329,1327511170,RWF
0.releases.403.contracts.0,0.releases.403,0,C1006047782025000016,2920069f-3923-400a-aca0-55242cc33331,"Provision of Content Production, Television and Radio Broadcasting Services","Contract for Provision of Content Production, Television and Radio Broadcasting Services.",pending,2025-01-28T00:00:00Z,2026-01-28T00:00:00Z,2027-01-27T00:00:00Z,364,9073669,RWF
0.releases.404.contracts.0,0.releases.404,0,C1006047782025000003,a2bed154-9241-4159-bea8-17e7a90d0dd8,"Provision of Content Production, Television and Radio Broadcasting Services","Contract for Provision of Content Production, Television and Radio Broadcasting Services.",pending,2025-01-28T00:00:00Z,2026-01-28T00:00:00Z,2027-01-27T00:00:00Z,364,5894926,RWF
0.releases.405.contracts.0,0.releases.405,0,C1013137442024000020,0dee635a-1b5c-41a5-b1ee-7b7dc4c16b42,"Maintence of all ambulances, others vehicules and motocycles and spare parts",,active,2024-12-30T00:00:00Z,2025-12-31T00:00:00Z,2026-03-31T00:00:00Z,90,17915683,RWF
0.releases.406.contracts.0,0.releases.406,0,C1017854532025000032,6258b4d0-fde6-45e0-9e2d-2dd43919e1a6,Decoration services for Nyamasheke District events,"This contract can be renewed twice from initial agreement of both parties referring to good performance of previous execution period.
The service shall be executed within fifteen days after reception of purchase order.",pending,2025-12-29T00:00:00Z,2025-12-29T00:00:00Z,2026-12-15T00:00:00Z,351,5988323,RWF
0.releases.407.contracts.0,0.releases.407,0,C1024607482025000030,a92fc902-dbc1-4869-9283-bda38b072d33,Supply of chalk in all districts on framework contract,This is a central framework agreement on behalf of beneficiary procuring entities. All Districts shall order for supply of chalks under this agreement.,pending,2025-12-29T00:00:00Z,2025-12-29T00:00:00Z,2026-12-08T00:00:00Z,344,80000,RWF
0.releases.412.contracts.0,0.releases.412,0,C1033726202025000035,aa865837-ff22-4421-bb7a-567103850c54,"Supplying, installing, testing, commissioning and maintenance of Solar Water Heating systems in residential and non-residential sector under framework contracts (Recruitment of additional suppliers)",This contract will be effective while approved by the CBM ,pending,2025-12-17T00:00:00Z,2025-12-17T00:00:00Z,2026-12-01T00:00:00Z,349,5456885,RWF
0.releases.416.contracts.0,0.releases.416,0,C1014020452025000002,12b6b1d5-b9ca-4244-9759-4bd75fcf18db,Provision for insurance services for Burera District buildings and movable assets (Framework contract),ok,active,2025-01-22T00:00:00Z,2025-01-22T00:00:00Z,2027-01-21T00:00:00Z,729,15932557,RWF
0.releases.417.contracts.0,0.releases.417,0,C1014020452024000040,9ad8fd9c-1977-4c62-991e-c8a2545a4419,Supply electricity cash power,ok,active,2025-01-10T00:00:00Z,2025-01-10T00:00:00Z,2027-01-09T00:00:00Z,729,268,RWF
0.releases.419.contracts.0,0.releases.419,0,C1014020452025000026,5a8e206b-5e9b-4783-9ce5-39b87ccdff22,Purchase and distribute  Girinka One Cow Per Poor  Family and its package,ok,active,2026-01-06T00:00:00Z,2026-01-06T00:00:00Z,2027-01-06T00:00:00Z,365,1071139,RWF
0.releases.420.contracts.0,0.releases.420,0,C1006047782025000023,508c64b0-4226-466e-a898-6a935ceaf179,"Provision of Content Production, Television and Radio Broadcasting Services","Contract for Provision of Content Production, Television and Radio Broadcasting Services.",pending,2025-01-28T00:00:00Z,2026-01-28T00:00:00Z,2027-01-27T00:00:00Z,364,12197188,RWF
0.releases.421.contracts.0,0.releases.421,0,C1006047782025000007,78932899-1de1-4f1e-a081-7baf974ce436,"Provision of Content Production, Television and Radio Broadcasting Services","Contract for Provision of Content Production, Television and Radio Broadcasting Services",pending,2025-01-28T00:00:00Z,2026-01-28T00:00:00Z,2027-01-27T00:00:00Z,364,14263840,RWF
0.releases.422.contracts.0,0.releases.422,0,C1020002442024000050,dc8311e1-a52d-410d-8f64-09eb177d8176,Purchase and supply of Equipmemts of ECD model,"Framework contract entitled Purchase and supply of Equipment of ECD model
",pending,2025-08-14T00:00:00Z,2025-08-14T00:00:00Z,2026-08-13T00:00:00Z,364,4084161,RWF
0.releases.423.contracts.0,0.releases.423,0,C1020002442026000001,0ff3e7d1-ebc5-4ac3-aac1-4dc42d29a260,Privatization of management of Rwanteru Slaugther House,Contract is related to the Privatization of management of Rwanteru Slaugther House,pending,2026-01-05T00:00:00Z,2026-01-05T00:00:00Z,2027-01-04T00:00:00Z,364,415000,RWF
0.releases.424.contracts.0,0.releases.424,0,C1006047782025000014,d103c0d9-8036-49e1-8373-116e73476309,"Provision of Content Production, Television and Radio Broadcasting Services","Provision of Content Production, Television and Radio Broadcasting Services.",pending,2025-01-28T00:00:00Z,2026-01-28T00:00:00Z,2027-01-27T00:00:00Z,364,15076270,RWF
0.releases.425.contracts.0,0.releases.425,0,C1006047782025000006,ff81c5d2-324f-45c6-9242-56cec911e951,"Provision of Content Production, Television and Radio Broadcasting Services","Contract for Provision of Content Production, Television and Radio Broadcasting Services.",pending,2025-01-28T00:00:00Z,2026-01-28T00:00:00Z,2027-01-27T00:00:00Z,364,11536270,RWF
0.releases.426.contracts.0,0.releases.426,0,C1024201942024000001,c4f73aee-e96a-4c20-a776-7b0e42cc2ac4,Maintenance of Speed governors for RCS Vehicles,"Maintenance of Speed governors for RCS Vehicles

The object of this contract is to renew the contract of One year of Maintenance of Speed governors for RCS Vehicles of Fiscal Year 2024/2025;",pending,2024-01-16T00:00:00Z,2024-01-16T00:00:00Z,2027-01-15T00:00:00Z,1095,827898,RWF
0.releases.427.contracts.0,0.releases.427,0,C1016877032023000023,bb0fcf50-de3c-4e2b-8cff-7c9cd3b0054a,Tender for Security Service,"This contract is extended by one year, starting from January 10, 2026, and ending on January 9, 2027. However, the contract should be terminated any time, and you should be informed within 30 days.",active,2026-01-10T00:00:00Z,2026-01-10T00:00:00Z,2027-01-09T00:00:00Z,364,1350000,RWF
0.releases.432.contracts.0,0.releases.432,0,C1033726202024000008,b4a9a939-119a-4f17-83c5-22d3fdef7cb1,Provision of insurance service under framework contract (insurance for EDCL linesmen),This a contract for provision of insurance service under framework contract (insurance of EDCL Linesmen),pending,2024-02-07T00:00:00Z,2024-02-07T00:00:00Z,2027-02-07T00:00:00Z,1096,16649852,RWF
0.releases.434.contracts.0,0.releases.434,0,C1006004152026000001,15f85713-22e1-4729-9367-0039ed60fc4e,Provision of Annual Catering services for OAG staff (Framework Tender),,pending,2026-01-06T00:00:00Z,2026-01-06T00:00:00Z,2027-01-05T00:00:00Z,364,36300,RWF
0.releases.435.contracts.0,0.releases.435,0,C1001007492023000034,6cbabd9c-9a15-456d-b521-19af41e74d32,Acquisition of Tyres for OBVANS,The price of this contract for the supply of tyres is based on the unit price as specified in Appendix II attached to this contract.,active,2024-12-24T00:00:00Z,2025-01-04T00:00:00Z,2026-01-03T00:00:00Z,364,2714000,RWF
0.releases.436.contracts.0,0.releases.436,0,C1031240742024000036,97f6cea4-40d0-4020-acf6-26778177acf1,Supply of office stationeries,"1.The contract execution period is One (1) year renewable basing on good performance by the supplier;
2.Delay penalty is 1/1000 per day of delay;
3. Delivery period will be within fifteen (15) calendar days after the receipt of the purchase order by the Supplier.

Contract Management:
==================
1. Contract Manager: HATEGEKIMANA Jean, Logistics Officer, Telephone: 0788599461 and Email: jhategekimana@minema.gov.rw 
2.Co-contract Manager: HAKIZIMANA Christian, Logistics Officer, Telephone: 0781216897 and Email: chakizimana@minema.gov.rw
",pending,2025-01-17T00:00:00Z,2025-01-17T00:00:00Z,2027-01-16T00:00:00Z,729,1404036,RWF
0.releases.437.contracts.0,0.releases.437,0,C1222069782025000004,49e87758-523e-4e3c-ac31-2fa40eccefee,Re- Advertisement:  Rehabilitation of Degraded Private Forest Through PFMU Approach. Lot 2:Rehabilitation of 300 Ha of Degraded Private Forest Through PFMU approach in Rutsiro District ,"This contract is for Rehabilitation of Degraded Private Forest through the PFMU Approach in Ngororero and Rutsiro Districts. Lot2: Rehabilitation of 300 ha Degraded Private Forest through the PFMU Approach in Rutsiro District.
The implementation of this assignment is eighteen (18) months from contract signing date and the location will be in Rutsiro District in its three sectors.
District 	               Sector 1	        Sector 2	                  Sector 3		
Rutsiro District  	Rusebeya         Mukura                     Manihira	
The Service Provider will be paid a total contract amount of Two Hundred Sixty-Nine Million Seven Hundred Nighty Nine Thousand Nine Hundred and Twenty Rwandan Francs (269,799,920 Frw) taxes inclusive, for the Rehabilitation of 300 ha of the degraded Private Forest through PFMU approach in Rutsiro District.
It was agreed that payment shall be done in four (4) instalments as follows:
	30% of the total contract amount shall be paid to the Service provider after approval of the activities to be performed at the inception phase: Bush clearing and removal of invasive species, Stump debarking/uprooting and creation of Anti erosive ditches;
	30% of the total contract amount shall be paid to the Service provider after approval of the provisional reception of Holes digging and tree planting in Quincoce activities;
	20% of the total contract amount shall be paid to the Service provider after approval of the activities for ring weeding and beating up;
	20% of the total contract amount shall be paid to the Service provider after approval of the final reception of activities including maintenance and guarding.
Before signing the contract, the Service provider is required to provide a performance security equivalent to 6% of the total contract amount. That is Sixteen Million One Hundred Eighty-Seven Thousand Nine Hundred Ninety-Five Rwandan Francs (16,187,995 FRW). This performance security must cover the period of the contract.



",active,2026-01-05T00:00:00Z,2026-01-05T00:00:00Z,2027-07-05T00:00:00Z,546,269799920,RWF
0.releases.442.contracts.0,0.releases.442,0,C1026431582025000024,8e3cfe62-30f8-4490-a651-608d43ffc9f6,Acquisition of Hotel services,,pending,2026-01-06T00:00:00Z,,,,5075052,RWF
0.releases.445.contracts.0,0.releases.445,0,C1019926372025000018,a3bcfe7d-031e-4d04-a1e5-80b9bd907da9,Construction and Upgrading of Gihengeri water Treatment Plant in Gatsibo District,Construction and Upgrading of Gihengeri water Treatment Plant in Gatsibo District,pending,2025-09-10T00:00:00Z,2025-09-10T00:00:00Z,2026-09-10T00:00:00Z,365,1497171137,RWF
0.releases.446.contracts.0,0.releases.446,0,C1074296092022000008,9bdb0ac2-8fc9-4a07-a26d-e6036d280958,Hiring cars for staff local transportation,,pending,2023-07-05T00:00:00Z,2025-12-05T00:00:00Z,2026-02-04T00:00:00Z,61,53000,RWF
0.releases.448.contracts.0,0.releases.448,0,C1085313022025000017,cd76c0e7-9438-41d0-a2fa-9418a3053d90,Provision for supplying the tires to Rwanda FD,"The Supplier shall provide original, high-quality tyres that are not expired, are in good condition, and fully comply with the specifications set out in the advertisement.",pending,2026-01-05T00:00:00Z,2026-01-05T00:00:00Z,2026-12-30T00:00:00Z,359,1168200,RWF
0.releases.449.contracts.0,0.releases.449,0,C1133460762025000025,2de12477-a6c4-4f02-8b84-13efb72bb6e4,Annual subscription to digital library,,pending,2025-12-19T00:00:00Z,2025-12-19T00:00:00Z,2026-12-16T00:00:00Z,362,100000,EUR
0.releases.450.contracts.0,0.releases.450,0,C1013975752025000017,f22adc65-5b7d-4327-95e3-21ce566fa1bc,Power supply Motor Pump for Amahoro Stadium,,pending,2025-12-24T00:00:00Z,2025-12-24T00:00:00Z,2026-03-23T00:00:00Z,89,65144321,RWF
0.releases.458.contracts.0,0.releases.458,0,C1018950862025000026,5a2aaa70-4d1e-4f76-b602-d883f40f9ee2,"ISOKO RYO GUCUNGA IKIMOTERI CYA NYANZA,GUTWARA IMYANDA(COLLECTION)YO MU MUJYI WA NYANZA NO GUSUKURA IMIHANDA","The performance Securing declaration is required before signature.

This contract is a Cleaning Services Contract with Associated Landfill Leasing Obligations.",active,2026-01-06T00:00:00Z,2026-01-06T00:00:00Z,2027-01-06T00:00:00Z,365,6099867,RWF
0.releases.459.contracts.0,0.releases.459,0,C1111938272023000016,e80ce7f5-0b1d-4bbf-8339-078770daeb77,Supply of Fuel,"This contract is a framework contract.The contract price is  1624 Frw/ 1 litter of Mazout and 1629 Frw/1 litter of Essence; the Supplier offered the Discount of 11 Frw/1 litter of Mazout, and a discout of 11 Frw/1 litter of Essence
The price per 1 litter of fuel may be adjusted directly to the new tariff from competent institution (RURA) and RWB will pay accordingly",active,2024-01-19T00:00:00Z,2024-01-19T00:00:00Z,2027-01-18T00:00:00Z,1095,3253,RWF
0.releases.465.contracts.0,0.releases.465,0,C1020432832025000044,8ce38dd4-1243-436b-b66d-c753c0d29b0a,Urgent works of rehabilitation /Repair of damaged Road Sections Located on Kamuhanda-Kabuga-Ngamba-Rukoma -Gacurabwenge Unpaved District  Road under Design and Build Approach,"he Performance Security will be in the form of a “demand guarantee” in the amount(s) of nine percent (9%) of the Accepted Contract Amount and in the same currency (ies) of the Accepted Contract Amount. 
The ES Performance Security will be in the form of a “demand guarantee” in the amount(s) of one percent (1%) of the Accepted Contract Amount and in the same currency (ies) of the Accepted Contract Amount.
Both Performance and ESHS Performance Guarantees should be only issued by a bank. If the bank is located outside the Employer’s Country, the issuing bank shall have a correspondent bank located in the Employer's Country to make it enforceable.
",active,2026-01-06T00:00:00Z,2026-01-06T00:00:00Z,2027-04-06T00:00:00Z,455,4755188094,RWF
0.releases.466.contracts.0,0.releases.466,0,C1085313022025000014,eb249dfe-dca1-4576-9aa0-03d7a5219db1,Markets and Bus station radios under a framework contract,"The Supplier shall provide the Contract Manager with evidence that the notices have been duly issued and broadcast. A verification procedure shall be applied to confirm that the notices have been implemented in accordance with the technical specifications and published at the approved locations and times.

Where required, the Buyer shall carry out inspections to verify the Supplier’s performance. An inspection report shall be prepared and communicated to the Supplier. The Supplier shall comply with the findings of the inspection report and shall carry out any required corrective actions within the time limits prescribed by the laws and regulations governing public procurement in the Republic of Rwanda, unless otherwise stated in the report",pending,2026-01-05T00:00:00Z,2026-01-05T00:00:00Z,2027-01-04T00:00:00Z,364,102000,RWF
0.releases.467.contracts.0,0.releases.467,0,C1027608722025000015,8be64b72-5e7b-4c62-bbd4-b1779d11e0c4,"Provision of event management(Sound system, stage, stage requirement Decoration, camera services, and photo etc..) For CHENO events",This contract is one year renewable upon satisfaction of the client ,pending,2025-12-23T00:00:00Z,2025-12-23T00:00:00Z,2026-12-22T00:00:00Z,364,2029482,RWF
0.releases.469.contracts.0,0.releases.469,0,C1022690082026000001,a45c6d4c-abc3-498b-bcc0-f853ee5d3b33,Rental of residential building to accommodate Ambassador of Guinee Conakry(Re-advert),,pending,2026-01-05T00:00:00Z,2026-01-05T00:00:00Z,2027-01-04T00:00:00Z,364,124389146,RWF
0.releases.471.contracts.0,0.releases.471,0,C1020583772023000027,6d116ad2-c7b5-4829-bc24-57b30e6da478,Supply of office stationary,The commencement date shall be the date the contract is approved by the chief budget manager in umucyo e-procurement system.,pending,2023-09-15T00:00:00Z,2023-09-15T00:00:00Z,2026-09-14T00:00:00Z,1095,6697121,RWF
0.releases.472.contracts.0,0.releases.472,0,C1017854532025000030,b8107997-a6ab-4052-b510-6bfa3d19b58e,Supply of stationeries and other supplies in Nyamasheke District,The contract will be based on purchase order,active,2026-01-05T00:00:00Z,2026-01-05T00:00:00Z,2027-01-05T00:00:00Z,365,10006951,RWF
0.releases.473.contracts.0,0.releases.473,0,C1006004072025000020,5997fbb8-26d6-4308-aa4a-cfa0e483c4b1,Provision of Hotel and Restaurant services for workshops and conferences,,active,2025-12-29T00:00:00Z,2025-12-29T00:00:00Z,2026-12-29T00:00:00Z,365,5351956,RWF
0.releases.474.contracts.0,0.releases.474,0,C1024607482025000030,a92fc902-dbc1-4869-9283-bda38b072d33,Supply of chalk in all districts on framework contract,This is a central framework agreement on behalf of beneficiary procuring entities. All Districts shall order for supply of chalks under this agreement.,active,2026-01-06T00:00:00Z,2026-01-06T00:00:00Z,2027-01-06T00:00:00Z,365,80000,RWF
0.releases.475.contracts.0,0.releases.475,0,C1014884812026000001,ef0ed4c7-23b2-4f36-9b82-09bfbcf4b70a,Consultancy service for preparation of Project Implementation Completion Report.,This contract shall be effective after its approval by both parties.,pending,2026-01-05T00:00:00Z,2026-01-05T00:00:00Z,2026-08-30T00:00:00Z,237,49560000,RWF
0.releases.476.contracts.0,0.releases.476,0,C1035271352025000013,11276a94-c8b2-4a5e-8b22-9338a4f082f5,Annual provisions of SSL certificates,The contract is framework,pending,2025-12-25T00:00:00Z,2025-12-25T00:00:00Z,2026-12-24T00:00:00Z,364,188800,RWF
0.releases.477.contracts.0,0.releases.477,0,C1074296092023000006,51be1771-60c8-42d3-a13e-4dbf70a903b9,Provision of designing and printing services,This framework Agreement is renewed at second time for a period of One (1) year with possibility to renew depending on satisfactory performance of the Service Provider. ,pending,2024-01-03T00:00:00Z,2024-01-03T00:00:00Z,2027-01-02T00:00:00Z,1095,466343,RWF
0.releases.478.contracts.0,0.releases.478,0,C1015155992026000001,9719fe76-ada3-49c9-874d-f30b211f8a57,Re- advertising To extend The network Connection in the hospital.,,active,2026-01-06T00:00:00Z,2026-01-06T00:00:00Z,2026-05-06T00:00:00Z,120,3596640,RWF
0.releases.479.contracts.0,0.releases.479,0,C1020434122026000001,f647fe4c-1101-4901-a33c-eb4062491e77,SUPPLY AND MAINTENANCE OF MAINTENANCE OF MEDICAL EQUIPMENTS,ok,active,2026-01-06T00:00:00Z,2026-01-06T00:00:00Z,2027-01-06T00:00:00Z,365,24984040,RWF
0.releases.480.contracts.0,0.releases.480,0,C1025683162023000075,e191219c-5ebf-4b2d-b185-53e7a00f0c53,Supply of hygienic materilas,"The contract period is one year renewable
The performance guarantee of each purchase order will be provided as following: 
(a) 5% of the value of the purchase order exceed FRW 500,000,000;
(b) 6% of the value of the purchase order is between FRW 100,000,000 FRW to 
FRW 500,000,000;
(c) 7% of the value of the purchase order is between FRW 50,000,000 to FRW 
100,000,000
(d) 10% of the value of the purchase order is between FRW 20,000,000 to FRW 50,000,000.
",pending,2026-01-17T00:00:00Z,2026-01-17T00:00:00Z,2027-01-16T00:00:00Z,364,389491,RWF
0.releases.482.contracts.0,0.releases.482,0,C1024201942025000005,c01f9da0-86af-40ed-b164-495345d81c0f,Acquisition materials for Isolation for RCS 2024-2025,The purpose of this amendment is to extend the Agreement of Acquisition materials for Isolation for RCS  2025/2026 FY.,pending,2025-01-16T00:00:00Z,2025-01-16T00:00:00Z,2027-01-15T00:00:00Z,729,4200000,RWF
0.releases.484.contracts.0,0.releases.484,0,C1006047782025000018,a0b9e2fb-25db-4007-9d05-c2d5386b0367,"Provision of Content Production, Television and Radio Broadcasting Services","Provision of Content Production, Television and Radio Broadcasting Services.",pending,2025-01-28T00:00:00Z,2026-01-28T00:00:00Z,2027-01-27T00:00:00Z,364,37464292,RWF
0.releases.487.contracts.0,0.releases.487,0,C1006047782025000001,a7ede57a-3ac3-4dcb-8740-5f5ac3770a93,"Provision of Content Production, Television and Radio Broadcasting Services","Framework contract for Provision of Content Production, Television and Radio Broadcasting Services for a period of 1 year.",pending,2025-01-28T00:00:00Z,2026-01-28T00:00:00Z,2027-01-27T00:00:00Z,364,21495470,RWF
0.releases.490.contracts.0,0.releases.490,0,C1035271352025000001,7d5920a3-e81f-4030-9ef3-c2d5136019ff,Annual provision of security services,ok,active,2025-01-08T00:00:00Z,2026-01-09T00:00:00Z,2027-01-08T00:00:00Z,364,88500,RWF
0.releases.491.contracts.0,0.releases.491,0,C1006005702025000065,200c0b56-b56a-412f-97c8-8a1ca806c802,Provision of annual technical maintenance and prosupport service for the dell core equipments and software (framework contract) to RRA,contract for Provision of annual technical maintenance and prosupport service for the dell core equipments and software (framework contract) to RRA,pending,2025-08-21T00:00:00Z,2025-08-21T00:00:00Z,2026-08-21T00:00:00Z,365,1599890666,RWF
0.releases.492.contracts.0,0.releases.492,0,C1013389972025000030,832028c0-6136-4e3e-8b5a-10783349e191,Hotel and Motel services,,pending,2025-12-08T00:00:00Z,2025-12-08T00:00:00Z,2026-12-07T00:00:00Z,364,5281570,RWF
0.releases.493.contracts.0,0.releases.493,0,C1006047782025000013,fdfe45b6-d385-4ec1-85bf-892028d6f96e,"Provision of Content Production, Television and Radio Broadcasting Services","Contract for Provision of Content Production, Television and Radio Broadcasting Services.",pending,2025-01-28T00:00:00Z,2026-01-28T00:00:00Z,2027-01-27T00:00:00Z,364,8752414,RWF
0.releases.495.contracts.0,0.releases.495,0,C1013307382025000062,68d77ed6-232d-4a3a-8679-a29c793dbfa1,Tender for provision of hotel services for the City of Kigali,,active,2026-01-03T00:00:00Z,2026-01-03T00:00:00Z,2027-01-03T00:00:00Z,365,680985,RWF
0.releases.496.contracts.0,0.releases.496,0,C1013307382025000063,758d36fb-554f-42cf-a6a3-0dca14358c86,Tender for provision of hotel services for the City of Kigali,,active,2026-01-03T00:00:00Z,2026-01-03T00:00:00Z,2027-01-03T00:00:00Z,365,696001,RWF
0.releases.503.contracts.0,0.releases.503,0,C1017431832025000023,586faf64-58f7-45f9-9ceb-a1d7106832d3,Supply and Installation of New Air conditioners,Framework contract for one year with possibility of extension,pending,2026-01-06T00:00:00Z,2026-01-06T00:00:00Z,2027-01-10T00:00:00Z,369,4130000,RWF
0.releases.504.contracts.0,0.releases.504,0,C1078616252025000031,e8f793b1-071d-449d-a926-9c69278829e1,"Provision of Sports and Recreational Facilities for RFI Staff: Access to Gym, Aerobics, Sauna, and Swimming","The Contractor shall provide access to sports and recreational facilities for RFI staff, including gym/fitness services, aerobics classes, sauna, and swimming pool facilities, under a framework agreement for one (1) year, renewable up to two (2) additional years, subject to satisfactory performance and mutual agreement.",active,2026-01-05T00:00:00Z,2026-01-05T00:00:00Z,2027-01-05T00:00:00Z,365,29000,RWF
0.releases.505.contracts.0,0.releases.505,0,C1078616252025000025,e3a2efe1-d406-478c-842e-404aa3b90df8,"Provision of Sports and Recreational Facilities for RFI Staff: Access to Gym, Aerobics, Sauna, and Swimming","The Contractor shall provide access to sports and recreational facilities for RFI staff, including gym/fitness services, aerobics classes, sauna, and swimming pool facilities, under a framework agreement for one (1) year, renewable up to two (2) additional years, subject to satisfactory performance and mutual agreement.",active,2026-01-05T00:00:00Z,2026-01-05T00:00:00Z,2027-01-05T00:00:00Z,365,36000,RWF
0.releases.506.contracts.0,0.releases.506,0,C1078616252025000026,4bbea2c1-bef4-4f62-bd3a-5667c7418cef,"Provision of Sports and Recreational Facilities for RFI Staff: Access to Gym, Aerobics, Sauna, and Swimming","The Contractor shall provide access to sports and recreational facilities for RFI staff, including gym/fitness services, aerobics classes, sauna, and swimming pool facilities, under a framework agreement for one (1) year, renewable up to two (2) additional years, subject to satisfactory performance and mutual agreement.",active,2026-01-05T00:00:00Z,2026-01-05T00:00:00Z,2027-01-05T00:00:00Z,365,12000,RWF
0.releases.507.contracts.0,0.releases.507,0,C1078616252025000034,945d7f10-8319-4283-ba8c-e7bb00c59e48,"Provision of Sports and Recreational Facilities for RFI Staff: Access to Gym, Aerobics, Sauna, and Swimming","The Contractor shall provide access to sports and recreational facilities for RFI staff, including gym/fitness services, aerobics classes, sauna, and swimming pool facilities, under a framework agreement for one (1) year, renewable up to two (2) additional years, subject to satisfactory performance and mutual agreement.",active,2026-01-05T00:00:00Z,2026-01-05T00:00:00Z,2027-01-05T00:00:00Z,365,36320,RWF
0.releases.508.contracts.0,0.releases.508,0,C1078616252025000032,2b2194dc-d833-4c17-b66c-d7083afa8fd9,"Provision of Sports and Recreational Facilities for RFI Staff: Access to Gym, Aerobics, Sauna, and Swimming","The Contractor shall provide access to sports and recreational facilities for RFI staff, including gym/fitness services, aerobics classes, sauna, and swimming pool facilities, under a framework agreement for one (1) year, renewable up to two (2) additional years, subject to satisfactory performance and mutual agreement.",active,2026-01-05T00:00:00Z,2026-01-05T00:00:00Z,2027-01-05T00:00:00Z,365,26000,RWF
0.releases.509.contracts.0,0.releases.509,0,C1078616252025000033,17560b69-cb87-436f-b0b9-4ea37430860d,"Provision of Sports and Recreational Facilities for RFI Staff: Access to Gym, Aerobics, Sauna, and Swimming","The Contractor shall provide access to sports and recreational facilities for RFI staff, including gym/fitness services, aerobics classes, sauna, and swimming pool facilities, under a framework agreement for one (1) year, renewable up to two (2) additional years, subject to satisfactory performance and mutual agreement.",active,2026-01-05T00:00:00Z,2026-01-05T00:00:00Z,2027-01-05T00:00:00Z,365,15000,RWF
0.releases.510.contracts.0,0.releases.510,0,C1078616252025000028,7d937807-0f7a-42c5-921c-b419104fd9e9,"Provision of Sports and Recreational Facilities for RFI Staff: Access to Gym, Aerobics, Sauna, and Swimming","The Contractor shall provide access to sports and recreational facilities for RFI staff, including gym/fitness services, aerobics classes, sauna, and swimming pool facilities, under a framework agreement for one (1) year, renewable up to two (2) additional years, subject to satisfactory performance and mutual agreement.",active,2026-01-05T00:00:00Z,2026-01-05T00:00:00Z,2027-01-05T00:00:00Z,365,21500,RWF
0.releases.511.contracts.0,0.releases.511,0,C1078616252025000035,c112411e-800a-4d46-8b93-55177d663501,"Provision of Sports and Recreational Facilities for RFI Staff: Access to Gym, Aerobics, Sauna, and Swimming","The Contractor shall provide access to sports and recreational facilities for RFI staff, including gym/fitness services, aerobics classes, sauna, and swimming pool facilities, under a framework agreement for one (1) year, renewable up to two (2) additional years, subject to satisfactory performance and mutual agreement.",active,2026-01-05T00:00:00Z,2026-01-05T00:00:00Z,2027-01-05T00:00:00Z,365,38000,RWF
0.releases.512.contracts.0,0.releases.512,0,C1078616252025000030,f675864d-30dd-4a15-a607-2295e5afc138,"Provision of Sports and Recreational Facilities for RFI Staff: Access to Gym, Aerobics, Sauna, and Swimming","The Contractor shall provide access to sports and recreational facilities for RFI staff, including gym/fitness services, aerobics classes, sauna, and swimming pool facilities, under a framework agreement for one (1) year, renewable up to two (2) additional years, subject to satisfactory performance and mutual agreement.",active,2026-01-05T00:00:00Z,2026-01-05T00:00:00Z,2027-01-05T00:00:00Z,365,30000,RWF
0.releases.513.contracts.0,0.releases.513,0,C1078616252025000029,7951c31a-f0c0-4933-b7f5-5d733a70e308,"Provision of Sports and Recreational Facilities for RFI Staff: Access to Gym, Aerobics, Sauna, and Swimming","The Contractor shall provide access to sports and recreational facilities for RFI staff, including gym/fitness services, aerobics classes, sauna, and swimming pool facilities, under a framework agreement for one (1) year, renewable up to two (2) additional years, subject to satisfactory performance and mutual agreement.",active,2026-01-05T00:00:00Z,2026-01-05T00:00:00Z,2027-01-05T00:00:00Z,365,26500,RWF
0.releases.514.contracts.0,0.releases.514,0,C1078616252025000024,cc43ea1e-fe73-4007-bf0d-878c25c31e9c,"Provision of Sports and Recreational Facilities for RFI Staff: Access to Gym, Aerobics, Sauna, and Swimming","The Contractor shall provide access to sports and recreational facilities for RFI staff, including gym/fitness services, aerobics classes, sauna, and swimming pool facilities, under a framework agreement for one (1) year, renewable up to two (2) additional years, subject to satisfactory performance and mutual agreement.",active,2026-01-05T00:00:00Z,2026-01-05T00:00:00Z,2027-01-05T00:00:00Z,365,26800,RWF
0.releases.515.contracts.0,0.releases.515,0,C1134937872025000019,54aabcbc-7ca3-47e8-9675-1ceed2d92bfb,"Hiring broadcasting media houses to provide NESA with Radio ,television and online services ( Under Framework contract)",,pending,2025-06-11T00:00:00Z,2025-06-11T00:00:00Z,2026-06-10T00:00:00Z,364,4744190,RWF
0.releases.516.contracts.0,0.releases.516,0,C1134937872025000009,40c1558a-c32c-484e-a516-886c0589a575,"Hiring broadcasting media houses to provide NESA with Radio ,television and online services ( Under Framework contract)",,pending,2025-06-19T00:00:00Z,2025-06-19T00:00:00Z,2026-06-18T00:00:00Z,364,17263282,RWF
0.releases.518.contracts.0,0.releases.518,0,C1016678342023000014,b3c9d064-6410-45d2-8b4b-93aa5f7efe4c,Tender for security service,"1. Le personnel doit être payé au plus tard le 10 du mois suivant sans attendre le payement de l’Hôpital.
2. Ibizibwa cyangwa hakagira ibyangirika biturutse ku burangare bwa company   bizishyurwa na compmany
3. Chaque Staff doit avoir un contrat de travail avec le soumissionnaire, qui sera verifié par l’ Hopital en cas de besoin
4. Buri mukozi wese agomba guhembwa amafaranga yagaragajwe mu gitabo cy'ipiganwa (DAO)
5.Rwiyemezamirimo mugihe cyo gutanga akazi kubakozi azakoresha azahera kubari basanzwe bakora akazi k'umutekano mu Bitaro bya Mibilizi


",pending,2024-02-08T00:00:00Z,2026-02-08T00:00:00Z,2027-02-07T00:00:00Z,364,140420,RWF
0.releases.519.contracts.0,0.releases.519,0,C1017431832025000023,586faf64-58f7-45f9-9ceb-a1d7106832d3,Supply and Installation of New Air conditioners,Framework contract for one year with possibility of extension,active,2026-01-06T00:00:00Z,2026-01-11T00:00:00Z,2027-01-11T00:00:00Z,365,4130000,RWF
0.releases.525.contracts.0,0.releases.525,0,C1119835172026000001,01b1f5bb-915b-4a00-996a-ce4c895d954d,Purchase non medical supplies,,pending,2026-01-05T00:00:00Z,2026-01-05T00:00:00Z,2027-01-04T00:00:00Z,364,160780,RWF
0.releases.526.contracts.0,0.releases.526,0,C1008420232024000006,e9128a41-397a-45dc-8bc3-f0cda3ba9e1c,Provision of cleaning services in Kigeme Hospital,"-  Aya masezerano afite igihe kingana n'Umwaka umwe ushobora kongerwa mugihe rwiyemezamirimo yakoranye neza n'Ibitaro.

-  Factuer yishuza igomba kuza iherekejwe nurutonde rwabakozi rwiyemezamirimo akoresha, abakozi bamusinyiye ko bahembwe.",pending,2026-03-01T00:00:00Z,2026-03-01T00:00:00Z,2027-02-28T00:00:00Z,364,5475200,RWF
0.releases.527.contracts.0,0.releases.527,0,C1018967842023000015,067c1226-261b-4330-82de-997c85568d0d,Supply of office stationaries,,pending,2025-01-19T00:00:00Z,2026-01-19T00:00:00Z,2027-01-18T00:00:00Z,364,3784654,RWF
0.releases.529.contracts.0,0.releases.529,0,C1014650502023000017,68c4f357-ce7e-4c85-892c-3753b901cf4c,"Service of gym, swimming, sauna, massage, playground and related sports facilities within the city of kigali",No,pending,2026-01-02T00:00:00Z,2026-01-03T00:00:00Z,2027-01-02T00:00:00Z,364,405920,RWF
0.releases.530.contracts.0,0.releases.530,0,C1014650502023000024,15afae64-3713-4e81-b268-c34a6d66b6ba,"Service of gym, swimming, sauna, massage, playground and related sports facilities within the city of kigali",No,pending,2026-01-15T00:00:00Z,2026-01-16T00:00:00Z,2027-01-15T00:00:00Z,364,1591820,RWF
0.releases.531.contracts.0,0.releases.531,0,C1014650502023000021,cb616249-56a9-433e-9f1c-03b987fc4997,"Service of gym, swimming, sauna, massage, playground and related sports facilities within the city of kigali",No,pending,2026-01-02T00:00:00Z,2026-01-03T00:00:00Z,2027-01-02T00:00:00Z,364,82600,RWF
0.releases.532.contracts.0,0.releases.532,0,C1014650502023000020,a041e9f6-ef65-470b-b37b-3e2a951b25f0,"Service of gym, swimming, sauna, massage, playground and related sports facilities within the city of kigali",No,pending,2026-01-04T00:00:00Z,2026-01-05T00:00:00Z,2027-01-04T00:00:00Z,364,27140,RWF
0.releases.533.contracts.0,0.releases.533,0,C1014650502023000023,14bb1b10-d98f-4a6e-abbf-024c2bae385e,"Service of gym, swimming, sauna, massage, playground and related sports facilities within the city of kigali",No,pending,2026-01-04T00:00:00Z,2026-01-05T00:00:00Z,2027-01-04T00:00:00Z,364,39005,RWF
0.releases.534.contracts.0,0.releases.534,0,C1014650502023000019,12449b19-d882-422d-b8d9-7fae297b3ac2,"Service of gym, swimming, sauna, massage, playground and related sports facilities within the city of kigali",No,pending,2026-01-02T00:00:00Z,2026-01-03T00:00:00Z,2027-01-02T00:00:00Z,364,53100,RWF
0.releases.540.contracts.0,0.releases.540,0,C1018236932025000027,4828bcc9-ec2d-415d-a809-f4b7b52cc750,Re advertising of Tender Supply of Agricultural Inputs ,The contract period is one year renewable.  Renewing will depend on decision of contracting parties. items to be purchased under this contract will be determined by purchase order done during the contract period ,pending,2025-12-30T00:00:00Z,2025-12-30T00:00:00Z,2026-12-21T00:00:00Z,356,6226,RWF
0.releases.543.contracts.0,0.releases.543,0,C1016678342023000014,b3c9d064-6410-45d2-8b4b-93aa5f7efe4c,Tender for security service,"1. Le personnel doit être payé au plus tard le 10 du mois suivant sans attendre le payement de l’Hôpital.
2. Ibizibwa cyangwa hakagira ibyangirika biturutse ku burangare bwa company   bizishyurwa na compmany
3. Chaque Staff doit avoir un contrat de travail avec le soumissionnaire, qui sera verifié par l’ Hopital en cas de besoin
4. Buri mukozi wese agomba guhembwa amafaranga yagaragajwe mu gitabo cy'ipiganwa (DAO)
5.Rwiyemezamirimo mugihe cyo gutanga akazi kubakozi azakoresha azahera kubari basanzwe bakora akazi k'umutekano mu Bitaro bya Mibilizi


",pending,2024-02-08T00:00:00Z,2026-02-08T00:00:00Z,2027-02-07T00:00:00Z,364,140420,RWF
0.releases.544.contracts.0,0.releases.544,0,C1022690082026000001,a45c6d4c-abc3-498b-bcc0-f853ee5d3b33,Rental of residential building to accommodate Ambassador of Guinee Conakry(Re-advert),,active,2026-01-07T00:00:00Z,2026-01-07T00:00:00Z,2027-01-07T00:00:00Z,365,124389146,RWF
0.releases.546.contracts.0,0.releases.546,0,C1026431582025000029,456aee45-3cc5-4227-8946-8e60b716d5e5,Acquisition of Hotel services,,pending,2026-01-07T00:00:00Z,,,,5881298,RWF
0.releases.547.contracts.0,0.releases.547,0,C1017114712023000049,d5889e70-1eba-4ca1-9653-d37cf1f7c8c3,CONSULTANCY SERVICE FOR HIRING PROFESSIONAL BAILIFF (UMUHESHA W'INKIKO W'UMWUGA),"The contract period is Three (3) years, (One year of initial contract, one year of amended contract and One Year of current extension period) starting from 18th January 2026.",pending,2024-01-17T00:00:00Z,2024-01-17T00:00:00Z,2027-01-17T00:00:00Z,1096,625400,RWF
0.releases.549.contracts.0,0.releases.549,0,C1221678392025000001,2f48237b-b569-4b64-a69b-9b024bfab793,Suply of refreshment,,pending,2025-02-04T00:00:00Z,2026-02-04T00:00:00Z,2027-02-03T00:00:00Z,364,987956,RWF
0.releases.551.contracts.0,0.releases.551,0,C1033694802023000062,423b5128-2afd-4fdf-b689-816f4b5abfbb,Provision of Restaurant services to University of Rwanda Busogo Campus RE-ADVERTISED,"This is the second renewal for the provision of Restaurant services to University of Rwanda Busogo Campus RE-ADVERTISED.

NOTE: All items and their prices appear in the contract that is attached in the document tab",active,2025-01-06T00:00:00Z,2026-01-06T00:00:00Z,2027-01-05T00:00:00Z,364,491500,RWF
0.releases.553.contracts.0,0.releases.553,0,C1022690082023000058,f6879520-8622-4256-984b-e7d213c19154,Construction works of the High Level Isolation Unit, Harmonizing effective date of e-procurement system as recommended by PTC  minutes of 11/11/2025.,active,2025-11-12T00:00:00Z,2025-11-14T00:00:00Z,2026-07-30T00:00:00Z,258,5187773638,RWF
0.releases.554.contracts.0,0.releases.554,0,C1033726202025000032,73ec1769-e91e-4bd7-80f0-05dc03f3d491,"Supplying, installing, testing, commissioning and maintenance of Solar Water Heating systems in residential and non-residential sector under framework contracts (Recruitment of additional suppliers)",This contract will be effective while approved by CBM,pending,2025-12-17T00:00:00Z,2025-12-17T00:00:00Z,2026-12-01T00:00:00Z,349,4406885,RWF
0.releases.555.contracts.0,0.releases.555,0,C1018957122025000025,be467e3b-09e3-43ba-88c3-f5ddaa32ccad,Broadcasting of Judicial Talk-Shows Live or Pre-Recorded,The purpose of this tender is to get broadcasting of judicial talk-shows live or pre-recorded ,active,2026-01-06T00:00:00Z,2026-01-06T00:00:00Z,2027-01-06T00:00:00Z,365,13017729,RWF
0.releases.558.contracts.0,0.releases.558,0,C1026431582025000020,57e4c12d-3b28-4aae-8d29-46b91588c6ab,Acquisition of Hotel services,,pending,2026-01-07T00:00:00Z,,,,2772991,RWF
0.releases.565.contracts.0,0.releases.565,0,C1134937872025000016,706dbe6e-099e-40ba-98e1-ae915d5798c6,"Hiring broadcasting media houses to provide NESA with Radio ,television and online services ( Under Framework contract)",,pending,2025-06-11T00:00:00Z,2025-06-11T00:00:00Z,2026-06-10T00:00:00Z,364,17384350,RWF
0.releases.568.contracts.0,0.releases.568,0,C1018224422025000011,3d1f867e-b626-476e-824f-bf8bb14e1ef5,Sport services,This tender is awarded to CLASSIC LODGE because he fill full all required document in tender document,pending,2025-12-30T00:00:00Z,2025-12-30T00:00:00Z,2026-12-29T00:00:00Z,364,24190,RWF
0.releases.571.contracts.0,0.releases.571,0,C1006003752025000036,fe29269e-ebcb-446f-86f6-eb8836308e37,"Supply, installation and training on RSB Laboratory Management System for metrology laboratories and upgrading existing system for testing laboratories","This contract will be effective while approved by the CBM.

",active,2026-01-05T00:00:00Z,2026-01-05T00:00:00Z,2026-07-05T00:00:00Z,181,494906277,RWF
0.releases.573.contracts.0,0.releases.573,0,C1013307382025000064,fe8379b4-abcb-4b96-a342-011441307b97,"Operationalization of Home Based ECD(HBECD)/porridge for 251HBECD (Gasab0:187, Kicukiro:19;Nyarugenge:45)",,pending,2025-12-24T00:00:00Z,2025-12-24T00:00:00Z,2026-12-23T00:00:00Z,364,2973,RWF
0.releases.579.contracts.0,0.releases.579,0,C1018320552025000007,86074f90-2bd8-43aa-adb9-0fe9c637ce37,supply of uniforms for staff, The contract number no:00 -000003/G/NCB/2025/2026/BUSHENGE HOSPITAL is framework agreement will be used for uniforms for staff expected for one year that can be renewed twice based on good performance and appreciated communication through hospital email and E procurement communication link. BUSHENGE may prepare  purchase order as the needs of staff and providing  the features  and colors appreciated. the supplier may also provide the performance guarantee when the company receives the purchase order which is equals or over 20 millions rwandan francs ,pending,2025-12-29T00:00:00Z,2025-12-29T00:00:00Z,2026-12-28T00:00:00Z,364,929250,RWF
0.releases.582.contracts.0,0.releases.582,0,C1018950862026000001,fd9c041f-8562-4f4a-9839-bcfc3e4b5085,"Feasibility and technical study for Rehabilitation and upgrading of 5Health centers Mucubira,nyamiyaga,Gatagara,Mweya and Hanika at different Sector in Nyanza District","A performance security equivalent to 10% of the contract amount is required before signature.
",pending,2026-01-06T00:00:00Z,2026-01-06T00:00:00Z,2026-05-04T00:00:00Z,118,36000000,RWF
0.releases.591.contracts.0,0.releases.591,0,C1013511052025000026,44627675-02d7-47bd-9fc3-46f2364fb63b,SUPERVISION OF REHABILITATION OF MUHONDO HEALTH CENTER IN MUHONDO SECTOR PHASE II,SUPERVISION OF REHABILITATION OF MUHONDO HEALTH CENTER IN MUHONDO SECTOR PHASE II,pending,2026-01-05T00:00:00Z,2026-01-05T00:00:00Z,2026-09-23T00:00:00Z,261,9000000,RWF
0.releases.595.contracts.0,0.releases.595,0,C1030866342024000001,99d51255-91f7-4c93-a2ba-950516b37ca0,Recruitment of a Training Institution to provide training in certified Financial Analyst (CFA) to GOR staff and high performing students,Contract period extension.,pending,2024-01-04T00:00:00Z,2024-01-04T00:00:00Z,2027-01-03T00:00:00Z,1095,12673377,RWF
0.releases.596.contracts.0,0.releases.596,0,C1030866342024000001,99d51255-91f7-4c93-a2ba-950516b37ca0,Recruitment of a Training Institution to provide training in certified Financial Analyst (CFA) to GOR staff and high performing students,Contract period extension.,pending,2024-01-04T00:00:00Z,2024-01-04T00:00:00Z,2027-01-03T00:00:00Z,1095,12673377,RWF
0.releases.599.contracts.0,0.releases.599,0,C1024201942025000180,5b25e5dc-d5fc-4e40-9565-dd2c5bc6ea39,Acquisition of CUG (AIRTEL RWANDA) for Rwanda Correctional Service staff,,pending,2026-01-06T00:00:00Z,2026-01-06T00:00:00Z,2026-12-29T00:00:00Z,357,13583,RWF
0.releases.601.contracts.0,0.releases.601,0,C1025683162025000087,0f51ea35-b343-492c-a488-32e66aa552d5,Supply and installation of fire safety equipment,"-The delivery period of all items and their installation is four months after that period the supplier will be charged the delay penalties
- The contract period is six months",pending,2025-12-31T00:00:00Z,2025-12-31T00:00:00Z,2026-06-30T00:00:00Z,181,53143451,RWF
0.releases.602.contracts.0,0.releases.602,0,C1031240742024000036,97f6cea4-40d0-4020-acf6-26778177acf1,Supply of office stationeries,"1.The contract execution period is One (1) year renewable basing on good performance by the supplier;
2.Delay penalty is 1/1000 per day of delay;
3. Delivery period will be within fifteen (15) calendar days after the receipt of the purchase order by the Supplier.

Contract Management:
==================
1. Contract Manager: HATEGEKIMANA Jean, Logistics Officer, Telephone: 0788599461 and Email: jhategekimana@minema.gov.rw 
2.Co-contract Manager: HAKIZIMANA Christian, Logistics Officer, Telephone: 0781216897 and Email: chakizimana@minema.gov.rw
",pending,2025-01-17T00:00:00Z,2025-01-17T00:00:00Z,2027-01-16T00:00:00Z,729,1404036,RWF
0.releases.604.contracts.0,0.releases.604,0,C1001007492023000034,6cbabd9c-9a15-456d-b521-19af41e74d32,Acquisition of Tyres for OBVANS,The price of this contract for the supply of tyres is based on the unit price as specified in Appendix II attached to this contract.,pending,2025-12-30T00:00:00Z,2026-01-04T00:00:00Z,2027-01-03T00:00:00Z,364,2714000,RWF
0.releases.607.contracts.0,0.releases.607,0,C1006047782025000024,940302af-7c12-45ad-90d2-c6f85a0db6f9,Construction Supervision Consultancy (CSC) services for RUDP II phase 4 infrastructure in 6 secondary cities,"This contract amendment intends to extend the contract period for three months effective from 01st January, 2026 to 31st March, 2026 with cost implication equivalent to three hundred and eight million nine hundred and forty-six thousand four hundred Rwandan Francs Taxes Exclusive (308,946,400 Frw) due to the construction works of RUDP II phase43 Asphalt Roads in six secondary cities which remain ongoing during this period; ",pending,2025-02-17T00:00:00Z,2025-02-17T00:00:00Z,2026-03-31T00:00:00Z,407,1367216400,RWF
0.releases.608.contracts.0,0.releases.608,0,C1001007492023000034,6cbabd9c-9a15-456d-b521-19af41e74d32,Acquisition of Tyres for OBVANS,The price of this contract for the supply of tyres is based on the unit price as specified in Appendix II attached to this contract.,active,2025-12-30T00:00:00Z,2026-01-04T00:00:00Z,2027-01-03T00:00:00Z,364,2714000,RWF
0.releases.621.contracts.0,0.releases.621,0,C1013307382025000005,2f147213-8929-4a52-adf6-4761bb6a5430,Hiring a consultancy firm for preparation of resettlement action plans for Nyabugogo bus terminal and its temporary relocation sites and for the identified dedicated bus lane,This is a world bank funded ,active,2025-02-26T00:00:00Z,2025-02-26T00:00:00Z,2026-02-26T00:00:00Z,365,101500000,RWF
0.releases.623.contracts.0,0.releases.623,0,C1036831012024000001,07bf6fa8-baed-44af-943e-a8de36ec6ebf,Provision of Sport services,This is a framework contract of Sport services for a period of one year which may be renewed upon satisfactory of performance of the supplier.,pending,2024-01-31T00:00:00Z,2024-01-31T00:00:00Z,2027-01-30T00:00:00Z,1095,45000,RWF
0.releases.624.contracts.0,0.releases.624,0,C1071118822025000016,d9eecace-3051-444d-b69b-fd32e82d35e2,Tender for supply of photo  CAMERAS   on behalf of all Government Institutions,Amendment No. 2 – Additional for new items.All other terms and conditions of the original contract  and its first amendment remain unchanged.,active,2025-05-15T00:00:00Z,2025-05-15T00:00:00Z,2026-05-15T00:00:00Z,365,117776459,RWF
0.releases.625.contracts.0,0.releases.625,0,C1036831012025000001,094bc969-293c-4fa3-a066-d1c994561f7a,Supply of Office Beverages,This is a framework contract of one year may or not be renewed subjected to decision of procuring entity according to the performance of contractor or other factors ,active,2025-01-21T00:00:00Z,2025-01-21T00:00:00Z,2027-01-20T00:00:00Z,729,307812,RWF
0.releases.626.contracts.0,0.releases.626,0,C1036831012024000002,8adc0b48-90cf-418b-aa7e-a2d2dd28af4f,Provision of Sport services,This is a framework contract of Sport services for a period of one year which may be renewed upon satisfactory of performance of the supplier.,active,2024-01-31T00:00:00Z,2024-01-31T00:00:00Z,2027-01-30T00:00:00Z,1095,34004,RWF
0.releases.628.contracts.0,0.releases.628,0,C1036831012024000003,509b81b1-e3fe-4f6c-945b-9c979484cc0e,PROVISION OF INTERNET SERVICES AND MSS PACKAGE CHARGES,This is a framework contract  for a period of one year which may be renewed.,active,2024-01-31T00:00:00Z,2024-01-31T00:00:00Z,2027-01-30T00:00:00Z,1095,703433,RWF
0.releases.630.contracts.0,0.releases.630,0,C1013307382026000001,cbffff59-ef0e-4a11-899e-aacb9dec53c0,Renovation of Muhima HC Maternity,,pending,2026-01-01T00:00:00Z,2026-01-01T00:00:00Z,2026-03-31T00:00:00Z,89,11475500,RWF
0.releases.631.contracts.0,0.releases.631,0,C1014493222025000041,6ee82660-1ac3-4031-b03a-b565efd22872,SUPPLY OF DIFFERENT REQUIREMENTS FOR REINFORCEMENT IN FPU PHASE III,"The object of this contract is to supply reefer container.

The contract is at total price of 112,100,000FRW with all taxes and custom duties inclusive which shall not be revised and the performance security shall be 6% of the contract value.
This contract shall be conducted for a period of Sixty (60) days starting from the date of contract signing by all concerned parties.
The place of delivery shall be: DDP Bangui - Republic of Central Africa (RCA). 
",active,2026-01-07T00:00:00Z,2026-01-07T00:00:00Z,2026-03-07T00:00:00Z,59,112100000,RWF
0.releases.632.contracts.0,0.releases.632,0,C1013307382026000002,d5ca02f9-baff-455e-8251-047e0a392082,Consultant for Construction Supervision of Nyabisindu rehousing project works (Construction Supervision of 2 housing blocks for Nyabisindu Compensation in Kind for road 13),,pending,2026-01-06T00:00:00Z,2026-01-06T00:00:00Z,2026-07-05T00:00:00Z,180,194655.5,USD
0.releases.634.contracts.0,0.releases.634,0,C1022690082025000029,315973bd-3b88-445f-990c-11adf90881db,"Construction works of Model ECDs Centers of EP Ngoma Cath, Groupe Scolaire Nyarubande and Gihundwe","The purpose of this amendment is to extend the contract duration by two (2) months, effective from 29/12/2025.

The Contractor is requested to extend the performance security to cover the extended time as well as defect liability period.",pending,2025-12-24T00:00:00Z,2025-12-29T00:00:00Z,2026-02-28T00:00:00Z,61,181869796,RWF
0.releases.636.contracts.0,0.releases.636,0,C1133334402025000035,8ac1bb40-e8d7-4ca7-8f93-ea041fe29ffd,Stationaries and Printing Consumables,,pending,2025-12-17T00:00:00Z,2025-12-17T00:00:00Z,2026-12-16T00:00:00Z,364,954974,RWF
0.releases.640.contracts.0,0.releases.640,0,C1018534192025000014,79a1ada4-fad1-400c-9886-593a83ff8dd0,supply and installation of security system and items,,active,2025-12-18T00:00:00Z,2025-12-18T00:00:00Z,2026-12-18T00:00:00Z,365,254697236,RWF
0.releases.641.contracts.0,0.releases.641,0,C1024326722025000062,a4289d63-95e9-491c-80a5-1c76f7dca7a3,Supply of lime grade 1,,active,2025-12-02T00:00:00Z,2025-12-02T00:00:00Z,2026-12-02T00:00:00Z,365,99,RWF
0.releases.642.contracts.0,0.releases.642,0,C1018534192025000018,6cd4c9fc-a6c5-419f-9704-f90f9eac89ec,Tender for design and beautification of MINAFFET conference rooms.,,pending,2025-12-22T00:00:00Z,2025-12-22T00:00:00Z,2026-09-21T00:00:00Z,273,139326143,RWF
0.releases.647.contracts.0,0.releases.647,0,C1013364812025000041,d70c4423-54f0-4f92-be01-dc1e7a33f734,Execution works for Construction of Gitanda health center,"1.Advance payment of 20% of total contract price equivalent to 265,502,234rwf  shall be paid to the contractor after approval of project review and submission of advance guarantee of 100% of the amount of advance to be paid.

2.The total contract cost of 1,327,511,170 rwf will be paid progressively according to the certified and approved invoices. Payments shall be adjusted for deductions for advance payments.

3.The first invoice shall be submitted once the works progress is greater than 20%.
",pending,2026-01-05T00:00:00Z,2026-01-05T00:00:00Z,2026-11-30T00:00:00Z,329,1327511170,RWF
0.releases.648.contracts.0,0.releases.648,0,C1006004072025000021,006effe3-e593-443b-a453-f116fee3cc38,Provision of Hotel and Restaurant services for workshops and conferences,,active,2025-12-29T00:00:00Z,2025-12-29T00:00:00Z,2026-12-29T00:00:00Z,365,9395782,RWF
0.releases.656.contracts.0,0.releases.656,0,C1218455332025000013,9d60f18e-17bc-44d5-9499-5a4d8ddbbb85,"Construction of  Latrines for Schools, Public places and Health facilities (4Lots)","This is the contract for Construction of Latrines for Schools, Public places and Health facilities-lot 2 (Construction works of 4 latrines in Kayonza District and 4 latrines in Gatsibo District)",pending,2025-12-08T00:00:00Z,2025-12-08T00:00:00Z,2026-10-30T00:00:00Z,326,546213618,RWF
0.releases.658.contracts.0,0.releases.658,0,C1013307382026000003,611f9841-6748-4d23-8ce5-84617695b894,"Supply of construction materials, which includes the installation of electrical equipment and water tanks in schools. Framework contract ",,pending,2026-01-06T00:00:00Z,2026-01-06T00:00:00Z,2027-01-05T00:00:00Z,364,2475566,RWF
0.releases.660.contracts.0,0.releases.660,0,C1025683162024000059,e1bf8f97-17cb-43ae-874c-4934d85ee3b4,Maintenance of Laboratory information system at NRL,,pending,2025-01-06T00:00:00Z,2025-01-07T00:00:00Z,2027-01-07T00:00:00Z,730,52914386,RWF
0.releases.662.contracts.0,0.releases.662,0,C1028420612026000001,da3ae2e9-4e49-40ff-a5cb-d89f32b37cbb,Provision of advertising and media services to promote GoR activities(COMMUNICATION MEDIA AND CREATIVE AGENCY SERVICES),,pending,2026-01-07T00:00:00Z,2026-01-07T00:00:00Z,2027-01-06T00:00:00Z,364,32619364,RWF
0.releases.664.contracts.0,0.releases.664,0,C1024201942024000001,c4f73aee-e96a-4c20-a776-7b0e42cc2ac4,Maintenance of Speed governors for RCS Vehicles,"Maintenance of Speed governors for RCS Vehicles

The object of this contract is to renew the contract of One year of Maintenance of Speed governors for RCS Vehicles of Fiscal Year 2024/2025;",active,2024-01-16T00:00:00Z,2024-01-16T00:00:00Z,2027-01-15T00:00:00Z,1095,827898,RWF
0.releases.665.contracts.0,0.releases.665,0,C1024201942025000005,c01f9da0-86af-40ed-b164-495345d81c0f,Acquisition materials for Isolation for RCS 2024-2025,The purpose of this amendment is to extend the Agreement of Acquisition materials for Isolation for RCS  2025/2026 FY.,active,2025-01-16T00:00:00Z,2025-01-16T00:00:00Z,2027-01-15T00:00:00Z,729,4200000,RWF
0.releases.666.contracts.0,0.releases.666,0,C1017171082025000009,95d2d704-ec29-4667-b012-f3193c3d3d81,Supply of office stationary and consumables,Supply of office stationary and consumables,pending,2025-12-15T00:00:00Z,2025-12-15T00:00:00Z,2026-12-14T00:00:00Z,364,9692225,RWF
0.releases.667.contracts.0,0.releases.667,0,C1025683162024000008,dff17338-0525-4846-b11d-9f564868ad1d,"Tender for airing Radio/TV programs, and adverts, and announcement","The contract period is one year renewable
The performance guarantee of each purchase order will be provided as following: 
(a) 5% of the value of the purchase order exceed FRW 500,000,000;
(b) 6% of the value of the purchase order is between FRW 100,000,000 FRW to 
FRW 500,000,000;
(c) 7% of the value of the purchase order is between FRW 50,000,000 to FRW 
100,000,000
(d) 10% of the value of the purchase order is between FRW 20,000,000 to FRW 50,000,000.",pending,2026-01-26T00:00:00Z,2026-01-26T00:00:00Z,2027-01-25T00:00:00Z,364,14005066,RWF
0.releases.669.contracts.0,0.releases.669,0,C1025683162024000009,faa75d3f-6808-4317-ab7a-310ca746dede,"Tender for airing Radio/TV programs, and adverts, and announcement","The contract period is one year renewable
The performance guarantee of each purchase order will be provided as following: 
(a) 5% of the value of the purchase order exceed FRW 500,000,000;
(b) 6% of the value of the purchase order is between FRW 100,000,000 FRW to 
FRW 500,000,000;
(c) 7% of the value of the purchase order is between FRW 50,000,000 to FRW 
100,000,000
(d) 10% of the value of the purchase order is between FRW 20,000,000 to FRW 50,000,000.",pending,2026-01-26T00:00:00Z,2026-01-26T00:00:00Z,2027-01-25T00:00:00Z,364,3548437,RWF
0.releases.670.contracts.0,0.releases.670,0,C1024201942025000174,08b9ea35-b8a0-4fb3-b0d0-8131fd139033,Acquisition of Training Consumables and materials for Correctional Facilities,,active,2026-01-07T00:00:00Z,2026-01-07T00:00:00Z,2026-04-07T00:00:00Z,90,4104984,RWF
0.releases.673.contracts.0,0.releases.673,0,C1025683162024000022,5d605b30-cf43-4d09-9a8f-c9c2130716d6,"Tender for airing Radio/TV programs, and adverts, and announcement","The contract period is one year renewable
The performance guarantee of each purchase order will be provided as following: 
(a) 5% of the value of the purchase order exceed FRW 500,000,000;
(b) 6% of the value of the purchase order is between FRW 100,000,000 FRW to 
FRW 500,000,000;
(c) 7% of the value of the purchase order is between FRW 50,000,000 to FRW 
100,000,000
(d) 10% of the value of the purchase order is between FRW 20,000,000 to FRW 50,000,000.",pending,2026-02-12T00:00:00Z,2026-02-12T00:00:00Z,2027-02-11T00:00:00Z,364,4375357,RWF
0.releases.674.contracts.0,0.releases.674,0,C1024201942025000171,62de25a0-eaa3-4b74-83e9-1f94debb9526,Acquisition of Training Consumables and materials for Correctional Facilities,Acquisition of Training Consumables and materials for Correctional Facilities,active,2026-01-07T00:00:00Z,2026-01-07T00:00:00Z,2026-04-07T00:00:00Z,90,3626730,RWF
0.releases.676.contracts.0,0.releases.676,0,C1022690082023000051,db965244-53fd-44d4-bea0-d66a13769b21,Supervision of construction works  of Parliament Commissions’ Block,This Contract is amended to adjust its starting date to be 13/8/2025.,pending,2023-11-30T00:00:00Z,2025-08-13T00:00:00Z,2027-09-12T00:00:00Z,760,348808000,RWF
0.releases.678.contracts.0,0.releases.678,0,C1024201942025000170,0ba21349-cc8c-46b7-8905-93c375ea15ef,Acquisition of Training Consumables and materials for Correctional Facilities,Acquisition of Training Consumables and materials for Correctional Facilities,active,2026-01-07T00:00:00Z,2026-01-07T00:00:00Z,2026-04-07T00:00:00Z,90,2710932,RWF
0.releases.683.contracts.0,0.releases.683,0,C1025683162024000003,9e652e50-8f51-4964-a5d4-b1cb44676ee5,"Tender for airing Radio/TV programs, and adverts, and announcement","The contract period is one year renewable
The performance guarantee of each purchase order will be provided as following: 
(a) 5% of the value of the purchase order exceed FRW 500,000,000;
(b) 6% of the value of the purchase order is between FRW 100,000,000 FRW to 
FRW 500,000,000;
(c) 7% of the value of the purchase order is between FRW 50,000,000 to FRW 
100,000,000
(d) 10% of the value of the purchase order is between FRW 20,000,000 to FRW 50,000,000.
",pending,2026-01-26T00:00:00Z,2026-01-26T00:00:00Z,2027-01-25T00:00:00Z,364,9133466,RWF
0.releases.684.contracts.0,0.releases.684,0,C1025683162024000002,abf246ce-90cc-48c4-b833-8b89d9f6cc86,"Tender for airing Radio/TV programs, and adverts, and announcement","The contract period is one year renewable
The performance guarantee of each purchase order will be provided as following: 
(a) 5% of the value of the purchase order exceed FRW 500,000,000;
(b) 6% of the value of the purchase order is between FRW 100,000,000 FRW to 
FRW 500,000,000;
(c) 7% of the value of the purchase order is between FRW 50,000,000 to FRW 
100,000,000
(d) 10% of the value of the purchase order is between FRW 20,000,000 to FRW 50,000,000.",pending,2026-01-26T00:00:00Z,2026-01-26T00:00:00Z,2027-01-25T00:00:00Z,364,28208550,RWF
0.releases.685.contracts.0,0.releases.685,0,C1025683162024000017,f6d42af4-8667-4f52-8e6a-d38343c5545a,"Tender for airing Radio/TV programs, and adverts, and announcement","The contract period is one year renewable
The performance guarantee of each purchase order will be provided as following: 
(a) 5% of the value of the purchase order exceed FRW 500,000,000;
(b) 6% of the value of the purchase order is between FRW 100,000,000 FRW to 
FRW 500,000,000;
(c) 7% of the value of the purchase order is between FRW 50,000,000 to FRW 
100,000,000
(d) 10% of the value of the purchase order is between FRW 20,000,000 to FRW 50,000,000.",pending,2026-01-30T00:00:00Z,2026-01-30T00:00:00Z,2027-01-29T00:00:00Z,364,12605586,RWF
0.releases.686.contracts.0,0.releases.686,0,C1025683162024000018,13dd7653-26c8-4909-9b8f-ab47733d8dcf,"Tender for airing Radio/TV programs, and adverts, and announcement","The contract period is one year renewable
The performance guarantee of each purchase order will be provided as following: 
(a) 5% of the value of the purchase order exceed FRW 500,000,000;
(b) 6% of the value of the purchase order is between FRW 100,000,000 FRW to 
FRW 500,000,000;
(c) 7% of the value of the purchase order is between FRW 50,000,000 to FRW 
100,000,000
(d) 10% of the value of the purchase order is between FRW 20,000,000 to FRW 50,000,000.",pending,2026-01-30T00:00:00Z,2026-01-30T00:00:00Z,2027-01-29T00:00:00Z,364,6693940,RWF
0.releases.688.contracts.0,0.releases.688,0,C1025683162024000013,1fc4f623-ecd0-493d-9461-2178fa258334,"Tender for airing Radio/TV programs, and adverts, and announcement","The contract period is one year renewable
The performance guarantee of each purchase order will be provided as following: 
(a) 5% of the value of the purchase order exceed FRW 500,000,000;
(b) 6% of the value of the purchase order is between FRW 100,000,000 FRW to 
FRW 500,000,000;
(c) 7% of the value of the purchase order is between FRW 50,000,000 to FRW 
100,000,000
(d) 10% of the value of the purchase order is between FRW 20,000,000 to FRW 50,000,000.",pending,2026-01-26T00:00:00Z,2026-01-26T00:00:00Z,2027-01-25T00:00:00Z,364,3970110,RWF
0.releases.689.contracts.0,0.releases.689,0,C1025683162024000012,43c3c70a-60d6-4d87-a8ba-49b1d59de257,"Tender for airing Radio/TV programs, and adverts, and announcement","The contract period is one year renewable
The performance guarantee of each purchase order will be provided as following: 
(a) 5% of the value of the purchase order exceed FRW 500,000,000;
(b) 6% of the value of the purchase order is between FRW 100,000,000 FRW to 
FRW 500,000,000;
(c) 7% of the value of the purchase order is between FRW 50,000,000 to FRW 
100,000,000
(d) 10% of the value of the purchase order is between FRW 20,000,000 to FRW 50,000,000.",pending,2026-01-26T00:00:00Z,2026-01-26T00:00:00Z,2027-01-25T00:00:00Z,364,11059786,RWF
0.releases.691.contracts.0,0.releases.691,0,C1025683162024000019,021e7469-02ce-4ab0-8592-c4966cab61c1,"Tender for airing Radio/TV programs, and adverts, and announcement","The contract period is one year renewable
The performance guarantee of each purchase order will be provided as following: 
(a) 5% of the value of the purchase order exceed FRW 500,000,000;
(b) 6% of the value of the purchase order is between FRW 100,000,000 FRW to 
FRW 500,000,000;
(c) 7% of the value of the purchase order is between FRW 50,000,000 to FRW 
100,000,000
(d) 10% of the value of the purchase order is between FRW 20,000,000 to FRW 50,000,000.",pending,2026-01-30T00:00:00Z,2026-01-30T00:00:00Z,2027-01-29T00:00:00Z,364,11017660,RWF
0.releases.693.contracts.0,0.releases.693,0,C1013307382022000110,01c54f55-a475-4d56-8930-f4c234b38f1b,Tender for maintenance of waste water treatment plant in Gacuriro real estate and IDP models,,active,2023-01-05T00:00:00Z,2023-01-05T00:00:00Z,2026-04-04T00:00:00Z,1185,83544000,RWF
0.releases.694.contracts.0,0.releases.694,0,C1006003912025000031,588a19b1-a5dd-4fca-9d76-4f8b0c7c6a13,Supply of Cleaning& Hygiene materials,"-As Performance Security, the supplier will be requested to provide the performance securing declaration in place of the performance security stating that this contract will be well executed as stipulated in contract terms. 
However, a performance security will be requested for each purchase order exceeding 20,000,000 Frw.
- Delivery of goods will only be done after the receipt of the purchase order and the delivery period will not exceed 30 days after reception of each purchase order.
- The framework contract period is one year which may be renewed upon evaluation of satisfactory performance of the supplier and upon agreement of the two parties.",pending,2025-12-23T00:00:00Z,2025-12-23T00:00:00Z,2026-12-21T00:00:00Z,363,67993,RWF
0.releases.695.contracts.0,0.releases.695,0,C1013307382026000006,736f3fee-534c-49be-8a76-cc95617c28e6,Supply of sand for construction of retaining walls in schools on framework contract ,,pending,2026-01-06T00:00:00Z,2026-01-06T00:00:00Z,2027-01-05T00:00:00Z,364,40120,RWF
0.releases.698.contracts.0,0.releases.698,0,C1027608722025000018,df90997d-7760-456b-ac7a-78f1243c363d,"Provision of Printing services (Banners, Books, Booklets and different binding documents..)",This contract is one year renewable upon satisfaction of the client,active,2026-01-07T00:00:00Z,2026-01-07T00:00:00Z,2027-01-07T00:00:00Z,365,774198,RWF
0.releases.699.contracts.0,0.releases.699,0,C1013307382026000004,a1c0f247-3fde-4d2a-b9e3-eb1cb715e2c5,Supply of sand for construction of retaining walls in schools on framework contract ,,pending,2026-01-06T00:00:00Z,2026-01-06T00:00:00Z,2027-01-05T00:00:00Z,364,40120,RWF
0.releases.700.contracts.0,0.releases.700,0,C1027608722025000015,8be64b72-5e7b-4c62-bbd4-b1779d11e0c4,"Provision of event management(Sound system, stage, stage requirement Decoration, camera services, and photo etc..) For CHENO events",This contract is one year renewable upon satisfaction of the client ,active,2026-01-07T00:00:00Z,2026-01-12T00:00:00Z,2027-01-12T00:00:00Z,365,2029482,RWF
0.releases.701.contracts.0,0.releases.701,0,C1018224422025000011,3d1f867e-b626-476e-824f-bf8bb14e1ef5,Sport services,This tender is awarded to CLASSIC LODGE because he fill full all required document in tender document,active,2026-01-07T00:00:00Z,2026-01-07T00:00:00Z,2027-01-07T00:00:00Z,365,24190,RWF
0.releases.706.contracts.0,0.releases.706,0,C1013307382026000005,f28481bd-d1cc-4a1b-9e6f-a1507ad9afdb,Supply of sand for construction of retaining walls in schools on framework contract ,,pending,2026-01-06T00:00:00Z,2026-01-06T00:00:00Z,2027-01-05T00:00:00Z,364,40120,RWF
0.releases.709.contracts.0,0.releases.709,0,C1017086222025000004,fff8e060-564e-4b7c-9341-bdacd5797785,Advert and Announcement,,pending,2025-12-30T00:00:00Z,2025-12-30T00:00:00Z,2026-12-17T00:00:00Z,352,16945000,RWF
0.releases.710.contracts.0,0.releases.710,0,C1204347282024000027,05ea7d12-ee6d-4749-986a-7f2b24cfacf6,Providing internet connectivity services at KIIWP offices,"This is a renewal of the contract for contract for providing internet connectivity services at KIIWP offices. the renewal is for 1 year with no cost implication ( i.e from 8/01/2026 to 7/01/2027) 
",pending,2025-01-07T00:00:00Z,2025-01-07T00:00:00Z,2027-01-07T00:00:00Z,730,601800,RWF
0.releases.715.contracts.0,0.releases.715,0,C1013940542024000053,25940f50-8c90-4b27-94af-4bc0d5b4614c,Hiring of local media outlets' services for REMA,"This contract is for a period of one-year renewable. The Service provider shall not before signature of this contract provide a performance security instead the service provider shall provide a signed performance declaration commitment letter. Nevertheless, the Service provider shall submit Performance security and the  amount may be a percentage of the contract/Purchase order value as follows:
(a) 5% of the value of the contract whose value exceed FRW 500,000,000;
(b) 6% of the contract price whose value between FRW 100,000,000 FRW to FRW 500,000,000;
(c) 7% of the contract price whose value is between FRW 50,000,000 to FRW 100,000,000;
(d) 10% per cent of the contract price whose value is between FRW 20,000,000 to FRW 50,000,000.",pending,2025-01-01T00:00:00Z,2025-01-01T00:00:00Z,2026-12-31T00:00:00Z,729,10801811,RWF
0.releases.716.contracts.0,0.releases.716,0,C1013307382026000001,cbffff59-ef0e-4a11-899e-aacb9dec53c0,Renovation of Muhima HC Maternity,,active,2026-01-07T00:00:00Z,2026-01-07T00:00:00Z,2026-04-07T00:00:00Z,90,11475500,RWF
0.releases.717.contracts.0,0.releases.717,0,C1013940542024000053,25940f50-8c90-4b27-94af-4bc0d5b4614c,Hiring of local media outlets' services for REMA,"This contract is for a period of one-year renewable. The Service provider shall not before signature of this contract provide a performance security instead the service provider shall provide a signed performance declaration commitment letter. Nevertheless, the Service provider shall submit Performance security and the  amount may be a percentage of the contract/Purchase order value as follows:
(a) 5% of the value of the contract whose value exceed FRW 500,000,000;
(b) 6% of the contract price whose value between FRW 100,000,000 FRW to FRW 500,000,000;
(c) 7% of the contract price whose value is between FRW 50,000,000 to FRW 100,000,000;
(d) 10% per cent of the contract price whose value is between FRW 20,000,000 to FRW 50,000,000.",pending,2025-01-01T00:00:00Z,2025-01-01T00:00:00Z,2026-12-31T00:00:00Z,729,10801811,RWF
0.releases.718.contracts.0,0.releases.718,0,C1031240742025000002,9fb03a6a-33b5-40e9-a031-e7f9ae030218,Provision of broadcasting services through Radio and TV by highest media,"*The contract is for a period of one (1) year renewable based on good performance of the Service provider/broadcasting company;
*The contract is unit price-based contract;
*The service will be requested on purchase order;
*Delay penalty is 1/1000 per day of delay.

Contract Management:
==================
1.TWISHIME Jean Claude, Communication Specialist, Email: ctwishime@minema.gov.rw, telephone:0788221479
2.NIYIBIZI Vincent, Communication Specialist, vniyibizi@minema.gov.rw, telephone: 0785789901",pending,2025-01-23T00:00:00Z,2025-01-23T00:00:00Z,2027-01-23T00:00:00Z,730,2798184,RWF
0.releases.722.contracts.0,0.releases.722,0,C1014020452026000002,cba79069-db88-4d6c-8036-8249728bcffe,"provision  of reception services of Burera District during meeting, training, workshop and other events under framework agreement",framework agreement first year,pending,2026-01-05T00:00:00Z,2026-01-05T00:00:00Z,2027-01-04T00:00:00Z,364,1643690,RWF
0.releases.725.contracts.0,0.releases.725,0,C1014354632025000013,c938f43b-865b-4528-b7fc-d9285fb4141f,supervision of Construction of Akayanza ( Nyagisozi Sector) and Rukonja ( Cyahinda Sector) Bridges,,pending,2026-01-08T00:00:00Z,2026-01-18T00:00:00Z,2026-03-24T00:00:00Z,65,3890000,RWF
0.releases.728.contracts.0,0.releases.728,0,C1134937872025000007,f9f3593c-c858-4bbc-84fd-e90085afc5ea,"Hiring broadcasting media houses to provide NESA with Radio ,television and online services ( Under Framework contract)",,pending,2025-06-23T00:00:00Z,2025-06-23T00:00:00Z,2026-06-22T00:00:00Z,364,7317000,RWF
0.releases.729.contracts.0,0.releases.729,0,C1134937872025000020,e706beb0-24d5-4d37-9bd0-6bf2490bdbba,"Printing National Examination question papers ,answer booklets and other assessment materials of period three years",,pending,2025-06-30T00:00:00Z,2025-06-30T00:00:00Z,2026-06-30T00:00:00Z,365,1430635374,RWF
0.releases.730.contracts.0,0.releases.730,0,C1013307382026000005,f28481bd-d1cc-4a1b-9e6f-a1507ad9afdb,Supply of sand for construction of retaining walls in schools on framework contract ,,active,2026-01-07T00:00:00Z,2026-01-07T00:00:00Z,2027-01-07T00:00:00Z,365,40120,RWF
0.releases.731.contracts.0,0.releases.731,0,C1013307382026000006,736f3fee-534c-49be-8a76-cc95617c28e6,Supply of sand for construction of retaining walls in schools on framework contract ,,active,2026-01-07T00:00:00Z,2026-01-07T00:00:00Z,2027-01-07T00:00:00Z,365,40120,RWF
0.releases.733.contracts.0,0.releases.733,0,C1013307382026000004,a1c0f247-3fde-4d2a-b9e3-eb1cb715e2c5,Supply of sand for construction of retaining walls in schools on framework contract ,,active,2026-01-07T00:00:00Z,2026-01-07T00:00:00Z,2027-01-07T00:00:00Z,365,40120,RWF
0.releases.734.contracts.0,0.releases.734,0,C1013307382026000003,611f9841-6748-4d23-8ce5-84617695b894,"Supply of construction materials, which includes the installation of electrical equipment and water tanks in schools. Framework contract ",,active,2026-01-07T00:00:00Z,2026-01-07T00:00:00Z,2027-01-07T00:00:00Z,365,2475566,RWF
0.releases.735.contracts.0,0.releases.735,0,C1013307382025000064,fe8379b4-abcb-4b96-a342-011441307b97,"Operationalization of Home Based ECD(HBECD)/porridge for 251HBECD (Gasab0:187, Kicukiro:19;Nyarugenge:45)",,active,2026-01-07T00:00:00Z,2026-01-07T00:00:00Z,2027-01-07T00:00:00Z,365,2973,RWF
0.releases.740.contracts.0,0.releases.740,0,C1006005702024000003,45647029-2a93-4c9c-9987-b2ad14f880d2,Annual supply of IT materials used in network installation and day to day work to RRA (Framework Cotract),"Contract for Annual supply of IT materials used in network installation and day to day work to RRA (Framework Contract).

FRAMEWORK CONTRACT FOR Annual supply of IT materials used in network installation and day to day work to RRA (Framework Contract.

More detailed unit prices of items to be used during contract implementation and purchase order preparation are in the detailed contract as attached.
",pending,2024-02-29T00:00:00Z,2026-03-01T00:00:00Z,2027-02-28T00:00:00Z,364,24942755,RWF
0.releases.741.contracts.0,0.releases.741,0,C1024203812023000027,e5f6c8e5-a3c1-4a20-9c85-5c1ae8bb40ca,"Tender for framework contract for horticultural crop protection materials, tools and inputs","Contract renew  for framework contract for supply of horticultural crop protection materials, tools and inputs",pending,2024-01-08T00:00:00Z,2024-01-08T00:00:00Z,2027-01-07T00:00:00Z,1095,589000,RWF
0.releases.742.contracts.0,0.releases.742,0,C1017431832026000001,c7e1ab83-f9a9-4020-a00d-5e798021e08e,Maintenance and repair of air conditioners and Refrigerators of Kibuye referral Hospital,This is under framework contract for one year of 2026-2027 with possibilities of extension depending on satisfaction of both parties,pending,2026-01-07T00:00:00Z,2026-01-07T00:00:00Z,2027-01-08T00:00:00Z,366,3792833,RWF
0.releases.743.contracts.0,0.releases.743,0,C1021623972025000004,9113c261-2b06-4cd8-ba13-461636a5ea21,Acquisition of loading and offloading services,,pending,2025-12-22T00:00:00Z,2025-12-22T00:00:00Z,2026-12-21T00:00:00Z,364,8260,RWF
0.releases.744.contracts.0,0.releases.744,0,C1204347282024000027,05ea7d12-ee6d-4749-986a-7f2b24cfacf6,Providing internet connectivity services at KIIWP offices,"This is a renewal of the contract for contract for providing internet connectivity services at KIIWP offices. the renewal is for 1 year with no cost implication ( i.e from 8/01/2026 to 7/01/2027) 
",active,2025-01-07T00:00:00Z,2025-01-07T00:00:00Z,2027-01-07T00:00:00Z,730,601800,RWF
0.releases.745.contracts.0,0.releases.745,0,C1013511052025000026,44627675-02d7-47bd-9fc3-46f2364fb63b,SUPERVISION OF REHABILITATION OF MUHONDO HEALTH CENTER IN MUHONDO SECTOR PHASE II,SUPERVISION OF REHABILITATION OF MUHONDO HEALTH CENTER IN MUHONDO SECTOR PHASE II,active,2026-01-07T00:00:00Z,2026-01-07T00:00:00Z,2026-10-07T00:00:00Z,273,9000000,RWF
0.releases.746.contracts.0,0.releases.746,0,C1024201942025000180,5b25e5dc-d5fc-4e40-9565-dd2c5bc6ea39,Acquisition of CUG (AIRTEL RWANDA) for Rwanda Correctional Service staff,,active,2026-01-07T00:00:00Z,2026-01-07T00:00:00Z,2027-01-07T00:00:00Z,365,13583,RWF
0.releases.747.contracts.0,0.releases.747,0,C1025683162026000001,89ed9a3a-015f-40e8-978d-f49ba57b6b7e,EXTERNAL AUDIT OF THE RBC- CDC COOPERATIVE AGREEMENTS (CoAgs) SUPPORTED PROGRAM (lot 1 re-advertised),The duration of this contract is one year renewable twice upon satisfactory performance of the consultant from the date of contract signature.,pending,2026-01-05T00:00:00Z,2026-01-05T00:00:00Z,2027-01-04T00:00:00Z,364,4720000,RWF
0.releases.748.contracts.0,0.releases.748,0,C1006005702021000079,f52c7df2-860a-4c88-ab4d-7c29ed7f309b,Provision of Rental services for RRA staff accommodation  in RUBAVU-A (framework contract),"CONTRACT BETWEEN RRA AND NIKUZE KABAKA FOR PROVISION OF RENTAL SERVICES FOR RRA STAFF ACCOMMODATION IN RUBAVU-A (FRAMEWORK CONTRACT).

Both Parties agree that on the date of the commencement of this contract, the Tenant shall pay down payment of one year (1) equivalent to Eight Million Four Hundred Thousand Rwandan Francs (8,400,000 Frw) all taxes inclusive. All payments will be made within fifteen (45) days after receipt and approval of the supplier’s invoice and shall be paid to the Landlord’s Bank Account as indicated on the invoice (similarly to the Bank account mentioned by the                   E-procurement System).


This contract extension, the initial contract is extended for one (1) year effective from              6th October 2023. 
",pending,2021-10-05T00:00:00Z,2025-10-06T00:00:00Z,2026-02-05T00:00:00Z,122,2800000,RWF
0.releases.749.contracts.0,0.releases.749,0,C1006005702022000128,9f0446f1-4482-4258-94ff-c97cace3eb2b,"Annual provision of Insurance of RRA movable and immovable assets (Fire and Allied Perils, Machinery breakdown and General liability) to RRA(Framework contract)","Annual provision of Insurance of RRA movable and immovable assets (Fire and Allied Perils, Machinery breakdown ) to RRA(Framework contract)",pending,2022-12-23T00:00:00Z,2025-12-24T00:00:00Z,2026-04-23T00:00:00Z,120,19651744,RWF
0.releases.750.contracts.0,0.releases.750,0,C1017431832026000001,c7e1ab83-f9a9-4020-a00d-5e798021e08e,Maintenance and repair of air conditioners and Refrigerators of Kibuye referral Hospital,This is under framework contract for one year of 2026-2027 with possibilities of extension depending on satisfaction of both parties,active,2026-01-07T00:00:00Z,2026-01-10T00:00:00Z,2027-01-10T00:00:00Z,365,3792833,RWF
0.releases.751.contracts.0,0.releases.751,0,C1006005702024000062,3f4af2b7-192c-47d4-84de-1fed85a989f6,Supply and installation of Air conditioners to RRA Offices(Framework contract),Contract for Supply and installation of Air conditioners to RRA Offices(Framework contract).,active,2024-12-16T00:00:00Z,2025-12-17T00:00:00Z,2026-12-16T00:00:00Z,364,10549200,RWF
0.releases.752.contracts.0,0.releases.752,0,C1006005702024000003,45647029-2a93-4c9c-9987-b2ad14f880d2,Annual supply of IT materials used in network installation and day to day work to RRA (Framework Cotract),"Contract for Annual supply of IT materials used in network installation and day to day work to RRA (Framework Contract).

FRAMEWORK CONTRACT FOR Annual supply of IT materials used in network installation and day to day work to RRA (Framework Contract.

More detailed unit prices of items to be used during contract implementation and purchase order preparation are in the detailed contract as attached.
",active,2024-02-29T00:00:00Z,2026-03-01T00:00:00Z,2027-02-28T00:00:00Z,364,24942755,RWF
0.releases.753.contracts.0,0.releases.753,0,C1202635652025000001,837b7408-431f-47e8-98a8-368b62911095,Maintenance services of IT equipment ,This i s a framework agreement that can be renewed twice depending on successful performance of service provider and contract price is an unit price.,pending,2025-01-16T00:00:00Z,2026-01-16T00:00:00Z,2027-01-15T00:00:00Z,364,6776020,RWF
0.releases.754.contracts.0,0.releases.754,0,C1018534192025000002,d6ec36d1-c2c6-40e7-8d80-7edc9b855ec6,"Diplomatic bags,seals and stickers.",ok,pending,2025-01-13T00:00:00Z,2025-01-13T00:00:00Z,2027-01-12T00:00:00Z,729,218300,RWF
0.releases.755.contracts.0,0.releases.755,0,C1006003912026000002,765aed58-e683-4bc2-86f7-d65573d745e3,Supply of Hemodialysis consumables for NIPPRO Machines/ Medical consumables (Retendered),"-As Performance Security, the supplier will be requested to provide the performance securing declaration in place of the performance security stating that this contract will be well executed as stipulated in contract terms. 
However, a performance security will be requested for each purchase order exceeding 20,000,000 Frw.
- Delivery of goods will only be done after the receipt of the purchase order and the delivery period will not exceed 30 days after reception of each purchase order.
- The framework contract period is one year which may be renewed upon evaluation of satisfactory performance of the supplier and upon agreement of the two parties.",pending,2026-01-06T00:00:00Z,2026-01-06T00:00:00Z,2027-01-05T00:00:00Z,364,449000,RWF
0.releases.756.contracts.0,0.releases.756,0,C1006047032025000024,065eff53-8797-4900-8bb1-b20719ecb966,"Hiring a company for the installation, customization and configuration of Koha Software and its DSpace for the NISR Library","This is a lump-sum contract to be executed within a period of three (3) months.

Performance security is not required for this tender; however, prior to contract signing, the successful bidder shall be required to sign a Performance Securing Declaration.

The successful bidder shall provide maintenance services for the Koha software for a period of one (1) year, at no additional cost to NISR.",pending,2026-01-05T00:00:00Z,2026-01-05T00:00:00Z,2026-03-30T00:00:00Z,84,4956000,RWF
0.releases.757.contracts.0,0.releases.757,0,C1025683162025000088,07c82d35-8c74-42dc-99e3-e50d1bf3e92d,Supervision of construction works of ECD centres,,pending,2026-01-06T00:00:00Z,2026-01-06T00:00:00Z,2026-04-28T00:00:00Z,112,42008000,RWF
0.releases.758.contracts.0,0.releases.758,0,C1025683162025000087,0f51ea35-b343-492c-a488-32e66aa552d5,Supply and installation of fire safety equipment,"-The delivery period of all items and their installation is four months after that period the supplier will be charged the delay penalties
- The contract period is six months",active,2026-01-07T00:00:00Z,2026-01-08T00:00:00Z,2026-07-08T00:00:00Z,181,53143451,RWF
0.releases.759.contracts.0,0.releases.759,0,C1085313022025000015,4d362375-3e05-4242-9dff-3de40593b8f0,Purchase of Refrigerators and Cooler Boxes,,pending,2025-12-23T00:00:00Z,2025-12-23T00:00:00Z,2026-03-22T00:00:00Z,89,3891640,RWF
0.releases.760.contracts.0,0.releases.760,0,C1013975752026000001,9b31a020-ca10-44fc-ad68-8b8e75b85f08,GYM and Fitness Services,This contract will be effective while approved by the CBM,pending,2026-01-05T00:00:00Z,2026-01-05T00:00:00Z,2027-01-04T00:00:00Z,364,15340,RWF
0.releases.761.contracts.0,0.releases.761,0,C1013307382026000002,d5ca02f9-baff-455e-8251-047e0a392082,Consultant for Construction Supervision of Nyabisindu rehousing project works (Construction Supervision of 2 housing blocks for Nyabisindu Compensation in Kind for road 13),,active,2026-01-07T00:00:00Z,2026-01-07T00:00:00Z,2026-07-07T00:00:00Z,181,194655.5,USD
0.releases.762.contracts.0,0.releases.762,0,C1013975752026000002,d082568c-a972-4aca-a25c-c517ed88977b,GYM and Fitness Services,This contract will be effective while approved by the CBM,pending,2026-01-05T00:00:00Z,2026-01-05T00:00:00Z,2027-01-04T00:00:00Z,364,20002,RWF
0.releases.763.contracts.0,0.releases.763,0,C1013975752026000003,51423a40-3dc1-43dc-b1dd-0f4c36d1532c,GYM and Fitness Services,This contract will be effective while approved by the CBM,pending,2026-01-05T00:00:00Z,2026-01-05T00:00:00Z,2027-01-04T00:00:00Z,364,20002,RWF
0.releases.764.contracts.0,0.releases.764,0,C1014060982025000024,53384d2c-8d23-4f5b-b562-06c4ca73361f,Provide transport service for Gicumbi District staff,Performance security will be required for purchase order exceeding 20 million,pending,2025-10-28T00:00:00Z,2025-10-28T00:00:00Z,2026-10-28T00:00:00Z,365,15199760,RWF
0.releases.765.contracts.0,0.releases.765,0,C1013975752026000001,9b31a020-ca10-44fc-ad68-8b8e75b85f08,GYM and Fitness Services,This contract will be effective while approved by the CBM,pending,2026-01-05T00:00:00Z,2026-01-05T00:00:00Z,2027-01-04T00:00:00Z,364,15340,RWF
0.releases.766.contracts.0,0.releases.766,0,C1017344602023000038,f5478a58-58e9-4a77-b615-a743e06ea1e1,Annual  framework  for supply  of construction  materials   in Huye  district,"The contract is extended from 09/1/2025 up to 08/1/2026
The contract is extended from 09/1/2026 up to 08/01/2027",pending,2024-01-09T00:00:00Z,2026-01-09T00:00:00Z,2027-01-08T00:00:00Z,364,11616118,RWF
0.releases.767.contracts.0,0.releases.767,0,C1119835172026000001,01b1f5bb-915b-4a00-996a-ce4c895d954d,Purchase non medical supplies,,active,2026-01-08T00:00:00Z,2026-01-08T00:00:00Z,2027-01-08T00:00:00Z,365,160780,RWF
0.releases.768.contracts.0,0.releases.768,0,C1008340952025000014,cbef28a4-c394-446a-8437-3f8f4c0b05bc,Purchase ICT equipment and Maintenance of electrical materials,This is a contract agreement for Purchase ICT equipment and Maintenance of electrical materials,active,2025-12-22T00:00:00Z,2025-12-22T00:00:00Z,2026-12-22T00:00:00Z,365,134718244,RWF
0.releases.769.contracts.0,0.releases.769,0,C1017258792024000017,e66d220a-9cbf-4cc1-b09a-828d0c10c7c7,Upgrading of Cyuve Informal Settlement in Musanze City by Execution Works of Asphalt Roads.,The fourth additional time of forty five (45) days   is due to the delay caused by challenge of expropriation costs for affected properties;  periods of heavy rainfall; change in hydraulic design of drainage. ,pending,2025-12-31T00:00:00Z,2025-12-31T00:00:00Z,2026-02-13T00:00:00Z,44,3854034137,RWF
0.releases.772.contracts.0,0.releases.772,0,C1014020452026000001,c16332b7-dbac-4599-b84d-57b6f0545126,"provision  of reception services of Burera District during meeting, training, workshop and other events under framework agreement",framework agreement first year,pending,2026-01-05T00:00:00Z,2026-01-05T00:00:00Z,2027-01-04T00:00:00Z,364,1341093,RWF
0.releases.773.contracts.0,0.releases.773,0,C1013975752026000005,73a5d7c0-9746-4490-aa3f-a6c15b577a1f,GYM and Fitness Services,This contract will be effective while approved by the CBM,pending,2026-01-06T00:00:00Z,2026-01-06T00:00:00Z,2027-01-05T00:00:00Z,364,11800,RWF
0.releases.775.contracts.0,0.releases.775,0,C1024203812023000027,e5f6c8e5-a3c1-4a20-9c85-5c1ae8bb40ca,"Tender for framework contract for horticultural crop protection materials, tools and inputs","Contract renew  for framework contract for supply of horticultural crop protection materials, tools and inputs",active,2024-01-08T00:00:00Z,2024-01-08T00:00:00Z,2027-01-07T00:00:00Z,1095,589000,RWF
0.releases.776.contracts.0,0.releases.776,0,C1010568372025000001,4bb68f47-7ca3-4adb-ba77-cfcb6425306b,Provision of cleaning service,"This amendment is made in order to implement the assigned responsibilities as per the Memorandum of Understanding signed between Rwanda Demobilization and reintegration Commission, Rwanda Space Agency (RSA) and Rwanda Journalists Association (ARJ) on 1st July 2025 for management of shared services at Hallmark Centre building.  

The amendment of the contract  necessitates an 'increase of 1,853,493Frw for cleaning service at the Headquarters of RDRC. The request would raise the contract amount to 3,253,494Frw (2,400.000Frw for cleaning service at the Headquarters of RDRC and 853,494Frw for cleaning services of centers), reflecting an additional increase of 1,853,493Frw representing an increment of +132%.

As per the provision of article article of 89 of Ministerial Order, no: 001/23/10/TC of 10/10/2023 establishing regulations governing public procurement and the RPPA recommendation dated on 8/10/2025 as per the letter Ref:010/2025/2026-0176/RPPA, this amendment is approved by the inter-institutional panel as per the meeting minutes of 24th December 2025. The amendment is effective from 24, December 2025",pending,2025-02-24T00:00:00Z,2025-02-24T00:00:00Z,2026-02-24T00:00:00Z,365,3253494,RWF
0.releases.777.contracts.0,0.releases.777,0,C1013975752026000004,353936ea-1cb8-48ba-a4d5-807d6b1dda1c,GYM and Fitness Services,This contract will be effective while approved by the CBM,pending,2026-01-06T00:00:00Z,2026-01-06T00:00:00Z,2027-01-05T00:00:00Z,364,24780,RWF
0.releases.778.contracts.0,0.releases.778,0,C1013975752026000005,73a5d7c0-9746-4490-aa3f-a6c15b577a1f,GYM and Fitness Services,This contract will be effective while approved by the CBM,pending,2026-01-06T00:00:00Z,2026-01-06T00:00:00Z,2027-01-05T00:00:00Z,364,11800,RWF
0.releases.779.contracts.0,0.releases.779,0,C1024956532024000030,de4e37d8-7061-4a35-a925-ea33898e23ff,Hiring a custodian for RSSB securuties,"FIRST RENEWAL TO THE ANNUAL CONTRACT FOR HIRING A CUSTODIAN OF RSSB SECURITIES
 
(CUSTODIAN SERVICES FOR RSSB INCLUDING EJOHEZA SECURITIES)
 
FROM 18TH DECEMBER 2025 UP TO 17TH DECEMBER 2026",pending,2024-12-17T00:00:00Z,2024-12-17T00:00:00Z,2025-12-17T00:00:00Z,365,41886648,RWF
0.releases.786.contracts.0,0.releases.786,0,C1026431582025000018,a8fa968f-7d0e-45f9-9294-a99d4c19acd4,Acquisition of Hotel services,,pending,2026-01-08T00:00:00Z,,,,5398007,RWF
0.releases.791.contracts.0,0.releases.791,0,C1014020452026000003,037b3a53-5b9a-40b2-8675-7231d90da704,"provision  of reception services of Burera District during meeting, training, workshop and other events under framework agreement",OK,pending,2026-01-05T00:00:00Z,2026-01-05T00:00:00Z,2027-01-04T00:00:00Z,364,1754281,RWF
0.releases.792.contracts.0,0.releases.792,0,C1033694802026000001,7844abbb-ff71-4281-be3a-fe8a25aa87dc,Supply and installation of laboratory equipment for Nyagatare Campus (re-advertized),,pending,2026-01-07T00:00:00Z,2026-01-07T00:00:00Z,2026-04-06T00:00:00Z,89,56687697,RWF
0.releases.793.contracts.0,0.releases.793,0,C1013137442025000014,3a71ae47-109b-4aa4-aedf-09b2f2bb1173,"Purchase uniform, curtain labelling and sport equipment",,active,2025-12-04T00:00:00Z,2025-12-04T00:00:00Z,2026-12-04T00:00:00Z,365,363086,RWF
0.releases.794.contracts.0,0.releases.794,0,C1033694802026000001,7844abbb-ff71-4281-be3a-fe8a25aa87dc,Supply and installation of laboratory equipment for Nyagatare Campus (re-advertized),,pending,2026-01-07T00:00:00Z,2026-01-07T00:00:00Z,2026-04-06T00:00:00Z,89,56687697,RWF
0.releases.795.contracts.0,0.releases.795,0,C1020603672025000041,bbc85f8c-e2a7-4ce4-8d9c-866ca67414be,Conduct full feasibility study of marshlands rehabilitation in Nyamagabe District,"The contract has been extended a period of 15 days
-   The commencement of works will depend on the service order

payment will be made within 45 days upon receipt of the invoice by the client. Instalments will be as follows.

On draft report will pay 70 % of the contract amount.
On final report will pay 30% of the contract amount",pending,2026-01-09T00:00:00Z,2026-01-09T00:00:00Z,2026-01-23T00:00:00Z,14,30000000,RWF
0.releases.797.contracts.0,0.releases.797,0,C1026431582025000030,3369ef40-d650-4ed3-b74b-04c5fa683851,Acquisition of Hotel services,,pending,2026-01-08T00:00:00Z,,,,5071010,RWF
0.releases.800.contracts.0,0.releases.800,0,C1016621172025000052,3869dea7-9065-401c-bfb5-51ed16440ada,Tender for the  Airtime and space in different media platforms,Frame work,pending,2025-12-13T00:00:00Z,2025-12-13T00:00:00Z,2026-12-12T00:00:00Z,364,293820,RWF
0.releases.802.contracts.0,0.releases.802,0,C1006004562025000002,08730aa8-af45-4590-951e-3f2703b3e673,Provision of Cleaning services for MINECOFIN buildings,,pending,2025-01-16T00:00:00Z,2025-01-16T00:00:00Z,2027-01-15T00:00:00Z,729,12402683,RWF
0.releases.805.contracts.0,0.releases.805,0,C1017854532025000031,33a350ba-9672-423e-8c36-6df4ec05b34c,Execution works for Rehabilitation and upgrading Yove Health Center,This contract will be executed within 18 months starting from the date stipulated in of service order,pending,2025-12-18T00:00:00Z,2025-12-18T00:00:00Z,2027-06-16T00:00:00Z,545,1399431344,RWF
0.releases.811.contracts.0,0.releases.811,0,C1014650502023000019,12449b19-d882-422d-b8d9-7fae297b3ac2,"Service of gym, swimming, sauna, massage, playground and related sports facilities within the city of kigali",No,active,2026-01-02T00:00:00Z,2026-01-03T00:00:00Z,2027-01-02T00:00:00Z,364,53100,RWF
0.releases.812.contracts.0,0.releases.812,0,C1014650502023000023,14bb1b10-d98f-4a6e-abbf-024c2bae385e,"Service of gym, swimming, sauna, massage, playground and related sports facilities within the city of kigali",No,active,2026-01-04T00:00:00Z,2026-01-05T00:00:00Z,2027-01-04T00:00:00Z,364,39005,RWF
0.releases.814.contracts.0,0.releases.814,0,C1014650502023000020,a041e9f6-ef65-470b-b37b-3e2a951b25f0,"Service of gym, swimming, sauna, massage, playground and related sports facilities within the city of kigali",No,active,2026-01-04T00:00:00Z,2026-01-05T00:00:00Z,2027-01-04T00:00:00Z,364,27140,RWF
0.releases.815.contracts.0,0.releases.815,0,C1014650502023000021,cb616249-56a9-433e-9f1c-03b987fc4997,"Service of gym, swimming, sauna, massage, playground and related sports facilities within the city of kigali",No,active,2026-01-02T00:00:00Z,2026-01-03T00:00:00Z,2027-01-02T00:00:00Z,364,82600,RWF
0.releases.817.contracts.0,0.releases.817,0,C1014650502023000024,15afae64-3713-4e81-b268-c34a6d66b6ba,"Service of gym, swimming, sauna, massage, playground and related sports facilities within the city of kigali",No,active,2026-01-15T00:00:00Z,2026-01-16T00:00:00Z,2027-01-15T00:00:00Z,364,1591820,RWF
0.releases.818.contracts.0,0.releases.818,0,C1014650502023000017,68c4f357-ce7e-4c85-892c-3753b901cf4c,"Service of gym, swimming, sauna, massage, playground and related sports facilities within the city of kigali",No,active,2026-01-02T00:00:00Z,2026-01-03T00:00:00Z,2027-01-02T00:00:00Z,364,405920,RWF
0.releases.823.contracts.0,0.releases.823,0,C1022690082025000005,e003deda-854e-4a88-afe0-1c12c313c372,Provision of Insurance Service for Government Buildings,"Based on the system administrator information that the system accept only two decimals on unit price, the contract will be paid on negotiated unit price ( 0.00177 all tax inclusive )during on the issuance of service order. ",pending,2025-01-09T00:00:00Z,2025-01-09T00:00:00Z,2027-01-08T00:00:00Z,729,1,RWF
0.releases.826.contracts.0,0.releases.826,0,C1022690082025000030,691c1146-f88a-4913-9a42-b894ac512dfc,"Construction works of Model ECDs Centers of EP Ngoma Cath, Groupe Scolaire Nyarubande and Gihundwe","The purpose of this amendment is to extend the contract duration by two (2) months, effective from 30/12/2025


The Contractor is requested to extend the performance security to cover the extended time as well as defect liability period.",pending,2025-12-24T00:00:00Z,2025-12-30T00:00:00Z,2026-03-01T00:00:00Z,61,196570560,RWF
0.releases.827.contracts.0,0.releases.827,0,C1022690082025000030,691c1146-f88a-4913-9a42-b894ac512dfc,"Construction works of Model ECDs Centers of EP Ngoma Cath, Groupe Scolaire Nyarubande and Gihundwe","The purpose of this amendment is to extend the contract duration by two (2) months, effective from 30/12/2025


The Contractor is requested to extend the performance security to cover the extended time as well as defect liability period.",pending,2025-12-24T00:00:00Z,2025-12-30T00:00:00Z,2026-03-01T00:00:00Z,61,196570560,RWF
0.releases.828.contracts.0,0.releases.828,0,C1022690082025000003,8078a74f-b719-44c1-a447-72d9c9fcbf7c,Provision of Insurance Service for Government Buildings,"Based on the system administrator information that the system accept only two decimals on unit price, the contract will be paid on negotiated unit price ( 0.00177 all tax inclusive )during on the issuance of service order.",pending,2025-01-09T00:00:00Z,2025-01-09T00:00:00Z,2027-01-08T00:00:00Z,729,1,RWF
0.releases.829.contracts.0,0.releases.829,0,C1006004562024000023,82425527-280a-4384-93ff-7cc4725a8edc,"Provision of Venue for Meetings, Conferences and Accommodation",Framework contract for Hotel services ,pending,2025-01-08T00:00:00Z,2025-01-08T00:00:00Z,2027-01-07T00:00:00Z,729,2723500,RWF
0.releases.830.contracts.0,0.releases.830,0,C1017114712023000049,d5889e70-1eba-4ca1-9653-d37cf1f7c8c3,CONSULTANCY SERVICE FOR HIRING PROFESSIONAL BAILIFF (UMUHESHA W'INKIKO W'UMWUGA),"The contract period is Three (3) years, (One year of initial contract, one year of amended contract and One Year of current extension period) starting from 18th January 2026.",active,2024-01-17T00:00:00Z,2024-01-17T00:00:00Z,2027-01-17T00:00:00Z,1096,625400,RWF
0.releases.831.contracts.0,0.releases.831,0,C1018286012026000004,f96c628e-b61f-487a-9b05-164266b4d661,SPORTS AND RECREATION SERVICES,framework,pending,2026-01-05T00:00:00Z,2026-01-05T00:00:00Z,2027-01-04T00:00:00Z,364,65506,RWF
0.releases.832.contracts.0,0.releases.832,0,C1018286012026000005,9e5ee718-5b33-4d47-815f-9c601303346d,SPORTS AND RECREATION SERVICES,framework,pending,2026-01-05T00:00:00Z,2026-01-05T00:00:00Z,2027-01-04T00:00:00Z,364,56004,RWF
0.releases.834.contracts.0,0.releases.834,0,C1025683162026000002,bb29e66a-5690-4e91-804c-936231d79e73,Supervision of construction works of ECD centres,,pending,2026-01-06T00:00:00Z,2026-01-06T00:00:00Z,2026-05-06T00:00:00Z,120,46160000,RWF
0.releases.835.contracts.0,0.releases.835,0,C1014493222025000010,ce2260db-5a24-4aa2-a7cd-b124a73f6c55,SERVICE FOR MAINTENANCE OF ELEVATOR  FOR RNP ON FRAMEWORK AGREEMENT,"Considering that the initial framework agreement was satisfactorily executed, both parties agree to renew the contract for a period of one (01) year on counted from 05/02/2026 to 05/02/2027.
The performance guarantee shall be provided only upon reception of the purchase order exceeding 20,000,000 Frw as per procurement regulations.
Notwithstanding the date of signature, this framework agreement takes effect from 05/02/2026.
",pending,2025-02-05T00:00:00Z,2026-02-05T00:00:00Z,2027-02-05T00:00:00Z,365,9522742,RWF
0.releases.836.contracts.0,0.releases.836,0,C1134937872025000012,08c9c8e1-c486-45c7-9e09-89f39924efad,"Hiring broadcasting media houses to provide NESA with Radio ,television and online services ( Under Framework contract)",,active,2025-06-11T00:00:00Z,2025-06-11T00:00:00Z,2026-06-10T00:00:00Z,364,64365862,RWF
0.releases.837.contracts.0,0.releases.837,0,C1025683162025000088,07c82d35-8c74-42dc-99e3-e50d1bf3e92d,Supervision of construction works of ECD centres,,pending,2026-01-06T00:00:00Z,2026-01-06T00:00:00Z,2026-04-28T00:00:00Z,112,42008000,RWF
0.releases.838.contracts.0,0.releases.838,0,C1014493222025000011,d628d0fd-c960-4721-9d84-95243be75443,SUPPLY OF SOLAR HOME SYSTEMS & ACCESSORIES AND INSTALLATION ON FRAMEWORK AGREEMENT RE-LAUNCH,"Considering that the initial framework agreement was satisfactorily executed, both parties agree to renew the contract for a period of one (01) year on counted from 04/02/2026 to 04/02/2027.
The performance guarantee shall be provided only upon reception of the purchase order exceeding 20,000,000 Frw as per procurement regulations.
Notwithstanding the date of signature, this framework agreement takes effect from 04/02/2026.",pending,2025-02-04T00:00:00Z,2026-02-04T00:00:00Z,2027-02-04T00:00:00Z,365,137470,RWF
0.releases.839.contracts.0,0.releases.839,0,C1014493222025000008,6ac59da2-7a74-428f-8699-9cf48b768dd7,PROVISION OF  AWARENESS MEDIA SERVICES  ON FRAMEWORK AGREEMENT,"Considering that the initial framework agreement was satisfactorily executed, both parties agree to renew the contract for a period of one (01) year on counted from 04/02/2026 to 04/02/2027.
The performance guarantee shall be provided only upon reception of the purchase order exceeding 20,000,000 Frw as per procurement regulations.
Notwithstanding the date of signature, this framework agreement takes effect from 04/02/2026.",pending,2025-02-04T00:00:00Z,2026-02-04T00:00:00Z,2027-02-04T00:00:00Z,365,17700000,RWF
0.releases.840.contracts.0,0.releases.840,0,C1134937872025000019,54aabcbc-7ca3-47e8-9675-1ceed2d92bfb,"Hiring broadcasting media houses to provide NESA with Radio ,television and online services ( Under Framework contract)",,active,2025-06-11T00:00:00Z,2025-06-11T00:00:00Z,2026-06-10T00:00:00Z,364,4744190,RWF
0.releases.841.contracts.0,0.releases.841,0,C1134937872025000009,40c1558a-c32c-484e-a516-886c0589a575,"Hiring broadcasting media houses to provide NESA with Radio ,television and online services ( Under Framework contract)",,active,2025-06-19T00:00:00Z,2025-06-19T00:00:00Z,2026-06-18T00:00:00Z,364,17263282,RWF
0.releases.842.contracts.0,0.releases.842,0,C1020585062023000004,f433c5b5-ae1c-4786-87cb-6b2bf1d48f13,Hotel services,Contract extended for one year,active,2025-09-06T00:00:00Z,2025-09-06T00:00:00Z,2026-09-05T00:00:00Z,364,1487272,RWF
0.releases.843.contracts.0,0.releases.843,0,C1134937872025000007,f9f3593c-c858-4bbc-84fd-e90085afc5ea,"Hiring broadcasting media houses to provide NESA with Radio ,television and online services ( Under Framework contract)",,active,2025-06-23T00:00:00Z,2025-06-23T00:00:00Z,2026-06-22T00:00:00Z,364,7317000,RWF
0.releases.844.contracts.0,0.releases.844,0,C1020585062024000010,6ee44bad-b29f-4e9c-8c9b-7d0eec866b4f,Provisional of cleaning services,This contract is extended for one month ,active,2025-12-11T00:00:00Z,2025-12-11T00:00:00Z,2026-01-10T00:00:00Z,30,7887950,RWF
0.releases.845.contracts.0,0.releases.845,0,C1020585062023000013,4a1c18cf-9c70-4134-a21f-11e21a317d45,Rehabilitation buildings,This contract is extended for three months,active,2025-11-04T00:00:00Z,2025-11-04T00:00:00Z,2026-02-03T00:00:00Z,91,2040302,RWF
0.releases.846.contracts.0,0.releases.846,0,C1014020452026000004,ad407fb2-84a5-4fe1-97d1-6f791442acbd,Construction of 3 ECD Classroom and Rehabilitation of 1 ECD Classroom under Revenue sharing Program,ok,pending,2026-01-05T00:00:00Z,2026-01-05T00:00:00Z,2026-05-04T00:00:00Z,119,53093188,RWF
0.releases.849.contracts.0,0.releases.849,0,C1016621172025000032,e709955d-bbfb-458e-858d-dbf905672df7,Tender for the  Airtime and space in different media platforms,Frame work Contract,pending,2025-12-10T00:00:00Z,2025-12-10T00:00:00Z,2026-12-09T00:00:00Z,364,6851790,RWF
0.releases.850.contracts.0,0.releases.850,0,C1016621172025000033,7bb62d44-4af3-49cc-9225-43d51f371375,Tender for the  Airtime and space in different media platforms,Frame work contract,pending,2025-12-10T00:00:00Z,2025-12-10T00:00:00Z,2026-12-09T00:00:00Z,364,4596224,RWF
0.releases.851.contracts.0,0.releases.851,0,C1016621172025000034,5d05c073-ac2f-425c-a2f1-290a12893e52,Tender for the  Airtime and space in different media platforms,Frame work contract,pending,2025-12-10T00:00:00Z,2025-12-10T00:00:00Z,2026-12-09T00:00:00Z,364,1770000,RWF
0.releases.852.contracts.0,0.releases.852,0,C1016621172025000049,944c0ff1-8d2d-454e-9db3-58fff981cb49,Tender for the  Airtime and space in different media platforms,Frame work contract,pending,2025-12-13T00:00:00Z,2025-12-13T00:00:00Z,2026-12-12T00:00:00Z,364,3540000,RWF
0.releases.853.contracts.0,0.releases.853,0,C1016621172025000048,705523f2-79e0-45ac-ac4c-1d30edbf432c,Tender for the  Airtime and space in different media platforms,Frame work contract,pending,2025-12-13T00:00:00Z,2025-12-13T00:00:00Z,2026-12-12T00:00:00Z,364,4601546,RWF
0.releases.854.contracts.0,0.releases.854,0,C1016621172025000045,f41418a3-d01c-40fb-bae4-f4ae81a4872b,Tender for the  Airtime and space in different media platforms,Frame work contract,pending,2025-12-12T00:00:00Z,2025-12-12T00:00:00Z,2026-12-11T00:00:00Z,364,8283600,RWF
0.releases.855.contracts.0,0.releases.855,0,C1016621172025000050,91a7de40-a716-49c4-9a9a-7b38575226fd,Tender for the  Airtime and space in different media platforms,Framework contract,pending,2025-12-13T00:00:00Z,2025-12-13T00:00:00Z,2026-12-12T00:00:00Z,364,11562756,RWF
0.releases.856.contracts.0,0.releases.856,0,C1013975752026000006,21025611-0532-479b-9eb1-a2b412327898,Supply of refreshment for Minisports Leadership,"This is the framework contract delivery will based on purchase order, in case the amount of the
service delivery is beyond twenty million Rwandan francs 20,000,Rfw), the service provider is
bound to provide the performance guarantee of 10% the purchase order amount.",pending,2026-01-06T00:00:00Z,2026-01-06T00:00:00Z,2027-01-05T00:00:00Z,364,478938,RWF
0.releases.857.contracts.0,0.releases.857,0,C1026431582024000036,4aea151f-daa5-4c6c-bf1d-00cd8a6a2706,Provision of sport and recreation facilities services,Framework Contract is renewed for One Year,pending,2025-01-08T00:00:00Z,2026-01-09T00:00:00Z,2027-01-08T00:00:00Z,364,47500,RWF
0.releases.858.contracts.0,0.releases.858,0,C1026431582024000035,a7694c75-106d-4c2b-9b65-df696bf6d285,Provision of sport and recreation facilities services,Framework Contract is renewed for One year,pending,2025-01-07T00:00:00Z,2026-01-09T00:00:00Z,2027-01-08T00:00:00Z,364,59000,RWF
0.releases.859.contracts.0,0.releases.859,0,C1016621172025000066,f98a62fb-05f3-4e02-9a80-492cc33b9570,Tender for the  Airtime and space in different media platforms,Frame work contract,pending,2025-12-17T00:00:00Z,2025-12-17T00:00:00Z,2026-12-16T00:00:00Z,364,4366333,RWF
0.releases.860.contracts.0,0.releases.860,0,C1016621172025000065,464a0299-6416-4f56-ad3c-9f23cc24b295,Tender for the  Airtime and space in different media platforms,Frame work contract,pending,2025-12-17T00:00:00Z,2025-12-17T00:00:00Z,2026-12-16T00:00:00Z,364,9439503,RWF
0.releases.861.contracts.0,0.releases.861,0,C1026431582024000037,b6ceff8b-cc17-4e31-98dc-34fdea4e8f7d,Provision of sport and recreation facilities services,Framework Contract is renewed for One Year,pending,2026-01-07T00:00:00Z,2026-01-09T00:00:00Z,2027-01-08T00:00:00Z,364,36000,RWF
0.releases.862.contracts.0,0.releases.862,0,C1016621172024000019,91887f24-a929-4e45-ba13-f2f51325a04c,Tender for Acquisition of office stationary,ok,pending,2024-03-11T00:00:00Z,2024-03-11T00:00:00Z,2027-03-10T00:00:00Z,1094,975789,RWF
0.releases.863.contracts.0,0.releases.863,0,C1016621172024000067,5c401bb2-a8a4-40d7-8803-a41d4952c9fb,Tender for the acquisition of gifts and awards,The contract can be renewed twice upon satisfaction of the client,pending,2025-01-07T00:00:00Z,2025-01-07T00:00:00Z,2027-01-06T00:00:00Z,729,8182356,RWF
0.releases.864.contracts.0,0.releases.864,0,C1016621172025000001,b07b002f-a154-457a-bd6d-d85784f521a0,Tender for the acquisition of gifts and awards,The contract can be renewed twice upon satisfaction of the client,pending,2025-03-03T00:00:00Z,2025-03-03T00:00:00Z,2027-03-02T00:00:00Z,729,1826227,RWF
0.releases.865.contracts.0,0.releases.865,0,C1134937872025000010,dfbbebec-5507-4076-976a-e9613689b6e7,"Hiring broadcasting media houses to provide NESA with Radio ,television and online services ( Under Framework contract)",,pending,2025-06-11T00:00:00Z,2025-06-11T00:00:00Z,2026-06-10T00:00:00Z,364,18832240,RWF
0.releases.866.contracts.0,0.releases.866,0,C1134937872025000010,dfbbebec-5507-4076-976a-e9613689b6e7,"Hiring broadcasting media houses to provide NESA with Radio ,television and online services ( Under Framework contract)",,pending,2025-06-11T00:00:00Z,2025-06-11T00:00:00Z,2026-06-10T00:00:00Z,364,18832240,RWF
0.releases.871.contracts.0,0.releases.871,0,C1016621172024000001,6c50b0b3-f6ab-4697-9f4b-047341f98fac,Tender related to the supply of Inyange products,Contract regarding for the supply of Inyange products for the ministry of Local government/ extended for one other more year,pending,2024-02-16T00:00:00Z,2024-02-16T00:00:00Z,2027-02-15T00:00:00Z,1095,282801,RWF
0.releases.872.contracts.0,0.releases.872,0,C1013511052023000034,2cec1f12-8a02-4c06-bfa0-27e2833daaa3,"Supervision of Production of quality tree seedlings, Afforestation, Reforestation, Agroforestry plantation and Fruit seedlings supply to the community in GAKENKE DISTRICT","“An extension period of (five months )shall be granted from the date of expiration of the initial contract, due to the additional work required for the implementation and execution of the contract.”",pending,2023-12-11T00:00:00Z,2023-12-11T00:00:00Z,2026-06-10T00:00:00Z,912,14940000,RWF
0.releases.874.contracts.0,0.releases.874,0,C1026431582024000038,3fb13940-dca0-4848-ba09-22809f21af65,Provision of sport and recreation facilities services,Framework Contract is renewed for One Year,pending,2026-01-07T00:00:00Z,2026-01-09T00:00:00Z,2027-01-08T00:00:00Z,364,43000,RWF
0.releases.875.contracts.0,0.releases.875,0,C1203356722025000011,9b469b32-3dbf-4732-aae0-70e858bbdd43,Hiring a Consultant to carry out feasibility and detailed design study for rehabilitation and improvement of Nyarubogo marshland (150ha).,,pending,2025-04-29T00:00:00Z,2025-05-14T00:00:00Z,2026-01-14T00:00:00Z,245,270426,USD
0.releases.876.contracts.0,0.releases.876,0,C1203356722025000011,9b469b32-3dbf-4732-aae0-70e858bbdd43,Hiring a Consultant to carry out feasibility and detailed design study for rehabilitation and improvement of Nyarubogo marshland (150ha).,,pending,2025-04-29T00:00:00Z,2025-05-14T00:00:00Z,2026-01-14T00:00:00Z,245,270426,USD
0.releases.878.contracts.0,0.releases.878,0,C1025438562024000036,04d8864f-5f15-4373-84f6-8d342f52ed4c,NCPD Cleaning services,This contract is renewed twice upon satisfaction of the client,pending,2025-01-07T00:00:00Z,2025-02-13T00:00:00Z,2027-02-12T00:00:00Z,729,416000,RWF
0.releases.882.contracts.0,0.releases.882,0,C1013975752026000007,462a7cc3-1518-4f27-9f99-a402b240f0fc,Transport services for staff,,pending,2026-01-08T00:00:00Z,2026-01-08T00:00:00Z,2027-01-07T00:00:00Z,364,48380,RWF
0.releases.885.contracts.0,0.releases.885,0,C1018681862026000001,7bf39fae-a512-4494-8ea6-e199e40f2fe4,Supply and installation of Office furniture for period of 4 months,hhhhhh,pending,2026-01-08T00:00:00Z,2026-01-08T00:00:00Z,2026-05-07T00:00:00Z,119,9058128,RWF
0.releases.889.contracts.0,0.releases.889,0,C1013929002026000001,6c78b772-a44c-4e72-b6d5-ebdd61915b73,Supply of office stationary,This is a framework agreement payment  will depend to the purchaser order that will be provided,pending,2026-01-08T00:00:00Z,2026-01-08T00:00:00Z,2027-01-07T00:00:00Z,364,206736,RWF
0.releases.891.contracts.0,0.releases.891,0,C1014020452026000004,ad407fb2-84a5-4fe1-97d1-6f791442acbd,Construction of 3 ECD Classroom and Rehabilitation of 1 ECD Classroom under Revenue sharing Program,ok,pending,2026-01-05T00:00:00Z,2026-01-05T00:00:00Z,2026-05-04T00:00:00Z,119,53093188,RWF
0.releases.893.contracts.0,0.releases.893,0,C1014578072025000007,b45b23cc-4736-4639-8850-2949dea36da5,"Tender for Supply of refreshments and beverages to RPPA(clean drinking water, milk and juice)","This contract is conducted in the respect of Law N° 031/2022 of 21/11/2022 governing public procurement

Also this is  initial framework contract of one year which will be renewed due to service provider performance.",pending,2025-10-17T00:00:00Z,2025-10-17T00:00:00Z,2026-10-17T00:00:00Z,365,171900,RWF
0.releases.894.contracts.0,0.releases.894,0,C1025438562025000001,9933ae4e-422a-4c7d-a8ad-6de55e062b7b,Tender for Acquisition of office refreshment,Contract was extended for one year period,pending,2025-02-05T00:00:00Z,2025-02-05T00:00:00Z,2027-02-04T00:00:00Z,729,287625,RWF
0.releases.895.contracts.0,0.releases.895,0,C1018645672022000010,4f3e80c0-6e69-46d2-802a-56c06035c520,Hiring vehicle for transport services,,pending,2025-01-07T00:00:00Z,2025-01-07T00:00:00Z,2025-02-20T00:00:00Z,44,1840800,RWF
0.releases.897.contracts.0,0.releases.897,0,C1019316242026000001,7869852b-6266-489a-958b-152b7af8d15f,500lph Drinking Water Purification Plant,".The contract Duration is in 3 months 
.The delivery of service will be in 2 Month after reception of service order.
.The payement will be done after final reception of srvice delivered.",pending,2026-01-07T00:00:00Z,2026-01-07T00:00:00Z,2026-04-06T00:00:00Z,89,5859880,RWF
0.releases.900.contracts.0,0.releases.900,0,C1020432832025000048,db364aa3-f63f-4649-b3fa-f8f00876624a,Urgent works of rehabilitation /Repair of damaged Road Sections Located on Kitabi -Shaba-Muganza Tea Factory and Muganza Tea Factory -Kibeho Unpaved District  Road under Design and Build Approach,"The contractor shall provide two (2) separate guarantees:
1.	The Works Performance Security will be in the form of a demand guarantee issued by a recognized bank in the amount(s) of 9% of the Accepted Contract Amount_ and in the same currency (ies) of the Accepted Contract Amount. If the Performance Security is issued by a bank located outside the Employer's Country, the issuing bank shall have a correspondent bank located in the Employer's Country to make it enforceable. 
2.	The Environmental and Social Performance Security will be in the form of a demand guarantee issued by a recognized bank in the amount(s) of 1 % of the Accepted Contract Amount and in the same currency (ies) of the Accepted Contract Amount. If the Performance Security is issued by a bank located outside the Employer’s Country, the issuing bank shall have a correspondent bank located in the Employer's Country to make it enforceable.
3.In e-procurement System, 10% performance security will be required comprises 9% for Works Performance and 1% for Environmental and Social Performance.",active,2026-01-08T00:00:00Z,2026-01-08T00:00:00Z,2027-04-08T00:00:00Z,455,6074531440,RWF
0.releases.904.contracts.0,0.releases.904,0,C1025683162024000020,524ffdf3-be8e-4785-86da-08699e10ac8c,"Tender for airing Radio/TV programs, and adverts, and announcement","The contract period is one year renewable
The performance guarantee of each purchase order will be provided as following: 
(a) 5% of the value of the purchase order exceed FRW 500,000,000;
(b) 6% of the value of the purchase order is between FRW 100,000,000 FRW to 
FRW 500,000,000;
(c) 7% of the value of the purchase order is between FRW 50,000,000 to FRW 
100,000,000
(d) 10% of the value of the purchase order is between FRW 20,000,000 to FRW 50,000,000.",pending,2026-01-26T00:00:00Z,2026-01-26T00:00:00Z,2027-01-25T00:00:00Z,364,4468188,RWF
0.releases.906.contracts.0,0.releases.906,0,C1025683162024000006,22d341dd-711d-4336-a5d6-0670dee723eb,"Tender for airing Radio/TV programs, and adverts, and announcement","The contract period is one year renewable
The performance guarantee of each purchase order will be provided as following: 
(a) 5% of the value of the purchase order exceed FRW 500,000,000;
(b) 6% of the value of the purchase order is between FRW 100,000,000 FRW to 
FRW 500,000,000;
(c) 7% of the value of the purchase order is between FRW 50,000,000 to FRW 
100,000,000
(d) 10% of the value of the purchase order is between FRW 20,000,000 to FRW 50,000,000.",pending,2026-01-26T00:00:00Z,2026-01-26T00:00:00Z,2027-01-25T00:00:00Z,364,5289191,RWF
0.releases.907.contracts.0,0.releases.907,0,C1025683162024000007,60a022f5-e498-4785-a68d-cafd2ef01e56,"Tender for airing Radio/TV programs, and adverts, and announcement","The contract period is one year renewable
The performance guarantee of each purchase order will be provided as following: 
(a) 5% of the value of the purchase order exceed FRW 500,000,000;
(b) 6% of the value of the purchase order is between FRW 100,000,000 FRW to 
FRW 500,000,000;
(c) 7% of the value of the purchase order is between FRW 50,000,000 to FRW 
100,000,000
(d) 10% of the value of the purchase order is between FRW 20,000,000 to FRW 50,000,000.",pending,2026-01-26T00:00:00Z,2026-01-26T00:00:00Z,2027-01-25T00:00:00Z,364,30661354,RWF
0.releases.908.contracts.0,0.releases.908,0,C1025683162024000021,7340a838-5147-4ace-b670-4ef2ed76c2f5,"Tender for airing Radio/TV programs, and adverts, and announcement","The contract period is one year renewable
The performance guarantee of each purchase order will be provided as following: 
(a) 5% of the value of the purchase order exceed FRW 500,000,000;
(b) 6% of the value of the purchase order is between FRW 100,000,000 FRW to 
FRW 500,000,000;
(c) 7% of the value of the purchase order is between FRW 50,000,000 to FRW 
100,000,000
(d) 10% of the value of the purchase order is between FRW 20,000,000 to FRW 50,000,000.",pending,2026-01-26T00:00:00Z,2026-01-26T00:00:00Z,2027-01-25T00:00:00Z,364,7676145,RWF
0.releases.909.contracts.0,0.releases.909,0,C1025683162024000015,3d63f065-b9da-46eb-90b5-98816c714351,"Tender for airing Radio/TV programs, and adverts, and announcement","The contract period is one year renewable
The performance guarantee of each purchase order will be provided as following: 
(a) 5% of the value of the purchase order exceed FRW 500,000,000;
(b) 6% of the value of the purchase order is between FRW 100,000,000 FRW to 
FRW 500,000,000;
(c) 7% of the value of the purchase order is between FRW 50,000,000 to FRW 
100,000,000
(d) 10% of the value of the purchase order is between FRW 20,000,000 to FRW 50,000,000.",pending,2026-01-26T00:00:00Z,2026-01-26T00:00:00Z,2027-01-25T00:00:00Z,364,13199728,RWF
0.releases.910.contracts.0,0.releases.910,0,C1025683162024000016,7cf3156b-a693-44c1-a375-536dc6068f9c,"Tender for airing Radio/TV programs, and adverts, and announcement","The contract period is one year renewable
The performance guarantee of each purchase order will be provided as following: 
(a) 5% of the value of the purchase order exceed FRW 500,000,000;
(b) 6% of the value of the purchase order is between FRW 100,000,000 FRW to 
FRW 500,000,000;
(c) 7% of the value of the purchase order is between FRW 50,000,000 to FRW 
100,000,000
(d) 10% of the value of the purchase order is between FRW 20,000,000 to FRW 50,000,000.",pending,2026-01-26T00:00:00Z,2026-01-26T00:00:00Z,2027-01-25T00:00:00Z,364,4568193,RWF
0.releases.911.contracts.0,0.releases.911,0,C1006003912026000002,765aed58-e683-4bc2-86f7-d65573d745e3,Supply of Hemodialysis consumables for NIPPRO Machines/ Medical consumables (Retendered),"-As Performance Security, the supplier will be requested to provide the performance securing declaration in place of the performance security stating that this contract will be well executed as stipulated in contract terms. 
However, a performance security will be requested for each purchase order exceeding 20,000,000 Frw.
- Delivery of goods will only be done after the receipt of the purchase order and the delivery period will not exceed 60 days after reception of each purchase order.
- The framework contract period is one year which may be renewed upon evaluation of satisfactory performance of the supplier and upon agreement of the two parties.",pending,2026-01-06T00:00:00Z,2026-01-06T00:00:00Z,2027-01-05T00:00:00Z,364,449000,RWF
0.releases.912.contracts.0,0.releases.912,0,C1025683162024000011,8a5b3af7-685b-4aee-9b20-22f0b82704ea,"Tender for airing Radio/TV programs, and adverts, and announcement","The contract period is one year renewable
The performance guarantee of each purchase order will be provided as following: 
(a) 5% of the value of the purchase order exceed FRW 500,000,000;
(b) 6% of the value of the purchase order is between FRW 100,000,000 FRW to 
FRW 500,000,000;
(c) 7% of the value of the purchase order is between FRW 50,000,000 to FRW 
100,000,000
(d) 10% of the value of the purchase order is between FRW 20,000,000 to FRW 50,000,000.",pending,2026-01-26T00:00:00Z,2026-01-26T00:00:00Z,2027-01-25T00:00:00Z,364,15027114,RWF
0.releases.913.contracts.0,0.releases.913,0,C1025683162024000010,e30a3bb3-d88d-4868-bad7-6133b5babfe9,"Tender for airing Radio/TV programs, and adverts, and announcement","The contract period is one year renewable
The performance guarantee of each purchase order will be provided as following: 
(a) 5% of the value of the purchase order exceed FRW 500,000,000;
(b) 6% of the value of the purchase order is between FRW 100,000,000 FRW to 
FRW 500,000,000;
(c) 7% of the value of the purchase order is between FRW 50,000,000 to FRW 
100,000,000
(d) 10% of the value of the purchase order is between FRW 20,000,000 to FRW 50,000,000.",pending,2026-01-26T00:00:00Z,2026-01-26T00:00:00Z,2027-01-25T00:00:00Z,364,15790901,RWF
0.releases.917.contracts.0,0.releases.917,0,C1071118822025000036,33fc4651-47d0-43be-87ee-2236d4a24e9d,Framework agreement to supply all in one desktops,"This contract is signed for one year renewable twice upon satisfactoriy performance.
Note: This contract will take effect on 11/03/2026, the date the existing contract for the same items ends.",active,2025-12-23T00:00:00Z,2025-12-23T00:00:00Z,2026-12-23T00:00:00Z,365,32894860,RWF
0.releases.918.contracts.0,0.releases.918,0,C1071118822025000037,1d389306-bc95-406f-a516-b1892fe07a71,"A framework contract for supplying Uninterruptible Power Supplies (UPSs of 1KVA, 6KVA and 60KVA) for Government institutions","This contract is signed for one year renewable twice upon satisfactory performance.
Note:This contract will take effect on 26/01/2026, the date the existing contract for the same items ends.",active,2025-12-23T00:00:00Z,2025-12-23T00:00:00Z,2026-12-23T00:00:00Z,365,11825960,RWF
0.releases.919.contracts.0,0.releases.919,0,C1016621172025000042,092059dd-752d-4542-a608-304cfa7e5804,Tender for the  Airtime and space in different media platforms,Frame work Contract,pending,2025-12-12T00:00:00Z,2025-12-12T00:00:00Z,2026-12-11T00:00:00Z,364,4730090,RWF
0.releases.920.contracts.0,0.releases.920,0,C1016621172025000046,f14517a4-5ce2-497a-8ecb-09ad9b9dedbf,Tender for the  Airtime and space in different media platforms,Frame work contract,pending,2025-12-12T00:00:00Z,2025-12-12T00:00:00Z,2026-12-11T00:00:00Z,364,5605139,RWF
0.releases.925.contracts.0,0.releases.925,0,C1022690082025000004,040ce227-5dc5-4097-a3eb-4468b3738144,Provision of Insurance Service for Government Buildings,"Based on the system administrator information that the system accept only two decimals on unit price, the contract will be paid on negotiated unit price ( 0.00177 all tax inclusive )during on the issuance of service order. ",pending,2025-01-09T00:00:00Z,2025-01-09T00:00:00Z,2027-01-08T00:00:00Z,729,1,RWF
0.releases.928.contracts.0,0.releases.928,0,C1030122022025000015,2aa0d965-6177-4e3d-a44f-bd13c3e632ce,Provision of cleaning services and gardening ,"This contract is for provision of cleaning services and gardening 
the monthly reimbursement is 2,662,542 Frw  all tax inclusive ",pending,2025-12-30T00:00:00Z,2025-12-30T00:00:00Z,2026-12-29T00:00:00Z,364,31950516,RWF
0.releases.929.contracts.0,0.releases.929,0,C1218455332025000015,6920b948-6a18-49db-b4ce-6018fed3366d,Supply water meters under RTSWS,,active,2026-01-08T00:00:00Z,2026-01-08T00:00:00Z,2026-05-08T00:00:00Z,120,547520000,RWF
0.releases.932.contracts.0,0.releases.932,0,C1133460762025000028,cc5d97b0-4284-4ab9-8e43-1396ac31a38e,Provision of Online Media Services to RTB,,pending,2026-01-07T00:00:00Z,2026-01-07T00:00:00Z,2026-12-29T00:00:00Z,356,25311000,RWF
0.releases.933.contracts.0,0.releases.933,0,C1014650502025000016,0e6427a9-6abc-4679-89b8-af1a3961766a,Repair and replacement of car shelter tents,No Comment,pending,2025-12-18T00:00:00Z,2025-12-18T00:00:00Z,2026-12-17T00:00:00Z,364,388009,RWF
0.releases.934.contracts.0,0.releases.934,0,C1133460762025000029,0f12fc65-7e7c-4b5b-9ba9-a403f02fcde4,Provision of Online Media Services to RTB,,pending,2026-01-07T00:00:00Z,2026-01-07T00:00:00Z,2026-12-29T00:00:00Z,356,18852388,RWF
0.releases.935.contracts.0,0.releases.935,0,C1014650502025000016,0e6427a9-6abc-4679-89b8-af1a3961766a,Repair and replacement of car shelter tents,No Comment,pending,2025-12-18T00:00:00Z,2025-12-18T00:00:00Z,2026-12-17T00:00:00Z,364,388009,RWF
0.releases.936.contracts.0,0.releases.936,0,C1017258792024000017,e66d220a-9cbf-4cc1-b09a-828d0c10c7c7,Upgrading of Cyuve Informal Settlement in Musanze City by Execution Works of Asphalt Roads.,The fourth additional time of forty five (45) days   is due to the delay caused by challenge of expropriation costs for affected properties;  periods of heavy rainfall; change in hydraulic design of drainage. ,pending,2025-12-31T00:00:00Z,2025-12-31T00:00:00Z,2026-02-13T00:00:00Z,44,3854034137,RWF
0.releases.939.contracts.0,0.releases.939,0,C1006004562026000001,f6136df0-5448-4b92-929c-1c6a2cb70b6b,HIRING A GYM COACH FOR MINECOFIN STAFF,,pending,2026-01-08T00:00:00Z,2026-01-08T00:00:00Z,2027-01-07T00:00:00Z,364,34800000,RWF
0.releases.944.contracts.0,0.releases.944,0,C1016621172025000064,74b071ca-23f0-48bc-8eda-b5816dd1595c,Tender for the  Airtime and space in different media platforms,Frame work contract,pending,2025-12-17T00:00:00Z,2025-12-17T00:00:00Z,2026-12-16T00:00:00Z,364,306800,RWF
0.releases.947.contracts.0,0.releases.947,0,C1014578072025000007,b45b23cc-4736-4639-8850-2949dea36da5,"Tender for Supply of refreshments and beverages to RPPA(clean drinking water, milk and juice)","This contract is conducted in the respect of Law N° 031/2022 of 21/11/2022 governing public procurement

Also this is  initial framework contract of one year which will be renewed due to service provider performance.",active,2025-10-17T00:00:00Z,2025-10-17T00:00:00Z,2026-10-17T00:00:00Z,365,171900,RWF
0.releases.948.contracts.0,0.releases.948,0,C1014578072023000019,999daf52-0f2b-4e2e-89e9-ed9431fe1754,Provide Services of codification and engraving of RPPA Assets,,active,2026-01-05T00:00:00Z,2026-01-05T00:00:00Z,2027-01-04T00:00:00Z,364,12980,RWF
0.releases.950.contracts.0,0.releases.950,0,C1018806032024000019,9983bf32-8385-448c-a028-36abf86da764,Repair and maintain hospital Incinerator and spare parts,Amendment on Framework agreement for Repair and maintain hospital Incinerator and spare parts,active,2025-01-09T00:00:00Z,2025-01-09T00:00:00Z,2027-01-08T00:00:00Z,729,11477399,RWF
0.releases.951.contracts.0,0.releases.951,0,C1019926372025000018,a3bcfe7d-031e-4d04-a1e5-80b9bd907da9,Construction and Upgrading of Gihengeri water Treatment Plant in Gatsibo District,Construction and Upgrading of Gihengeri water Treatment Plant in Gatsibo District,active,2025-09-10T00:00:00Z,2025-09-10T00:00:00Z,2026-09-10T00:00:00Z,365,1497171137,RWF
0.releases.954.contracts.0,0.releases.954,0,C1026431582024000034,c690d0f4-8477-4fc2-b4f8-d4202fa634d2,Provision of sport and recreation facilities services,Framework Contract is renewed for One Year,pending,2026-01-07T00:00:00Z,2026-01-09T00:00:00Z,2027-01-08T00:00:00Z,364,72000,RWF
0.releases.955.contracts.0,0.releases.955,0,C1020403172025000035,7fc66619-c585-4abb-9040-d8cb298e1faa,Annual framework tender for supply of food stuffs and other materials for transit center in Rusizi District,Goods delivery period is 10 days from the Day of receiving purchase order.,pending,2026-01-05T00:00:00Z,2026-01-05T00:00:00Z,2026-12-22T00:00:00Z,351,1326942,RWF
0.releases.957.contracts.0,0.releases.957,0,C1020403172025000035,7fc66619-c585-4abb-9040-d8cb298e1faa,Annual framework tender for supply of food stuffs and other materials for transit center in Rusizi District,Goods delivery period is 10 days from the Day of receiving purchase order.,pending,2026-01-05T00:00:00Z,2026-01-05T00:00:00Z,2026-12-22T00:00:00Z,351,1326942,RWF
0.releases.958.contracts.0,0.releases.958,0,C1013389972025000031,ba0443e6-5c5b-4166-97ef-7dfbeed1317d,Construction of Nyamata Health Center,,pending,2025-12-11T00:00:00Z,2025-12-11T00:00:00Z,2027-06-10T00:00:00Z,546,2976070297,RWF
0.releases.964.contracts.0,0.releases.964,0,C1014493222025000015,cc76405a-9bb7-4966-bd86-1b2e76f3c968,SERVICE FOR MAINTENANCE OF ELEVATOR  FOR RNP ON FRAMEWORK AGREEMENT,"Considering that the initial framework agreement was satisfactorily executed, both parties agree to renew the contract for a period of one (01) year on counted from 03/02/2026 to 03/02/2027.
The performance guarantee shall be provided only upon reception of the purchase order exceeding 20,000,000 Frw as per procurement regulations.
Notwithstanding the date of signature, this framework agreement takes effect from 03/02/2026.",pending,2025-02-10T00:00:00Z,2026-02-03T00:00:00Z,2027-02-03T00:00:00Z,365,1350000,RWF
0.releases.967.contracts.0,0.releases.967,0,C1030122022025000015,2aa0d965-6177-4e3d-a44f-bd13c3e632ce,Provision of cleaning services and gardening ,"This contract is for provision of cleaning services and gardening 
the monthly reimbursement is 2,662,542 Frw  all tax inclusive ",active,2026-01-08T00:00:00Z,2026-01-08T00:00:00Z,2027-01-08T00:00:00Z,365,31950516,RWF
0.releases.975.contracts.0,0.releases.975,0,C1020583772023000027,6d116ad2-c7b5-4829-bc24-57b30e6da478,Supply of office stationary,The commencement date shall be the date the contract is approved by the chief budget manager in umucyo e-procurement system.,active,2023-09-15T00:00:00Z,2023-09-15T00:00:00Z,2026-09-14T00:00:00Z,1095,6697121,RWF
0.releases.976.contracts.0,0.releases.976,0,C1133460762026000001,94d36daa-4d34-44ac-8908-0b6846ebf1aa,Provision of Codification Services to RTB Assets and Equipment,,pending,2026-01-07T00:00:00Z,2026-01-07T00:00:00Z,2027-01-06T00:00:00Z,364,1770,RWF
0.releases.977.contracts.0,0.releases.977,0,C1020583772023000039,d55e1b92-3fc2-488e-8d6a-d9008008ae1b,Hiring of Private Lawyer of Nyagatare District,"This Contract shall come into  effect after its approval by the Chief Budget Manager in umucyo e-procurement system. However,  the commencement date of the contract, shall be the date the  service provider  is given the servicer  order.",active,2023-11-23T00:00:00Z,2023-11-23T00:00:00Z,2026-11-22T00:00:00Z,1095,577610,RWF
0.releases.979.contracts.0,0.releases.979,0,C1006004562026000002,2f91edb8-3384-441f-a3b3-9540078dd9db,Fixed Asset Inventory Update & Coding,"Scope of Services and Prices

breakdown of counting of physical Assets Inventory and giving the standard report of the status and value of each asset after 6month

Counting of physical assets inventory and provision of a standard status report

Quantity: 1

Unit price (tax exclusive): 1,000

Unit price (tax inclusive): 1,180

Valuation of each asset

Quantity: 1

Unit price (tax exclusive): 500

Unit price (tax inclusive): 590

totaling 1,770 frw

Engraving/Coding of new fixed assets

Quantity: 1

Unit price (tax exclusive): 1,000

Unit price (tax inclusive): 1,180

Supply and production of stickers for ICT assets, files, curtains, etc.

Quantity: 1

Unit price (tax exclusive): 1,000

Unit price (tax inclusive): 1,180",pending,2026-01-08T00:00:00Z,2026-01-08T00:00:00Z,2027-01-07T00:00:00Z,364,4130,RWF
0.releases.980.contracts.0,0.releases.980,0,C1006004482023000010,9a9ca5da-acde-453f-a418-77e549556afd,FRAMEWORK CONTRACT FOR MAINTENANCE OF FIVE 100 KVA AUTOMATIC VOLTAGE REGULATORS (STABILIZERS) AND SUPPLY OF SPARE PARTS FOR A PERIOD OF ONE YEAR RENEWABLE TWICE,FRAMEWORK CONTRACT FOR MAINTENANCE OF FIVE 100 KVA AUTOMATIC VOLTAGE REGULATORS (STABILIZERS) AND SUPPLY OF SPARE PARTS FOR A PERIOD OF ONE YEAR RENEWABLE TWICE,pending,2023-10-20T00:00:00Z,2025-10-20T00:00:00Z,2026-10-19T00:00:00Z,364,5700580,RWF
0.releases.981.contracts.0,0.releases.981,0,C1006004562024000023,82425527-280a-4384-93ff-7cc4725a8edc,"Provision of Venue for Meetings, Conferences and Accommodation",Framework contract for Hotel services ,active,2025-01-08T00:00:00Z,2025-01-08T00:00:00Z,2027-01-07T00:00:00Z,729,2723500,RWF
0.releases.982.contracts.0,0.releases.982,0,C1006004562025000002,08730aa8-af45-4590-951e-3f2703b3e673,Provision of Cleaning services for MINECOFIN buildings,,active,2025-01-16T00:00:00Z,2025-01-16T00:00:00Z,2027-01-15T00:00:00Z,729,12402683,RWF
0.releases.983.contracts.0,0.releases.983,0,C1006047782025000004,edb58df5-0756-4a51-b5fc-b2b7f188ca6b,"Provision of Content Production, Television and Radio Broadcasting Services","Contract for Provision of Content Production, Television and Radio Broadcasting Services",pending,2025-01-28T00:00:00Z,2026-01-28T00:00:00Z,2027-01-27T00:00:00Z,364,19477670,RWF
0.releases.984.contracts.0,0.releases.984,0,C1006047782025000010,953c7a30-0c6c-446b-b5ea-0f73767436db,"Provision of Content Production, Television and Radio Broadcasting Services","Contract for Provision of Content Production, Television and Radio Broadcasting Services",pending,2025-01-28T00:00:00Z,2026-01-28T00:00:00Z,2027-01-27T00:00:00Z,364,15106950,RWF
0.releases.985.contracts.0,0.releases.985,0,C1024326722021000014,ef5f0ffa-d24a-49bf-9dc1-08e1259dc749,Irrigation development for Mahama 2,"The purpose of the contract amendment is to extend the contract period until October 27, 2026. Other terms and conditions of the original contract remain unchanged. ",pending,2021-12-24T00:00:00Z,2021-12-24T00:00:00Z,2026-11-27T00:00:00Z,1799,32872292,USD
0.releases.986.contracts.0,0.releases.986,0,C1006047032025000023,c33c0026-1edf-4896-b278-e577b9717fa5,Hiring of individual consultant to conduct the 2025/26 User Satisfaction Survey.,"1. Delivery period; The contract shall be executed within a period of 150 calendar days (5 months) and the consultant shall meet deliverables as per the timelines in the contract negotiation meeting minutes of 30th December 2025.

2. Contract Duration: The contract duration shall be five (5) months to cater for the delivery period mentioned above. and to allow the payment of invoices.

3. Payment modalities: The consultant shall be paid after completion of each milestone as per the given percentages in the contract negotiation meeting minutes of 30th December 2025",pending,2026-01-07T00:00:00Z,2026-01-07T00:00:00Z,2026-05-28T00:00:00Z,141,45832100,RWF
0.releases.987.contracts.0,0.releases.987,0,C1019316242026000001,7869852b-6266-489a-958b-152b7af8d15f,500lph Drinking Water Purification Plant,".The contract Duration is in 3 months 
.The delivery of service will be in 2 Month after reception of service order.
.The payement will be done after final reception of srvice delivered.",active,2026-01-08T00:00:00Z,2026-01-08T00:00:00Z,2026-04-08T00:00:00Z,90,5859880,RWF
0.releases.988.contracts.0,0.releases.988,0,C1008420232026000002,4907c322-3a1a-48c4-a779-e16cc57df8fa,Purchase and Supply of  Dental Materials,"Equipment supply contract (medical), payment requires PO, approved report,
payment request letter, and receipt note. Not a framework agreement.",pending,2026-01-08T00:00:00Z,2026-01-08T00:00:00Z,2026-04-03T00:00:00Z,85,10500000,RWF
0.releases.989.contracts.0,0.releases.989,0,C1014354632026000002,fc22130a-e1e7-450f-8b92-3f0d69dd0327,Feasibility study for clean water pipelines for universal coverage,,pending,2026-01-06T00:00:00Z,2026-01-06T00:00:00Z,2026-07-05T00:00:00Z,180,14400000,RWF
0.releases.990.contracts.0,0.releases.990,0,C1024203812025000023,30e7d243-d7c8-4089-878d-e90ef8dfdc83,Tender for acquisition of laboratory equipment under CDAT funds,Contract for acquisition of laboratory equipment under CDAT funds,pending,2026-01-06T00:00:00Z,,,,239741610,RWF
0.releases.992.contracts.0,0.releases.992,0,C1017171082025000009,95d2d704-ec29-4667-b012-f3193c3d3d81,Supply of office stationary and consumables,Supply of office stationary and consumables,active,2026-01-08T00:00:00Z,2026-01-08T00:00:00Z,2027-01-08T00:00:00Z,365,9692225,RWF
0.releases.993.contracts.0,0.releases.993,0,C1019097902025000017,6a33eacc-7902-4faa-8fd6-7e1ace0369e5,TENDER FOR INSURANCE OF BUILDINGS AND ASSETS OF NYANZA DISTRICT HOSPITAL,This Contract is for one year renewable based on performance of Supplier during Contract execution. ,pending,2026-01-05T00:00:00Z,2026-01-05T00:00:00Z,2026-12-29T00:00:00Z,358,8156730,RWF
0.releases.994.contracts.0,0.releases.994,0,C1020002442024000050,dc8311e1-a52d-410d-8f64-09eb177d8176,Purchase and supply of Equipmemts of ECD model,"Framework contract entitled Purchase and supply of Equipment of ECD model
",active,2025-08-14T00:00:00Z,2025-08-14T00:00:00Z,2026-08-13T00:00:00Z,364,4084161,RWF
0.releases.995.contracts.0,0.releases.995,0,C1020002442026000001,0ff3e7d1-ebc5-4ac3-aac1-4dc42d29a260,Privatization of management of Rwanteru Slaugther House,Contract is related to the Privatization of management of Rwanteru Slaugther House,active,2026-01-06T00:00:00Z,2026-01-06T00:00:00Z,2027-01-06T00:00:00Z,365,415000,RWF
0.releases.996.contracts.0,0.releases.996,0,C1014020452026000006,a780fdc8-37db-4cb7-bf94-5ecdf504c0b0,Supply of personal protective equipment for school under SGT Project (Pre-Primary Classrooms),ok,pending,2026-01-06T00:00:00Z,2026-01-06T00:00:00Z,2026-03-05T00:00:00Z,58,661640,RWF
0.releases.998.contracts.0,0.releases.998,0,C1218455332025000019,3442a211-5a64-47ea-a138-14682d3778e3,"Rehabilitation of non-functional rural water supply systems in Kirehe, Kayonza and Rwamagana Districts(Re-advertised)",,pending,2025-11-27T00:00:00Z,2025-11-27T00:00:00Z,2026-07-16T00:00:00Z,231,557300323,RWF
0.releases.999.contracts.0,0.releases.999,0,C1024914542026000001,4925bd06-5072-43c8-ab9e-9c136ba2541b,"Supply, commissioning and training of laboratory equipment for establishment of molecular testing laboratory",,pending,2026-01-08T00:00:00Z,,,,342478750,RWF
0.releases.1000.contracts.0,0.releases.1000,0,C1133460762024000007,6abd4308-c41b-474c-8c3d-570f6e661db8,REQUEST FOR EXPRESSION OF INTEREST FOR THE RECRUITMENT OF A CONSULTANCY FIRM FOR THE SUPERVISION SERVICES OF CONSTRUCTION WORKS OF RWANDA CODING ACADEMY NEW CAMPUS,,pending,2024-02-14T00:00:00Z,2024-02-14T00:00:00Z,2026-05-08T00:00:00Z,814,108000000,RWF
0.releases.1001.contracts.0,0.releases.1001,0,C1133460762024000007,6abd4308-c41b-474c-8c3d-570f6e661db8,REQUEST FOR EXPRESSION OF INTEREST FOR THE RECRUITMENT OF A CONSULTANCY FIRM FOR THE SUPERVISION SERVICES OF CONSTRUCTION WORKS OF RWANDA CODING ACADEMY NEW CAMPUS,,pending,2024-02-14T00:00:00Z,2024-02-14T00:00:00Z,2026-05-08T00:00:00Z,814,108000000,RWF
0.releases.1002.contracts.0,0.releases.1002,0,C1013364812026000001,4dc23ece-88a6-48d8-8087-8dbe94bdc86a,Providing Support to Community Home based-ECDs operational in parallel with VUP expanded public works,"1. Contract for Providing Support to Community Home based-ECDs operational in parallel with VUP expanded public works

2. The porridge flour to be provided shall be from IPB- PFO/CEFAPEK Ltd as per manufacturer authorization.

3. Delivery of goods, unless otherwise provided for in this Contract shall be effective within 1month (30 days) starting the date  that the supplier receives purchase order.

4. The place of delivery shall be: Different Home based-ECDs located in Rusiga, Bushoki, Murambi, Kisaro, Buyoga, Ntarabana, Burega and Mbogo sectors or any other place indicated by Rulindo district
",pending,2026-01-06T00:00:00Z,2026-01-06T00:00:00Z,2027-01-05T00:00:00Z,364,1350,RWF
0.releases.1003.contracts.0,0.releases.1003,0,C1071118822024000021,7eca6ce9-8edb-45b2-9cbe-78f934f48809,Tender to supply of  Access Controls ( Centralized),"Amendment No. 2 : regarding the additional of the following items and servivice among this contract deliverables:
	SpeedFace-V5L[P]
	ZKBioCV-API-SI
	ZKBioCV-AC-P25
	Installation Cost
All other terms and conditions of the original contract  remain in full force and effect.",pending,2024-06-11T00:00:00Z,2024-06-11T00:00:00Z,2026-06-11T00:00:00Z,730,52940799,RWF
0.releases.1004.contracts.0,0.releases.1004,0,C1078616252025000027,13477ef4-4282-461d-b4fe-849eba8bb48e,"Provision of Sports and Recreational Facilities for RFI Staff: Access to Gym, Aerobics, Sauna, and Swimming","The Contractor shall provide access to sports and recreational facilities for RFI staff, including gym/fitness services, aerobics classes, sauna, and swimming pool facilities, under a framework agreement for one (1) year, renewable up to two (2) additional years, subject to satisfactory performance and mutual agreement.",pending,2025-12-22T00:00:00Z,2025-12-22T00:00:00Z,2026-12-14T00:00:00Z,357,25200,RWF
0.releases.1005.contracts.0,0.releases.1005,0,C1078616252025000027,13477ef4-4282-461d-b4fe-849eba8bb48e,"Provision of Sports and Recreational Facilities for RFI Staff: Access to Gym, Aerobics, Sauna, and Swimming","The Contractor shall provide access to sports and recreational facilities for RFI staff, including gym/fitness services, aerobics classes, sauna, and swimming pool facilities, under a framework agreement for one (1) year, renewable up to two (2) additional years, subject to satisfactory performance and mutual agreement.",pending,2025-12-22T00:00:00Z,2025-12-22T00:00:00Z,2026-12-14T00:00:00Z,357,25200,RWF
0.releases.1006.contracts.0,0.releases.1006,0,C1008420232026000002,4907c322-3a1a-48c4-a779-e16cc57df8fa,Purchase and Supply of  Dental Materials,"Equipment supply contract (medical), payment requires PO, approved report,
payment request letter, and receipt note. Not a framework agreement.",active,2026-01-08T00:00:00Z,2026-01-08T00:00:00Z,2026-04-08T00:00:00Z,90,10500000,RWF
0.releases.1009.contracts.0,0.releases.1009,0,C1013364812026000001,4dc23ece-88a6-48d8-8087-8dbe94bdc86a,Providing Support to Community Home based-ECDs operational in parallel with VUP expanded public works,"1. Contract for Providing Support to Community Home based-ECDs operational in parallel with VUP expanded public works

2. The porridge flour to be provided shall be from IPB- PFO/CEFAPEK Ltd as per manufacturer authorization.

3. Delivery of goods, unless otherwise provided for in this Contract shall be effective within 1month (30 days) starting the date  that the supplier receives purchase order.

4. The place of delivery shall be: Different Home based-ECDs located in Rusiga, Bushoki, Murambi, Kisaro, Buyoga, Ntarabana, Burega and Mbogo sectors or any other place indicated by Rulindo district
",active,2026-01-08T00:00:00Z,2026-01-08T00:00:00Z,2027-01-08T00:00:00Z,365,1350,RWF
0.releases.1011.contracts.0,0.releases.1011,0,C1022690082025000002,3ef27633-25fe-4fa6-bec1-c386daa8c15c,Provision of Insurance Service for Government Buildings,"Based on the system administrator information that the system accept only two decimals on unit price, the contract will be paid on negotiated unit price ( 0.00177 all tax inclusive )during on the issuance of service order.",pending,2025-01-09T00:00:00Z,2025-01-09T00:00:00Z,2027-01-08T00:00:00Z,729,10,RWF
0.releases.1012.contracts.0,0.releases.1012,0,C1017921732024000002,731a8add-6ec5-42ea-9f8e-452883940550,"Supply of Fuel to NPPA Vehicles, Motorcycles and Generator/Framework Contract/Re-Advertised","This is contract for Supply of Fuel to NPPA Vehicles, Motorcycles and Generator/Framework Contract/Re-Advertised between NPPA and SOCIETE PETROLIERE LTD

The supplier shall provide Performance Securing Declaration instead of Performance Guarantee, except in case the Client issued the purchase order exceeding 20.000.000Rwf as provided by Regulation in force. 

The discount offered is 15Rwf per ltr.
The initial price could change according to the change of price officially provided by RURA; However the discount will remain firm and fix during the whole period of the contract.

The Payment will be done within 45 days upon reception of a valid invoice supported by purchase order issued, good received note and other document requested by NPPA Finance Services 



",pending,2026-01-31T00:00:00Z,2026-02-01T00:00:00Z,2027-01-31T00:00:00Z,364,3244,RWF
0.releases.1013.contracts.0,0.releases.1013,0,C1006005702025000112,7da7d82d-13c1-4897-8779-2d18e6c0fd49,Supply and installation of SOCLass licenses (Framework contract),Framework Agreement for Supply and installation of SOCLass licenses (Framework contract).,pending,2026-01-08T00:00:00Z,2026-01-08T00:00:00Z,2026-12-10T00:00:00Z,336,348336000,RWF
0.releases.1014.contracts.0,0.releases.1014,0,C1030866342023000204,fa6ad5a5-2245-426b-855a-0129568e34bd,Recruitment of a Business Analyst to support IPSAS implementation in IFMIS,Contract extension period,pending,2024-01-09T00:00:00Z,2024-01-09T00:00:00Z,2026-06-30T00:00:00Z,903,206671985,RWF
0.releases.1015.contracts.0,0.releases.1015,0,C1203356722025000011,9b469b32-3dbf-4732-aae0-70e858bbdd43,Hiring a Consultant to carry out feasibility and detailed design study for rehabilitation and improvement of Nyarubogo marshland (150ha).,,active,2025-04-29T00:00:00Z,2025-05-14T00:00:00Z,2026-01-14T00:00:00Z,245,270426,USD
0.releases.1016.contracts.0,0.releases.1016,0,C1203356722025000011,9b469b32-3dbf-4732-aae0-70e858bbdd43,Hiring a Consultant to carry out feasibility and detailed design study for rehabilitation and improvement of Nyarubogo marshland (150ha).,,active,2025-04-29T00:00:00Z,2025-05-14T00:00:00Z,2026-01-14T00:00:00Z,245,270426,USD
0.releases.1017.contracts.0,0.releases.1017,0,C1078616252025000021,,Provision of Clearing and Forwarding Services for RFI Goods,"This is a framework agreement valid for one year, with the possibility of being renewed twice.

A performance security is required only if the value of a purchase order exceeds FRW 20,000,000, in accordance with Article 109 of Ministerial Order n° 001/23/10/TC of 10/10/2023, which establishes regulations governing public procurement.

For purchase orders not exceeding FRW 20,000,000, performance security is not required. However, the successful bidder will still be required to submit a performance securing declaration.",pending,2026-01-09T00:00:00Z,2026-01-09T00:00:00Z,2026-12-08T00:00:00Z,333,566400,RWF
0.releases.1020.contracts.0,0.releases.1020,0,C1022690082025000006,f01ea457-25bc-4f36-8f8f-f16d2414e6c1,Provision of Insurance Service for Government Buildings,"Based on the system administrator information that the system accept only two decimals on unit price, the contract will be paid on negotiated unit price ( 0.00177 all tax inclusive )during on the issuance of service order. ",pending,2025-01-09T00:00:00Z,2025-01-09T00:00:00Z,2027-01-08T00:00:00Z,729,1,RWF
0.releases.1021.contracts.0,0.releases.1021,0,C1026698212026000001,4cf39418-5e69-421f-8464-e1870e68240f,Construction  of  public pit latrines in hospitalisation,"The duration of contract is 3 Months.
The commencement of works will begin on the date of signed final contract.
The payment shall be made within 45 days following receipt of a complete invoice and Payment will be as follows.
construction works will be paid after provisional acceptance of works.
The performance security is not required; the supplier submits the performance securing declaration commitment.
",pending,2026-01-06T00:00:00Z,2026-01-06T00:00:00Z,2026-04-05T00:00:00Z,89,8237084,RWF
0.releases.1022.contracts.0,0.releases.1022,0,C1022690082025000005,e003deda-854e-4a88-afe0-1c12c313c372,Provision of Insurance Service for Government Buildings,"Based on the system administrator information that the system accept only two decimals on unit price, the contract will be paid on negotiated unit price ( 0.00177 all tax inclusive )during on the issuance of service order. ",active,2025-01-09T00:00:00Z,2025-01-09T00:00:00Z,2027-01-08T00:00:00Z,729,1,RWF
0.releases.1023.contracts.0,0.releases.1023,0,C1026431582024000035,a7694c75-106d-4c2b-9b65-df696bf6d285,Provision of sport and recreation facilities services,Framework Contract is renewed for One year,active,2025-01-07T00:00:00Z,2026-01-09T00:00:00Z,2027-01-08T00:00:00Z,364,59000,RWF
0.releases.1024.contracts.0,0.releases.1024,0,C1022690082025000003,8078a74f-b719-44c1-a447-72d9c9fcbf7c,Provision of Insurance Service for Government Buildings,"Based on the system administrator information that the system accept only two decimals on unit price, the contract will be paid on negotiated unit price ( 0.00177 all tax inclusive )during on the issuance of service order.",active,2025-01-09T00:00:00Z,2025-01-09T00:00:00Z,2027-01-08T00:00:00Z,729,1,RWF
0.releases.1025.contracts.0,0.releases.1025,0,C1026431582024000036,4aea151f-daa5-4c6c-bf1d-00cd8a6a2706,Provision of sport and recreation facilities services,Framework Contract is renewed for One Year,active,2025-01-08T00:00:00Z,2026-01-09T00:00:00Z,2027-01-08T00:00:00Z,364,47500,RWF
0.releases.1026.contracts.0,0.releases.1026,0,C1026431582024000037,b6ceff8b-cc17-4e31-98dc-34fdea4e8f7d,Provision of sport and recreation facilities services,Framework Contract is renewed for One Year,active,2026-01-07T00:00:00Z,2026-01-09T00:00:00Z,2027-01-08T00:00:00Z,364,36000,RWF
0.releases.1027.contracts.0,0.releases.1027,0,C1022690082025000004,040ce227-5dc5-4097-a3eb-4468b3738144,Provision of Insurance Service for Government Buildings,"Based on the system administrator information that the system accept only two decimals on unit price, the contract will be paid on negotiated unit price ( 0.00177 all tax inclusive )during on the issuance of service order. ",active,2025-01-09T00:00:00Z,2025-01-09T00:00:00Z,2027-01-08T00:00:00Z,729,1,RWF
0.releases.1028.contracts.0,0.releases.1028,0,C1026431582024000038,3fb13940-dca0-4848-ba09-22809f21af65,Provision of sport and recreation facilities services,Framework Contract is renewed for One Year,active,2026-01-07T00:00:00Z,2026-01-09T00:00:00Z,2027-01-08T00:00:00Z,364,43000,RWF
0.releases.1030.contracts.0,0.releases.1030,0,C1022690082025000002,3ef27633-25fe-4fa6-bec1-c386daa8c15c,Provision of Insurance Service for Government Buildings,"Based on the system administrator information that the system accept only two decimals on unit price, the contract will be paid on negotiated unit price ( 0.00177 all tax inclusive )during on the issuance of service order.",active,2025-01-09T00:00:00Z,2025-01-09T00:00:00Z,2027-01-08T00:00:00Z,729,10,RWF
0.releases.1031.contracts.0,0.releases.1031,0,C1026431582024000034,c690d0f4-8477-4fc2-b4f8-d4202fa634d2,Provision of sport and recreation facilities services,Framework Contract is renewed for One Year,active,2026-01-07T00:00:00Z,2026-01-09T00:00:00Z,2027-01-08T00:00:00Z,364,72000,RWF
0.releases.1032.contracts.0,0.releases.1032,0,C1016621172025000002,5f187c48-c094-4cb0-9d54-ea2d511aa5d3,Tender for security of VIP,Contracting for provision of security services  to VIP of MINALOC (Hon.Minister and Hon.Minister of state),pending,2025-03-03T00:00:00Z,2025-03-03T00:00:00Z,2027-03-02T00:00:00Z,729,691480,RWF
0.releases.1034.contracts.0,0.releases.1034,0,C1014578072024000018,4ab37bdd-e712-4e6a-8607-194de943d5fb,Provision of call center connectivity services ,"This is a framework contract renewable twice due to supplier performance.

This contract is conducted in the respect of Law N° 031/2022 of 21/11/2022 governing public procurement",pending,2025-10-25T00:00:00Z,2025-10-25T00:00:00Z,2026-10-24T00:00:00Z,364,34629,RWF
0.releases.1035.contracts.0,0.releases.1035,0,C1006047782025000019,457da64f-b6b1-4252-8808-5c6abede929a,"Provision of Content Production, Television and Radio Broadcasting Services","Contract for Provision of Content Production, Television and Radio Broadcasting Services.",pending,2025-01-28T00:00:00Z,2026-01-28T00:00:00Z,2027-01-27T00:00:00Z,364,8318292,RWF
0.releases.1036.contracts.0,0.releases.1036,0,C1014578072024000018,4ab37bdd-e712-4e6a-8607-194de943d5fb,Provision of call center connectivity services ,"This is a framework contract renewable twice due to supplier performance.

This contract is conducted in the respect of Law N° 031/2022 of 21/11/2022 governing public procurement",pending,2025-10-25T00:00:00Z,2025-10-25T00:00:00Z,2026-10-24T00:00:00Z,364,34629,RWF
0.releases.1037.contracts.0,0.releases.1037,0,C1013389972023000033,ffe973a8-4c57-482b-b027-d4617788ac23,Assets Valuation and Properties Expropriation,,pending,2024-01-08T00:00:00Z,2024-01-08T00:00:00Z,2027-01-07T00:00:00Z,1095,105,RWF
0.releases.1038.contracts.0,0.releases.1038,0,C1019097902025000017,6a33eacc-7902-4faa-8fd6-7e1ace0369e5,TENDER FOR INSURANCE OF BUILDINGS AND ASSETS OF NYANZA DISTRICT HOSPITAL,This Contract is for one year renewable based on performance of Supplier during Contract execution. ,active,2026-01-08T00:00:00Z,2026-01-08T00:00:00Z,2027-01-08T00:00:00Z,365,8156730,RWF
0.releases.1039.contracts.0,0.releases.1039,0,C1006047782025000011,3c8b6d7c-bb07-4a25-aca9-e6160f12810a,"Provision of Content Production, Television and Radio Broadcasting Services","Contract Provision of Content Production, Television and Radio Broadcasting Services",pending,2025-01-28T00:00:00Z,2026-01-28T00:00:00Z,2027-01-27T00:00:00Z,364,5618428,RWF
0.releases.1040.contracts.0,0.releases.1040,0,C1018521442024000027,3a7c7fd1-5e0d-4520-b913-1e5c38601e5d,Construction of RUDP II phase 4 Asphalt Road in the City of Muhanga,"	
The purpose of this amendment is to approve the revised BoQ and extend the execution period ",active,2025-01-13T00:00:00Z,2025-01-14T00:00:00Z,2026-02-13T00:00:00Z,395,3473776501,RWF
0.releases.1041.contracts.0,0.releases.1041,0,C1018320552025000007,86074f90-2bd8-43aa-adb9-0fe9c637ce37,supply of uniforms for staff, The contract number no:00 -000003/G/NCB/2025/2026/BUSHENGE HOSPITAL is framework agreement will be used for uniforms for staff expected for one year that can be renewed twice based on good performance and appreciated communication through hospital email and E procurement communication link. BUSHENGE may prepare  purchase order as the needs of staff and providing  the features  and colors appreciated. the supplier may also provide the performance guarantee when the company receives the purchase order which is equals or over 20 millions rwandan francs ,active,2026-01-07T00:00:00Z,2026-01-07T00:00:00Z,2027-01-07T00:00:00Z,365,929250,RWF
0.releases.1042.contracts.0,0.releases.1042,0,C1035271352025000013,11276a94-c8b2-4a5e-8b22-9338a4f082f5,Annual provisions of SSL certificates,The contract is framework,active,2026-01-06T00:00:00Z,2026-01-06T00:00:00Z,2027-01-06T00:00:00Z,365,188800,RWF
0.releases.1043.contracts.0,0.releases.1043,0,C1131711962026000001,4bf9705e-e5ab-4844-8347-ccedd2468dad,Re-advertised Tender for Construction of Snakes Cages and Shelter,"This contract is a regular tender to be executed within eight (8) months; however, the contractor may complete the works before the expected time. In such a case, the project will be implemented in two phases:
– Provisional acceptance of the entire works
– Final acceptance of the works",pending,2026-01-09T00:00:00Z,2026-01-09T00:00:00Z,2026-09-07T00:00:00Z,241,32829370,RWF
0.releases.1046.contracts.0,0.releases.1046,0,C1013824242023000015,52ef9976-2458-4e70-89fe-86acec75d38b,System users notification by SMS,"Draft of contract for system user notification by SMS.

This is the first amendment contract for system user notification by SMS

his is the second amendment contract for system user notification by SMS",pending,2026-01-30T00:00:00Z,2026-02-02T00:00:00Z,2027-02-01T00:00:00Z,364,51,RWF
0.releases.1047.contracts.0,0.releases.1047,0,C1222010062025000031,ba26010c-333e-4a83-b900-f99fc1a23773,"Hiring service provider to provide technical assistance for readiness to certification for agricultural export products (Coffee, Tea and Horticulture)","The consultant shall execute the milestones for each exporter supported for certification carrying out all steps from the inception report, the gap analysis, the training phase, the documentation until the certification phase on each of the ten (10) companies.

The consultant will be issued service order depending on the number of available companies to be trained and certified as and the payment will also depend on the number of certified companies.

The performance security will be required on each service order with value above 20,000,000 Frw.

",pending,2026-01-06T00:00:00Z,2026-01-06T00:00:00Z,2026-12-10T00:00:00Z,338,35990000,RWF
0.releases.1048.contracts.0,0.releases.1048,0,C1022690082026000002,e9a3d2ad-1fad-4d6f-bcf5-84f032d283bc,Consultancy services for design and supervision of urgent government constriction projects countrywide,The Contract shall start after signature by all parties. The consultant shall submit the performance Security when he/she will be given a service order which is beyond 20 Million Rwandan francs.,pending,2026-01-07T00:00:00Z,2026-01-07T00:00:00Z,2027-01-05T00:00:00Z,363,15488000,RWF
0.releases.1049.contracts.0,0.releases.1049,0,C1022690082026000002,e9a3d2ad-1fad-4d6f-bcf5-84f032d283bc,Consultancy services for design and supervision of urgent government constriction projects countrywide,The Contract shall start after signature by all parties. The consultant shall submit the performance Security when he/she will be given a service order which is beyond 20 Million Rwandan francs.,pending,2026-01-07T00:00:00Z,2026-01-07T00:00:00Z,2027-01-05T00:00:00Z,363,15488000,RWF
0.releases.1050.contracts.0,0.releases.1050,0,C1018534192025000003,bbd403d0-0fcb-4688-86b1-0caba6b2556a,"printing of promotional materials services(banners,flyers,badges,business cards)",,pending,2025-01-14T00:00:00Z,2025-01-14T00:00:00Z,2027-01-13T00:00:00Z,729,373659,RWF
0.releases.1055.contracts.0,0.releases.1055,0,C1071118822024000021,7eca6ce9-8edb-45b2-9cbe-78f934f48809,Tender to supply of  Access Controls ( Centralized),"Amendment No. 2 : regarding the additional of the following items and servivice among this contract deliverables:
	SpeedFace-V5L[P]
	ZKBioCV-API-SI
	ZKBioCV-AC-P25
	Installation Cost
All other terms and conditions of the original contract  remain in full force and effect.",active,2024-06-11T00:00:00Z,2024-06-11T00:00:00Z,2026-06-11T00:00:00Z,730,52940799,RWF
0.releases.1057.contracts.0,0.releases.1057,0,C1074330622025000039,885ba843-beb9-45ad-ab2f-9b90c13d45d6,Hiring a service provider for codification of MoE assets,This is the framework contract for hiring a service provider for codification of MoE assets for a period of one year renewable upon satisfactory performance of the service provider.,active,2026-01-08T00:00:00Z,2026-01-08T00:00:00Z,2027-01-08T00:00:00Z,365,3068,RWF
0.releases.1058.contracts.0,0.releases.1058,0,C1028420612024000004,b8873814-1fd2-4716-8bd8-59a728c8156d,Provision of media services and printed news papers,,pending,2024-12-04T00:00:00Z,2024-12-04T00:00:00Z,2026-12-03T00:00:00Z,729,283200000,RWF
0.releases.1059.contracts.0,0.releases.1059,0,C1022690082024000016,78b30a5a-21d2-45b5-b559-563789dc6674,"RFP FOR SUPERVISION OF EXTERNAL WORKS, PLAYGROUNDS AND FENCING ON 2 TVET SCHOOLS ON BORDER IN GICUMBI DISTRICT",The purpose of this amendment is to extend the contract duration equivalent to Three months starting from 13/10/2025 ,active,2025-06-04T00:00:00Z,2025-10-13T00:00:00Z,2026-01-12T00:00:00Z,91,16800000,RWF
0.releases.1060.contracts.0,0.releases.1060,0,C1203356722025000037,0fd02362-a597-407e-a6b5-939fcebd34d4,Production of Audio Visual Communication Materials ,,pending,2026-01-08T00:00:00Z,2026-01-08T00:00:00Z,2026-12-23T00:00:00Z,349,21740000,RWF
0.releases.1062.contracts.0,0.releases.1062,0,C1016877032026000001,9f684884-7bc6-4e7d-bd59-ab282890801d,Re-tendering tender for purchase of Hospital Drapes,This is a framework contract,pending,2026-01-08T00:00:00Z,2026-01-08T00:00:00Z,2027-01-05T00:00:00Z,362,48380,RWF
0.releases.1084.contracts.0,0.releases.1084,0,C1016621172025000003,8ea85b72-c5a0-4421-ae50-e391cc7bd6fe,Tender for the supply of construction materials for vulnerable people,Contract for the supply of iron sheets that was extended for one other year,pending,2025-03-17T00:00:00Z,2025-03-17T00:00:00Z,2027-03-16T00:00:00Z,729,12300,RWF
0.releases.1085.contracts.0,0.releases.1085,0,C1016621172025000004,4ccc934b-87ed-465f-a8d8-5ae388c8d30b,Tender for the supply of construction materials for vulnerable people,Contract regarding supply of iron sheets was extended for one more year,pending,2025-03-17T00:00:00Z,2025-03-17T00:00:00Z,2027-03-16T00:00:00Z,729,12300,RWF
0.releases.1086.contracts.0,0.releases.1086,0,C1016621172025000005,189346eb-e345-4469-bcbf-97b50fce98e5,Tender for the supply of construction materials for vulnerable people,Contract for the supply of iron sheets.,pending,2025-03-17T00:00:00Z,2025-03-17T00:00:00Z,2027-03-16T00:00:00Z,729,11701,RWF
0.releases.1087.contracts.0,0.releases.1087,0,C1016621172025000006,812dd1c6-5265-4b36-82b0-461bc4b1b4a9,Tender for the supply of construction materials for vulnerable people,Contract for the supply of iron sheets / was extended for one more year,pending,2025-03-17T00:00:00Z,2025-03-17T00:00:00Z,2027-03-16T00:00:00Z,729,11701,RWF
0.releases.1090.contracts.0,0.releases.1090,0,C1016621172025000061,ced1f641-4c53-404a-89e7-3a0c3f9ce119,Tender for the  Airtime and space in different media platforms,Frame work contract,pending,2025-12-14T00:00:00Z,2025-12-14T00:00:00Z,2026-12-13T00:00:00Z,364,4063959,RWF
0.releases.1092.contracts.0,0.releases.1092,0,C1016621172025000051,a88bbb3e-e44c-470b-b179-e2fb289c30ef,Tender for the  Airtime and space in different media platforms,Frame work contract,pending,2025-12-13T00:00:00Z,2025-12-13T00:00:00Z,2026-12-12T00:00:00Z,364,4047164,RWF
0.releases.1093.contracts.0,0.releases.1093,0,C1016621172025000057,a90f3412-f35d-446f-9413-ed3339b5499d,Tender for the  Airtime and space in different media platforms,Frame work contract,pending,2025-12-14T00:00:00Z,2025-12-14T00:00:00Z,2026-12-13T00:00:00Z,364,5013293,RWF
0.releases.1097.contracts.0,0.releases.1097,0,C1016621172025000047,22b8803c-c60f-4b5d-a545-a37124691e93,Tender for the  Airtime and space in different media platforms,Frame work contract,pending,2025-12-13T00:00:00Z,2025-12-13T00:00:00Z,2026-12-12T00:00:00Z,364,5135538,RWF
0.releases.1098.contracts.0,0.releases.1098,0,C1016621172025000063,f516e0bb-3977-48eb-8696-27ff1a25cdb5,Tender for the  Airtime and space in different media platforms,Frame work contract,pending,2025-12-17T00:00:00Z,2025-12-17T00:00:00Z,2026-12-16T00:00:00Z,364,2491700,RWF
0.releases.1099.contracts.0,0.releases.1099,0,C1016621172025000060,8228180b-2f48-4555-9dcf-1ca1e51dbbc0,Tender for the  Airtime and space in different media platforms,Frame work contract,pending,2025-12-14T00:00:00Z,2025-12-14T00:00:00Z,2026-12-13T00:00:00Z,364,2768551,RWF
0.releases.1100.contracts.0,0.releases.1100,0,C1016621172025000035,2843b1ad-4103-4673-a0d2-29e9dc935b3a,Tender for the  Airtime and space in different media platforms,Frame work contract,pending,2025-12-10T00:00:00Z,2025-12-10T00:00:00Z,2026-12-09T00:00:00Z,364,12158266,RWF
0.releases.1101.contracts.0,0.releases.1101,0,C1016621172025000036,ae86ed50-d3d9-40bb-b65e-061eee5ab1b2,Tender for the  Airtime and space in different media platforms,Frame work contract,pending,2025-12-11T00:00:00Z,2025-12-11T00:00:00Z,2026-12-10T00:00:00Z,364,6746640,RWF
0.releases.1102.contracts.0,0.releases.1102,0,C1016621172025000037,daf8a226-5018-492d-b247-a28608e5cd0a,Tender for the  Airtime and space in different media platforms,,pending,2025-12-11T00:00:00Z,2025-12-11T00:00:00Z,2026-12-10T00:00:00Z,364,3500000,RWF
0.releases.1103.contracts.0,0.releases.1103,0,C1016621172025000044,71e41a04-aee0-46fe-be8b-dfcd42b1bf63,Tender for the  Airtime and space in different media platforms,Frame work contract,pending,2025-12-12T00:00:00Z,2025-12-12T00:00:00Z,2026-12-11T00:00:00Z,364,1896514,RWF
0.releases.1104.contracts.0,0.releases.1104,0,C1016621172025000043,e46258cc-539a-4cdb-8977-ee9b0e5aac56,Tender for the  Airtime and space in different media platforms,Framework contract,pending,2025-12-12T00:00:00Z,2025-12-12T00:00:00Z,2026-12-11T00:00:00Z,364,4804431,RWF
0.releases.1105.contracts.0,0.releases.1105,0,C1016621172025000056,04bb1c9f-3a1a-4597-b834-1ddbea0957d7,Tender for the  Airtime and space in different media platforms,Frame work contract,pending,2025-12-13T00:00:00Z,2025-12-13T00:00:00Z,2026-12-12T00:00:00Z,364,2973687,RWF
0.releases.1106.contracts.0,0.releases.1106,0,C1016621172025000040,652207b8-c95f-4a61-9e70-1dcae6b784f5,Tender for the  Airtime and space in different media platforms,Frame work,pending,2025-12-12T00:00:00Z,2025-12-12T00:00:00Z,2026-12-11T00:00:00Z,364,1180000,RWF
0.releases.1107.contracts.0,0.releases.1107,0,C1016621172025000039,8018f2ec-f9b0-46d4-bfba-b64c555d58f4,Tender for the  Airtime and space in different media platforms,Frame work contract,pending,2025-12-12T00:00:00Z,2025-12-12T00:00:00Z,2026-12-11T00:00:00Z,364,3340920,RWF
0.releases.1108.contracts.0,0.releases.1108,0,C1016621172025000062,69b40d4f-42ae-41ff-9a2c-d82d1c9ab07e,Tender for the  Airtime and space in different media platforms,Frame work contract,pending,2025-12-14T00:00:00Z,2025-12-14T00:00:00Z,2026-12-13T00:00:00Z,364,4220270,RWF
0.releases.1109.contracts.0,0.releases.1109,0,C1020432832026000003,613e7ffb-0002-4b1d-94cc-e91e96b49834,"Consultancy Services for Supervision of Urgent Works of Rehabilitation/Repair of Selected Damaged Unpaved Roads in Nyamasheke, Nyamagabe and Nyaruguru districts, Rwanda.","The contract amount is  FRW 247,843,526, but due to the fact that the system does not accommodate decimals, that is why the contract amount becomes Frw 247,843,515. ",pending,2026-01-07T00:00:00Z,2026-01-07T00:00:00Z,2027-04-16T00:00:00Z,464,247843515,RWF
0.releases.1110.contracts.0,0.releases.1110,0,C1016621172025000038,fdc54f6a-5017-4cb5-b685-7f5f8accd5b4,Tender for the  Airtime and space in different media platforms,Frame work contract,pending,2025-12-12T00:00:00Z,2025-12-12T00:00:00Z,2026-12-11T00:00:00Z,364,5104900,RWF
0.releases.1111.contracts.0,0.releases.1111,0,C1016621172025000029,ff4feeb1-74f3-499b-996a-23cb8281347f,Tender for the  Airtime and space in different media platforms,Frame work contract,pending,2025-12-10T00:00:00Z,2025-12-10T00:00:00Z,2026-12-09T00:00:00Z,364,1258200,RWF
0.releases.1112.contracts.0,0.releases.1112,0,C1016621172025000030,10cc6ee5-ac07-40fc-949c-e267376411ad,Tender for the  Airtime and space in different media platforms,Frame work Contract,pending,2025-12-10T00:00:00Z,2025-12-10T00:00:00Z,2026-12-09T00:00:00Z,364,3723600,RWF
0.releases.1113.contracts.0,0.releases.1113,0,C1016621172025000031,fcb859dd-903b-4b51-9e85-8417fe6b351d,Tender for the  Airtime and space in different media platforms,Frame work contract,pending,2025-12-10T00:00:00Z,2025-12-10T00:00:00Z,2026-12-09T00:00:00Z,364,3271300,RWF
0.releases.1114.contracts.0,0.releases.1114,0,C1016621172025000059,f5c0d96c-67dc-4abe-8f27-7dfc9db6bd8f,Tender for the  Airtime and space in different media platforms,Frame work Contract,pending,2025-12-14T00:00:00Z,2025-12-14T00:00:00Z,2026-12-13T00:00:00Z,364,227386,RWF
0.releases.1115.contracts.0,0.releases.1115,0,C1031240742024000036,97f6cea4-40d0-4020-acf6-26778177acf1,Supply of office stationeries,"1.The contract execution period is One (1) year renewable basing on good performance by the supplier;
2.Delay penalty is 1/1000 per day of delay;
3. Delivery period will be within fifteen (15) calendar days after the receipt of the purchase order by the Supplier.

Contract Management:
==================
1. Contract Manager: HATEGEKIMANA Jean, Logistics Officer, Telephone: 0788599461 and Email: jhategekimana@minema.gov.rw 
2.Co-contract Manager: HAKIZIMANA Christian, Logistics Officer, Telephone: 0781216897 and Email: chakizimana@minema.gov.rw
",active,2025-01-17T00:00:00Z,2025-01-17T00:00:00Z,2027-01-16T00:00:00Z,729,1404036,RWF
0.releases.1116.contracts.0,0.releases.1116,0,C1030866342024000007,afc96d2f-63bc-4cf9-b0c0-6f668b4d7d6c,Recruitment of IFMIS software architect to support IPSAS implementation,Contract extension period,pending,2024-02-12T00:00:00Z,2024-02-12T00:00:00Z,2026-06-29T00:00:00Z,868,175800,USD
0.releases.1117.contracts.0,0.releases.1117,0,C1024203812026000002,3f553299-0114-4ef2-a68c-a2f109ddb81c,"Tender for framework contract for supply and installation of spare parts, repair and maintenance of color sorter machine and accessories (Re-advert)","Framework contract for supply and installation of spare parts, repair and maintenance of color sorter machine and accessories ",pending,2026-01-08T00:00:00Z,2026-01-08T00:00:00Z,2027-01-07T00:00:00Z,364,22695530,RWF
0.releases.1118.contracts.0,0.releases.1118,0,C1024956532024000030,de4e37d8-7061-4a35-a925-ea33898e23ff,Hiring a custodian for RSSB securuties,"FIRST RENEWAL TO THE ANNUAL CONTRACT FOR HIRING A CUSTODIAN OF RSSB SECURITIES
 
(CUSTODIAN SERVICES FOR RSSB INCLUDING EJOHEZA SECURITIES)
 
FROM 18TH DECEMBER 2025 UP TO 17TH DECEMBER 2026",pending,2024-12-17T00:00:00Z,2024-12-17T00:00:00Z,2025-12-17T00:00:00Z,365,41886648,RWF
0.releases.1119.contracts.0,0.releases.1119,0,C1021623972025000004,9113c261-2b06-4cd8-ba13-461636a5ea21,Acquisition of loading and offloading services,,active,2026-01-08T00:00:00Z,2026-01-08T00:00:00Z,2027-01-08T00:00:00Z,365,8260,RWF
0.releases.1122.contracts.0,0.releases.1122,0,C1020432832026000002,ba480315-6035-45f5-a2e9-ca2e68f05c69,"Consultancy Services for Supervision of Urgent Works of Rehabilitation/Repair of Selected Damaged Unpaved Roads in Nyanza, Gisagara, Ruhango and Kamonyi districts in Rwanda.","Consultancy Services for Supervision of Urgent Works of Rehabilitation/Repair of Selected Damaged Unpaved Roads in Nyanza, Gisagara, Ruhango and Kamonyi districts in Rwanda.",pending,2026-01-07T00:00:00Z,2026-01-07T00:00:00Z,2027-04-16T00:00:00Z,464,247843515,RWF
0.releases.1125.contracts.0,0.releases.1125,0,C1024326722026000001,572ffa7b-8c1d-400c-ac4d-486613b1d929,"Supply and installation of CCTV Cameras, supply and installation of control room equipment, and its maintenance of CCTV cameras and control room equipment",,pending,2026-01-07T00:00:00Z,2026-01-07T00:00:00Z,2027-01-06T00:00:00Z,364,47243660,RWF
0.releases.1126.contracts.0,0.releases.1126,0,C1024326722026000001,572ffa7b-8c1d-400c-ac4d-486613b1d929,"Supply and installation of CCTV Cameras, supply and installation of control room equipment, and its maintenance of CCTV cameras and control room equipment",,pending,2026-01-07T00:00:00Z,2026-01-07T00:00:00Z,2027-01-06T00:00:00Z,364,47243660,RWF
0.releases.1128.contracts.0,0.releases.1128,0,C1018286012026000003,5a0fb898-5196-495b-b6a6-a5f2d67051c9,SPORTS AND RECREATION SERVICES,Framework,pending,2026-01-05T00:00:00Z,2026-01-05T00:00:00Z,2027-01-04T00:00:00Z,364,34810,RWF
0.releases.1130.contracts.0,0.releases.1130,0,C1006004562025000003,1a8b0f3c-ea79-43d6-b99b-649daadcb590,"Provision of Venue for Meetings, Conferences and Accommodation",,pending,2025-01-17T00:00:00Z,2025-01-21T00:00:00Z,2027-01-20T00:00:00Z,729,3428500,RWF
0.releases.1131.contracts.0,0.releases.1131,0,C1018286012026000002,8315e8f5-a859-4d61-a3ac-4a744842d8bf,SPORTS AND RECREATION SERVICES,Framework,pending,2026-01-05T00:00:00Z,2026-01-05T00:00:00Z,2027-01-04T00:00:00Z,364,89680,RWF
0.releases.1132.contracts.0,0.releases.1132,0,C1016877032026000001,9f684884-7bc6-4e7d-bd59-ab282890801d,Re-tendering tender for purchase of Hospital Drapes,This is a framework contract,active,2026-01-09T00:00:00Z,2026-01-09T00:00:00Z,2027-01-09T00:00:00Z,365,48380,RWF
0.releases.1133.contracts.0,0.releases.1133,0,C1013669742025000001,8ee1dcba-7b81-45f2-9d9f-81c84fce6725,Provision of insurance of Senate properties,Framework contract,pending,2025-01-08T00:00:00Z,2025-01-08T00:00:00Z,2027-01-11T00:00:00Z,733,3711371,RWF
0.releases.1134.contracts.0,0.releases.1134,0,C1013669742025000001,8ee1dcba-7b81-45f2-9d9f-81c84fce6725,Provision of insurance of Senate properties,Framework contract,pending,2025-01-08T00:00:00Z,2025-01-08T00:00:00Z,2027-01-11T00:00:00Z,733,3711371,RWF
0.releases.1135.contracts.0,0.releases.1135,0,C1017429782026000001,c9660de0-ceeb-429a-acac-ee7e14c2c9a0,Tender for acquisition of Tires for Byumba Level Two Teaching Hospital Vehicles and Motorcycles ,"This contract is a Framework of one year which may be renewed twice upon evaluation of satisfactory performance of the supplier. The Consumption will be based on Purchase order according to the needs, means that, the choice of type and size of tires  & quantity of items will be determined by the end user during contract execution
The unit price of each type of tires will not be adjusted during the whole period of contract.
The delivery period after receiving of purchase order will be 5 days as required in Tender document. But SOCIETE RWANDAISE DES PNEUMATIQUES BANDAG LTD committed that, after receiving purchase order the maximum delivery period will be 15 days , beyond that period the penalties will be applied.",pending,2026-01-08T00:00:00Z,2026-01-08T00:00:00Z,2027-01-05T00:00:00Z,362,13805000,RWF
0.releases.1136.contracts.0,0.releases.1136,0,C1016621172025000003,8ea85b72-c5a0-4421-ae50-e391cc7bd6fe,Tender for the supply of construction materials for vulnerable people,Contract for the supply of iron sheets that was extended for one other year,active,2025-03-17T00:00:00Z,2025-03-17T00:00:00Z,2027-03-16T00:00:00Z,729,12300,RWF
0.releases.1137.contracts.0,0.releases.1137,0,C1017429782026000001,c9660de0-ceeb-429a-acac-ee7e14c2c9a0,Tender for acquisition of Tires for Byumba Level Two Teaching Hospital Vehicles and Motorcycles ,"This contract is a Framework of one year which may be renewed twice upon evaluation of satisfactory performance of the supplier. The Consumption will be based on Purchase order according to the needs, means that, the choice of type and size of tires  & quantity of items will be determined by the end user during contract execution
The unit price of each type of tires will not be adjusted during the whole period of contract.
The delivery period after receiving of purchase order will be 5 days as required in Tender document. But SOCIETE RWANDAISE DES PNEUMATIQUES BANDAG LTD committed that, after receiving purchase order the maximum delivery period will be 15 days , beyond that period the penalties will be applied.",pending,2026-01-08T00:00:00Z,2026-01-08T00:00:00Z,2027-01-05T00:00:00Z,362,13805000,RWF
0.releases.1139.contracts.0,0.releases.1139,0,C1016621172025000004,4ccc934b-87ed-465f-a8d8-5ae388c8d30b,Tender for the supply of construction materials for vulnerable people,Contract regarding supply of iron sheets was extended for one more year,active,2025-03-17T00:00:00Z,2025-03-17T00:00:00Z,2027-03-16T00:00:00Z,729,12300,RWF
0.releases.1140.contracts.0,0.releases.1140,0,C1016621172025000005,189346eb-e345-4469-bcbf-97b50fce98e5,Tender for the supply of construction materials for vulnerable people,Contract for the supply of iron sheets.,active,2025-03-17T00:00:00Z,2025-03-17T00:00:00Z,2027-03-16T00:00:00Z,729,11701,RWF
0.releases.1141.contracts.0,0.releases.1141,0,C1017921732024000001,b7fc1069-55e8-4f7c-9b4e-73dc9f6479fa,Provision of Cleaning  Services to NPPA NYARUGUNGA  OFFICES (KICUKIRO Primary Level)/Under Framework Contract,"This is contract of Provision of Cleaning  Services to NPPA NYARUGUNGA  OFFICES (KICUKIRO Primary Level)/Under Framework Contract between NPPA and N.PROPERTY AND CLEANING COMPANY LTD
Payment will be done by NPPA NYARUGENGE/Intermediate Level (each Monthly) within 45 days after reception of a valid invoice",pending,2025-01-24T00:00:00Z,2025-01-25T00:00:00Z,2026-01-24T00:00:00Z,364,188800,RWF
0.releases.1142.contracts.0,0.releases.1142,0,C1016621172025000006,812dd1c6-5265-4b36-82b0-461bc4b1b4a9,Tender for the supply of construction materials for vulnerable people,Contract for the supply of iron sheets / was extended for one more year,active,2025-03-17T00:00:00Z,2025-03-17T00:00:00Z,2027-03-16T00:00:00Z,729,11701,RWF
0.releases.1144.contracts.0,0.releases.1144,0,C1017344602023000038,f5478a58-58e9-4a77-b615-a743e06ea1e1,Annual  framework  for supply  of construction  materials   in Huye  district,"The contract is extended from 09/1/2025 up to 08/1/2026
The contract is extended from 09/1/2026 up to 08/01/2027",active,2024-01-09T00:00:00Z,2026-01-09T00:00:00Z,2027-01-08T00:00:00Z,364,11616118,RWF
0.releases.1145.contracts.0,0.releases.1145,0,C1026698212025000011,f6bfa361-584f-4d96-bda8-1b96a4e3d5c4,SUPPLY OF SPARE PARTS FOR INFRASTRUCTURE MAINTENANCE,"The contract for SUPPLY OF SPARE PARTS FOR INFRASTRUCTURE MAINTENANCE is in unit price under frame work agreement.
The contract duration is one year and may be renewed depending on satisfactory performance of the Supplier.
Delivery will depend on purchase order sent by Procuring Entity (Purchaser).
The performance security is not required; the supplier submits the performance securing declaration commitment.
Delivery period is 10 days.",pending,2025-12-18T00:00:00Z,2025-12-18T00:00:00Z,2026-12-17T00:00:00Z,364,6178610,RWF
0.releases.1147.contracts.0,0.releases.1147,0,C1016621172025000061,ced1f641-4c53-404a-89e7-3a0c3f9ce119,Tender for the  Airtime and space in different media platforms,Frame work contract,active,2026-01-09T00:00:00Z,2026-01-09T00:00:00Z,2027-01-09T00:00:00Z,365,4063959,RWF
0.releases.1148.contracts.0,0.releases.1148,0,C1016621172025000051,a88bbb3e-e44c-470b-b179-e2fb289c30ef,Tender for the  Airtime and space in different media platforms,Frame work contract,active,2026-01-09T00:00:00Z,2026-01-09T00:00:00Z,2027-01-09T00:00:00Z,365,4047164,RWF
0.releases.1149.contracts.0,0.releases.1149,0,C1016621172025000057,a90f3412-f35d-446f-9413-ed3339b5499d,Tender for the  Airtime and space in different media platforms,Frame work contract,active,2026-01-09T00:00:00Z,2026-01-09T00:00:00Z,2027-01-09T00:00:00Z,365,5013293,RWF
0.releases.1150.contracts.0,0.releases.1150,0,C1016621172025000047,22b8803c-c60f-4b5d-a545-a37124691e93,Tender for the  Airtime and space in different media platforms,Frame work contract,active,2026-01-09T00:00:00Z,2026-01-09T00:00:00Z,2027-01-09T00:00:00Z,365,5135538,RWF
0.releases.1151.contracts.0,0.releases.1151,0,C1016621172025000063,f516e0bb-3977-48eb-8696-27ff1a25cdb5,Tender for the  Airtime and space in different media platforms,Frame work contract,active,2026-01-09T00:00:00Z,2026-01-09T00:00:00Z,2027-01-09T00:00:00Z,365,2491700,RWF
0.releases.1152.contracts.0,0.releases.1152,0,C1016621172025000060,8228180b-2f48-4555-9dcf-1ca1e51dbbc0,Tender for the  Airtime and space in different media platforms,Frame work contract,active,2026-01-09T00:00:00Z,2026-01-09T00:00:00Z,2027-01-09T00:00:00Z,365,2768551,RWF
0.releases.1153.contracts.0,0.releases.1153,0,C1016621172025000035,2843b1ad-4103-4673-a0d2-29e9dc935b3a,Tender for the  Airtime and space in different media platforms,Frame work contract,active,2026-01-09T00:00:00Z,2026-01-09T00:00:00Z,2027-01-09T00:00:00Z,365,12158266,RWF
0.releases.1155.contracts.0,0.releases.1155,0,C1016621172025000036,ae86ed50-d3d9-40bb-b65e-061eee5ab1b2,Tender for the  Airtime and space in different media platforms,Frame work contract,active,2026-01-09T00:00:00Z,2026-01-09T00:00:00Z,2027-01-09T00:00:00Z,365,6746640,RWF
0.releases.1156.contracts.0,0.releases.1156,0,C1016621172025000037,daf8a226-5018-492d-b247-a28608e5cd0a,Tender for the  Airtime and space in different media platforms,,active,2026-01-09T00:00:00Z,2026-01-09T00:00:00Z,2027-01-09T00:00:00Z,365,3500000,RWF
0.releases.1160.contracts.0,0.releases.1160,0,C1016621172025000044,71e41a04-aee0-46fe-be8b-dfcd42b1bf63,Tender for the  Airtime and space in different media platforms,Frame work contract,active,2026-01-09T00:00:00Z,2026-01-09T00:00:00Z,2027-01-09T00:00:00Z,365,1896514,RWF
0.releases.1161.contracts.0,0.releases.1161,0,C1016621172025000043,e46258cc-539a-4cdb-8977-ee9b0e5aac56,Tender for the  Airtime and space in different media platforms,Framework contract,active,2026-01-09T00:00:00Z,2026-01-09T00:00:00Z,2027-01-09T00:00:00Z,365,4804431,RWF
0.releases.1162.contracts.0,0.releases.1162,0,C1016621172025000056,04bb1c9f-3a1a-4597-b834-1ddbea0957d7,Tender for the  Airtime and space in different media platforms,Frame work contract,active,2026-01-09T00:00:00Z,2026-01-09T00:00:00Z,2027-01-09T00:00:00Z,365,2973687,RWF
0.releases.1163.contracts.0,0.releases.1163,0,C1016621172025000040,652207b8-c95f-4a61-9e70-1dcae6b784f5,Tender for the  Airtime and space in different media platforms,Frame work,active,2026-01-09T00:00:00Z,2026-01-09T00:00:00Z,2027-01-09T00:00:00Z,365,1180000,RWF
0.releases.1165.contracts.0,0.releases.1165,0,C1016621172025000039,8018f2ec-f9b0-46d4-bfba-b64c555d58f4,Tender for the  Airtime and space in different media platforms,Frame work contract,active,2026-01-09T00:00:00Z,2026-01-09T00:00:00Z,2027-01-09T00:00:00Z,365,3340920,RWF
0.releases.1166.contracts.0,0.releases.1166,0,C1016621172025000062,69b40d4f-42ae-41ff-9a2c-d82d1c9ab07e,Tender for the  Airtime and space in different media platforms,Frame work contract,active,2026-01-09T00:00:00Z,2026-01-09T00:00:00Z,2027-01-09T00:00:00Z,365,4220270,RWF
0.releases.1167.contracts.0,0.releases.1167,0,C1017429782025000012,8585a0a3-129e-4066-b444-a7b10cf1964c,Tender for purchase of materials needed and piping system from the Oxgen Plant in Byumba Hospital,"This contract for Purchase of materials needed and piping system from the Oxygen Plant in Byumba Hospital is a regular contract. 

The delivery period  of the contract including installation  period  committed by Assysa ltd  is 30 days  after receiving purchase order. Therefore, the Delivery planning period will not be exceeding sixty (60) days after reception of purchase order. Beyond that time penalties will be applied.

However, ASSYSA Ltd must inform the purchaser (Logistics of Byumba Hospital) one day before the arrival of the supplies so that he can organize this reception with head of services. 

The place of delivery shall be at Head quarter of Byumba Level Two Teaching Hospital (using DDP Incoterms). Beyond that period the penalties will be applied.

The  total amount of this contract is twenty-two million six hundred ninety-five thousand and five hundred (23,695,500Frw)  all taxes inclusive where applicable.
The Successful Bidder/ASSYSA Ltd confirm that its technical team will be able to provide all required intervention after installation within 12 months, and  will submit the performance security equivalent to 10% of the contract amount and committed that during execution of the contract he will respect all conditions of contract and  the specifications as required in tender document.",pending,2026-01-05T00:00:00Z,2026-01-05T00:00:00Z,2026-02-28T00:00:00Z,54,22695500,RWF
0.releases.1168.contracts.0,0.releases.1168,0,C1013389972026000001,decf410c-8493-4ded-a711-445c76eb01a1,Supply of pregnant heifers One Cow Per Poor  Family Program,,pending,2026-01-05T00:00:00Z,2026-01-05T00:00:00Z,2026-05-04T00:00:00Z,119,21420000,RWF
0.releases.1169.contracts.0,0.releases.1169,0,C1016621172025000038,fdc54f6a-5017-4cb5-b685-7f5f8accd5b4,Tender for the  Airtime and space in different media platforms,Frame work contract,active,2026-01-09T00:00:00Z,2026-01-09T00:00:00Z,2027-01-09T00:00:00Z,365,5104900,RWF
0.releases.1170.contracts.0,0.releases.1170,0,C1016621172025000029,ff4feeb1-74f3-499b-996a-23cb8281347f,Tender for the  Airtime and space in different media platforms,Frame work contract,active,2026-01-09T00:00:00Z,2026-01-09T00:00:00Z,2027-01-09T00:00:00Z,365,1258200,RWF
0.releases.1171.contracts.0,0.releases.1171,0,C1016621172025000030,10cc6ee5-ac07-40fc-949c-e267376411ad,Tender for the  Airtime and space in different media platforms,Frame work Contract,active,2026-01-09T00:00:00Z,2026-01-09T00:00:00Z,2027-01-09T00:00:00Z,365,3723600,RWF
0.releases.1172.contracts.0,0.releases.1172,0,C1016621172025000031,fcb859dd-903b-4b51-9e85-8417fe6b351d,Tender for the  Airtime and space in different media platforms,Frame work contract,active,2026-01-09T00:00:00Z,2026-01-09T00:00:00Z,2027-01-09T00:00:00Z,365,3271300,RWF
0.releases.1173.contracts.0,0.releases.1173,0,C1016621172025000059,f5c0d96c-67dc-4abe-8f27-7dfc9db6bd8f,Tender for the  Airtime and space in different media platforms,Frame work Contract,active,2026-01-09T00:00:00Z,2026-01-09T00:00:00Z,2027-01-09T00:00:00Z,365,227386,RWF
0.releases.1175.contracts.0,0.releases.1175,0,C1014745142025000034,a0be363c-9939-4dc0-9c96-5dbc4c84a729,Provision of codification service,,pending,2026-01-09T00:00:00Z,2026-01-09T00:00:00Z,2027-01-08T00:00:00Z,364,2360,RWF
0.releases.1178.contracts.0,0.releases.1178,0,C1025438562023000010,b50c6c04-3fbc-4166-9060-0ecc8d771aa4,Transport of NCPD Staff in Kigali,ok,pending,2024-01-08T00:00:00Z,2024-01-08T00:00:00Z,2027-01-07T00:00:00Z,1095,47200,RWF
0.releases.1179.contracts.0,0.releases.1179,0,C1025438562023000011,6f6c1735-a2fc-4291-ba49-a94cb9cf876b,Supply of Refreshments to NCPD,ok,pending,2024-01-08T00:00:00Z,2024-01-08T00:00:00Z,2027-01-07T00:00:00Z,1095,93000,RWF
0.releases.1182.contracts.0,0.releases.1182,0,C1013389972025000030,832028c0-6136-4e3e-8b5a-10783349e191,Hotel and Motel services,,pending,2025-12-08T00:00:00Z,2025-12-08T00:00:00Z,2026-12-07T00:00:00Z,364,5281570,RWF
0.releases.1184.contracts.0,0.releases.1184,0,C1006003752024000002,d43add28-e82d-4ed0-a39e-ae1b28877135,"Provision of online media services on on RSB Standardization, Metrology and conformity assessment services (Framework) (Re-advertised).","
This contract is renewed for a period of one year effective from 13/02/2026 up to 12/02/2027.",pending,2024-02-14T00:00:00Z,2024-02-14T00:00:00Z,2027-02-13T00:00:00Z,1095,18585000,RWF
0.releases.1190.contracts.0,0.releases.1190,0,C1018286012026000001,654edb14-3096-4c07-89bc-328bc13ebb3f,Request for quotations for  maintenance and repair HEC's assets,framework,pending,2026-01-05T00:00:00Z,2026-01-05T00:00:00Z,2027-01-04T00:00:00Z,364,3243112,RWF
0.releases.1191.contracts.0,0.releases.1191,0,C1013307382026000008,6490d58e-f0ce-48c8-9654-29ce138e5a7e,"Supply of construction materials, which includes the installation of electrical equipment and water tanks in schools. Framework contract ",,pending,2026-01-07T00:00:00Z,2026-01-07T00:00:00Z,2027-01-06T00:00:00Z,364,1531711,RWF
0.releases.1192.contracts.0,0.releases.1192,0,C1026431582025000017,d4d0255b-ac19-4a54-a72b-dfc7ba202924,Acquisition of Hotel services,,pending,2026-01-09T00:00:00Z,,,,5296500,RWF
0.releases.1194.contracts.0,0.releases.1194,0,C1006003752024000001,b82cb320-4404-4f20-abc7-a3764afca613,"Provision of online media services on on RSB Standardization, Metrology and conformity assessment services (Framework) (Re-advertised).","
This contract is renewed for a period of one year effective from 13/02/2026 up to 12/02/2027.",pending,2024-02-14T00:00:00Z,2024-02-14T00:00:00Z,2026-02-13T00:00:00Z,730,19765000,RWF
0.releases.1196.contracts.0,0.releases.1196,0,C1020432832026000001,657798f7-66e5-4d34-b838-a4ac1148e4fd,"Consultancy Services for Supervision of Urgent Works of Rehabilitation/Repair of Selected Damaged Unpaved Roads in Nyabihu, Musanze & Muhanga Districts, Rwanda.","Consultancy Services for Supervision of Urgent Works of Rehabilitation/Repair of Selected Damaged Unpaved Roads in Nyabihu, Musanze & Muhanga Districts, Rwanda.",pending,2026-01-06T00:00:00Z,2026-01-06T00:00:00Z,2027-04-15T00:00:00Z,464,575611080,RWF
0.releases.1200.contracts.0,0.releases.1200,0,C1014745142023000060,3c7012b8-df5b-4ec2-a55b-10fbb9df780d,Consultancy services for supervision of Construction works to upgrade GS Uwinkomo and TTC Mbuga in Nyamagabe District,Ok,pending,2023-07-10T00:00:00Z,2023-08-10T00:00:00Z,2026-08-10T00:00:00Z,1096,94283180,RWF
0.releases.1201.contracts.0,0.releases.1201,0,C1014745142023000060,3c7012b8-df5b-4ec2-a55b-10fbb9df780d,Consultancy services for supervision of Construction works to upgrade GS Uwinkomo and TTC Mbuga in Nyamagabe District,Ok,pending,2023-07-10T00:00:00Z,2023-08-10T00:00:00Z,2026-08-10T00:00:00Z,1096,94283180,RWF
0.releases.1203.contracts.0,0.releases.1203,0,C1133460762026000001,94d36daa-4d34-44ac-8908-0b6846ebf1aa,Provision of Codification Services to RTB Assets and Equipment,,active,2026-01-09T00:00:00Z,2026-01-09T00:00:00Z,2027-01-09T00:00:00Z,365,1770,RWF
0.releases.1206.contracts.0,0.releases.1206,0,C1013940542025000001,d3fe65ce-a3a4-407b-b20b-a514c42ade97,Framework contract for Provision of security services for REMA (SEISMIC STATION AND REMA BOATS),This contract is for a period of one-year renewable. The Service provider shall not before signature of this contract provide a performance security. Instead a performance declaration commitment letter shall be signed.,pending,2025-01-15T00:00:00Z,2025-01-15T00:00:00Z,2027-01-14T00:00:00Z,729,906240,RWF
0.releases.1207.contracts.0,0.releases.1207,0,C1013511052025000025,8634fd7c-ef6b-4a5f-82a6-05a8a910ccf2,ANIMAL INSEMINATION AND VACCINATION CAMPAIGN THROUGH VETERINARY SANITARY MANDATE,"THIS REFERS TO THE ANNUAL FRAMEWORK CONTRACT  RELATED TO ""ANIMAL INSEMINATION AND VACCINATION CAMPAIGN THROUGH VETERINARY SANITARY MANDATE""",pending,2026-01-07T00:00:00Z,2026-01-07T00:00:00Z,2026-12-22T00:00:00Z,349,8293,RWF
0.releases.1208.contracts.0,0.releases.1208,0,C1014020452026000009,5e66b74a-a331-4ae6-8e3d-b0ea27e5b8df,"provision  of reception services of Burera District during meeting, training, workshop and other events under framework agreement",ok,pending,2026-01-07T00:00:00Z,2026-01-07T00:00:00Z,2027-01-06T00:00:00Z,364,1718000,RWF
0.releases.1209.contracts.0,0.releases.1209,0,C1006003912026000001,d0d3d191-3e30-44cb-aa06-6696c8f213d8,Consultancy services for Proficiency Testing,"-As Performance Security, the supplier will be requested to provide the performance securing declaration in place of the performance security stating that this contract will be well executed as stipulated in contract terms. 
However, a performance security will be requested for each purchase order exceeding 20,000,000 Frw.
- Delivery of goods will only be done after the receipt of the purchase order and the delivery period will not exceed 30 days after reception of each purchase order.
- The framework contract period is one year which may be renewed upon evaluation of satisfactory performance of the supplier and upon agreement of the two parties.",pending,2026-01-08T00:00:00Z,2026-01-08T00:00:00Z,2027-01-05T00:00:00Z,362,19725386.52,RWF
0.releases.1210.contracts.0,0.releases.1210,0,C1014020452026000001,c16332b7-dbac-4599-b84d-57b6f0545126,"provision  of reception services of Burera District during meeting, training, workshop and other events under framework agreement",framework agreement first year,active,2026-01-08T00:00:00Z,2026-01-08T00:00:00Z,2027-01-08T00:00:00Z,365,1341093,RWF
0.releases.1211.contracts.0,0.releases.1211,0,C1014020452026000003,037b3a53-5b9a-40b2-8675-7231d90da704,"provision  of reception services of Burera District during meeting, training, workshop and other events under framework agreement",OK,active,2026-01-08T00:00:00Z,2026-01-08T00:00:00Z,2027-01-08T00:00:00Z,365,1754281,RWF
0.releases.1212.contracts.0,0.releases.1212,0,C1014020452026000008,750f4680-05ff-4a36-acdb-23ec62095c92,"provision  of reception services of Burera District during meeting, training, workshop and other events under framework agreement",ok,pending,2026-01-06T00:00:00Z,2026-01-06T00:00:00Z,2027-01-05T00:00:00Z,364,2055357,RWF
0.releases.1214.contracts.0,0.releases.1214,0,C1018967842025000035,00acb92f-2470-4a86-a94b-49c9b9a7acae,Provide communication facilities to Abunzi ( CUG),,pending,2025-12-24T00:00:00Z,2025-12-24T00:00:00Z,2026-12-18T00:00:00Z,359,950,RWF
0.releases.1218.contracts.0,0.releases.1218,0,C1024201942025000166,ba93e83a-5c0d-457b-971c-beefff64cd6e,"Acquisition of Office equipment, furniture and fittings for RCS Headquarters and all CFs","Acquisition of Office equipment, furniture and fittings for RCS Headquarters and all CFs",pending,2026-01-09T00:00:00Z,2026-01-09T00:00:00Z,2026-04-08T00:00:00Z,89,26833200,RWF
0.releases.1219.contracts.0,0.releases.1219,0,C1020432832026000002,ba480315-6035-45f5-a2e9-ca2e68f05c69,"Consultancy Services for Supervision of Urgent Works of Rehabilitation/Repair of Selected Damaged Unpaved Roads in Nyanza, Gisagara, Ruhango and Kamonyi districts in Rwanda.","Consultancy Services for Supervision of Urgent Works of Rehabilitation/Repair of Selected Damaged Unpaved Roads in Nyanza, Gisagara, Ruhango and Kamonyi districts in Rwanda.",pending,2026-01-07T00:00:00Z,2026-01-07T00:00:00Z,2027-04-16T00:00:00Z,464,247843526,RWF
0.releases.1220.contracts.0,0.releases.1220,0,C1013307382026000007,49610fa6-3c4c-4bf7-a01d-3b5f4de7d763,"Supply of construction materials, which includes the installation of electrical equipment and water tanks in schools. Framework contract ",,pending,2026-01-07T00:00:00Z,2026-01-07T00:00:00Z,2027-01-06T00:00:00Z,364,1512483,RWF
0.releases.1223.contracts.0,0.releases.1223,0,C1203356722025000037,0fd02362-a597-407e-a6b5-939fcebd34d4,Production of Audio Visual Communication Materials ,,active,2026-01-09T00:00:00Z,2026-01-09T00:00:00Z,2027-01-09T00:00:00Z,365,21740000,RWF
0.releases.1224.contracts.0,0.releases.1224,0,C1014949142023000027,35223cb6-fb10-40cb-a26b-8c04f78885d9,Supply of Construction Materials to be used to maintain hospital infrastructure under framework agreements,"This contract is based on framework agreements
the price is based on unit price 
the procuring entity shall occurred the purchasing order and delivered  within 3 days after receiving purchasing order according to the needs",pending,2026-01-09T00:00:00Z,2026-01-12T00:00:00Z,2027-01-11T00:00:00Z,364,3023101,RWF
0.releases.1225.contracts.0,0.releases.1225,0,C1014354632026000001,c1dffb7c-1387-4132-b3f5-deedce7ea161,Maintenance and Repairs of Vehicles and Motorbikes,,pending,2026-01-06T00:00:00Z,2026-01-06T00:00:00Z,2027-01-04T00:00:00Z,363,29622600,RWF
0.releases.1226.contracts.0,0.releases.1226,0,C1014949142023000027,35223cb6-fb10-40cb-a26b-8c04f78885d9,Supply of Construction Materials to be used to maintain hospital infrastructure under framework agreements,"This contract is based on framework agreements
the price is based on unit price 
the procuring entity shall occurred the purchasing order and delivered  within 3 days after receiving purchasing order according to the needs",active,2026-01-09T00:00:00Z,2026-01-12T00:00:00Z,2027-01-11T00:00:00Z,364,3023101,RWF
0.releases.1227.contracts.0,0.releases.1227,0,C1018967842025000033,6717475a-1575-435d-9fe1-5ef28ebf6e53,Hiring a consultant to provide international legal services and representation to the Government of Rwanda UK case,"Belinda's bank account is included in the contract upon the request of consultant, Hence with respect to invoicing and payment, the invoice should be issued by Lord Verdirame as the contracting party, and it should clearly distinguish the amount payable to his account from the amount payable to Belinda’  account.",pending,2026-01-06T00:00:00Z,2026-01-06T00:00:00Z,2026-09-30T00:00:00Z,267,910165870,RWF
0.releases.1228.contracts.0,0.releases.1228,0,C1036831012024000001,07bf6fa8-baed-44af-943e-a8de36ec6ebf,Provision of Sport services,This is a framework contract of Sport services for a period of one year which may be renewed upon satisfactory of performance of the supplier.,active,2024-01-31T00:00:00Z,2024-01-31T00:00:00Z,2027-01-30T00:00:00Z,1095,45000,RWF
0.releases.1243.contracts.0,0.releases.1243,0,C1014493222025000040,329945f6-f9b1-473e-8c63-f11d4ea6cd47,SUPPLY OF DIFFERENT REQUIREMENTS FOR REINFORCEMENT IN FPU PHASE III,"The object of this contract is to supply different requirements for reinforcement in FPU Phase III (Lot 1: SUPPLY OF GENERATORS).

The contract is at total price of 274,931,303Frw taxes and custom duties inclusive and the performance security shall be 6% of the contract value.

The contract shall be conducted for a period of One hundred fifty (150) days starting from the date of contract signing by all concerned parties.

The place of delivery shall be: DDP Bangui, Bangassou & Kaga Bandola – Republic of Central Africa (RCA) and DDP Juba & Malakal - South Soudan as per article 11 of the contract.
",active,2026-01-09T00:00:00Z,2026-01-09T00:00:00Z,2026-06-09T00:00:00Z,151,274931304,RWF
0.releases.1244.contracts.0,0.releases.1244,0,C1013980242024000001,94ad35d0-4a70-4060-b13b-b805f4e90d34,"Supply of Water and electricity, Lot I: Electricity",This  contract Amendment is framework agreement. shall be renewable  and renewal quotation will respect RURA / EUCL tariff + discount,pending,2026-01-16T00:00:00Z,2026-01-16T00:00:00Z,2027-01-15T00:00:00Z,364,217,RWF
0.releases.1245.contracts.0,0.releases.1245,0,C1013307382026000008,6490d58e-f0ce-48c8-9654-29ce138e5a7e,"Supply of construction materials, which includes the installation of electrical equipment and water tanks in schools. Framework contract ",,active,2026-01-09T00:00:00Z,2026-01-09T00:00:00Z,2027-01-09T00:00:00Z,365,1531711,RWF
0.releases.1246.contracts.0,0.releases.1246,0,C1013307382026000007,49610fa6-3c4c-4bf7-a01d-3b5f4de7d763,"Supply of construction materials, which includes the installation of electrical equipment and water tanks in schools. Framework contract ",,active,2026-01-09T00:00:00Z,2026-01-09T00:00:00Z,2027-01-09T00:00:00Z,365,1512483,RWF
0.releases.1248.contracts.0,0.releases.1248,0,C1017353772025000013,a198d892-b172-4dc0-a787-c0494420e3ce,"Refiling, Supply and Repair of RP Kigali College Fire extinguisher (framework contract","1.The quantity to be supplied Will be determined on Purchase order.
2. Supplier shall supply all quantities of Purchase Order in Fifteen (15) days after receiving Purchase order.
3. Performance security of 10% shall be requested to the value of purchase order above Twenty million (20,000,000 Rwf).
4.The supplier will supply goods comply with the requirements specification as specified in technical specification which are in Bidding Document. 
5.Prices shall not be revised during the execution of this contract or any extension.",pending,2025-12-29T00:00:00Z,2025-12-29T00:00:00Z,2026-12-21T00:00:00Z,357,5031740,RWF
0.releases.1250.contracts.0,0.releases.1250,0,C1033694802025000034,e6b7a795-e4ed-44d3-9d1a-1215494b3b4f,SUPPLY AND INSTALLATION OF NETWORK EQUIPMENT AND DEVICES ( FRAMEWORK CONTRACT),This is the framework contract for Supply and installation of network equipment and devices ( Framework contract).,pending,2025-07-31T00:00:00Z,2025-07-31T00:00:00Z,2026-07-31T00:00:00Z,365,319209262,RWF
0.releases.1251.contracts.0,0.releases.1251,0,C1024201942025000166,ba93e83a-5c0d-457b-971c-beefff64cd6e,"Acquisition of Office equipment, furniture and fittings for RCS Headquarters and all CFs","Acquisition of Office equipment, furniture and fittings for RCS Headquarters and all CFs",active,2026-01-09T00:00:00Z,2026-01-09T00:00:00Z,2026-04-09T00:00:00Z,90,26833200,RWF
0.releases.1259.contracts.0,0.releases.1259,0,C1006004482023000009,587cffbd-de2f-44e9-b452-6c9ee265bdb8,CONSULTANCY SERVICES FOR IMPLEMENTING SMS GETAWAY IN RURA,The purpose of renewing the contract for Consultancy Services for Implementing SMS Gateway in RURA is primarily to ensure the continued provision of SMS Notification Services in line with the  provision of this contract.,pending,2023-10-20T00:00:00Z,2023-10-20T00:00:00Z,2026-10-19T00:00:00Z,1095,10000008,RWF
0.releases.1260.contracts.0,0.releases.1260,0,C1026698212025000011,f6bfa361-584f-4d96-bda8-1b96a4e3d5c4,SUPPLY OF SPARE PARTS FOR INFRASTRUCTURE MAINTENANCE,"The contract for SUPPLY OF SPARE PARTS FOR INFRASTRUCTURE MAINTENANCE is in unit price under frame work agreement.
The contract duration is one year and may be renewed depending on satisfactory performance of the Supplier.
Delivery will depend on purchase order sent by Procuring Entity (Purchaser).
The performance security is not required; the supplier submits the performance securing declaration commitment.
Delivery period is 10 days.",active,2026-01-09T00:00:00Z,2026-01-09T00:00:00Z,2027-01-09T00:00:00Z,365,6178610,RWF
0.releases.1262.contracts.0,0.releases.1262,0,C1026698212026000001,4cf39418-5e69-421f-8464-e1870e68240f,Construction  of  public pit latrines in hospitalisation,"The duration of contract is 3 Months.
The commencement of works will begin on the date of signed final contract.
The payment shall be made within 45 days following receipt of a complete invoice and Payment will be as follows.
construction works will be paid after provisional acceptance of works.
The performance security is not required; the supplier submits the performance securing declaration commitment.
",active,2026-01-09T00:00:00Z,2026-01-09T00:00:00Z,2026-04-09T00:00:00Z,90,8237084,RWF
0.releases.1263.contracts.0,0.releases.1263,0,C1013511052025000025,8634fd7c-ef6b-4a5f-82a6-05a8a910ccf2,ANIMAL INSEMINATION AND VACCINATION CAMPAIGN THROUGH VETERINARY SANITARY MANDATE,"THIS REFERS TO THE ANNUAL FRAMEWORK CONTRACT  RELATED TO ""ANIMAL INSEMINATION AND VACCINATION CAMPAIGN THROUGH VETERINARY SANITARY MANDATE""",active,2026-01-09T00:00:00Z,2026-01-09T00:00:00Z,2027-01-09T00:00:00Z,365,8293,RWF
0.releases.1266.contracts.0,0.releases.1266,0,C1017749252026000001,d55bcc61-ee36-4c37-8fba-997d001b0f7c,Provision of Audio Visual production services,"This tender is under framework agreement payment will depend to the services that will be provided by services provider.

The prices of all items are including in attached price schedules. ",pending,2026-01-09T00:00:00Z,2026-01-09T00:00:00Z,2027-01-08T00:00:00Z,364,12186400,RWF
0.releases.1267.contracts.0,0.releases.1267,0,C1014030752025000002,762a02ea-64c3-4efc-b4a4-2a0bb28bde83,supply of pigs,The contract will be a framework and may be renewed twice depending on satisfactory performance of the Supplier and available budget,pending,2025-01-09T00:00:00Z,2025-01-09T00:00:00Z,2027-01-08T00:00:00Z,729,641380,RWF
0.releases.1271.contracts.0,0.releases.1271,0,C1131711962025000001,ebf8aadd-39ec-48a5-ae40-a9dd66c0d0d5,Supply of ibiribwa by'Inyambo,"The agreement shall be initially signed for one (1) year and may be renewed twice depending on satisfactory performance of the Supplier.
-The Initial contract for Supply of ibiribwa by'Inyambo is hereby extended for the period of one (1) year  effective from 16th January  2026, to 15th January 2027",pending,2026-01-16T00:00:00Z,2026-01-16T00:00:00Z,2027-01-15T00:00:00Z,364,65000,RWF
0.releases.1272.contracts.0,0.releases.1272,0,C1013389972023000033,ffe973a8-4c57-482b-b027-d4617788ac23,Assets Valuation and Properties Expropriation,,active,2024-01-08T00:00:00Z,2024-01-08T00:00:00Z,2027-01-07T00:00:00Z,1095,105,RWF
0.releases.1273.contracts.0,0.releases.1273,0,C1013307382026000009,da9dfb81-9569-41ce-bf2f-d06d1ab75991,"Tender for greening, gardening and planting trees on demand",,pending,2026-01-08T00:00:00Z,2026-01-08T00:00:00Z,2027-01-07T00:00:00Z,364,200718,RWF
0.releases.1278.contracts.0,0.releases.1278,0,C1016390162025000011,d5306530-b89d-4fd1-b7fa-5a0929f403e0,Tender of purchase Mineral water for staff and others,"This Contract shall be executed in strict compliance with all clauses, terms, and conditions set forth in the Tender Documents, the Price Schedule, and the Price Negotiation Report. These documents form an integral part of this Contract and shall govern the rights and obligations of the Parties.",active,2026-01-07T00:00:00Z,2026-01-07T00:00:00Z,2027-01-07T00:00:00Z,365,224710,RWF
0.releases.1280.contracts.0,0.releases.1280,0,C1006004482026000001,9542ff4e-a21f-4d85-a0aa-6ee4cede1257,"Hiring a Human Resource (HR) Firm for Talent Acquisition, HR Policy Development, Training and Development Services in a framework manner","The aim of this contract is to provide Talent Acquisition, HR Policy Development, Training and Development Services in a framework manner",pending,2026-01-09T00:00:00Z,2026-01-09T00:00:00Z,2027-01-06T00:00:00Z,362,23010000,RWF
0.releases.1281.contracts.0,0.releases.1281,0,C1018967842025000033,6717475a-1575-435d-9fe1-5ef28ebf6e53,Hiring a consultant to provide international legal services and representation to the Government of Rwanda UK case,"Belinda's bank account is included in the contract upon the request of consultant, Hence with respect to invoicing and payment, the invoice should be issued by Lord Verdirame as the contracting party, and it should clearly distinguish the amount payable to his account from the amount payable to Belinda’  account.",pending,2026-01-06T00:00:00Z,2026-01-06T00:00:00Z,2026-09-30T00:00:00Z,267,910165870,RWF
0.releases.1282.contracts.0,0.releases.1282,0,C1018967842025000035,00acb92f-2470-4a86-a94b-49c9b9a7acae,Provide communication facilities to Abunzi ( CUG),,active,2026-01-09T00:00:00Z,2026-01-09T00:00:00Z,2027-01-09T00:00:00Z,365,950,RWF
0.releases.1283.contracts.0,0.releases.1283,0,C1006004482026000001,9542ff4e-a21f-4d85-a0aa-6ee4cede1257,"Hiring a Human Resource (HR) Firm for Talent Acquisition, HR Policy Development, Training and Development Services in a framework manner","The aim of this contract is to provide Talent Acquisition, HR Policy Development, Training and Development Services in a framework manner",active,2026-01-09T00:00:00Z,2026-01-09T00:00:00Z,2027-01-09T00:00:00Z,365,23010000,RWF
0.releases.1284.contracts.0,0.releases.1284,0,C1014060982025000024,53384d2c-8d23-4f5b-b562-06c4ca73361f,Provide transport service for Gicumbi District staff,Performance security will be required for purchase order exceeding 20 million,pending,2025-10-28T00:00:00Z,2025-10-28T00:00:00Z,2026-10-28T00:00:00Z,365,15199760,RWF
0.releases.1292.contracts.0,0.releases.1292,0,C1116785842026000001,7f99eb49-c11a-43ca-ba4c-dd1b2d7ea968,"Provision of Hotel services (3 stars, 2 stars and 1 star) under framework",It is a framework contract,pending,2026-01-10T00:00:00Z,2026-01-10T00:00:00Z,2027-01-09T00:00:00Z,364,4221000,RWF
0.releases.1293.contracts.0,0.releases.1293,0,C1022690082024000015,fb87e24c-97d2-472a-89e8-092c208d2cda,Supervision of Completion of the construction works of two workshops and Construction of classrooms at Mutobo VTC in Musanze District,"The purpose of this amendment is to extend the contract duration by Three (3) months from 15/12/2025.

Consultant is requested to update a performance security to cover extended period ",active,2024-11-12T00:00:00Z,2025-07-15T00:00:00Z,2026-03-14T00:00:00Z,242,40000000,RWF
0.releases.1294.contracts.0,0.releases.1294,0,C1116785842026000002,689109a2-b024-49b4-8c54-e821200559a5,"Provision of Hotel services (3 stars, 2 stars and 1 star) under framework",It is a framework contract ,pending,2026-01-10T00:00:00Z,2026-01-10T00:00:00Z,2027-01-09T00:00:00Z,364,3054180,RWF
0.releases.1295.contracts.0,0.releases.1295,0,C1131711962025000002,325699f8-7b77-42e2-8fd2-11478b04c252,Codification of RCHA 'assets,"The agreement shall be initially signed for one (1) year and may be renewed twice depending on satisfactory performance of the Supplier.
-The Initial contract for Codification of RCHA 'assets is hereby extended for the period of one (1) year  effective from 21th January  2026, to 20th January 2027",pending,2026-01-21T00:00:00Z,2026-01-21T00:00:00Z,2027-01-20T00:00:00Z,364,1416,RWF
0.releases.1297.contracts.0,0.releases.1297,0,C1014493222025000011,d628d0fd-c960-4721-9d84-95243be75443,SUPPLY OF SOLAR HOME SYSTEMS & ACCESSORIES AND INSTALLATION ON FRAMEWORK AGREEMENT RE-LAUNCH,"Considering that the initial framework agreement was satisfactorily executed, both parties agree to renew the contract for a period of one (01) year on counted from 04/02/2026 to 04/02/2027.
The performance guarantee shall be provided only upon reception of the purchase order exceeding 20,000,000 Frw as per procurement regulations.
Notwithstanding the date of signature, this framework agreement takes effect from 04/02/2026.",active,2025-02-04T00:00:00Z,2026-02-04T00:00:00Z,2027-02-04T00:00:00Z,365,137470,RWF
0.releases.1298.contracts.0,0.releases.1298,0,C1014493222025000008,6ac59da2-7a74-428f-8699-9cf48b768dd7,PROVISION OF  AWARENESS MEDIA SERVICES  ON FRAMEWORK AGREEMENT,"Considering that the initial framework agreement was satisfactorily executed, both parties agree to renew the contract for a period of one (01) year on counted from 04/02/2026 to 04/02/2027.
The performance guarantee shall be provided only upon reception of the purchase order exceeding 20,000,000 Frw as per procurement regulations.
Notwithstanding the date of signature, this framework agreement takes effect from 04/02/2026.",active,2025-02-04T00:00:00Z,2026-02-04T00:00:00Z,2027-02-04T00:00:00Z,365,17700000,RWF
0.releases.1299.contracts.0,0.releases.1299,0,C1014493222025000015,cc76405a-9bb7-4966-bd86-1b2e76f3c968,SERVICE FOR MAINTENANCE OF ELEVATOR  FOR RNP ON FRAMEWORK AGREEMENT,"Considering that the initial framework agreement was satisfactorily executed, both parties agree to renew the contract for a period of one (01) year on counted from 03/02/2026 to 03/02/2027.
The performance guarantee shall be provided only upon reception of the purchase order exceeding 20,000,000 Frw as per procurement regulations.
Notwithstanding the date of signature, this framework agreement takes effect from 03/02/2026.",active,2025-02-10T00:00:00Z,2026-02-03T00:00:00Z,2027-02-03T00:00:00Z,365,1350000,RWF
0.releases.1300.contracts.0,0.releases.1300,0,C1014493222025000010,ce2260db-5a24-4aa2-a7cd-b124a73f6c55,SERVICE FOR MAINTENANCE OF ELEVATOR  FOR RNP ON FRAMEWORK AGREEMENT,"Considering that the initial framework agreement was satisfactorily executed, both parties agree to renew the contract for a period of one (01) year on counted from 05/02/2026 to 05/02/2027.
The performance guarantee shall be provided only upon reception of the purchase order exceeding 20,000,000 Frw as per procurement regulations.
Notwithstanding the date of signature, this framework agreement takes effect from 05/02/2026.
",active,2025-02-05T00:00:00Z,2026-02-05T00:00:00Z,2027-02-05T00:00:00Z,365,9522742,RWF
0.releases.1301.contracts.0,0.releases.1301,0,C1116785842026000003,a77c9291-6f07-43d3-b97a-21e974ffde27,"Provision of Hotel services (3 stars, 2 stars and 1 star) under framework",It is a framework contract,pending,2026-01-10T00:00:00Z,,,,2498378,RWF
0.releases.1302.contracts.0,0.releases.1302,0,C1014030752025000039,9bbe69dc-7668-410e-a907-4c17f1c8e795,  Supply of Productive assets,This framework contract may be renewed twice depending on satisfactory performance of the Supplier.,pending,2026-01-05T00:00:00Z,2026-01-05T00:00:00Z,2026-12-30T00:00:00Z,359,2655934,RWF
0.releases.1303.contracts.0,0.releases.1303,0,C1014030752025000039,9bbe69dc-7668-410e-a907-4c17f1c8e795,  Supply of Productive assets,This framework contract may be renewed twice depending on satisfactory performance of the Supplier.,pending,2026-01-05T00:00:00Z,2026-01-05T00:00:00Z,2026-12-30T00:00:00Z,359,2655934,RWF
0.releases.1304.contracts.0,0.releases.1304,0,C1014030752025000002,762a02ea-64c3-4efc-b4a4-2a0bb28bde83,supply of pigs,The contract will be a framework and may be renewed twice depending on satisfactory performance of the Supplier and available budget,active,2025-01-09T00:00:00Z,2025-01-09T00:00:00Z,2027-01-08T00:00:00Z,729,641380,RWF
0.releases.1305.contracts.0,0.releases.1305,0,C1018084802026000001,7a232c96-b2e8-41f6-be7f-b90c0333880f,Tender for Hospital Vehicles and Moto's Tyres,Framework contract of one year,pending,2026-01-10T00:00:00Z,2026-01-10T00:00:00Z,2027-01-09T00:00:00Z,364,2660000,RWF
0.releases.1306.contracts.0,0.releases.1306,0,C1013940542026000003,3f1cda63-579f-4978-890e-b451063233f0,Consultant services  to conduct a  study on Inventory of  air pollution sources  in Rwanda,This contract is valid for a period of Eight (08) months starting from the date of signing of this contract by both parties,pending,2026-01-10T00:00:00Z,2026-01-10T00:00:00Z,2026-09-09T00:00:00Z,242,173800000,RWF
0.releases.1307.contracts.0,0.releases.1307,0,C1013940542026000003,3f1cda63-579f-4978-890e-b451063233f0,Consultant services  to conduct a  study on Inventory of  air pollution sources  in Rwanda,This contract is valid for a period of Eight (08) months starting from the date of signing of this contract by both parties,pending,2026-01-10T00:00:00Z,2026-01-10T00:00:00Z,2026-09-09T00:00:00Z,242,173800000,RWF
0.releases.1308.contracts.0,0.releases.1308,0,C1013389972025000031,ba0443e6-5c5b-4166-97ef-7dfbeed1317d,Construction of Nyamata Health Center,,pending,2025-12-11T00:00:00Z,2025-12-11T00:00:00Z,2027-06-10T00:00:00Z,546,2976070297,RWF
0.releases.1309.contracts.0,0.releases.1309,0,C1074264222024000053,4e2782d4-5c97-4e0e-a4bd-4583bc73d128,Provision of maritime transport across lake Kivu,First contract extension.,pending,2026-01-14T00:00:00Z,2026-01-14T00:00:00Z,2027-01-13T00:00:00Z,364,1059528,RWF
0.releases.1311.contracts.0,0.releases.1311,0,C1013389972025000030,832028c0-6136-4e3e-8b5a-10783349e191,Hotel and Motel services,,active,2026-01-09T00:00:00Z,2026-01-09T00:00:00Z,2027-01-09T00:00:00Z,365,5281570,RWF
0.releases.1312.contracts.0,0.releases.1312,0,C1022690082026000002,e9a3d2ad-1fad-4d6f-bcf5-84f032d283bc,Consultancy services for design and supervision of urgent government constriction projects countrywide,The Contract shall start after signature by all parties. The consultant shall submit the performance Security when he/she will be given a service order which is beyond 20 Million Rwandan francs.,active,2026-01-10T00:00:00Z,2026-01-10T00:00:00Z,2027-01-10T00:00:00Z,365,15488000,RWF
0.releases.1313.contracts.0,0.releases.1313,0,C1022690082026000002,e9a3d2ad-1fad-4d6f-bcf5-84f032d283bc,Consultancy services for design and supervision of urgent government constriction projects countrywide,The Contract shall start after signature by all parties. The consultant shall submit the performance Security when he/she will be given a service order which is beyond 20 Million Rwandan francs.,active,2026-01-10T00:00:00Z,2026-01-10T00:00:00Z,2027-01-10T00:00:00Z,365,15488000,RWF
0.releases.1314.contracts.0,0.releases.1314,0,C1006003912025000032,a80ec27e-8227-4dc1-a68d-6ce59cb78873,Supply of Cleaning& Hygiene materials,"-As Performance Security, the supplier will be requested to provide the performance securing declaration in place of the performance security stating that this contract will be well executed as stipulated in contract terms. 
However, a performance security will be requested for each purchase order exceeding 20,000,000 Frw.
- Delivery of goods will only be done after the receipt of the purchase order and the delivery period will not exceed 30 days after reception of each purchase order.
- The framework contract period is one year which may be renewed upon evaluation of satisfactory performance of the supplier and upon agreement of the two parties.",active,2026-01-10T00:00:00Z,2026-01-10T00:00:00Z,2027-01-10T00:00:00Z,365,2440123,RWF
0.releases.1315.contracts.0,0.releases.1315,0,C1006003912025000031,588a19b1-a5dd-4fca-9d76-4f8b0c7c6a13,Supply of Cleaning& Hygiene materials,"-As Performance Security, the supplier will be requested to provide the performance securing declaration in place of the performance security stating that this contract will be well executed as stipulated in contract terms. 
However, a performance security will be requested for each purchase order exceeding 20,000,000 Frw.
- Delivery of goods will only be done after the receipt of the purchase order and the delivery period will not exceed 30 days after reception of each purchase order.
- The framework contract period is one year which may be renewed upon evaluation of satisfactory performance of the supplier and upon agreement of the two parties.",active,2026-01-10T00:00:00Z,2026-01-10T00:00:00Z,2027-01-10T00:00:00Z,365,67993,RWF
0.releases.1316.contracts.0,0.releases.1316,0,C1006003912026000002,765aed58-e683-4bc2-86f7-d65573d745e3,Supply of Hemodialysis consumables for NIPPRO Machines/ Medical consumables (Retendered),"-As Performance Security, the supplier will be requested to provide the performance securing declaration in place of the performance security stating that this contract will be well executed as stipulated in contract terms. 
However, a performance security will be requested for each purchase order exceeding 20,000,000 Frw.
- Delivery of goods will only be done after the receipt of the purchase order and the delivery period will not exceed 60 days after reception of each purchase order.
- The framework contract period is one year which may be renewed upon evaluation of satisfactory performance of the supplier and upon agreement of the two parties.",active,2026-01-10T00:00:00Z,2026-01-10T00:00:00Z,2027-01-10T00:00:00Z,365,449000,RWF
0.releases.1317.contracts.0,0.releases.1317,0,C1018236932025000027,4828bcc9-ec2d-415d-a809-f4b7b52cc750,Re advertising of Tender Supply of Agricultural Inputs ,The contract period is one year renewable.  Renewing will depend on decision of contracting parties. items to be purchased under this contract will be determined by purchase order done during the contract period ,pending,2025-12-30T00:00:00Z,2025-12-30T00:00:00Z,2026-12-21T00:00:00Z,356,6226,RWF
0.releases.1318.contracts.0,0.releases.1318,0,C1018236932025000027,4828bcc9-ec2d-415d-a809-f4b7b52cc750,Re advertising of Tender Supply of Agricultural Inputs ,The contract period is one year renewable.  Renewing will depend on decision of contracting parties. items to be purchased under this contract will be determined by purchase order done during the contract period ,pending,2025-12-30T00:00:00Z,2025-12-30T00:00:00Z,2026-12-21T00:00:00Z,356,6226,RWF
0.releases.1319.contracts.0,0.releases.1319,0,C1006003752025000002,563e6e01-0ce3-45f6-a080-1cbd973d16b0,Supply and installation of office furniture for Rwanda Standards Board (framework contract),This contract will be renewed for a period of one year from 16/01/2026 up to 15/01/2027,pending,2025-01-16T00:00:00Z,2025-01-16T00:00:00Z,2027-01-15T00:00:00Z,729,6277600,RWF
0.releases.1320.contracts.0,0.releases.1320,0,C1116785842026000004,f824e6be-d1c3-4ce3-a77b-b60ac86ae2c4,"Provision of Hotel services (3 stars, 2 stars and 1 star) under framework",,pending,2026-01-11T00:00:00Z,2026-01-11T00:00:00Z,2027-01-10T00:00:00Z,364,2813900,RWF
0.releases.1323.contracts.0,0.releases.1323,0,C1078616252025000020,fc937cfc-db78-4014-bf4c-0ea7ffab57a1,Provision of Catering Services for RFI Staff,"This is a framework agreement valid for one year, with the possibility of being renewed twice.

Orders under this framework agreement will be placed on a monthly basis.

A performance security is required only if the value of a purchase order exceeds FRW 20,000,000, in accordance with Article 109 of Ministerial Order n° 001/23/10/TC of 10/10/2023, which establishes regulations governing public procurement.

For purchase orders not exceeding FRW 20,000,000, performance security is not required. However, the successful bidder will still be required to submit a performance securing declaration.",pending,2025-12-18T00:00:00Z,2025-12-18T00:00:00Z,2026-12-07T00:00:00Z,354,41500,RWF
0.releases.1324.contracts.0,0.releases.1324,0,C1116785842026000005,5acd0f7d-2e9f-47a5-9032-1a90866f5fa0,"Provision of Hotel services (3 stars, 2 stars and 1 star) under framework",,pending,2026-01-11T00:00:00Z,,,,2873190,RWF
0.releases.1326.contracts.0,0.releases.1326,0,C1024203812026000003,f270fa50-b49c-47e2-976c-24155660b5e0,Tender for framework contract for supply of promotional materials,Framework contract for supply of promotional materials,pending,2026-01-11T00:00:00Z,2026-01-11T00:00:00Z,2027-01-10T00:00:00Z,364,314234,RWF
0.releases.1327.contracts.0,0.releases.1327,0,C1015410272026000001,5c73cf31-d4c9-4190-b867-727ce3577230,Establishment of framework agreement for supply of stationnairies(office supplies),"Aya masezerano azamara umwaka ushobora kongerwa mugihe hagendewe kuri report ya ender user department (logistic officer) akagaragaza uko rwiyemezamirimo yakoze mugihe cy'umwaka.
agaciro k'isoko kazagendera kuri purchase order kubera rako iyi contract ni frame work.the performance security is not required for this tender,because  all tender tenders whose amount does not exceed RFW 20,000,000 and tenders fromework agreements when the purchase order value does not exceed FRW 20,000,000.however,the successful bidder will submit the perfomance  seccuring declaration.",pending,2026-01-11T00:00:00Z,2026-01-11T00:00:00Z,2027-01-10T00:00:00Z,364,1612492,RWF
0.releases.1328.contracts.0,0.releases.1328,0,C1015410272025000001,3bff29e7-44e1-4774-9e33-cc4b15147b2f,"To maintain ,repair and rehabilitate hospital infrastructure (including water supply system, hospital building)","This contract is frame work, using the purchase order.
amendment 1",pending,2025-01-16T00:00:00Z,2025-01-16T00:00:00Z,2026-01-16T00:00:00Z,365,1544620,RWF
0.releases.1329.contracts.0,0.releases.1329,0,C1116785842026000006,8084a050-7bc0-447a-ae3c-7d6280212866,"Provision of Hotel services (3 stars, 2 stars and 1 star) under framework",It is a framework contract,pending,2026-01-11T00:00:00Z,2026-01-11T00:00:00Z,2027-01-10T00:00:00Z,364,3176181,RWF
0.releases.1331.contracts.0,0.releases.1331,0,C1024326722026000004,38d16172-e266-44b8-af32-cb35e2f1eef6,"Supply of pig, chicken, rabbits  veterinary drugs( Re-advertisement)",,pending,2026-01-09T00:00:00Z,2026-01-09T00:00:00Z,2027-01-08T00:00:00Z,364,7512680,RWF
0.releases.1332.contracts.0,0.releases.1332,0,C1024326722026000004,38d16172-e266-44b8-af32-cb35e2f1eef6,"Supply of pig, chicken, rabbits  veterinary drugs( Re-advertisement)",,pending,2026-01-09T00:00:00Z,2026-01-09T00:00:00Z,2027-01-08T00:00:00Z,364,7512680,RWF
0.releases.1333.contracts.0,0.releases.1333,0,C1031240742024000003,2ed930c1-7cee-4b5d-a3ea-0646b69dc8cc,Execution works of ravines rehabilitation in and around Kiziba and Gihembe refugee camps,This is the second amendment to the initial contract.,pending,2024-05-29T00:00:00Z,2024-05-29T00:00:00Z,2026-03-29T00:00:00Z,669,2038541309,RWF
0.releases.1334.contracts.0,0.releases.1334,0,C1033726202025000038,df48ae0c-a812-47e1-9af3-2c5076664b4c,Car wash services for EDCL Vehicles under framework contract (Re-advertisement),This contract will be effective while approved by the CBM,pending,2025-12-11T00:00:00Z,2025-12-11T00:00:00Z,2026-12-02T00:00:00Z,356,95413,RWF
0.releases.1335.contracts.0,0.releases.1335,0,C1018236932025000027,4828bcc9-ec2d-415d-a809-f4b7b52cc750,Re advertising of Tender Supply of Agricultural Inputs ,The contract period is one year renewable.  Renewing will depend on decision of contracting parties. items to be purchased under this contract will be determined by purchase order done during the contract period ,pending,2026-01-11T00:00:00Z,2026-01-11T00:00:00Z,2026-12-21T00:00:00Z,344,6226,RWF
0.releases.1338.contracts.0,0.releases.1338,0,C1024201942025000161,73fd31a3-970a-4dee-b8f6-0356fa16aac3,Decoration and related Services for Rwanda Correctional Service Events,,pending,2025-12-15T00:00:00Z,2025-12-15T00:00:00Z,2026-12-14T00:00:00Z,364,3707796,RWF
0.releases.1343.contracts.0,0.releases.1343,0,C1024201942025000160,0787ce7b-f6f9-49d6-a8c0-742bf673c1fb,Decoration and related Services for Rwanda Correctional Service Events,"Decoration and related Services for Rwanda Correctional Service Events, Lot: 3",pending,2025-12-15T00:00:00Z,2025-12-15T00:00:00Z,2026-12-14T00:00:00Z,364,3032600,RWF
0.releases.1344.contracts.0,0.releases.1344,0,C1017258792024000017,e66d220a-9cbf-4cc1-b09a-828d0c10c7c7,Upgrading of Cyuve Informal Settlement in Musanze City by Execution Works of Asphalt Roads.,The fourth additional time of forty five (45) days   is due to the delay caused by challenge of expropriation costs for affected properties;  periods of heavy rainfall; change in hydraulic design of drainage. ,active,2025-12-31T00:00:00Z,2025-12-31T00:00:00Z,2026-02-13T00:00:00Z,44,3854034137,RWF
0.releases.1347.contracts.0,0.releases.1347,0,C1116785842026000007,90b1c722-8f54-4922-8b86-b178125c3d5a,"Provision of Hotel services (3 stars, 2 stars and 1 star) under framework",It is a framework contract,pending,2026-01-11T00:00:00Z,2026-01-11T00:00:00Z,2027-01-10T00:00:00Z,364,2737500,RWF
0.releases.1348.contracts.0,0.releases.1348,0,C1017921732023000039,1a01d2ce-25c7-4c2c-9dc1-79fcc18cc787,"Provision of Hotel Service to NPPA in Kigali City (Accommodation, Meeting Rooms, and Outside Catering)/Framework Contract","This is contract for Provision of Hotel Service to NPPA in Kigali City (Accommodation, Meeting Rooms, and Outside Catering)/Framework Contract between NPPA and CENTRE NATIONAL D'EDUCATION TRANSFORMATRICE (CENETRA) Ltd
The Buyer shall pay all sums due to the Service provider to the account and within 45 days after reception of a valid invoice.",pending,2026-01-24T00:00:00Z,2026-01-25T00:00:00Z,2027-01-24T00:00:00Z,364,2554404,RWF
0.releases.1349.contracts.0,0.releases.1349,0,C1017921732023000038,aeb779aa-89ce-41c4-969c-dcfca941169f,"Provision of Hotel Service to NPPA in Kigali City (Accommodation, Meeting Rooms, and Outside Catering)/Framework Contract","This is contract for Provision of Hotel Service to NPPA in Kigali City (Accommodation, Meeting Rooms, and Outside Catering)/Framework Contract between NPPA and NOBLEZA HOTEL LTD

The Buyer shall pay all sums due to the Service provider to the account and within 45 days after reception of a valid invoice.",pending,2026-01-24T00:00:00Z,2026-01-25T00:00:00Z,2027-01-24T00:00:00Z,364,4089280,RWF
0.releases.1350.contracts.0,0.releases.1350,0,C1017921732023000037,8a620cc9-bbae-42bf-8103-ab57a12542c6,"Provision of Hotel Service to NPPA in Kigali City (Accommodation, Meeting Rooms, and Outside Catering)/Framework Contract","This is contract for Provision of Hotel Service to NPPA in Kigali City (Accommodation, Meeting Rooms, and Outside Catering)/Framework Contract between NPPA and HOTEL CHEZ LANDO ""H.C.L"" Ltd

The Buyer shall pay all sums due to the Service provider to the account and within 45 days after reception of a valid invoice.

",pending,2026-01-12T00:00:00Z,2026-01-13T00:00:00Z,2027-01-12T00:00:00Z,364,4657116,RWF
0.releases.1351.contracts.0,0.releases.1351,0,C1017921732023000035,8a4d8a5f-1e16-48aa-aaf8-dde4dc706873,"Provision of Hotel Service to NPPA in Kigali City (Accommodation, Meeting Rooms, and Outside Catering)/Framework Contract","This is contract for Provision of Hotel Service to NPPA in Kigali City (Accommodation, Meeting Rooms, and Outside Catering)/Framework Contract between NPPA and SAINTE FAMILLE HOTELS Ltd

The Buyer shall pay all sums due to the Service provider to the account and within 45 days after reception of a valid invoice.",pending,2026-01-12T00:00:00Z,2026-01-13T00:00:00Z,2027-01-12T00:00:00Z,364,21679963,RWF
0.releases.1352.contracts.0,0.releases.1352,0,C1116785842026000008,23fa551d-56c4-4a56-969e-335c786efe8b,"Provision of Hotel services (3 stars, 2 stars and 1 star) under framework",It is a framework contract,pending,2026-01-11T00:00:00Z,2026-01-11T00:00:00Z,2027-01-10T00:00:00Z,364,12384000,RWF
0.releases.1354.contracts.0,0.releases.1354,0,C1024326722026000005,fe21b27d-dfee-43d1-9fbd-8baec753ced0,Supply and Installation of Plant Growth Thermotherapy chamber,Contract of Supply and Installation of Plant Growth Thermotherapy chamber,pending,2026-01-11T00:00:00Z,2026-01-11T00:00:00Z,2026-08-10T00:00:00Z,211,72500000,RWF
0.releases.1355.contracts.0,0.releases.1355,0,C1006005702025000112,7da7d82d-13c1-4897-8779-2d18e6c0fd49,Supply and installation of SOCLass licenses (Framework contract),Framework Agreement for Supply and installation of SOCLass licenses (Framework contract).,pending,2026-01-08T00:00:00Z,2026-01-08T00:00:00Z,2026-12-10T00:00:00Z,336,348336000,RWF
0.releases.1357.contracts.0,0.releases.1357,0,C1006005702025000112,7da7d82d-13c1-4897-8779-2d18e6c0fd49,Supply and installation of SOCLass licenses (Framework contract),Framework Agreement for Supply and installation of SOCLass licenses (Framework contract).,pending,2026-01-08T00:00:00Z,2026-01-08T00:00:00Z,2026-12-10T00:00:00Z,336,348336000,RWF
0.releases.1358.contracts.0,0.releases.1358,0,C1006005702025000113,7cd6373a-972d-4214-84f1-87e89d9335d9,Provision of annual repair and maintenance of RRA Water dispensers (framework contract).,Contract for Provision of annual repair and maintenance of RRA Water dispensers (framework contract),active,2026-01-09T00:00:00Z,2026-01-09T00:00:00Z,2027-01-09T00:00:00Z,365,433600,RWF
0.releases.1359.contracts.0,0.releases.1359,0,C1017640652023000041,7e657153-c81a-45f7-b84f-7297a97536fe,Supervision of the construction works of the advance factory Unit,The Initial contract for Supervision of the construction works of the advance factory Unit is hereby extended for another period of Twelve (12) months effective from 20th December 2025 to 19 December 2026 and 24 months for the defect liability period with no cost implication.,pending,2023-06-19T00:00:00Z,2023-06-19T00:00:00Z,2026-12-19T00:00:00Z,1279,90000000,RWF
0.releases.1360.contracts.0,0.releases.1360,0,C1017640652023000041,7e657153-c81a-45f7-b84f-7297a97536fe,Supervision of the construction works of the advance factory Unit,The Initial contract for Supervision of the construction works of the advance factory Unit is hereby extended for another period of Twelve (12) months effective from 20th December 2025 to 19 December 2026 and 24 months for the defect liability period with no cost implication.,pending,2023-06-19T00:00:00Z,2023-06-19T00:00:00Z,2026-12-19T00:00:00Z,1279,90000000,RWF
0.releases.1361.contracts.0,0.releases.1361,0,C1006005702023000037,2d03446f-21ae-46e1-8ad8-8a9129144959,Maintenance and repair of RRA Vehicles in NGOMA (framework contract),"CONTRACT FOR Maintenance and repair of RRA Vehicles in NGOMA (framework contract).

The unit price to be used during purchase order preparation  and payment are attached in the attached contract/ copy",active,2024-01-03T00:00:00Z,2026-01-04T00:00:00Z,2027-01-03T00:00:00Z,364,39291890,RWF
0.releases.1362.contracts.0,0.releases.1362,0,C1006005702022000097,9111d4a5-ef24-46dd-995c-5bdbcf115f2d,Provision of Rental services for RRA staff accommodations at Gatuna Border (framework contract).,Contract for Provision of Rental services for RRA staff accommodations at Gatuna Border (framework contract).,active,2022-08-09T00:00:00Z,2025-08-10T00:00:00Z,2025-12-09T00:00:00Z,121,3300000,RWF
0.releases.1363.contracts.0,0.releases.1363,0,C1025683162026000001,89ed9a3a-015f-40e8-978d-f49ba57b6b7e,EXTERNAL AUDIT OF THE RBC- CDC COOPERATIVE AGREEMENTS (CoAgs) SUPPORTED PROGRAM (lot 1 re-advertised),The duration of this contract is one year renewable twice upon satisfactory performance of the consultant from the date of contract signature.,active,2026-01-09T00:00:00Z,2026-01-09T00:00:00Z,2027-01-09T00:00:00Z,365,4720000,RWF
0.releases.1364.contracts.0,0.releases.1364,0,C1006005702022000127,cda8f2d5-8725-4c87-9721-258b5ea732fc,"Annual provision of Insurance of RRA movable and immovable assets (Fire and Allied Perils, Machinery breakdown and General liability) to RRA(Framework contract)","Annual provision of Insurance of RRA movable and immovable assets (Fire and Allied Perils, Machinery breakdown and General liability) to RRA(Framework contract)",pending,2023-01-04T00:00:00Z,2026-01-05T00:00:00Z,2026-05-04T00:00:00Z,119,1421905,RWF
0.releases.1365.contracts.0,0.releases.1365,0,C1006005702022000127,cda8f2d5-8725-4c87-9721-258b5ea732fc,"Annual provision of Insurance of RRA movable and immovable assets (Fire and Allied Perils, Machinery breakdown and General liability) to RRA(Framework contract)","Annual provision of Insurance of RRA movable and immovable assets (Fire and Allied Perils, Machinery breakdown and General liability) to RRA(Framework contract)",pending,2023-01-04T00:00:00Z,2026-01-05T00:00:00Z,2026-05-04T00:00:00Z,119,1421905,RWF
0.releases.1366.contracts.0,0.releases.1366,0,C1017640652023000041,7e657153-c81a-45f7-b84f-7297a97536fe,Supervision of the construction works of the advance factory Unit,The Initial contract for Supervision of the construction works of the advance factory Unit is hereby extended for another period of Twelve (12) months effective from 20th December 2025 to 19 December 2026 and 24 months for the defect liability period with no cost implication.,pending,2023-06-19T00:00:00Z,2025-12-20T00:00:00Z,2026-12-19T00:00:00Z,364,90000000,RWF
0.releases.1367.contracts.0,0.releases.1367,0,C1017640652023000041,7e657153-c81a-45f7-b84f-7297a97536fe,Supervision of the construction works of the advance factory Unit,The Initial contract for Supervision of the construction works of the advance factory Unit is hereby extended for another period of Twelve (12) months effective from 20th December 2025 to 19 December 2026 and 24 months for the defect liability period with no cost implication.,pending,2023-06-19T00:00:00Z,2025-12-20T00:00:00Z,2026-12-19T00:00:00Z,364,90000000,RWF
0.releases.1368.contracts.0,0.releases.1368,0,C1024956532025000003,42d1a8ab-0c8e-4914-b985-2b6b9b12673a,"Annual framework contract for provision of cleaning services, gardening and manpower services","The purpose of this Contract Addendum Nᵒ. 2 is to accommodate additional scope of cleaning services at Vision City phase I (VC01) facility management offices. The additional scope includes Vision City gate guard houses, sewage treatment plant (STP) and common area restrooms.

First Cleaning Company (FCC) shall be paid a monthly fee of Frw 900,954 (VAT Inclusive)
",pending,2025-06-05T00:00:00Z,2025-06-05T00:00:00Z,2026-06-05T00:00:00Z,365,198847956,RWF
0.releases.1369.contracts.0,0.releases.1369,0,C1014081222024000003,6275ef26-ea97-444d-a780-8811b0ac600b,Designing and printing T-shirts to be used in NYC Events,framework contract for Designing and printing T-shirts to be used in NYC Events,pending,2025-11-13T00:00:00Z,2025-11-13T00:00:00Z,2026-11-12T00:00:00Z,364,26432,RWF
0.releases.1370.contracts.0,0.releases.1370,0,C1014081222024000004,19fd2dae-791f-4363-af96-54014fc5c477,Provision of decoration and related services,framework contract amendment t for provision of decoration and related services.,pending,2025-12-23T00:00:00Z,2025-12-23T00:00:00Z,2026-12-22T00:00:00Z,364,1957443,RWF
0.releases.1371.contracts.0,0.releases.1371,0,C1024956532025000003,42d1a8ab-0c8e-4914-b985-2b6b9b12673a,"Annual framework contract for provision of cleaning services, gardening and manpower services","The purpose of this Contract Addendum Nᵒ. 2 is to accommodate additional scope of cleaning services at Vision City phase I (VC01) facility management offices. The additional scope includes Vision City gate guard houses, sewage treatment plant (STP) and common area restrooms.

First Cleaning Company (FCC) shall be paid a monthly fee of Frw 900,954 (VAT Inclusive)
",pending,2025-06-05T00:00:00Z,2025-06-05T00:00:00Z,2026-06-05T00:00:00Z,365,198847956,RWF
0.releases.1372.contracts.0,0.releases.1372,0,C1014081222024000004,19fd2dae-791f-4363-af96-54014fc5c477,Provision of decoration and related services,framework contract amendment t for provision of decoration and related services.,pending,2025-12-23T00:00:00Z,2025-12-23T00:00:00Z,2026-12-22T00:00:00Z,364,1957443,RWF
0.releases.1373.contracts.0,0.releases.1373,0,C1014081222024000003,6275ef26-ea97-444d-a780-8811b0ac600b,Designing and printing T-shirts to be used in NYC Events,framework contract for Designing and printing T-shirts to be used in NYC Events,pending,2025-11-13T00:00:00Z,2025-11-13T00:00:00Z,2026-11-12T00:00:00Z,364,26432,RWF
0.releases.1374.contracts.0,0.releases.1374,0,C1013940542025000001,d3fe65ce-a3a4-407b-b20b-a514c42ade97,Framework contract for Provision of security services for REMA (SEISMIC STATION AND REMA BOATS),This contract is for a period of one-year renewable. The Service provider shall not before signature of this contract provide a performance security. Instead a performance declaration commitment letter shall be signed.,pending,2025-01-15T00:00:00Z,2025-01-15T00:00:00Z,2027-01-14T00:00:00Z,729,906240,RWF
0.releases.1375.contracts.0,0.releases.1375,0,C1014354632026000002,fc22130a-e1e7-450f-8b92-3f0d69dd0327,Feasibility study for clean water pipelines for universal coverage,,active,2026-01-11T00:00:00Z,2026-01-11T00:00:00Z,2026-07-11T00:00:00Z,181,14400000,RWF
0.releases.1376.contracts.0,0.releases.1376,0,C1025683162026000002,bb29e66a-5690-4e91-804c-936231d79e73,Supervision of construction works of ECD centres,,active,2026-01-09T00:00:00Z,2026-01-10T00:00:00Z,2026-05-10T00:00:00Z,120,46160000,RWF
0.releases.1377.contracts.0,0.releases.1377,0,C1025683162023000075,e191219c-5ebf-4b2d-b185-53e7a00f0c53,Supply of hygienic materilas,"The contract period is one year renewable
The performance guarantee of each purchase order will be provided as following: 
(a) 5% of the value of the purchase order exceed FRW 500,000,000;
(b) 6% of the value of the purchase order is between FRW 100,000,000 FRW to 
FRW 500,000,000;
(c) 7% of the value of the purchase order is between FRW 50,000,000 to FRW 
100,000,000
(d) 10% of the value of the purchase order is between FRW 20,000,000 to FRW 50,000,000.
",active,2026-01-17T00:00:00Z,2026-01-17T00:00:00Z,2027-01-16T00:00:00Z,364,389491,RWF
0.releases.1378.contracts.0,0.releases.1378,0,C1022690082025000006,f01ea457-25bc-4f36-8f8f-f16d2414e6c1,Provision of Insurance Service for Government Buildings,"Based on the system administrator information that the system accept only two decimals on unit price, the contract will be paid on negotiated unit price ( 0.00177 all tax inclusive )during on the issuance of service order. ",active,2025-01-09T00:00:00Z,2025-01-09T00:00:00Z,2027-01-08T00:00:00Z,729,1,RWF
0.releases.1381.contracts.0,0.releases.1381,0,C1006004562025000004,d6c74117-59e7-4233-8662-df8a5712aa6d,"Provision of Venue for Meetings, Conferences and Accommodation",,pending,2025-01-20T00:00:00Z,2025-01-20T00:00:00Z,2027-01-19T00:00:00Z,729,2155270,RWF
0.releases.1382.contracts.0,0.releases.1382,0,C1033694802024000001,58a1d6cb-429d-4277-baf9-6ee1e3f743c0,"Supply of Laboratory reagents, consumables and accessories for UR CMHS","This is the second renewal Framework Contract for the Supply of Laboratory reagents, consumables and accessories for UR CMHS, LOT 2: SUPPLY OF PHARMACEUTICAL REAGENTS ACCESSORIES AND CONSUMABLES FOR PHARMACY. The Supplier shall provide the performance security per each Purchase Order exceeding 20,000,000Rwf. The percentage of the Performance Security to be provided shall be determined depending on the value of the Purchase Order.",pending,2024-01-31T00:00:00Z,2026-02-01T00:00:00Z,2027-01-31T00:00:00Z,364,38009751,RWF
0.releases.1383.contracts.0,0.releases.1383,0,C1014354632026000001,c1dffb7c-1387-4132-b3f5-deedce7ea161,Maintenance and Repairs of Vehicles and Motorbikes,,active,2026-01-11T00:00:00Z,2026-01-11T00:00:00Z,2027-01-11T00:00:00Z,365,29622600,RWF
0.releases.1385.contracts.0,0.releases.1385,0,C1019320002026000003,5ed470ae-d849-4df2-ac32-66b12e36a2a3,Provide Girinka package -Veternary Medecine,,pending,2026-01-08T00:00:00Z,2026-01-08T00:00:00Z,2027-01-11T00:00:00Z,368,157494,RWF
0.releases.1388.contracts.0,0.releases.1388,0,C1002029582026000001,2aab4af4-e4e9-4a62-95c6-076dbf4b5cea,"Supply of IT Equipment, Maintenance Services, & provision of Spare Parts","This is a one year framework contract which can be renewed twice depending on the performance of the supplier and satisifaction of the RCAA.
An LPO will be issued whenever a need by the institution (RCAA) arises",pending,2026-01-09T00:00:00Z,2026-01-09T00:00:00Z,2027-01-08T00:00:00Z,364,368585171,RWF
0.releases.1389.contracts.0,0.releases.1389,0,C1014884812022000020,cddc1984-086a-4be7-a2b2-4ee960b20451,Transport services for civil servants across the country,This contract will be executed for a period of three (3) years starting from the date after signature by both parties.,active,2022-11-23T00:00:00Z,2025-11-23T00:00:00Z,2028-11-22T00:00:00Z,1095,4173913,RWF
0.releases.1390.contracts.0,0.releases.1390,0,C1014354632025000013,c938f43b-865b-4528-b7fc-d9285fb4141f,supervision of Construction of Akayanza ( Nyagisozi Sector) and Rukonja ( Cyahinda Sector) Bridges,,active,2026-01-08T00:00:00Z,2026-01-18T00:00:00Z,2026-03-24T00:00:00Z,65,3890000,RWF
0.releases.1392.contracts.0,0.releases.1392,0,C1006047782025000002,c2516e29-2db0-4045-853f-79282194f53a,"Provision of Content Production, Television and Radio Broadcasting Services","Contract for Provision of Content Production, Television and Radio Broadcasting Services",pending,2025-01-28T00:00:00Z,2026-01-28T00:00:00Z,2027-01-27T00:00:00Z,364,12902710,RWF
0.releases.1393.contracts.0,0.releases.1393,0,C1006004562026000002,2f91edb8-3384-441f-a3b3-9540078dd9db,Fixed Asset Inventory Update & Coding,"Scope of Services and Prices

breakdown of counting of physical Assets Inventory and giving the standard report of the status and value of each asset after 6month

Counting of physical assets inventory and provision of a standard status report

Quantity: 1

Unit price (tax exclusive): 1,000

Unit price (tax inclusive): 1,180

Valuation of each asset

Quantity: 1

Unit price (tax exclusive): 500

Unit price (tax inclusive): 590

totaling 1,770 frw

Engraving/Coding of new fixed assets

Quantity: 1

Unit price (tax exclusive): 1,000

Unit price (tax inclusive): 1,180

Supply and production of stickers for ICT assets, files, curtains, etc.

Quantity: 1

Unit price (tax exclusive): 1,000

Unit price (tax inclusive): 1,180",active,2026-01-09T00:00:00Z,2026-01-09T00:00:00Z,2027-01-09T00:00:00Z,365,4130,RWF
0.releases.1395.contracts.0,0.releases.1395,0,C1024201942025000163,c1d097e2-1743-4ff6-a63b-8cc518b3d1c2,Decoration and related Services for Rwanda Correctional Service Events,"Decoration and related Services for Rwanda Correctional Service Events, lot 2: Design and Printing",pending,2025-12-16T00:00:00Z,2025-12-16T00:00:00Z,2026-12-15T00:00:00Z,364,3156841,RWF
0.releases.1396.contracts.0,0.releases.1396,0,C1018084802025000007,ce0f5409-5e08-4340-9940-b76b7196c1c8,Purchase of airtime /Communication,Farmwork contract awarded for 2 years due to handsets,pending,2026-01-12T00:00:00Z,2026-01-12T00:00:00Z,2027-11-13T00:00:00Z,670,1302500,RWF
0.releases.1397.contracts.0,0.releases.1397,0,C1018534192024000016,3c0811a8-df03-4dcf-9e07-dc1e278da0ec,Supply of Fuel for MINAFFET Vehicles and Generator,O,active,2025-01-06T00:00:00Z,2025-01-06T00:00:00Z,2027-01-05T00:00:00Z,729,3120,RWF
0.releases.1399.contracts.0,0.releases.1399,0,C1013975752026000004,353936ea-1cb8-48ba-a4d5-807d6b1dda1c,GYM and Fitness Services,This contract will be effective while approved by the CBM,active,2026-01-10T00:00:00Z,2026-01-10T00:00:00Z,2027-01-10T00:00:00Z,365,24780,RWF
0.releases.1400.contracts.0,0.releases.1400,0,C1013975752026000007,462a7cc3-1518-4f27-9f99-a402b240f0fc,Transport services for staff,,active,2026-01-10T00:00:00Z,2026-01-10T00:00:00Z,2027-01-10T00:00:00Z,365,48380,RWF
0.releases.1401.contracts.0,0.releases.1401,0,C1017668172026000001,dda77523-80f8-4845-8186-0bc42cc91d8a,Supply of I.T Office equipment,This is a one year contract Renewable twice upon satisfactory performance .,pending,2026-01-06T00:00:00Z,2026-01-06T00:00:00Z,2027-01-04T00:00:00Z,363,15218460,RWF
0.releases.1405.contracts.0,0.releases.1405,0,C1014060982025000024,53384d2c-8d23-4f5b-b562-06c4ca73361f,Provide transport service for Gicumbi District staff,Performance security will be required for purchase order exceeding 20 million,active,2025-10-28T00:00:00Z,2025-10-28T00:00:00Z,2026-10-28T00:00:00Z,365,15199760,RWF
0.releases.1407.contracts.0,0.releases.1407,0,C1017533092025000034,c1932ee8-e76d-4e19-a141-180978656ca0,Provide Girinka package under framework agreement,"For a purchase order exceeding twenty million (20 000 000 Rfw) the performance guarantee must be submitted according to  Ministerial Order n° 001/23/10/ TC of 10/10/2023 establishing regulations governing public procurement 
Amount to be requested according to purchase order given:
5% of the value of the purchase order whose value exceed FRW 500,000,000; 
6% of the value of the purchase order whose is  between FRW 100,000,000 FRW to FRW 500,000,000;
 7% of the value of the purchase order whose value is between  FRW 50,000,000 to FRW 100,000,000; 
 10% of the value of the purchase order whose value is between  FRW 20,000,000 to FRW 50,000,000.",pending,2025-12-22T00:00:00Z,2025-12-22T00:00:00Z,2026-12-21T00:00:00Z,364,333205,RWF
0.releases.1408.contracts.0,0.releases.1408,0,C1013975752026000006,21025611-0532-479b-9eb1-a2b412327898,Supply of refreshment for Minisports Leadership,"This is the framework contract delivery will based on purchase order, in case the amount of the
service delivery is beyond twenty million Rwandan francs 20,000,Rfw), the service provider is
bound to provide the performance guarantee of 10% the purchase order amount.",active,2026-01-10T00:00:00Z,2026-01-10T00:00:00Z,2027-01-10T00:00:00Z,365,478938,RWF
0.releases.1411.contracts.0,0.releases.1411,0,C1006047782025000024,940302af-7c12-45ad-90d2-c6f85a0db6f9,Construction Supervision Consultancy (CSC) services for RUDP II phase 4 infrastructure in 6 secondary cities,"This contract amendment intends to extend the contract period for three months effective from 01st January, 2026 to 31st March, 2026 with cost implication equivalent to three hundred and eight million nine hundred and forty-six thousand four hundred Rwandan Francs Taxes Exclusive (308,946,400 Frw) due to the construction works of RUDP II phase43 Asphalt Roads in six secondary cities which remain ongoing during this period; ",active,2025-02-17T00:00:00Z,2025-02-17T00:00:00Z,2026-03-31T00:00:00Z,407,1367216400,RWF
0.releases.1413.contracts.0,0.releases.1413,0,C1074296092022000008,9bdb0ac2-8fc9-4a07-a26d-e6036d280958,Hiring cars for staff local transportation,,active,2023-07-05T00:00:00Z,2025-12-05T00:00:00Z,2026-02-04T00:00:00Z,61,53000,RWF
0.releases.1414.contracts.0,0.releases.1414,0,C1074296092023000006,51be1771-60c8-42d3-a13e-4dbf70a903b9,Provision of designing and printing services,This framework Agreement is renewed at second time for a period of One (1) year with possibility to renew depending on satisfactory performance of the Service Provider. ,active,2024-01-03T00:00:00Z,2024-01-03T00:00:00Z,2027-01-02T00:00:00Z,1095,466343,RWF
0.releases.1415.contracts.0,0.releases.1415,0,C1013975752026000002,d082568c-a972-4aca-a25c-c517ed88977b,GYM and Fitness Services,This contract will be effective while approved by the CBM,active,2026-01-09T00:00:00Z,2026-01-09T00:00:00Z,2027-01-09T00:00:00Z,365,20002,RWF
0.releases.1416.contracts.0,0.releases.1416,0,C1013975752026000003,51423a40-3dc1-43dc-b1dd-0f4c36d1532c,GYM and Fitness Services,This contract will be effective while approved by the CBM,active,2026-01-09T00:00:00Z,2026-01-09T00:00:00Z,2027-01-09T00:00:00Z,365,20002,RWF
0.releases.1417.contracts.0,0.releases.1417,0,C1006047782025000009,541813c6-2136-441a-aa3b-2b0ac90e780e,"Provision of Content Production, Television and Radio Broadcasting Services","Contract for Provision of Content Production, Television and Radio Broadcasting Services.",pending,2025-01-28T00:00:00Z,2026-01-28T00:00:00Z,2027-01-27T00:00:00Z,364,14580316,RWF
0.releases.1418.contracts.0,0.releases.1418,0,C1006047782025000020,24bcebaa-1a68-4743-89e9-aa1fb157c61f,"Provision of Content Production, Television and Radio Broadcasting Services","Contract for Provision of Content Production, Television and Radio Broadcasting Services.",pending,2025-01-28T00:00:00Z,2026-01-28T00:00:00Z,2027-01-27T00:00:00Z,364,21224896,RWF
0.releases.1422.contracts.0,0.releases.1422,0,C1008340952025000014,cbef28a4-c394-446a-8437-3f8f4c0b05bc,Purchase ICT equipment and Maintenance of electrical materials,This is a contract agreement for Purchase ICT equipment and Maintenance of electrical materials,pending,2025-12-22T00:00:00Z,2025-12-22T00:00:00Z,2026-12-22T00:00:00Z,365,134718244,RWF
0.releases.1423.contracts.0,0.releases.1423,0,C1013940542026000001,2cf8476a-3f1a-4255-a0b6-3fa57f2aac17,Consultancy Services to Conduct Audit  for Global Biodiversity Flamework-Early Action Plan Project(GBF-EAS),This contract is concluded for a period of three (3) months starting from the date of signing of this contract by both parties,pending,2026-01-12T00:00:00Z,2026-01-12T00:00:00Z,2026-04-09T00:00:00Z,87,4500000,RWF
0.releases.1429.contracts.0,0.releases.1429,0,C1013940542025000022,ca327a8f-22ef-4892-b5fe-2b1eedd024cd,Consultancy services to conduct National Plastic Inventory,"This Amendment No 1 shall come into effect on 8th January , 2026 regardless of the date both parties have signed it.",pending,2025-08-11T00:00:00Z,2026-01-12T00:00:00Z,2026-03-11T00:00:00Z,58,65000000,RWF
0.releases.1430.contracts.0,0.releases.1430,0,C1013940542025000022,ca327a8f-22ef-4892-b5fe-2b1eedd024cd,Consultancy services to conduct National Plastic Inventory,"This Amendment No 1 shall come into effect on 8th January , 2026 regardless of the date both parties have signed it.",pending,2025-08-11T00:00:00Z,2026-01-12T00:00:00Z,2026-03-11T00:00:00Z,58,65000000,RWF
0.releases.1431.contracts.0,0.releases.1431,0,C1013940542025000013,68e4302a-f8fb-4483-a521-f55158d15483,Consultancy Services to conduct a national study on Lead contamination and Exposure ,"This Amendment No 1 shall come into effect on 8th January , 2026 regardless of the date both parties have signed it",pending,2025-05-07T00:00:00Z,2026-01-08T00:00:00Z,2026-03-07T00:00:00Z,58,100000000,RWF
0.releases.1432.contracts.0,0.releases.1432,0,C1013940542025000013,68e4302a-f8fb-4483-a521-f55158d15483,Consultancy Services to conduct a national study on Lead contamination and Exposure ,"This Amendment No 1 shall come into effect on 8th January , 2026 regardless of the date both parties have signed it",pending,2025-05-07T00:00:00Z,2026-01-08T00:00:00Z,2026-03-07T00:00:00Z,58,100000000,RWF
0.releases.1433.contracts.0,0.releases.1433,0,C1013940542025000013,68e4302a-f8fb-4483-a521-f55158d15483,Consultancy Services to conduct a national study on Lead contamination and Exposure ,"This Amendment No 1 shall come into effect on 8th January , 2026 regardless of the date both parties have signed it",pending,2025-05-07T00:00:00Z,2026-01-08T00:00:00Z,2026-03-07T00:00:00Z,58,100000000,RWF
0.releases.1434.contracts.0,0.releases.1434,0,C1013940542025000013,68e4302a-f8fb-4483-a521-f55158d15483,Consultancy Services to conduct a national study on Lead contamination and Exposure ,"This Amendment No 1 shall come into effect on 8th January , 2026 regardless of the date both parties have signed it",pending,2025-05-07T00:00:00Z,2026-01-08T00:00:00Z,2026-03-07T00:00:00Z,58,100000000,RWF
0.releases.1436.contracts.0,0.releases.1436,0,C1018534192025000003,bbd403d0-0fcb-4688-86b1-0caba6b2556a,"printing of promotional materials services(banners,flyers,badges,business cards)",,active,2025-01-14T00:00:00Z,2025-01-14T00:00:00Z,2027-01-13T00:00:00Z,729,373659,RWF
0.releases.1437.contracts.0,0.releases.1437,0,C1002029582026000002,6e78f8d6-dc2a-48db-b7b3-6fdd8b9c6b2a,Provision of architectural and engineering services,"
This is a framework contract renewable twice based on the performance and satisfaction of the institution",pending,2026-01-09T00:00:00Z,2026-01-09T00:00:00Z,2027-01-08T00:00:00Z,364,48200000,RWF
0.releases.1438.contracts.0,0.releases.1438,0,C1017921732025000001,0d3b64f0-df60-44c3-b6d6-032e4c1206ea,Provision of Cleaning and Gardening Services to NPPA Headquarter (Gishushu) and Nyarutarama Houses/Under Framework Contract,"This is contract for Provision of Cleaning and Gardening Services to NPPA Headquarter (Gishushu) and Nyarutarama Houses/Under Framework Contract between NPPA and PROFICIENT SERVICES Ltd

The Payment will be done within 45 days after presentation of the invoice accompanied by a copy of valid contract and a note from the contract supervisor confirming the quality of the services delivered and approval of payment.  ",pending,2026-01-17T00:00:00Z,2026-01-18T00:00:00Z,2027-01-17T00:00:00Z,364,1731650,RWF
0.releases.1442.contracts.0,0.releases.1442,0,C1006004562025000001,02e10537-e00e-4469-8d0b-5e12ed4f501e,Provision of media services,,pending,2025-01-15T00:00:00Z,2025-01-15T00:00:00Z,2027-01-14T00:00:00Z,729,11281980,RWF
0.releases.1445.contracts.0,0.releases.1445,0,C1013940542026000002,dc89c423-77ee-455d-9f15-73cbe2bcc211,Re-advertisement:  Hiring the consultancy Firm in Preparation of the 7th National Report to the CBD,This contract is valid for a period of Five (05) months starting from the date of signing of this contract by both parties,pending,2026-01-10T00:00:00Z,2026-01-10T00:00:00Z,2026-07-09T00:00:00Z,180,61982310,RWF
0.releases.1446.contracts.0,0.releases.1446,0,C1006005702025000114,8df02596-0561-4425-a1fa-742d50796d76,"Supply and installation of licenses for firepower, radware, one identity PAM, vulnerability assessment tool, motadata to RRA (framework contract)","Framework Agreement for Supply and installation of licenses for firepower, radware, one identity PAM, vulnerability assessment tool, motadata to RRA.",pending,2026-01-07T00:00:00Z,2026-01-07T00:00:00Z,2026-12-29T00:00:00Z,356,180056200,RWF
0.releases.1450.contracts.0,0.releases.1450,0,C1030866342023000204,fa6ad5a5-2245-426b-855a-0129568e34bd,Recruitment of a Business Analyst to support IPSAS implementation in IFMIS,Contract extension period,pending,2024-01-09T00:00:00Z,2024-01-09T00:00:00Z,2026-06-30T00:00:00Z,903,206671985,RWF
0.releases.1451.contracts.0,0.releases.1451,0,C1030866342024000007,afc96d2f-63bc-4cf9-b0c0-6f668b4d7d6c,Recruitment of IFMIS software architect to support IPSAS implementation,Contract extension period,pending,2024-02-12T00:00:00Z,2024-02-12T00:00:00Z,2026-06-29T00:00:00Z,868,175800,USD
0.releases.1452.contracts.0,0.releases.1452,0,C1030866342024000001,99d51255-91f7-4c93-a2ba-950516b37ca0,Recruitment of a Training Institution to provide training in certified Financial Analyst (CFA) to GOR staff and high performing students,Contract period extension.,active,2024-01-04T00:00:00Z,2024-01-04T00:00:00Z,2027-01-03T00:00:00Z,1095,12673377,RWF
0.releases.1453.contracts.0,0.releases.1453,0,C1030866342024000001,99d51255-91f7-4c93-a2ba-950516b37ca0,Recruitment of a Training Institution to provide training in certified Financial Analyst (CFA) to GOR staff and high performing students,Contract period extension.,active,2024-01-04T00:00:00Z,2024-01-04T00:00:00Z,2027-01-03T00:00:00Z,1095,12673377,RWF
0.releases.1455.contracts.0,0.releases.1455,0,C1025438562026000001,4de62785-1e08-4dfc-a1a0-94e12c7c383d,Supply of Assistive Devices,Frame work contract,pending,2026-01-07T00:00:00Z,2026-01-07T00:00:00Z,2027-01-06T00:00:00Z,364,1134500,RWF
0.releases.1456.contracts.0,0.releases.1456,0,C1025683162025000009,0bfc88b9-22c1-4fcc-b085-03824c12dfe6,"Supply of utensils for Home ECD centers (LOT 2)(Supply of Melamine cups, melamine plates and stainless steel medium spoons)","-The delivery period is four (4) months. Should
the Supplier fail to deliver within this timeframe, and in the absence of an approved extension,
delay penalties will apply.
-The  contract Period is 6 months
-the delivery period was extended for a period of 34 days from 12/12/2025-until 15/01/2026 the Supplier fail to deliver within this timeframe, and in the absence of an approved extension,
delay penalties will apply.",pending,2025-08-11T00:00:00Z,2025-08-12T00:00:00Z,2026-02-12T00:00:00Z,184,1201232920,RWF
0.releases.1457.contracts.0,0.releases.1457,0,C1024201942026000001,b791b0ae-44ed-437a-9233-cbcaeb4cd255,Acquisition of printers for TVET Centers,,pending,2026-01-07T00:00:00Z,2026-01-07T00:00:00Z,2026-03-06T00:00:00Z,58,2698660,RWF
0.releases.1458.contracts.0,0.releases.1458,0,C1016621172025000058,0892e2a1-6335-4f4f-bd2c-d44ea907dc8d,Tender for the  Airtime and space in different media platforms,Frame work contract,pending,2025-12-14T00:00:00Z,2025-12-14T00:00:00Z,2026-12-13T00:00:00Z,364,4727486,RWF
0.releases.1459.contracts.0,0.releases.1459,0,C1016621172025000058,0892e2a1-6335-4f4f-bd2c-d44ea907dc8d,Tender for the  Airtime and space in different media platforms,Frame work contract,pending,2025-12-14T00:00:00Z,2025-12-14T00:00:00Z,2026-12-13T00:00:00Z,364,4727486,RWF
0.releases.1461.contracts.0,0.releases.1461,0,C1006004562025000007,97db02c8-f7ac-4273-8fe8-2a6fb6627779,Provision of Maintenance Services & Repair Program for Elevator (Re-advertisement) ,,pending,2025-01-21T00:00:00Z,2025-01-21T00:00:00Z,2027-01-20T00:00:00Z,729,39955639,RWF
0.releases.1464.contracts.0,0.releases.1464,0,C1006004562025000007,97db02c8-f7ac-4273-8fe8-2a6fb6627779,Provision of Maintenance Services & Repair Program for Elevator (Re-advertisement) ,,pending,2025-01-21T00:00:00Z,2025-01-21T00:00:00Z,2027-01-20T00:00:00Z,729,39955639,RWF
0.releases.1467.contracts.0,0.releases.1467,0,C1016621172025000041,5f6be0b8-406a-4ebc-8723-487390e7ca89,Tender for the  Airtime and space in different media platforms,Frame work contract,pending,2025-12-12T00:00:00Z,2025-12-12T00:00:00Z,2026-12-11T00:00:00Z,364,7775490,RWF
0.releases.1468.contracts.0,0.releases.1468,0,C1016621172025000041,5f6be0b8-406a-4ebc-8723-487390e7ca89,Tender for the  Airtime and space in different media platforms,Frame work contract,pending,2025-12-12T00:00:00Z,2025-12-12T00:00:00Z,2026-12-11T00:00:00Z,364,7775490,RWF
0.releases.1469.contracts.0,0.releases.1469,0,C1016621172025000053,78bba8f6-b443-42b2-b50e-18741674849f,Tender for the  Airtime and space in different media platforms,Frame work Contract,pending,2025-12-13T00:00:00Z,2025-12-13T00:00:00Z,2026-12-12T00:00:00Z,364,5259810,RWF
0.releases.1470.contracts.0,0.releases.1470,0,C1016621172025000053,78bba8f6-b443-42b2-b50e-18741674849f,Tender for the  Airtime and space in different media platforms,Frame work Contract,pending,2025-12-13T00:00:00Z,2025-12-13T00:00:00Z,2026-12-12T00:00:00Z,364,5259810,RWF
0.releases.1471.contracts.0,0.releases.1471,0,C1016621172025000054,63f053ef-9bb0-4d74-abea-77318623e0c6,Tender for the  Airtime and space in different media platforms,Framework contract,pending,2025-12-13T00:00:00Z,2025-12-13T00:00:00Z,2026-12-12T00:00:00Z,364,1500000,RWF
0.releases.1472.contracts.0,0.releases.1472,0,C1016621172025000054,63f053ef-9bb0-4d74-abea-77318623e0c6,Tender for the  Airtime and space in different media platforms,Framework contract,pending,2025-12-13T00:00:00Z,2025-12-13T00:00:00Z,2026-12-12T00:00:00Z,364,1500000,RWF
0.releases.1474.contracts.0,0.releases.1474,0,C1030866342024000002,42918e1b-3b2d-4ec0-97bf-0d631f272f0b,"Recruitment of a Data Manager for U-SACCO Automation, consolidation and establishment cooperative bank  ",,pending,2024-01-18T00:00:00Z,2024-01-18T00:00:00Z,2027-01-17T00:00:00Z,1095,14955348,RWF
0.releases.1476.contracts.0,0.releases.1476,0,C1134937872024000031,103d7ef5-3147-46e3-a9e5-c903f02b7119,Supply of diesel fuel and gasoline (essence) for NESA Vehicles,,pending,2025-01-10T00:00:00Z,2025-01-10T00:00:00Z,2026-01-09T00:00:00Z,364,3116,RWF
0.releases.1479.contracts.0,0.releases.1479,0,C1030866342023000142,c9712516-9ecc-4125-854c-fe8a5d475699,Recruitment of 14 Data Managers for U-SACCO Automation,,pending,2023-08-21T00:00:00Z,2023-08-21T00:00:00Z,2026-08-20T00:00:00Z,1095,29910696,RWF
0.releases.1480.contracts.0,0.releases.1480,0,C1002029582026000001,2aab4af4-e4e9-4a62-95c6-076dbf4b5cea,"Supply of IT Equipment, Maintenance Services, & provision of Spare Parts","This is a one year framework contract which can be renewed twice depending on the performance of the supplier and satisifaction of the RCAA.
An LPO will be issued whenever a need by the institution (RCAA) arises",active,2026-01-12T00:00:00Z,2026-01-12T00:00:00Z,2027-01-12T00:00:00Z,365,368585171,RWF
0.releases.1481.contracts.0,0.releases.1481,0,C1002029582026000002,6e78f8d6-dc2a-48db-b7b3-6fdd8b9c6b2a,Provision of architectural and engineering services,This is a framework contract renewable twice based on the performance and satisfaction of the institution,active,2026-01-12T00:00:00Z,2026-01-12T00:00:00Z,2027-01-12T00:00:00Z,365,48200000,RWF
0.releases.1482.contracts.0,0.releases.1482,0,C1014020452026000005,f0871474-74b7-44b6-9a60-c57930d51cdf,Rehabilitation and construction of Cyanika health center,OK,pending,2026-01-09T00:00:00Z,2026-01-09T00:00:00Z,2026-05-05T00:00:00Z,116,238506137,RWF
0.releases.1484.contracts.0,0.releases.1484,0,C1030866342023000185,9b158812-f478-43d8-8879-f562318e1640,Recruitment of Data Migration Specialist for U-SACCO Automation,Contract extension,pending,2023-11-14T00:00:00Z,2023-11-14T00:00:00Z,2026-11-13T00:00:00Z,1095,15912000,RWF
0.releases.1489.contracts.0,0.releases.1489,0,C1014020452026000007,5777a834-52b0-4674-9bce-4fa90726ea5f,Supply and installation of lift at Burera District headquarter,ok,pending,2026-01-06T00:00:00Z,2026-01-06T00:00:00Z,2026-05-05T00:00:00Z,119,133734633,RWF
0.releases.1490.contracts.0,0.releases.1490,0,C1014650502023000018,d4fafed4-1a0a-4f69-9e50-1de4890df11a,"Service of gym, swimming, sauna, massage, playground and related sports facilities within the city of kigali",No,pending,2026-01-02T00:00:00Z,2026-01-03T00:00:00Z,2027-01-02T00:00:00Z,364,207001,RWF
0.releases.1491.contracts.0,0.releases.1491,0,C1006005702025000111,57af6727-daf4-426c-8244-fe35a463773b,Subscribe to Moody’s (Bureau Van Dijk) risk profiling and transfer pricing benchmark analysis database (Framework Contract),Subscription to Risk assessment and Transfer pricing analysis database (Framework). ,pending,2026-01-12T00:00:00Z,2026-01-12T00:00:00Z,2027-01-11T00:00:00Z,364,94422361,RWF
0.releases.1492.contracts.0,0.releases.1492,0,C1014650502023000018,d4fafed4-1a0a-4f69-9e50-1de4890df11a,"Service of gym, swimming, sauna, massage, playground and related sports facilities within the city of kigali",No,pending,2026-01-02T00:00:00Z,2026-01-03T00:00:00Z,2027-01-02T00:00:00Z,364,207001,RWF
0.releases.1493.contracts.0,0.releases.1493,0,C1033726202024000008,b4a9a939-119a-4f17-83c5-22d3fdef7cb1,Provision of insurance service under framework contract (insurance for EDCL linesmen),This a contract for provision of insurance service under framework contract (insurance of EDCL Linesmen),active,2024-02-07T00:00:00Z,2024-02-07T00:00:00Z,2027-02-07T00:00:00Z,1096,16649852,RWF
0.releases.1496.contracts.0,0.releases.1496,0,C1020603672025000059,703bd58c-8552-40db-861c-5c39c69b1404,Medical Equipment in Kibumbwe Maternity,"The Supplier shall supply to the Purchaser the good as listed in Annex I after signature of this contract. 

The contract has a duration of Eight (8) months starting from the date of its signature by both parties. 

Delivery of goods, the supplier has 45 Days to deliver goods starting from the date of receiving the purchase order by supplier.

The place of delivery is at Kibumbwe Maternity in Kibumbwe sector, of Nyamagabe District.",pending,2026-01-12T00:00:00Z,2026-01-12T00:00:00Z,2026-08-28T00:00:00Z,228,66305420,RWF
0.releases.1497.contracts.0,0.releases.1497,0,C1024201942026000001,b791b0ae-44ed-437a-9233-cbcaeb4cd255,Acquisition of printers for TVET Centers,,pending,2026-01-07T00:00:00Z,2026-01-07T00:00:00Z,2026-03-06T00:00:00Z,58,2698660,RWF
0.releases.1503.contracts.0,0.releases.1503,0,C1017640652025000040,27ee8d04-6a54-4678-9a71-17789bd7a876,HIRING GRAPHIC DESIGN CONSULTANT,HIRING GRAPHIC DESIGN CONSULTANT,pending,2025-12-17T00:00:00Z,2025-12-17T00:00:00Z,2026-12-16T00:00:00Z,364,3500000,RWF
0.releases.1506.contracts.0,0.releases.1506,0,C1006005702024000055,97be8616-a736-48e4-ba6c-86766bd22224,Supply of sport material to RRA (Framework contract),contract for supply of sport material to RRA (Framework contract),pending,2024-10-14T00:00:00Z,2025-10-15T00:00:00Z,2026-10-14T00:00:00Z,364,3314089,RWF
0.releases.1507.contracts.0,0.releases.1507,0,C1006003912026000001,d0d3d191-3e30-44cb-aa06-6696c8f213d8,Consultancy services for Proficiency Testing,"-As Performance Security, the supplier will be requested to provide the performance securing declaration in place of the performance security stating that this contract will be well executed as stipulated in contract terms. 
However, a performance security will be requested for each purchase order exceeding 20,000,000 Frw.
- Delivery of goods will only be done after the receipt of the purchase order and the delivery period will not exceed 30 days after reception of each purchase order.
- The framework contract period is one year which may be renewed upon evaluation of satisfactory performance of the supplier and upon agreement of the two parties.",active,2026-01-10T00:00:00Z,2026-01-10T00:00:00Z,2027-01-10T00:00:00Z,365,19725386.52,RWF
0.releases.1508.contracts.0,0.releases.1508,0,C1016730022026000001,c9a8e515-939f-440c-b54f-2e03e345601b,Purchase of medical equipment (Re-Advertised),"This is the initial contract for Purchase of medical equipment.

For a purchase order exceeding twenty million (20 000 000 RWF) the performance guarantee must be submitted according to  Ministerial Order n° 001/23/10/ TC of 10/10/2023 establishing regulations governing public procurement.
Amount to be requested according to purchase order given:
5% of the value of the purchase order whose value exceed FRW 500,000,000; 
6% of the value of the purchase order whose is  between FRW 100,000,000 FRW to FRW 500,000,000;
 7% of the value of the purchase order whose value is between  FRW 50,000,000 to FRW 100,000,000; 
 10% of the value of the purchase order whose value is between  FRW 20,000,000 to FRW 50,000,000.",pending,2026-01-12T00:00:00Z,2026-01-12T00:00:00Z,2027-01-10T00:00:00Z,363,6713100,RWF
0.releases.1513.contracts.0,0.releases.1513,0,C1013389972026000002,bee932d6-c38b-4ee8-80c4-7d321efbc43d,Supervision services of construction works of Nyamata Health Center,,pending,2026-01-12T00:00:00Z,2026-01-12T00:00:00Z,2027-07-11T00:00:00Z,545,129995880,RWF
0.releases.1514.contracts.0,0.releases.1514,0,C1013389972026000002,bee932d6-c38b-4ee8-80c4-7d321efbc43d,Supervision services of construction works of Nyamata Health Center,,pending,2026-01-12T00:00:00Z,2026-01-12T00:00:00Z,2027-07-11T00:00:00Z,545,129995880,RWF
0.releases.1515.contracts.0,0.releases.1515,0,C1018645672022000010,4f3e80c0-6e69-46d2-802a-56c06035c520,Hiring vehicle for transport services,,pending,2026-01-07T00:00:00Z,2026-01-07T00:00:00Z,2026-02-20T00:00:00Z,44,1840800,RWF
0.releases.1516.contracts.0,0.releases.1516,0,C1018645672022000010,4f3e80c0-6e69-46d2-802a-56c06035c520,Hiring vehicle for transport services,,pending,2026-01-07T00:00:00Z,2026-01-07T00:00:00Z,2026-02-20T00:00:00Z,44,1840800,RWF
0.releases.1517.contracts.0,0.releases.1517,0,C1008058882025000014,87c027a8-30b0-4879-964c-574861bc9c05,Feasibility study and engineering designs for the Construction of basic infrastructure and facilities for Industrial/SME park,,pending,2025-09-17T00:00:00Z,2025-09-17T00:00:00Z,2026-03-16T00:00:00Z,180,214559400,RWF
0.releases.1518.contracts.0,0.releases.1518,0,C1008058882025000014,87c027a8-30b0-4879-964c-574861bc9c05,Feasibility study and engineering designs for the Construction of basic infrastructure and facilities for Industrial/SME park,,pending,2025-09-17T00:00:00Z,2025-09-17T00:00:00Z,2026-03-16T00:00:00Z,180,214559400,RWF
0.releases.1519.contracts.0,0.releases.1519,0,C1074264222024000052,15917638-d749-4ba5-a190-229ab40ca567,Supply and Delivery training materials at NRS centers,First framework contract extension.,pending,2026-01-15T00:00:00Z,2026-01-15T00:00:00Z,2027-01-14T00:00:00Z,364,5031579,RWF
0.releases.1522.contracts.0,0.releases.1522,0,C1006005702022000045,a0488c79-d638-4d3d-9d61-4cb0fd844985,Provision of rental services for RRA staff accommodation-A in RUSIZI District (framework contract),Provision of rental services for RRA staff accommodation-A in RUSIZI District (framework contract),pending,2022-04-29T00:00:00Z,2025-12-31T00:00:00Z,2026-03-02T00:00:00Z,61,2360000,RWF
0.releases.1523.contracts.0,0.releases.1523,0,C1006005702022000046,b66d8f51-bf16-40c1-8d94-fcabd3930795,Provision of rental services for RRA staff accommodation-B in RUSIZI District (framework contract),Provision of rental services for RRA staff accommodation-B in RUSIZI District (framework contract),pending,2022-05-04T00:00:00Z,2026-01-05T00:00:00Z,2026-03-04T00:00:00Z,58,1484000,RWF
0.releases.1524.contracts.0,0.releases.1524,0,C1006005702022000046,b66d8f51-bf16-40c1-8d94-fcabd3930795,Provision of rental services for RRA staff accommodation-B in RUSIZI District (framework contract),Provision of rental services for RRA staff accommodation-B in RUSIZI District (framework contract),pending,2022-05-04T00:00:00Z,2026-01-05T00:00:00Z,2026-03-04T00:00:00Z,58,1484000,RWF
0.releases.1525.contracts.0,0.releases.1525,0,C1074264222025000008,958f6d42-90d2-4d63-9fdb-9d554e659ba8,Re-advertised tender of Supply and Delivery training materials at NRS centers,First contract extension.,pending,2026-03-24T00:00:00Z,2026-03-24T00:00:00Z,2027-03-23T00:00:00Z,364,7693773,RWF
0.releases.1526.contracts.0,0.releases.1526,0,C1133334402025000035,8ac1bb40-e8d7-4ca7-8f93-ea041fe29ffd,Stationaries and Printing Consumables,,active,2026-01-12T00:00:00Z,2026-01-12T00:00:00Z,2027-01-12T00:00:00Z,365,954974,RWF
0.releases.1527.contracts.0,0.releases.1527,0,C1006003752026000001,4a97592a-dc7b-4ce8-b0bf-8bee3bd5330d,Provision of hotel services in Karongi district,This contract will be effective while approved by the CBM,pending,2026-01-12T00:00:00Z,2026-01-12T00:00:00Z,2027-01-11T00:00:00Z,364,1490576,RWF
0.releases.1528.contracts.0,0.releases.1528,0,C1006047032026000001,44de735c-2eea-4b40-9909-2aeb60003383,Supply of Sport Equipment for NISR Sport Teams,"This is a lump-sum contract to be executed within a period of three (3) months.

The successful bidder must provide a performance security of 4,232,256 FRW (Four Million Two Hundred Thirty-Two Thousand Two Hundred Fifty-Six Rwandan Francs), which is 10% of the total contract amount of FRW 42,322,560 (Forty-Two Million Three Hundred Twenty-Two Thousand Five Hundred Sixty), taxes inclusive before contract signature.

All sports equipment for NISR Teams must be delivered within a period not exceeding five (45) calendar days from the date of issuance of the purchase order as per the Contract Negotiation Report.",pending,2026-01-05T00:00:00Z,2026-01-05T00:00:00Z,2026-04-04T00:00:00Z,89,42322560,RWF
0.releases.1531.contracts.0,0.releases.1531,0,C1221801102026000002,b358ca46-a5bb-409d-9b22-0354bf394e64,Acquisition of plastic tubings,,pending,2026-01-12T00:00:00Z,2026-01-12T00:00:00Z,2027-01-11T00:00:00Z,364,5300,RWF
0.releases.1532.contracts.0,0.releases.1532,0,C1020403172025000033,aec09ee2-9803-46d0-9881-a081edbbeb03,Annual framework tender for supply of small stock and their feeds to Rusizi District,,pending,2026-01-12T00:00:00Z,2026-01-12T00:00:00Z,2026-12-21T00:00:00Z,343,439000,RWF
0.releases.1533.contracts.0,0.releases.1533,0,C1221801102026000001,b358ca46-a5bb-409d-9b22-0354bf394e64,Acquisition of plastic tubings,,pending,2026-01-12T00:00:00Z,2026-01-12T00:00:00Z,2027-01-11T00:00:00Z,364,5300,RWF
0.releases.1534.contracts.0,0.releases.1534,0,C1024326722026000002,bce906bd-8274-46f5-9dea-ad760f3cc834,Supply of lime grade 1,,pending,2026-01-09T00:00:00Z,2026-01-09T00:00:00Z,2027-01-06T00:00:00Z,362,115,RWF
0.releases.1535.contracts.0,0.releases.1535,0,C1024326722026000002,bce906bd-8274-46f5-9dea-ad760f3cc834,Supply of lime grade 1,,pending,2026-01-09T00:00:00Z,2026-01-09T00:00:00Z,2027-01-06T00:00:00Z,362,115,RWF
0.releases.1536.contracts.0,0.releases.1536,0,C1078128392025000013,a2139a1e-63bc-4cb6-93cf-e4f630e0ad96,Re-advertised tender for construction of Rehabilitation works for basketball and volleyball Playgrounds at RP Kigali College_Rutongo Campus,This is a contract for Re-advertised tender for construction of Rehabilitation works for basketball and volleyball Playgrounds at RP Kigali College_Rutongo Campus.,pending,2025-07-15T00:00:00Z,2025-07-15T00:00:00Z,2026-04-14T00:00:00Z,273,58944375,RWF
0.releases.1537.contracts.0,0.releases.1537,0,C1220562142024000001,65ac5d89-3116-464e-96d8-76c3e9f26e33,Tender of Catering Services for staff and clients,amendment of this contract takes effects from 15 October 2025 and will take end 14 October 2026. ,pending,2025-10-15T00:00:00Z,2024-10-15T00:00:00Z,2026-10-14T00:00:00Z,729,352378,RWF
0.releases.1539.contracts.0,0.releases.1539,0,C1018534192025000001,3bc1bf9d-8a1d-4b6f-9fa8-4007ffac0f97,Provision of decoration  services,,pending,2025-01-13T00:00:00Z,2025-01-13T00:00:00Z,2027-01-12T00:00:00Z,729,34596420,RWF
0.releases.1540.contracts.0,0.releases.1540,0,C1019320002026000002,4e0a9f29-d36b-44b1-8e6b-081dd02be68c,Supply and Fix Windows and Doors in Classrooms on Framework Contract,,pending,2026-01-08T00:00:00Z,2026-01-08T00:00:00Z,2027-01-11T00:00:00Z,368,442500,RWF
0.releases.1543.contracts.0,0.releases.1543,0,C1024203812026000001,99b149f0-3381-44b3-bf61-3803de968673,"Tender for framework contract for supply and install pest monitoring & control devices and equipment in pack house, warehouses and SEQI (Re-Advert)","Framework contract for supply and install pest monitoring & control devices and equipment in pack house, warehouses and SEQI ",pending,2026-01-09T00:00:00Z,2026-01-09T00:00:00Z,2027-01-07T00:00:00Z,363,1875021,RWF
0.releases.1544.contracts.0,0.releases.1544,0,C1116785842026000009,c155c10f-2d2e-4792-a0c3-62e9855174d9,"Provision of Hotel services (3 stars, 2 stars and 1 star) under framework",It is a framework contract,pending,2026-01-12T00:00:00Z,2026-01-12T00:00:00Z,2027-01-11T00:00:00Z,364,3234680,RWF
0.releases.1549.contracts.0,0.releases.1549,0,C1006003912024000081,39b7bdae-a718-48f6-9c5c-168034f99346,Provision of Maintenance services for cold chain equipment(Retendered),"Before signature of this contract, the supplier will be requested to provide the performance securing declaration in place of the performance security stating that this contract will be well executed as stipulated in contract terms. 
However, a performance security will be requested for each purchase order exceeding 20,000,000 Frw.

- Delivery of spare parts will only be done after the receipt of the purchase order and the delivery period will not exceed 30 days after reception of purchase order starting from the date of signing of this contract by both parties.

- The contract period is one year, which may be renewable upon evaluation of satisfactory performance of the contractor and the agreement of the two parties.

 ",pending,2025-01-24T00:00:00Z,2025-01-24T00:00:00Z,2027-01-23T00:00:00Z,729,19707771,RWF
0.releases.1550.contracts.0,0.releases.1550,0,C1025438562023000010,b50c6c04-3fbc-4166-9060-0ecc8d771aa4,Transport of NCPD Staff in Kigali,ok,active,2024-01-08T00:00:00Z,2024-01-08T00:00:00Z,2027-01-07T00:00:00Z,1095,47200,RWF
0.releases.1551.contracts.0,0.releases.1551,0,C1025438562023000011,6f6c1735-a2fc-4291-ba49-a94cb9cf876b,Supply of Refreshments to NCPD,ok,active,2024-01-08T00:00:00Z,2024-01-08T00:00:00Z,2027-01-07T00:00:00Z,1095,93000,RWF
0.releases.1552.contracts.0,0.releases.1552,0,C1025438562024000007,f0b7940b-5192-4279-93f0-f368cdd959dc,Provision of Hotel Services (Hotel with 4 and 5 Star not allowed),ok,active,2024-09-16T00:00:00Z,2024-09-16T00:00:00Z,2026-09-15T00:00:00Z,729,1512170,RWF
0.releases.1553.contracts.0,0.releases.1553,0,C1028311502025000011,a0ebf793-c86a-4ad6-b88b-2019c13f15f6,Supply of Airtime to the staff of Kinihira Hospital,ok,pending,2026-01-12T00:00:00Z,2026-01-12T00:00:00Z,2026-12-17T00:00:00Z,339,1640000,RWF
0.releases.1555.contracts.0,0.releases.1555,0,C1006002602026000001,8c38a550-f5e1-4022-852f-b4fa82d22a76,Establishment of Framework Agreement for Supply of Curtains,"The Supplier will submit the performance security per each purchase order exceeding FRW20,000,000 and the amount of the performance security may be a percentage of the purchase order value as provided for in the Ministerial Order establishing regulations governing public procurement in place. However, when the purchase order value does not exceed FRW 20,000,000, the Supplier will submit the performance security declaration. ",pending,2026-01-08T00:00:00Z,2026-01-08T00:00:00Z,2027-01-06T00:00:00Z,363,401082,RWF
0.releases.1556.contracts.0,0.releases.1556,0,C1033726202025000032,73ec1769-e91e-4bd7-80f0-05dc03f3d491,"Supplying, installing, testing, commissioning and maintenance of Solar Water Heating systems in residential and non-residential sector under framework contracts (Recruitment of additional suppliers)",This contract will be effective while approved by CBM,pending,2025-12-17T00:00:00Z,2025-12-17T00:00:00Z,2026-12-01T00:00:00Z,349,4406885,RWF
0.releases.1557.contracts.0,0.releases.1557,0,C1033726202025000032,73ec1769-e91e-4bd7-80f0-05dc03f3d491,"Supplying, installing, testing, commissioning and maintenance of Solar Water Heating systems in residential and non-residential sector under framework contracts (Recruitment of additional suppliers)",This contract will be effective while approved by CBM,pending,2025-12-17T00:00:00Z,2025-12-17T00:00:00Z,2026-12-01T00:00:00Z,349,4406885,RWF
0.releases.1558.contracts.0,0.releases.1558,0,C1033726202025000035,aa865837-ff22-4421-bb7a-567103850c54,"Supplying, installing, testing, commissioning and maintenance of Solar Water Heating systems in residential and non-residential sector under framework contracts (Recruitment of additional suppliers)",This contract will be effective while approved by the CBM ,active,2026-01-12T00:00:00Z,2026-01-12T00:00:00Z,2027-01-12T00:00:00Z,365,5456885,RWF
0.releases.1559.contracts.0,0.releases.1559,0,C1033726202025000034,63f29c6c-a97d-4465-b5cd-b4888bb6b9eb,"Supplying, installing, testing, commissioning and maintenance of Solar Water Heating systems in residential and non-residential sector under framework contracts (Recruitment of additional suppliers)",This contract will be effective  starting from  1/8/2026  ,active,2026-01-12T00:00:00Z,2026-01-12T00:00:00Z,2027-01-12T00:00:00Z,365,5456885,RWF
0.releases.1560.contracts.0,0.releases.1560,0,C1033726202025000033,7527b119-b7eb-4db6-85f4-ef45d916f0c3,"Supplying, installing, testing, commissioning and maintenance of Solar Water Heating systems in residential and non-residential sector under framework contracts (Recruitment of additional suppliers)",This contract will be effective while approved by the CBM ,active,2026-01-12T00:00:00Z,2026-01-12T00:00:00Z,2027-01-12T00:00:00Z,365,6439124,RWF
0.releases.1561.contracts.0,0.releases.1561,0,C1006047032025000024,065eff53-8797-4900-8bb1-b20719ecb966,"Hiring a company for the installation, customization and configuration of Koha Software and its DSpace for the NISR Library","This is a lump-sum contract to be executed within a period of three (3) months.

Performance security is not required for this tender; however, prior to contract signing, the successful bidder shall be required to sign a Performance Securing Declaration.

The successful bidder shall provide maintenance services for the Koha software for a period of one (1) year, at no additional cost to NISR.",active,2026-01-12T00:00:00Z,2026-01-12T00:00:00Z,2026-04-12T00:00:00Z,90,4956000,RWF
0.releases.1562.contracts.0,0.releases.1562,0,C1133460762025000027,6fcb2e22-745d-4432-b6fa-bb9c5e54fb21,"Provision of media services to RTB(On Radios, TV, social media and website)",,pending,2025-12-31T00:00:00Z,2025-12-31T00:00:00Z,2026-12-29T00:00:00Z,363,126690306,RWF
0.releases.1563.contracts.0,0.releases.1563,0,C1202635652026000002,51e9d99a-f237-4d60-81a0-cca36372ab4a,Supply of Laundry and IPC  materials,,pending,2026-01-12T00:00:00Z,,,,2417800,RWF
0.releases.1564.contracts.0,0.releases.1564,0,C1018469922026000001,b81b0133-2048-413a-b6f2-4dd198075706,Supply of Curtains ,,pending,2026-01-08T00:00:00Z,2026-01-08T00:00:00Z,2026-04-07T00:00:00Z,89,1123360,RWF
0.releases.1566.contracts.0,0.releases.1566,0,C1016730022026000001,c9a8e515-939f-440c-b54f-2e03e345601b,Purchase of medical equipment (Re-Advertised),"This is the initial contract for Purchase of medical equipment.

For a purchase order exceeding twenty million (20 000 000 RWF) the performance guarantee must be submitted according to  Ministerial Order n° 001/23/10/ TC of 10/10/2023 establishing regulations governing public procurement.
Amount to be requested according to purchase order given:
5% of the value of the purchase order whose value exceed FRW 500,000,000; 
6% of the value of the purchase order whose is  between FRW 100,000,000 FRW to FRW 500,000,000;
 7% of the value of the purchase order whose value is between  FRW 50,000,000 to FRW 100,000,000; 
 10% of the value of the purchase order whose value is between  FRW 20,000,000 to FRW 50,000,000.",pending,2026-01-12T00:00:00Z,2026-01-12T00:00:00Z,2027-01-10T00:00:00Z,363,6713100,RWF
0.releases.1567.contracts.0,0.releases.1567,0,C1018469922026000001,b81b0133-2048-413a-b6f2-4dd198075706,Supply of Curtains ,,pending,2026-01-08T00:00:00Z,2026-01-08T00:00:00Z,2026-04-07T00:00:00Z,89,1123360,RWF
0.releases.1569.contracts.0,0.releases.1569,0,C1013980242024000001,94ad35d0-4a70-4060-b13b-b805f4e90d34,"Supply of Water and electricity, Lot I: Electricity",This  contract Amendment is framework agreement. shall be renewable  and renewal quotation will respect RURA / EUCL tariff + discount,active,2026-01-16T00:00:00Z,2026-01-16T00:00:00Z,2027-01-15T00:00:00Z,364,217,RWF
0.releases.1570.contracts.0,0.releases.1570,0,C1022690082023000066,6ccde167-00c9-4d88-ba45-b35a7ac3641f,"Feasibility study and housing design models for upgrading Mount Jali, Mount Rebero and Mount Kigali unplanned settlement sites in City of Kigali","The purpose of this amendment is to extend the contract for Four (4) months from 13/01/2026 to 12/05/2026, without cost effect.

Consultant is requested to update performance security to cover extended period before final approval of the extended contract.",pending,2025-05-08T00:00:00Z,2025-09-13T00:00:00Z,2026-05-12T00:00:00Z,241,199656000,RWF
0.releases.1571.contracts.0,0.releases.1571,0,C1022690082023000066,6ccde167-00c9-4d88-ba45-b35a7ac3641f,"Feasibility study and housing design models for upgrading Mount Jali, Mount Rebero and Mount Kigali unplanned settlement sites in City of Kigali","The purpose of this amendment is to extend the contract for Four (4) months from 13/01/2026 to 12/05/2026, without cost effect.

Consultant is requested to update performance security to cover extended period before final approval of the extended contract.",pending,2025-05-08T00:00:00Z,2025-09-13T00:00:00Z,2026-05-12T00:00:00Z,241,199656000,RWF
0.releases.1573.contracts.0,0.releases.1573,0,C1013364812025000041,d70c4423-54f0-4f92-be01-dc1e7a33f734,Execution works for Construction of Gitanda health center,"1.Advance payment of 20% of total contract price equivalent to 265,502,234rwf  shall be paid to the contractor after approval of project review and submission of advance guarantee of 100% of the amount of advance to be paid.

2.The total contract cost of 1,327,511,170 rwf will be paid progressively according to the certified and approved invoices. Payments shall be adjusted for deductions for advance payments.

3.The first invoice shall be submitted once the works progress is greater than 20%.
",pending,2026-01-05T00:00:00Z,2026-01-05T00:00:00Z,2026-11-30T00:00:00Z,329,1327511170,RWF
0.releases.1575.contracts.0,0.releases.1575,0,C1085313022025000017,cd76c0e7-9438-41d0-a2fa-9418a3053d90,Provision for supplying the tires to Rwanda FD,"The Supplier shall provide original, high-quality tyres that are not expired, are in good condition, and fully comply with the specifications set out in the advertisement.",active,2026-01-12T00:00:00Z,2026-01-12T00:00:00Z,2027-01-12T00:00:00Z,365,1168200,RWF
0.releases.1576.contracts.0,0.releases.1576,0,C1021074292025000007,69c6f32e-db53-4da5-b8b0-91fcf96bf5aa,Hotel services framework,n/a,active,2026-01-06T00:00:00Z,2026-01-06T00:00:00Z,2027-01-06T00:00:00Z,365,738798,RWF
0.releases.1577.contracts.0,0.releases.1577,0,C1021074292025000008,17263728-0edc-4956-81f1-5ea8e5e9bc70,Hotel services framework,N/A,active,2026-01-06T00:00:00Z,2026-01-06T00:00:00Z,2027-01-06T00:00:00Z,365,877199,RWF
0.releases.1578.contracts.0,0.releases.1578,0,C1085313022025000014,eb249dfe-dca1-4576-9aa0-03d7a5219db1,Markets and Bus station radios under a framework contract,"The Supplier shall provide the Contract Manager with evidence that the notices have been duly issued and broadcast. A verification procedure shall be applied to confirm that the notices have been implemented in accordance with the technical specifications and published at the approved locations and times.

Where required, the Buyer shall carry out inspections to verify the Supplier’s performance. An inspection report shall be prepared and communicated to the Supplier. The Supplier shall comply with the findings of the inspection report and shall carry out any required corrective actions within the time limits prescribed by the laws and regulations governing public procurement in the Republic of Rwanda, unless otherwise stated in the report",active,2026-01-12T00:00:00Z,2026-01-12T00:00:00Z,2027-01-12T00:00:00Z,365,102000,RWF
0.releases.1580.contracts.0,0.releases.1580,0,C1018286012026000006,9d74370a-0341-4bc6-bbf4-7a804ae04ce4,SPORTS AND RECREATION SERVICES,framework,pending,2026-01-05T00:00:00Z,2026-01-05T00:00:00Z,2027-01-04T00:00:00Z,364,81001,RWF
0.releases.1581.contracts.0,0.releases.1581,0,C1018286012026000007,e2fd5e48-100d-4740-9f6a-a4d651101b3a,REQUEST FOR QUATITION OF PROMOTIONAL MATERIALS OF HEC,Framework,pending,2026-01-12T00:00:00Z,2026-01-12T00:00:00Z,2027-01-11T00:00:00Z,364,528168,RWF
0.releases.1582.contracts.0,0.releases.1582,0,C1020403172025000034,dd229689-5f78-4887-915b-27702a9a67af,Annual framework tender for maintenance and repairing of office furnitures,,pending,2026-01-07T00:00:00Z,2026-01-07T00:00:00Z,2026-12-21T00:00:00Z,348,401790,RWF
0.releases.1583.contracts.0,0.releases.1583,0,C1006005702025000114,8df02596-0561-4425-a1fa-742d50796d76,"Supply and installation of licenses for firepower, radware, one identity PAM, vulnerability assessment tool, motadata to RRA (framework contract)","Framework Agreement for Supply and installation of licenses for firepower, radware, one identity PAM, vulnerability assessment tool, motadata to RRA.",pending,2026-01-07T00:00:00Z,2026-01-07T00:00:00Z,2026-12-29T00:00:00Z,356,180056200,RWF
0.releases.1586.contracts.0,0.releases.1586,0,C1008340952024000012,cd500ba0-0958-43d2-bb12-ad836c6b1504,SUPPLY OF RESTAURENT AND HOTEL SERVICES TO REMERA RUKOMA HOSPITAL,This is a contract agreement of supplying restaurant and hotel services to Remera Rukoma District Hospital and its for one year renewable upon satisfaction of both parties,pending,2025-01-11T00:00:00Z,2026-01-11T00:00:00Z,2027-01-10T00:00:00Z,364,1836524,RWF
0.releases.1593.contracts.0,0.releases.1593,0,C1024326722026000003,24221ba6-9ed6-4dc4-9622-5080d5ce3746,Supply of lime grade 1,,pending,2026-01-09T00:00:00Z,2026-01-09T00:00:00Z,2027-01-06T00:00:00Z,362,99,RWF
0.releases.1594.contracts.0,0.releases.1594,0,C1085313022025000016,9e6515e0-7b9f-47a3-b7dd-419b0d502c65,Provision of local transport to Rwanda FDA,,pending,2026-01-09T00:00:00Z,2026-01-09T00:00:00Z,2027-01-10T00:00:00Z,366,79060,RWF
0.releases.1595.contracts.0,0.releases.1595,0,C1024326722026000003,24221ba6-9ed6-4dc4-9622-5080d5ce3746,Supply of lime grade 1,,pending,2026-01-09T00:00:00Z,2026-01-09T00:00:00Z,2027-01-06T00:00:00Z,362,99,RWF
0.releases.1596.contracts.0,0.releases.1596,0,C1085313022025000016,9e6515e0-7b9f-47a3-b7dd-419b0d502c65,Provision of local transport to Rwanda FDA,,pending,2026-01-09T00:00:00Z,2026-01-09T00:00:00Z,2027-01-10T00:00:00Z,366,79060,RWF
0.releases.1597.contracts.0,0.releases.1597,0,C1024326722024000054,a0e884dc-d9c1-4a6b-830d-46eac6d7af47,Provision of transport services to RAB Staff,Framework Agreement,pending,2024-10-30T00:00:00Z,2025-10-31T00:00:00Z,2026-10-30T00:00:00Z,364,41300,RWF
0.releases.1598.contracts.0,0.releases.1598,0,C1078616252023000056,35ce8c7f-acdf-464c-afbf-3c1171aa691a,Acquisition of fuel and lubricants,"The performance security will be required if the purchase order is greater than twenty million (20,000,000 Frw) with the following percentages: 5% of the value of the purchase order whose value exceed FRW 500,000,000; 6% of the purchase order whose value between FRW 100,000,000 FRW to FRW 500,000,000; 7% of the purchase order whose value is between FRW 50,000,000 to FRW 100,000,000 and 10% per cent of the purchase order whose value is between FRW 20,000,000 to FRW 50,000,000.   
The consumption of product is electronic card.
The unit price is RURA price even if the contract appears the unit prices  but it will be changed according to the RURA price.
The discount of 15 Frw per liter will remain firm and fix during the whole 
period of contract.
This is the framework contract for three years but one year renewable twice depending the report from the end-user confirming that the contractor was performed.",pending,2024-01-09T00:00:00Z,2024-01-10T00:00:00Z,2027-01-10T00:00:00Z,1096,10029,RWF
0.releases.1601.contracts.0,0.releases.1601,0,C1071118822025000039,2a115ad8-ae07-4d31-aa08-2171f2ee1e90,"A framework agreement for ICT equipment maintenance, support, and spare parts supply to governemt institutions",This contract is signed for one year renewable twice upon satisfactory performance,pending,2025-12-22T00:00:00Z,2025-12-22T00:00:00Z,2026-12-15T00:00:00Z,358,1241906891,RWF
0.releases.1602.contracts.0,0.releases.1602,0,C1013364812026000002,e912800a-bd53-4d91-ab4d-1c886813029a,Providing House furniture to the needy beneficiaries of Rulindo District,"Providing House furniture to the needy beneficiaries of Rulindo District

Contract duration is 4calendar months from signing date

Delivery shall be effective within 4months from the date of issuance of purchase order to the supplier",pending,2026-01-12T00:00:00Z,2026-01-12T00:00:00Z,2026-05-11T00:00:00Z,119,5200288,RWF
0.releases.1603.contracts.0,0.releases.1603,0,C1014030752026000001,7c7137a7-44b5-4796-8445-20eb267a1308,Provision of Bulk SMS Services,The services will be provided according to the purchase order and This framework contract may be renewed twice depending on satisfactory performance of the Supplier.,pending,2026-01-06T00:00:00Z,2026-01-06T00:00:00Z,2027-01-15T00:00:00Z,374,12,RWF
0.releases.1604.contracts.0,0.releases.1604,0,C1025438562026000001,4de62785-1e08-4dfc-a1a0-94e12c7c383d,Supply of Assistive Devices,Frame work contract,active,2026-01-12T00:00:00Z,2026-01-12T00:00:00Z,2027-01-12T00:00:00Z,365,1134500,RWF
0.releases.1605.contracts.0,0.releases.1605,0,C1014650502025000001,f1019740-d261-469d-a920-cc1c13080e14,Gym/ Aerobic classes,No,pending,2026-01-12T00:00:00Z,2026-01-13T00:00:00Z,2027-01-12T00:00:00Z,364,10620,RWF
0.releases.1606.contracts.0,0.releases.1606,0,C1014650502025000001,f1019740-d261-469d-a920-cc1c13080e14,Gym/ Aerobic classes,No,pending,2026-01-12T00:00:00Z,2026-01-13T00:00:00Z,2027-01-12T00:00:00Z,364,10620,RWF
0.releases.1609.contracts.0,0.releases.1609,0,C1085313022026000001,a543cd89-79e7-4d30-8326-f37b326cdbba,Production of audio-visual content under framework contract ,,pending,2026-01-12T00:00:00Z,2026-01-12T00:00:00Z,2027-01-06T00:00:00Z,359,10166880,RWF
0.releases.1610.contracts.0,0.releases.1610,0,C1018988172026000001,733c0169-7cdc-43a4-adad-56fba328165d,"Supply of biohazard plastic bags , waste management materials and pest contral","This is framework contract of bio-hazard plastic bags , waste management materials and pest control in Butaro Level Two Teaching Hospital",pending,2026-01-12T00:00:00Z,2026-01-12T00:00:00Z,2027-01-11T00:00:00Z,364,9500,RWF
0.releases.1611.contracts.0,0.releases.1611,0,C1014030752025000001,bec78e46-0c43-4e64-a832-d0140a16feea,Provision of Animal Insermination and Vaccination Services,"	
The contract will be a framework and may be renewed twice depending on satisfactory performance of the Supplier and available budget",pending,2025-01-09T00:00:00Z,2025-01-09T00:00:00Z,2027-01-08T00:00:00Z,729,80,RWF
0.releases.1612.contracts.0,0.releases.1612,0,C1014030752025000001,bec78e46-0c43-4e64-a832-d0140a16feea,Provision of Animal Insermination and Vaccination Services,"	
The contract will be a framework and may be renewed twice depending on satisfactory performance of the Supplier and available budget",pending,2025-01-09T00:00:00Z,2025-01-09T00:00:00Z,2027-01-08T00:00:00Z,729,80,RWF
0.releases.1613.contracts.0,0.releases.1613,0,C1222010062025000031,ba26010c-333e-4a83-b900-f99fc1a23773,"Hiring service provider to provide technical assistance for readiness to certification for agricultural export products (Coffee, Tea and Horticulture)","The consultant shall execute the milestones for each exporter supported for certification carrying out all steps from the inception report, the gap analysis, the training phase, the documentation until the certification phase on each of the ten (10) companies.

The consultant will be issued service order depending on the number of available companies to be trained and certified as and the payment will also depend on the number of certified companies.

The performance security will be required on each service order with value above 20,000,000 Frw.

",pending,2026-01-09T00:00:00Z,2026-01-09T00:00:00Z,2026-12-10T00:00:00Z,335,35990000,RWF
0.releases.1615.contracts.0,0.releases.1615,0,C1017921732023000033,c2116f41-3336-499a-9461-c94535d20923,"Provision of Hotel Service to NPPA in Kigali City (Accommodation, Meeting Rooms, and Outside Catering)/Framework Contract","This is contract for Provision of Hotel Service to NPPA in Kigali City (Accommodation, Meeting Rooms, and Outside Catering)/Framework Contract between NPPA and OLYMPIC HOTEL LTD

The Buyer shall pay all sums due to the Service provider to the account and within 45 days after reception of a valid invoice.",pending,2026-01-12T00:00:00Z,2026-01-13T00:00:00Z,2027-01-12T00:00:00Z,364,3093252,RWF
0.releases.1616.contracts.0,0.releases.1616,0,C1008340952026000001,9dae3ef8-d15b-497d-8dae-2a11400890c7,Insurance of Buildings and Equipment's Hospital,This is a contract agreement for Insurance of Buildings and Equipment's Hospital,pending,2026-01-12T00:00:00Z,2026-01-12T00:00:00Z,2027-01-04T00:00:00Z,357,11068772,RWF
0.releases.1618.contracts.0,0.releases.1618,0,C1017258792026000001,cb9ca36c-b098-4467-a1c7-c874df241ed2,Construction of Adeper GS Muhoza Bralirwa asphalt road,This contract will be implemented in the period of 2months,pending,2026-01-12T00:00:00Z,2026-01-12T00:00:00Z,2026-03-11T00:00:00Z,58,491166628,RWF
0.releases.1620.contracts.0,0.releases.1620,0,C1014493222026000003,f251c8c4-2abf-43e7-9d9b-0668bb168c35,SUPPLY OF SPARE PARTS FOR NEW GENERATORS FOR FPU ROTATIONS ON FRAMEWORK AGREEMENT,"-The object of this contract is to SUPPLY OF SPARE PARTS FOR NEW GENERATORS FOR FPU ROTATIONS ON FRAMEWORK AGREEMENT

The framework agreement will be signed at Unit price taxes exclusive and it shall come into effect on the date of approval by All concerned parties.
This framework agreement shall be conducted for a period not exceeding three (3) years starting from the date of signing of this contract by All concerned parties and shall be implemented by signing a one-year contract renewable annually as long as there has been satisfactory performance by the supplier.

-The Supplier shall, provide performance securities in a form of Performance Guarantee for each purchase order valued exceeding twenty million Rwandan Francs (20,000,000 Frw).
-The Contract duration shall be One-year renewable.
 -Delivery period shall be Five (5) days from reception of purchase order.
-The place of delivery shall be CIP KIGALI and the final destination shall be KACYIRU POLICE GENERAL HEADQUARTERS.
",pending,2026-01-12T00:00:00Z,2026-01-12T00:00:00Z,2026-01-14T00:00:00Z,2,15930000,RWF
0.releases.1621.contracts.0,0.releases.1621,0,C1006004482025000001,73c9e5c7-ea94-42cd-841a-2c46413a585f,Framework contract for Car Wash services for RURA vehicles for a period of one year renewable twice,This Framework Agreement is for the provision of Car wash Services for RURA Vehicles by ELVIS SUPPLY & SERVICES Ltd in accordance with the provisions of this contract for a period of one year renewable twice subject to Client satisfaction on the services offered by the service provider. ,pending,2025-01-27T00:00:00Z,2025-01-27T00:00:00Z,2027-01-26T00:00:00Z,729,25000,RWF
0.releases.1622.contracts.0,0.releases.1622,0,C1018988172026000002,3d35dbf3-2015-49cc-9928-f0e9cf3b262d,"Purchase materials, Furnitures, maintenance and rehabilitation infrastructure of BUTAROLevel Two Teaching Hospital (Electricity materials )","This is the framework contract of supplying materials, Furniture, maintenance and rehabilitation infrastructure of BUTARO Level Two Teaching Hospital (Electricity materials).",pending,2026-01-12T00:00:00Z,2026-01-12T00:00:00Z,2027-01-11T00:00:00Z,364,1429570,RWF
0.releases.1623.contracts.0,0.releases.1623,0,C1024203812025000023,30e7d243-d7c8-4089-878d-e90ef8dfdc83,Tender for acquisition of laboratory equipment under CDAT funds,Contract for acquisition of laboratory equipment under CDAT funds,active,2026-01-08T00:00:00Z,2026-01-08T00:00:00Z,2026-04-08T00:00:00Z,90,239741610,RWF
0.releases.1624.contracts.0,0.releases.1624,0,C1017344602026000001,4829aaac-1f7c-4ce6-ad43-b08ddebf5a5f,Annual framework tender for maintenance and rehabilitation  works of Huye district buildings and infrastructures,ok,pending,2026-01-12T00:00:00Z,2026-01-12T00:00:00Z,2027-01-11T00:00:00Z,364,2733954,RWF
0.releases.1625.contracts.0,0.releases.1625,0,C1019926372024000001,9fca7017-545c-4119-b821-51a52e49c648,"Tender for protection of ditches and radical terraces using  cuttings,trees and grasses","-  This contract is one year renewable 
-  The procuring entity requires the performance security per each purchase order exceeding FRW 20,000,000.",pending,2024-01-11T00:00:00Z,2024-01-11T00:00:00Z,2027-01-10T00:00:00Z,1095,646895,RWF
0.releases.1626.contracts.0,0.releases.1626,0,C1031240742024000009,4a77f31e-ea2f-419b-8998-a8005fbc5da9,Execution works of ravines rehabilitation in and around Nyabiheke and Mahama refugee camps,"*The contract  execution  period is Nine (9) calendar months (initial);
*Delay penalties is 1/1000 per day of delay

Contract  Management:
==================
*Contract Manager:
MUGISHA Samuel,Social Safeguard Specialist, Telephone:0784084682, Email:smugisha@minema.gov.rw

*Co-contract Managers:
TUYISENGE  Elidad, Senior Civil Engineer, Telephone: 0787736528, Email:etuyisenge@minema.gov.rw
",pending,2024-10-01T00:00:00Z,2024-10-01T00:00:00Z,2026-03-01T00:00:00Z,516,2032441975,RWF
0.releases.1629.contracts.0,0.releases.1629,0,C1074264222024000053,4e2782d4-5c97-4e0e-a4bd-4583bc73d128,Provision of maritime transport across lake Kivu,First contract extension.,pending,2026-01-14T00:00:00Z,2026-01-14T00:00:00Z,2027-01-13T00:00:00Z,364,1059528,RWF
0.releases.1630.contracts.0,0.releases.1630,0,C1116785842026000010,b3295062-65c6-41a6-9034-ebd65f68f266,"Provision of Hotel services (3 stars, 2 stars and 1 star) under framework",,pending,2026-01-12T00:00:00Z,2026-01-12T00:00:00Z,2027-01-11T00:00:00Z,364,3038490,RWF
0.releases.1631.contracts.0,0.releases.1631,0,C1006047032025000023,c33c0026-1edf-4896-b278-e577b9717fa5,Hiring of individual consultant to conduct the 2025/26 User Satisfaction Survey.,"1. Delivery period; The contract shall be executed within a period of 150 calendar days (5 months) and the consultant shall meet deliverables as per the timelines in the contract negotiation meeting minutes of 30th December 2025.

2. Contract Duration: The contract duration shall be five (5) months to cater for the delivery period mentioned above. and to allow the payment of invoices.

3. Payment modalities: The consultant shall be paid after completion of each milestone as per the given percentages in the contract negotiation meeting minutes of 30th December 2025",active,2026-01-12T00:00:00Z,2026-01-12T00:00:00Z,2026-06-12T00:00:00Z,151,45832100,RWF
0.releases.1632.contracts.0,0.releases.1632,0,C1202635652026000001,9693749f-0d84-4998-8bbe-6359a9ce23f0,Provision of cleaning services and Gardening," This is one-year Agreement, the mentioned amount will be paid on monthly basis after Quality evaluation and proofing that the company has paid it staff RSSB Contribution.

Due to inconveniences noticed from the previous contract execution,   like tax declaration, financial reporting and audit caused by contract starting from the middle of the month (14th  of every month to 13th of another month)  It was agreed that the new contract invoicing will be done on monthly basis (starting from 1st February ,2026) but the remaining days (18 )of this month January 2026 be counted and invoiced from 14th to 31st January 2026, and will be paid based on new contract amount  (3,419,995*18/30)=2,051997Rwf, and the amount to be paid  for 18 days is 2,051997Rwf).",pending,2026-01-12T00:00:00Z,2026-01-12T00:00:00Z,2027-01-29T00:00:00Z,382,3419995,RWF
0.releases.1634.contracts.0,0.releases.1634,0,C1018521442024000030,f00e86e6-6da6-40d4-9f9f-de27cc5c06be,Reception of visitors for District under framework agreement,Reception of visitors for District under framework agreement,pending,2026-01-22T00:00:00Z,2026-01-22T00:00:00Z,2027-01-22T00:00:00Z,365,5503520,RWF
0.releases.1635.contracts.0,0.releases.1635,0,C1016355022024000033,9c4c4c06-8b9e-4d53-9ea6-e0606438545f,"Banners  T -SHIRT,SINPOST,DEPLIAT AND CURTAINS",Framework agreement.,pending,2024-11-11T00:00:00Z,2024-11-11T00:00:00Z,2026-11-11T00:00:00Z,730,208388,RWF
0.releases.1636.contracts.0,0.releases.1636,0,C1017921732023000036,53c6cd90-e9d0-47f8-876a-ecfc125c1127,"Provision of Hotel Service to NPPA in Kigali City (Accommodation, Meeting Rooms, and Outside Catering)/Framework Contract","This is contract for Provision of Hotel Service to NPPA in Kigali City (Accommodation, Meeting Rooms, and Outside Catering)/Framework Contract between NPPA and URBAN PARK SUITES LTD
Payment will based on unit price after received  purchaser order within 45 days 

This contract is extended for one year (1)/ effective from 13th January
2025 according article 1 (1.3) of General Conditions of Contract (GCC) and 1.3 of Special Conditions of Contract (SCC) which stipulate that the agreement shall be initially signed for one (1) year and may be renewed twice depending on satisfactory performance of the Service Provider According to The Ministerial Order N° 001/23/10/ TC of 10/10/2023 establishing regulations governing Public Procurement in its art article 109 (4) regarding amount and period for submission of performance security,
stipulate that “The performance security is not required for all tenders whose amount does not exceed FRW 20,000,000 and tenders for framework agreements when the purchase order value does not exceed FRW 20,000,000. However, URBAN PARK SUITES Ltd will submit the
performance securing declaration.
",pending,2026-01-12T00:00:00Z,2026-01-13T00:00:00Z,2027-01-12T00:00:00Z,364,3312260,RWF
0.releases.1637.contracts.0,0.releases.1637,0,C1019097902024000032,a5cd0f6a-2719-4318-844e-595a32b8b1e0,Provision of communication services (closed user group) and airtime Cards,This Contract is for one year renewable.,pending,2025-01-29T00:00:00Z,2025-01-29T00:00:00Z,2026-01-29T00:00:00Z,365,395000,RWF
0.releases.1638.contracts.0,0.releases.1638,0,C1030478352026000001,04619566-052a-4289-a4e9-9b9b571a8cc8,Provision of parking services,"The payment shall be made on a monthly basis and will be based on the updated list of staff vehicles, excluding ten (10) parking spaces that are covered under the RHA office rent contract.
Note: The number of parking spaces subject to payment shall not exceed thirty (30) spaces.
The monthly price of Thirty five thousand four hundred Rwandan Francs (35,400 FRW) per car taxes inclusive. 
This price is for either sheltered parking space or not sheltered parking space",pending,2026-01-12T00:00:00Z,2026-01-12T00:00:00Z,2027-01-11T00:00:00Z,364,35400,RWF
0.releases.1639.contracts.0,0.releases.1639,0,C1017854532025000031,33a350ba-9672-423e-8c36-6df4ec05b34c,Execution works for Rehabilitation and upgrading Yove Health Center,This contract will be executed within 18 months starting from the date stipulated in of service order,active,2026-01-12T00:00:00Z,2026-01-12T00:00:00Z,2027-07-12T00:00:00Z,546,1399431344,RWF
0.releases.1640.contracts.0,0.releases.1640,0,C1006004562025000007,97db02c8-f7ac-4273-8fe8-2a6fb6627779,Provision of Maintenance Services & Repair Program for Elevator (Re-advertisement) ,,active,2025-01-21T00:00:00Z,2025-01-21T00:00:00Z,2027-01-20T00:00:00Z,729,39955639,RWF
0.releases.1641.contracts.0,0.releases.1641,0,C1022690082023000067,14de0f22-8f9e-42b0-8144-8a0eafe4bec1,Rental of office space to accommodate RCA(Re-advert),"Space to be rented= 1516.81sqm
cost/sqm= 11,500Frw
Rent cost/month= 17,443,315Frw
Rent cost/year= 209,319,780Frw",pending,2024-01-11T00:00:00Z,2025-01-12T00:00:00Z,2027-01-11T00:00:00Z,729,209319780,RWF
0.releases.1646.contracts.0,0.releases.1646,0,C1016678342025000010,22c9674b-51db-469c-835b-4307b1555359,TENDER FOR TRANSPORT,"1. The delivery period is 2 days following the reception of purchase order duly approved by competent authority
2. Mugihe hari imodoka ikenewe hazakoreshwa bon de commande",pending,2026-01-08T00:00:00Z,2026-01-08T00:00:00Z,2026-12-23T00:00:00Z,349,6766760,RWF
0.releases.1647.contracts.0,0.releases.1647,0,C1022690082024000025,d5ba4f38-5fde-4132-80b2-a9bf114c8c21,Supervision of rehabilitation works of Kamonyi Research Center,"The purpose of this amendment is to increase the Consultant fees as approved by Inter-Institutional Penal minutes of 24/12/2025.  

Consultant is requested to update performance security to cover the new amount of Contract.",pending,2025-04-28T00:00:00Z,2025-04-29T00:00:00Z,2026-02-28T00:00:00Z,305,80830000,RWF
0.releases.1648.contracts.0,0.releases.1648,0,C1022690082024000025,d5ba4f38-5fde-4132-80b2-a9bf114c8c21,Supervision of rehabilitation works of Kamonyi Research Center,"The purpose of this amendment is to increase the Consultant fees as approved by Inter-Institutional Penal minutes of 24/12/2025.  

Consultant is requested to update performance security to cover the new amount of Contract.",pending,2025-04-28T00:00:00Z,2025-04-29T00:00:00Z,2026-02-28T00:00:00Z,305,80830000,RWF
0.releases.1650.contracts.0,0.releases.1650,0,C1019320002026000001,2bf6c136-ce3e-4f5d-8e73-f0af8ca20253,Vaccination & Insemination through Veterinary Sanitary Mandate,,pending,2026-01-08T00:00:00Z,2026-01-08T00:00:00Z,2027-01-11T00:00:00Z,368,7050,RWF
0.releases.1652.contracts.0,0.releases.1652,0,C1169060812024000008,e9adfb21-a0de-4f77-8cd8-a0a49316f924,Upgrade of electronic medical record and hospital management information system,"The contract shall be managed by Ministry of Health as prime contract managers in collaboration with the component lead at RISA to ensure the project is done as per the requirements of the bid and within the specified timelines.

The Consulting firm shall commence the assignment on the kick-off date which will take place within 1 week after contract signing by both parties and the duration of the assignment was agreed to
be 12 months for implemementation,3 months for review and validation by the client and 1 week of the kick-off meeting which makes the total duration of the assignment 15 months and 1 week. 

",pending,2025-12-17T00:00:00Z,2025-12-17T00:00:00Z,2026-03-16T00:00:00Z,89,1887488714,RWF
0.releases.1655.contracts.0,0.releases.1655,0,C1014060982022000056,6d978a3c-c28e-457c-9621-5221beacc39b,Providing cleaning service for Gicumbi District,"This contract is a framework contract which can be be renewed  for two years 
 This contract is renewed  for third year.   
contract extension for period of one months",pending,2023-01-04T00:00:00Z,2023-01-14T00:00:00Z,2026-02-12T00:00:00Z,1125,1905700,RWF
0.releases.1656.contracts.0,0.releases.1656,0,C1016355022022000042,95b10b65-d76e-410f-beb3-282edf657e4a,Tender for maintenance of vehicles  and moto vehicles,Contract for providing Maintenance services for district Vehicles and Motobickes,active,2023-01-05T00:00:00Z,2023-01-05T00:00:00Z,2026-05-05T00:00:00Z,1216,6648828,RWF
0.releases.1657.contracts.0,0.releases.1657,0,C1010568372025000001,4bb68f47-7ca3-4adb-ba77-cfcb6425306b,Provision of cleaning service,"This amendment is made in order to implement the assigned responsibilities as per the Memorandum of Understanding signed between Rwanda Demobilization and reintegration Commission, Rwanda Space Agency (RSA) and Rwanda Journalists Association (ARJ) on 1st July 2025 for management of shared services at Hallmark Centre building.  

The amendment of the contract  necessitates an 'increase of 1,853,493Frw for cleaning service at the Headquarters of RDRC. The request would raise the contract amount to 3,253,494Frw (2,400.000Frw for cleaning service at the Headquarters of RDRC and 853,494Frw for cleaning services of centers), reflecting an additional increase of 1,853,493Frw representing an increment of +132%.

As per the provision of article article of 89 of Ministerial Order, no: 001/23/10/TC of 10/10/2023 establishing regulations governing public procurement and the RPPA recommendation dated on 8/10/2025 as per the letter Ref:010/2025/2026-0176/RPPA, this amendment is approved by the inter-institutional panel as per the meeting minutes of 24th December 2025. The amendment is effective from 24, December 2025",active,2025-02-24T00:00:00Z,2025-02-24T00:00:00Z,2026-02-24T00:00:00Z,365,3253494,RWF
0.releases.1658.contracts.0,0.releases.1658,0,C1074264222025000008,958f6d42-90d2-4d63-9fdb-9d554e659ba8,Re-advertised tender of Supply and Delivery training materials at NRS centers,First contract extension.,active,2026-03-24T00:00:00Z,2026-03-24T00:00:00Z,2027-03-23T00:00:00Z,364,7693773,RWF
0.releases.1659.contracts.0,0.releases.1659,0,C1014493222026000002,624f84d7-b0f2-413a-b0a6-c3edf4398d1b,SUPPLY OF DIFFERENT REQUIREMENTS FOR REINFORCEMENT IN FPU PHASE III,"The object of this contract is to supply different requirements for reinforcement in FPU Phase III (Lot 5: SUPPLY OF ELECTRICAL AND CONSTRUCTION MATERIALS).

The contract is at total price of 40,442,500 Frw Taxes exclusive and the performance security shall be 10% of the contract value.

The contract shall be conducted for a period of Sixty (60) days from contract signing date of contract signing by all concerned parties.

The place of delivery shall be: CIP KIGALI.
",pending,2026-01-10T00:00:00Z,2026-01-10T00:00:00Z,2026-03-09T00:00:00Z,58,40442500,RWF
0.releases.1660.contracts.0,0.releases.1660,0,C1014493222026000002,624f84d7-b0f2-413a-b0a6-c3edf4398d1b,SUPPLY OF DIFFERENT REQUIREMENTS FOR REINFORCEMENT IN FPU PHASE III,"The object of this contract is to supply different requirements for reinforcement in FPU Phase III (Lot 5: SUPPLY OF ELECTRICAL AND CONSTRUCTION MATERIALS).

The contract is at total price of 40,442,500 Frw Taxes exclusive and the performance security shall be 10% of the contract value.

The contract shall be conducted for a period of Sixty (60) days from contract signing date of contract signing by all concerned parties.

The place of delivery shall be: CIP KIGALI.
",pending,2026-01-10T00:00:00Z,2026-01-10T00:00:00Z,2026-03-09T00:00:00Z,58,40442500,RWF
0.releases.1661.contracts.0,0.releases.1661,0,C1017854532026000001,bc12526b-b6a7-484e-b940-615758862141,Supervision of Execution works for Rehabilitation and upgrading Yove Health Center,This contract is for Supervision of Execution works for Rehabilitation and upgrading Yove Health Center in Nyamasheke District within 19 months,pending,2026-01-12T00:00:00Z,2026-01-12T00:00:00Z,2027-08-11T00:00:00Z,576,54000000,RWF
0.releases.1665.contracts.0,0.releases.1665,0,C1169060812024000017,108d3e83-04e4-4c56-8e25-1cb752f221d4,Tender for Civil Registration Archives Digitization service outsourcing ,This contract  shall be completed within Fourteen (14) months including Two (2) weeks for review and approval of each deliverable by the client.,pending,2026-01-01T00:00:00Z,2026-01-01T00:00:00Z,2026-06-30T00:00:00Z,180,3500116,USD
0.releases.1667.contracts.0,0.releases.1667,0,C1017854532024000003,2cbd410a-7a2c-470a-b6bd-e862584eac23,Tender for transport services in Nyamasheke District,this contract shall be executed referring to purchase order,pending,2024-01-15T00:00:00Z,2025-01-16T00:00:00Z,2026-01-15T00:00:00Z,364,3348998,RWF
0.releases.1668.contracts.0,0.releases.1668,0,C1006004562025000004,d6c74117-59e7-4233-8662-df8a5712aa6d,"Provision of Venue for Meetings, Conferences and Accommodation",,active,2025-01-20T00:00:00Z,2025-01-20T00:00:00Z,2027-01-19T00:00:00Z,729,2155270,RWF
0.releases.1669.contracts.0,0.releases.1669,0,C1006004562025000003,1a8b0f3c-ea79-43d6-b99b-649daadcb590,"Provision of Venue for Meetings, Conferences and Accommodation",,active,2025-01-17T00:00:00Z,2025-01-21T00:00:00Z,2027-01-20T00:00:00Z,729,3428500,RWF
0.releases.1670.contracts.0,0.releases.1670,0,C1035483272024000007,8c24c65c-972c-4f48-b959-20d2ec16283b,PROVISION OF INSURANCE OF ASSET,"This contract is signed for the period of one (1) year which may be renewed twice upon the client satisfactory.

This is the first renewal for the initial contract of provision for insurance of asset; The renewed contract terms shall be effective from 13 January 2026 until 12 January 2027. ",pending,2025-01-13T00:00:00Z,2026-01-13T00:00:00Z,2027-01-12T00:00:00Z,364,2332728,RWF
0.releases.1671.contracts.0,0.releases.1671,0,C1006005702025000115,98901999-e9fb-461e-81f5-34bc2a28b78c,"Production, supply and installation of specialized printing materials to RRA such as Notepads, Danglers (framework contract)","Contract for Production, supply and installation of specialized printing materials to RRA such as Notepads, Danglers (framework contract)",pending,2026-01-08T00:00:00Z,2026-01-08T00:00:00Z,2026-12-30T00:00:00Z,356,2894016,RWF
0.releases.1675.contracts.0,0.releases.1675,0,C1022690082024000072,1e120de4-de10-498a-8863-8cf921c99b96,Supply and Installation of FIFA approved artificial Turf at Huye Stadium and returning floodlights borrowed from Rubavu,"The purpose of this amendment is to adjust the contract amount to include the Bills of Quantities for new items totaling Three Hundred Seventy-Three Million Six Hundred Twenty-Five Thousand Nine Hundred Eighty Rwandan Francs (373,625,980 Frw) all taxes inclusive and to omit the item related to the “correction of the subbase for planimetry, compaction, permeability and slope adjustment” equivalent to 47,021,709 Frw in the initial contract is also omitted as it will be replaced by the new scope of new item.

The supplier is requested to adjust the performance security to cover the adjusted contract amount.",pending,2025-11-11T00:00:00Z,2025-11-23T00:00:00Z,2026-03-22T00:00:00Z,119,1926583124,RWF
0.releases.1679.contracts.0,0.releases.1679,0,C1014493222026000001,e59e6270-657e-4965-8086-7cce49b72459,SUPPLY OF DIFFERENT REQUIREMENTS FOR REINFORCEMENT IN FPU PHASE III,"The object of this contract is to supply different requirements for reinforcement in FPU Phase III (Lot 2: SUPPLY OF DIFFERENT EQUIPMENT FOR MINUSCA/UNMISS FPUs).

The contract is at total price of 29,080,000 Frw Taxes exclusive and the performance security shall be 10% of the contract value.

The contract shall be conducted for a period of Sixty (60) days from contract signing date of contract signing by all concerned parties.

The place of delivery shall be: CIP KIGALI.
",pending,2026-01-10T00:00:00Z,2026-01-10T00:00:00Z,2026-03-09T00:00:00Z,58,29080000,RWF
0.releases.1680.contracts.0,0.releases.1680,0,C1022690082023000036,9dbb5891-ddf4-4724-bdf6-00b889523ec4,Supervision of Construction Works of 528 housing units with infrastructure,"The purpose of this amendment is to extend the contract for three (3) months effective from expiration date of the existing contract until 11/04/2026, without cost effect.

Consultant is requested to update performance security to cover extended period before final approval of the extended contract.",pending,2025-08-11T00:00:00Z,2025-08-12T00:00:00Z,2026-01-11T00:00:00Z,152,1508801100,RWF
0.releases.1681.contracts.0,0.releases.1681,0,C1022690082023000036,9dbb5891-ddf4-4724-bdf6-00b889523ec4,Supervision of Construction Works of 528 housing units with infrastructure,"The purpose of this amendment is to extend the contract for three (3) months effective from expiration date of the existing contract until 11/04/2026, without cost effect.

Consultant is requested to update performance security to cover extended period before final approval of the extended contract.",pending,2025-08-11T00:00:00Z,2025-08-12T00:00:00Z,2026-01-11T00:00:00Z,152,1508801100,RWF
0.releases.1682.contracts.0,0.releases.1682,0,C1022690082024000035,e9990868-0190-4dce-9a7b-9e6a67d72047,Framework contract for design and supervision of urgent government construction projects (Re-advert),"The Purpose of this contract amendment is to extend contract duration for the following projects: 
1. Supervision of construction works of National Processing Center in Kicukiro District and four Local Post-Harvest Centers in Bugesera, Rubavu, Rulindo and Nyagatare Districts.
",pending,2025-09-10T00:00:00Z,2025-09-11T00:00:00Z,2026-06-10T00:00:00Z,272,14333600,RWF
0.releases.1683.contracts.0,0.releases.1683,0,C1006004562026000003,86542229-a715-40b7-af2e-45e072fa6855,Individual consultant to Develop the Standard Operating Procedures (SOPs) for MINECOFIN Processes,,pending,2026-01-12T00:00:00Z,2026-01-12T00:00:00Z,2026-04-11T00:00:00Z,89,11982100,RWF
0.releases.1685.contracts.0,0.releases.1685,0,C1024326722024000054,a0e884dc-d9c1-4a6b-830d-46eac6d7af47,Provision of transport services to RAB Staff,Framework Agreement,active,2024-10-30T00:00:00Z,2025-10-31T00:00:00Z,2026-10-30T00:00:00Z,364,41300,RWF
0.releases.1687.contracts.0,0.releases.1687,0,C1025683162024000059,e1bf8f97-17cb-43ae-874c-4934d85ee3b4,Maintenance of Laboratory information system at NRL,,pending,2025-01-06T00:00:00Z,2025-01-07T00:00:00Z,2027-01-07T00:00:00Z,730,52914386,RWF
0.releases.1688.contracts.0,0.releases.1688,0,C1016621172025000055,9decfd48-d951-4abf-9e73-af91471b301a,Tender for the  Airtime and space in different media platforms,Framework contract,pending,2025-12-13T00:00:00Z,2025-12-13T00:00:00Z,2026-12-12T00:00:00Z,364,708000,RWF
0.releases.1689.contracts.0,0.releases.1689,0,C1008340952024000012,cd500ba0-0958-43d2-bb12-ad836c6b1504,SUPPLY OF RESTAURENT AND HOTEL SERVICES TO REMERA RUKOMA HOSPITAL,This is a contract agreement of supplying restaurant and hotel services to Remera Rukoma District Hospital and its for one year renewable upon satisfaction of both parties,active,2025-01-11T00:00:00Z,2026-01-11T00:00:00Z,2027-01-10T00:00:00Z,364,1836524,RWF
0.releases.1690.contracts.0,0.releases.1690,0,C1008340952025000001,5eaa4663-2712-4aa3-9488-34833750a00a,"Office Supplies, consumables and printing services","This is an amendment of contract of Office Supplies, consumables and printing services for one year renewable upon satisfactory services by both parties.",active,2025-01-20T00:00:00Z,2026-01-20T00:00:00Z,2027-01-19T00:00:00Z,364,844613,RWF
0.releases.1691.contracts.0,0.releases.1691,0,C1006003752025000035,c1c69da5-0cc7-43ce-9bc8-b21595fd4050,"Supply, installation and training on RSB Laboratory Management System for metrology laboratories and upgrading existing system for testing laboratories",This contract will be effective while approved by CBM,active,2026-01-12T00:00:00Z,2026-01-12T00:00:00Z,2026-07-12T00:00:00Z,181,489745395,RWF
0.releases.1693.contracts.0,0.releases.1693,0,C1020432832026000002,ba480315-6035-45f5-a2e9-ca2e68f05c69,"Consultancy Services for Supervision of Urgent Works of Rehabilitation/Repair of Selected Damaged Unpaved Roads in Nyanza, Gisagara, Ruhango and Kamonyi districts in Rwanda.","Consultancy Services for Supervision of Urgent Works of Rehabilitation/Repair of Selected Damaged Unpaved Roads in Nyanza, Gisagara, Ruhango and Kamonyi districts in Rwanda.",pending,2026-01-07T00:00:00Z,2026-01-07T00:00:00Z,2027-04-16T00:00:00Z,464,247843526,RWF
0.releases.1694.contracts.0,0.releases.1694,0,C1020432832026000003,613e7ffb-0002-4b1d-94cc-e91e96b49834,"Consultancy Services for Supervision of Urgent Works of Rehabilitation/Repair of Selected Damaged Unpaved Roads in Nyamasheke, Nyamagabe and Nyaruguru districts, Rwanda.","Consultancy Services for Supervision of Urgent Works of Rehabilitation/Repair of Selected Damaged Unpaved Roads in Nyamasheke, Nyamagabe and Nyaruguru districts, Rwanda.",pending,2026-01-07T00:00:00Z,2026-01-07T00:00:00Z,2027-04-16T00:00:00Z,464,247843526,RWF
0.releases.1697.contracts.0,0.releases.1697,0,C1018236932025000027,4828bcc9-ec2d-415d-a809-f4b7b52cc750,Re advertising of Tender Supply of Agricultural Inputs ,The contract period is one year renewable.  Renewing will depend on decision of contracting parties. items to be purchased under this contract will be determined by purchase order done during the contract period ,active,2026-01-12T00:00:00Z,2026-01-12T00:00:00Z,2027-01-12T00:00:00Z,365,6226,RWF
0.releases.1700.contracts.0,0.releases.1700,0,C1006003752026000002,b598cadc-b5ad-4477-8531-74f233cfa625,Provision of hotel services in Muhanga (Framework contract),This contract will be effective while approved by the CBM,pending,2026-01-12T00:00:00Z,2026-01-12T00:00:00Z,2027-01-11T00:00:00Z,364,1498998,RWF
0.releases.1702.contracts.0,0.releases.1702,0,C1074264222024000052,15917638-d749-4ba5-a190-229ab40ca567,Supply and Delivery training materials at NRS centers,First framework contract extension.,active,2026-01-15T00:00:00Z,2026-01-15T00:00:00Z,2027-01-14T00:00:00Z,364,5031579,RWF
0.releases.1703.contracts.0,0.releases.1703,0,C1006003752025000002,563e6e01-0ce3-45f6-a080-1cbd973d16b0,Supply and installation of office furniture for Rwanda Standards Board (framework contract),This contract will be renewed for a period of one year from 16/01/2026 up to 15/01/2027,active,2025-01-16T00:00:00Z,2025-01-16T00:00:00Z,2027-01-15T00:00:00Z,729,6277600,RWF
0.releases.1704.contracts.0,0.releases.1704,0,C1017533092025000033,dcf56b3e-6163-4aa7-a88d-c9b1ddeb4021,Supply and installation of health centers equipment(PHASE II),"For a purchase order exceeding twenty million (20 000 000 Rfw) the performance guarantee must be submitted according to  Ministerial Order n° 001/23/10/ TC of 10/10/2023 establishing regulations governing public procurement 
Amount to be requested according to purchase order given:
5% of the value of the purchase order whose value exceed FRW 500,000,000; 
6% of the value of the purchase order whose is  between FRW 100,000,000 FRW to FRW 500,000,000;
 7% of the value of the purchase order whose value is between  FRW 50,000,000 to FRW 100,000,000; 
 10% of the value of the purchase order whose value is between  FRW 20,000,000 to FRW 50,000,000.",active,2026-01-12T00:00:00Z,2026-01-12T00:00:00Z,2027-01-12T00:00:00Z,365,22557800,RWF
0.releases.1705.contracts.0,0.releases.1705,0,C1017533092025000034,c1932ee8-e76d-4e19-a141-180978656ca0,Provide Girinka package under framework agreement,"For a purchase order exceeding twenty million (20 000 000 Rfw) the performance guarantee must be submitted according to  Ministerial Order n° 001/23/10/ TC of 10/10/2023 establishing regulations governing public procurement 
Amount to be requested according to purchase order given:
5% of the value of the purchase order whose value exceed FRW 500,000,000; 
6% of the value of the purchase order whose is  between FRW 100,000,000 FRW to FRW 500,000,000;
 7% of the value of the purchase order whose value is between  FRW 50,000,000 to FRW 100,000,000; 
 10% of the value of the purchase order whose value is between  FRW 20,000,000 to FRW 50,000,000.",active,2026-01-12T00:00:00Z,2026-01-12T00:00:00Z,2027-01-12T00:00:00Z,365,333205,RWF
0.releases.1706.contracts.0,0.releases.1706,0,C1006004232025000001,944e7819-00f3-4b5e-aff7-1d0557de70f9,TV and Radio production,Frame work contract ,pending,2026-01-18T00:00:00Z,2026-01-18T00:00:00Z,2028-01-18T00:00:00Z,730,103840,RWF
0.releases.1707.contracts.0,0.releases.1707,0,C1008340952026000002,d4077af3-6658-41a2-bc4f-2500d0e6d447,"Decoration and sonolisation services (location chairs,tents, Cameras).","Decoration and sonolisation services (location chairs,tents, Cameras).",pending,2026-01-12T00:00:00Z,2026-01-12T00:00:00Z,2027-01-11T00:00:00Z,364,2384715,RWF
0.releases.1708.contracts.0,0.releases.1708,0,C1006004232025000021,8fb3b3da-3144-4352-a249-f4eb0cca161b,Adverts and announcements,,pending,2025-12-30T00:00:00Z,2025-12-30T00:00:00Z,2026-12-29T00:00:00Z,364,46530692,RWF
0.releases.1709.contracts.0,0.releases.1709,0,C1019926372026000001,e50ab845-cf80-4051-b084-1ca1fe775b7a,"Feasibility Study for upgrading and rehabilitation of 4 markets (Kabarore, Rwagitima, Kiramuruzi and Muhura) in Gatsibo District",,pending,2026-01-09T00:00:00Z,2026-01-09T00:00:00Z,2026-06-08T00:00:00Z,150,102000000,RWF
0.releases.1710.contracts.0,0.releases.1710,0,C1019926372026000001,e50ab845-cf80-4051-b084-1ca1fe775b7a,"Feasibility Study for upgrading and rehabilitation of 4 markets (Kabarore, Rwagitima, Kiramuruzi and Muhura) in Gatsibo District",,pending,2026-01-09T00:00:00Z,2026-01-09T00:00:00Z,2026-06-08T00:00:00Z,150,102000000,RWF
0.releases.1711.contracts.0,0.releases.1711,0,C1014079502025000040,a7a28ec8-9e3a-4de4-962e-c15876ce1397,Construction of Gahabwa Center- Bikono -Muramba chip seal road of ( 3.743km),"This Construction of Gahabwa Center- Bikono -Muramba chip seal road of ( 3.743km), Its Completion Date is 15 months including Study review and mobilization and site installation. The defects liability period is 14 months starting from provisional handover to final handover, its Contract Price is one billion six hundred forty million three hundred seventy-one thousand seventeen Rwandan Francs (1,640,371,017 RWF), The Contractor shall be paid within 45 days after the reception of invoice accompanied by validated report of financial and work progress approved by the supervisor and signed by Road Engineer and approved by Director of One Stop Center:
1.Payment modalities are stated in five (5) installments below:

•1st installment shall be 20% of the total cost of the contract and shall be paid when the executed works are estimated to 25% of Financial and work Progress
•The 2nd installment shall be 20% of the total cost of the contract and shall be paid when the executed works are estimated to 45% Financial and work Progress
•The 3rd installment shall be 20% to the total cost of the contract and shall be paid when the executed works are estimated to 65% of Financial and work Progress
•The 4th installment shall be 20% to the total cost of the contract and shall be paid when the executed works are estimated to 85% of Financial and work Progress
•The Last installment shall be 20% to the total cost of the contract and shall be paid after the Provisional Handover of the works.
The Performance Security is 5% of of the Contract Price
",pending,2026-01-12T00:00:00Z,2026-01-12T00:00:00Z,2027-03-28T00:00:00Z,440,1640371017,RWF
0.releases.1748.contracts.0,0.releases.1748,0,C1025438562026000001,4de62785-1e08-4dfc-a1a0-94e12c7c383d,Supply of Assistive Devices,Frame work contract,pending,2026-01-12T00:00:00Z,2026-01-12T00:00:00Z,2027-01-12T00:00:00Z,365,1134500,RWF
0.releases.1759.contracts.0,0.releases.1759,0,C1071118822025000005,74324662-6d6c-4f18-b4cd-132dc32e9f24,Centralized procurement of monitor on behalf of all Government Institutions,Amendment No. 2 regarding the renewal of 1 year All other terms and conditions of the original contract  and its first amendment remain unchanged.,active,2025-02-06T00:00:00Z,2025-02-06T00:00:00Z,2027-02-05T00:00:00Z,729,25885660,RWF
0.releases.1765.contracts.0,0.releases.1765,0,C1078128392024000035,f6ce3d1e-64c6-4c8b-83db-60337aeaaa39,Construction of football pitches at Karongi and Kitabi IPRCs together with construction of basketball court at IPRC Karongi in three Lots,"a. Payment will be made upon progress by considering the approved submitted invoice as per negotiated payment modalities 
 b.5% insurance guarantee will be required before signature of this contract 
c. 100% of insurance guarantee for advance payment will be required before its payment.
d. All applicable taxes will be applied as per laws in place",active,2025-01-24T00:00:00Z,2025-01-24T00:00:00Z,2026-02-20T00:00:00Z,392,1225773335,RWF
0.releases.1793.contracts.0,0.releases.1793,0,C1078128392024000030,3c0847d7-0586-4927-8cf9-e58e5277a91b,"Supervision of rehabilitation and renovation (refurbishment) works for the rooms to host smart classrooms and smart labs located in IPRC Huye, IPRC Kigali, Nyamata TVET School, and EFA Nyagahanga.","The supervising firm will be required to submit the progress report on monthly basis, these reports will be approved by contract manager on side of client within 7 working days after its submission. Passed the 7 days, the submitted report will be considered approved.
1. A 7% Insurance guarantee will be required upon contract value before the signing of the contract.
2. Consultant's assistance of defects correction will be provided within 12 Months after submission of the progress report corresponding to the third installment of the supplier's invoice for payment up to 95% and the rehabilitation works will be physically completed at 100%

Extension of one month
Based on the above reasons, I recommend a contract extension of one (1) month for the supervision of civil
works. The recommended contract extension period should start from 17/12/2025 up to 17/01/2026 in order
to allow fully completed rehabilitation and renovation (refurbishment) works for the rooms to host smart
classrooms and smart labs located in RP Huye and Kigali College, Nyamata TVET School, and EFA
Nyagahanga. ",active,2024-10-17T00:00:00Z,2024-10-17T00:00:00Z,2026-02-17T00:00:00Z,488,128571396,RWF
0.releases.1815.contracts.0,0.releases.1815,0,C1013980242026000002,a1869631-b440-4448-b2c4-c7a6b26a6008,Tender for ICT MAINTENANCE AND SUPPLY OF ACCESSORIES,,pending,2026-01-20T00:00:00Z,2026-01-20T00:00:00Z,2027-01-19T00:00:00Z,364,4294138,RWF
0.releases.1848.contracts.0,0.releases.1848,0,C1024201942026000003,5837141a-81e4-43af-8b22-7a14b6315f4b,"Acquisition of curtain Nyarugenge CF, Nyamasheke CF and Nyamagabe CF",Acquisition of curtain  Nyamagabe CF,pending,2026-01-20T00:00:00Z,2026-01-20T00:00:00Z,2026-04-19T00:00:00Z,89,9917310,RWF
0.releases.1856.contracts.0,0.releases.1856,0,C1013980242026000001,b3011b00-d255-4b28-a08e-4b2cdf40fce6,"Tender for Non medical equipment maintenance and Supply (Incinerator, Groupe electrogene, Loundry machine,Morgue frigo,etc...)",,pending,2026-01-19T00:00:00Z,2026-01-19T00:00:00Z,2027-01-18T00:00:00Z,364,369930,RWF
0.releases.1861.contracts.0,0.releases.1861,0,C1133460762024000001,fc4f081b-0ab1-4e15-82f0-e96ecb0cdc82,Provision of 3 stars Hotel services for RTB staff in Kigali City and Provinces.,,active,2025-01-17T00:00:00Z,2026-01-16T00:00:00Z,2027-01-15T00:00:00Z,364,1196000,RWF
0.releases.1862.contracts.0,0.releases.1862,0,C1026698212026000002,66bc4443-3c63-4539-be13-a3aae93ff8bf,Tender for Office SUPPLIES,"The contract for Tender for Office SUPPLIES is based on unit price under frame work agreement.
The contract duration is one year and may be renewed depending on satisfactory performance of the Supplier.
Delivery will depend on purchase order sent by Procuring Entity (Purchaser).
The performance security is not required; the supplier submits the declaration commitment.
Delivery period is 10 days.  
",pending,2026-01-20T00:00:00Z,2026-01-20T00:00:00Z,2027-01-19T00:00:00Z,364,4164339,RWF
0.releases.1881.contracts.0,0.releases.1881,0,C1020403172023000046,fa568250-3459-4976-b00b-3ec30e7c9a08,Construction of CST road Gihundwe- Rwahi-Busekanka Phase I Gihundwe-Rwahi,The contract starts from the issuance date of service order to the client.,pending,2023-12-21T00:00:00Z,2023-12-21T00:00:00Z,2026-05-20T00:00:00Z,881,4582365224,RWF
0.releases.1883.contracts.0,0.releases.1883,0,C1020592912026000002,18911cba-ca32-476a-9a96-1e905668c725,Supply of tyres to Nyabihu District under framework agreement,,active,2026-01-20T00:00:00Z,2026-01-20T00:00:00Z,2027-01-20T00:00:00Z,365,577492,RWF
0.releases.1884.contracts.0,0.releases.1884,0,C1020403172023000035,e6c887d7-7758-4fdf-9824-052c16db6d90,Tender for make surpervision of Upgrade Rasano Health Post,"This contract will be executed when the contractor of execution works started to work
The supervisor  shall paid according to the the progress of works done.

To confirm a New worker called  MWIZERWA Theogene as as a permenent site Technician to replace Mr MANIRAGABA Patrick .",pending,2023-07-21T00:00:00Z,2023-07-21T00:00:00Z,2026-04-20T00:00:00Z,1004,30000000,RWF
0.releases.1885.contracts.0,0.releases.1885,0,C1078616252025000021,,Provision of Clearing and Forwarding Services for RFI Goods,"This is a framework agreement valid for one year, with the possibility of being renewed twice.

A performance security is required only if the value of a purchase order exceeds FRW 20,000,000, in accordance with Article 109 of Ministerial Order n° 001/23/10/TC of 10/10/2023, which establishes regulations governing public procurement.

For purchase orders not exceeding FRW 20,000,000, performance security is not required. However, the successful bidder will still be required to submit a performance securing declaration.",active,2026-01-20T00:00:00Z,2026-01-21T00:00:00Z,2027-01-21T00:00:00Z,365,566400,RWF
0.releases.1888.contracts.0,0.releases.1888,0,C1020403172023000046,fa568250-3459-4976-b00b-3ec30e7c9a08,Construction of CST road Gihundwe- Rwahi-Busekanka Phase I Gihundwe-Rwahi,The contract starts from the issuance date of service order to the client.,active,2023-12-21T00:00:00Z,2023-12-21T00:00:00Z,2026-05-20T00:00:00Z,881,4582365224,RWF
0.releases.1889.contracts.0,0.releases.1889,0,C1020403172023000035,e6c887d7-7758-4fdf-9824-052c16db6d90,Tender for make surpervision of Upgrade Rasano Health Post,"This contract will be executed when the contractor of execution works started to work
The supervisor  shall paid according to the the progress of works done.

To confirm a New worker called  MWIZERWA Theogene as as a permenent site Technician to replace Mr MANIRAGABA Patrick .",active,2023-07-21T00:00:00Z,2023-07-21T00:00:00Z,2026-04-20T00:00:00Z,1004,30000000,RWF
0.releases.1895.contracts.0,0.releases.1895,0,C1116785842026000012,42fe4550-09b1-47ff-9fac-be98303c6207,"Provision  sound system,docolation and related services under framework contract",It a framework contract,active,2026-01-20T00:00:00Z,2026-01-20T00:00:00Z,2027-01-20T00:00:00Z,365,5828001,RWF
0.releases.1902.contracts.0,0.releases.1902,0,C1018236932025000021,4b1013ed-7926-40cf-8bdf-44812686c380,Construction of Staff quarters at EP Kibimba in Kabare Sector, This contract is amended because of contract extension of two months stating from 20 January 2026 up to 20 March 2026,pending,2025-08-20T00:00:00Z,2025-08-20T00:00:00Z,2026-01-20T00:00:00Z,153,75844317,RWF
0.releases.1911.contracts.0,0.releases.1911,0,C1016877032026000002,2757f299-cb8a-40a0-84da-c3132bb6203a,Tender for purchase of medical equipments,,pending,2026-01-20T00:00:00Z,2026-01-20T00:00:00Z,2027-01-19T00:00:00Z,364,13957800,RWF
0.releases.1912.contracts.0,0.releases.1912,0,C1019320002026000007,8c63de07-f261-4d88-a3cb-055bef1d2943,Supply of Agroforest trees and reeds (Framework),,pending,2026-01-20T00:00:00Z,2026-01-20T00:00:00Z,2027-01-22T00:00:00Z,367,74,RWF
0.releases.1914.contracts.0,0.releases.1914,0,C1024203812026000003,f270fa50-b49c-47e2-976c-24155660b5e0,Tender for framework contract for supply of promotional materials,Framework contract for supply of promotional materials,active,2026-01-20T00:00:00Z,2026-01-20T00:00:00Z,2027-01-20T00:00:00Z,365,314234,RWF
0.releases.1917.contracts.0,0.releases.1917,0,C1017640652024000035,e56047c5-dcb0-4f25-86af-aab83d990192,TENDER FOR FOOD AND HYGIENIC SUPPLY FOR BABY GORILLA IN QUARANTINE IN A FRAMEWORK CONTRACT,"This contract is for Food and Hygienic Supply for Baby Gorilla in Quarantine in a Framework Contract.
Prices charged by the supplier shall not vary from the unit prices (all taxes inclusive) as hereto annexed (Annex B: Price schedule) see the attachments in E-procurement.
Upon receipt of purchase order by the supplier, the delivery period is fixed to a period of maximum of two(2) days.
Unless otherwise agreed by the two (2) parties, 100 % Payment of the invoice as per purchase order shall be paid to the supplier.

List of items to be supplier with their prices ( after negotiation)
1. Cucumber             390 FRW
2.Papper                   1300 FRW
3.Green Beans        1500 frw
4.Collie Flower        910 FRW
5.Papaya                2300 FRW
6.Pineapples                             1950 FRW
7.Banana                                   260 FRW
8.Peanuts                                  800 FRW
9.Passion fruits                          2600 FRW
10.Sweet potatoes                     800 FRW
11.Corn Seasonal                       260 FRW
12.Plantain                                 780 FRW
13.Tomatoes                               325 FRW
14.Carrots                                   1300 FRW
15. Sugar cane                           1700 FRW
16. Mango                                   1040 FRW
17. Soja (Soy)                             780 FRW
18. Avocado                                780 FRW
19.Onion                                     1040 FRW
20.France                                    16520 FRW
21.OMO (Klin) Washing Powder  3540 FRW
22. JIK (Bleach)                           2360 FRW 
23.Toilet Papers                           340 FRW
24.Washing Soap                         1416 FRW ",pending,2024-10-18T00:00:00Z,2024-10-18T00:00:00Z,2026-10-18T00:00:00Z,730,44225,RWF
0.releases.1920.contracts.0,0.releases.1920,0,C1026698212026000002,66bc4443-3c63-4539-be13-a3aae93ff8bf,Tender for Office SUPPLIES,"The contract for Tender for Office SUPPLIES is based on unit price under frame work agreement.
The contract duration is one year and may be renewed depending on satisfactory performance of the Supplier.
Delivery will depend on purchase order sent by Procuring Entity (Purchaser).
The performance security is not required; the supplier submits the declaration commitment.
Delivery period is 10 days.  
",active,2026-01-21T00:00:00Z,2026-01-21T00:00:00Z,2027-01-21T00:00:00Z,365,4164339,RWF
0.releases.1921.contracts.0,0.releases.1921,0,C1033694802025000034,e6b7a795-e4ed-44d3-9d1a-1215494b3b4f,SUPPLY AND INSTALLATION OF NETWORK EQUIPMENT AND DEVICES ( FRAMEWORK CONTRACT),This is the framework contract for Supply and installation of network equipment and devices ( Framework contract).,active,2025-07-31T00:00:00Z,2025-07-31T00:00:00Z,2026-07-31T00:00:00Z,365,319209262,RWF
0.releases.1938.contracts.0,0.releases.1938,0,C1016152592026000001,aa6e50e8-5175-4f35-ac94-429687c7dae0,SUPPLY OF PLUMBING MATERIALS   FOR A PERIOD OF ONE YEAR WITH POSSIBILITY OF RENEWAL AT KACYIRU HOSPITAL,"This is the framework contract signed for the period of one year with possibility of renewing twice or not according to the performance of parties. 

The delivery period of the supplies in this contract will be one day after receiving the purchase order. ",active,2026-01-21T00:00:00Z,2026-01-21T00:00:00Z,2027-01-21T00:00:00Z,365,2133442,RWF
0.releases.1944.contracts.0,0.releases.1944,0,C1015410272026000001,5c73cf31-d4c9-4190-b867-727ce3577230,Establishment of framework agreement for supply of stationnairies(office supplies),"Aya masezerano azamara umwaka ushobora kongerwa mugihe hagendewe kuri report ya ender user department (logistic officer) akagaragaza uko rwiyemezamirimo yakoze mugihe cy'umwaka.
agaciro k'isoko kazagendera kuri purchase order kubera rako iyi contract ni frame work.the performance security is not required for this tender,because  all tender tenders whose amount does not exceed RFW 20,000,000 and tenders fromework agreements when the purchase order value does not exceed FRW 20,000,000.however,the successful bidder will submit the perfomance  seccuring declaration.",active,2026-01-20T00:00:00Z,2026-01-20T00:00:00Z,2027-01-20T00:00:00Z,365,1565398,RWF
0.releases.1963.contracts.0,0.releases.1963,0,C1024326722026000006,8ef17d93-7c5a-47d7-8a45-82a5fd9aecdf,Supply of pig feeds,Contract for supply of Pig Feeds,active,2026-01-21T00:00:00Z,2026-01-21T00:00:00Z,2027-01-21T00:00:00Z,365,2390,RWF
0.releases.1966.contracts.0,0.releases.1966,0,C1024326722026000007,0a2c2905-7ec7-4993-95c8-7745aa8e01f4,Supply of animal feeds,Supply of Animal feeds contract,active,2026-01-21T00:00:00Z,2026-01-21T00:00:00Z,2027-01-21T00:00:00Z,365,27562500,RWF
0.releases.1977.contracts.0,0.releases.1977,0,C1014884812026000016,10ef3d36-c5dd-477d-95d0-014cb02e26ff,Tender for provision VIP Transport Services for civil servants across the country,This contract will be executed for a period of three (3) years starting from the date after signature by both parties.,pending,2026-01-21T00:00:00Z,2026-01-21T00:00:00Z,2029-01-20T00:00:00Z,1095,552251,RWF
0.releases.1978.contracts.0,0.releases.1978,0,C1014884812026000009,73d1efbd-5465-4f5e-9efc-47dc71548d37,Tender for provision VIP Transport Services for civil servants across the country,,pending,2026-01-21T00:00:00Z,2026-01-21T00:00:00Z,2029-01-19T00:00:00Z,1094,552251,RWF
0.releases.1979.contracts.0,0.releases.1979,0,C1014884812026000003,5c5ad7a2-83df-4f4e-8968-5744e2766038,Tender for provision VIP Transport Services for civil servants across the country,This contract will be executed for a period of three (3) years starting from the date after signature by both parties.,pending,2026-01-21T00:00:00Z,2026-01-21T00:00:00Z,2029-01-19T00:00:00Z,1094,5821076,RWF
0.releases.1980.contracts.0,0.releases.1980,0,C1014884812026000008,45584897-adf3-4dcb-af2d-4eb2a6da47e4,Tender for provision VIP Transport Services for civil servants across the country,This contract will be executed for a period of three (3) years starting from the date after signature by both parties.,pending,2026-01-21T00:00:00Z,2026-01-21T00:00:00Z,2029-01-19T00:00:00Z,1094,5821076,RWF
0.releases.1983.contracts.0,0.releases.1983,0,C1014884812026000015,3bfad084-5004-4fb3-94af-9aa4a3268123,Tender for provision VIP Transport Services for civil servants across the country,This contract will be executed for a period of three (3) years starting from the date after signature by both parties.,pending,2026-01-21T00:00:00Z,2026-01-21T00:00:00Z,2029-01-19T00:00:00Z,1094,552251,RWF
0.releases.1984.contracts.0,0.releases.1984,0,C1014884812026000011,ea2b3670-e23e-451f-be9d-3551c63cb565,Tender for provision VIP Transport Services for civil servants across the country,This contract will be executed for a period of three (3) years starting from the date after signature by both parties.,pending,2026-01-21T00:00:00Z,2026-01-21T00:00:00Z,2029-01-19T00:00:00Z,1094,552251,RWF
0.releases.1985.contracts.0,0.releases.1985,0,C1019320002026000005,e5aa9309-cec8-4a3a-b0ea-d45b9c6d3d2d,Supply of Foodstuff (Porridge) for HBECD Gisagara District,,pending,2026-01-20T00:00:00Z,2026-01-20T00:00:00Z,2027-01-21T00:00:00Z,366,2785,RWF
0.releases.1986.contracts.0,0.releases.1986,0,C1019320002026000006,cd101fa8-30a1-4799-8dd9-ec37c849e13a,Maintenance and Rehabilitation of electricity infrastructures in Gisagara District,"Defects liability period
Purchased Order does not exceed FRW 100,000,000, the defect liability period will be 6 Months.
Purchased Order Exceeding FRW 100,000,000 but not exceeding FRW 500,000,000, the defect liability period will 9 to 12 Months.

The Contract will be executed based on Purchase Order.

For a Purchase Order valued between FRW 20,000,000 and FRW 50,000,000, a performance security of 10% of the total Purchase Order value is required.

For a Purchase Order valued between FRW 50,000,000 and FRW 100,000,000, a performance security of 7% of the contract price is required.",pending,2026-01-20T00:00:00Z,2026-01-20T00:00:00Z,2027-01-24T00:00:00Z,369,21549666,RWF
0.releases.1991.contracts.0,0.releases.1991,0,C1014884812026000018,63ec860c-0e08-4a1f-b50c-deaa871c172b,Tender for provision VIP Transport Services for civil servants across the country,This contract will be executed for a period of three (3) years starting from the date after signature by both parties.,pending,2026-01-21T00:00:00Z,2026-01-21T00:00:00Z,2029-01-20T00:00:00Z,1095,552251,RWF
0.releases.1995.contracts.0,0.releases.1995,0,C1014884812026000010,fc895085-af0d-40e5-8fa7-82db0087c110,Tender for provision VIP Transport Services for civil servants across the country,This contract will be executed for a period of three (3) years starting from the date after signature by both parties.,pending,2026-01-21T00:00:00Z,2026-01-21T00:00:00Z,2029-01-19T00:00:00Z,1094,552251,RWF
0.releases.1996.contracts.0,0.releases.1996,0,C1014884812026000004,c0b27456-c2e9-45ec-b141-aed60e4810fb,Tender for provision VIP Transport Services for civil servants across the country,This contract will be executed for a period of three (3) years starting from the date after signature by both parties.,pending,2026-01-21T00:00:00Z,2026-01-21T00:00:00Z,2029-01-19T00:00:00Z,1094,5821076,RWF
0.releases.1997.contracts.0,0.releases.1997,0,C1031445132026000001,59f449aa-baa9-409a-8ec4-fb5b70f5aa56,"Supply of Consumables for Crop production, Irrigation drainage and Agri-Mechanization divided in two lots under framework contract",The supplier should supply good quality as stated in the contract.,active,2026-01-21T00:00:00Z,2026-01-21T00:00:00Z,2027-01-21T00:00:00Z,365,2861803,RWF
0.releases.2001.contracts.0,0.releases.2001,0,C1024326722026000010,,Supply of  Foot and Mouth Disease (FMD)  vaccines,,pending,2026-01-20T00:00:00Z,2026-01-20T00:00:00Z,2027-01-19T00:00:00Z,364,2768,RWF
0.releases.2018.contracts.0,0.releases.2018,0,C1022690082026000003,29db2582-fdd4-4630-9b51-930a72192b28,Supervision of remaining works for construction works of G+3 school project in Gasabo District,This Contract will start after its signature by both parties.,active,2026-01-21T00:00:00Z,2026-01-21T00:00:00Z,2026-11-21T00:00:00Z,304,155967975,RWF
0.releases.2019.contracts.0,0.releases.2019,0,C1013980242026000002,a1869631-b440-4448-b2c4-c7a6b26a6008,Tender for ICT MAINTENANCE AND SUPPLY OF ACCESSORIES,,active,2026-01-21T00:00:00Z,2026-01-21T00:00:00Z,2027-01-21T00:00:00Z,365,4294138,RWF
0.releases.2027.contracts.0,0.releases.2027,0,C1008412802026000001,0dd8cf66-716c-46d0-9340-1ef762d9a3e1,Supply and installation of smart water tank,"This contract has subject to Supply and Install the Smart Water Tank based on Purchase Order.
Delivery period is One Month counted from reception of the Purchase Order.",pending,2026-01-20T00:00:00Z,2026-01-20T00:00:00Z,2026-02-19T00:00:00Z,30,3245000,RWF
0.releases.2032.contracts.0,0.releases.2032,0,C1020403172024000007,2856f727-aec5-4f2b-88e5-44eda4c517f0,CONSULTANCY SERVICE FOR HIRING AN INDIVIDUAL PROFESSIONAL COURT BAILIFF OF RUSIZI DISTRICT,This contract is framework that can be renewable only twice due to the performance and the satisfaction of the procuring entity.,pending,2024-01-22T00:00:00Z,2024-01-22T00:00:00Z,2027-01-21T00:00:00Z,1095,1320000,RWF
0.releases.2033.contracts.0,0.releases.2033,0,C1014884812026000005,52f5b6f3-9839-43f8-bb1c-4c34354f123f,Tender for provision VIP Transport Services for civil servants across the country,This contract will be executed for a period of three (3) years starting from the date after signature by both parties.,pending,2026-01-21T00:00:00Z,2026-01-21T00:00:00Z,2029-01-19T00:00:00Z,1094,5821076,RWF
0.releases.2035.contracts.0,0.releases.2035,0,C1014884812026000014,cdab9605-aa89-43b4-9185-3946abf6e28e,Tender for provision VIP Transport Services for civil servants across the country,This contract will be executed for a period of three (3) years starting from the date after signature by both parties.,pending,2026-01-21T00:00:00Z,2026-01-21T00:00:00Z,2029-01-19T00:00:00Z,1094,552251,RWF
0.releases.2038.contracts.0,0.releases.2038,0,C1218455332025000017,d1077145-89d7-4f44-a840-e412314bce22,Rehabilitation of non-functional rural water supply systems in Gakenke District(Re-advertised),ok,pending,2026-01-21T00:00:00Z,,,,931612782,RWF
0.releases.2041.contracts.0,0.releases.2041,0,C1014884812026000019,8c81a29b-c912-449e-bf1c-053977e20055,Tender for provision VIP Transport Services for civil servants across the country,This contract will be executed for a period of three (3) years starting from the date after signature by both parties.,pending,2026-01-21T00:00:00Z,2026-01-21T00:00:00Z,2029-01-20T00:00:00Z,1095,552251,RWF
0.releases.2054.contracts.0,0.releases.2054,0,C1021908132023000022,96406b26-e9cd-4a42-8746-7d02c023e00c,Provision of insurance of office equipment,"*One (1) year renewable contract (A framework agreement) basing on good performance of the insurer/insurance company.
*The contract total amount (4,768,266 Frw all taxes inclusive) is a total of unit prices as submitted by the 
 insurance company (insurer) in relation to list of equipment to be insured as attached to this contract.",pending,2024-01-22T00:00:00Z,2024-01-22T00:00:00Z,2027-01-21T00:00:00Z,1095,4768266,RWF
0.releases.2057.contracts.0,0.releases.2057,0,C1020432832025000010,3bdfc6df-0757-46fd-8118-c1350f4a7803,Supervision of Rehabilitation and repair of damaged spots located on Crete Congo Nil- Buhinga paved road,"Commencement of Services:

The number of days shall be Three (3) calendar days after receiving the service order.",pending,2025-02-24T00:00:00Z,2025-02-24T00:00:00Z,2026-06-02T00:00:00Z,463,147453800,RWF
0.releases.2058.contracts.0,0.releases.2058,0,C1218455332025000017,d1077145-89d7-4f44-a840-e412314bce22,Rehabilitation of non-functional rural water supply systems in Gakenke District(Re-advertised),ok,active,2026-01-21T00:00:00Z,2026-01-21T00:00:00Z,2027-01-21T00:00:00Z,365,931612782,RWF
0.releases.2059.contracts.0,0.releases.2059,0,C1020403172025000018,6ccf4509-c3f0-49bc-a80f-dc26452abc57,Tender for Rehabilitation of Cyafuku -Kibangira and Kiziguro I&II water supply system damaged by Flooding/Landslides in Gikundamvura and  ButareSectors in Rusizi district,,pending,2025-07-21T00:00:00Z,2025-07-21T00:00:00Z,2026-02-20T00:00:00Z,214,378526731,RWF
0.releases.2062.contracts.0,0.releases.2062,0,C1018957122025000020,61bef357-749d-4bb0-ad28-20dd892a5890,Provision of Gifts for V V I P leaders of judiciary,"
The initial contract is hereby amended to incorporate 31 additional items.",active,2025-11-06T00:00:00Z,2025-11-06T00:00:00Z,2026-11-06T00:00:00Z,365,13612200,RWF
0.releases.2066.contracts.0,0.releases.2066,0,C1020403172025000017,fc711cc0-2154-4332-b358-b042f49b6d70,"Tender for Rehabilitation of Rusayo-Rwabuto and Muvugangoma water supply system damaged by Flooding/Landslides in Gihundwe ,Nkanka and  Rwimbogo Sectors in Rusizi district",,pending,2025-07-21T00:00:00Z,2025-07-21T00:00:00Z,2026-02-20T00:00:00Z,214,414436754,RWF
0.releases.2082.contracts.0,0.releases.2082,0,C1013307382026000023,3ebcf92c-47fc-4208-b084-930a0899896e,Provision of Sports Services to the CoK staff,,pending,2026-01-20T00:00:00Z,2026-01-20T00:00:00Z,2027-01-19T00:00:00Z,364,18880,RWF
0.releases.2083.contracts.0,0.releases.2083,0,C1013307382026000019,3ca4b66a-6331-4617-8441-42ec2e449e23,Provision of Sports Services to the CoK staff,,pending,2026-01-20T00:00:00Z,2026-01-20T00:00:00Z,2027-01-18T00:00:00Z,363,21500,RWF
0.releases.2084.contracts.0,0.releases.2084,0,C1014884812026000006,a0d7edd5-7486-4b5c-80a2-018b6b86eeb8,Tender for provision VIP Transport Services for civil servants across the country,This contract will be executed for a period of three (3) years starting from the date after signature by both parties.,pending,2026-01-21T00:00:00Z,2026-01-21T00:00:00Z,2029-01-19T00:00:00Z,1094,5821076,RWF
0.releases.2085.contracts.0,0.releases.2085,0,C1014884812026000013,f757003c-fe4e-4eb8-9f5a-b3d0c110a3d2,Tender for provision VIP Transport Services for civil servants across the country,This contract will be executed for a period of three (3) years starting from the date after signature by both parties.,pending,2026-01-21T00:00:00Z,2026-01-21T00:00:00Z,2029-01-19T00:00:00Z,1094,552251,RWF
0.releases.2086.contracts.0,0.releases.2086,0,C1014884812026000012,cd6656dd-69db-47a4-9e7c-42e764401aec,Tender for provision VIP Transport Services for civil servants across the country,This contract will be executed for a period of three (3) years starting from the date after signature by both parties.,pending,2026-01-21T00:00:00Z,2026-01-21T00:00:00Z,2029-01-19T00:00:00Z,1094,552251,RWF
0.releases.2087.contracts.0,0.releases.2087,0,C1014884812026000007,98dfd66b-a83c-4827-81e7-a34b178f7e65,Tender for provision VIP Transport Services for civil servants across the country,This contract will be executed for a period of three (3) years starting from the date after signature by both parties.,pending,2026-01-21T00:00:00Z,2026-01-21T00:00:00Z,2029-01-19T00:00:00Z,1094,5821076,RWF
0.releases.2088.contracts.0,0.releases.2088,0,C1014030752025000004,66c39789-34ad-409b-a00c-a8284e807001,Provision of loading and unloading service,The contract will be a framework and may be renewed twice depending on satisfactory performance of the Supplier and available budget,pending,2025-01-17T00:00:00Z,2025-01-17T00:00:00Z,2027-01-16T00:00:00Z,729,670,RWF
0.releases.2089.contracts.0,0.releases.2089,0,C1020403172025000017,fc711cc0-2154-4332-b358-b042f49b6d70,"Tender for Rehabilitation of Rusayo-Rwabuto and Muvugangoma water supply system damaged by Flooding/Landslides in Gihundwe ,Nkanka and  Rwimbogo Sectors in Rusizi district",,active,2025-07-21T00:00:00Z,2025-07-21T00:00:00Z,2026-02-20T00:00:00Z,214,414436754,RWF
0.releases.2090.contracts.0,0.releases.2090,0,C1020403172024000007,2856f727-aec5-4f2b-88e5-44eda4c517f0,CONSULTANCY SERVICE FOR HIRING AN INDIVIDUAL PROFESSIONAL COURT BAILIFF OF RUSIZI DISTRICT,This contract is framework that can be renewable only twice due to the performance and the satisfaction of the procuring entity.,active,2024-01-22T00:00:00Z,2024-01-22T00:00:00Z,2027-01-21T00:00:00Z,1095,1320000,RWF
0.releases.2091.contracts.0,0.releases.2091,0,C1018988172026000004,6a0d37aa-49af-4ff4-8eee-a53031168567,Supply of medical and non-medical spare parts and its Maintenance services,"This is framework contract of supplying spare parts which will  be valid within one year, the supplier must respect delivery time and quality of spare parts.",active,2026-01-21T00:00:00Z,2026-01-21T00:00:00Z,2027-01-21T00:00:00Z,365,6828660,RWF
0.releases.2092.contracts.0,0.releases.2092,0,C1018988172026000003,8c0221fd-c746-4443-88fc-61aeab234bc1,Supply of medical and non-medical spare parts and its Maintenance services,"This is framework contract of supplying spare parts which will  be valid within one year, the supplier must respect delivery time and quality of spare parts.",active,2026-01-21T00:00:00Z,2026-01-21T00:00:00Z,2027-01-21T00:00:00Z,365,9224060,RWF
0.releases.2093.contracts.0,0.releases.2093,0,C1020403172025000018,6ccf4509-c3f0-49bc-a80f-dc26452abc57,Tender for Rehabilitation of Cyafuku -Kibangira and Kiziguro I&II water supply system damaged by Flooding/Landslides in Gikundamvura and  ButareSectors in Rusizi district,,active,2025-07-21T00:00:00Z,2025-07-21T00:00:00Z,2026-02-20T00:00:00Z,214,378526731,RWF
0.releases.2095.contracts.0,0.releases.2095,0,C1013364812026000004,,Consultancy services for supervision of Construction of Gitanda health center,ok,pending,2026-01-21T00:00:00Z,2026-01-21T00:00:00Z,2027-02-20T00:00:00Z,395,81999970,RWF
0.releases.2096.contracts.0,0.releases.2096,0,C1013364812026000004,,Consultancy services for supervision of Construction of Gitanda health center,ok,pending,2026-01-21T00:00:00Z,2026-01-21T00:00:00Z,2027-02-20T00:00:00Z,395,81999970,RWF
0.releases.2101.contracts.0,0.releases.2101,0,C1018469922025000001,30b9353e-d18f-4158-a5b9-950506ccce26,Provision of relocation services for GMO ,,active,2025-04-22T00:00:00Z,2026-01-23T00:00:00Z,2026-04-22T00:00:00Z,89,5729992,RWF
0.releases.2102.contracts.0,0.releases.2102,0,C1222069862025000001,55d86631-b854-4694-9a66-876471567c97,Consultancy service for designing PFMUs and corresponding SFMPs,"This contract is for Consultancy service for designing PFMUs and corresponding SFMPs.
The Consultant is required to undertake this assignment with three (3) months from contract signing date.
Before signing the contract, the Consultant is required to provide a performance guarantee equivalent to  6% of the total contract amount. This guarantee must cover the period of the contract.

The Consultant shall be paid  lump sum contract amount of One Hundred Sixty-Five Million
Three Hundred Sixty-Nine Thousand, Nine Hundred and Forty-Five Rwandan Francs (165,369,945
FRW), inclusive of taxes. and the payment shall be made in five (5) instalments detailed in the contract terms.",pending,2025-10-23T00:00:00Z,2025-10-23T00:00:00Z,2026-02-06T00:00:00Z,106,165369945,RWF
0.releases.2103.contracts.0,0.releases.2103,0,C1222069862025000001,55d86631-b854-4694-9a66-876471567c97,Consultancy service for designing PFMUs and corresponding SFMPs,"This contract is for Consultancy service for designing PFMUs and corresponding SFMPs.
The Consultant is required to undertake this assignment with three (3) months from contract signing date.
Before signing the contract, the Consultant is required to provide a performance guarantee equivalent to  6% of the total contract amount. This guarantee must cover the period of the contract.

The Consultant shall be paid  lump sum contract amount of One Hundred Sixty-Five Million
Three Hundred Sixty-Nine Thousand, Nine Hundred and Forty-Five Rwandan Francs (165,369,945
FRW), inclusive of taxes. and the payment shall be made in five (5) instalments detailed in the contract terms.",pending,2025-10-23T00:00:00Z,2025-10-23T00:00:00Z,2026-02-06T00:00:00Z,106,165369945,RWF
0.releases.2106.contracts.0,0.releases.2106,0,C1018884712023000040,2b63828e-3ccb-40e4-8e9d-c64364d3c3f4,Provision for Cleaning and Gardening services,Ok,pending,2023-12-12T00:00:00Z,2023-12-12T00:00:00Z,2024-12-12T00:00:00Z,366,4279742,RWF
0.releases.2107.contracts.0,0.releases.2107,0,C1018884712023000040,2b63828e-3ccb-40e4-8e9d-c64364d3c3f4,Provision for Cleaning and Gardening services,Ok,pending,2023-12-12T00:00:00Z,2023-12-12T00:00:00Z,2024-12-12T00:00:00Z,366,4279742,RWF
0.releases.2109.contracts.0,0.releases.2109,0,C1022690082024000074,4f1e9286-8984-4e0d-b19e-9d8bcdcd773d,Framework contract for regular maintenance of all Government Buildings located countrywide.,"This is a framework contract for maintenance of Medical Buildings located in the city of Kigali.

It will be executed through the issuance of service/purchase orders by Beneficiary Entities.

The contractor will be required to provide performance security on each service order with value above 20,000,000 Frw.",active,2025-01-16T00:00:00Z,2026-01-17T00:00:00Z,2027-01-16T00:00:00Z,364,362267375,RWF
0.releases.2110.contracts.0,0.releases.2110,0,C1022690082024000075,30f1a6b7-d163-4bcc-b651-5aaf5e25268a,Framework contract for regular maintenance of all Government Buildings located countrywide.,"This is a framework contract for Maintenance of storied buildings (G+2 and above) located in the City of Kigali

It will be executed through the issuance of service/purchase orders by Beneficiary Entities.

The contractor will be required to provide performance security on each service order with value above 20,000,000 Frw.",active,2025-01-16T00:00:00Z,2026-01-17T00:00:00Z,2027-01-16T00:00:00Z,364,360945217,RWF
0.releases.2111.contracts.0,0.releases.2111,0,C1022690082024000076,7c132f78-cca6-486e-86ff-c02b74f56fc7,Framework contract for regular maintenance of all Government Buildings located countrywide.,"This is a framework contract for Maintenance of storied buildings (G+2 and above) located in Western Province.

It will be executed through the issuance of service/purchase orders by Beneficiary Entities.

The contractor will be required to provide performance security on each service order with value above 20,000,000 Frw.
",active,2025-01-16T00:00:00Z,2026-01-17T00:00:00Z,2027-01-16T00:00:00Z,364,372132525,RWF
0.releases.2112.contracts.0,0.releases.2112,0,C1022690082023000068,1eb37dbe-b348-4315-9170-fb4251de1c10,Rental of office space to accommodate Archives and used assets for MININFRA+MINIJUST+MINISANTE+PMO +RPPA+RHA(Re-advert),"Space to be rented= 2449.93sqm
cost/sqm= 6000Frw
Rent cost /month=14,699,580Frw
Rent cost/year= 176,394,960Frw",active,2024-01-20T00:00:00Z,2026-01-21T00:00:00Z,2027-01-20T00:00:00Z,364,176394960,RWF
0.releases.2113.contracts.0,0.releases.2113,0,C1196746772026000004,99af34db-4688-4681-917e-79037c3859e5,Tender for supply of office furniture for RAEB,This contract shall be effective after its approval by parties,pending,2026-01-22T00:00:00Z,2026-01-22T00:00:00Z,2027-01-21T00:00:00Z,364,17291720,RWF
0.releases.2115.contracts.0,0.releases.2115,0,C1010522132026000001,374a7dc7-a336-46b8-88d2-633523ddc374,Supply refreshment products MINAGRI,Payment based on purchase order with two (2) days of delivery period after receiving purchase order ,pending,2026-01-21T00:00:00Z,2026-01-21T00:00:00Z,2027-01-20T00:00:00Z,364,434430,RWF
0.releases.2116.contracts.0,0.releases.2116,0,C1013307382023000060,d2c90c08-78fa-4c79-a588-40420158d028,"Construction Supervision Consultancy for Nyabisindu,nyagatovu and Gatenga",This is a world bank funded project ,active,2023-11-16T00:00:00Z,2023-11-16T00:00:00Z,2026-03-31T00:00:00Z,866,1469634.35,USD
0.releases.2117.contracts.0,0.releases.2117,0,C1013307382023000060,d2c90c08-78fa-4c79-a588-40420158d028,"Construction Supervision Consultancy for Nyabisindu,nyagatovu and Gatenga",This is a world bank funded project ,active,2023-11-16T00:00:00Z,2023-11-16T00:00:00Z,2026-03-31T00:00:00Z,866,1469634.35,USD
0.releases.2118.contracts.0,0.releases.2118,0,C1016877032026000002,2757f299-cb8a-40a0-84da-c3132bb6203a,Tender for purchase of medical equipments,,active,2026-01-21T00:00:00Z,2026-01-21T00:00:00Z,2027-01-21T00:00:00Z,365,13957800,RWF
0.releases.2136.contracts.0,0.releases.2136,0,C1017533092025000035,410dd55e-53ac-46e8-bf8f-ff32f083eb45,KUGURA IFU Y'IGIKOMA YO GUHA HOME BASED ECDs UNDER FRAMEWORK AGREEMENT,"For a purchase order exceeding twenty million (20 000 000 Rfw) the performance guarantee must be submitted according to  Ministerial Order n° 001/23/10/ TC of 10/10/2023 establishing regulations governing public procurement 
Amount to be requested according to purchase order given:
5% of the value of the purchase order whose value exceed FRW 500,000,000; 
6% of the value of the purchase order whose is  between FRW 100,000,000 FRW to FRW 500,000,000;
 7% of the value of the purchase order whose value is between  FRW 50,000,000 to FRW 100,000,000; 
 10% of the value of the purchase order whose value is between  FRW 20,000,000 to FRW 50,000,000.",active,2026-01-20T00:00:00Z,2026-01-20T00:00:00Z,2027-01-20T00:00:00Z,365,1911,RWF
0.releases.2150.contracts.0,0.releases.2150,0,C1020432832025000037,06fa466f-00b2-4310-9d77-a9bed55d74a7,Execution Works of Periodic Maintenance of Rukomo - Nyagatare (74 Km) & Nyagatare - Ryabega (10 Km) Paved Road,"Twelve (12) Calendar months from contract signature date by both parties, (renewable two times based on performance and availability of funds).

The Defects Liability Period shall be defined depending on the value of service orders issued within a year: 
a.	the defect liability period of 6 months if the value of service orders issued does not exceed FRW 100,000,000; 
b.	the defect liability period of ten months if the value of service orders issued exceeds FRW 100,000,000 but not exceeding FRW 500,000,000; 
c.	the defect liability period of 15 months if the value of service orders issued exceeds FRW 500,000,000 but not exceeding FRW 5,000,000,000; 
d.	the defect liability period of twenty-One months if the value of service orders issued exceeds FRW 5,000,000,000; 

The period is countered from the Completion Date/ provisional handover of the works indicated in the Administrative Order (s).
",active,2026-01-22T00:00:00Z,2026-01-22T00:00:00Z,2027-01-22T00:00:00Z,365,4546594922,RWF
0.releases.2151.contracts.0,0.releases.2151,0,C1020432832025000038,83e3ee6d-1ceb-4136-99d2-b3b0d61a470f,Execution Works of Periodic Maintenance of Rubengera -Rambura(15.15Km)& Rambura -Nyange (22.6Km) Paved Road,"Twelve (12) Calendar months from contract signature date by both parties, (renewable two times based on performance and availability of funds).

The Defects Liability Period shall be defined depending on the value of service orders issued within a year: 
a.	the defect liability period of 6 months if the value of service orders issued does not exceed           FRW 100,000,000; 
b.	the defect liability period of ten months if the value of service orders issued exceeds                    FRW 100,000,000 but not exceeding FRW 500,000,000; 
c.	the defect liability period of 15 months if the value of service orders issued exceeds                     FRW 500,000,000 but not exceeding FRW 5,000,000,000; 
d.	the defect liability period of twenty-One months if the value of service orders issued exceeds      FRW 5,000,000,000; 

The period is countered from the Completion Date/ provisional handover of the works indicated in the Administrative Order (s).
",active,2026-01-22T00:00:00Z,2026-01-22T00:00:00Z,2027-01-22T00:00:00Z,365,3440515381,RWF
0.releases.2152.contracts.0,0.releases.2152,0,C1020432832025000050,f75f1fed-f29c-43ed-b606-c6a9412392f3,Execution works of Periodic Maintenance of Huye - Kibeho - Ndago – Munini&Ndago-Ngoma (68.219Km) paved Road.,"The Defects Liability Period shall be defined depending on the value of service orders issued within a year: 
a.	the defect liability period of 6 months if the value of service orders issued does not exceed FRW 100,000,000; 
b.	the defect liability period of ten months if the value of service orders issued exceeds FRW 100,000,000 but not exceeding FRW 500,000,000; 
c.	the defect liability period of 15 months if the value of service orders issued exceeds FRW 500,000,000 but not exceeding FRW 5,000,000,000; 
d.	the defect liability period of twenty-One months if the value of service orders issued exceeds FRW 5,000,000,000; 

The period is countered from the Completion Date/ provisional handover of the works indicated in the Administrative Order (s).
",active,2026-01-22T00:00:00Z,2026-01-22T00:00:00Z,2027-01-22T00:00:00Z,365,4550441741,RWF
0.releases.2153.contracts.0,0.releases.2153,0,C1020432832025000010,3bdfc6df-0757-46fd-8118-c1350f4a7803,Supervision of Rehabilitation and repair of damaged spots located on Crete Congo Nil- Buhinga paved road,"Commencement of Services:

The number of days shall be Three (3) calendar days after receiving the service order.",active,2025-02-24T00:00:00Z,2025-02-24T00:00:00Z,2026-06-02T00:00:00Z,463,147453800,RWF
0.releases.2154.contracts.0,0.releases.2154,0,C1033694802024000004,e526ba1b-f2f4-4c16-a2be-9427f73b0400,Supply of farming tools and materials,"This is the first renewal of framework contract for Supply of farming tools and materials for a period of one year effective from 25/01/2026.


NOTE: All items with clear specifications and their prices appear in the contract that is attached in the document tab",pending,2025-01-25T00:00:00Z,2026-01-25T00:00:00Z,2027-01-24T00:00:00Z,364,777730,RWF
0.releases.2155.contracts.0,0.releases.2155,0,C1114098972026000001,7d7724ca-b5ac-41f6-91bc-2335e1b57ab8,SUPPLY OF LABORATORY CONSUMABLES,"The object of this contract is to supply to the Purchaser the laboratory consumables as listed in Annex I: list of goods, quantities and technical specifications.

GASUMBA Edmond, Inland Cargo Inspector shall ensure the management of this contract on behalf of the Purchaser.",pending,2026-01-21T00:00:00Z,2026-01-21T00:00:00Z,2027-01-20T00:00:00Z,364,10368568,RWF
0.releases.2156.contracts.0,0.releases.2156,0,C1033694802025000008,3cd330db-4110-41f7-a5e7-70f185e6d619,Supply of Animal drugs to Nyagatare Campus,This is  the first renewal  for the Supply of Animal drugs to Nyagatare Campus,pending,2025-02-05T00:00:00Z,2026-02-06T00:00:00Z,2027-02-05T00:00:00Z,364,672150,RWF
0.releases.2161.contracts.0,0.releases.2161,0,C1020432832024000038,74137515-cd97-466b-a173-5385cce6985c,Consultancy Services for supervision of execution works of three years maintenance of Kitabi-Crête Congo Nil Road (32.2 Kms),This contract is framework for 12months starting from signature date by both parties. Renewable twice upon successful performance and availability of funds. The execution shall  start upon issuance of service order.,active,2024-11-29T00:00:00Z,2024-11-29T00:00:00Z,2026-11-28T00:00:00Z,729,114460000,RWF
0.releases.2162.contracts.0,0.releases.2162,0,C1020432832024000038,74137515-cd97-466b-a173-5385cce6985c,Consultancy Services for supervision of execution works of three years maintenance of Kitabi-Crête Congo Nil Road (32.2 Kms),This contract is framework for 12months starting from signature date by both parties. Renewable twice upon successful performance and availability of funds. The execution shall  start upon issuance of service order.,active,2024-11-29T00:00:00Z,2024-11-29T00:00:00Z,2026-11-28T00:00:00Z,729,114460000,RWF
0.releases.2163.contracts.0,0.releases.2163,0,C1085313022026000001,a543cd89-79e7-4d30-8326-f37b326cdbba,Production of audio-visual content under framework contract ,,pending,2026-01-22T00:00:00Z,,,,10166880,RWF
0.releases.2164.contracts.0,0.releases.2164,0,C1014884812026000017,7f7fead8-8df8-43b7-b5a1-9c6c9c2a0eae,Tender for provision VIP Transport Services for civil servants across the country,This contract will be executed for a period of three (3) years starting from the date after signature by both parties.,pending,2026-01-21T00:00:00Z,2026-01-21T00:00:00Z,2029-01-20T00:00:00Z,1095,552251,RWF
0.releases.2168.contracts.0,0.releases.2168,0,C1017344602026000002,,Vaccination & Insemination through Veterinary Sanitary Mandate,OK,pending,2026-01-21T00:00:00Z,2026-01-21T00:00:00Z,2027-01-19T00:00:00Z,363,9044,RWF
0.releases.2172.contracts.0,0.releases.2172,0,C1033694802024000006,74f2def3-a898-4e81-aee5-b967a4e1e5e2,"Purchase of branded and promotional materials, supply, designing, printing, manufacturing, availing and fixation of promotional materials for UR Campuses","This is the second renewal for framework contract for purchase of branded and promotional materials, supply, designing, printing, manufacturing, availing and fixation of promotional materials for UR Campuses for a period of one (1) year effective from 24/01/2026.",pending,2025-01-24T00:00:00Z,2026-01-24T00:00:00Z,2027-01-23T00:00:00Z,364,1477198,RWF
0.releases.2185.contracts.0,0.releases.2185,0,C1133460762025000028,cc5d97b0-4284-4ab9-8e43-1396ac31a38e,Provision of Online Media Services to RTB,,active,2026-01-22T00:00:00Z,2026-01-22T00:00:00Z,2027-01-22T00:00:00Z,365,25311000,RWF
0.releases.2188.contracts.0,0.releases.2188,0,C1017640652024000035,e56047c5-dcb0-4f25-86af-aab83d990192,TENDER FOR FOOD AND HYGIENIC SUPPLY FOR BABY GORILLA IN QUARANTINE IN A FRAMEWORK CONTRACT,"This contract is for Food and Hygienic Supply for Baby Gorilla in Quarantine in a Framework Contract.
Prices charged by the supplier shall not vary from the unit prices (all taxes inclusive) as hereto annexed (Annex B: Price schedule) see the attachments in E-procurement.
Upon receipt of purchase order by the supplier, the delivery period is fixed to a period of maximum of two(2) days.
Unless otherwise agreed by the two (2) parties, 100 % Payment of the invoice as per purchase order shall be paid to the supplier.

List of items to be supplier with their prices ( after negotiation)
1. Cucumber             390 FRW
2.Papper                   1300 FRW
3.Green Beans        1500 frw
4.Collie Flower        910 FRW
5.Papaya                2300 FRW
6.Pineapples                             1950 FRW
7.Banana                                   260 FRW
8.Peanuts                                  800 FRW
9.Passion fruits                          2600 FRW
10.Sweet potatoes                     800 FRW
11.Corn Seasonal                       260 FRW
12.Plantain                                 780 FRW
13.Tomatoes                               325 FRW
14.Carrots                                   1300 FRW
15. Sugar cane                           1700 FRW
16. Mango                                   1040 FRW
17. Soja (Soy)                             780 FRW
18. Avocado                                780 FRW
19.Onion                                     1040 FRW
20.France                                    16520 FRW
21.OMO (Klin) Washing Powder  3540 FRW
22. JIK (Bleach)                           2360 FRW 
23.Toilet Papers                           340 FRW
24.Washing Soap                         1416 FRW ",active,2024-10-18T00:00:00Z,2024-10-18T00:00:00Z,2026-10-18T00:00:00Z,730,44225,RWF
0.releases.2189.contracts.0,0.releases.2189,0,C1017258792025000003,3b32bd1b-7cc7-4c4d-bd2b-65c8fe56379e,"Construction of the Food Court/  Park Project, focusing on green building initiatives and environmental sustainability in Musanze District","Except for the second extension period of three (3) months and nine (9) days, commencing on 22 December 2025 and expiring on 30 March 2026, which was necessitated by the adoption of new bamboo truss assembly technology and the lack of a sufficiently specialized technical team in Rwanda, resulting in the need for additional time; all other provisions of the initial contract not modified by this amendment shall remain the same and valid;
",pending,2025-12-22T00:00:00Z,2025-12-22T00:00:00Z,2026-03-30T00:00:00Z,98,1307224843,RWF
0.releases.2190.contracts.0,0.releases.2190,0,C1017258792025000003,3b32bd1b-7cc7-4c4d-bd2b-65c8fe56379e,"Construction of the Food Court/  Park Project, focusing on green building initiatives and environmental sustainability in Musanze District","Except for the second extension period of three (3) months and nine (9) days, commencing on 22 December 2025 and expiring on 30 March 2026, which was necessitated by the adoption of new bamboo truss assembly technology and the lack of a sufficiently specialized technical team in Rwanda, resulting in the need for additional time; all other provisions of the initial contract not modified by this amendment shall remain the same and valid;
",pending,2025-12-22T00:00:00Z,2025-12-22T00:00:00Z,2026-03-30T00:00:00Z,98,1307224843,RWF
0.releases.2191.contracts.0,0.releases.2191,0,C1017258792025000003,3b32bd1b-7cc7-4c4d-bd2b-65c8fe56379e,"Construction of the Food Court/  Park Project, focusing on green building initiatives and environmental sustainability in Musanze District","Except for the second extension period of three (3) months and nine (9) days, commencing on 22 December 2025 and expiring on 30 March 2026, which was necessitated by the adoption of new bamboo truss assembly technology and the lack of a sufficiently specialized technical team in Rwanda, resulting in the need for additional time; all other provisions of the initial contract not modified by this amendment shall remain the same and valid;
",pending,2025-12-22T00:00:00Z,2025-12-22T00:00:00Z,2026-03-30T00:00:00Z,98,1307224843,RWF
0.releases.2192.contracts.0,0.releases.2192,0,C1017258792025000003,3b32bd1b-7cc7-4c4d-bd2b-65c8fe56379e,"Construction of the Food Court/  Park Project, focusing on green building initiatives and environmental sustainability in Musanze District","Except for the second extension period of three (3) months and nine (9) days, commencing on 22 December 2025 and expiring on 30 March 2026, which was necessitated by the adoption of new bamboo truss assembly technology and the lack of a sufficiently specialized technical team in Rwanda, resulting in the need for additional time; all other provisions of the initial contract not modified by this amendment shall remain the same and valid;
",pending,2025-12-22T00:00:00Z,2025-12-22T00:00:00Z,2026-03-30T00:00:00Z,98,1307224843,RWF
0.releases.2193.contracts.0,0.releases.2193,0,C1017258792025000003,3b32bd1b-7cc7-4c4d-bd2b-65c8fe56379e,"Construction of the Food Court/  Park Project, focusing on green building initiatives and environmental sustainability in Musanze District","Except for the second extension period of three (3) months and nine (9) days, commencing on 22 December 2025 and expiring on 30 March 2026, which was necessitated by the adoption of new bamboo truss assembly technology and the lack of a sufficiently specialized technical team in Rwanda, resulting in the need for additional time; all other provisions of the initial contract not modified by this amendment shall remain the same and valid;
",pending,2025-12-22T00:00:00Z,2025-12-22T00:00:00Z,2026-03-30T00:00:00Z,98,1307224843,RWF
0.releases.2194.contracts.0,0.releases.2194,0,C1017258792025000003,3b32bd1b-7cc7-4c4d-bd2b-65c8fe56379e,"Construction of the Food Court/  Park Project, focusing on green building initiatives and environmental sustainability in Musanze District","Except for the second extension period of three (3) months and nine (9) days, commencing on 22 December 2025 and expiring on 30 March 2026, which was necessitated by the adoption of new bamboo truss assembly technology and the lack of a sufficiently specialized technical team in Rwanda, resulting in the need for additional time; all other provisions of the initial contract not modified by this amendment shall remain the same and valid;
",pending,2025-12-22T00:00:00Z,2025-12-22T00:00:00Z,2026-03-30T00:00:00Z,98,1307224843,RWF
0.releases.2195.contracts.0,0.releases.2195,0,C1017258792025000003,3b32bd1b-7cc7-4c4d-bd2b-65c8fe56379e,"Construction of the Food Court/  Park Project, focusing on green building initiatives and environmental sustainability in Musanze District","Except for the second extension period of three (3) months and nine (9) days, commencing on 22 December 2025 and expiring on 30 March 2026, which was necessitated by the adoption of new bamboo truss assembly technology and the lack of a sufficiently specialized technical team in Rwanda, resulting in the need for additional time; all other provisions of the initial contract not modified by this amendment shall remain the same and valid;
",pending,2025-12-22T00:00:00Z,2025-12-22T00:00:00Z,2026-03-30T00:00:00Z,98,1307224843,RWF
0.releases.2196.contracts.0,0.releases.2196,0,C1017258792025000003,3b32bd1b-7cc7-4c4d-bd2b-65c8fe56379e,"Construction of the Food Court/  Park Project, focusing on green building initiatives and environmental sustainability in Musanze District","Except for the second extension period of three (3) months and nine (9) days, commencing on 22 December 2025 and expiring on 30 March 2026, which was necessitated by the adoption of new bamboo truss assembly technology and the lack of a sufficiently specialized technical team in Rwanda, resulting in the need for additional time; all other provisions of the initial contract not modified by this amendment shall remain the same and valid;
",pending,2025-12-22T00:00:00Z,2025-12-22T00:00:00Z,2026-03-30T00:00:00Z,98,1307224843,RWF
0.releases.2197.contracts.0,0.releases.2197,0,C1017258792025000003,3b32bd1b-7cc7-4c4d-bd2b-65c8fe56379e,"Construction of the Food Court/  Park Project, focusing on green building initiatives and environmental sustainability in Musanze District","Except for the second extension period of three (3) months and nine (9) days, commencing on 22 December 2025 and expiring on 30 March 2026, which was necessitated by the adoption of new bamboo truss assembly technology and the lack of a sufficiently specialized technical team in Rwanda, resulting in the need for additional time; all other provisions of the initial contract not modified by this amendment shall remain the same and valid;
",pending,2025-12-22T00:00:00Z,2025-12-22T00:00:00Z,2026-03-30T00:00:00Z,98,1307224843,RWF
0.releases.2198.contracts.0,0.releases.2198,0,C1017258792025000003,3b32bd1b-7cc7-4c4d-bd2b-65c8fe56379e,"Construction of the Food Court/  Park Project, focusing on green building initiatives and environmental sustainability in Musanze District","Except for the second extension period of three (3) months and nine (9) days, commencing on 22 December 2025 and expiring on 30 March 2026, which was necessitated by the adoption of new bamboo truss assembly technology and the lack of a sufficiently specialized technical team in Rwanda, resulting in the need for additional time; all other provisions of the initial contract not modified by this amendment shall remain the same and valid;
",pending,2025-12-22T00:00:00Z,2025-12-22T00:00:00Z,2026-03-30T00:00:00Z,98,1307224843,RWF
0.releases.2199.contracts.0,0.releases.2199,0,C1017258792025000003,3b32bd1b-7cc7-4c4d-bd2b-65c8fe56379e,"Construction of the Food Court/  Park Project, focusing on green building initiatives and environmental sustainability in Musanze District","Except for the second extension period of three (3) months and nine (9) days, commencing on 22 December 2025 and expiring on 30 March 2026, which was necessitated by the adoption of new bamboo truss assembly technology and the lack of a sufficiently specialized technical team in Rwanda, resulting in the need for additional time; all other provisions of the initial contract not modified by this amendment shall remain the same and valid;
",pending,2025-12-22T00:00:00Z,2025-12-22T00:00:00Z,2026-03-30T00:00:00Z,98,1307224843,RWF
0.releases.2200.contracts.0,0.releases.2200,0,C1017258792025000003,3b32bd1b-7cc7-4c4d-bd2b-65c8fe56379e,"Construction of the Food Court/  Park Project, focusing on green building initiatives and environmental sustainability in Musanze District","Except for the second extension period of three (3) months and nine (9) days, commencing on 22 December 2025 and expiring on 30 March 2026, which was necessitated by the adoption of new bamboo truss assembly technology and the lack of a sufficiently specialized technical team in Rwanda, resulting in the need for additional time; all other provisions of the initial contract not modified by this amendment shall remain the same and valid;
",pending,2025-12-22T00:00:00Z,2025-12-22T00:00:00Z,2026-03-30T00:00:00Z,98,1307224843,RWF
0.releases.2201.contracts.0,0.releases.2201,0,C1017258792025000003,3b32bd1b-7cc7-4c4d-bd2b-65c8fe56379e,"Construction of the Food Court/  Park Project, focusing on green building initiatives and environmental sustainability in Musanze District","Except for the second extension period of three (3) months and nine (9) days, commencing on 22 December 2025 and expiring on 30 March 2026, which was necessitated by the adoption of new bamboo truss assembly technology and the lack of a sufficiently specialized technical team in Rwanda, resulting in the need for additional time; all other provisions of the initial contract not modified by this amendment shall remain the same and valid;
",pending,2025-12-22T00:00:00Z,2025-12-22T00:00:00Z,2026-03-30T00:00:00Z,98,1307224843,RWF
0.releases.2202.contracts.0,0.releases.2202,0,C1017258792025000003,3b32bd1b-7cc7-4c4d-bd2b-65c8fe56379e,"Construction of the Food Court/  Park Project, focusing on green building initiatives and environmental sustainability in Musanze District","Except for the second extension period of three (3) months and nine (9) days, commencing on 22 December 2025 and expiring on 30 March 2026, which was necessitated by the adoption of new bamboo truss assembly technology and the lack of a sufficiently specialized technical team in Rwanda, resulting in the need for additional time; all other provisions of the initial contract not modified by this amendment shall remain the same and valid;
",pending,2025-12-22T00:00:00Z,2025-12-22T00:00:00Z,2026-03-30T00:00:00Z,98,1307224843,RWF
0.releases.2203.contracts.0,0.releases.2203,0,C1017258792025000003,3b32bd1b-7cc7-4c4d-bd2b-65c8fe56379e,"Construction of the Food Court/  Park Project, focusing on green building initiatives and environmental sustainability in Musanze District","Except for the second extension period of three (3) months and nine (9) days, commencing on 22 December 2025 and expiring on 30 March 2026, which was necessitated by the adoption of new bamboo truss assembly technology and the lack of a sufficiently specialized technical team in Rwanda, resulting in the need for additional time; all other provisions of the initial contract not modified by this amendment shall remain the same and valid;
",pending,2025-12-22T00:00:00Z,2025-12-22T00:00:00Z,2026-03-30T00:00:00Z,98,1307224843,RWF
0.releases.2204.contracts.0,0.releases.2204,0,C1017258792025000003,3b32bd1b-7cc7-4c4d-bd2b-65c8fe56379e,"Construction of the Food Court/  Park Project, focusing on green building initiatives and environmental sustainability in Musanze District","Except for the second extension period of three (3) months and nine (9) days, commencing on 22 December 2025 and expiring on 30 March 2026, which was necessitated by the adoption of new bamboo truss assembly technology and the lack of a sufficiently specialized technical team in Rwanda, resulting in the need for additional time; all other provisions of the initial contract not modified by this amendment shall remain the same and valid;
",pending,2025-12-22T00:00:00Z,2025-12-22T00:00:00Z,2026-03-30T00:00:00Z,98,1307224843,RWF
0.releases.2205.contracts.0,0.releases.2205,0,C1017258792025000003,3b32bd1b-7cc7-4c4d-bd2b-65c8fe56379e,"Construction of the Food Court/  Park Project, focusing on green building initiatives and environmental sustainability in Musanze District","Except for the second extension period of three (3) months and nine (9) days, commencing on 22 December 2025 and expiring on 30 March 2026, which was necessitated by the adoption of new bamboo truss assembly technology and the lack of a sufficiently specialized technical team in Rwanda, resulting in the need for additional time; all other provisions of the initial contract not modified by this amendment shall remain the same and valid;
",pending,2025-12-22T00:00:00Z,2025-12-22T00:00:00Z,2026-03-30T00:00:00Z,98,1307224843,RWF
0.releases.2206.contracts.0,0.releases.2206,0,C1017258792025000003,3b32bd1b-7cc7-4c4d-bd2b-65c8fe56379e,"Construction of the Food Court/  Park Project, focusing on green building initiatives and environmental sustainability in Musanze District","Except for the second extension period of three (3) months and nine (9) days, commencing on 22 December 2025 and expiring on 30 March 2026, which was necessitated by the adoption of new bamboo truss assembly technology and the lack of a sufficiently specialized technical team in Rwanda, resulting in the need for additional time; all other provisions of the initial contract not modified by this amendment shall remain the same and valid;
",pending,2025-12-22T00:00:00Z,2025-12-22T00:00:00Z,2026-03-30T00:00:00Z,98,1307224843,RWF
0.releases.2207.contracts.0,0.releases.2207,0,C1017258792025000003,3b32bd1b-7cc7-4c4d-bd2b-65c8fe56379e,"Construction of the Food Court/  Park Project, focusing on green building initiatives and environmental sustainability in Musanze District","Except for the second extension period of three (3) months and nine (9) days, commencing on 22 December 2025 and expiring on 30 March 2026, which was necessitated by the adoption of new bamboo truss assembly technology and the lack of a sufficiently specialized technical team in Rwanda, resulting in the need for additional time; all other provisions of the initial contract not modified by this amendment shall remain the same and valid;
",pending,2025-12-22T00:00:00Z,2025-12-22T00:00:00Z,2026-03-30T00:00:00Z,98,1307224843,RWF
0.releases.2218.contracts.0,0.releases.2218,0,C1006004562025000021,9f4b7f7f-b779-4bc4-a407-b7adc2707de0,Professional advisory services to the Government of Rwanda on bulk oil purchase negotiations with the Kingdom of Saudi Arabia,"(B)	The Client has requested the extension of the Main contract for an additional period of 2 months due to geo-politics challenges, specifically securing an updated import licence from Kenya that hampered the progress of the Main contract;
 
(C)	The International Individual Consultant has agreed to extend the term of the Main Contract by an additional 2 months at no additional cost.
",pending,2025-05-23T00:00:00Z,2025-05-23T00:00:00Z,2026-03-22T00:00:00Z,303,150000,USD
0.releases.2220.contracts.0,0.releases.2220,0,C1019926372025000034,cb8b4b6d-f132-4c31-83de-cb61dded14af,Privatization of Management of Kabarore Guest House,Privatization of Management of Kabarore Guest House,active,2026-01-22T00:00:00Z,2026-01-22T00:00:00Z,2027-01-22T00:00:00Z,365,3068000,RWF
0.releases.2223.contracts.0,0.releases.2223,0,C1020592912026000003,47fd0b58-edef-48a0-9fff-802605cc71f8,Hiring insurance brokerage services company for Nyabihu District under framework agreement,The contract amount is 0Frw as the consultant will be paid by insurance company referring to regulations issued by National Bank of Rwanda.,active,2026-01-22T00:00:00Z,2026-01-22T00:00:00Z,2027-01-22T00:00:00Z,365,1,RWF
0.releases.2224.contracts.0,0.releases.2224,0,C1019320002025000053,a272f8b8-23a5-4091-a23e-f4189d467f52,BF- Feasibility Study of Rehabilitation of Mugombwa Health Center,,pending,2025-10-24T00:00:00Z,2025-10-24T00:00:00Z,2026-03-23T00:00:00Z,150,8900000,RWF
0.releases.2225.contracts.0,0.releases.2225,0,C1020592912026000001,e4026a8c-1d3c-45ba-b01e-ec8e70ea8332,Supply and distribute cows and their drug packages,Ok,active,2026-01-22T00:00:00Z,2026-01-22T00:00:00Z,2027-01-22T00:00:00Z,365,2277332,RWF
0.releases.2226.contracts.0,0.releases.2226,0,C1013307382026000020,79e4e720-4edd-46c5-bd89-b9bf8901fba1,Provision of Sports Services to the CoK staff,,pending,2026-01-20T00:00:00Z,2026-01-20T00:00:00Z,2027-01-19T00:00:00Z,364,19260,RWF
0.releases.2227.contracts.0,0.releases.2227,0,C1014354632024000003,db76cba9-b358-469d-85e2-1a47623c2fe5,Provision of transport service( framework contract),,pending,2025-02-07T00:00:00Z,2025-02-14T00:00:00Z,2026-02-13T00:00:00Z,364,26083200,RWF
0.releases.2232.contracts.0,0.releases.2232,0,C1013307382026000017,8dbdfe35-e64c-40f2-9089-ddef209430ac,Provision of Sports Services to the CoK staff,,active,2026-01-21T00:00:00Z,2026-01-21T00:00:00Z,2027-01-21T00:00:00Z,365,21240,RWF
0.releases.2233.contracts.0,0.releases.2233,0,C1013307382026000019,3ca4b66a-6331-4617-8441-42ec2e449e23,Provision of Sports Services to the CoK staff,,active,2026-01-21T00:00:00Z,2026-01-21T00:00:00Z,2027-01-21T00:00:00Z,365,21500,RWF
0.releases.2234.contracts.0,0.releases.2234,0,C1013307382026000023,3ebcf92c-47fc-4208-b084-930a0899896e,Provision of Sports Services to the CoK staff,,active,2026-01-21T00:00:00Z,2026-01-21T00:00:00Z,2027-01-21T00:00:00Z,365,18880,RWF
0.releases.2235.contracts.0,0.releases.2235,0,C1016390162025000002,5b346ca9-722c-4364-ae98-923b1e145078,Tender of maintenance and Repair non medical equipments,This contract will respecting all closes sets in the tender document and Specifications and the service will delivery by respecting the purchase order done by the Entity by respect the price schedule units,pending,2026-01-23T00:00:00Z,2026-01-23T00:00:00Z,2027-01-22T00:00:00Z,364,4143613,RWF
0.releases.2238.contracts.0,0.releases.2238,0,C1024326722025000054,ea2eb805-b5cc-4a69-9020-163f6bd84bd7,Supply of tires,,pending,2025-09-20T00:00:00Z,2025-09-20T00:00:00Z,2026-09-20T00:00:00Z,365,3031560,RWF
0.releases.2254.contracts.0,0.releases.2254,0,C1014354632024000003,db76cba9-b358-469d-85e2-1a47623c2fe5,Provision of transport service( framework contract),,active,2025-02-07T00:00:00Z,2025-02-14T00:00:00Z,2026-02-13T00:00:00Z,364,26083200,RWF
0.releases.2255.contracts.0,0.releases.2255,0,C1008058882026000001,47f1490f-0482-438a-a690-4414cacc028f,Terms of reference for Hiring a consultancy firm to conduct the feasibility study for upgrading Kiyanzi Warehouse Facility for Regional Logistics Hub Development,Initial contract for Hiring a consultancy firm to conduct the feasibility study for upgrading Kiyanzi Warehouse Facility for Regional Logistics Hub Development for aperion of Three (3) Months from signing contract date.,pending,2026-01-16T00:00:00Z,2026-01-16T00:00:00Z,2026-04-15T00:00:00Z,89,106884400,RWF
0.releases.2256.contracts.0,0.releases.2256,0,C1008058882026000001,47f1490f-0482-438a-a690-4414cacc028f,Terms of reference for Hiring a consultancy firm to conduct the feasibility study for upgrading Kiyanzi Warehouse Facility for Regional Logistics Hub Development,Initial contract for Hiring a consultancy firm to conduct the feasibility study for upgrading Kiyanzi Warehouse Facility for Regional Logistics Hub Development for aperion of Three (3) Months from signing contract date.,pending,2026-01-16T00:00:00Z,2026-01-16T00:00:00Z,2026-04-15T00:00:00Z,89,106884400,RWF
0.releases.2267.contracts.0,0.releases.2267,0,C1014884812026000016,10ef3d36-c5dd-477d-95d0-014cb02e26ff,Tender for provision VIP Transport Services for civil servants across the country,This contract will be executed for a period of three (3) years starting from the date after signature by both parties.,active,2026-01-22T00:00:00Z,2026-01-22T00:00:00Z,2029-01-22T00:00:00Z,1096,552251,RWF
0.releases.2268.contracts.0,0.releases.2268,0,C1014884812026000009,73d1efbd-5465-4f5e-9efc-47dc71548d37,Tender for provision VIP Transport Services for civil servants across the country,,active,2026-01-22T00:00:00Z,2026-01-22T00:00:00Z,2029-01-22T00:00:00Z,1096,552251,RWF
0.releases.2269.contracts.0,0.releases.2269,0,C1014884812026000003,5c5ad7a2-83df-4f4e-8968-5744e2766038,Tender for provision VIP Transport Services for civil servants across the country,This contract will be executed for a period of three (3) years starting from the date after signature by both parties.,active,2026-01-22T00:00:00Z,2026-01-22T00:00:00Z,2029-01-22T00:00:00Z,1096,5821076,RWF
0.releases.2270.contracts.0,0.releases.2270,0,C1197750232026000001,a7e14863-58c8-4b51-8beb-286a29f57690,Recruitment of consultancy firm to conduct the Midi-Term Review of COMBIO Project,Consultancy to conduct Mid Term Review of COMBIO Project,pending,2026-01-21T00:00:00Z,2026-01-21T00:00:00Z,2026-03-19T00:00:00Z,57,34000000,RWF
0.releases.2271.contracts.0,0.releases.2271,0,C1014884812026000008,45584897-adf3-4dcb-af2d-4eb2a6da47e4,Tender for provision VIP Transport Services for civil servants across the country,This contract will be executed for a period of three (3) years starting from the date after signature by both parties.,active,2026-01-22T00:00:00Z,2026-01-22T00:00:00Z,2029-01-22T00:00:00Z,1096,5821076,RWF
0.releases.2272.contracts.0,0.releases.2272,0,C1014884812026000015,3bfad084-5004-4fb3-94af-9aa4a3268123,Tender for provision VIP Transport Services for civil servants across the country,This contract will be executed for a period of three (3) years starting from the date after signature by both parties.,active,2026-01-22T00:00:00Z,2026-01-22T00:00:00Z,2029-01-22T00:00:00Z,1096,552251,RWF
0.releases.2273.contracts.0,0.releases.2273,0,C1024326722025000014,f2d6c2a4-64b4-41f1-9e0d-f1deb12f39fe,Supply of Spare part for general maintenance,Framework Agreement,pending,2025-03-28T00:00:00Z,2025-03-28T00:00:00Z,2026-03-28T00:00:00Z,365,169366879,RWF
0.releases.2274.contracts.0,0.releases.2274,0,C1014884812026000005,52f5b6f3-9839-43f8-bb1c-4c34354f123f,Tender for provision VIP Transport Services for civil servants across the country,This contract will be executed for a period of three (3) years starting from the date after signature by both parties.,active,2026-01-22T00:00:00Z,2026-01-22T00:00:00Z,2029-01-22T00:00:00Z,1096,5821076,RWF
0.releases.2276.contracts.0,0.releases.2276,0,C1014884812026000014,cdab9605-aa89-43b4-9185-3946abf6e28e,Tender for provision VIP Transport Services for civil servants across the country,This contract will be executed for a period of three (3) years starting from the date after signature by both parties.,active,2026-01-22T00:00:00Z,2026-01-22T00:00:00Z,2029-01-22T00:00:00Z,1096,552251,RWF
0.releases.2278.contracts.0,0.releases.2278,0,C1014884812026000018,63ec860c-0e08-4a1f-b50c-deaa871c172b,Tender for provision VIP Transport Services for civil servants across the country,This contract will be executed for a period of three (3) years starting from the date after signature by both parties.,active,2026-01-22T00:00:00Z,2026-01-22T00:00:00Z,2029-01-22T00:00:00Z,1096,552251,RWF
0.releases.2279.contracts.0,0.releases.2279,0,C1014884812026000012,cd6656dd-69db-47a4-9e7c-42e764401aec,Tender for provision VIP Transport Services for civil servants across the country,This contract will be executed for a period of three (3) years starting from the date after signature by both parties.,active,2026-01-22T00:00:00Z,2026-01-22T00:00:00Z,2029-01-22T00:00:00Z,1096,552251,RWF
0.releases.2280.contracts.0,0.releases.2280,0,C1014884812026000002,84cee599-9d7b-4fb4-8fc1-95d051daf93a,Tender for provision VIP Transport Services for civil servants across the country,This contract will be executed for a period of three (3) years starting from the date after signature by both parties.,active,2026-01-22T00:00:00Z,2026-01-22T00:00:00Z,2029-01-22T00:00:00Z,1096,5821076,RWF
0.releases.2281.contracts.0,0.releases.2281,0,C1014884812026000011,ea2b3670-e23e-451f-be9d-3551c63cb565,Tender for provision VIP Transport Services for civil servants across the country,This contract will be executed for a period of three (3) years starting from the date after signature by both parties.,active,2026-01-22T00:00:00Z,2026-01-22T00:00:00Z,2029-01-22T00:00:00Z,1096,552251,RWF
0.releases.2282.contracts.0,0.releases.2282,0,C1014884812026000006,a0d7edd5-7486-4b5c-80a2-018b6b86eeb8,Tender for provision VIP Transport Services for civil servants across the country,This contract will be executed for a period of three (3) years starting from the date after signature by both parties.,active,2026-01-22T00:00:00Z,2026-01-22T00:00:00Z,2029-01-22T00:00:00Z,1096,5821076,RWF
0.releases.2283.contracts.0,0.releases.2283,0,C1014884812026000004,c0b27456-c2e9-45ec-b141-aed60e4810fb,Tender for provision VIP Transport Services for civil servants across the country,This contract will be executed for a period of three (3) years starting from the date after signature by both parties.,active,2026-01-22T00:00:00Z,2026-01-22T00:00:00Z,2029-01-22T00:00:00Z,1096,5821076,RWF
0.releases.2284.contracts.0,0.releases.2284,0,C1014884812026000019,8c81a29b-c912-449e-bf1c-053977e20055,Tender for provision VIP Transport Services for civil servants across the country,This contract will be executed for a period of three (3) years starting from the date after signature by both parties.,active,2026-01-22T00:00:00Z,2026-01-22T00:00:00Z,2029-01-22T00:00:00Z,1096,552251,RWF
0.releases.2285.contracts.0,0.releases.2285,0,C1014884812026000017,7f7fead8-8df8-43b7-b5a1-9c6c9c2a0eae,Tender for provision VIP Transport Services for civil servants across the country,This contract will be executed for a period of three (3) years starting from the date after signature by both parties.,active,2026-01-22T00:00:00Z,2026-01-22T00:00:00Z,2029-01-22T00:00:00Z,1096,552251,RWF
0.releases.2286.contracts.0,0.releases.2286,0,C1014884812026000007,98dfd66b-a83c-4827-81e7-a34b178f7e65,Tender for provision VIP Transport Services for civil servants across the country,This contract will be executed for a period of three (3) years starting from the date after signature by both parties.,active,2026-01-22T00:00:00Z,2026-01-22T00:00:00Z,2029-01-22T00:00:00Z,1096,5821076,RWF
0.releases.2287.contracts.0,0.releases.2287,0,C1014884812026000013,f757003c-fe4e-4eb8-9f5a-b3d0c110a3d2,Tender for provision VIP Transport Services for civil servants across the country,This contract will be executed for a period of three (3) years starting from the date after signature by both parties.,active,2026-01-22T00:00:00Z,2026-01-22T00:00:00Z,2029-01-22T00:00:00Z,1096,552251,RWF
0.releases.2288.contracts.0,0.releases.2288,0,C1014884812026000010,fc895085-af0d-40e5-8fa7-82db0087c110,Tender for provision VIP Transport Services for civil servants across the country,This contract will be executed for a period of three (3) years starting from the date after signature by both parties.,active,2026-01-22T00:00:00Z,2026-01-22T00:00:00Z,2029-01-22T00:00:00Z,1096,552251,RWF
0.releases.2289.contracts.0,0.releases.2289,0,C1114098972026000001,7d7724ca-b5ac-41f6-91bc-2335e1b57ab8,SUPPLY OF LABORATORY CONSUMABLES,"The object of this contract is to supply to the Purchaser the laboratory consumables as listed in Annex I: list of goods, quantities and technical specifications.

GASUMBA Edmond, Inland Cargo Inspector shall ensure the management of this contract on behalf of the Purchaser.",active,2026-01-22T00:00:00Z,2026-01-22T00:00:00Z,2027-01-22T00:00:00Z,365,10368568,RWF
0.releases.2290.contracts.0,0.releases.2290,0,C1136535742026000001,2b8e8008-222b-4092-9571-78ddb29cee85,Building and assets insurances,Contract of Building and Assets insurance tender and will be renewable depended on performance of bidder.,active,2026-01-21T00:00:00Z,2026-01-25T00:00:00Z,2027-01-25T00:00:00Z,365,2792551,RWF
0.releases.2291.contracts.0,0.releases.2291,0,C1022798862026000001,b4172584-2bfd-42b0-a8cf-6c7718be6a65,Provision of garage services for RP Karongi College Vehicles under framework Contract,This Contract is based per unit price.,pending,2026-01-21T00:00:00Z,2026-01-21T00:00:00Z,2027-01-19T00:00:00Z,363,13738976,RWF
0.releases.2296.contracts.0,0.releases.2296,0,C1033694802025000043,ae68afe6-3bc9-40c6-a4a2-a4505f984c8b,Supply and installation of submerged water pump with electrical floater at Muhabura Building at UR CST (Re-Advertised),Contract for Supply and installation of submerged water pump with electrical floater at Muhabura Building at UR CST (Re-Advertised) is a lumpsum contract.,active,2025-09-24T00:00:00Z,2025-09-24T00:00:00Z,2026-03-23T00:00:00Z,180,11602940,RWF
0.releases.2297.contracts.0,0.releases.2297,0,C1018534192026000004,7c52c677-fd8a-45e3-8c10-e442a69f52fd,Insurance of minaffet vip cars,,pending,2026-01-22T00:00:00Z,2026-01-22T00:00:00Z,2027-01-21T00:00:00Z,364,8270976,RWF
0.releases.2298.contracts.0,0.releases.2298,0,C1033694802024000006,74f2def3-a898-4e81-aee5-b967a4e1e5e2,"Purchase of branded and promotional materials, supply, designing, printing, manufacturing, availing and fixation of promotional materials for UR Campuses","This is the second renewal for framework contract for purchase of branded and promotional materials, supply, designing, printing, manufacturing, availing and fixation of promotional materials for UR Campuses for a period of one (1) year effective from 24/01/2026.",active,2025-01-24T00:00:00Z,2026-01-24T00:00:00Z,2027-01-23T00:00:00Z,364,1477198,RWF
0.releases.2300.contracts.0,0.releases.2300,0,C1033694802025000008,3cd330db-4110-41f7-a5e7-70f185e6d619,Supply of Animal drugs to Nyagatare Campus,This is  the first renewal  for the Supply of Animal drugs to Nyagatare Campus,active,2025-02-05T00:00:00Z,2026-02-06T00:00:00Z,2027-02-05T00:00:00Z,364,672150,RWF
0.releases.2301.contracts.0,0.releases.2301,0,C1033694802024000004,e526ba1b-f2f4-4c16-a2be-9427f73b0400,Supply of farming tools and materials,"This is the first renewal of framework contract for Supply of farming tools and materials for a period of one year effective from 25/01/2026.


NOTE: All items with clear specifications and their prices appear in the contract that is attached in the document tab",active,2025-01-25T00:00:00Z,2026-01-25T00:00:00Z,2027-01-24T00:00:00Z,364,777730,RWF
0.releases.2302.contracts.0,0.releases.2302,0,C1017921732024000002,731a8add-6ec5-42ea-9f8e-452883940550,"Supply of Fuel to NPPA Vehicles, Motorcycles and Generator/Framework Contract/Re-Advertised","This is contract for Supply of Fuel to NPPA Vehicles, Motorcycles and Generator/Framework Contract/Re-Advertised between NPPA and SOCIETE PETROLIERE LTD

The supplier shall provide Performance Securing Declaration instead of Performance Guarantee, except in case the Client issued the purchase order exceeding 20.000.000Rwf as provided by Regulation in force. 

The discount offered is 15Rwf per ltr.
The initial price could change according to the change of price officially provided by RURA; However the discount will remain firm and fix during the whole period of the contract.

The Payment will be done within 45 days upon reception of a valid invoice supported by purchase order issued, good received note and other document requested by NPPA Finance Services 



",pending,2026-01-31T00:00:00Z,2026-02-01T00:00:00Z,2027-01-31T00:00:00Z,364,3244,RWF
0.releases.2308.contracts.0,0.releases.2308,0,C1016390162025000001,f741fcff-5d58-4e5a-b5d8-cf9f13974a73,"Tender of purchase Mattresses, bed covers, blankets, draps and others related",This contract will be respecting all the clauses set in the tender document and specification. The supplier will be respecting the samples of Entity and the price which will be sets in the purchase order by respecting the price schedule units,pending,2026-01-23T00:00:00Z,2026-01-23T00:00:00Z,2027-01-22T00:00:00Z,364,401436,RWF
0.releases.2309.contracts.0,0.releases.2309,0,C1018534192026000004,7c52c677-fd8a-45e3-8c10-e442a69f52fd,Insurance of minaffet vip cars,,active,2026-01-23T00:00:00Z,2026-01-23T00:00:00Z,2027-01-23T00:00:00Z,365,8270976,RWF
0.releases.2311.contracts.0,0.releases.2311,0,C1013364812026000003,981a0a5b-d966-4412-ad4f-47dfa9b5ce50,Execution works for construction of science laboratory at Inyange Girls school,"1. The duration of works completion is four (4) months. The contract start date will depend on those three conditions:
- Contract signature
- Issue of the service order and
- Site introduction (Rulindo District shall facilitate the process on site possession 

2. The Contractor will be paid as follows:
•	Advance payment of 20% of total contract price equivalent to    44,782,095 rwf shall be paid to the contractor after approval of project review and submission of advance guarantee of 100% of the amount of advance to be paid.
•	The total contract cost of 223,910,473rwf will be paid progressively according to the certified and approved invoices. Payments shall be adjusted for deductions for advance payments.
•	The first invoice shall be submitted once the works progress is greater than 20%.  This suggests that, apart from the first installment which cannot be below 20% of the total contract value, the Contractor may submit invoices at any time during the contract period, regardless of the portion or percentage of works completed.
•	All invoices must be accompanied by the proof of payment of all workers (casual workers) employed.
•	The payment shall be made to the account Number 4004201049050 opened in EQUITY BANK in names of RUKARIZA CO LTD (Joint venture partner) as agreed in joint venture agreement.
",pending,2026-01-21T00:00:00Z,2026-01-21T00:00:00Z,2026-05-20T00:00:00Z,119,223910473,RWF
0.releases.2312.contracts.0,0.releases.2312,0,C1016390162025000001,f741fcff-5d58-4e5a-b5d8-cf9f13974a73,"Tender of purchase Mattresses, bed covers, blankets, draps and others related",This contract will be respecting all the clauses set in the tender document and specification. The supplier will be respecting the samples of Entity and the price which will be sets in the purchase order by respecting the price schedule units,pending,2026-01-23T00:00:00Z,2026-01-23T00:00:00Z,2027-01-22T00:00:00Z,364,401436,RWF
0.releases.2313.contracts.0,0.releases.2313,0,C1013364812026000003,981a0a5b-d966-4412-ad4f-47dfa9b5ce50,Execution works for construction of science laboratory at Inyange Girls school,"1. The duration of works completion is four (4) months. The contract start date will depend on those three conditions:
- Contract signature
- Issue of the service order and
- Site introduction (Rulindo District shall facilitate the process on site possession 

2. The Contractor will be paid as follows:
•	Advance payment of 20% of total contract price equivalent to    44,782,095 rwf shall be paid to the contractor after approval of project review and submission of advance guarantee of 100% of the amount of advance to be paid.
•	The total contract cost of 223,910,473rwf will be paid progressively according to the certified and approved invoices. Payments shall be adjusted for deductions for advance payments.
•	The first invoice shall be submitted once the works progress is greater than 20%.  This suggests that, apart from the first installment which cannot be below 20% of the total contract value, the Contractor may submit invoices at any time during the contract period, regardless of the portion or percentage of works completed.
•	All invoices must be accompanied by the proof of payment of all workers (casual workers) employed.
•	The payment shall be made to the account Number 4004201049050 opened in EQUITY BANK in names of RUKARIZA CO LTD (Joint venture partner) as agreed in joint venture agreement.
",pending,2026-01-23T00:00:00Z,,,,223910473,RWF
0.releases.2316.contracts.0,0.releases.2316,0,C1017344602026000002,,Vaccination & Insemination through Veterinary Sanitary Mandate,OK,active,2026-01-22T00:00:00Z,2026-01-22T00:00:00Z,2027-01-22T00:00:00Z,365,9044,RWF
0.releases.2317.contracts.0,0.releases.2317,0,C1006003912026000003,8b156299-7672-416a-b710-397162c0216c,Supply of Plumbing materials (Retendered),"- As Performance Security, the supplier will be requested to provide the performance securing declaration in place of the performance security stating that this contract will be well executed as stipulated in contract terms.
However, a performance security will be requested for each purchase order exceeding 20,000,000 Frw
- Delivery of goods will only be done after the receipt of the purchase order and the delivery period will not exceed 30 days after reception of each purchase order.
- The framework contract period is one year which may be renewed upon evaluation of satisfactory performance of the supplier and upon agreement of the two parties.",pending,2026-01-20T00:00:00Z,2026-01-20T00:00:00Z,2027-01-19T00:00:00Z,364,39952032,RWF
0.releases.2318.contracts.0,0.releases.2318,0,C1196746772026000003,,Provision of internet services in RAEB offices,This contract shall be effective after its signature by both parties,active,2026-01-21T00:00:00Z,2026-01-21T00:00:00Z,2027-01-21T00:00:00Z,365,6655200,RWF
0.releases.2329.contracts.0,0.releases.2329,0,C1014030752026000002,37df70aa-d70b-4ce2-a6b8-d60c26e67413,Supply of cows(Re-advertised),This framework contract may be renewed twice depending on satisfactory performance of the Supplier.,pending,2026-01-15T00:00:00Z,2026-01-15T00:00:00Z,2027-01-14T00:00:00Z,364,1263300,RWF
0.releases.2330.contracts.0,0.releases.2330,0,C1014030752026000003,4bdeb54e-1287-4e68-b223-cb203d0f569f,Supply of food and materials for Transit Center,This framework contract may be renewed twice depending on satisfactory performance of the Supplier.,active,2026-01-23T00:00:00Z,2026-01-23T00:00:00Z,2027-01-23T00:00:00Z,365,612054,RWF
0.releases.2332.contracts.0,0.releases.2332,0,C1015990942025000002,655d67c6-f1bd-4cf3-b2bc-8c6e8872ea11,Maintenance of Kibungo referral Hospital Vehicules   and Generator,"This is a framework contract of Maintenance of Kibungo referral Hospital Vehicles   and Generator for a period of one year renewable twice according to the good performance of service provider.The payment will be done within forty five (45) days from the reception of the invoice. The execution of this contract will be based on the purchase order prepared by procuring entity

The service will provide the performance security for each purchase order exceeds Twenty million (20,000,000 frw)",pending,2025-01-27T00:00:00Z,2025-01-27T00:00:00Z,2027-01-26T00:00:00Z,729,72043154,RWF
0.releases.2333.contracts.0,0.releases.2333,0,C1014030752024000001,6acf98d3-6f4f-438a-aee0-519bf7fc7867,Provision of cleaning services,"This framework contract may be renewed twice depending on satisfactory performance of the Supplier.
The contract is related to Lot 1 for cleaning service of building",active,2024-01-25T00:00:00Z,2024-01-25T00:00:00Z,2027-01-24T00:00:00Z,1095,2457654,RWF
0.releases.2335.contracts.0,0.releases.2335,0,C1203356722025000001,7576917e-1527-457d-8bd4-914d3e59f19d,Hiring a service provider for mechanization services,,pending,2025-01-27T00:00:00Z,2025-01-27T00:00:00Z,2027-01-26T00:00:00Z,729,6600000,RWF
0.releases.2337.contracts.0,0.releases.2337,0,C1129469182025000007,9ded0617-abd9-48dd-8117-a19ccf98941e,"Supply of plastic child friendly hand washing facilities to households with under 2 years children, pregnant women and home Based ECD",,pending,2026-01-23T00:00:00Z,2026-01-24T00:00:00Z,2027-01-23T00:00:00Z,364,15340,RWF
0.releases.2339.contracts.0,0.releases.2339,0,C1129469182025000006,51141304-3aba-4e4a-9be4-2f1172738899,"Supply of plastic toilet sanitation facilities to Households with under 2 years children, pregnant women and Home based ECD",,pending,2026-01-23T00:00:00Z,2026-01-24T00:00:00Z,2027-01-23T00:00:00Z,364,15930,RWF
0.releases.2340.contracts.0,0.releases.2340,0,C1129469182025000003,94f0315a-0d91-4ab7-8e07-0fac34e74f4b,"Supply of ceramic water filters to households with under 2 years children and pregnant women, to community based ECD facilities and Home based ECD",,pending,2026-01-23T00:00:00Z,2026-01-24T00:00:00Z,2027-01-23T00:00:00Z,364,69000,RWF
0.releases.2342.contracts.0,0.releases.2342,0,C1078128392023000014,17e9b5c3-d58e-4975-97bc-feffc24d6c13,Upgrading teaching & learning at Rwanda Polytechnic on integrated package (facilities & ICT-enabled pedagogy),"The appointed contract management team led by Mr. Anastase NDUWAYEZU will manage this contract on behalf of Rwanda Polytechnic through all managerial activities regarding the proper implementation of this contract.

Due to the nature of this contract, all items are not recorded in the system under deliverables because the contract is turnkey contract that comprises all designs and civil works, supply, installation and commissioning the equipment to be supplied and the related trainings. Therefore, the detailed list pf items and their prices are attached to this contract, and it is an integral part of this contract. The delivery of equipment, civil works and training will be checked against that attached list of items, works and related services including training and commissioning.
The contract amount includes the withholding tax only equivalent to 15% of the total contract amount. It means that the contractor will be paid the remaining amount (Take home amount) after deducting the withholding tax equivalent to 15% of the total contract amount for phase one. 
 
Other taxes, duties and levies at the Rwandan territory will be declared and paid by Rwanda Polytechnic as agreed by contracting parties in the various negotiations. 

Decision:
Following a thorough review of the extension request, the recommendation from the contract manager, and in compliance with applicable procurement laws, the Procurement Technical Committee (PTC) resolved the following:

Contract Extension:
The contract with Devotra B.V for the “Upgrading Teaching & Learning at Rwanda Polytechnic on Integrated Package (Facilities & ICT-enabled Pedagogy)” shall be extended for a period of 129 calendar days, from 24/05/2025 to 30/09/2025.

Other Provisions:
All other terms and conditions of the contract shall remain unchanged and continue to be binding upon both parties.



",pending,2023-11-24T00:00:00Z,2023-11-24T00:00:00Z,2026-05-31T00:00:00Z,919,4833601,EUR
0.releases.2343.contracts.0,0.releases.2343,0,C1078128392023000014,17e9b5c3-d58e-4975-97bc-feffc24d6c13,Upgrading teaching & learning at Rwanda Polytechnic on integrated package (facilities & ICT-enabled pedagogy),"The appointed contract management team led by Mr. Anastase NDUWAYEZU will manage this contract on behalf of Rwanda Polytechnic through all managerial activities regarding the proper implementation of this contract.

Due to the nature of this contract, all items are not recorded in the system under deliverables because the contract is turnkey contract that comprises all designs and civil works, supply, installation and commissioning the equipment to be supplied and the related trainings. Therefore, the detailed list pf items and their prices are attached to this contract, and it is an integral part of this contract. The delivery of equipment, civil works and training will be checked against that attached list of items, works and related services including training and commissioning.
The contract amount includes the withholding tax only equivalent to 15% of the total contract amount. It means that the contractor will be paid the remaining amount (Take home amount) after deducting the withholding tax equivalent to 15% of the total contract amount for phase one. 
 
Other taxes, duties and levies at the Rwandan territory will be declared and paid by Rwanda Polytechnic as agreed by contracting parties in the various negotiations. 

Decision:
Following a thorough review of the extension request, the recommendation from the contract manager, and in compliance with applicable procurement laws, the Procurement Technical Committee (PTC) resolved the following:

Contract Extension:
The contract with Devotra B.V for the “Upgrading Teaching & Learning at Rwanda Polytechnic on Integrated Package (Facilities & ICT-enabled Pedagogy)” shall be extended for a period of 129 calendar days, from 24/05/2025 to 30/09/2025.

Other Provisions:
All other terms and conditions of the contract shall remain unchanged and continue to be binding upon both parties.



",pending,2023-11-24T00:00:00Z,2023-11-24T00:00:00Z,2026-05-31T00:00:00Z,919,4833601,EUR
0.releases.2345.contracts.0,0.releases.2345,0,C1129469182025000005,1dd587e8-2189-4011-badd-b5ab27cd80ad,Provision of wheel chairs and crutches for children under 6 years,,pending,2026-01-23T00:00:00Z,2026-01-24T00:00:00Z,2027-01-23T00:00:00Z,364,166000,RWF
0.releases.2348.contracts.0,0.releases.2348,0,C1013307382026000022,a71d2ca8-33b5-4097-94f9-548859644dc1,Provision of Sports Services to the CoK staff,,pending,2026-01-20T00:00:00Z,2026-01-20T00:00:00Z,2027-01-19T00:00:00Z,364,20500,RWF
0.releases.2365.contracts.0,0.releases.2365,0,C1016621172025000050,91a7de40-a716-49c4-9a9a-7b38575226fd,Tender for the  Airtime and space in different media platforms,Framework contract,active,2026-01-22T00:00:00Z,2026-01-22T00:00:00Z,2027-01-22T00:00:00Z,365,11562756,RWF
0.releases.2367.contracts.0,0.releases.2367,0,C1016621172025000049,944c0ff1-8d2d-454e-9db3-58fff981cb49,Tender for the  Airtime and space in different media platforms,Frame work contract,active,2026-01-22T00:00:00Z,2026-01-22T00:00:00Z,2027-01-22T00:00:00Z,365,3540000,RWF
0.releases.2379.contracts.0,0.releases.2379,0,C1014354632024000039,1a7c0c93-7724-4c18-8855-9bc2d5327eda,Provision of insurance services for District assets,,pending,2026-01-22T00:00:00Z,2026-01-24T00:00:00Z,2027-01-23T00:00:00Z,364,23424285,RWF
0.releases.2380.contracts.0,0.releases.2380,0,C1071118822024000003,8f49b179-9c68-4b4e-bdf9-436f228aecf3,Framework Agreement to Provide Home Broadband Solutions to Public Servants,Amendment No. 2 renews the contract for one year; all other terms and conditions of the original contract and prior amendments remain unchanged.,active,2024-02-16T00:00:00Z,2024-02-16T00:00:00Z,2027-02-15T00:00:00Z,1095,1705000,RWF
0.releases.2381.contracts.0,0.releases.2381,0,C1071118822024000006,6f61beb5-4533-45b2-b9a1-f74d9112811d,Framework Agreement to Provide Home Broadband Solutions to Public Servants,Amendment No. 4 regarding the renewal of  1 year.All other terms and conditions of the original contract  and its amendments remain unchanged.,active,2024-02-16T00:00:00Z,2024-02-16T00:00:00Z,2027-02-15T00:00:00Z,1095,2378290,RWF
0.releases.2382.contracts.0,0.releases.2382,0,C1071118822024000004,7d221a88-2500-4c68-b3bb-dbdded430eb4,Framework Agreement to Provide Home Broadband Solutions to Public Servants,Amendment No. 2 renews the contract for one year; all other terms and conditions of the original contract and prior amendments remain unchanged.,active,2024-02-09T00:00:00Z,2024-02-09T00:00:00Z,2027-02-08T00:00:00Z,1095,1771498,RWF
0.releases.2383.contracts.0,0.releases.2383,0,C1071118822024000005,5d7a9f64-2916-4b4c-bb1e-84ded782edea,Framework Agreement to Provide Home Broadband Solutions to Public Servants,Amendment No. 3 renews the contract for one year; all other terms and conditions of the original contract and prior amendments remain unchanged.,active,2024-03-28T00:00:00Z,2024-03-28T00:00:00Z,2027-03-27T00:00:00Z,1094,227000,RWF
0.releases.2386.contracts.0,0.releases.2386,0,C1017258792025000003,3b32bd1b-7cc7-4c4d-bd2b-65c8fe56379e,"Construction of the Food Court/  Park Project, focusing on green building initiatives and environmental sustainability in Musanze District","Except for the second extension period of three (3) months and nine (9) days, commencing on 22 December 2025 and expiring on 30 March 2026, which was necessitated by the adoption of new bamboo truss assembly technology and the lack of a sufficiently specialized technical team in Rwanda, resulting in the need for additional time; all other provisions of the initial contract not modified by this amendment shall remain the same and valid;
",pending,2025-12-22T00:00:00Z,2025-12-22T00:00:00Z,2026-03-30T00:00:00Z,98,1307224843,RWF
0.releases.2396.contracts.0,0.releases.2396,0,C1030866342025000002,ef58492c-4a1d-4696-84e1-27e001a3caba,"Recruitment of a Consultant to manage IIA Rwanda Business development, trainings and events Programs",Individual consultancy contract,pending,2025-01-24T00:00:00Z,2025-01-24T00:00:00Z,2027-01-23T00:00:00Z,729,15576000,RWF
0.releases.2398.contracts.0,0.releases.2398,0,C1014060982026000001,dbf70f16-f3bd-40e3-8c4d-cc0867d8a56a,Providing cleaning service for Gicumbi District,,active,2026-01-23T00:00:00Z,2026-02-17T00:00:00Z,2027-02-17T00:00:00Z,365,1995368,RWF
0.releases.2399.contracts.0,0.releases.2399,0,C1018236932025000019,40d2fad5-e190-4ab8-8a0e-3eddfc54ff17,Construction of Selling point at Matinza in Rwinkwavu Sector,This amendment aims at extending contact duration for construction of MATINZA Selling Point  of 2 months starting from 20/01/2026 to 20/03/2026,active,2025-08-20T00:00:00Z,2025-08-20T00:00:00Z,2026-01-30T00:00:00Z,163,72487837,RWF
0.releases.2400.contracts.0,0.releases.2400,0,C1018320552023000015,6fc2c0ef-923e-4ab4-bb2f-f23f30119f11,Supply of office stationeries,"1.This is a framework agreement for one year which is renewable once upon good completion
2. The delivery will be subject to a purchase order issued by Bushenge PH
3. The prices to be used are those in  price negotiation report
4. The place of delivery is BUSHENGE PROVINCIAL Hospital
5. The attachment documents will be attached  for this last contract amendment ",pending,2023-09-23T00:00:00Z,2023-09-23T00:00:00Z,2026-09-22T00:00:00Z,1095,7400000,RWF
0.releases.2401.contracts.0,0.releases.2401,0,C1014354632024000039,1a7c0c93-7724-4c18-8855-9bc2d5327eda,Provision of insurance services for District assets,,active,2026-01-22T00:00:00Z,2026-01-24T00:00:00Z,2027-01-23T00:00:00Z,364,23424285,RWF
0.releases.2402.contracts.0,0.releases.2402,0,C1024203812024000029,c16c22ad-fddf-437c-8b2e-c2ec22ee787e,"Tender for framework contract for hiring public relations, marketing and communication services ","Renewed framework contract for hiring public relations, marketing and communication services ",pending,2025-01-23T00:00:00Z,2025-01-23T00:00:00Z,2027-01-22T00:00:00Z,729,29855637,RWF
0.releases.2404.contracts.0,0.releases.2404,0,C1020403172024000005,a47161c4-177d-4434-9175-cc0ad9692f76, Tender for upgrading of Rasano Health post Re-advertised,The contract starts from the issuance date of service order to the client.,pending,2024-03-26T00:00:00Z,2024-03-26T00:00:00Z,2026-03-25T00:00:00Z,729,583668497,RWF
0.releases.2406.contracts.0,0.releases.2406,0,C1016390162025000002,5b346ca9-722c-4364-ae98-923b1e145078,Tender of maintenance and Repair non medical equipments,This contract will respecting all closes sets in the tender document and Specifications and the service will delivery by respecting the purchase order done by the Entity by respect the price schedule units,pending,2026-01-23T00:00:00Z,2026-01-23T00:00:00Z,2027-01-22T00:00:00Z,364,4143613,RWF
0.releases.2417.contracts.0,0.releases.2417,0,C1013307382026000021,8fb3bddd-0250-40f5-a51c-0e806ca1b8e3,Provision of Sports Services to the CoK staff,,pending,2026-01-20T00:00:00Z,2026-01-20T00:00:00Z,2027-01-19T00:00:00Z,364,20500,RWF
0.releases.2427.contracts.0,0.releases.2427,0,C1024203812025000024,930f7681-e6cd-40a3-9df6-6eb2b1aee6e9,Tender for Supply of five generators at NPC and LPCs,Contract for supply of five generators at NPC and LPCs,active,2026-01-23T00:00:00Z,2026-01-23T00:00:00Z,2026-05-23T00:00:00Z,120,257240000,RWF
0.releases.2439.contracts.0,0.releases.2439,0,C1123580542025000002,66d9087a-f5db-4396-9572-cf089a933007,"Supply, installation and development of Smart agriculture application for Geospatial hub","Supply, installation and development of Smart agriculture application for Geospatial hub",pending,2026-01-23T00:00:00Z,2026-01-25T00:00:00Z,2026-05-31T00:00:00Z,126,927700,USD
0.releases.2440.contracts.0,0.releases.2440,0,C1123580542025000003,188368a7-cf25-460e-bdf3-8d5c176fd0ad,"Supply, installation and development of Forestry monitoring (carbon sequestration) application for Geospatial hub                                                                  ",,pending,2026-01-23T00:00:00Z,2026-01-25T00:00:00Z,2026-06-30T00:00:00Z,156,572300,USD
0.releases.2461.contracts.0,0.releases.2461,0,C1031445132025000001,a3b93ea7-3195-4026-a305-bd769b0888bd,Re-Advertisement for Supply of Mechanical and Welding Consumables to IPRC Huye under framework Contract,The supplier should supply good quality as stated in the contract.,pending,2025-01-24T00:00:00Z,2025-01-25T00:00:00Z,2026-01-24T00:00:00Z,364,15714496,RWF
0.releases.2464.contracts.0,0.releases.2464,0,C1020603672025000002,672fbd0f-d1ef-411f-8070-8bd26cc2eb65,Protection of radical terraces by grasses(Ha),"This contract has been extended a period of 1year. 
This contract will be executed by purchase order.
	PAYMENT MODALITIES

1)	1st installment 50% (after supply and planting), 
2)	2nd installment 15% (after 1st beating up/ replacement and average surviving rate of 85%), 
3)	3rd installment 15% (after 2nd beating up/ replacement and average surviving rate of 85%) and
4)	4th installment 20% (after final handover and with surviving rate of 100% and average 1m).

The Performance security will be:
-10% of any purchase order issued and received by the supplier that are between 20,000,000rwf and 50,000,000rwf and 7% of any purchase order issued and received by the supplier that are between 50,000,000rwf and 100,000,000rw

-   The supplier has 45 days to deliver goods and to finish work from the date of receiving the purchase order by supplier.",pending,2026-01-30T00:00:00Z,2026-01-30T00:00:00Z,2027-01-29T00:00:00Z,364,44002200,RWF
0.releases.2466.contracts.0,0.releases.2466,0,C1202635652026000002,51e9d99a-f237-4d60-81a0-cca36372ab4a,Supply of Laundry and IPC  materials,This is one Year agreement that can be renewed twice upon mutual agreement,active,2026-01-22T00:00:00Z,2026-01-22T00:00:00Z,2027-01-22T00:00:00Z,365,2415300,RWF
0.releases.2470.contracts.0,0.releases.2470,0,C1008412802026000001,0dd8cf66-716c-46d0-9340-1ef762d9a3e1,Supply and installation of smart water tank,"This contract has subject to Supply and Install the Smart Water Tank based on Purchase Order.
Delivery period is One Month counted from reception of the Purchase Order.",active,2026-01-23T00:00:00Z,2026-01-23T00:00:00Z,2026-02-23T00:00:00Z,31,3245000,RWF
0.releases.2484.contracts.0,0.releases.2484,0,C1123580542025000002,66d9087a-f5db-4396-9572-cf089a933007,"Supply, installation and development of Smart agriculture application for Geospatial hub","Supply, installation and development of Smart agriculture application for Geospatial hub",active,2026-01-23T00:00:00Z,2026-01-25T00:00:00Z,2026-05-31T00:00:00Z,126,927700,USD
0.releases.2486.contracts.0,0.releases.2486,0,C1123580542025000003,188368a7-cf25-460e-bdf3-8d5c176fd0ad,"Supply, installation and development of Forestry monitoring (carbon sequestration) application for Geospatial hub                                                                  ",,active,2026-01-23T00:00:00Z,2026-01-25T00:00:00Z,2026-06-30T00:00:00Z,156,572300,USD
0.releases.2487.contracts.0,0.releases.2487,0,C1024326722025000014,f2d6c2a4-64b4-41f1-9e0d-f1deb12f39fe,Supply of Spare part for general maintenance,Framework Agreement,pending,2025-03-28T00:00:00Z,2025-03-28T00:00:00Z,2026-03-28T00:00:00Z,365,169384879,RWF
0.releases.2488.contracts.0,0.releases.2488,0,C1024326722025000014,f2d6c2a4-64b4-41f1-9e0d-f1deb12f39fe,Supply of Spare part for general maintenance,Framework Agreement,pending,2025-03-28T00:00:00Z,2025-03-28T00:00:00Z,2026-03-28T00:00:00Z,365,169384879,RWF
0.releases.2500.contracts.0,0.releases.2500,0,C1031445132025000001,a3b93ea7-3195-4026-a305-bd769b0888bd,Re-Advertisement for Supply of Mechanical and Welding Consumables to IPRC Huye under framework Contract,The supplier should supply good quality as stated in the contract.,active,2025-01-24T00:00:00Z,2025-01-25T00:00:00Z,2026-01-24T00:00:00Z,364,15714496,RWF
0.releases.2502.contracts.0,0.releases.2502,0,C1017921732023000039,1a01d2ce-25c7-4c2c-9dc1-79fcc18cc787,"Provision of Hotel Service to NPPA in Kigali City (Accommodation, Meeting Rooms, and Outside Catering)/Framework Contract","This is contract for Provision of Hotel Service to NPPA in Kigali City (Accommodation, Meeting Rooms, and Outside Catering)/Framework Contract between NPPA and CENTRE NATIONAL D'EDUCATION TRANSFORMATRICE (CENETRA) Ltd
The Buyer shall pay all sums due to the Service provider to the account and within 45 days after reception of a valid invoice.",active,2026-01-24T00:00:00Z,2026-01-25T00:00:00Z,2027-01-24T00:00:00Z,364,2554404,RWF
0.releases.2503.contracts.0,0.releases.2503,0,C1017921732024000001,b7fc1069-55e8-4f7c-9b4e-73dc9f6479fa,Provision of Cleaning  Services to NPPA NYARUGUNGA  OFFICES (KICUKIRO Primary Level)/Under Framework Contract,"This is contract of Provision of Cleaning  Services to NPPA NYARUGUNGA  OFFICES (KICUKIRO Primary Level)/Under Framework Contract between NPPA and N.PROPERTY AND CLEANING COMPANY LTD
Payment will be done by NPPA NYARUGENGE/Intermediate Level (each Monthly) within 45 days after reception of a valid invoice",active,2025-01-24T00:00:00Z,2025-01-25T00:00:00Z,2026-01-24T00:00:00Z,364,188800,RWF
0.releases.2510.contracts.0,0.releases.2510,0,C1024326722025000014,f2d6c2a4-64b4-41f1-9e0d-f1deb12f39fe,Supply of Spare part for general maintenance,Framework Agreement,active,2025-03-28T00:00:00Z,2025-03-28T00:00:00Z,2026-03-28T00:00:00Z,365,169384879,RWF
0.releases.2517.contracts.0,0.releases.2517,0,C1024326722025000054,ea2eb805-b5cc-4a69-9020-163f6bd84bd7,Supply of tires,,active,2025-09-20T00:00:00Z,2025-09-20T00:00:00Z,2026-09-20T00:00:00Z,365,3031560,RWF
0.releases.2520.contracts.0,0.releases.2520,0,C1015990942024000004,4641b05b-f34c-47c5-bde4-c7fd8fd3bb61,Maintenance and Rehabilitation of Building of Kibungo Referral Hospital,"This a framework contract of Maintenance and rehabilitation of Building of Kibungo Referral Hospital That will be executed according to the purchase order prepared by the procuring entity.
The delivery period of Maintenance Materials is within fifteen (15) working days counted from the reception of the purchase order. The purchase order has to be delivered to the supplier through the e-mail or to be presented to the supplier for reception.
The delivery of goods will depend on purchase order prepared by purchaser. The delivery will be executed within 15 days from the date of reception of purchase order and the delivery place is Kibungo Referral Hospital
For the completion period of rehabilitation works as specified on purchase order, the representative of two parties will sit and agree in writing the period of completion of activities as specified on purchase order. The written report has to be submit to the administration, the delay will be counted based on the completion period specified in the report
The duration of The Defects Liability Period for the rehabilitation works shall vary in accordance with the article 141 of the Ministerial Order n° 001/23/10/ TC of 10/10/2023 establishing regulations governing public procurement
The service Supplier (NEXT GROWTH LTD) will provide the performance security for each purchase order whose value exceed twenty (20,000,000) Million as stated in Ministerial Order n° 001/23/10/ TC of 10/10/2023 establishing regulations governing public procurement article 109
",pending,2024-02-22T00:00:00Z,2024-02-22T00:00:00Z,2027-02-21T00:00:00Z,1095,42987319,RWF
0.releases.2521.contracts.0,0.releases.2521,0,C1018884712023000040,2b63828e-3ccb-40e4-8e9d-c64364d3c3f4,Provision for Cleaning and Gardening services,Ok,active,2023-12-12T00:00:00Z,2023-12-12T00:00:00Z,2024-12-12T00:00:00Z,366,4279742,RWF
0.releases.2526.contracts.0,0.releases.2526,0,C1024201942026000004,2302e93e-855d-4fd5-868a-f82d91cf5516,Acquisition of Batteries for RCS Vehicles and Motorcycles,Acquisition of Batteries for RCS Vehicles and Motorcycles,pending,2026-01-22T00:00:00Z,2026-01-22T00:00:00Z,2027-01-21T00:00:00Z,364,1379998,RWF
0.releases.2529.contracts.0,0.releases.2529,0,C1017921732025000002,7fb3b405-e50e-481d-873d-f230abe9c6b4,Tender for Regular Repair and Maintenance Services of NPPA  Vehicles/Lot 2/Maintenance Services and Spare Parts of NPPA VOLKSWAGEN  PICK Ups/Re-Advertised,"This is contract for Tender for Regular Repair and Maintenance Services of NPPA  Vehicles/Lot 2/Maintenance Services and Spare Parts of NPPA VOLKSWAGEN  PICK Ups/Re-Advertised/Framework Contract 
The Payment will be done within 45 days upon reception of a valid invoice supported by ongoing contract, purchase order and good received note or acknwodgemet of the service received. ",active,2026-01-25T00:00:00Z,2026-01-26T00:00:00Z,2027-01-25T00:00:00Z,364,17098726,RWF
0.releases.2532.contracts.0,0.releases.2532,0,C1018320552024000010,92b06b3a-4d5f-4144-8e7e-14616fff4e99,SUPPLY ELECTRICITY,"This contact will be signed by Bushenge Provincial Hospital and ASI- ENERGY ltd, after signing the contract Bushenge Provincial Hospital may prepare purchase order to ASI- ENERGY LTD then after receiving the purchase order and  payment from Bushenge Provincial Hospital .then ASI ENERGY LTD upload E-electricity  on different cash powers as the request from end user department. this contract may be renewed twice depend on the performance and good collaboration with Bushenge Provincial Hospital.",pending,2025-01-20T00:00:00Z,2025-01-20T00:00:00Z,2027-01-19T00:00:00Z,729,219,RWF
0.releases.2533.contracts.0,0.releases.2533,0,C1203356722025000001,7576917e-1527-457d-8bd4-914d3e59f19d,Hiring a service provider for mechanization services,,active,2025-01-27T00:00:00Z,2025-01-27T00:00:00Z,2027-01-26T00:00:00Z,729,6600000,RWF
0.releases.2534.contracts.0,0.releases.2534,0,C1016802882025000001,b730a1e4-1ec9-443b-8fed-858592051d7b,Provision of insurance for Motorcycles and Vehicles of Rwamagana District; ,for amendment of 1 year,pending,2025-01-24T00:00:00Z,2025-01-24T00:00:00Z,2027-01-24T00:00:00Z,730,4812415,RWF
0.releases.2535.contracts.0,0.releases.2535,0,C1016802882025000001,b730a1e4-1ec9-443b-8fed-858592051d7b,Provision of insurance for Motorcycles and Vehicles of Rwamagana District; ,for amendment of 1 year,pending,2025-01-24T00:00:00Z,2025-01-24T00:00:00Z,2027-01-24T00:00:00Z,730,4812415,RWF
0.releases.2536.contracts.0,0.releases.2536,0,C1017640652024000003,c3582741-884c-41a8-ac8c-0f3ba23ebeb0,Services for repair and Maintenance of 04 Elevators in a framework contract,"This contract is for Services for repair and Maintenance of 04 Elevators in a framework contract.
The Service provider is required to provide a performance guarantee equivalent to 1,500,000 FRW from a bank or any other recognized insurance company. This guarantee must cover the period of the contract.",pending,2024-01-25T00:00:00Z,2024-01-25T00:00:00Z,2027-01-25T00:00:00Z,1096,1600000,RWF
0.releases.2537.contracts.0,0.releases.2537,0,C1025683162026000007,88bec060-c1b2-4263-9c61-9d94ea3b7672,SUPPLY AND INSTALLATION OF ECD EQUIPMENT,"- The contract period is 6 months
- delivery period is 4 months starting from the day of signature in e-procurement system, if the supplier fails to deliver in this period He/ She will be charged the delay penalties if there is no time extension granted",pending,2026-01-23T00:00:00Z,2026-01-23T00:00:00Z,2026-07-23T00:00:00Z,181,21647100,RWF
0.releases.2538.contracts.0,0.releases.2538,0,C1013307382026000016,aedce00c-8791-4997-9aa9-3be5c0489e85,Provision of Sports Services to the CoK staff,,active,2026-01-25T00:00:00Z,2026-01-25T00:00:00Z,2027-01-25T00:00:00Z,365,13161,RWF
0.releases.2539.contracts.0,0.releases.2539,0,C1013307382026000018,4a519383-1be1-407c-8422-2684109e591c,Provision of Sports Services to the CoK staff,,active,2026-01-25T00:00:00Z,2026-01-25T00:00:00Z,2027-01-25T00:00:00Z,365,20500,RWF
0.releases.2540.contracts.0,0.releases.2540,0,C1030866342025000002,ef58492c-4a1d-4696-84e1-27e001a3caba,"Recruitment of a Consultant to manage IIA Rwanda Business development, trainings and events Programs",Individual consultancy contract,active,2025-01-24T00:00:00Z,2025-01-24T00:00:00Z,2027-01-23T00:00:00Z,729,15576000,RWF
0.releases.2541.contracts.0,0.releases.2541,0,C1013307382026000014,0ef1b2ff-659d-46a0-a624-23f87e7b51c2,Provision of Sports Services to the CoK staff,,active,2026-01-25T00:00:00Z,2026-01-25T00:00:00Z,2027-01-25T00:00:00Z,365,20500,RWF
0.releases.2542.contracts.0,0.releases.2542,0,C1017640652024000003,c3582741-884c-41a8-ac8c-0f3ba23ebeb0,Services for repair and Maintenance of 04 Elevators in a framework contract,"This contract is for Services for repair and Maintenance of 04 Elevators in a framework contract.
The Service provider is required to provide a performance guarantee equivalent to 1,500,000 FRW from a bank or any other recognized insurance company. This guarantee must cover the period of the contract.",active,2024-01-25T00:00:00Z,2024-01-25T00:00:00Z,2027-01-25T00:00:00Z,1096,1600000,RWF
0.releases.2543.contracts.0,0.releases.2543,0,C1013307382026000020,79e4e720-4edd-46c5-bd89-b9bf8901fba1,Provision of Sports Services to the CoK staff,,active,2026-01-25T00:00:00Z,2026-01-25T00:00:00Z,2027-01-25T00:00:00Z,365,19260,RWF
0.releases.2544.contracts.0,0.releases.2544,0,C1020403172024000005,a47161c4-177d-4434-9175-cc0ad9692f76, Tender for upgrading of Rasano Health post Re-advertised,The contract starts from the issuance date of service order to the client.,active,2024-03-26T00:00:00Z,2024-03-26T00:00:00Z,2026-03-25T00:00:00Z,729,583668497,RWF
0.releases.2545.contracts.0,0.releases.2545,0,C1013307382026000013,79d33cf5-1f10-4cce-a6f3-d09e4b0c209e,Provision of Sports Services to the CoK staff,,active,2026-01-25T00:00:00Z,2026-01-25T00:00:00Z,2027-01-25T00:00:00Z,365,20300,RWF
0.releases.2546.contracts.0,0.releases.2546,0,C1013307382026000022,a71d2ca8-33b5-4097-94f9-548859644dc1,Provision of Sports Services to the CoK staff,,active,2026-01-25T00:00:00Z,2026-01-25T00:00:00Z,2027-01-25T00:00:00Z,365,20500,RWF
0.releases.2547.contracts.0,0.releases.2547,0,C1021623972023000003,7813c642-d8f1-48df-bd46-f340f9b12070,Supply of Spare parts and maintenance of SPIU-MINAGRI vehicles,The items and unit prices to be considered when establishing the purchase order are those which are in the annexed negotiation minutes.,pending,2023-12-01T00:00:00Z,2023-12-01T00:00:00Z,2026-11-30T00:00:00Z,1095,89664591,RWF
0.releases.2550.contracts.0,0.releases.2550,0,C1013307382026000021,8fb3bddd-0250-40f5-a51c-0e806ca1b8e3,Provision of Sports Services to the CoK staff,,active,2026-01-25T00:00:00Z,2026-01-25T00:00:00Z,2027-01-25T00:00:00Z,365,20500,RWF
0.releases.2552.contracts.0,0.releases.2552,0,C1013307382026000015,5b6df62f-ba7d-4f6b-9509-d201eb787de9,Provision of Sports Services to the CoK staff,,active,2026-01-25T00:00:00Z,2026-01-25T00:00:00Z,2027-01-25T00:00:00Z,365,18380,RWF
0.releases.2553.contracts.0,0.releases.2553,0,C1129469182025000003,94f0315a-0d91-4ab7-8e07-0fac34e74f4b,"Supply of ceramic water filters to households with under 2 years children and pregnant women, to community based ECD facilities and Home based ECD",,active,2026-01-23T00:00:00Z,2026-01-24T00:00:00Z,2027-01-23T00:00:00Z,364,69000,RWF
0.releases.2554.contracts.0,0.releases.2554,0,C1129469182025000005,1dd587e8-2189-4011-badd-b5ab27cd80ad,Provision of wheel chairs and crutches for children under 6 years,,active,2026-01-23T00:00:00Z,2026-01-24T00:00:00Z,2027-01-23T00:00:00Z,364,166000,RWF
0.releases.2555.contracts.0,0.releases.2555,0,C1129469182025000006,51141304-3aba-4e4a-9be4-2f1172738899,"Supply of plastic toilet sanitation facilities to Households with under 2 years children, pregnant women and Home based ECD",,active,2026-01-23T00:00:00Z,2026-01-24T00:00:00Z,2027-01-23T00:00:00Z,364,15930,RWF
0.releases.2556.contracts.0,0.releases.2556,0,C1129469182025000007,9ded0617-abd9-48dd-8117-a19ccf98941e,"Supply of plastic child friendly hand washing facilities to households with under 2 years children, pregnant women and home Based ECD",,active,2026-01-23T00:00:00Z,2026-01-24T00:00:00Z,2027-01-23T00:00:00Z,364,15340,RWF
0.releases.2557.contracts.0,0.releases.2557,0,C1021623972023000003,7813c642-d8f1-48df-bd46-f340f9b12070,Supply of Spare parts and maintenance of SPIU-MINAGRI vehicles,The items and unit prices to be considered when establishing the purchase order are those which are in the annexed negotiation minutes.,active,2023-12-01T00:00:00Z,2023-12-01T00:00:00Z,2026-11-30T00:00:00Z,1095,89664591,RWF
0.releases.2559.contracts.0,0.releases.2559,0,C1074330622026000001,7b0d7707-d2b6-41cb-a06a-2b243515dbc1,Hiring a consulting firm for endline for Green Gicumbi Project(GGP) evaluation,"This is a lump-sum contract for hiring a consulting firm to conduct the endline evaluation for the Green Gicumbi Project (GGP). The delivery period for the Consultant shall be 70 days. The overall contract duration is 120 days, including time for report review, comments, and validation.",active,2026-01-26T00:00:00Z,2026-01-26T00:00:00Z,2026-05-26T00:00:00Z,120,50000000,RWF
0.releases.2561.contracts.0,0.releases.2561,0,C1010522132026000001,374a7dc7-a336-46b8-88d2-633523ddc374,Supply refreshment products MINAGRI,Payment based on purchase order with two (2) days of delivery period after receiving purchase order ,active,2026-01-26T00:00:00Z,2026-01-26T00:00:00Z,2027-01-26T00:00:00Z,365,434430,RWF
0.releases.2562.contracts.0,0.releases.2562,0,C1006002602025000003,03dfbe50-65cf-4135-8b0c-724bc69e33e1,Establishment of Framework agreement for Supply of  laboratory reagents and consumables ,"The Supplier will submit the performance security per each purchase order exceeding FRW20,000,000 and the amount of the performance security may be a percentage of the purchase order value as provided for in the Ministerial Order establishing regulations governing public procurement in place. However, when the purchase order value does not exceed FRW 20,000,000, the Supplier will submit the performance security declaration.",pending,2025-01-29T00:00:00Z,2026-01-29T00:00:00Z,2027-01-28T00:00:00Z,364,3025565,RWF
0.releases.2563.contracts.0,0.releases.2563,0,C1006002602025000005,cce2f13f-3ef1-4a81-9001-0fee748f73da,Establishment of Framework agreement for Supply of  laboratory reagents and consumables ,"The Supplier will submit the performance security per each purchase order exceeding FRW20,000,000 and the amount of the performance security may be a percentage of the purchase order value as provided for in the Ministerial Order establishing regulations governing public procurement in place. However, when the purchase order value does not exceed FRW 20,000,000, the Supplier will submit the performance security declaration.

",pending,2025-01-29T00:00:00Z,2026-01-29T00:00:00Z,2027-01-28T00:00:00Z,364,1656204,RWF
0.releases.2564.contracts.0,0.releases.2564,0,C1024203812024000029,c16c22ad-fddf-437c-8b2e-c2ec22ee787e,"Tender for framework contract for hiring public relations, marketing and communication services ","Renewed framework contract for hiring public relations, marketing and communication services ",active,2025-01-23T00:00:00Z,2025-01-23T00:00:00Z,2027-01-22T00:00:00Z,729,29855637,RWF
0.releases.2565.contracts.0,0.releases.2565,0,C1006002602025000002,8f0e5699-553c-4115-9b03-82a70b383703,Establishment of Framework agreement for Supply of  laboratory reagents and consumables ,"The Supplier will submit the performance security per each purchase order exceeding FRW20,000,000 and the amount of the performance security may be a percentage of the purchase order value as provided for in the Ministerial Order establishing regulations governing public procurement in place. However, when the purchase order value does not exceed FRW 20,000,000, the Supplier will submit the performance security declaration.",pending,2025-01-29T00:00:00Z,2026-01-29T00:00:00Z,2027-01-28T00:00:00Z,364,501190,RWF
0.releases.2566.contracts.0,0.releases.2566,0,C1006002602025000006,65908876-4827-4ceb-b91f-6be985375c81,Establishment of Framework agreement for Supply of  laboratory reagents and consumables ,"The Supplier will submit the performance security per each purchase order exceeding FRW20,000,000 and the amount of the performance security may be a percentage of the purchase order value as provided for in the Ministerial Order establishing regulations governing public procurement in place. However, when the purchase order value does not exceed FRW 20,000,000, the Supplier will submit the performance security declaration.",pending,2025-01-29T00:00:00Z,2026-01-29T00:00:00Z,2027-01-28T00:00:00Z,364,1374688,RWF
0.releases.2570.contracts.0,0.releases.2570,0,C1022690082025000013,ed79fd26-1a16-46b2-9e8a-7d9726f4b57d,Framework contract for regular maintenance of all Government Buildings located countrywide.,"This is a framework contract for maintenance of medical buildings located in Eastern Province. 

It will be executed through the issuance of service/purchase orders by Beneficiary Entities.

The contractor will be required to provide performance security on each service order with value above 20,000,000 Frw.
",pending,2025-01-31T00:00:00Z,2026-02-01T00:00:00Z,2027-01-31T00:00:00Z,364,410434711,RWF
0.releases.2571.contracts.0,0.releases.2571,0,C1019320002026000006,cd101fa8-30a1-4799-8dd9-ec37c849e13a,Maintenance and Rehabilitation of electricity infrastructures in Gisagara District,"Defects liability period
Purchased Order does not exceed FRW 100,000,000, the defect liability period will be 6 Months.
Purchased Order Exceeding FRW 100,000,000 but not exceeding FRW 500,000,000, the defect liability period will 9 to 12 Months.

The Contract will be executed based on Purchase Order.

For a Purchase Order valued between FRW 20,000,000 and FRW 50,000,000, a performance security of 10% of the total Purchase Order value is required.

For a Purchase Order valued between FRW 50,000,000 and FRW 100,000,000, a performance security of 7% of the contract price is required.",active,2026-01-24T00:00:00Z,2026-01-29T00:00:00Z,2027-01-29T00:00:00Z,365,21549666,RWF
0.releases.2572.contracts.0,0.releases.2572,0,C1018089872025000001,3490db14-4ae1-4127-b424-7f88d5fb9f28,Provision of Hotel Services in Rusizi District (re-advertised),This is the first extension for Provision of Hotel Services in Rusizi District,pending,2026-01-23T00:00:00Z,2026-01-23T00:00:00Z,2027-01-22T00:00:00Z,364,2878502,RWF
0.releases.2573.contracts.0,0.releases.2573,0,C1019320002026000005,e5aa9309-cec8-4a3a-b0ea-d45b9c6d3d2d,Supply of Foodstuff (Porridge) for HBECD Gisagara District,,active,2026-01-24T00:00:00Z,2026-01-26T00:00:00Z,2027-01-26T00:00:00Z,365,2785,RWF
0.releases.2575.contracts.0,0.releases.2575,0,C1016355022024000002,ecccdced-4c8d-492e-bd24-ccb74c9af588,Cleaning of public spaces in Rubavu city,Contract for cleaning of public spaces in Rubavu city,pending,2024-01-25T00:00:00Z,2025-01-26T00:00:00Z,2027-01-25T00:00:00Z,729,309208,RWF
0.releases.2576.contracts.0,0.releases.2576,0,C1014020452026000014,f4b68947-9884-49f7-b314-55c1e8c3e732,framework contract for Provision services for maintenances and repair of vehicle and motorcycle,ok,active,2026-01-26T00:00:00Z,2026-01-26T00:00:00Z,2027-01-26T00:00:00Z,365,26368679,RWF
0.releases.2587.contracts.0,0.releases.2587,0,C1033694802026000002,9067a25c-e746-40fa-b10a-c4db835ecae2,RE- ADVERTIEMENT OF SWIMMING SUBSCRIPTION SERVICES FOR TEACHING PHYSICAL EDUCATION AND SPORTS,,pending,2026-01-22T00:00:00Z,2026-01-22T00:00:00Z,2027-01-21T00:00:00Z,364,115000,RWF
0.releases.2591.contracts.0,0.releases.2591,0,C1074296592026000001,2c794ad6-629f-4fd3-a062-a17f66fd6f3f,Codification of ministry's assets(MOYA HQ) and Kimisagara Youth,Framework contract for Codification of ministry's assets (MOYA HQ) and Kimisagara Youth,pending,2026-01-22T00:00:00Z,2026-01-22T00:00:00Z,2027-01-21T00:00:00Z,364,9204,RWF
0.releases.2598.contracts.0,0.releases.2598,0,C1014030752026000002,37df70aa-d70b-4ce2-a6b8-d60c26e67413,Supply of cows(Re-advertised),This framework contract may be renewed twice depending on satisfactory performance of the Supplier.,active,2026-01-25T00:00:00Z,2026-01-25T00:00:00Z,2027-01-25T00:00:00Z,365,1263300,RWF
0.releases.2603.contracts.0,0.releases.2603,0,C1024326722026000012,8e43dc4f-4ce1-4bda-b1e1-0773a536d7c3,Provision of cleaning services,Provision of cleaning service contract,pending,2026-01-21T00:00:00Z,2026-01-21T00:00:00Z,2027-01-19T00:00:00Z,363,7806880,RWF
0.releases.2608.contracts.0,0.releases.2608,0,C1024326722026000005,fe21b27d-dfee-43d1-9fbd-8baec753ced0,Supply and Installation of Plant Growth Thermotherapy chamber,Contract of Supply and Installation of Plant Growth Thermotherapy chamber,active,2026-01-25T00:00:00Z,2026-01-25T00:00:00Z,2026-08-25T00:00:00Z,212,72500000,RWF
0.releases.2609.contracts.0,0.releases.2609,0,C1016651562024000001,9e15d33b-c0ff-4300-977f-ebecc163599d,Maintenance and Rehabilitation Services of Rwamagana Hospital Building (Main d'oevre and materials),contract Amendment ,pending,2026-01-22T00:00:00Z,2026-01-30T00:00:00Z,2027-01-29T00:00:00Z,364,455767,RWF
0.releases.2611.contracts.0,0.releases.2611,0,C1015297512024000006,f368859d-ac38-437d-8e34-2c1193d391bc,Purchase for office furnitures and other office supllies,ok,active,2026-01-19T00:00:00Z,2026-01-19T00:00:00Z,2027-01-18T00:00:00Z,364,515435,RWF
0.releases.2612.contracts.0,0.releases.2612,0,C1016651562024000002,d38f70de-c8a2-4a0e-8be6-f973ea504f02,Maintenance of Rwamagana Hospital Vehicles,Contract Amendment ,pending,2026-01-22T00:00:00Z,2026-01-30T00:00:00Z,2027-01-29T00:00:00Z,364,42033899,RWF
0.releases.2627.contracts.0,0.releases.2627,0,C1018320552023000015,6fc2c0ef-923e-4ab4-bb2f-f23f30119f11,Supply of office stationeries,"1.This is a framework agreement for one year which is renewable once upon good completion
2. The delivery will be subject to a purchase order issued by Bushenge PH
3. The prices to be used are those in  price negotiation report
4. The place of delivery is BUSHENGE PROVINCIAL Hospital
5. The attachment documents will be attached  for this last contract amendment ",active,2023-09-23T00:00:00Z,2023-09-23T00:00:00Z,2026-09-22T00:00:00Z,1095,7400000,RWF
0.releases.2628.contracts.0,0.releases.2628,0,C1018320552024000010,92b06b3a-4d5f-4144-8e7e-14616fff4e99,SUPPLY ELECTRICITY,"This contact will be signed by Bushenge Provincial Hospital and ASI- ENERGY ltd, after signing the contract Bushenge Provincial Hospital may prepare purchase order to ASI- ENERGY LTD then after receiving the purchase order and  payment from Bushenge Provincial Hospital .then ASI ENERGY LTD upload E-electricity  on different cash powers as the request from end user department. this contract may be renewed twice depend on the performance and good collaboration with Bushenge Provincial Hospital.",active,2025-01-20T00:00:00Z,2025-01-20T00:00:00Z,2027-01-19T00:00:00Z,729,219,RWF
0.releases.2633.contracts.0,0.releases.2633,0,C1014020452026000015,67120a07-6d30-4fbd-b7e3-2b434751adc7,Supervision of Rehabilitation and construction of Cyanika health center,ok,pending,2026-01-21T00:00:00Z,2026-01-21T00:00:00Z,2026-05-20T00:00:00Z,119,21000000,RWF
0.releases.2634.contracts.0,0.releases.2634,0,C1008058882026000001,47f1490f-0482-438a-a690-4414cacc028f,Terms of reference for Hiring a consultancy firm to conduct the feasibility study for upgrading Kiyanzi Warehouse Facility for Regional Logistics Hub Development,Initial contract for Hiring a consultancy firm to conduct the feasibility study for upgrading Kiyanzi Warehouse Facility for Regional Logistics Hub Development for aperion of Three (3) Months from signing contract date.,active,2026-01-26T00:00:00Z,2026-01-26T00:00:00Z,2026-04-26T00:00:00Z,90,106884400,RWF
0.releases.2635.contracts.0,0.releases.2635,0,C1008058882026000001,47f1490f-0482-438a-a690-4414cacc028f,Terms of reference for Hiring a consultancy firm to conduct the feasibility study for upgrading Kiyanzi Warehouse Facility for Regional Logistics Hub Development,Initial contract for Hiring a consultancy firm to conduct the feasibility study for upgrading Kiyanzi Warehouse Facility for Regional Logistics Hub Development for aperion of Three (3) Months from signing contract date.,active,2026-01-26T00:00:00Z,2026-01-26T00:00:00Z,2026-04-26T00:00:00Z,90,106884400,RWF
0.releases.2636.contracts.0,0.releases.2636,0,C1013364812025000041,d70c4423-54f0-4f92-be01-dc1e7a33f734,Execution works for Construction of Gitanda health center,"1.Advance payment of 20% of total contract price equivalent to 265,502,234rwf  shall be paid to the contractor after approval of project review and submission of advance guarantee of 100% of the amount of advance to be paid.

2.The total contract cost of 1,327,511,170rwf will be paid progressively according to the certified and approved invoices. Payments shall be adjusted for deductions for advance payments.

3.The first invoice shall be submitted once the works progress is greater than 20%. This suggests that, apart from the first installment which cannot be below 20% of the total contract value, the Contractor may submit invoices at any time during the contract period, regardless of the portion or percentage of works completed.

4. All invoices must be accompanied by the proof of payment of all workers (casual workers) employed
",active,2026-01-26T00:00:00Z,2026-01-26T00:00:00Z,2027-01-26T00:00:00Z,365,1327511170,RWF
0.releases.2641.contracts.0,0.releases.2641,0,C1015531632026000006,01bd7b95-62b5-479b-890a-a29ea485ac70,"Provision of hotel services (hiring of conference halls, workshops, trainings, accommodations, restaurants and receptions outside of Kigali (framework contract)",This is a framework contract and services will be provided outside of Kigali.,pending,2026-01-20T00:00:00Z,2026-01-20T00:00:00Z,2027-01-19T00:00:00Z,364,6155588,RWF
0.releases.2642.contracts.0,0.releases.2642,0,C1015531632026000005,2bf069f9-427b-4621-adca-70cffd3701aa,"Provision of hotel services (hiring of conference halls, workshops, trainings, accommodations, restaurants and receptions outside of Kigali (framework contract)",This is a framework contract and services will be provided outside of Kigali.,pending,2026-01-20T00:00:00Z,2026-01-20T00:00:00Z,2027-01-19T00:00:00Z,364,4943013,RWF
0.releases.2644.contracts.0,0.releases.2644,0,C1014020452025000018,2f6c52e0-703e-4ef4-9052-ec4cb37b2973,Construction of 7 Classrooms under PPD Basket fund program,Extension of 30 days,pending,2025-10-06T00:00:00Z,2025-10-26T00:00:00Z,2026-02-25T00:00:00Z,122,116105071,RWF
0.releases.2646.contracts.0,0.releases.2646,0,C1194914752026000001,269d58d8-07b1-47ad-8cfd-49a7ca78a47c,"Providing security service materials ,CC TV camera monitoring and  Visitor management system(VMS)  to MINUBUMWE to support the enforcement of required security measures",The supplier shall be paid upon presentation to and approval by the purchaser of an invoice of the goods and supplied and accepted by the purchaser.,active,2026-01-26T00:00:00Z,2026-01-26T00:00:00Z,2027-01-26T00:00:00Z,365,62711485,RWF
0.releases.2647.contracts.0,0.releases.2647,0,C1015990942026000001,130888f9-b023-4539-9699-c7fdabe6c13c,MAINTENANCE AND REPAIRS OF BOIMEDICAL EQUPMENT,"-This is a framework contract depend on the purchase order prepared by procuring entity. The delivery period is fifteen (15) days counted from the date of reception of purchase order .The delivery place is Kibungo level two teaching hospital Hospital .The payment will be done within forty five days counted from the date of reception of invoice 

-Supply must provider warranty of six month for replaced spare parties  also six month for diagnostic and curative maintenance for every items (machine) in contract.

-The service provider  will provide the performance security  foe each purchase order whose value exceed twenty (20,000,000) Million as stated in  Ministerial Order n° 001/23/10/ TC of 10/10/2023 establishing regulations governing public procurement article 109
",active,2026-01-26T00:00:00Z,2026-01-26T00:00:00Z,2027-01-26T00:00:00Z,365,27721000,RWF
0.releases.2648.contracts.0,0.releases.2648,0,C1020432832025000009,de3cc7b2-885b-4c68-863b-3ad5923d470d,Supervision of Rehabilitation and repair of damaged spots located on  Rubengera-Gisiza Road,,pending,2025-02-24T00:00:00Z,2025-02-24T00:00:00Z,2026-05-22T00:00:00Z,452,104276106,RWF
0.releases.2649.contracts.0,0.releases.2649,0,C1013307382026000012,032abd64-6f95-4eff-a86d-d42c774cac7c,"Provision of Online, Radio and TV broadcasting services",,active,2026-01-26T00:00:00Z,2026-01-26T00:00:00Z,2027-01-26T00:00:00Z,365,10633098,RWF
0.releases.2651.contracts.0,0.releases.2651,0,C1018884712025000009,ea8bd6d3-f20b-4e43-bb57-bd47865cdce7,Supply of Beverages for ILPD,Ok,pending,2025-02-06T00:00:00Z,2025-02-06T00:00:00Z,2026-02-06T00:00:00Z,365,110122,RWF
0.releases.2653.contracts.0,0.releases.2653,0,C1018884712024000029,9ec5a738-3981-4190-90d8-97f7ffd572f6,Acquisition of Plumbing Equipment,Ok,pending,2025-01-08T00:00:00Z,2025-01-08T00:00:00Z,2026-01-08T00:00:00Z,365,2497060,RWF
0.releases.2655.contracts.0,0.releases.2655,0,C1008420232024000006,e9128a41-397a-45dc-8bc3-f0cda3ba9e1c,Provision of cleaning services in Kigeme Hospital,"-  Aya masezerano afite igihe kingana n'Umwaka umwe ushobora kongerwa mugihe rwiyemezamirimo yakoranye neza n'Ibitaro.

-  Factuer yishuza igomba kuza iherekejwe nurutonde rwabakozi rwiyemezamirimo akoresha, abakozi bamusinyiye ko bahembwe.",active,2026-03-01T00:00:00Z,2026-03-01T00:00:00Z,2027-02-28T00:00:00Z,364,5475200,RWF
0.releases.2659.contracts.0,0.releases.2659,0,C1020002442025000010,2b8504d9-f58d-444e-b3fb-c768ac38fdf3,Insurance of District buildings re-advertised,Contract agreement for Insurance of District buildings,pending,2026-02-14T00:00:00Z,2026-02-14T00:00:00Z,2027-02-13T00:00:00Z,364,21481378,RWF
0.releases.2664.contracts.0,0.releases.2664,0,C1018884712025000008,fbd61b1e-5d19-4d72-a200-378f181e5bbb,Acquisition of Hostel Amenities,The contract manager has been changed due to the depart of the first one,pending,2025-01-27T00:00:00Z,2025-01-27T00:00:00Z,2026-01-27T00:00:00Z,365,22796,RWF
0.releases.2673.contracts.0,0.releases.2673,0,C1014079502024000034,c8183893-6f0d-4fd8-980c-d4612b47f1ab,Supervision of Execution for upgrading works of Mukura Health post to Health center,"This Contract is for Supervision of Execution for upgrading works of Mukura Health post to Health center, Its Completion Date is 12 months. The defects liability period is 12 months starting from provisional handover to final handover, its Contract Price is twelve million six hundred thousand Rwandan Francs (12,600,000 RWF), The Contractor shall be paid in Five installments within 45 days after the reception of invoice accompanied by validated report of financial progress approved by the supervisor and signed by One Stop Center Engineer and approved by Director of One Stop Center:
•1st installment shall be 20% of the total cost of the contract and shall be paid when the executed works are estimated to 25% of Financial Progress
•The 2nd installment shall be 20% of the total cost of the contract and shall be paid when the executed works are estimated to 45% of Financial Progress
•The 3rd installment shall be 20% to the total cost of the contract and shall be paid when the executed works are estimated to 65% of Financial Progress
•The 4th installment shall be 20% to the total cost of the contract and shall be paid when the executed works are estimated to 85% of Financial Progress.
•The Last installment shall be 20% to the total cost of the contract contract and shall be paid after the Provisional Handover of the works

The performance security is not required for all tenders whose amount does not exceed FRW 20,000,000 and tenders for framework agreements when the purchase order value does not exceed FRW 20,000,000. However, the successful bidder will submit the performance securing declaration. For a framework agreement, the procuring entity requires the performance security per each purchase order exceeding FRW 20,000,000.",pending,2024-12-17T00:00:00Z,2024-12-17T00:00:00Z,2026-03-30T00:00:00Z,468,12600000,RWF
0.releases.2674.contracts.0,0.releases.2674,0,C1030866342023000182,2dae1d8f-25bf-4023-9a1f-d4bd7125361b,Recruitment of a Training Specialists for U-SACCO Automation,Contract amendment,pending,2023-11-13T00:00:00Z,2023-11-13T00:00:00Z,2026-11-12T00:00:00Z,1095,14955348,RWF
0.releases.2680.contracts.0,0.releases.2680,0,C1071118822025000004,745dee52-285e-4d0f-be63-2094348e3280,Centralized procurement of Tablets on behalf of all Government Institutions,"Amendment No. 3 replaces the Dell XPS 13"" 9315 2-in-1 tablet with the Microsoft Surface Pro 10; all other terms and conditions of the original contract and prior amendments remain unchanged.",active,2025-01-13T00:00:00Z,2025-01-13T00:00:00Z,2027-01-12T00:00:00Z,729,21089585,RWF
0.releases.2683.contracts.0,0.releases.2683,0,C1071118822024000002,d9afbad4-b8a6-4859-875d-61a92d23b4e7,Framework Agreement to Provide Home Broadband Solutions to Public Servants,Amendment No. 2 renews the contract for one year; all other terms and conditions of the original contract and prior amendments remain unchanged.,active,2024-02-09T00:00:00Z,2024-02-09T00:00:00Z,2027-02-08T00:00:00Z,1095,65000,RWF
0.releases.2684.contracts.0,0.releases.2684,0,C1020432832025000009,de3cc7b2-885b-4c68-863b-3ad5923d470d,Supervision of Rehabilitation and repair of damaged spots located on  Rubengera-Gisiza Road,,active,2025-02-24T00:00:00Z,2025-02-24T00:00:00Z,2026-05-22T00:00:00Z,452,104276106,RWF
0.releases.2691.contracts.0,0.releases.2691,0,C1025683162026000005,000802a8-d1f6-43cb-9119-462131dded4d,SUPPLY AND INSTALLATION OF ECD EQUIPMENT,,pending,2026-01-23T00:00:00Z,2026-01-23T00:00:00Z,2026-05-22T00:00:00Z,119,47000580,RWF
0.releases.2692.contracts.0,0.releases.2692,0,C1025683162026000006,863485f7-3783-413e-835e-c5fcb33d0ff9,SUPPLY AND INSTALLATION OF ECD EQUIPMENT,"- The contract period is 6 months
- delivery period is 4 months starting from the day of signature in e-procurement system, if the supplier fails to deliver in this period He/ She will be charged the delay penalties if there is no time extension granted",pending,2026-01-23T00:00:00Z,2026-01-23T00:00:00Z,2026-07-23T00:00:00Z,181,21133800,RWF
0.releases.2715.contracts.0,0.releases.2715,0,C1131711962026000001,4bf9705e-e5ab-4844-8347-ccedd2468dad,Re-advertised Tender for Construction of Snakes Cages and Shelter,"This contract is a regular tender to be executed within eight (8) months; however, the contractor may complete the works before the expected time. In such a case, the project will be implemented in two phases:
– Provisional acceptance of the entire works
– Final acceptance of the works",pending,2026-01-09T00:00:00Z,2026-01-09T00:00:00Z,2026-09-07T00:00:00Z,241,32829370,RWF
0.releases.2718.contracts.0,0.releases.2718,0,C1018521442024000033,7adc7cf3-6927-4141-ba20-1d9c364a1eff,Recruitment of Proffessional court bailiff,Recruitment of individual Professional court bailiff,pending,2026-01-23T00:00:00Z,2026-01-25T00:00:00Z,2027-01-24T00:00:00Z,364,1,RWF
0.releases.2719.contracts.0,0.releases.2719,0,C1018521442024000033,7adc7cf3-6927-4141-ba20-1d9c364a1eff,Recruitment of Proffessional court bailiff,Recruitment of individual Professional court bailiff,pending,2026-01-23T00:00:00Z,2026-01-25T00:00:00Z,2027-01-24T00:00:00Z,364,1,RWF
0.releases.2723.contracts.0,0.releases.2723,0,C1018521442024000033,7adc7cf3-6927-4141-ba20-1d9c364a1eff,Recruitment of Proffessional court bailiff,Recruitment of individual Professional court bailiff,pending,2026-01-23T00:00:00Z,2026-01-25T00:00:00Z,2027-01-24T00:00:00Z,364,1,RWF
0.releases.2726.contracts.0,0.releases.2726,0,C1133460762025000024,5699d8de-6b6b-4a08-9b99-e51d36cfe72a,"Provision of Security services to RTB Head office, RSAM and Kiyumba TSS","The number of unarmed and armed guards, as well as supervisors, can be increased or decreased as needed.
 Delivery of services, unless otherwise provided for in this Contract shall be effective starting from 18/12/2025.",pending,2025-12-08T00:00:00Z,2025-12-18T00:00:00Z,2026-12-17T00:00:00Z,364,735560,RWF
0.releases.2728.contracts.0,0.releases.2728,0,C1014079502025000006,5c6d3794-1c73-4875-b001-774329aa107c,Codification of Rutsiro District office equipment,"This is  initial contract of the tender for Codification of Rutsiro District office equipment, Contract price is thirty-six thousand two hundred twenty-six Rwandan Francs ( 36,226 RWF),contract duration is    one year that can be renewable due to satisfaction of client. The service provider will provide service based on purchase order. the duration of contract is one year, this contract may be extended due to satisfaction of the client. The performance security is not required for all tenders whose amount does not exceed FRW 20,000,000 and tenders for framework agreements when the purchase order value does not exceed FRW 20,000,000. However, the successful bidder will submit the performance securing declaration. For a framework agreement, the procuring entity requires the performance security per each purchase order exceeding FRW 20,000,000.
The Service Provider (Supplier) shall be paid within 45 days after the reception of invoice accompanied by validated service delivery notes signed by any user department in different sectors and approved by Logistics Officer.",pending,2026-01-29T00:00:00Z,2026-01-29T00:00:00Z,2027-01-28T00:00:00Z,364,36226,RWF
0.releases.2748.contracts.0,0.releases.2748,0,C1016651562024000002,d38f70de-c8a2-4a0e-8be6-f973ea504f02,Maintenance of Rwamagana Hospital Vehicles,Contract Amendment ,active,2026-01-22T00:00:00Z,2026-01-30T00:00:00Z,2027-01-29T00:00:00Z,364,42033899,RWF
0.releases.2751.contracts.0,0.releases.2751,0,C1016651562024000001,9e15d33b-c0ff-4300-977f-ebecc163599d,Maintenance and Rehabilitation Services of Rwamagana Hospital Building (Main d'oevre and materials),contract Amendment ,active,2026-01-22T00:00:00Z,2026-01-30T00:00:00Z,2027-01-29T00:00:00Z,364,455767,RWF
0.releases.2754.contracts.0,0.releases.2754,0,C1133460762024000004,ed08d6a9-032c-4bb8-ba76-3ca054d5f11b,Provision of sport facilities to RTB Staff,,pending,2025-01-26T00:00:00Z,2026-01-26T00:00:00Z,2027-01-25T00:00:00Z,364,41001,RWF
0.releases.2755.contracts.0,0.releases.2755,0,C1013975752026000009,ebc7ad77-5d3d-43d6-ae4b-c96d299b590b,Installation of a dedicated booster pump and Pipeline for Amahoro Stadium,,pending,2026-01-22T00:00:00Z,2026-01-22T00:00:00Z,2026-04-21T00:00:00Z,89,431237974,RWF
0.releases.2761.contracts.0,0.releases.2761,0,C1014079502025000006,5c6d3794-1c73-4875-b001-774329aa107c,Codification of Rutsiro District office equipment,"This is  initial contract of the tender for Codification of Rutsiro District office equipment, Contract price is thirty-six thousand two hundred twenty-six Rwandan Francs ( 36,226 RWF),contract duration is    one year that can be renewable due to satisfaction of client. The service provider will provide service based on purchase order. the duration of contract is one year, this contract may be extended due to satisfaction of the client. The performance security is not required for all tenders whose amount does not exceed FRW 20,000,000 and tenders for framework agreements when the purchase order value does not exceed FRW 20,000,000. However, the successful bidder will submit the performance securing declaration. For a framework agreement, the procuring entity requires the performance security per each purchase order exceeding FRW 20,000,000.
The Service Provider (Supplier) shall be paid within 45 days after the reception of invoice accompanied by validated service delivery notes signed by any user department in different sectors and approved by Logistics Officer.",active,2026-01-29T00:00:00Z,2026-01-29T00:00:00Z,2027-01-28T00:00:00Z,364,36226,RWF
0.releases.2763.contracts.0,0.releases.2763,0,C1020603672025000001,18b21a3a-a1af-4c5a-b1f2-8bf5e546e4d4,Protection of radical terraces by Agroforestry trees/shrubs(1500 trees/shrubs/ha ) in Ha,"This contract has been extended a period of 1 year. 
This contract will be executed by purchase order.
	PAYMENT MODALITIES

1)	1st installment 50% (after supply and planting), 
2)	2nd installment 15% (after 1st beating up/ replacement and average surviving rate of 85%), 
3)	3rd installment 15% (after 2nd beating up/ replacement and average surviving rate of 85%) and
4)	4th installment 20% (after final handover and with surviving rate of 100% and a minimum 1m Height for trees and 2.5m for shurbs).

The Performance security will be:
-10% of any purchase order issued and received by the supplier that are between 20,000,000rwf and 50,000,000rwf and 7% of any purchase order issued and received by the supplier that are between 50,000,000rwf and 100,000,000rw

-   The supplier has 45 days to deliver and to plant Agroforestry trees/shrubs from the date of receiving the purchase order by supplier.
- iyi contract kuri unit price ingana na 70.55Frw kuberako system idafata amafaranga y'ibice twagize unit price ingana na 70Frw ariko Project Manager najya gukora Purchase order agomba gukoresha unit price ingana na 70.55Frw nkuko rwiyemezamirimo yayatsindiyeho",pending,2026-02-01T00:00:00Z,2026-02-01T00:00:00Z,2027-01-31T00:00:00Z,364,31500000,RWF
0.releases.2766.contracts.0,0.releases.2766,0,C1197767702024000001,9812a798-282e-43c2-a786-f21e60c4ff8d,Provision of Security Guarding Service to the Residence of the Minister of Interior ,"This is a framework agreement for Security Guarding Service to the Residence of the Minister of Interior which can renewable twice according to the performance of Service Provider.
",pending,2024-01-29T00:00:00Z,2026-01-30T00:00:00Z,2027-01-29T00:00:00Z,364,450000,RWF
0.releases.2767.contracts.0,0.releases.2767,0,C1017854532024000004,fd7ef51e-a28d-4fed-a4b2-42eb316e7a56,"Supply of food, wood, material of hygiene, clothes and bed-clothes in Nyamasheke District",this contract shall be executed referring to purchase order,pending,2024-01-25T00:00:00Z,2026-01-26T00:00:00Z,2027-01-25T00:00:00Z,364,246364,RWF
0.releases.2769.contracts.0,0.releases.2769,0,C1197750232026000001,a7e14863-58c8-4b51-8beb-286a29f57690,Recruitment of consultancy firm to conduct the Midi-Term Review of COMBIO Project,Consultancy to conduct Mid Term Review of COMBIO Project,active,2026-01-26T00:00:00Z,2026-01-26T00:00:00Z,2026-03-26T00:00:00Z,59,34000000,RWF
0.releases.2770.contracts.0,0.releases.2770,0,C1013511052024000048,5b56bdff-dc62-4242-8fab-acf9fd573a9f,PURCHASE AND SUPPLY OF MILK IN ONE CUP PER CHILD PROGRAMM,"This refers to the contract renewal for the purchase and supply of milk under the “One Cup per Child Program”, with a contract duration of one year.",active,2024-12-27T00:00:00Z,2024-12-27T00:00:00Z,2026-12-26T00:00:00Z,729,1350,RWF
0.releases.2771.contracts.0,0.releases.2771,0,C1017854532024000004,fd7ef51e-a28d-4fed-a4b2-42eb316e7a56,"Supply of food, wood, material of hygiene, clothes and bed-clothes in Nyamasheke District",this contract shall be executed referring to purchase order,active,2024-01-25T00:00:00Z,2026-01-26T00:00:00Z,2027-01-25T00:00:00Z,364,246364,RWF
0.releases.2773.contracts.0,0.releases.2773,0,C1020659872025000002,4e411294-340e-4e13-96e4-19fb3c00767f,TENDER OF ALL SUPPLIES FOR KIZIGURO DISTRICT  HOSPITAL,Extension of Contract for   ALL SUPPLIES FOR KIZIGURO DISTRICT  HOSPITAL for period of one year,pending,2026-01-30T00:00:00Z,2026-01-30T00:00:00Z,2027-01-29T00:00:00Z,364,993412,RWF
0.releases.2774.contracts.0,0.releases.2774,0,C1020659872025000003,04825a64-d34a-4c30-b7b6-872f94f5a4c4,"Tender of Insurance of vehicles ,motocycles and medical equipment assets"," Extension of Contract for r Insurance of vehicles ,motorcycles and medical equipment assets",pending,2026-01-30T00:00:00Z,2026-01-30T00:00:00Z,2027-01-29T00:00:00Z,364,25033824,RWF
0.releases.2778.contracts.0,0.releases.2778,0,C1015990942025000001,84bd10ae-3225-4701-9a44-7cf9e82726ce,Provision of cleaning services,This is a framework contract of provision of cleaning services for a period of one year Renewable twice according to the performance of service provider. The payment will be done within forty five days from the reception of invoice.,pending,2025-01-27T00:00:00Z,2025-01-27T00:00:00Z,2027-01-26T00:00:00Z,729,7229600,RWF
0.releases.2779.contracts.0,0.releases.2779,0,C1203356722026000001,b8d9292a-2de5-4c4b-b70e-78bf643ad08f,Provision of car wash services,,pending,2026-01-26T00:00:00Z,2026-01-26T00:00:00Z,2027-01-22T00:00:00Z,361,24998,RWF
0.releases.2781.contracts.0,0.releases.2781,0,C1019320002025000053,a272f8b8-23a5-4091-a23e-f4189d467f52,BF- Feasibility Study of Rehabilitation of Mugombwa Health Center,,pending,2025-10-24T00:00:00Z,2025-10-24T00:00:00Z,2026-03-23T00:00:00Z,150,8900000,RWF
0.releases.2782.contracts.0,0.releases.2782,0,C1020403172025000033,aec09ee2-9803-46d0-9881-a081edbbeb03,Annual framework tender for supply of small stock and their feeds to Rusizi District,,active,2026-01-21T00:00:00Z,2026-01-21T00:00:00Z,2027-01-21T00:00:00Z,365,439000,RWF
0.releases.2784.contracts.0,0.releases.2784,0,C1074296592026000001,2c794ad6-629f-4fd3-a062-a17f66fd6f3f,Codification of ministry's assets(MOYA HQ) and Kimisagara Youth,Framework contract for Codification of ministry's assets (MOYA HQ) and Kimisagara Youth,active,2026-01-26T00:00:00Z,2026-01-26T00:00:00Z,2027-01-26T00:00:00Z,365,9204,RWF
0.releases.2785.contracts.0,0.releases.2785,0,C1019320002026000007,8c63de07-f261-4d88-a3cb-055bef1d2943,Supply of Agroforest trees and reeds (Framework),,active,2026-01-26T00:00:00Z,2026-01-29T00:00:00Z,2027-01-29T00:00:00Z,365,74,RWF
0.releases.2786.contracts.0,0.releases.2786,0,C1013940542024000002,aae20bf4-37e9-49b4-af52-366ff8b3b24d,Provision of services of washing bays,"This contract is for a period of one-year renewable. The Service provider shall not before signature of this contract provide a performance security instead the service provider shall provide a signed performance declaration commitment letter. Nevertheless, the Service provider shall submit Performance security and the  amount may be a percentage of the contract/Purchase order value as follows:
(a) 5% of the value of the contract whose value exceed FRW 500,000,000;
(b) 6% of the contract price whose value between FRW 100,000,000 FRW to FRW 500,000,000;
(c) 7% of the contract price whose value is between FRW 50,000,000 to FRW 100,000,000;
(d) 10% per cent of the contract price whose value is between FRW 20,000,000 to FRW 50,000,000.",active,2024-01-25T00:00:00Z,2024-01-25T00:00:00Z,2027-01-24T00:00:00Z,1095,40800,RWF
0.releases.2790.contracts.0,0.releases.2790,0,C1218455332025000010,913f0602-aef6-4f0f-b192-f2eb9aa6463f,"Construction of  Latrines for Schools, Public places and Health facilities (4Lots)","This is the contract for 32 latrines construction works, lot 3 (construction of latrines in Huye & Gisagara)",active,2026-01-27T00:00:00Z,2026-01-27T00:00:00Z,2027-01-27T00:00:00Z,365,479052629,RWF
0.releases.2791.contracts.0,0.releases.2791,0,C1218455332025000012,835478a2-d7ff-4649-b319-1738882d4434,"Construction of  Latrines for Schools, Public places and Health facilities (4Lots)","This is the contract for Construction of Latrines for Schools, Public places and Health facilities-lot 1 (construction of 4 latrines in Karongi District and 4 latrines in Rutsiro District)",active,2026-01-27T00:00:00Z,2026-02-26T00:00:00Z,2027-02-26T00:00:00Z,365,554707746,RWF
0.releases.2792.contracts.0,0.releases.2792,0,C1218455332025000013,9d60f18e-17bc-44d5-9499-5a4d8ddbbb85,"Construction of  Latrines for Schools, Public places and Health facilities (4Lots)","This is the contract for Construction of Latrines for Schools, Public places and Health facilities-lot 2 (Construction works of 4 latrines in Kayonza District and 4 latrines in Gatsibo District)",active,2026-01-27T00:00:00Z,2026-01-27T00:00:00Z,2027-01-27T00:00:00Z,365,546213618,RWF
0.releases.2793.contracts.0,0.releases.2793,0,C1133460762024000005,c4c649d3-9dd1-4721-9e9c-10a1b02b7d4f,Provision of 3 stars Hotel services for RTB staff in Kigali City and Provinces.,,pending,2025-01-25T00:00:00Z,2026-01-25T00:00:00Z,2027-01-24T00:00:00Z,364,1093002,RWF
0.releases.2796.contracts.0,0.releases.2796,0,C1133460762024000004,ed08d6a9-032c-4bb8-ba76-3ca054d5f11b,Provision of sport facilities to RTB Staff,,active,2025-01-26T00:00:00Z,2026-01-26T00:00:00Z,2027-01-25T00:00:00Z,364,41001,RWF
0.releases.2797.contracts.0,0.releases.2797,0,C1196746772026000002,ef628df0-2e86-4322-8c55-2f1ee13343ff,Provision of Printing Services and Promotional Materials for RAEB,This contract is signed for a period of one year effective from the effective date. It may be renewed based on performance satisfaction by both parties.,pending,2026-01-26T00:00:00Z,2026-01-26T00:00:00Z,2027-01-20T00:00:00Z,359,11018560,RWF
0.releases.2798.contracts.0,0.releases.2798,0,C1131711962026000001,4bf9705e-e5ab-4844-8347-ccedd2468dad,Re-advertised Tender for Construction of Snakes Cages and Shelter,"This contract is a regular tender to be executed within eight (8) months; however, the contractor may complete the works before the expected time. In such a case, the project will be implemented in two phases:
– Provisional acceptance of the entire works
– Final acceptance of the works",active,2026-01-26T00:00:00Z,2026-01-26T00:00:00Z,2026-09-26T00:00:00Z,243,32829370,RWF
0.releases.2799.contracts.0,0.releases.2799,0,C1133460762025000024,5699d8de-6b6b-4a08-9b99-e51d36cfe72a,"Provision of Security services to RTB Head office, RSAM and Kiyumba TSS","The number of unarmed and armed guards, as well as supervisors, can be increased or decreased as needed.
 Delivery of services, unless otherwise provided for in this Contract shall be effective starting from 18/12/2025.",active,2025-12-08T00:00:00Z,2025-12-18T00:00:00Z,2026-12-17T00:00:00Z,364,735560,RWF
0.releases.2800.contracts.0,0.releases.2800,0,C1014578072025000014,ffa68d24-7408-4403-9fb2-99a2dadf99d4,Hiring a Skilled experts in handling procurement assignments (Experts in procurement of all types of tenders),"Client shall issued purchase order to consultant indicating procurement assignment to be done and allocated days on it. 
This contract is conducted in the respect of Law N° 031/2022 of 21/11/2022 governing public procurement.",pending,2025-11-25T00:00:00Z,2025-11-25T00:00:00Z,2026-11-25T00:00:00Z,365,400000,RWF
0.releases.2801.contracts.0,0.releases.2801,0,C1024201942026000004,2302e93e-855d-4fd5-868a-f82d91cf5516,Acquisition of Batteries for RCS Vehicles and Motorcycles,Acquisition of Batteries for RCS Vehicles and Motorcycles,active,2026-01-26T00:00:00Z,2026-01-26T00:00:00Z,2027-01-26T00:00:00Z,365,1379998,RWF
0.releases.2805.contracts.0,0.releases.2805,0,C1013975752026000009,ebc7ad77-5d3d-43d6-ae4b-c96d299b590b,Installation of a dedicated booster pump and Pipeline for Amahoro Stadium,,active,2026-01-26T00:00:00Z,2026-01-26T00:00:00Z,2026-04-26T00:00:00Z,90,431237974,RWF
0.releases.2806.contracts.0,0.releases.2806,0,C1033694802024000008,8ae1953a-6e55-4599-abd5-ea41228b1de3,SUPPLY AND INSTALLATION OF CABLING MATERIALS (FRAMEWORK CONTRACT,This is the first renewal of framework contract for supply and installation of cabling materials to UR Campuses for a period of one (1) year effective from 30/01/2025.,pending,2026-01-30T00:00:00Z,2026-01-30T00:00:00Z,2027-01-29T00:00:00Z,364,5903480,RWF
0.releases.2807.contracts.0,0.releases.2807,0,C1114098972026000002,b801ebac-34a7-4d4c-9004-573fb285b7c1,EVENT MANAGEMENT,"The object of this contract is to provide to the Purchaser the Event Management services as listed in Annex I: list of goods, quantities and technical specifications.

MUMPE Frank shall ensure the management of this contract on behalf of the Purchaser.",pending,2026-01-23T00:00:00Z,2026-01-23T00:00:00Z,2027-01-22T00:00:00Z,364,7984700,RWF
0.releases.2808.contracts.0,0.releases.2808,0,C1085313022026000001,a543cd89-79e7-4d30-8326-f37b326cdbba,Production of audio-visual content under framework contract ,,active,2026-01-26T00:00:00Z,2026-01-26T00:00:00Z,2027-01-26T00:00:00Z,365,10166880,RWF
0.releases.2810.contracts.0,0.releases.2810,0,C1014020452026000016,07ac38fd-efd1-49c9-a3ae-7da79bfc622f,Supervision of construction of 85 latrines,ok,pending,2026-01-22T00:00:00Z,2026-01-22T00:00:00Z,2026-05-21T00:00:00Z,119,16000000,RWF
0.releases.2812.contracts.0,0.releases.2812,0,C1018884712025000009,ea8bd6d3-f20b-4e43-bb57-bd47865cdce7,Supply of Beverages for ILPD,Ok,active,2025-02-06T00:00:00Z,2025-02-06T00:00:00Z,2026-02-06T00:00:00Z,365,110122,RWF
0.releases.2814.contracts.0,0.releases.2814,0,C1018884712024000029,9ec5a738-3981-4190-90d8-97f7ffd572f6,Acquisition of Plumbing Equipment,Ok,active,2025-01-08T00:00:00Z,2025-01-08T00:00:00Z,2026-01-08T00:00:00Z,365,2497060,RWF
0.releases.2815.contracts.0,0.releases.2815,0,C1018884712025000008,fbd61b1e-5d19-4d72-a200-378f181e5bbb,Acquisition of Hostel Amenities,The contract manager has been changed due to the depart of the first one,active,2025-01-27T00:00:00Z,2025-01-27T00:00:00Z,2026-01-27T00:00:00Z,365,22796,RWF
0.releases.2816.contracts.0,0.releases.2816,0,C1014020452025000018,2f6c52e0-703e-4ef4-9052-ec4cb37b2973,Construction of 7 Classrooms under PPD Basket fund program,Extension of 30 days,active,2025-10-06T00:00:00Z,2025-10-26T00:00:00Z,2026-02-25T00:00:00Z,122,116105071,RWF
0.releases.2820.contracts.0,0.releases.2820,0,C1017258792022000027,235c1d1b-3e1b-4bb5-ac97-9f69595ec525,Service d’assurance des véhicules et motos du District de Musanze sous contrat cadre.,The contract was granted a second extension of two (2) months because no bidder submitted a bid when the tender for District vehicles was published. This extension is granted while we await the evaluation of the insurance tender currently under publication,active,2026-01-19T00:00:00Z,2026-01-19T00:00:00Z,2026-03-18T00:00:00Z,58,10392673,RWF
0.releases.2822.contracts.0,0.releases.2822,0,C1033694802024000008,8ae1953a-6e55-4599-abd5-ea41228b1de3,SUPPLY AND INSTALLATION OF CABLING MATERIALS (FRAMEWORK CONTRACT,This is the first renewal of framework contract for supply and installation of cabling materials to UR Campuses for a period of one (1) year effective from 30/01/2025.,pending,2026-01-30T00:00:00Z,2026-01-30T00:00:00Z,2027-01-29T00:00:00Z,364,5903480,RWF
0.releases.2831.contracts.0,0.releases.2831,0,C1006002602025000003,03dfbe50-65cf-4135-8b0c-724bc69e33e1,Establishment of Framework agreement for Supply of  laboratory reagents and consumables ,"The Supplier will submit the performance security per each purchase order exceeding FRW20,000,000 and the amount of the performance security may be a percentage of the purchase order value as provided for in the Ministerial Order establishing regulations governing public procurement in place. However, when the purchase order value does not exceed FRW 20,000,000, the Supplier will submit the performance security declaration.",active,2025-01-29T00:00:00Z,2026-01-29T00:00:00Z,2027-01-28T00:00:00Z,364,3025565,RWF
0.releases.2832.contracts.0,0.releases.2832,0,C1006002602025000005,cce2f13f-3ef1-4a81-9001-0fee748f73da,Establishment of Framework agreement for Supply of  laboratory reagents and consumables ,"The Supplier will submit the performance security per each purchase order exceeding FRW20,000,000 and the amount of the performance security may be a percentage of the purchase order value as provided for in the Ministerial Order establishing regulations governing public procurement in place. However, when the purchase order value does not exceed FRW 20,000,000, the Supplier will submit the performance security declaration.

",active,2025-01-29T00:00:00Z,2026-01-29T00:00:00Z,2027-01-28T00:00:00Z,364,1656204,RWF
0.releases.2836.contracts.0,0.releases.2836,0,C1006002602025000002,8f0e5699-553c-4115-9b03-82a70b383703,Establishment of Framework agreement for Supply of  laboratory reagents and consumables ,"The Supplier will submit the performance security per each purchase order exceeding FRW20,000,000 and the amount of the performance security may be a percentage of the purchase order value as provided for in the Ministerial Order establishing regulations governing public procurement in place. However, when the purchase order value does not exceed FRW 20,000,000, the Supplier will submit the performance security declaration.",active,2025-01-29T00:00:00Z,2026-01-29T00:00:00Z,2027-01-28T00:00:00Z,364,501190,RWF
0.releases.2837.contracts.0,0.releases.2837,0,C1006002602025000006,65908876-4827-4ceb-b91f-6be985375c81,Establishment of Framework agreement for Supply of  laboratory reagents and consumables ,"The Supplier will submit the performance security per each purchase order exceeding FRW20,000,000 and the amount of the performance security may be a percentage of the purchase order value as provided for in the Ministerial Order establishing regulations governing public procurement in place. However, when the purchase order value does not exceed FRW 20,000,000, the Supplier will submit the performance security declaration.",active,2025-01-29T00:00:00Z,2026-01-29T00:00:00Z,2027-01-28T00:00:00Z,364,1374688,RWF
0.releases.2838.contracts.0,0.releases.2838,0,C1015531632026000010,874ab154-525e-4d17-858e-bfa88370acdd,"Provision of hotel services (hiring of conference halls, workshops, trainings, accommodations, restaurants and receptions outside of Kigali (framework contract)",This is a framework contract and services will be delivered outside of Kigali,pending,2026-01-22T00:00:00Z,2026-01-22T00:00:00Z,2027-01-21T00:00:00Z,364,7565216,RWF
0.releases.2847.contracts.0,0.releases.2847,0,C1008340952026000004,8d440466-b179-4ac7-aa54-5096135ca926,"Rehabilitation  and maintenance of hospital's damaged walls  (rigolet, current kitchen ,parking  , Hangar, windows, doors, mortuary , toilet  and other ground)","Rehabilitation  and maintenance of hospital's damaged walls  (rigolet, current kitchen ,parking  , Hangar, windows, doors, mortuary , toilet  and other ground)",pending,2026-01-26T00:00:00Z,2026-01-26T00:00:00Z,2027-01-25T00:00:00Z,364,7368769,RWF
0.releases.2850.contracts.0,0.releases.2850,0,C1014578072025000015,ce586944-0cba-4461-aa9d-98aef94363fb,Hiring a Skilled experts in handling procurement assignments (Experts in procurement of works and consultancy services,"Client shall issued purchase order to consultant indicating procurement assignment to be done and allocated days on it. 
This contract is conducted in the respect of Law N° 031/2022 of 21/11/2022 governing public procurement.",pending,2025-11-25T00:00:00Z,2025-11-25T00:00:00Z,2026-11-25T00:00:00Z,365,400000,RWF
0.releases.2854.contracts.0,0.releases.2854,0,C1033694802026000002,9067a25c-e746-40fa-b10a-c4db835ecae2,RE- ADVERTIEMENT OF SWIMMING SUBSCRIPTION SERVICES FOR TEACHING PHYSICAL EDUCATION AND SPORTS,,active,2026-01-26T00:00:00Z,2026-01-26T00:00:00Z,2027-01-26T00:00:00Z,365,115000,RWF
0.releases.2860.contracts.0,0.releases.2860,0,C1014578072025000014,ffa68d24-7408-4403-9fb2-99a2dadf99d4,Hiring a Skilled experts in handling procurement assignments (Experts in procurement of all types of tenders),"Client shall issued purchase order to consultant indicating procurement assignment to be done and allocated days on it. 
This contract is conducted in the respect of Law N° 031/2022 of 21/11/2022 governing public procurement.",pending,2025-11-25T00:00:00Z,2025-11-25T00:00:00Z,2026-11-25T00:00:00Z,365,400000,RWF
0.releases.2861.contracts.0,0.releases.2861,0,C1014578072025000015,ce586944-0cba-4461-aa9d-98aef94363fb,Hiring a Skilled experts in handling procurement assignments (Experts in procurement of works and consultancy services,"Client shall issued purchase order to consultant indicating procurement assignment to be done and allocated days on it. 
This contract is conducted in the respect of Law N° 031/2022 of 21/11/2022 governing public procurement.",pending,2025-11-25T00:00:00Z,2025-11-25T00:00:00Z,2026-11-25T00:00:00Z,365,400000,RWF
0.releases.2862.contracts.0,0.releases.2862,0,C1020002442025000004,0d277846-e34e-4c6b-840f-b7369cd85c4f,"Service For Maintenance And Repair ,Provision Of Wheels ,Batteries And Various Spares Parts For Vehicles And Motorcycles Of Kirehe District (re-advertising)","contract agreement is related to Service For Maintenance And Repair ,Provision Of Wheels ,Batteries And Various Spares Parts For Vehicles And Motorcycles Of Kirehe District (re-advertising)
",pending,2026-02-05T00:00:00Z,2026-02-05T00:00:00Z,2027-02-04T00:00:00Z,364,5260550,RWF
0.releases.2863.contracts.0,0.releases.2863,0,C1014650502026000002,14baaaec-5fd9-40c4-8ad8-b4b79452dc94,Event management,,pending,2026-01-22T00:00:00Z,2026-01-22T00:00:00Z,2027-01-21T00:00:00Z,364,54121880,RWF
0.releases.2864.contracts.0,0.releases.2864,0,C1014650502026000006,3d7b7570-0503-4a40-910e-1a54a64b544b,Event management,No comment,pending,2026-01-24T00:00:00Z,2026-01-24T00:00:00Z,2027-01-23T00:00:00Z,364,578200,RWF
0.releases.2865.contracts.0,0.releases.2865,0,C1014578072025000014,ffa68d24-7408-4403-9fb2-99a2dadf99d4,Hiring a Skilled experts in handling procurement assignments (Experts in procurement of all types of tenders),"Client shall issued purchase order to consultant indicating procurement assignment to be done and allocated days on it. 
This contract is conducted in the respect of Law N° 031/2022 of 21/11/2022 governing public procurement.",active,2025-11-25T00:00:00Z,2025-11-25T00:00:00Z,2026-11-25T00:00:00Z,365,400000,RWF
0.releases.2866.contracts.0,0.releases.2866,0,C1015664342024000003,a293f418-95fe-41a3-9b8d-176764250f72,Provision of Printing Services and Promotional Materials,Contract for Provision of Printing Services and Promotional Materials,pending,2024-02-02T00:00:00Z,2024-02-02T00:00:00Z,2027-02-02T00:00:00Z,1096,221812,RWF
0.releases.2867.contracts.0,0.releases.2867,0,C1014650502026000016,ae06776a-829b-42a6-a0cc-c826b7acb673,Event management,Okay,pending,2026-01-24T00:00:00Z,2026-01-24T00:00:00Z,2027-01-23T00:00:00Z,364,18054000,RWF
0.releases.2868.contracts.0,0.releases.2868,0,C1014578072025000015,ce586944-0cba-4461-aa9d-98aef94363fb,Hiring a Skilled experts in handling procurement assignments (Experts in procurement of works and consultancy services,"Client shall issued purchase order to consultant indicating procurement assignment to be done and allocated days on it. 
This contract is conducted in the respect of Law N° 031/2022 of 21/11/2022 governing public procurement.",active,2025-11-25T00:00:00Z,2025-11-25T00:00:00Z,2026-11-25T00:00:00Z,365,400000,RWF
0.releases.2871.contracts.0,0.releases.2871,0,C1025438562024000027,3602b0db-95e6-4fc0-9f22-0429e465ebd8,Provision of Hotel Services (Hotel with 4 and 5 Star not allowed),ok,active,2024-10-16T00:00:00Z,2024-10-16T00:00:00Z,2026-10-15T00:00:00Z,729,2845720,RWF
0.releases.2872.contracts.0,0.releases.2872,0,C1025438562026000001,4de62785-1e08-4dfc-a1a0-94e12c7c383d,Supply of Assistive Devices,Frame work contract,active,2026-01-12T00:00:00Z,2026-01-12T00:00:00Z,2027-01-12T00:00:00Z,365,1134500,RWF
0.releases.2873.contracts.0,0.releases.2873,0,C1014650502026000018,62aeac55-84b2-4804-bbe2-05511b8fd391,Event management,No comment,pending,2026-01-25T00:00:00Z,2026-01-25T00:00:00Z,2027-01-24T00:00:00Z,364,33312580,RWF
0.releases.2877.contracts.0,0.releases.2877,0,C1017258792023000028,ce594da3-1c1c-43e8-ad8e-4b73130d17fc,Supply of T-Shirt and Lacoste for Itorero Program,This frame work Contract is renewed at the 2nd  time for 12 months from 276/11/2025 to 25/11/2026,pending,2025-11-26T00:00:00Z,2025-11-26T00:00:00Z,2026-11-25T00:00:00Z,364,38232,RWF
0.releases.2878.contracts.0,0.releases.2878,0,C1014650502026000023,88d12584-7bee-4e15-8505-c94bcbafed4c,Event management,No comment,pending,2026-01-25T00:00:00Z,2026-01-25T00:00:00Z,2027-01-24T00:00:00Z,364,129746840,RWF
0.releases.2879.contracts.0,0.releases.2879,0,C1030866342025000003,881a3eea-40c8-4b15-8111-2b7494f4298e,Recruitment of a Lead Consultant to Manage IIA Rwanda Operations,Individual consultancy contract,pending,2025-01-27T00:00:00Z,2025-01-27T00:00:00Z,2027-01-26T00:00:00Z,729,24000000,RWF
0.releases.2882.contracts.0,0.releases.2882,0,C1030866342025000001,b3b78357-aa63-467a-9987-cfcd7c73da21,Recruitment of Individual Consultant to Manage IIA Rwanda Member Services and Certifications Programs,Individual consultancy contract,pending,2025-01-27T00:00:00Z,2025-01-27T00:00:00Z,2027-01-26T00:00:00Z,729,15576000,RWF
0.releases.2884.contracts.0,0.releases.2884,0,C1014650502026000003,cde9b27a-fa28-44ed-9606-9b4ab8d78043,Event management,No comment,pending,2026-01-24T00:00:00Z,2026-01-24T00:00:00Z,2027-01-23T00:00:00Z,364,4012000,RWF
0.releases.2885.contracts.0,0.releases.2885,0,C1020002442025000010,2b8504d9-f58d-444e-b3fb-c768ac38fdf3,Insurance of District buildings re-advertised,Contract agreement for Insurance of District buildings,active,2026-02-14T00:00:00Z,2026-02-14T00:00:00Z,2027-02-13T00:00:00Z,364,21481378,RWF
0.releases.2886.contracts.0,0.releases.2886,0,C1020002442025000004,0d277846-e34e-4c6b-840f-b7369cd85c4f,"Service For Maintenance And Repair ,Provision Of Wheels ,Batteries And Various Spares Parts For Vehicles And Motorcycles Of Kirehe District (re-advertising)","contract agreement is related to Service For Maintenance And Repair ,Provision Of Wheels ,Batteries And Various Spares Parts For Vehicles And Motorcycles Of Kirehe District (re-advertising)
",active,2026-02-05T00:00:00Z,2026-02-05T00:00:00Z,2027-02-04T00:00:00Z,364,5260550,RWF
0.releases.2890.contracts.0,0.releases.2890,0,C1013307382025000053,a7d8c491-5266-4ae3-b4a7-e7350fa2ae71,Provision of Insurance services  for vehicles &Motorcycles,,active,2025-12-10T00:00:00Z,2025-12-10T00:00:00Z,2026-12-10T00:00:00Z,365,59891613,RWF
0.releases.2891.contracts.0,0.releases.2891,0,C1014650502026000008,07f6807e-f7cf-4747-a08e-c98465c4486a,Event management,No comment,pending,2026-01-24T00:00:00Z,2026-01-24T00:00:00Z,2027-01-23T00:00:00Z,364,6254000,RWF
0.releases.2892.contracts.0,0.releases.2892,0,C1013307382025000001,ff51cf50-5d2c-46b0-8398-583105d0958c,Supply of office stationaries,"Contract No 00 -000015/G/NCB/2024/2025/CoK for Supply of office stationaries

Reference is made to the Ministerial Order n 001/23/10/ TC of 10/10/2023 establishing regulations governing public procurement following Amendment Content should be considered regarding the compliance of performance security:
•For each purchase order or invoice not exceeding 20,000,000Rwf the service provider shall provide a performance securing declaration,
•For each purchase order or invoice exceeding 20,000,000Rwf the service provider shall provide performance security as stipulated in Art 109 of the Ministerial Order n° 001/23/10/ TC of 10/10/2023 establishing regulations governing public procurement.",active,2025-01-28T00:00:00Z,2025-01-28T00:00:00Z,2027-01-27T00:00:00Z,729,528657,RWF
0.releases.2893.contracts.0,0.releases.2893,0,C1014650502026000014,58990ba5-0ecf-4e95-9207-fc4022581caf,Event management,No comment,pending,2026-01-24T00:00:00Z,2026-01-24T00:00:00Z,2027-01-23T00:00:00Z,364,93559459,RWF
0.releases.2894.contracts.0,0.releases.2894,0,C1014650502026000005,d1710369-9317-48a4-b238-171e15e174ac,Event management,No comment,pending,2026-01-24T00:00:00Z,2026-01-24T00:00:00Z,2027-01-23T00:00:00Z,364,649000,RWF
0.releases.2895.contracts.0,0.releases.2895,0,C1014650502026000007,71a6a642-d3e1-4dcd-80d8-4327eac9512f,Event management,No comment,pending,2026-01-24T00:00:00Z,2026-01-24T00:00:00Z,2027-01-23T00:00:00Z,364,590000,RWF
0.releases.2896.contracts.0,0.releases.2896,0,C1014650502026000009,99f4025a-08f8-423b-bc8e-bf9c1a12b894,Event management,No comment,pending,2026-01-24T00:00:00Z,2026-01-24T00:00:00Z,2027-01-23T00:00:00Z,364,3658000,RWF
0.releases.2899.contracts.0,0.releases.2899,0,C1014650502026000011,1a6b2b11-03ce-46aa-8a4a-9ebd5364a3b2,Event management,No comment,pending,2026-01-24T00:00:00Z,2026-01-24T00:00:00Z,2027-01-23T00:00:00Z,364,19611600,RWF
0.releases.2900.contracts.0,0.releases.2900,0,C1014650502026000012,18e1a731-df8f-4392-ad82-85dba1fa744e,Event management,No comment,pending,2026-01-24T00:00:00Z,2026-01-24T00:00:00Z,2027-01-23T00:00:00Z,364,11609725,RWF
0.releases.2901.contracts.0,0.releases.2901,0,C1014650502026000015,5ea56cb1-19b4-4296-b1b3-fb3558677d41,Event management,No comment,pending,2026-01-24T00:00:00Z,2026-01-24T00:00:00Z,2027-01-23T00:00:00Z,364,10708800,RWF
0.releases.2902.contracts.0,0.releases.2902,0,C1014650502026000022,fb3e7c31-bbc0-45a2-ac1f-b04897bd22d5,Event management,No comment,pending,2026-01-25T00:00:00Z,2026-01-25T00:00:00Z,2027-01-24T00:00:00Z,364,473062,RWF
0.releases.2903.contracts.0,0.releases.2903,0,C1014650502026000024,8859db31-f564-4208-a83a-0378dbbd8806,Event management,No comment,pending,2026-01-25T00:00:00Z,2026-01-25T00:00:00Z,2027-01-24T00:00:00Z,364,1888000,RWF
0.releases.2904.contracts.0,0.releases.2904,0,C1014650502026000004,f540d4a0-e984-449a-908f-a067b2f085b1,Event management,No comment,pending,2026-01-24T00:00:00Z,2026-01-24T00:00:00Z,2027-01-23T00:00:00Z,364,1298000,RWF
0.releases.2907.contracts.0,0.releases.2907,0,C1015297512023000008,912c2ec4-b177-48b9-8d61-670354a6c320,Safe keeping(hygienic and sanitation materials) TO GBV,OK,pending,2026-01-01T00:00:00Z,2026-01-01T00:00:00Z,2026-12-31T00:00:00Z,364,171203,RWF
0.releases.2912.contracts.0,0.releases.2912,0,C1014650502026000001,19e19fbe-9c83-40d4-9d9c-941a67998b00,Event management,No comment,pending,2026-01-22T00:00:00Z,2026-01-22T00:00:00Z,2027-01-21T00:00:00Z,364,36999999,RWF
0.releases.2913.contracts.0,0.releases.2913,0,C1014650502026000010,8df20d6f-94e5-42f7-8735-b1ac1dc30687,Event management,No comment,pending,2026-01-24T00:00:00Z,2026-01-24T00:00:00Z,2027-01-23T00:00:00Z,364,37642000,RWF
0.releases.2915.contracts.0,0.releases.2915,0,C1014650502026000013,ebd2d50a-eea9-474d-ba35-cda035a6f994,Event management,No comment,pending,2026-01-24T00:00:00Z,2026-01-24T00:00:00Z,2027-01-23T00:00:00Z,364,18083500,RWF
0.releases.2916.contracts.0,0.releases.2916,0,C1015531632026000009,1cd7d9fb-9a34-43a1-86cf-851187abea1c,"Provision of hotel services (hiring of conference halls, workshops, trainings, accommodations, restaurants and receptions outside of Kigali (framework contract)","
This is a frame work contract and services will be provided outside of Kigali.",pending,2026-01-23T00:00:00Z,2026-01-23T00:00:00Z,2027-01-21T00:00:00Z,363,5566001,RWF
0.releases.2918.contracts.0,0.releases.2918,0,C1033694802025000009,4da244cd-85cf-402c-973c-c8dd68d69173,Supply and installation of office equipment and furniture for UR Campuses,"The delivery period is  of this contract  for purchase orders is   changed from 90 to 120 days

This contract is renewed for the first time",active,2025-02-05T00:00:00Z,2026-02-06T00:00:00Z,2027-02-05T00:00:00Z,364,101933800,RWF
0.releases.2919.contracts.0,0.releases.2919,0,C1001007492026000002,,Generators operating lease,lump sum contract payable on monthly basis,active,2026-01-26T00:00:00Z,2026-01-26T00:00:00Z,2027-01-26T00:00:00Z,365,17951368,RWF
0.releases.2926.contracts.0,0.releases.2926,0,C1024326722026000011,4ef5a7cc-5055-4d62-bbb0-9210a1a3324b,Provision of cleaning services,Provision of  Cleaning contract,pending,2026-01-21T00:00:00Z,2026-01-21T00:00:00Z,2027-01-19T00:00:00Z,363,5759945,RWF
0.releases.2927.contracts.0,0.releases.2927,0,C1133460762026000002,,SUPPLY AND INSTALLATION  OF DRAINAGE CHANNEL COVERS  ON PLAYGROUND FACILITIES FOR 4 TVET SCHOOLS ON BORDERS IN NYAGATARE AND GICUMBI DISTRICT,,pending,2026-01-26T00:00:00Z,2026-01-26T00:00:00Z,2026-02-25T00:00:00Z,30,11791298,RWF
0.releases.2936.contracts.0,0.releases.2936,0,C1016877032026000003,71892ee8-654c-4513-911a-599196ae92c6,Tender for insurance of vehicle,it is a framework contract,pending,2026-01-27T00:00:00Z,2026-01-27T00:00:00Z,2027-01-25T00:00:00Z,363,2399059,RWF
0.releases.2939.contracts.0,0.releases.2939,0,C1024326722026000010,,Supply of  Foot and Mouth Disease (FMD)  vaccines,,active,2026-01-21T00:00:00Z,2026-01-21T00:00:00Z,2027-01-21T00:00:00Z,365,2768,RWF
0.releases.2940.contracts.0,0.releases.2940,0,C1028311502023000001,d8338805-4f84-44d6-9b85-6b4ee23718ab,Supply Medical oxygen,"Quantities can be increased or decreased depend on the Hospital consumption.
Medical oxygen shall have high quality for medical treatment of Kinihira provincial Hospital patient.
The required purity of oxygen produced must be between 95% and 98% according to the standard of medical oxygen production.
The price must include the following:  Transport and lending of cylinders to Kinihira provincial Hospital.
The place destination for supply of Medical oxygen is at Kinihira provincial Hospital head quarter.
To be able for supply of Medical oxygen at any time in case of emergency- in 6 hours from received the request .
 supply will be based on purchasing order.
The period of delivery will be immediate after receiving of purchase order.

The supplier of oxygen must possess an oxygen plant production in NORTHERN PROVINCE in order to facilitate the supply of oxygen at KINIHIRA PROVINCIAL HOSPITAL. 
",active,2023-01-27T00:00:00Z,2025-01-28T00:00:00Z,2026-04-27T00:00:00Z,454,50340,RWF
0.releases.2941.contracts.0,0.releases.2941,0,C1024326722026000009,,"Supply of Vaccines (LSD, BQ, Brucellosis, Rabies, and other)",,active,2026-01-21T00:00:00Z,2026-01-21T00:00:00Z,2027-01-21T00:00:00Z,365,5354,RWF
0.releases.2942.contracts.0,0.releases.2942,0,C1013307382026000011,16fc6393-dc3f-4f8d-b278-c3dc8cf54570,"Provision of Online, Radio and TV broadcasting services",,active,2026-01-26T00:00:00Z,2026-01-26T00:00:00Z,2027-01-26T00:00:00Z,365,15849760,RWF
0.releases.2948.contracts.0,0.releases.2948,0,C1018681372026000001,01037c83-3ff6-4e79-8905-f90988b02725,Supply of asset transfer (ToolKits) under Framework contract.,"Contract duration: 12 months which can be renewed Once.
Period of time of supply: 45 days after receiving a purchase order (Supply per purchase order).",pending,2026-01-23T00:00:00Z,2026-01-23T00:00:00Z,2027-01-22T00:00:00Z,364,2093378,RWF
0.releases.2950.contracts.0,0.releases.2950,0,C1017344602025000011,d3445ba9-1e95-47d8-94bf-6111c3490d00,Travaux de construction et de renovation du stade de Mutunda (Byiza) et son auditorium  dans le district de Huye,The contract is extended from 31/1/2026 up to 30/03/2026,active,2025-04-30T00:00:00Z,2026-01-31T00:00:00Z,2026-03-30T00:00:00Z,58,521278701,RWF
0.releases.2957.contracts.0,0.releases.2957,0,C1133460762025000025,2de12477-a6c4-4f02-8b84-13efb72bb6e4,Annual subscription to digital library,,pending,2025-12-19T00:00:00Z,,,,100000,EUR
0.releases.2958.contracts.0,0.releases.2958,0,C1013364812026000005,,Consultancy services for supervision of Construction of Gitanda health center,"Consultancy services for supervision of Construction of Gitanda health center

i.	No advance payment shall be processed to the consultancy firm.
ii.	Payment shall  be made progressively to the percentage of progress of works done and certified and accepted by the client.
iii.	All payments will be made within forty-five (45) days after receipt and approval of the consultant’s invoice and shall be paid to the account of one of members of Joint Venture as follow:

Account Holder:   UNITED CONTRACTORS Ltd

Account number: 4005200795170

Bank Name: EQUITY BANK
",pending,2026-01-22T00:00:00Z,2026-01-22T00:00:00Z,2027-02-20T00:00:00Z,394,81999970,RWF
0.releases.2959.contracts.0,0.releases.2959,0,C1013364812026000005,,Consultancy services for supervision of Construction of Gitanda health center,"Consultancy services for supervision of Construction of Gitanda health center

i.	No advance payment shall be processed to the consultancy firm.
ii.	Payment shall  be made progressively to the percentage of progress of works done and certified and accepted by the client.
iii.	All payments will be made within forty-five (45) days after receipt and approval of the consultant’s invoice and shall be paid to the account of one of members of Joint Venture as follow:

Account Holder:   UNITED CONTRACTORS Ltd

Account number: 4005200795170

Bank Name: EQUITY BANK
",pending,2026-01-22T00:00:00Z,2026-01-22T00:00:00Z,2027-02-20T00:00:00Z,394,81999970,RWF
0.releases.2960.contracts.0,0.releases.2960,0,C1016582482025000015,4edec058-dc6a-4db4-8595-b57b1b2e27a9,Provision of Hotel Services to the Chamber of Deputies,"New  Contract  first  round

The contract shall be renewed for a second term and shall take effect on  26 February 2026.",pending,2026-02-26T00:00:00Z,2026-02-26T00:00:00Z,2027-02-25T00:00:00Z,364,375000,RWF
0.releases.2961.contracts.0,0.releases.2961,0,C1133460762026000002,,SUPPLY AND INSTALLATION  OF DRAINAGE CHANNEL COVERS  ON PLAYGROUND FACILITIES FOR 4 TVET SCHOOLS ON BORDERS IN NYAGATARE AND GICUMBI DISTRICT,,active,2026-01-27T00:00:00Z,2026-01-27T00:00:00Z,2026-02-27T00:00:00Z,31,11791298,RWF
0.releases.2968.contracts.0,0.releases.2968,0,C1114098972026000002,b801ebac-34a7-4d4c-9004-573fb285b7c1,EVENT MANAGEMENT,"The object of this contract is to provide to the Purchaser the Event Management services as listed in Annex I: list of goods, quantities and technical specifications.

MUMPE Frank shall ensure the management of this contract on behalf of the Purchaser.",active,2026-01-27T00:00:00Z,2026-01-27T00:00:00Z,2027-01-27T00:00:00Z,365,7984700,RWF
0.releases.2969.contracts.0,0.releases.2969,0,C1025023612025000014,584bee95-3c94-4b8a-8118-bb1668c11b5c,Supply of office stationaries ,,pending,2025-11-28T00:00:00Z,2025-11-28T00:00:00Z,2026-11-28T00:00:00Z,365,2364371,RWF
0.releases.2970.contracts.0,0.releases.2970,0,C1078616252025000005,617e283d-4c48-4db5-8743-ba587d193cbe,Acquisition of DNA reagents and consumables,"The performance security will be required if the purchase order is greater than twenty million (20,000,000 Frw) with the following percentages: 5% of the value of the contract whose value exceed FRW 500,000,000; 6% of the contract price whose value between FRW 100,000,000 FRW to FRW 500,000,000; 7% of the contract price whose value is between FRW 50,000,000 to FRW 100,000,000 and 10% per cent of the contract price whose value is between FRW 20,000,000 to FRW 50,000,000.
The supplier has the period execution of ninety (90) calendar days from the reception of purchase order.",pending,2025-02-05T00:00:00Z,2025-02-06T00:00:00Z,2027-02-06T00:00:00Z,730,88768406,RWF
0.releases.2971.contracts.0,0.releases.2971,0,C1016582482025000008,d8246e23-3399-43fe-9d55-bcb574e06eb1,Provision of Hotel Services to the Chamber of Deputies,"New  Contract First  implementation 

The contract shall be renewed for a second term and shall take effect on 20 February 2026",pending,2026-02-20T00:00:00Z,2026-02-20T00:00:00Z,2027-02-19T00:00:00Z,364,379443,RWF
0.releases.2972.contracts.0,0.releases.2972,0,C1015531632026000007,a364bacc-f273-49a9-b899-035788a05317,"Provision of hotel services (hiring of conference halls, workshops, trainings, accommodations, restaurants and receptions outside of Kigali (framework contract)",This is a framework contract and services will be provided outside of Kigali.,pending,2026-01-23T00:00:00Z,2026-01-23T00:00:00Z,2027-01-20T00:00:00Z,362,6136151,RWF
0.releases.2973.contracts.0,0.releases.2973,0,C1014650502026000003,cde9b27a-fa28-44ed-9606-9b4ab8d78043,Event management,No comment,active,2026-01-28T00:00:00Z,2026-01-28T00:00:00Z,2027-01-28T00:00:00Z,365,4012000,RWF
0.releases.2974.contracts.0,0.releases.2974,0,C1014650502026000014,58990ba5-0ecf-4e95-9207-fc4022581caf,Event management,No comment,active,2026-01-28T00:00:00Z,2026-01-28T00:00:00Z,2027-01-28T00:00:00Z,365,93559459,RWF
0.releases.2975.contracts.0,0.releases.2975,0,C1014650502026000002,14baaaec-5fd9-40c4-8ad8-b4b79452dc94,Event management,,active,2026-01-28T00:00:00Z,2026-01-28T00:00:00Z,2027-01-28T00:00:00Z,365,54121880,RWF
0.releases.2977.contracts.0,0.releases.2977,0,C1014650502026000024,8859db31-f564-4208-a83a-0378dbbd8806,Event management,No comment,active,2026-01-28T00:00:00Z,2026-01-28T00:00:00Z,2027-01-28T00:00:00Z,365,1888000,RWF
0.releases.2979.contracts.0,0.releases.2979,0,C1006003912025000007,9da840a3-1518-4fe5-aa05-f19454c80160,Digitalise CHUB old Documents and purchase storage server,"Before the signature of this contract, the supplier must provide a performance security for the performance of the Contract equivalent to Three million Nine hundred Sixty- four thousand Eight hundred Rwandan Francs (3,964,800 Frw).In case the contract is not fully or well executed, the performance security shall unconditionally be seized by the procuring entity as compensation without prejudice to other penalties provided for by the Law.",pending,2025-02-21T00:00:00Z,2025-02-21T00:00:00Z,2026-08-20T00:00:00Z,545,56640000,RWF
0.releases.2980.contracts.0,0.releases.2980,0,C1006005702025000111,57af6727-daf4-426c-8244-fe35a463773b,Subscribe to Moody’s (Bureau Van Dijk) risk profiling and transfer pricing benchmark analysis database (Framework Contract),Subscription to Risk assessment and Transfer pricing analysis database (Framework). ,active,2026-01-27T00:00:00Z,2026-01-27T00:00:00Z,2027-01-27T00:00:00Z,365,64706,USD
0.releases.2981.contracts.0,0.releases.2981,0,C1014650502026000013,ebd2d50a-eea9-474d-ba35-cda035a6f994,Event management,No comment,active,2026-01-28T00:00:00Z,2026-01-28T00:00:00Z,2027-01-28T00:00:00Z,365,18083500,RWF
0.releases.2983.contracts.0,0.releases.2983,0,C1030866342025000001,b3b78357-aa63-467a-9987-cfcd7c73da21,Recruitment of Individual Consultant to Manage IIA Rwanda Member Services and Certifications Programs,Individual consultancy contract,active,2025-01-27T00:00:00Z,2025-01-27T00:00:00Z,2027-01-26T00:00:00Z,729,15576000,RWF
0.releases.2985.contracts.0,0.releases.2985,0,C1030866342025000003,881a3eea-40c8-4b15-8111-2b7494f4298e,Recruitment of a Lead Consultant to Manage IIA Rwanda Operations,Individual consultancy contract,active,2025-01-27T00:00:00Z,2025-01-27T00:00:00Z,2027-01-26T00:00:00Z,729,24000000,RWF
0.releases.2987.contracts.0,0.releases.2987,0,C1006005702022000045,a0488c79-d638-4d3d-9d61-4cb0fd844985,Provision of rental services for RRA staff accommodation-A in RUSIZI District (framework contract),Provision of rental services for RRA staff accommodation-A in RUSIZI District (framework contract),active,2022-04-29T00:00:00Z,2025-12-31T00:00:00Z,2026-03-02T00:00:00Z,61,2360000,RWF
0.releases.2989.contracts.0,0.releases.2989,0,C1203356722026000001,b8d9292a-2de5-4c4b-b70e-78bf643ad08f,Provision of car wash services,,active,2026-01-27T00:00:00Z,2026-01-27T00:00:00Z,2027-01-27T00:00:00Z,365,24998,RWF
0.releases.2991.contracts.0,0.releases.2991,0,C1006003752025000033,8bf44168-0581-4a28-8ec5-4055b55feaa9,Supply of reagents for food agriculture and mycotoxin laboratory (Framework contract),This contract will be effective while approved by the CBM.,active,2026-01-27T00:00:00Z,2026-01-27T00:00:00Z,2027-01-27T00:00:00Z,365,22836158,RWF
0.releases.2992.contracts.0,0.releases.2992,0,C1015351992023000012,905a8c74-e551-42bb-96c7-60d780f2ead4,Provision of Security services at Nemba Hospital,,pending,2025-01-10T00:00:00Z,2025-01-10T00:00:00Z,2026-01-09T00:00:00Z,364,180000,RWF
0.releases.2995.contracts.0,0.releases.2995,0,C1014354632025000019,0f56f2c5-4ff5-40cd-a6b6-3636da2ba8e8,Supply of   materials used in construction of classroom and retaining wall ( 7LOTS) under framework contract,,pending,2025-09-05T00:00:00Z,2025-09-05T00:00:00Z,2026-09-05T00:00:00Z,365,198594,RWF
0.releases.2996.contracts.0,0.releases.2996,0,C1014354632025000018,0b8b8de4-40cb-401c-a162-9f8db6894f2a,Supply of   materials used in construction of classroom and retaining wall ( 7LOTS) under framework contract,,pending,2025-09-05T00:00:00Z,2025-09-05T00:00:00Z,2026-09-05T00:00:00Z,365,195880,RWF
0.releases.2997.contracts.0,0.releases.2997,0,C1014354632025000020,a244f362-fd09-47d1-ac4c-ec6a10eb0baa,Supply of   materials used in construction of classroom and retaining wall ( 7LOTS) under framework contract,,pending,2025-09-05T00:00:00Z,2025-09-05T00:00:00Z,2026-09-05T00:00:00Z,365,205674,RWF
0.releases.3000.contracts.0,0.releases.3000,0,C1016877032026000003,71892ee8-654c-4513-911a-599196ae92c6,Tender for insurance of vehicle,it is a framework contract,active,2026-01-28T00:00:00Z,2026-01-28T00:00:00Z,2027-01-28T00:00:00Z,365,2399059,RWF
0.releases.3006.contracts.0,0.releases.3006,0,C1014650502026000020,96b2dce7-3f26-4d62-8a27-9ee729294c0e,Event management,No comment,pending,2026-01-25T00:00:00Z,2026-01-25T00:00:00Z,2027-01-24T00:00:00Z,364,215940,RWF
0.releases.3010.contracts.0,0.releases.3010,0,C1020659872025000001,706f8208-a1d5-451c-98ce-871e7a712f4d,Tender for Office FURNITURES,"	
Extension of Contract for  Office FURNITURES for period of one year",pending,2026-01-30T00:00:00Z,2026-01-30T00:00:00Z,2027-01-29T00:00:00Z,364,2728715,RWF
0.releases.3011.contracts.0,0.releases.3011,0,C1014650502026000017,adb58c63-1722-466b-a33c-899163403be9,Event management,No comment,pending,2026-01-25T00:00:00Z,2026-01-25T00:00:00Z,2027-01-24T00:00:00Z,364,30100000,RWF
0.releases.3021.contracts.0,0.releases.3021,0,C1015990942024000002,1b50af0f-c2d5-4407-b5b8-353c613882c9,Purchase of  stationaries and printings for Kibungo referral Hospital,"This is a framework contract renewable twice according to the performance of service provider, the delivery Period s is within fifteen days  From the date  reception of purchase order and the delivery place is Kibungo Referral. The contractual documents attached here with outline the details of this contract agreements. The payment will be done within forty five (45) days from the reception of purchase order

The service Supplier (KIGALI INTER SERVICE Ltd) will provide the performance security  for each purchase order whose value exceed twenty (20,000,000) Million as stated in  Ministerial Order n° 001/23/10/ TC of 10/10/2023 establishing regulations governing public procurement article 109",pending,2024-02-16T00:00:00Z,2024-02-16T00:00:00Z,2027-02-15T00:00:00Z,1095,2710922,RWF
0.releases.3022.contracts.0,0.releases.3022,0,C1026431582025000010,d0645a6a-9314-4af7-aca6-ccc9fd3093a4,Acquisition of Hotel services,Framework Contract Awarded for One Year. ,active,2026-01-28T00:00:00Z,2026-01-28T00:00:00Z,2027-01-28T00:00:00Z,365,5208082,RWF
0.releases.3023.contracts.0,0.releases.3023,0,C1014745142025000034,a0be363c-9939-4dc0-9c96-5dbc4c84a729,Provision of codification service,,active,2026-01-27T00:00:00Z,2026-01-27T00:00:00Z,2027-01-27T00:00:00Z,365,2360,RWF
0.releases.3028.contracts.0,0.releases.3028,0,C1014578072024000003,0d1caa7d-142b-4540-b77e-0df22302759b,"Services for editing and mixing audio records, production of audio and video spots, video coverage and photography in the RPPA events and video coverage in the interview for recruitment of RPPA staff","This contract amendment is conducted in the respect of Law N° 031/2022 of 21/11/2022 governing public procurement
",pending,2026-02-02T00:00:00Z,2026-02-02T00:00:00Z,2027-02-01T00:00:00Z,364,312700,RWF
0.releases.3029.contracts.0,0.releases.3029,0,C1026431582025000012,871ebe80-f755-4c1a-bd74-d4af51282fb6,Acquisition of Hotel services,,active,2026-01-28T00:00:00Z,2026-01-28T00:00:00Z,2027-01-28T00:00:00Z,365,4976230,RWF
0.releases.3042.contracts.0,0.releases.3042,0,C1013389972025000031,ba0443e6-5c5b-4166-97ef-7dfbeed1317d,Construction of Nyamata Health Center,,active,2026-01-28T00:00:00Z,2026-01-28T00:00:00Z,2027-07-28T00:00:00Z,546,2976070297,RWF
0.releases.3047.contracts.0,0.releases.3047,0,C1222069862025000001,55d86631-b854-4694-9a66-876471567c97,Consultancy service for designing PFMUs and corresponding SFMPs,"This contract is for Consultancy service for designing PFMUs and corresponding SFMPs.
The Consultant is required to undertake this assignment with three (3) months from contract signing date.
Before signing the contract, the Consultant is required to provide a performance guarantee equivalent to  6% of the total contract amount. This guarantee must cover the period of the contract.

The Consultant shall be paid  lump sum contract amount of One Hundred Sixty-Five Million
Three Hundred Sixty-Nine Thousand, Nine Hundred and Forty-Five Rwandan Francs (165,369,945
FRW), inclusive of taxes. and the payment shall be made in five (5) instalments detailed in the contract terms.",active,2025-10-23T00:00:00Z,2025-10-23T00:00:00Z,2026-02-06T00:00:00Z,106,165369945,RWF
0.releases.3048.contracts.0,0.releases.3048,0,C1222069862025000001,55d86631-b854-4694-9a66-876471567c97,Consultancy service for designing PFMUs and corresponding SFMPs,"This contract is for Consultancy service for designing PFMUs and corresponding SFMPs.
The Consultant is required to undertake this assignment with three (3) months from contract signing date.
Before signing the contract, the Consultant is required to provide a performance guarantee equivalent to  6% of the total contract amount. This guarantee must cover the period of the contract.

The Consultant shall be paid  lump sum contract amount of One Hundred Sixty-Five Million
Three Hundred Sixty-Nine Thousand, Nine Hundred and Forty-Five Rwandan Francs (165,369,945
FRW), inclusive of taxes. and the payment shall be made in five (5) instalments detailed in the contract terms.",active,2025-10-23T00:00:00Z,2025-10-23T00:00:00Z,2026-02-06T00:00:00Z,106,165369945,RWF
0.releases.3051.contracts.0,0.releases.3051,0,C1017640652025000005,b330a0c6-f600-4712-9f34-4a37fa9f55ae,Hiring a company for to do the cleaning services with RDB(upcountry) and its other offices,Hiring a company for the cleaning services with RDB(upcountry) and its other offices,pending,2025-02-10T00:00:00Z,2025-02-10T00:00:00Z,2027-02-10T00:00:00Z,730,11222928,RWF
0.releases.3056.contracts.0,0.releases.3056,0,C1085313022024000008,72e6f273-4617-4a82-b8ad-d65abb113d38,Sports and recreational facilities and services under framework contract,This is a framework contract,pending,2024-03-01T00:00:00Z,2024-03-01T00:00:00Z,2027-03-01T00:00:00Z,1095,20001,RWF
0.releases.3062.contracts.0,0.releases.3062,0,C1014060982026000002,,Supply personal protective equipments PPEs at new classrooms construction under PPD Basket Fund,,pending,2026-01-28T00:00:00Z,2026-01-28T00:00:00Z,2026-02-27T00:00:00Z,30,9768748,RWF
0.releases.3076.contracts.0,0.releases.3076,0,C1017344602026000003,cd6ac0c4-8ae3-42d0-b0d5-61ea17f811b1,Annual framework tender for maintenance and repair of district vehicles and motorcycles ( garage services),ok,pending,2026-01-28T00:00:00Z,2026-01-28T00:00:00Z,2027-01-25T00:00:00Z,362,4263340,RWF
0.releases.3077.contracts.0,0.releases.3077,0,C1071118822025000008,a34804a5-ec9b-40bd-880b-0d059ab59847,Supply for licenses to RRA,"Amendment No. 1 – VAT Compliance Update

This amendment pertains to Law No. 009/2025 (effective May 27, 2025), which revises Law No. 049/2023 on Value Added Tax (VAT). The updated legislation amends Article One by removing the VAT exemptions previously granted under items (q) and (r) of Article 8.

As RISA (the central purchasing body for ICT equipment/services) had entered into supplier contracts under the former VAT-exempt framework, this amendment introduces an 18% VAT on all ICT equipment and services to align with the new legal requirements. All other terms and conditions of the original contract remain unchanged.
",pending,2025-02-12T00:00:00Z,2025-02-12T00:00:00Z,2026-02-12T00:00:00Z,365,92407816,RWF
0.releases.3078.contracts.0,0.releases.3078,0,C1071118822025000008,a34804a5-ec9b-40bd-880b-0d059ab59847,Supply for licenses to RRA,"Amendment No. 1 – VAT Compliance Update

This amendment pertains to Law No. 009/2025 (effective May 27, 2025), which revises Law No. 049/2023 on Value Added Tax (VAT). The updated legislation amends Article One by removing the VAT exemptions previously granted under items (q) and (r) of Article 8.

As RISA (the central purchasing body for ICT equipment/services) had entered into supplier contracts under the former VAT-exempt framework, this amendment introduces an 18% VAT on all ICT equipment and services to align with the new legal requirements. All other terms and conditions of the original contract remain unchanged.
",pending,2025-02-12T00:00:00Z,2025-02-12T00:00:00Z,2026-02-12T00:00:00Z,365,92407816,RWF
0.releases.3079.contracts.0,0.releases.3079,0,C1071118822025000008,a34804a5-ec9b-40bd-880b-0d059ab59847,Supply for licenses to RRA,"Amendment No. 1 – VAT Compliance Update

This amendment pertains to Law No. 009/2025 (effective May 27, 2025), which revises Law No. 049/2023 on Value Added Tax (VAT). The updated legislation amends Article One by removing the VAT exemptions previously granted under items (q) and (r) of Article 8.

As RISA (the central purchasing body for ICT equipment/services) had entered into supplier contracts under the former VAT-exempt framework, this amendment introduces an 18% VAT on all ICT equipment and services to align with the new legal requirements. All other terms and conditions of the original contract remain unchanged.
",pending,2025-02-12T00:00:00Z,2025-02-12T00:00:00Z,2026-02-12T00:00:00Z,365,92407816,RWF
0.releases.3081.contracts.0,0.releases.3081,0,C1006003912026000004,ed58251d-a360-4c9d-ab1f-0d2c96760650,Provision of Sports and recreational facilities and services," Payment shall be based on the individual attendance of CHUB staff. At the end of each month, the Service Provider shall collect all supporting documentation and submit a duly issued invoice to CHUB for payment processing.",pending,2026-01-26T00:00:00Z,2026-01-26T00:00:00Z,2027-01-20T00:00:00Z,359,2478,RWF
0.releases.3082.contracts.0,0.releases.3082,0,C1016582482025000004,111fd6f3-2d36-482e-9c87-4b912bc6c550,Provision of Hotel Services to the Chamber of Deputies," The  contract  will expire  on -27/02/2026 , first  year of implementation and it will be  renewed upon satisfactory 

The contract shall be renewed for a second term and shall take effect as of 28 February 2026.”",pending,2026-02-28T00:00:00Z,2026-02-28T00:00:00Z,2027-02-27T00:00:00Z,364,380010,RWF
0.releases.3087.contracts.0,0.releases.3087,0,C1016582482025000009,bb7c24f5-f53c-44b4-965f-25e796de0b30,Provision of Hotel Services to the Chamber of Deputies,"New  Contract  First  Round

The contract shall be renewed for a second term and shall take effect on  20 February 2026 .",pending,2026-02-20T00:00:00Z,2026-02-20T00:00:00Z,2027-02-19T00:00:00Z,364,306498,RWF
0.releases.3097.contracts.0,0.releases.3097,0,C1020432832025000003,c74b5465-70be-4f0d-869e-10f51d03b62e,Rehabilitation and repair of damaged spots located on Rusizi– Buhinga - Tyazo Road,"The Performance Security Amount is:
(a)	Bank Guarantee: Eight percent (8%) of the Final contract Amount;
(b)	Performance Bond: Not applicable
Note: The only accepted Performance Guarantee is the one issued by a Local Bank.

An Environmental, Social, Safety and Health (ESHS) Performance Security shall be provided to the Employer amounting to 2% of the contract value. 
",pending,2025-05-14T00:00:00Z,2025-05-14T00:00:00Z,2026-05-22T00:00:00Z,373,3177989850,RWF
0.releases.3099.contracts.0,0.releases.3099,0,C1017046292023000007,dd69797d-4fd7-4298-98cd-94a3b75e1e4e,Supply of stationery and computer consumables,Amendment contract will respect all the document of the original contract,pending,2025-01-24T00:00:00Z,2026-01-27T00:00:00Z,2027-01-26T00:00:00Z,364,631634,RWF
0.releases.3100.contracts.0,0.releases.3100,0,C1015531632026000008,58ead50d-221a-42ec-bee9-4d8702252cd7,"Provision of hotel services (hiring of conference halls, workshops, trainings, accommodations, restaurants and receptions outside of Kigali (framework contract)",This is a framework contract and services will be provided outside of Kigali.,pending,2026-01-23T00:00:00Z,2026-01-23T00:00:00Z,2027-01-20T00:00:00Z,362,7682627,RWF
0.releases.3101.contracts.0,0.releases.3101,0,C1033726202025000002,cc5d74f9-35d8-4657-aba7-fb37dd80e1ae,"Provision of cleaning, dry cleaning and fumigation services under framework contract","The scope of the tender is to provide a service related to the cleaning service, dry cleaning and fumigation under framework contract. ",pending,2025-01-31T00:00:00Z,2025-01-31T00:00:00Z,2026-03-31T00:00:00Z,424,550880,RWF
0.releases.3102.contracts.0,0.releases.3102,0,C1033726202025000002,cc5d74f9-35d8-4657-aba7-fb37dd80e1ae,"Provision of cleaning, dry cleaning and fumigation services under framework contract","The scope of the tender is to provide a service related to the cleaning service, dry cleaning and fumigation under framework contract. ",pending,2025-01-31T00:00:00Z,2025-01-31T00:00:00Z,2026-03-31T00:00:00Z,424,550880,RWF
0.releases.3105.contracts.0,0.releases.3105,0,C1006003912026000007,a83cdedc-76d1-4bd0-89d4-5e84822cd9ed,Acquisition of sports equipment,"Upon receipt of the Purchase Order and prior to the commencement of any supply or delivery, the Supplier shall submit physical samples to CHUB for inspection and final approval. No delivery shall commence without CHUB’s prior written approval of the samples.
GOOD LIFES PORTS COMPANY Ltd shall permit CHUB and/or any persons duly appointed by CHUB to inspect the quality of the delivered sports equipment at any time during delivery and upon receipt, for the purpose of verifying conformity with the specifications and requirements set out in the tender documents and this Contract.",pending,2026-01-27T00:00:00Z,2026-01-27T00:00:00Z,2027-01-26T00:00:00Z,364,5097665,RWF
0.releases.3106.contracts.0,0.releases.3106,0,C1071118822025000009,b5a2c560-9501-49e2-8e67-654090442bb4,Framework tender for USSD and SMS service provision,This contract is signed for one year renewable twice upon satisfactory performance ,pending,2025-02-07T00:00:00Z,2025-02-07T00:00:00Z,2027-02-06T00:00:00Z,729,14,RWF
0.releases.3113.contracts.0,0.releases.3113,0,C1016582482025000012,c639aeac-e61d-4725-9ab8-2bbd500f6371,Provision of Hotel Services to the Chamber of Deputies,"New  Contract  First  Round .

The contract shall be renewed for a second term and shall take effect on 14 February 2026.",pending,2026-02-14T00:00:00Z,2026-02-14T00:00:00Z,2027-02-13T00:00:00Z,364,288998,RWF
0.releases.3114.contracts.0,0.releases.3114,0,C1022690082026000005,2a4f22e5-57ab-4441-8bcd-ad0988189b7a,Construction Works of Gicumbi METEO Weather Station,,pending,2026-01-26T00:00:00Z,2026-01-26T00:00:00Z,2026-06-20T00:00:00Z,145,370291712,RWF
0.releases.3118.contracts.0,0.releases.3118,0,C1014060982025000022,1a33c569-c85f-471d-bcca-7a1468551064,Full feasibility study for rehabilitation works of Miyove Health Center in Gicumbi District,contract extension period of two months,pending,2025-10-28T00:00:00Z,2025-10-28T00:00:00Z,2026-03-27T00:00:00Z,150,8565000,RWF
0.releases.3126.contracts.0,0.releases.3126,0,C1016582482025000012,c639aeac-e61d-4725-9ab8-2bbd500f6371,Provision of Hotel Services to the Chamber of Deputies,"New  Contract  First  Round .

The contract shall be renewed for a second term and shall take effect on 14 February 2026.",active,2026-02-14T00:00:00Z,2026-02-14T00:00:00Z,2027-02-13T00:00:00Z,364,288998,RWF
0.releases.3130.contracts.0,0.releases.3130,0,C1016582482025000004,111fd6f3-2d36-482e-9c87-4b912bc6c550,Provision of Hotel Services to the Chamber of Deputies," The  contract  will expire  on -27/02/2026 , first  year of implementation and it will be  renewed upon satisfactory 

The contract shall be renewed for a second term and shall take effect as of 28 February 2026.”",active,2026-02-28T00:00:00Z,2026-02-28T00:00:00Z,2027-02-27T00:00:00Z,364,380010,RWF
0.releases.3131.contracts.0,0.releases.3131,0,C1016582482025000009,bb7c24f5-f53c-44b4-965f-25e796de0b30,Provision of Hotel Services to the Chamber of Deputies,"New  Contract  First  Round

The contract shall be renewed for a second term and shall take effect on  20 February 2026 .",active,2026-02-20T00:00:00Z,2026-02-20T00:00:00Z,2027-02-19T00:00:00Z,364,306498,RWF
0.releases.3132.contracts.0,0.releases.3132,0,C1008344452026000001,,SUPPLY OF ICT EQUIPMENT,"The contract for Supply of ICT EQUIPMENT is in unity price under Framework agreement
The contract duration is one year and may be renewed depending on satisfactory performance of the Supplier.
Delivery will depend on purchase order sent by purchaser and Delivery period is Five (5) days after reception of purchase order 
The performance security is not required; the supplier submit the performance securing declaration commitment
",pending,2026-01-27T00:00:00Z,2026-01-27T00:00:00Z,2027-01-26T00:00:00Z,364,9151018,RWF
0.releases.3136.contracts.0,0.releases.3136,0,C1016582482024000010,3e194e85-8c99-4a02-899f-0656eaee13ca,"Acquisition of spare parts for toilet, urinal, bathroom sink","The contract is being renewed for the second time starting  from 15/04/2025 to 14/04/2026

The unit price for spare part is attached (Annex 1).

The amendment to this contract is made following the client’s request for a price revision. The corresponding adjustments are detailed in the annex to the contract.”",active,2024-04-15T00:00:00Z,2025-04-15T00:00:00Z,2026-04-14T00:00:00Z,364,295000,RWF
0.releases.3137.contracts.0,0.releases.3137,0,C1016582482025000015,4edec058-dc6a-4db4-8595-b57b1b2e27a9,Provision of Hotel Services to the Chamber of Deputies,"New  Contract  first  round

The contract shall be renewed for a second term and shall take effect on  26 February 2026.",active,2026-02-26T00:00:00Z,2026-02-26T00:00:00Z,2027-02-25T00:00:00Z,364,375000,RWF
0.releases.3138.contracts.0,0.releases.3138,0,C1016582482025000008,d8246e23-3399-43fe-9d55-bcb574e06eb1,Provision of Hotel Services to the Chamber of Deputies,"New  Contract First  implementation 

The contract shall be renewed for a second term and shall take effect on 20 February 2026",active,2026-02-20T00:00:00Z,2026-02-20T00:00:00Z,2027-02-19T00:00:00Z,364,379443,RWF
0.releases.3140.contracts.0,0.releases.3140,0,C1014650502026000004,f540d4a0-e984-449a-908f-a067b2f085b1,Event management,No comment,active,2026-01-28T00:00:00Z,2026-01-28T00:00:00Z,2027-01-28T00:00:00Z,365,1298000,RWF
0.releases.3143.contracts.0,0.releases.3143,0,C1020592912022000031,f5e49461-23c4-4714-84a6-9987c7073c3b,"Supplying clean water on 139.959km in Mukamira ,Rurembo, Karago, Kintobo and Rugera sectors from Mutera source in Nyabihu District ( Phase II)",ok,pending,2023-02-28T00:00:00Z,2023-02-28T00:00:00Z,2026-05-04T00:00:00Z,1161,5577478197,RWF
0.releases.3144.contracts.0,0.releases.3144,0,C1015531632026000008,58ead50d-221a-42ec-bee9-4d8702252cd7,"Provision of hotel services (hiring of conference halls, workshops, trainings, accommodations, restaurants and receptions outside of Kigali (framework contract)",This is a framework contract and services will be provided outside of Kigali.,active,2026-01-28T00:00:00Z,2026-01-28T00:00:00Z,2027-01-28T00:00:00Z,365,7682627,RWF
0.releases.3147.contracts.0,0.releases.3147,0,C1014650502026000017,adb58c63-1722-466b-a33c-899163403be9,Event management,No comment,active,2026-01-28T00:00:00Z,2026-01-28T00:00:00Z,2027-01-28T00:00:00Z,365,30100000,RWF
0.releases.3148.contracts.0,0.releases.3148,0,C1014650502026000010,8df20d6f-94e5-42f7-8735-b1ac1dc30687,Event management,No comment,active,2026-01-28T00:00:00Z,2026-01-28T00:00:00Z,2027-01-28T00:00:00Z,365,37642000,RWF
0.releases.3149.contracts.0,0.releases.3149,0,C1014650502026000020,96b2dce7-3f26-4d62-8a27-9ee729294c0e,Event management,No comment,active,2026-01-28T00:00:00Z,2026-01-28T00:00:00Z,2027-01-28T00:00:00Z,365,215940,RWF
0.releases.3150.contracts.0,0.releases.3150,0,C1014650502026000001,19e19fbe-9c83-40d4-9d9c-941a67998b00,Event management,No comment,active,2026-01-28T00:00:00Z,2026-01-28T00:00:00Z,2027-01-28T00:00:00Z,365,36999999,RWF
0.releases.3151.contracts.0,0.releases.3151,0,C1014650502026000022,fb3e7c31-bbc0-45a2-ac1f-b04897bd22d5,Event management,No comment,active,2026-01-28T00:00:00Z,2026-01-28T00:00:00Z,2027-01-28T00:00:00Z,365,473062,RWF
0.releases.3152.contracts.0,0.releases.3152,0,C1014650502026000015,5ea56cb1-19b4-4296-b1b3-fb3558677d41,Event management,No comment,active,2026-01-28T00:00:00Z,2026-01-28T00:00:00Z,2027-01-28T00:00:00Z,365,10708800,RWF
0.releases.3153.contracts.0,0.releases.3153,0,C1014650502026000012,18e1a731-df8f-4392-ad82-85dba1fa744e,Event management,No comment,active,2026-01-28T00:00:00Z,2026-01-28T00:00:00Z,2027-01-28T00:00:00Z,365,11609725,RWF
0.releases.3155.contracts.0,0.releases.3155,0,C1014650502026000011,1a6b2b11-03ce-46aa-8a4a-9ebd5364a3b2,Event management,No comment,active,2026-01-28T00:00:00Z,2026-01-28T00:00:00Z,2027-01-28T00:00:00Z,365,19611600,RWF
0.releases.3156.contracts.0,0.releases.3156,0,C1014650502026000009,99f4025a-08f8-423b-bc8e-bf9c1a12b894,Event management,No comment,active,2026-01-28T00:00:00Z,2026-01-28T00:00:00Z,2027-01-28T00:00:00Z,365,3658000,RWF
0.releases.3157.contracts.0,0.releases.3157,0,C1014650502026000007,71a6a642-d3e1-4dcd-80d8-4327eac9512f,Event management,No comment,active,2026-01-28T00:00:00Z,2026-01-28T00:00:00Z,2027-01-28T00:00:00Z,365,590000,RWF
0.releases.3158.contracts.0,0.releases.3158,0,C1014650502026000005,d1710369-9317-48a4-b238-171e15e174ac,Event management,No comment,active,2026-01-28T00:00:00Z,2026-01-28T00:00:00Z,2027-01-28T00:00:00Z,365,649000,RWF
0.releases.3159.contracts.0,0.releases.3159,0,C1014650502026000008,07f6807e-f7cf-4747-a08e-c98465c4486a,Event management,No comment,active,2026-01-28T00:00:00Z,2026-01-28T00:00:00Z,2027-01-28T00:00:00Z,365,6254000,RWF
0.releases.3160.contracts.0,0.releases.3160,0,C1014650502026000023,88d12584-7bee-4e15-8505-c94bcbafed4c,Event management,No comment,active,2026-01-28T00:00:00Z,2026-01-28T00:00:00Z,2027-01-28T00:00:00Z,365,129746840,RWF
0.releases.3161.contracts.0,0.releases.3161,0,C1014650502026000018,62aeac55-84b2-4804-bbe2-05511b8fd391,Event management,No comment,active,2026-01-28T00:00:00Z,2026-01-28T00:00:00Z,2027-01-28T00:00:00Z,365,33312580,RWF
0.releases.3162.contracts.0,0.releases.3162,0,C1014650502026000016,ae06776a-829b-42a6-a0cc-c826b7acb673,Event management,Okay,active,2026-01-28T00:00:00Z,2026-01-28T00:00:00Z,2027-01-28T00:00:00Z,365,18054000,RWF
0.releases.3163.contracts.0,0.releases.3163,0,C1014650502026000006,3d7b7570-0503-4a40-910e-1a54a64b544b,Event management,No comment,active,2026-01-28T00:00:00Z,2026-01-28T00:00:00Z,2027-01-28T00:00:00Z,365,578200,RWF
0.releases.3166.contracts.0,0.releases.3166,0,C1015531632026000007,a364bacc-f273-49a9-b899-035788a05317,"Provision of hotel services (hiring of conference halls, workshops, trainings, accommodations, restaurants and receptions outside of Kigali (framework contract)",This is a framework contract and services will be provided outside of Kigali.,active,2026-01-28T00:00:00Z,2026-01-28T00:00:00Z,2027-01-28T00:00:00Z,365,6136151,RWF
0.releases.3176.contracts.0,0.releases.3176,0,C1018681372026000001,01037c83-3ff6-4e79-8905-f90988b02725,Supply of asset transfer (ToolKits) under Framework contract.,"Contract duration: 12 months which can be renewed Once.
Period of time of supply: 45 days after receiving a purchase order (Supply per purchase order).",active,2026-01-28T00:00:00Z,2026-01-28T00:00:00Z,2027-01-28T00:00:00Z,365,2093378,RWF
0.releases.3177.contracts.0,0.releases.3177,0,C1026431582025000008,5e898c4f-fcb9-44f7-a098-f5e9686f5608,Acquisition of Hotel services,Framework Contract awarded for One Year.,active,2026-01-28T00:00:00Z,2026-01-28T00:00:00Z,2027-01-28T00:00:00Z,365,4992650,RWF
0.releases.3179.contracts.0,0.releases.3179,0,C1008344452026000001,,SUPPLY OF ICT EQUIPMENT,"The contract for Supply of ICT EQUIPMENT is in unity price under Framework agreement
The contract duration is one year and may be renewed depending on satisfactory performance of the Supplier.
Delivery will depend on purchase order sent by purchaser and Delivery period is Five (5) days after reception of purchase order 
The performance security is not required; the supplier submit the performance securing declaration commitment
",active,2026-01-28T00:00:00Z,2026-01-28T00:00:00Z,2027-01-28T00:00:00Z,365,9151018,RWF
0.releases.3180.contracts.0,0.releases.3180,0,C1016289962026000001,94baf397-1e51-43b7-a5eb-6145de22a521,Supply and installation of spare parts for maintenance of Kaduha Hospital Vehicles & Motorcycles,This contract is signed for one year renewable twice upon satisfactorily performance,active,2026-01-28T00:00:00Z,2026-01-28T00:00:00Z,2027-01-28T00:00:00Z,365,40136165,RWF
0.releases.3181.contracts.0,0.releases.3181,0,C1026431582026000001,7e25af93-96e2-4366-a1df-bde7575d3708,Acquisition of Survey to Go questionnaires ,,active,2026-01-28T00:00:00Z,2026-01-28T00:00:00Z,2027-01-28T00:00:00Z,365,782,RWF
0.releases.3182.contracts.0,0.releases.3182,0,C1026431582025000024,8e3cfe62-30f8-4490-a651-608d43ffc9f6,Acquisition of Hotel services,Framework Contract Awarded for One Year ,active,2026-01-28T00:00:00Z,2026-01-28T00:00:00Z,2027-01-28T00:00:00Z,365,5053045,RWF
0.releases.3183.contracts.0,0.releases.3183,0,C1026431582025000013,533dcf98-b036-4374-908f-661d76c9a851,Acquisition of Hotel services,,active,2026-01-28T00:00:00Z,2026-01-28T00:00:00Z,2027-01-28T00:00:00Z,365,2545690,RWF
0.releases.3185.contracts.0,0.releases.3185,0,C1026431582025000017,d4d0255b-ac19-4a54-a72b-dfc7ba202924,Acquisition of Hotel services,Framework Contract Awarded for One Year,active,2026-01-28T00:00:00Z,2026-01-28T00:00:00Z,2027-01-28T00:00:00Z,365,5294300,RWF
0.releases.3186.contracts.0,0.releases.3186,0,C1026431582025000020,57e4c12d-3b28-4aae-8d29-46b91588c6ab,Acquisition of Hotel services,,active,2026-01-28T00:00:00Z,2026-01-28T00:00:00Z,2027-01-28T00:00:00Z,365,2772991,RWF
0.releases.3188.contracts.0,0.releases.3188,0,C1026431582025000030,3369ef40-d650-4ed3-b74b-04c5fa683851,Acquisition of Hotel services,Framework Contract Awarded for One Year. ,active,2026-01-28T00:00:00Z,2026-01-28T00:00:00Z,2027-01-28T00:00:00Z,365,5064260,RWF
0.releases.3189.contracts.0,0.releases.3189,0,C1133460762024000005,c4c649d3-9dd1-4721-9e9c-10a1b02b7d4f,Provision of 3 stars Hotel services for RTB staff in Kigali City and Provinces.,,active,2025-01-25T00:00:00Z,2026-01-25T00:00:00Z,2027-01-24T00:00:00Z,364,1093002,RWF
0.releases.3217.contracts.0,0.releases.3217,0,C1071118822025000007,3936f721-7f05-48e2-9e98-70f8a759cf70,"Framework agreement for Unified Hosting, Cloud Services and Software as Service on behalf of Government Institutions ( New packages)",Amendment No. 2 regarding the renewal of one year. All other terms and conditions of the original contract and its  amendments remain unchanged.,active,2025-02-12T00:00:00Z,2025-02-12T00:00:00Z,2027-02-11T00:00:00Z,729,119118087,RWF
0.releases.3225.contracts.0,0.releases.3225,0,C1001007492026000003,e81915e7-c8d4-47b4-8217-241b22428694,"Provision of sports and recreation services (Kigali city, Nyagatare,Huye&Rubavu Districts","CONTRACT FOR PROVISION OF SPORTS SERVICES AND RECREATION FACILITIES IN HUYE TOWN (LOT 2)
This contract is concluded for a period of one (1) year that may be renewable, unless terminated earlier or extended by agreement of the parties in an executed addendum to this contract. ",active,2026-01-28T00:00:00Z,2026-01-28T00:00:00Z,2027-01-28T00:00:00Z,365,30000,RWF
0.releases.3226.contracts.0,0.releases.3226,0,C1001007492026000004,7af4db0b-31e1-4664-a4cd-06f80a468095,"Provision of sports and recreation services (Kigali city, Nyagatare,Huye&Rubavu Districts","CONTRACT FOR PROVISION OF SPORTS SERVICES AND RECREATION FACILITIES IN NYAGATARE TOWN (LOT 3)
The Services subject to this contract shall be performed at the Service ‘Provider premises located at CROSS BORDER GYM and DIPLOMAT HOTEL in NYAGATARE District. ",active,2026-01-28T00:00:00Z,2026-01-28T00:00:00Z,2027-01-28T00:00:00Z,365,30000,RWF
0.releases.3230.contracts.0,0.releases.3230,0,C1020603672026000003,,Construction of 6 Girls room- installation of 21 rainwater tanks and Construction of 38 toilet cabins for different schools in Nyamagabe Distrct,"This contract has a period of 3  Months starting from the date of signing by both parties
The commencement of works will depend on the service order.
The payment shall be made within 45 days following receipt of a complete invoice and Payment will be as follows.
Payment will be based on progress of works, but every invoice should not be bellow 20% of the construction works except the last Invoice which will be paid after provisional acceptance of works.

Note: The invoices shall be approved by Project Manager ",pending,2026-01-27T00:00:00Z,2026-01-27T00:00:00Z,2026-04-26T00:00:00Z,89,230317344,RWF
0.releases.3231.contracts.0,0.releases.3231,0,C1020603672026000002,494436cf-aa16-41a7-b209-8e4452193b8b,Rehabilitation of Teachers Hostel,"This contract has a duration of 4 months.
The commencement of works will depend on the service order.
The payment shall be made within 45 days following receipt of a complete invoice and Payment will be as follows.
Payment will be based on progress of works, but every invoice should not be bellow 20% of the construction works except the last Invoice which will be paid after Submission of Final report.

Note: The invoices shall be approved by Project Manager ",active,2026-01-28T00:00:00Z,2026-01-28T00:00:00Z,2026-05-28T00:00:00Z,120,24396370,RWF
0.releases.3232.contracts.0,0.releases.3232,0,C1020603672025000002,672fbd0f-d1ef-411f-8070-8bd26cc2eb65,Protection of radical terraces by grasses(Ha),"This contract has been extended a period of 1year. 
This contract will be executed by purchase order.
	PAYMENT MODALITIES

1)	1st installment 50% (after supply and planting), 
2)	2nd installment 15% (after 1st beating up/ replacement and average surviving rate of 85%), 
3)	3rd installment 15% (after 2nd beating up/ replacement and average surviving rate of 85%) and
4)	4th installment 20% (after final handover and with surviving rate of 100% and average 1m).

The Performance security will be:
-10% of any purchase order issued and received by the supplier that are between 20,000,000rwf and 50,000,000rwf and 7% of any purchase order issued and received by the supplier that are between 50,000,000rwf and 100,000,000rw

-   The supplier has 45 days to deliver goods and to finish work from the date of receiving the purchase order by supplier.",active,2026-01-30T00:00:00Z,2026-01-30T00:00:00Z,2027-01-29T00:00:00Z,364,44002200,RWF
0.releases.3233.contracts.0,0.releases.3233,0,C1020603672025000001,18b21a3a-a1af-4c5a-b1f2-8bf5e546e4d4,Protection of radical terraces by Agroforestry trees/shrubs(1500 trees/shrubs/ha ) in Ha,"This contract has been extended a period of 1 year. 
This contract will be executed by purchase order.
	PAYMENT MODALITIES

1)	1st installment 50% (after supply and planting), 
2)	2nd installment 15% (after 1st beating up/ replacement and average surviving rate of 85%), 
3)	3rd installment 15% (after 2nd beating up/ replacement and average surviving rate of 85%) and
4)	4th installment 20% (after final handover and with surviving rate of 100% and a minimum 1m Height for trees and 2.5m for shurbs).

The Performance security will be:
-10% of any purchase order issued and received by the supplier that are between 20,000,000rwf and 50,000,000rwf and 7% of any purchase order issued and received by the supplier that are between 50,000,000rwf and 100,000,000rw

-   The supplier has 45 days to deliver and to plant Agroforestry trees/shrubs from the date of receiving the purchase order by supplier.
- iyi contract kuri unit price ingana na 70.55Frw kuberako system idafata amafaranga y'ibice twagize unit price ingana na 70Frw ariko Project Manager najya gukora Purchase order agomba gukoresha unit price ingana na 70.55Frw nkuko rwiyemezamirimo yayatsindiyeho",active,2026-02-01T00:00:00Z,2026-02-01T00:00:00Z,2027-01-31T00:00:00Z,364,31500000,RWF
0.releases.3234.contracts.0,0.releases.3234,0,C1013980242026000001,b3011b00-d255-4b28-a08e-4b2cdf40fce6,"Tender for Non medical equipment maintenance and Supply (Incinerator, Groupe electrogene, Loundry machine,Morgue frigo,etc...)",,active,2026-01-21T00:00:00Z,2026-01-21T00:00:00Z,2027-01-21T00:00:00Z,365,369930,RWF
0.releases.3238.contracts.0,0.releases.3238,0,C1078616252025000006,f42eadac-8c8a-4a2b-93db-17fc1fde344b,Provision service of codification for RFI equipment,"The services requested will be delivered within ninety (30) calendar days from the reception of purchase order.
Determination of the value of the performance security will be required if the purchase order is greater than twenty million (20,000,000 Frw) with the following percentages: 5% of the value of the contract whose value exceed FRW 500,000,000; 6% of the contract price whose value between FRW 100,000,000 FRW to FRW 500,000,000; 7% of the contract price whose value is between FRW 50,000,000 to FRW 100,000,000 and 10% per cent of the contract price whose value is between FRW 20,000,000 to FRW 50,000,000. 
However, the contractor shall submit the performance declaration commitment letter that will be used during the implementation of work while the purchase order is less than twenty million Rwandan Francs. ",active,2025-01-30T00:00:00Z,2025-01-30T00:00:00Z,2027-01-29T00:00:00Z,729,47996500,RWF
0.releases.3241.contracts.0,0.releases.3241,0,C1006005702026000001,647a8747-53f1-44aa-a019-196a3b2aa8dd,Supply and installation of office chairs to RRA (Framework contract). ,Contract for Supply and installation of office chairs to RRA (Framework contract). ,pending,2026-01-22T00:00:00Z,2026-01-22T00:00:00Z,2027-01-19T00:00:00Z,362,12008565,RWF
0.releases.3242.contracts.0,0.releases.3242,0,C1071118822024000027,e7f6fed8-f4a0-4786-beee-792bea6a8ca7,Tender for  acquisition of common required licenses ( Centralized),"Amendment No. 2  regarding the following:

1. VAT Compliance Update 

This amendment pertains to Law No. 009/2025 (effective May 27, 2025), which revises Law No. 049/2023 on Value Added Tax (VAT). The updated legislation amends Article One by removing the VAT exemptions previously granted under items (q) and (r) of Article 8.

As RISA (the central purchasing body for ICT equipment/services) had entered into supplier contracts under the former VAT-exempt framework, this amendment introduces an 18% VAT on all ICT equipment and services to align with the new legal requirements. All other terms and conditions of the original contract remain unchanged.

2. Renewal of one year",pending,2024-07-22T00:00:00Z,2024-07-22T00:00:00Z,2026-07-21T00:00:00Z,729,178933548,RWF
0.releases.3243.contracts.0,0.releases.3243,0,C1006003912026000005,4ca1e284-5711-478e-bc85-c0a8d028ef80,Supply of Cleaning& Hygiene materials,"-As Performance Security, the supplier will be requested to provide the performance securing declaration in place of the performance security stating that this contract will be well executed as stipulated in contract terms. 
However, a performance security will be requested for each purchase order exceeding 20,000,000 Frw.
- Delivery of goods will only be done after the receipt of the purchase order and the delivery period will not exceed 30 days after reception of each purchase order.
- The framework contract period is one year which may be renewed upon evaluation of satisfactory performance of the supplier and upon agreement of the two parties.",pending,2026-01-26T00:00:00Z,2026-01-26T00:00:00Z,2027-01-25T00:00:00Z,364,283885,RWF
0.releases.3244.contracts.0,0.releases.3244,0,C1016355022024000002,ecccdced-4c8d-492e-bd24-ccb74c9af588,Cleaning of public spaces in Rubavu city,Contract for cleaning of public spaces in Rubavu city,active,2024-01-25T00:00:00Z,2025-01-26T00:00:00Z,2027-01-25T00:00:00Z,729,309208,RWF
0.releases.3246.contracts.0,0.releases.3246,0,C1016355022024000033,9c4c4c06-8b9e-4d53-9ea6-e0606438545f,"Banners  T -SHIRT,SINPOST,DEPLIAT AND CURTAINS",Framework agreement.,active,2024-11-11T00:00:00Z,2024-11-11T00:00:00Z,2026-11-11T00:00:00Z,730,208388,RWF
0.releases.3247.contracts.0,0.releases.3247,0,C1016582482026000002,,Acquisition of  SOFA  for  the Office  of  the  Parliament of Rwanda,New  Contract  First year  of Implementation,pending,2026-01-28T00:00:00Z,2026-01-28T00:00:00Z,2027-01-27T00:00:00Z,364,1298000,RWF
0.releases.3248.contracts.0,0.releases.3248,0,C1071118822024000027,e7f6fed8-f4a0-4786-beee-792bea6a8ca7,Tender for  acquisition of common required licenses ( Centralized),Amendment No. 2  regarding the  Renewal of one year.Othewr terms and conditrions of the initial contract and its first amendment remain unchanged.,pending,2024-07-22T00:00:00Z,2024-07-22T00:00:00Z,2026-07-21T00:00:00Z,729,178933548,RWF
0.releases.3249.contracts.0,0.releases.3249,0,C1085313022024000004,f95e12bb-10a1-48d3-ab2c-11f3f98d8f43,Sports and recreational facilities and services under framework contract,This is a framework contract.,pending,2024-02-15T00:00:00Z,2024-02-15T00:00:00Z,2027-02-14T00:00:00Z,1095,23600,RWF
0.releases.3251.contracts.0,0.releases.3251,0,C1071118822024000028,e13cff8d-2b5d-48cd-9551-5f95c16019af,Tender for  acquisition of common required licenses ( Centralized),Amendment No. 2  regarding the  Renewal of one year.Other terms and conditrions of the initial contract and its first amendment remain unchanged.,pending,2024-07-22T00:00:00Z,2024-07-22T00:00:00Z,2026-07-21T00:00:00Z,729,177793904,RWF
0.releases.3252.contracts.0,0.releases.3252,0,C1071118822024000029,a9fc926d-4946-4c66-998f-1314dc0966c3,Tender for  acquisition of common required licenses ( Centralized),Amendment No. 2  regarding the  Renewal of one year.Othewr terms and conditrions of the initial contract and its first amendment remain unchanged.,pending,2024-07-22T00:00:00Z,2024-07-22T00:00:00Z,2026-07-21T00:00:00Z,729,71435596,RWF
0.releases.3253.contracts.0,0.releases.3253,0,C1022690082025000017,728d4c81-0921-4014-94b3-d1d9084f4927,Detailed study update and subsequent supervision for construction works of Gicumbi  Meteo  Weather Station,,active,2025-08-11T00:00:00Z,2025-08-20T00:00:00Z,2026-06-19T00:00:00Z,303,12400000,RWF
0.releases.3254.contracts.0,0.releases.3254,0,C1022690082024000040,d5739847-6f1c-4fff-ada2-0234131be65d,Design and supervision services for the rehabilitation of NISR Old Buildings and setting up of outdoor tents,The purpose of this amendment is to extend the contract duration equivalent to Seven (7) months starting from 23/10/2025. The Consultant is requested to update a performance security to cover extended period ,active,2025-04-22T00:00:00Z,2025-10-23T00:00:00Z,2026-05-22T00:00:00Z,211,20239360,RWF
0.releases.3258.contracts.0,0.releases.3258,0,C1017344602026000004,22167d89-9e20-47c9-b86e-f7d34ce60082,Annual framework tender for management of Ngoma  cementery,OK,pending,2026-01-28T00:00:00Z,2026-01-28T00:00:00Z,2029-01-27T00:00:00Z,1095,1234268,RWF
0.releases.3259.contracts.0,0.releases.3259,0,C1014060982025000022,1a33c569-c85f-471d-bcca-7a1468551064,Full feasibility study for rehabilitation works of Miyove Health Center in Gicumbi District,contract extension period of two months,active,2025-10-28T00:00:00Z,2025-10-28T00:00:00Z,2026-03-27T00:00:00Z,150,8565000,RWF
0.releases.3265.contracts.0,0.releases.3265,0,C1006003752024000003,c505b4d8-c6b5-4dd2-a372-afc3c358ecb4,Provision service of toxic waste management under framework contract,"
This contract will be renewed for a period of one year effective from 13/02/2026 up to 12/02/2027.",pending,2024-02-14T00:00:00Z,2024-02-14T00:00:00Z,2026-02-13T00:00:00Z,730,3501,RWF
0.releases.3266.contracts.0,0.releases.3266,0,C1033694802024000008,8ae1953a-6e55-4599-abd5-ea41228b1de3,SUPPLY AND INSTALLATION OF CABLING MATERIALS (FRAMEWORK CONTRACT,This is the first renewal of framework contract for supply and installation of cabling materials to UR Campuses for a period of one (1) year effective from 30/01/2025.,active,2026-01-30T00:00:00Z,2026-01-30T00:00:00Z,2027-01-29T00:00:00Z,364,5903480,RWF
0.releases.3270.contracts.0,0.releases.3270,0,C1013307382026000010,06b2d6db-3ff7-4d15-9e84-befdfff8d121,Provision of Sports Services to the CoK staff,,active,2026-01-27T00:00:00Z,2026-01-27T00:00:00Z,2027-01-27T00:00:00Z,365,17700,RWF
0.releases.3273.contracts.0,0.releases.3273,0,C1033726202023000062,ee7153b3-22eb-437f-a408-70d20d2d993f,"Design, Supply, and Installation of low voltage and medium voltage lines and service connections in other Sectors in  Rusizi District","This contract is related to the Design, Supply, and Installation of low voltage and medium voltage lines and service connections in Gashonga, Nyakarenzo, Mururu, Nkungu, Kamembe, Gihundwe, Giheke, Nkanka and Nkombo Sectors (Rusizi District)",pending,2023-10-26T00:00:00Z,2023-11-25T00:00:00Z,2026-05-05T00:00:00Z,892,5019498.54,USD
0.releases.3276.contracts.0,0.releases.3276,0,C1033726202023000063,27719d7c-ab3d-4619-b455-5290919c8dda,"Design, Supply, and Installation of low voltage and medium voltage lines and service connections in Sectors of  Rusizi District","This contract is related to the Design, Supply, and Installation of low voltage and medium voltage lines and service connections in Bugarama, Nzahaha, Rwimbogo, Muganza, Gikundamvura, Gitambi, Nyakabuye, Bweyeye, Butare Sectors (Rusizi District). This amendement is related to the contract time extension from 26th December 2025 to 05th May 2026.",pending,2023-10-26T00:00:00Z,2023-11-25T00:00:00Z,2026-05-05T00:00:00Z,892,4177450,USD
0.releases.3277.contracts.0,0.releases.3277,0,C1014745142024000049,2fa079ad-9213-411e-8049-beb692ac289f,Supply of cement on framework contract,,pending,2025-02-04T00:00:00Z,2025-02-04T00:00:00Z,2027-02-03T00:00:00Z,729,403936,RWF
0.releases.3290.contracts.0,0.releases.3290,0,C1013389972025000005,f692898a-f877-4849-9225-41eb6b685f2e,Provisional of media services to Bugesera District,,pending,2025-01-30T00:00:00Z,2025-01-30T00:00:00Z,2026-01-30T00:00:00Z,365,2466200,RWF
0.releases.3291.contracts.0,0.releases.3291,0,C1013389972025000006,684886d1-d515-47db-a804-cc510e753c96,Provisional of media services to Bugesera District,,pending,2025-01-30T00:00:00Z,2025-01-30T00:00:00Z,2027-01-29T00:00:00Z,729,1478540,RWF
0.releases.3294.contracts.0,0.releases.3294,0,C1022798862024000002,9a6afaf1-00c7-4ef4-a55a-ad68a6876687,Supply of food for TSS under Framework Contract,"1.Contract is based per unit Price 
2.Reference made to Ministerial Order n° 001/23/10/ TC of 10/10/2023 establishing regulations governing public Procurement, article 109,Paragraph 5 ,where stated that For a framework agreement, the procuring entity requires the performance security 
per each purchase order exceeding FRW 20,000,000,it means that Performance security it will be required to the purchase order exceed or equal to that amount .",pending,2026-01-29T00:00:00Z,2026-01-31T00:00:00Z,2027-01-30T00:00:00Z,364,31099,RWF
0.releases.3305.contracts.0,0.releases.3305,0,C1018957122024000001,071e3595-bc95-4fe6-a7a0-9a3bdacdbc61,Provision of Sport Facilities,"Renewal of the existing contract:
1. The initial contract is renewed for a period of one (1) year starting from 03/02/2026 to 02/02/2027. This renewal agreement shall take effects on the date of signature by both Parties

2:Bank details in this amendment is remain unchanged as follow :
a. Account Number :7025273
b. Account Holder: pro fitness club limited
c. Bank Name: ZIGAMA CSS

",pending,2026-02-03T00:00:00Z,2026-02-03T00:00:00Z,2027-02-02T00:00:00Z,364,51200,RWF
0.releases.3306.contracts.0,0.releases.3306,0,C1018957122024000001,071e3595-bc95-4fe6-a7a0-9a3bdacdbc61,Provision of Sport Facilities,"Renewal of the existing contract:
1. The initial contract is renewed for a period of one (1) year starting from 03/02/2026 to 02/02/2027. This renewal agreement shall take effects on the date of signature by both Parties

2:Bank details in this amendment is remain unchanged as follow :
a. Account Number :7025273
b. Account Holder: pro fitness club limited
c. Bank Name: ZIGAMA CSS

",pending,2026-02-03T00:00:00Z,2026-02-03T00:00:00Z,2027-02-02T00:00:00Z,364,51200,RWF
0.releases.3307.contracts.0,0.releases.3307,0,C1001007492025000028,1c9eb230-c587-4bd5-97e5-cd8eb91b8e33,Provision of sports and recreation services,"Article 9: Contract Price 

The contract price for this tender Lot 3 is Rwandan Francs Four Million Seven Hundred Twenty (Rwf 4,720,000) per year inclusive of taxes for the provision of the football ground 


Article 10: Billing and Payment modalities

(a)	The Service Provider shall be paid twice a year where by the 1st invoice shall be submitted within the first six months after signing the contract and the 2nd invoice shall be submitted during the last six months of the contract  upon presentation of service delivered approval by the Client of an EBM invoice not later than 30 days. ",active,2026-01-27T00:00:00Z,2026-01-27T00:00:00Z,2027-01-27T00:00:00Z,365,4720000,RWF
0.releases.3311.contracts.0,0.releases.3311,0,C1033694802024000002,99ce47e5-a4a7-4d05-9c81-852272537fd7,"Supply of Laboratory reagents, consumables and accessories for UR CMHS","This is the last renewal of Framework Contract for Supply of Laboratory reagents, consumables and accessories for UR CMHS, LOT6: SUPPLY OF NUTRITION AND DIETETICS CONSUMABLES AND MATERIALS. The renewal period is one year effective from 31/01/2026.

The Supplier shall provide the performance security per each Purchase Order exceeding 20,000,000Rwf. The percentage of the Performance Security to be provided shall be determined depending on the value of the Purchase Order.",pending,2026-01-31T00:00:00Z,2026-01-31T00:00:00Z,2027-01-30T00:00:00Z,364,29514000,RWF
0.releases.3312.contracts.0,0.releases.3312,0,C1008340952026000003,188d1538-d974-4c19-8788-4fec71206e59,Purchase of chairs and other non medical equipment,Purchase of chairs and other non medical equipment,active,2026-01-28T00:00:00Z,2026-01-28T00:00:00Z,2027-01-28T00:00:00Z,365,14758260,RWF
0.releases.3313.contracts.0,0.releases.3313,0,C1008340952026000002,d4077af3-6658-41a2-bc4f-2500d0e6d447,"Decoration and sonolisation services (location chairs,tents, Cameras).","Decoration and sonolisation services (location chairs,tents, Cameras).",active,2026-01-28T00:00:00Z,2026-01-28T00:00:00Z,2027-01-28T00:00:00Z,365,2384715,RWF
0.releases.3315.contracts.0,0.releases.3315,0,C1008340952026000004,8d440466-b179-4ac7-aa54-5096135ca926,"Rehabilitation  and maintenance of hospital's damaged walls  (rigolet, current kitchen ,parking  , Hangar, windows, doors, mortuary , toilet  and other ground)","Rehabilitation  and maintenance of hospital's damaged walls  (rigolet, current kitchen ,parking  , Hangar, windows, doors, mortuary , toilet  and other ground)",active,2026-01-28T00:00:00Z,2026-01-28T00:00:00Z,2027-01-28T00:00:00Z,365,7368769,RWF
0.releases.3321.contracts.0,0.releases.3321,0,C1018884712025000007,a52e3402-c6d8-48c0-baf0-3ea9b60db9dc,Supply of Electrical Equipment,The Contract Manager has been changed due to availability of new electrician,pending,2025-01-21T00:00:00Z,2025-01-21T00:00:00Z,2026-01-21T00:00:00Z,365,746156,RWF
0.releases.3322.contracts.0,0.releases.3322,0,C1006002602025000007,fd0c41e3-b18a-42f4-ac5a-cee479114a31,Establishment of Framework agreement for Supply of  laboratory reagents and consumables ,"The Supplier will submit the performance security per each purchase order exceeding FRW20,000,000 and the amount of the performance security may be a percentage of the purchase order value as provided for in the Ministerial Order establishing regulations governing public procurement in place. However, when the purchase order value does not exceed FRW 20,000,000, the Supplier will submit the performance security declaration.",pending,2025-02-17T00:00:00Z,2026-02-17T00:00:00Z,2027-02-16T00:00:00Z,364,81700,RWF
0.releases.3332.contracts.0,0.releases.3332,0,C1085313022024000002,9e703075-af27-4df8-ad33-8b43c70d6e46,Sports and recreational facilities and services under framework contract,"This is a framework contract. The services included in the day drop in price (8000rwf/Day/Person), are all services:

- Access to both gym location
- Access to all classes ( Yoga, Cardio strength, Aerobic, Zumba, Hit circuit,  Dance class, Spinning Bike....)
- Access to swimming pool and Sauna",pending,2024-02-15T00:00:00Z,2024-02-15T00:00:00Z,2027-02-14T00:00:00Z,1095,8002,RWF
0.releases.3333.contracts.0,0.releases.3333,0,C1006002602025000034,27f27faf-5934-49cf-bea4-3a2607e84833,Establishment of Framework agreement for Supply of  laboratory reagents and consumables ,"The Supplier will submit the performance security per each purchase order exceeding FRW20,000,000 and the amount of the performance security may be a percentage of the purchase order value as provided for in the Ministerial Order establishing regulations governing public procurement in place. However, when the purchase order value does not exceed FRW 20,000,000, the Supplier will submit the performance security declaration.

",pending,2025-03-18T00:00:00Z,2026-03-18T00:00:00Z,2027-03-17T00:00:00Z,364,13124710,RWF
0.releases.3336.contracts.0,0.releases.3336,0,C1006002602025000004,4832786c-2025-432b-9cf6-f5868c147095,Establishment of Framework agreement for Supply of  laboratory reagents and consumables ,"The Supplier will submit the performance security per each purchase order exceeding FRW20,000,000 and the amount of the performance security may be a percentage of the purchase order value as provided for in the Ministerial Order establishing regulations governing public procurement in place. However, when the purchase order value does not exceed FRW 20,000,000, the Supplier will submit the performance security declaration.",pending,2025-02-17T00:00:00Z,2026-02-17T00:00:00Z,2027-02-16T00:00:00Z,364,1736280,RWF
0.releases.3337.contracts.0,0.releases.3337,0,C1015351992023000012,905a8c74-e551-42bb-96c7-60d780f2ead4,Provision of Security services at Nemba Hospital,,active,2025-01-10T00:00:00Z,2025-01-10T00:00:00Z,2026-01-09T00:00:00Z,364,180000,RWF
0.releases.3355.contracts.0,0.releases.3355,0,C1013364812026000005,,Consultancy services for supervision of Construction of Gitanda health center,"Consultancy services for supervision of Construction of Gitanda health center

i.	No advance payment shall be processed to the consultancy firm.
ii.	Payment shall  be made progressively to the percentage of progress of works done and certified and accepted by the client.
iii.	All payments will be made within forty-five (45) days after receipt and approval of the consultant’s invoice and shall be paid to the account of one of members of Joint Venture as follow:

Account Holder:   UNITED CONTRACTORS Ltd

Account number: 4005200795170

Bank Name: EQUITY BANK
",active,2026-01-29T00:00:00Z,2026-01-29T00:00:00Z,2027-02-28T00:00:00Z,395,81999970,RWF
0.releases.3356.contracts.0,0.releases.3356,0,C1013364812026000005,,Consultancy services for supervision of Construction of Gitanda health center,"Consultancy services for supervision of Construction of Gitanda health center

i.	No advance payment shall be processed to the consultancy firm.
ii.	Payment shall  be made progressively to the percentage of progress of works done and certified and accepted by the client.
iii.	All payments will be made within forty-five (45) days after receipt and approval of the consultant’s invoice and shall be paid to the account of one of members of Joint Venture as follow:

Account Holder:   UNITED CONTRACTORS Ltd

Account number: 4005200795170

Bank Name: EQUITY BANK
",active,2026-01-29T00:00:00Z,2026-01-29T00:00:00Z,2027-02-28T00:00:00Z,395,81999970,RWF
0.releases.3357.contracts.0,0.releases.3357,0,C1025683162025000008,3227a7c7-494f-4ef4-a0f4-21df459660c5,Tender for provision vehicle insurance service,"The contract period is one year renewal up on the performance
The performance guarantee of each purchase order will be provided as following: 
(a) 5% of the value of the purchase order exceed FRW 500,000,000;
(b) 6% of the value of the purchase order is between FRW 100,000,000 FRW to 
FRW 500,000,000;
(c) 7% of the value of the purchase order is between FRW 50,000,000 to FRW 
100,000,000
(d) 10% of the value of the purchase order is between FRW 20,000,000 to FRW 50,000,000.",pending,2025-06-10T00:00:00Z,2025-06-10T00:00:00Z,2026-06-10T00:00:00Z,365,375389580,RWF
0.releases.3360.contracts.0,0.releases.3360,0,C1018884712025000007,a52e3402-c6d8-48c0-baf0-3ea9b60db9dc,Supply of Electrical Equipment,The Contract Manager has been changed due to availability of new electrician,active,2025-01-21T00:00:00Z,2025-01-21T00:00:00Z,2026-01-21T00:00:00Z,365,746156,RWF
0.releases.3361.contracts.0,0.releases.3361,0,C1033694802025000005,053d09d4-48da-4f9f-b9f8-7b3676e2ce6a,"Subscription on TVs, News papers and Radios to UR","This is the first renewal of framework Contract for Subscription on TVs, News papers and Radios to UR, Lot 3: Newspapers. the renewal period is one year effective from 29/01/2026.",pending,2026-01-29T00:00:00Z,2026-01-29T00:00:00Z,2027-01-28T00:00:00Z,364,11976975,RWF
0.releases.3362.contracts.0,0.releases.3362,0,C1085313022024000001,113f1c27-51c8-4a96-8116-8fc7c09bdd96,Sports and recreational facilities and services under framework contract,This is a framework contract.,pending,2024-02-15T00:00:00Z,2024-02-15T00:00:00Z,2027-02-14T00:00:00Z,1095,29000,RWF
0.releases.3363.contracts.0,0.releases.3363,0,C1085313022024000001,113f1c27-51c8-4a96-8116-8fc7c09bdd96,Sports and recreational facilities and services under framework contract,This is a framework contract.,pending,2024-02-15T00:00:00Z,2024-02-15T00:00:00Z,2027-02-14T00:00:00Z,1095,29000,RWF
0.releases.3368.contracts.0,0.releases.3368,0,C1014578072024000004,c8d0c20e-1a44-4e4e-bd3e-1c47a9c66bd4,Provision of refreshments to RPPA staff and RPPA guests,ok,pending,2026-02-02T00:00:00Z,2026-02-02T00:00:00Z,2027-02-01T00:00:00Z,364,24000,RWF
0.releases.3369.contracts.0,0.releases.3369,0,C1014354632025000019,0f56f2c5-4ff5-40cd-a6b6-3636da2ba8e8,Supply of   materials used in construction of classroom and retaining wall ( 7LOTS) under framework contract,,pending,2025-09-05T00:00:00Z,2025-09-05T00:00:00Z,2026-09-05T00:00:00Z,365,198594,RWF
0.releases.3370.contracts.0,0.releases.3370,0,C1014354632025000020,a244f362-fd09-47d1-ac4c-ec6a10eb0baa,Supply of   materials used in construction of classroom and retaining wall ( 7LOTS) under framework contract,,pending,2025-09-05T00:00:00Z,2025-09-05T00:00:00Z,2026-09-05T00:00:00Z,365,205674,RWF
0.releases.3373.contracts.0,0.releases.3373,0,C1017171082025000001,49e85ded-4e96-4a38-9011-441eb1394655,Sports and recreational services,Sports and recreational services,active,2026-01-17T00:00:00Z,2026-01-17T00:00:00Z,2027-01-16T00:00:00Z,364,39884,RWF
0.releases.3378.contracts.0,0.releases.3378,0,C1030122022025000001,653ca920-23bb-4528-93e8-3e2a14fb1be0,Provision of Design and printing services to IPRC Gishari(re advertised),"This contract is under framework 
the price is based on unit price
Delivery period after receiving a purchase order is 7 days",pending,2025-01-30T00:00:00Z,2026-01-31T00:00:00Z,2027-01-30T00:00:00Z,364,1436145,RWF
0.releases.3381.contracts.0,0.releases.3381,0,C1018957122023000028,6522281b-cb0b-4503-a8c1-84b072d2b86d,Maintenance of Lift at Commercial High Court,The initial contract is renewed for a period of one (1) year starting from 12/12/2025 to 11/12/2026. This renewal agreement shall take effects on the date of signature by both Parties.,pending,2025-12-12T00:00:00Z,2025-12-12T00:00:00Z,2026-12-11T00:00:00Z,364,9984570,RWF
0.releases.3387.contracts.0,0.releases.3387,0,C1014650502026000019,ac7b240d-e806-42ab-a176-f123535cc20b,Event management,No comment,pending,2026-01-25T00:00:00Z,2026-01-25T00:00:00Z,2027-01-24T00:00:00Z,364,21296251,RWF
0.releases.3394.contracts.0,0.releases.3394,0,C1014650502026000021,b862f8a5-f0e7-4b85-83b7-0a9504c03ccc,Event management,No comment,pending,2026-01-25T00:00:00Z,2026-01-25T00:00:00Z,2027-01-24T00:00:00Z,364,404740,RWF
0.releases.3397.contracts.0,0.releases.3397,0,C1020002442026000002,99eb782d-16d9-4624-9b2c-613393e3fc98,Provide vaccination and insemination related activities(re-advirtising),contract related to Provide vaccination and insemination related activities,pending,2026-01-27T00:00:00Z,2026-01-27T00:00:00Z,2027-01-26T00:00:00Z,364,7928,RWF
0.releases.3406.contracts.0,0.releases.3406,0,C1022798862026000001,b4172584-2bfd-42b0-a8cf-6c7718be6a65,Provision of garage services for RP Karongi College Vehicles under framework Contract,This Contract is based per unit price.,active,2026-01-26T00:00:00Z,2026-01-26T00:00:00Z,2027-01-26T00:00:00Z,365,13738976,RWF
0.releases.3418.contracts.0,0.releases.3418,0,C1021908132026000001,,Provision of vehicle spare parts,A framework agreement for supply and installation of vehicle spare parts. ,pending,2026-01-28T00:00:00Z,2026-01-28T00:00:00Z,2027-01-25T00:00:00Z,362,1913506,RWF
0.releases.3423.contracts.0,0.releases.3423,0,C1024201942026000009,b6e7d81d-bded-47c3-9dd5-4bb2a2a99be0,Acquisition  of tea break required for the RCS staff,,pending,2026-01-29T00:00:00Z,2026-01-29T00:00:00Z,2027-01-28T00:00:00Z,364,2500,RWF
0.releases.3424.contracts.0,0.releases.3424,0,C1018286012026000004,f96c628e-b61f-487a-9b05-164266b4d661,SPORTS AND RECREATION SERVICES,framework,pending,2026-01-05T00:00:00Z,2026-01-05T00:00:00Z,2027-01-04T00:00:00Z,364,65506,RWF
0.releases.3428.contracts.0,0.releases.3428,0,C1025683162025000008,3227a7c7-494f-4ef4-a0f4-21df459660c5,Tender for provision vehicle insurance service,"The contract period is one year renewal up on the performance
The performance guarantee of each purchase order will be provided as following: 
(a) 5% of the value of the purchase order exceed FRW 500,000,000;
(b) 6% of the value of the purchase order is between FRW 100,000,000 FRW to 
FRW 500,000,000;
(c) 7% of the value of the purchase order is between FRW 50,000,000 to FRW 
100,000,000
(d) 10% of the value of the purchase order is between FRW 20,000,000 to FRW 50,000,000.",pending,2025-06-10T00:00:00Z,2025-06-10T00:00:00Z,2026-06-10T00:00:00Z,365,375389580,RWF
0.releases.3437.contracts.0,0.releases.3437,0,C1014578072024000004,c8d0c20e-1a44-4e4e-bd3e-1c47a9c66bd4,Provision of refreshments to RPPA staff and RPPA guests,ok,pending,2026-02-02T00:00:00Z,2026-02-02T00:00:00Z,2027-02-01T00:00:00Z,364,24000,RWF
0.releases.3442.contracts.0,0.releases.3442,0,C1020002442026000002,99eb782d-16d9-4624-9b2c-613393e3fc98,Provide vaccination and insemination related activities(re-advirtising),contract related to Provide vaccination and insemination related activities,active,2026-01-29T00:00:00Z,2026-01-29T00:00:00Z,2027-01-29T00:00:00Z,365,7928,RWF
0.releases.3460.contracts.0,0.releases.3460,0,C1022690082025000013,ed79fd26-1a16-46b2-9e8a-7d9726f4b57d,Framework contract for regular maintenance of all Government Buildings located countrywide.,"This is a framework contract for maintenance of medical buildings located in Eastern Province. 

It will be executed through the issuance of service/purchase orders by Beneficiary Entities.

The contractor will be required to provide performance security on each service order with value above 20,000,000 Frw.
",active,2025-01-31T00:00:00Z,2026-02-01T00:00:00Z,2027-01-31T00:00:00Z,364,410434711,RWF
0.releases.3461.contracts.0,0.releases.3461,0,C1022690082025000025,74637835-060e-4ce8-9c95-edbb23bf6e10,Framework contract for regular maintenance of all Government Buildings located countrywide.,"This is a framework contract for Maintenance of storied buildings (G+2 and above) located in Eastern Province. 

It will be executed through the issuance of service/purchase orders by Beneficiary Entities.

The contractor will be required to provide performance security on each service order with value above 20,000,000 Frw.
",pending,2025-02-20T00:00:00Z,2026-02-20T00:00:00Z,2027-02-19T00:00:00Z,364,159326699,RWF
0.releases.3467.contracts.0,0.releases.3467,0,C1019320002025000053,a272f8b8-23a5-4091-a23e-f4189d467f52,BF- Feasibility Study of Rehabilitation of Mugombwa Health Center,,active,2025-10-24T00:00:00Z,2025-10-24T00:00:00Z,2026-03-23T00:00:00Z,150,8900000,RWF
0.releases.3469.contracts.0,0.releases.3469,0,C1014354632025000019,0f56f2c5-4ff5-40cd-a6b6-3636da2ba8e8,Supply of   materials used in construction of classroom and retaining wall ( 7LOTS) under framework contract,,active,2025-09-05T00:00:00Z,2025-09-05T00:00:00Z,2026-09-05T00:00:00Z,365,198594,RWF
0.releases.3470.contracts.0,0.releases.3470,0,C1014354632025000020,a244f362-fd09-47d1-ac4c-ec6a10eb0baa,Supply of   materials used in construction of classroom and retaining wall ( 7LOTS) under framework contract,,active,2025-09-05T00:00:00Z,2025-09-05T00:00:00Z,2026-09-05T00:00:00Z,365,205674,RWF
0.releases.3471.contracts.0,0.releases.3471,0,C1014354632025000018,0b8b8de4-40cb-401c-a162-9f8db6894f2a,Supply of   materials used in construction of classroom and retaining wall ( 7LOTS) under framework contract,,active,2025-09-05T00:00:00Z,2025-09-05T00:00:00Z,2026-09-05T00:00:00Z,365,195880,RWF
0.releases.3472.contracts.0,0.releases.3472,0,C1018957122024000001,071e3595-bc95-4fe6-a7a0-9a3bdacdbc61,Provision of Sport Facilities,"Renewal of the existing contract:
1. The initial contract is renewed for a period of one (1) year starting from 03/02/2026 to 02/02/2027. This renewal agreement shall take effects on the date of signature by both Parties

2:Bank details in this amendment is remain unchanged as follow :
a. Account Number :7025273
b. Account Holder: pro fitness club limited
c. Bank Name: ZIGAMA CSS

",active,2026-02-03T00:00:00Z,2026-02-03T00:00:00Z,2027-02-02T00:00:00Z,364,51200,RWF
0.releases.3473.contracts.0,0.releases.3473,0,C1018957122023000028,6522281b-cb0b-4503-a8c1-84b072d2b86d,Maintenance of Lift at Commercial High Court,The initial contract is renewed for a period of one (1) year starting from 12/12/2025 to 11/12/2026. This renewal agreement shall take effects on the date of signature by both Parties.,active,2025-12-12T00:00:00Z,2025-12-12T00:00:00Z,2026-12-11T00:00:00Z,364,9984570,RWF
0.releases.3478.contracts.0,0.releases.3478,0,C1020592912022000031,f5e49461-23c4-4714-84a6-9987c7073c3b,"Supplying clean water on 139.959km in Mukamira ,Rurembo, Karago, Kintobo and Rugera sectors from Mutera source in Nyabihu District ( Phase II)",ok,active,2023-02-28T00:00:00Z,2023-02-28T00:00:00Z,2026-05-04T00:00:00Z,1161,5577478197,RWF
0.releases.3479.contracts.0,0.releases.3479,0,C1025683162026000005,000802a8-d1f6-43cb-9119-462131dded4d,SUPPLY AND INSTALLATION OF ECD EQUIPMENT,,active,2026-01-29T00:00:00Z,2026-01-30T00:00:00Z,2026-05-30T00:00:00Z,120,47000580,RWF
0.releases.3480.contracts.0,0.releases.3480,0,C1025683162026000007,88bec060-c1b2-4263-9c61-9d94ea3b7672,SUPPLY AND INSTALLATION OF ECD EQUIPMENT,"- The contract period is 6 months
- delivery period is 4 months starting from the day of signature in e-procurement system, if the supplier fails to deliver in this period He/ She will be charged the delay penalties if there is no time extension granted",active,2026-01-29T00:00:00Z,2026-01-30T00:00:00Z,2026-07-30T00:00:00Z,181,21647100,RWF
0.releases.3481.contracts.0,0.releases.3481,0,C1025683162026000006,863485f7-3783-413e-835e-c5fcb33d0ff9,SUPPLY AND INSTALLATION OF ECD EQUIPMENT,"- The contract period is 6 months
- delivery period is 4 months starting from the day of signature in e-procurement system, if the supplier fails to deliver in this period He/ She will be charged the delay penalties if there is no time extension granted",active,2026-01-29T00:00:00Z,2026-01-30T00:00:00Z,2026-07-30T00:00:00Z,181,21133800,RWF
0.releases.3482.contracts.0,0.releases.3482,0,C1020432832025000043,cb416e09-3538-4c42-9879-9bb4d595f3ad,Urgent works of rehabilitation /Repair of damaged Road Sections Located on Nkuri- Rurembo- Rwankeri-Kintobo-Nyakiriba-Nyakinama Unpaved District  Road under Design and Build Approach,"The contractor shall provide two (2) separate guarantees:
1.	The Works Performance Security will be in the form of a demand guarantee issued by a recognized bank in the amount(s) of 9% of the Accepted Contract Amount_ and in the same currency (ies) of the Accepted Contract Amount. If the Performance Security is issued by a bank located outside the Employer's Country, the issuing bank shall have a correspondent bank located in the Employer's Country to make it enforceable. 
2.	The Environmental and Social Performance Security will be in the form of a demand guarantee issued by a recognized bank in the amount(s) of 1 % of the Accepted Contract Amount and in the same currency (ies) of the Accepted Contract Amount. If the Performance Security is issued by a bank located outside the Employer’s Country, the issuing bank shall have a correspondent bank located in the Employer's Country to make it enforceable.
",active,2026-01-29T00:00:00Z,2026-01-29T00:00:00Z,2027-04-29T00:00:00Z,455,8067007307,RWF
0.releases.3491.contracts.0,0.releases.3491,0,C1022690082025000014,a0df79ba-e295-48d3-9b25-784a8f89aeb0,Framework contract for regular maintenance of all Government Buildings located countrywide.,"This is a framework contract for maintenance of medical buildings located in Western Province. 

It will be executed through the issuance of service/purchase orders by Beneficiary Entities.

The contractor will be required to provide performance security on each service order with value above 20,000,000 Frw.
",pending,2025-01-29T00:00:00Z,2026-01-29T00:00:00Z,2027-01-28T00:00:00Z,364,410434711,RWF
0.releases.3492.contracts.0,0.releases.3492,0,C1024201942026000009,b6e7d81d-bded-47c3-9dd5-4bb2a2a99be0,Acquisition  of tea break required for the RCS staff,,active,2026-01-29T00:00:00Z,2026-01-29T00:00:00Z,2027-01-29T00:00:00Z,365,2500,RWF
0.releases.3495.contracts.0,0.releases.3495,0,C1197767702024000001,9812a798-282e-43c2-a786-f21e60c4ff8d,Provision of Security Guarding Service to the Residence of the Minister of Interior ,"This is a framework agreement for Security Guarding Service to the Residence of the Minister of Interior which can renewable twice according to the performance of Service Provider.
",active,2024-01-29T00:00:00Z,2026-01-30T00:00:00Z,2027-01-29T00:00:00Z,364,450000,RWF
0.releases.3500.contracts.0,0.releases.3500,0,C1015990942024000002,1b50af0f-c2d5-4407-b5b8-353c613882c9,Purchase of  stationaries and printings for Kibungo referral Hospital,"This is a framework contract renewable twice according to the performance of service provider, the delivery Period s is within fifteen days  From the date  reception of purchase order and the delivery place is Kibungo Referral. The contractual documents attached here with outline the details of this contract agreements. The payment will be done within forty five (45) days from the reception of purchase order

The service Supplier (KIGALI INTER SERVICE Ltd) will provide the performance security  for each purchase order whose value exceed twenty (20,000,000) Million as stated in  Ministerial Order n° 001/23/10/ TC of 10/10/2023 establishing regulations governing public procurement article 109",active,2024-02-16T00:00:00Z,2024-02-16T00:00:00Z,2027-02-15T00:00:00Z,1095,2710922,RWF
0.releases.3501.contracts.0,0.releases.3501,0,C1015990942025000002,655d67c6-f1bd-4cf3-b2bc-8c6e8872ea11,Maintenance of Kibungo referral Hospital Vehicules   and Generator,"This is a framework contract of Maintenance of Kibungo referral Hospital Vehicles   and Generator for a period of one year renewable twice according to the good performance of service provider.The payment will be done within forty five (45) days from the reception of the invoice. The execution of this contract will be based on the purchase order prepared by procuring entity

The service will provide the performance security for each purchase order exceeds Twenty million (20,000,000 frw)",active,2025-01-27T00:00:00Z,2025-01-27T00:00:00Z,2027-01-26T00:00:00Z,729,72043154,RWF
0.releases.3502.contracts.0,0.releases.3502,0,C1033694802025000005,053d09d4-48da-4f9f-b9f8-7b3676e2ce6a,"Subscription on TVs, News papers and Radios to UR","This is the first renewal of framework Contract for Subscription on TVs, News papers and Radios to UR, Lot 3: Newspapers. the renewal period is one year effective from 29/01/2026.",active,2026-01-29T00:00:00Z,2026-01-29T00:00:00Z,2027-01-28T00:00:00Z,364,11976975,RWF
0.releases.3503.contracts.0,0.releases.3503,0,C1033694802024000002,99ce47e5-a4a7-4d05-9c81-852272537fd7,"Supply of Laboratory reagents, consumables and accessories for UR CMHS","This is the last renewal of Framework Contract for Supply of Laboratory reagents, consumables and accessories for UR CMHS, LOT6: SUPPLY OF NUTRITION AND DIETETICS CONSUMABLES AND MATERIALS. The renewal period is one year effective from 31/01/2026.

The Supplier shall provide the performance security per each Purchase Order exceeding 20,000,000Rwf. The percentage of the Performance Security to be provided shall be determined depending on the value of the Purchase Order.",active,2026-01-31T00:00:00Z,2026-01-31T00:00:00Z,2027-01-30T00:00:00Z,364,29514000,RWF
0.releases.3504.contracts.0,0.releases.3504,0,C1020002442025000040,2ce5a275-be06-4f27-88c3-d6492c5cf864,Supply of agroforestry trees and Kakamega to be used in SP-cPW-established progressive terraces in Kirehe District.,This is contract is related to Supply of agroforestry trees and Kakamega to be used in SP-cPW-established progressive terraces in Kirehe District. ,pending,2025-10-03T00:00:00Z,2026-02-04T00:00:00Z,2026-03-03T00:00:00Z,27,8306195,RWF
0.releases.3505.contracts.0,0.releases.3505,0,C1018957122026000001,,Supply and installation of Curtains of HCC Nyanza& Rwamagana,This contract aims at helping the Judiciary get occupied with curtains in different courts of HCC Nyanza and HCC Rwamagana,active,2026-01-29T00:00:00Z,2026-01-29T00:00:00Z,2026-03-29T00:00:00Z,59,76387253,RWF
0.releases.3507.contracts.0,0.releases.3507,0,C1017258792026000001,cb9ca36c-b098-4467-a1c7-c874df241ed2,Construction of Adeper GS Muhoza Bralirwa asphalt road,This contract will be implemented in the period of 2months and 15days ,pending,2026-01-29T00:00:00Z,2026-01-29T00:00:00Z,2026-03-27T00:00:00Z,57,421482386,RWF
0.releases.3510.contracts.0,0.releases.3510,0,C1006003752024000007,9945efee-ba7c-483e-b358-73328dd22cc9,Provision of hotel services in Musanze (framework contracts),"This contract is renewed for a period of 1 year, effective from 18/02/2026 up to 17/02/2027.
",pending,2024-02-19T00:00:00Z,2024-02-19T00:00:00Z,2027-02-18T00:00:00Z,1095,1121004,RWF
0.releases.3511.contracts.0,0.releases.3511,0,C1025683162025000008,3227a7c7-494f-4ef4-a0f4-21df459660c5,Tender for provision vehicle insurance service,"The contract period is one year renewal up on the performance
The performance guarantee of each purchase order will be provided as following: 
(a) 5% of the value of the purchase order exceed FRW 500,000,000;
(b) 6% of the value of the purchase order is between FRW 100,000,000 FRW to 
FRW 500,000,000;
(c) 7% of the value of the purchase order is between FRW 50,000,000 to FRW 
100,000,000
(d) 10% of the value of the purchase order is between FRW 20,000,000 to FRW 50,000,000.",active,2025-06-10T00:00:00Z,2025-06-10T00:00:00Z,2026-06-10T00:00:00Z,365,375389580,RWF
0.releases.3512.contracts.0,0.releases.3512,0,C1015410272026000002,a179ee02-e9a4-4861-9a42-9533ddfb73b0,"purchase materials for hospital infrastructure maintenance and rehabilitation (construction,electrical and plumbing)","Aya masezerano azamara umwaka ushobora kongerwa mugihe hagendewe kuri report ya ender user department (logistic officer) akagaragaza uko rwiyemezamirimo yakoze mugihe cy'umwaka.
agaciro k'isoko kazagendera kuri purchase order kubera rako iyi contract ni frame work.the performance security is not required for this tender,because  all tender tenders whose amount does not exceed RFW 20,000,000 and tenders fromework agreements when the purchase order value does not exceed FRW 20,000,000.however,the successful bidder will submit the perfomance  seccuring declaration.",pending,2026-01-29T00:00:00Z,2026-01-29T00:00:00Z,2027-01-22T00:00:00Z,358,3341364,RWF
0.releases.3520.contracts.0,0.releases.3520,0,C1015531632026000010,874ab154-525e-4d17-858e-bfa88370acdd,"Provision of hotel services (hiring of conference halls, workshops, trainings, accommodations, restaurants and receptions outside of Kigali (framework contract)",This is a framework contract and services will be delivered outside of Kigali,active,2026-01-28T00:00:00Z,2026-01-28T00:00:00Z,2027-01-28T00:00:00Z,365,7565216,RWF
0.releases.3521.contracts.0,0.releases.3521,0,C1015531632026000009,1cd7d9fb-9a34-43a1-86cf-851187abea1c,"Provision of hotel services (hiring of conference halls, workshops, trainings, accommodations, restaurants and receptions outside of Kigali (framework contract)",This is a frame work contract and services will be provided outside of Kigali.,active,2026-01-28T00:00:00Z,2026-01-28T00:00:00Z,2027-01-28T00:00:00Z,365,5566001,RWF
0.releases.3522.contracts.0,0.releases.3522,0,C1020002442025000039,61c25b06-de35-4deb-86b4-0de0f4acd0b7,Supply and installation of Rainwater Harvesting Tanks to different schools of Kirehe District,Supply and installation of Rainwater Harvesting Tanks to different schools of Kirehe District,pending,2026-02-04T00:00:00Z,2026-02-04T00:00:00Z,2026-03-03T00:00:00Z,27,4909895,RWF
0.releases.3523.contracts.0,0.releases.3523,0,C1020432832024000004,d8143108-41c0-4ea7-bfbd-7e514d6495e1,Supervision and Monitoring of Execution of Three Years Maintenance of Kigali-Huye-Akanyaru (157 Km),"The renewal of the initial contract for second year for a period of twelve months. other clauses of initial contract not changed by this renewal remain unchanged, valid and with strict application.",active,2024-01-31T00:00:00Z,2024-01-31T00:00:00Z,2027-01-30T00:00:00Z,1095,113044000,RWF
0.releases.3524.contracts.0,0.releases.3524,0,C1020432832024000004,d8143108-41c0-4ea7-bfbd-7e514d6495e1,Supervision and Monitoring of Execution of Three Years Maintenance of Kigali-Huye-Akanyaru (157 Km),"The renewal of the initial contract for second year for a period of twelve months. other clauses of initial contract not changed by this renewal remain unchanged, valid and with strict application.",active,2024-01-31T00:00:00Z,2024-01-31T00:00:00Z,2027-01-30T00:00:00Z,1095,113044000,RWF
0.releases.3525.contracts.0,0.releases.3525,0,C1006004482025000001,73c9e5c7-ea94-42cd-841a-2c46413a585f,Framework contract for Car Wash services for RURA vehicles for a period of one year renewable twice,This Framework Agreement is for the provision of Car wash Services for RURA Vehicles by ELVIS SUPPLY & SERVICES Ltd in accordance with the provisions of this contract for a period of one year renewable twice subject to Client satisfaction on the services offered by the service provider. ,active,2025-01-27T00:00:00Z,2025-01-27T00:00:00Z,2027-01-26T00:00:00Z,729,25000,RWF
0.releases.3526.contracts.0,0.releases.3526,0,C1085313022024000009,b27ceade-95d8-4307-a5ec-e2261cdb4ef9,Sports and recreational facilities and services under framework contract,This is a framework contract. ,pending,2024-03-01T00:00:00Z,2024-03-01T00:00:00Z,2027-03-01T00:00:00Z,1095,27141,RWF
0.releases.3530.contracts.0,0.releases.3530,0,C1015531632026000003,ec5f2c90-a3fc-4a99-beef-f654c17e7e23,"Provision of hotel services (hiring of conference halls, workshops, trainings, accommodations, restaurants and receptions outside of Kigali (framework contract)",This is a framework contract and services will be provided outside of Kigali,active,2026-01-28T00:00:00Z,2026-01-28T00:00:00Z,2027-01-28T00:00:00Z,365,4622553,RWF
0.releases.3531.contracts.0,0.releases.3531,0,C1030122022025000001,653ca920-23bb-4528-93e8-3e2a14fb1be0,Provision of Design and printing services to IPRC Gishari(re advertised),"This contract is under framework 
the price is based on unit price
Delivery period after receiving a purchase order is 7 days",active,2025-01-30T00:00:00Z,2026-01-31T00:00:00Z,2027-01-30T00:00:00Z,364,1436145,RWF
0.releases.3532.contracts.0,0.releases.3532,0,C1015531632026000004,02c53336-3f27-475d-8016-8e15b6e6f9cb,"Provision of hotel services (hiring of conference halls, workshops, trainings, accommodations, restaurants and receptions outside of Kigali (framework contract)",This is a framework contract and services will be provided outside of Kigali.,active,2026-01-28T00:00:00Z,2026-01-28T00:00:00Z,2027-01-28T00:00:00Z,365,5526122,RWF
0.releases.3533.contracts.0,0.releases.3533,0,C1015531632026000001,570c23a7-a8e8-4cce-84d7-ab881fce65b1,"Provision of hotel services (hiring of conference halls, workshops, trainings, accommodations, restaurants and receptions outside of Kigali (framework contract)",This is a framework contract and services will be provided outside of Kigali,active,2026-01-28T00:00:00Z,2026-01-28T00:00:00Z,2027-01-28T00:00:00Z,365,6186000,RWF
0.releases.3534.contracts.0,0.releases.3534,0,C1015531632026000005,2bf069f9-427b-4621-adca-70cffd3701aa,"Provision of hotel services (hiring of conference halls, workshops, trainings, accommodations, restaurants and receptions outside of Kigali (framework contract)",This is a framework contract and services will be provided outside of Kigali.,active,2026-01-28T00:00:00Z,2026-01-28T00:00:00Z,2027-01-28T00:00:00Z,365,4943013,RWF
0.releases.3535.contracts.0,0.releases.3535,0,C1015531632026000002,7468745e-8a9f-4935-9885-37c90b05d1e2,"Provision of hotel services (hiring of conference halls, workshops, trainings, accommodations, restaurants and receptions outside of Kigali (framework contract)",This is a framework contract and services must be provided outside of Kigali,active,2026-01-28T00:00:00Z,2026-01-28T00:00:00Z,2027-01-28T00:00:00Z,365,3864904,RWF
0.releases.3536.contracts.0,0.releases.3536,0,C1015531632026000006,01bd7b95-62b5-479b-890a-a29ea485ac70,"Provision of hotel services (hiring of conference halls, workshops, trainings, accommodations, restaurants and receptions outside of Kigali (framework contract)",This is a framework contract and services will be provided outside of Kigali.,active,2026-01-28T00:00:00Z,2026-01-28T00:00:00Z,2027-01-28T00:00:00Z,365,6155588,RWF
0.releases.3540.contracts.0,0.releases.3540,0,C1017429782025000001,635fc5dd-5031-4bb9-91d1-e7ce47097b3e,"Tender for Decoration, sonorisation and related services in  Byumba Level Two Teaching  Hospital","The duration of this contract is one year and  may be renewed once again after annual evaluation report of good completion and the supplier/Service Provider agrees to not revised the unit prices and conditions of initial contract.

The  quantities and  the amount of this framework contract will be determined by the purchase orders  according to the activities planned to be done during the fiscal year.

 During execution of this framework contract the successful Bidder /BROCOLI COMPANY Ltd will  comply with the technical specifications of each item as  specified in Tender Document. 

The delivery period after reception of purchase order will be within 02 days.  beyond that period the penalties will be applied and partial delivery will not be accepted except in case of force majeure.
",pending,2025-02-12T00:00:00Z,2025-02-12T00:00:00Z,2027-02-11T00:00:00Z,729,2258740,RWF
0.releases.3541.contracts.0,0.releases.3541,0,C1018521442024000033,7adc7cf3-6927-4141-ba20-1d9c364a1eff,Recruitment of Proffessional court bailiff,Recruitment of individual Professional court bailiff,active,2026-01-23T00:00:00Z,2026-01-25T00:00:00Z,2027-01-24T00:00:00Z,364,1,RWF
0.releases.3543.contracts.0,0.releases.3543,0,C1068915782024000001,36610d77-72fe-4f97-af16-6e787ba284b4,Framework Contract for cleaning and gardening National Land Authority zonal  Offices,"This renewal constitutes the second and final renewal of the initial contract entered into under the Framework Contract for the provision of Cleaning and Gardening Services for the National Land Authority Zonal Offices. The contract is signed for a period of one (1) year, commencing on 31 January 2026 and expiring on 31 January 2027. Upon expiry of this period, the framework contract shall stand fully exhausted, with no further renewals permissible",pending,2024-01-31T00:00:00Z,2024-01-31T00:00:00Z,2027-01-31T00:00:00Z,1096,1971900,RWF
0.releases.3552.contracts.0,0.releases.3552,0,C1020432832025000003,c74b5465-70be-4f0d-869e-10f51d03b62e,Rehabilitation and repair of damaged spots located on Rusizi– Buhinga - Tyazo Road,"The Performance Security Amount is:
(a)	Bank Guarantee: Eight percent (8%) of the Final contract Amount;
(b)	Performance Bond: Not applicable
Note: The only accepted Performance Guarantee is the one issued by a Local Bank.

An Environmental, Social, Safety and Health (ESHS) Performance Security shall be provided to the Employer amounting to 2% of the contract value. 
",active,2025-05-14T00:00:00Z,2025-05-14T00:00:00Z,2026-05-22T00:00:00Z,373,3177989850,RWF
0.releases.3553.contracts.0,0.releases.3553,0,C1017258792026000001,cb9ca36c-b098-4467-a1c7-c874df241ed2,Construction of Adeper GS Muhoza Bralirwa asphalt road,This contract will be implemented in the period of 2months and 15days ,active,2026-01-30T00:00:00Z,2026-01-30T00:00:00Z,2026-04-14T00:00:00Z,74,421482386,RWF
0.releases.3556.contracts.0,0.releases.3556,0,C1085313022024000007,d62281d3-f81e-4f8c-88d5-1fa4dbe84a2b,Sports and recreational facilities and services under framework contract,This is a framework contract. ,pending,2024-03-01T00:00:00Z,2024-03-01T00:00:00Z,2027-03-01T00:00:00Z,1095,37080,RWF
0.releases.3568.contracts.0,0.releases.3568,0,C1133460762025000025,2de12477-a6c4-4f02-8b84-13efb72bb6e4,Annual subscription to digital library,,active,2026-01-29T00:00:00Z,2026-01-29T00:00:00Z,2027-01-29T00:00:00Z,365,100000,EUR
0.releases.3572.contracts.0,0.releases.3572,0,C1020659872025000002,4e411294-340e-4e13-96e4-19fb3c00767f,TENDER OF ALL SUPPLIES FOR KIZIGURO DISTRICT  HOSPITAL,Extension of Contract for   ALL SUPPLIES FOR KIZIGURO DISTRICT  HOSPITAL for period of one year,active,2026-01-30T00:00:00Z,2026-01-30T00:00:00Z,2027-01-29T00:00:00Z,364,993412,RWF
0.releases.3573.contracts.0,0.releases.3573,0,C1020659872025000003,04825a64-d34a-4c30-b7b6-872f94f5a4c4,"Tender of Insurance of vehicles ,motocycles and medical equipment assets"," Extension of Contract for r Insurance of vehicles ,motorcycles and medical equipment assets",active,2026-01-30T00:00:00Z,2026-01-30T00:00:00Z,2027-01-29T00:00:00Z,364,25033824,RWF
0.releases.3575.contracts.0,0.releases.3575,0,C1017640652024000004,94e74851-cfb7-439d-95f5-cb0270857b45,"CONSULTANCY SERVICE FOR INCIDENT RESOLUTION, STABILIZATION, SUPPORTING AND MAINTAINING ELECTONIC MORTGAGE REGISTRATION SYSTEM (EMRS)","The contract renewal for consultant services for incident resolution, stabilization, support, and maintenance of the Electronic Mortgage Registration System (EMRS) under a framework agreement that commenced on 5 February 2024 and is set to end on 5 February 2025 is hereby renewed for the first time, effective from 5 February 2025 to 5 February 2026.

 ",pending,2024-02-05T00:00:00Z,2024-02-05T00:00:00Z,2026-02-05T00:00:00Z,731,197253,EUR
0.releases.3576.contracts.0,0.releases.3576,0,C1016289962023000001,1b697aa3-78e1-4b10-8cbe-719d4c365de2,Provision of Communication Services and CUG,"Article 1: SCOPE OF AGREEMENT
The Parties are entering into this Agreement to set out the terms and conditions under which Airtel Rwanda Ltd shall provide the Kaduha hospital with Closed User Group (CUG) and Airtime top up services for the during of this agreement.

Article 2: COMMENCEMENT AND DURATION
This Agreement shall commence on the date of the signature by both parties for a period of twelve months. The Agreement may thereafter be renewable at the option of the parties through
written Agreement.

Article 3: SERVICE PROVIDER’S RESPONSIBILITIES AND SERVICE DESCRIPTION
The service Provider shall hereby provide to the Client a Closed User Group (CUG) with the
following benefits:
	Free and unlimited calls on the Airtel Rwanda Ltd network within members of the CUG;
	Free and unlimited SMS on Airtel Rwanda Ltd the network within members of the CUG;
	Full mobility inside the Airtel Rwanda Ltd network coverage while still enjoying the CUG
benefit;
The Kaduha hospital requires CUG services for a total of 97 Staff members    Kaduha hospital shall be entitled add, replace or remove members to the initial list submitted to the service provider each month prior to payment of the monthly service charge. The service provider shall then be the responsible for updating the CUG member list and for invoicing the Client in accordance to the updated list every month.

",pending,2026-02-04T00:00:00Z,2026-02-04T00:00:00Z,2026-04-03T00:00:00Z,58,800000,RWF
0.releases.3577.contracts.0,0.releases.3577,0,C1022690082024000046,fcc5c075-18af-49bf-a394-afaa1c1e8e3b,Supervision services on works related to the enhancement of power supply and stability in new RBD building,"The purpose of this amendment is to extend the contract duration equivalent to One Hundred Fifty (150) days starting from 02/02/2026.

Consultant is requested to update performance security to cover extended period.",pending,2025-05-26T00:00:00Z,2026-02-02T00:00:00Z,2026-07-01T00:00:00Z,149,70000001,RWF
0.releases.3578.contracts.0,0.releases.3578,0,C1013307382024000011,96192275-fe10-4510-ad7f-2e62e153c2e2,Tender for purchase of electricity units for schools,,pending,2024-02-02T00:00:00Z,2024-02-02T00:00:00Z,2027-02-01T00:00:00Z,1095,268,RWF
0.releases.3581.contracts.0,0.releases.3581,0,C1016289962023000001,1b697aa3-78e1-4b10-8cbe-719d4c365de2,Provision of Communication Services and CUG,"Article 1: SCOPE OF AGREEMENT
The Parties are entering into this Agreement to set out the terms and conditions under which Airtel Rwanda Ltd shall provide the Kaduha hospital with Closed User Group (CUG) and Airtime top up services for the during of this agreement.

Article 2: COMMENCEMENT AND DURATION
This Agreement shall commence on the date of the signature by both parties for a period of twelve months. The Agreement may thereafter be renewable at the option of the parties through
written Agreement.

Article 3: SERVICE PROVIDER’S RESPONSIBILITIES AND SERVICE DESCRIPTION
The service Provider shall hereby provide to the Client a Closed User Group (CUG) with the
following benefits:
	Free and unlimited calls on the Airtel Rwanda Ltd network within members of the CUG;
	Free and unlimited SMS on Airtel Rwanda Ltd the network within members of the CUG;
	Full mobility inside the Airtel Rwanda Ltd network coverage while still enjoying the CUG
benefit;
The Kaduha hospital requires CUG services for a total of 97 Staff members    Kaduha hospital shall be entitled add, replace or remove members to the initial list submitted to the service provider each month prior to payment of the monthly service charge. The service provider shall then be the responsible for updating the CUG member list and for invoicing the Client in accordance to the updated list every month.

",active,2026-02-04T00:00:00Z,2026-02-04T00:00:00Z,2026-04-03T00:00:00Z,58,800000,RWF
0.releases.3582.contracts.0,0.releases.3582,0,C1017429782025000001,635fc5dd-5031-4bb9-91d1-e7ce47097b3e,"Tender for Decoration, sonorisation and related services in  Byumba Level Two Teaching  Hospital","The duration of this contract is one year and  may be renewed once again after annual evaluation report of good completion and the supplier/Service Provider agrees to not revised the unit prices and conditions of initial contract.

The  quantities and  the amount of this framework contract will be determined by the purchase orders  according to the activities planned to be done during the fiscal year.

 During execution of this framework contract the successful Bidder /BROCOLI COMPANY Ltd will  comply with the technical specifications of each item as  specified in Tender Document. 

The delivery period after reception of purchase order will be within 02 days.  beyond that period the penalties will be applied and partial delivery will not be accepted except in case of force majeure.
",active,2025-02-12T00:00:00Z,2025-02-12T00:00:00Z,2027-02-11T00:00:00Z,729,2258740,RWF
0.releases.3589.contracts.0,0.releases.3589,0,C1006002602025000004,4832786c-2025-432b-9cf6-f5868c147095,Establishment of Framework agreement for Supply of  laboratory reagents and consumables ,"The Supplier will submit the performance security per each purchase order exceeding FRW20,000,000 and the amount of the performance security may be a percentage of the purchase order value as provided for in the Ministerial Order establishing regulations governing public procurement in place. However, when the purchase order value does not exceed FRW 20,000,000, the Supplier will submit the performance security declaration.",active,2025-02-17T00:00:00Z,2026-02-17T00:00:00Z,2027-02-16T00:00:00Z,364,1736280,RWF
0.releases.3590.contracts.0,0.releases.3590,0,C1006002602025000007,fd0c41e3-b18a-42f4-ac5a-cee479114a31,Establishment of Framework agreement for Supply of  laboratory reagents and consumables ,"The Supplier will submit the performance security per each purchase order exceeding FRW20,000,000 and the amount of the performance security may be a percentage of the purchase order value as provided for in the Ministerial Order establishing regulations governing public procurement in place. However, when the purchase order value does not exceed FRW 20,000,000, the Supplier will submit the performance security declaration.",active,2025-02-17T00:00:00Z,2026-02-17T00:00:00Z,2027-02-16T00:00:00Z,364,81700,RWF
0.releases.3595.contracts.0,0.releases.3595,0,C1019926372025000031,4725a022-6655-49dd-a1d7-2058e29c8733,"Construct of 9 new classrooms, 3 blocks of latrines and 3 caregivers office for ECD in Gatsibo District",,pending,2025-11-24T00:00:00Z,2025-11-24T00:00:00Z,2026-03-24T00:00:00Z,120,226653135,RWF
0.releases.3598.contracts.0,0.releases.3598,0,C1013154852026000001,,Framework contract for provision of electrical materials and consumables,,pending,2026-01-29T00:00:00Z,2026-01-29T00:00:00Z,2027-02-02T00:00:00Z,369,7908856,RWF
0.releases.3599.contracts.0,0.releases.3599,0,C1006004152026000003,035cfc1a-f13b-4408-8ff2-c9eb8a5f5a91,Provision of Annual Catering services for OAG staff (Framework Tender)- Re-advertised,,pending,2026-01-30T00:00:00Z,2026-01-30T00:00:00Z,2027-01-29T00:00:00Z,364,38799,RWF
0.releases.3600.contracts.0,0.releases.3600,0,C1014578072024000003,0d1caa7d-142b-4540-b77e-0df22302759b,"Services for editing and mixing audio records, production of audio and video spots, video coverage and photography in the RPPA events and video coverage in the interview for recruitment of RPPA staff","This contract amendment is conducted in the respect of Law N° 031/2022 of 21/11/2022 governing public procurement
",active,2026-02-02T00:00:00Z,2026-02-02T00:00:00Z,2027-02-01T00:00:00Z,364,312700,RWF
0.releases.3601.contracts.0,0.releases.3601,0,C1014578072024000004,c8d0c20e-1a44-4e4e-bd3e-1c47a9c66bd4,Provision of refreshments to RPPA staff and RPPA guests,ok,active,2026-02-02T00:00:00Z,2026-02-02T00:00:00Z,2027-02-01T00:00:00Z,364,24000,RWF
0.releases.3602.contracts.0,0.releases.3602,0,C1078128392023000014,17e9b5c3-d58e-4975-97bc-feffc24d6c13,Upgrading teaching & learning at Rwanda Polytechnic on integrated package (facilities & ICT-enabled pedagogy),"The appointed contract management team led by Mr. Anastase NDUWAYEZU will manage this contract on behalf of Rwanda Polytechnic through all managerial activities regarding the proper implementation of this contract.

Due to the nature of this contract, all items are not recorded in the system under deliverables because the contract is turnkey contract that comprises all designs and civil works, supply, installation and commissioning the equipment to be supplied and the related trainings. Therefore, the detailed list pf items and their prices are attached to this contract, and it is an integral part of this contract. The delivery of equipment, civil works and training will be checked against that attached list of items, works and related services including training and commissioning.
The contract amount includes the withholding tax only equivalent to 15% of the total contract amount. It means that the contractor will be paid the remaining amount (Take home amount) after deducting the withholding tax equivalent to 15% of the total contract amount for phase one. 
 
Other taxes, duties and levies at the Rwandan territory will be declared and paid by Rwanda Polytechnic as agreed by contracting parties in the various negotiations. 

Decision:
Following a thorough review of the extension request, the recommendation from the contract manager, and in compliance with applicable procurement laws, the Procurement Technical Committee (PTC) resolved the following:

Contract Extension:
The contract with Devotra B.V for the “Upgrading Teaching & Learning at Rwanda Polytechnic on Integrated Package (Facilities & ICT-enabled Pedagogy)” shall be extended for a period of 129 calendar days, from 24/05/2025 to 30/09/2025.

Other Provisions:
All other terms and conditions of the contract shall remain unchanged and continue to be binding upon both parties.



",active,2023-11-24T00:00:00Z,2023-11-24T00:00:00Z,2026-05-31T00:00:00Z,919,4833601,EUR
0.releases.3603.contracts.0,0.releases.3603,0,C1078128392023000014,17e9b5c3-d58e-4975-97bc-feffc24d6c13,Upgrading teaching & learning at Rwanda Polytechnic on integrated package (facilities & ICT-enabled pedagogy),"The appointed contract management team led by Mr. Anastase NDUWAYEZU will manage this contract on behalf of Rwanda Polytechnic through all managerial activities regarding the proper implementation of this contract.

Due to the nature of this contract, all items are not recorded in the system under deliverables because the contract is turnkey contract that comprises all designs and civil works, supply, installation and commissioning the equipment to be supplied and the related trainings. Therefore, the detailed list pf items and their prices are attached to this contract, and it is an integral part of this contract. The delivery of equipment, civil works and training will be checked against that attached list of items, works and related services including training and commissioning.
The contract amount includes the withholding tax only equivalent to 15% of the total contract amount. It means that the contractor will be paid the remaining amount (Take home amount) after deducting the withholding tax equivalent to 15% of the total contract amount for phase one. 
 
Other taxes, duties and levies at the Rwandan territory will be declared and paid by Rwanda Polytechnic as agreed by contracting parties in the various negotiations. 

Decision:
Following a thorough review of the extension request, the recommendation from the contract manager, and in compliance with applicable procurement laws, the Procurement Technical Committee (PTC) resolved the following:

Contract Extension:
The contract with Devotra B.V for the “Upgrading Teaching & Learning at Rwanda Polytechnic on Integrated Package (Facilities & ICT-enabled Pedagogy)” shall be extended for a period of 129 calendar days, from 24/05/2025 to 30/09/2025.

Other Provisions:
All other terms and conditions of the contract shall remain unchanged and continue to be binding upon both parties.



",active,2023-11-24T00:00:00Z,2023-11-24T00:00:00Z,2026-05-31T00:00:00Z,919,4833601,EUR
0.releases.3604.contracts.0,0.releases.3604,0,C1021908132026000001,,Provision of vehicle spare parts,A framework agreement for supply and installation of vehicle spare parts. ,active,2026-01-30T00:00:00Z,2026-01-30T00:00:00Z,2027-01-30T00:00:00Z,365,1913506,RWF
0.releases.3609.contracts.0,0.releases.3609,0,C1013307382024000009,62b5a465-e7eb-47eb-865f-4220c8a80c78,Productive assets of VUP Multi sectoral approach,,pending,2024-02-08T00:00:00Z,2024-02-08T00:00:00Z,2027-02-07T00:00:00Z,1095,2677800,RWF
0.releases.3611.contracts.0,0.releases.3611,0,C1006003912026000005,4ca1e284-5711-478e-bc85-c0a8d028ef80,Supply of Cleaning& Hygiene materials,"-As Performance Security, the supplier will be requested to provide the performance securing declaration in place of the performance security stating that this contract will be well executed as stipulated in contract terms. 
However, a performance security will be requested for each purchase order exceeding 20,000,000 Frw.
- Delivery of goods will only be done after the receipt of the purchase order and the delivery period will not exceed 30 days after reception of each purchase order.
- The framework contract period is one year which may be renewed upon evaluation of satisfactory performance of the supplier and upon agreement of the two parties.",active,2026-01-30T00:00:00Z,2026-01-30T00:00:00Z,2027-01-30T00:00:00Z,365,283885,RWF
0.releases.3617.contracts.0,0.releases.3617,0,C1015870562026000001,436aaa24-66d9-41b8-8b1d-3884b1d938d2,Supply of IT training consumables,This contract is basing on performance securing declaration as it is framework contract whose performance security is requested basing of purchase order,pending,2026-01-29T00:00:00Z,2026-01-29T00:00:00Z,2027-01-28T00:00:00Z,364,3695820,RWF
0.releases.3622.contracts.0,0.releases.3622,0,C1015155992024000001,36f62bd2-14cf-436c-ae9a-723499142539,To insure the Buildings and the It Equipments In Server Room of Hospital,"Covers of the insurance are defined: Fire, lighting and explosion, earthquake, spontaneous combustion, subterranean fire, flood, storm, water damage following sudden bursting or overflowing of overhead tanks, pipes or apparatus, bush fire, impact and aircraft damage.",pending,2024-01-29T00:00:00Z,2026-01-30T00:00:00Z,2027-01-29T00:00:00Z,364,6672700,RWF
0.releases.3623.contracts.0,0.releases.3623,0,C1169060812024000025,acee42b6-852f-483f-b7bb-107bb09cf547,CONSULTANCY FIRM TO DEVELOP A NATIONAL SIX-YEAR E-WASTE STRATEGY AND ACCOMPANYING IMPLEMENTATION PLAN,"This contract is for a period of 6 months counted from the date of the contract signing with the client excluding Two (2) weeks for review and validation of each deliverable by the client.
The total contract period inclusive of review period is 7 months",pending,2025-12-12T00:00:00Z,2025-12-12T00:00:00Z,2026-03-11T00:00:00Z,89,366000000,RWF
0.releases.3624.contracts.0,0.releases.3624,0,C1169060812024000025,acee42b6-852f-483f-b7bb-107bb09cf547,CONSULTANCY FIRM TO DEVELOP A NATIONAL SIX-YEAR E-WASTE STRATEGY AND ACCOMPANYING IMPLEMENTATION PLAN,"This contract is for a period of 6 months counted from the date of the contract signing with the client excluding Two (2) weeks for review and validation of each deliverable by the client.
The total contract period inclusive of review period is 7 months",pending,2025-12-12T00:00:00Z,2025-12-12T00:00:00Z,2026-03-11T00:00:00Z,89,366000000,RWF
0.releases.3625.contracts.0,0.releases.3625,0,C1025683162026000008,41ba2897-83a2-4517-9c68-17d45d99cd21,Media Production services for communication activities,"The performance guarantee of each purchase order will be provided as following: 
(a) 5% of the value of the purchase order exceed FRW 500,000,000;
(b) 6% of the value of the purchase order is between FRW 100,000,000 FRW to 
FRW 500,000,000;
(c) 7% of the value of the purchase order is between FRW 50,000,000 to FRW 
100,000,000
(d) 10% of the value of the purchase order is between FRW 20,000,000 to FRW 50,000,000.",pending,2026-01-27T00:00:00Z,2026-01-27T00:00:00Z,2027-01-22T00:00:00Z,360,17973760,RWF
0.releases.3627.contracts.0,0.releases.3627,0,C1017640652026000001,45010b4f-a9fe-48b1-8d13-aac59f044a12,Hiring hotel/Kivu Marina Bay Hotel,The hotels to provide Hotel services in a framework contract on behalf of government institutions.,pending,2026-01-30T00:00:00Z,,,,21659556,RWF
0.releases.3629.contracts.0,0.releases.3629,0,C1016621172025000001,b07b002f-a154-457a-bd6d-d85784f521a0,Tender for the acquisition of gifts and awards,The contract can be renewed twice upon satisfaction of the client,active,2025-03-03T00:00:00Z,2025-03-03T00:00:00Z,2027-03-02T00:00:00Z,729,1826227,RWF
0.releases.3630.contracts.0,0.releases.3630,0,C1016621172024000067,5c401bb2-a8a4-40d7-8803-a41d4952c9fb,Tender for the acquisition of gifts and awards,The contract can be renewed twice upon satisfaction of the client,active,2025-01-07T00:00:00Z,2025-01-07T00:00:00Z,2027-01-06T00:00:00Z,729,8182356,RWF
0.releases.3639.contracts.0,0.releases.3639,0,C1015870562026000001,436aaa24-66d9-41b8-8b1d-3884b1d938d2,Supply of IT training consumables,This contract is basing on performance securing declaration as it is framework contract whose performance security is requested basing of purchase order,active,2026-01-30T00:00:00Z,2026-01-30T00:00:00Z,2027-01-30T00:00:00Z,365,3695820,RWF
0.releases.3641.contracts.0,0.releases.3641,0,C1018084802023000009,d5d4aed9-24e8-4458-9387-772f7be083d0,Tender for maintain Security of the Hospital,Contract is Extended for two months. ,pending,2025-11-20T00:00:00Z,2025-11-30T00:00:00Z,2026-01-30T00:00:00Z,61,784000,RWF
0.releases.3651.contracts.0,0.releases.3651,0,C1008420232025000002,a19cea59-5c1f-4753-98c9-407b7c9a6828,PRIVATIZATION OF MANAGEMENT OF KIGEME HOSPITAL CANTEEN THAT WILL PROVIDE THE REFRESHMENT TO THE STAFF& VISITORS.,"This contract is a framework agreement of PRIVATIZATION OF MANAGEMENT OF KIGEME HOSPITAL CANTEEN THAT WILL PROVIDE THE REFRESHMENT TO THE STAFF& VISITORS.
The contract may be renewed upon successful performance and satisfactory delivery of services, subject to mutual agreement between the parties.
",pending,2026-02-06T00:00:00Z,2026-02-06T00:00:00Z,2027-02-05T00:00:00Z,364,200000,RWF
0.releases.3652.contracts.0,0.releases.3652,0,C1019926372025000031,4725a022-6655-49dd-a1d7-2058e29c8733,"Construct of 9 new classrooms, 3 blocks of latrines and 3 caregivers office for ECD in Gatsibo District",,pending,2025-11-24T00:00:00Z,2025-11-24T00:00:00Z,2026-03-24T00:00:00Z,120,226653135,RWF
0.releases.3653.contracts.0,0.releases.3653,0,C1008420232025000001,ad0abfc1-23bb-4c19-86ff-96705f2939f8,Provision for Refreshment & accommodation services for staff and visitors on duty of Kigeme Hospital,"This contract is a framework agreement for the provision of refreshment and accommodation services at Kigeme Hospital. The services will be delivered based on purchase orders issued as needed. 
The contract may be renewed upon successful performance and satisfactory delivery of services, subject to mutual agreement between the parties.

",pending,2026-02-17T00:00:00Z,2026-02-17T00:00:00Z,2027-02-16T00:00:00Z,364,743470,RWF
0.releases.3654.contracts.0,0.releases.3654,0,C1008420232025000001,ad0abfc1-23bb-4c19-86ff-96705f2939f8,Provision for Refreshment & accommodation services for staff and visitors on duty of Kigeme Hospital,"This contract is a framework agreement for the provision of refreshment and accommodation services at Kigeme Hospital. The services will be delivered based on purchase orders issued as needed. 
The contract may be renewed upon successful performance and satisfactory delivery of services, subject to mutual agreement between the parties.

",pending,2026-02-17T00:00:00Z,2026-02-17T00:00:00Z,2027-02-16T00:00:00Z,364,743470,RWF
0.releases.3658.contracts.0,0.releases.3658,0,C1017921732025000021,35f3d8fa-7ebf-4b8c-9b45-8d0f954842b2,Hiring a Consultancy Firm to conduct Audit for Project,"This is contract of Hiring a Consultancy Firm to conduct Audit for Project between NPPA and HLB MN LTD for  thirty (30) calendar days 

This Contract shall commence on 1 January 2026 and shall end on 30 January 2026, subject to the holding of the opening meeting as specified in the Terms of Reference.

Pay the invoices submitted by the Consultant within forty-five (45) days starting from the reception and acceptance of the invoice and the relevant documents specified in the Contract",pending,2025-11-14T00:00:00Z,2026-01-13T00:00:00Z,2026-02-11T00:00:00Z,29,5000000,RWF
0.releases.3662.contracts.0,0.releases.3662,0,C1006047782025000022,59d58091-e0e9-4042-8c5e-e6b7303ed3f1,"Provision of Content Production, Television and Radio Broadcasting Services","Contract for Provision of Content Production, Television and Radio Broadcasting Services.",active,2025-01-28T00:00:00Z,2026-01-28T00:00:00Z,2027-01-27T00:00:00Z,364,13218832,RWF
0.releases.3663.contracts.0,0.releases.3663,0,C1017921732025000021,35f3d8fa-7ebf-4b8c-9b45-8d0f954842b2,Hiring a Consultancy Firm to conduct Audit for Project,"This is contract of Hiring a Consultancy Firm to conduct Audit for Project between NPPA and HLB MN LTD for  thirty (30) calendar days 

This Contract shall commence on 1 January 2026 and shall end on 30 January 2026, subject to the holding of the opening meeting as specified in the Terms of Reference.

Pay the invoices submitted by the Consultant within forty-five (45) days starting from the reception and acceptance of the invoice and the relevant documents specified in the Contract",active,2025-11-14T00:00:00Z,2026-01-13T00:00:00Z,2026-02-11T00:00:00Z,29,5000000,RWF
0.releases.3665.contracts.0,0.releases.3665,0,C1001007492026000005,91633d06-2e57-4601-8f8b-c9482e8d19f5,"Provision of sports and recreation services (Kigali city, Nyagatare,Huye&Rubavu Districts","The prices charged in this contract shall be per session using the attached unit prices in Annex II which are inclusive of all taxes.

This contract is concluded for a period of one (1) year that may be renewable, unless terminated earlier or extended by agreement of the parties in an executed addendum to this contract. ",pending,2026-01-29T00:00:00Z,2026-01-29T00:00:00Z,2027-01-19T00:00:00Z,355,73600,RWF
0.releases.3669.contracts.0,0.releases.3669,0,C1014745142024000049,2fa079ad-9213-411e-8049-beb692ac289f,Supply of cement on framework contract,,pending,2025-02-04T00:00:00Z,2025-02-04T00:00:00Z,2027-02-03T00:00:00Z,729,403936,RWF
0.releases.3670.contracts.0,0.releases.3670,0,C1006005702026000001,647a8747-53f1-44aa-a019-196a3b2aa8dd,Supply and installation of office chairs to RRA (Framework contract). ,Contract for Supply and installation of office chairs to RRA (Framework contract). ,active,2026-01-30T00:00:00Z,2026-01-30T00:00:00Z,2027-01-30T00:00:00Z,365,12008565,RWF
0.releases.3671.contracts.0,0.releases.3671,0,C1006004152026000003,035cfc1a-f13b-4408-8ff2-c9eb8a5f5a91,Provision of Annual Catering services for OAG staff (Framework Tender)- Re-advertised,,active,2026-01-30T00:00:00Z,2026-01-30T00:00:00Z,2027-01-30T00:00:00Z,365,38799,RWF
0.releases.3674.contracts.0,0.releases.3674,0,C1218455332025000014,5e0cc47f-d1aa-4196-83d9-2e25a65eb979,"Construction of  Latrines for Schools, Public places and Health facilities (4Lots)","This is the contract for Construction of Latrines for Schools, Public places and Health facilities in eight districts of Rwanda, lot 4: construction of 8 latrines in Gicumbi & Nyaruguru Districts (construction of 4 latrines in each district)",active,2026-01-27T00:00:00Z,2026-01-27T00:00:00Z,2027-01-27T00:00:00Z,365,527900794,RWF
0.releases.3676.contracts.0,0.releases.3676,0,C1033726202024000006,f28da416-b5b7-4413-93a6-a857de9506c5,"Consultancy Services for the Supervision of SCADA, EMS, DMS,  implementation Project","This contract is related to the Consultancy Services for the Supervision of SCADA, EMS, DMS, implementation Project",pending,2024-08-30T00:00:00Z,2024-09-20T00:00:00Z,2026-09-15T00:00:00Z,725,200535.3,EUR
0.releases.3677.contracts.0,0.releases.3677,0,C1033726202024000006,f28da416-b5b7-4413-93a6-a857de9506c5,"Consultancy Services for the Supervision of SCADA, EMS, DMS,  implementation Project","This contract is related to the Consultancy Services for the Supervision of SCADA, EMS, DMS, implementation Project",pending,2024-08-30T00:00:00Z,2024-09-20T00:00:00Z,2026-09-15T00:00:00Z,725,200535.3,EUR
0.releases.3678.contracts.0,0.releases.3678,0,C1033726202024000006,f28da416-b5b7-4413-93a6-a857de9506c5,"Consultancy Services for the Supervision of SCADA, EMS, DMS,  implementation Project","This contract is related to the Consultancy Services for the Supervision of SCADA, EMS, DMS, implementation Project",pending,2024-08-30T00:00:00Z,2024-09-20T00:00:00Z,2026-09-15T00:00:00Z,725,200535.3,EUR
0.releases.3679.contracts.0,0.releases.3679,0,C1033726202024000006,f28da416-b5b7-4413-93a6-a857de9506c5,"Consultancy Services for the Supervision of SCADA, EMS, DMS,  implementation Project","This contract is related to the Consultancy Services for the Supervision of SCADA, EMS, DMS, implementation Project",pending,2024-08-30T00:00:00Z,2024-09-20T00:00:00Z,2026-09-15T00:00:00Z,725,200535.3,EUR
0.releases.3687.contracts.0,0.releases.3687,0,C1014884812026000020,54ae5df1-3bb7-445f-9dd1-5977eccfeebf,Consultancy service for  urban design services in the City of Kigali and other districts.,This contract shall be effective after its approval by both parties,pending,2026-01-30T00:00:00Z,2026-01-30T00:00:00Z,2027-01-29T00:00:00Z,364,349,RWF
0.releases.3689.contracts.0,0.releases.3689,0,C1014884812026000020,54ae5df1-3bb7-445f-9dd1-5977eccfeebf,Consultancy service for  urban design services in the City of Kigali and other districts.,This contract shall be effective after its approval by both parties,pending,2026-01-30T00:00:00Z,2026-01-30T00:00:00Z,2027-01-29T00:00:00Z,364,349,RWF
0.releases.3694.contracts.0,0.releases.3694,0,C1001007492026000005,91633d06-2e57-4601-8f8b-c9482e8d19f5,"Provision of sports and recreation services (Kigali city, Nyagatare,Huye&Rubavu Districts","The prices charged in this contract shall be per session using the attached unit prices in Annex II which are inclusive of all taxes.

This contract is concluded for a period of one (1) year that may be renewable, unless terminated earlier or extended by agreement of the parties in an executed addendum to this contract. ",active,2026-01-30T00:00:00Z,2026-01-30T00:00:00Z,2027-01-30T00:00:00Z,365,73600,RWF
0.releases.3707.contracts.0,0.releases.3707,0,C1024201942026000006,,Cleaning service for Nyarugenge Correctional Facility,Cleaning service for Nyarugenge Correctional Facility,pending,2026-01-23T00:00:00Z,2026-01-23T00:00:00Z,2027-01-22T00:00:00Z,364,1120331,RWF
0.releases.3724.contracts.0,0.releases.3724,0,C1017353772024000001,a7c6d230-ecdc-43ef-bc82-4d98400e54fd,"Readvertisement Supply of Electrical, Electronics, Telecommunication and Biomedical Consumables Under framework contract","1.The quantity to be supplied Will be determined on Purchase order.
2. Supplier shall supply all quantities of Purchase Order in thirty (30) days after receiving Purchase order.
3. Performance security of 10% shall be requested to the value of purchase order above twenty million (20,000,000) Rwandan francs.
4.The supplier will supply goods comply with the requirements specification as specified in technical specification which are in Bidding Document.
5.Prices shall not be revised during the execution of this contracts or any extension.
",pending,2024-02-05T00:00:00Z,2024-02-05T00:00:00Z,2027-02-04T00:00:00Z,1095,21557910,RWF
0.releases.3725.contracts.0,0.releases.3725,0,C1015664342024000003,a293f418-95fe-41a3-9b8d-176764250f72,Provision of Printing Services and Promotional Materials,Contract for Provision of Printing Services and Promotional Materials,active,2024-02-02T00:00:00Z,2024-02-02T00:00:00Z,2027-02-02T00:00:00Z,1096,221812,RWF
0.releases.3726.contracts.0,0.releases.3726,0,C1014884812026000020,54ae5df1-3bb7-445f-9dd1-5977eccfeebf,Consultancy service for  urban design services in the City of Kigali and other districts.,This contract shall be effective after its approval by both parties,active,2026-01-30T00:00:00Z,2026-01-30T00:00:00Z,2027-01-30T00:00:00Z,365,349,RWF
0.releases.3732.contracts.0,0.releases.3732,0,C1071118822026000001,4f087e5a-6135-49a4-ba87-2ae88c4e4f46,Framework agreement (centralized) to supply and installation of display equipment,This contract is signed for one year renewable twice upon satisfactory performance,active,2026-01-30T00:00:00Z,2026-01-30T00:00:00Z,2027-01-30T00:00:00Z,365,26727000,RWF
0.releases.3738.contracts.0,0.releases.3738,0,C1017640652026000001,45010b4f-a9fe-48b1-8d13-aac59f044a12,Hiring hotel/Kivu Marina Bay Hotel,The hotels to provide Hotel services in a framework contract on behalf of government institutions.,active,2026-01-31T00:00:00Z,2026-01-31T00:00:00Z,2027-01-31T00:00:00Z,365,21659556,RWF
0.releases.3741.contracts.0,0.releases.3741,0,C1020002442025000039,61c25b06-de35-4deb-86b4-0de0f4acd0b7,Supply and installation of Rainwater Harvesting Tanks to different schools of Kirehe District,Supply and installation of Rainwater Harvesting Tanks to different schools of Kirehe District,active,2026-02-04T00:00:00Z,2026-02-04T00:00:00Z,2026-03-03T00:00:00Z,27,4909895,RWF
0.releases.3742.contracts.0,0.releases.3742,0,C1018084802024000001,96615f46-9aa5-4a37-a044-c8b961e12bbc,Tender for Maintaining Hygiene of the Hospital,This Tender is Awarded under Framework Contract for two moths,pending,2026-02-02T00:00:00Z,2026-02-02T00:00:00Z,2026-04-02T00:00:00Z,59,2497442,RWF
0.releases.3743.contracts.0,0.releases.3743,0,C1071118822025000011,8da431d3-0b9e-48a2-abfd-7544ea4f4cf3,Supply for licenses to RRA,Amendment No. 2 regarding the renewal of one year. All other terms and conditions of the original contract  and its first amendment remain unchanged.,pending,2025-02-20T00:00:00Z,2025-02-20T00:00:00Z,2027-02-19T00:00:00Z,729,13824880,RWF
0.releases.3744.contracts.0,0.releases.3744,0,C1014060982026000005,,Provide service of official reception for Gicumbi District Guests and staffs  LOT2 READVERTISING,,pending,2026-01-30T00:00:00Z,2026-01-30T00:00:00Z,2027-01-29T00:00:00Z,364,3559470,RWF
0.releases.3747.contracts.0,0.releases.3747,0,C1006003912026000007,a83cdedc-76d1-4bd0-89d4-5e84822cd9ed,Acquisition of sports equipment,"Upon receipt of the Purchase Order and prior to the commencement of any supply or delivery, the Supplier shall submit physical samples to CHUB for inspection and final approval. No delivery shall commence without CHUB’s prior written approval of the samples.
GOOD LIFES PORTS COMPANY Ltd shall permit CHUB and/or any persons duly appointed by CHUB to inspect the quality of the delivered sports equipment at any time during delivery and upon receipt, for the purpose of verifying conformity with the specifications and requirements set out in the tender documents and this Contract.",active,2026-01-30T00:00:00Z,2026-01-30T00:00:00Z,2027-01-30T00:00:00Z,365,5097665,RWF
0.releases.3750.contracts.0,0.releases.3750,0,C1008420232025000001,ad0abfc1-23bb-4c19-86ff-96705f2939f8,Provision for Refreshment & accommodation services for staff and visitors on duty of Kigeme Hospital,"This contract is a framework agreement for the provision of refreshment and accommodation services at Kigeme Hospital. The services will be delivered based on purchase orders issued as needed. 
The contract may be renewed upon successful performance and satisfactory delivery of services, subject to mutual agreement between the parties.

",active,2026-02-17T00:00:00Z,2026-02-17T00:00:00Z,2027-02-16T00:00:00Z,364,743470,RWF
0.releases.3751.contracts.0,0.releases.3751,0,C1008420232025000002,a19cea59-5c1f-4753-98c9-407b7c9a6828,PRIVATIZATION OF MANAGEMENT OF KIGEME HOSPITAL CANTEEN THAT WILL PROVIDE THE REFRESHMENT TO THE STAFF& VISITORS.,"This contract is a framework agreement of PRIVATIZATION OF MANAGEMENT OF KIGEME HOSPITAL CANTEEN THAT WILL PROVIDE THE REFRESHMENT TO THE STAFF& VISITORS.
The contract may be renewed upon successful performance and satisfactory delivery of services, subject to mutual agreement between the parties.
",active,2026-02-06T00:00:00Z,2026-02-06T00:00:00Z,2027-02-05T00:00:00Z,364,200000,RWF
0.releases.3752.contracts.0,0.releases.3752,0,C1025023612025000014,584bee95-3c94-4b8a-8118-bb1668c11b5c,Supply of office stationaries ,,active,2025-11-28T00:00:00Z,2025-11-28T00:00:00Z,2026-11-28T00:00:00Z,365,2364371,RWF
0.releases.3755.contracts.0,0.releases.3755,0,C1006005702022000097,9111d4a5-ef24-46dd-995c-5bdbcf115f2d,Provision of Rental services for RRA staff accommodations at Gatuna Border (framework contract).,Contract for Provision of Rental services for RRA staff accommodations at Gatuna Border (framework contract).,pending,2022-08-09T00:00:00Z,2025-12-09T00:00:00Z,2026-04-08T00:00:00Z,120,3300000,RWF
0.releases.3758.contracts.0,0.releases.3758,0,C1018084802024000001,96615f46-9aa5-4a37-a044-c8b961e12bbc,Tender for Maintaining Hygiene of the Hospital,This Tender is Awarded under Framework Contract for two moths,active,2026-02-02T00:00:00Z,2026-02-02T00:00:00Z,2026-04-02T00:00:00Z,59,2497442,RWF
