_link,_link_releases,_link_main,id,documentType,title,dateModified
0.releases.0.tender.documents.0,0.releases.0,0,122025154259194-590e,tenderNotice,Tender document re advert,2026-01-01T07:23:16Z
0.releases.1.tender.documents.0,0.releases.1,0,102023100940091-65cf,tenderNotice,DRAFT DOCUMENT,2023-10-20T10:56:50Z
0.releases.2.tender.documents.0,0.releases.2,0,102023133634285-6df4,tenderNotice,TENDER DOCUMENT,2023-10-18T09:32:35Z
0.releases.3.tender.documents.0,0.releases.3,0,102024134624681-7b70,tenderNotice,TENDER DOCUMENT,2024-10-09T13:53:04Z
0.releases.3.tender.documents.1,0.releases.3,0,102024134624686-7b6f,tenderNotice,.DETAILS OF UNIT PRICE FOR  CLEANING SERVICES,2024-10-09T13:53:04Z
0.releases.4.tender.documents.0,0.releases.4,0,122025142435536-7cd1,tenderNotice,Request for Expression of Intrest,2026-01-01T12:56:55Z
0.releases.5.tender.documents.0,0.releases.5,0,022024153448845-7dcb,tenderNotice,Request for Proposal,2024-03-19T09:25:15Z
0.releases.5.tender.documents.1,0.releases.5,0,112023172513739-7857,tenderNotice,Request for EOI,2023-11-11T18:10:49Z
0.releases.5.tender.documents.2,0.releases.5,0,112023172513754-7856,tenderNotice,Terms of Reference ,2023-11-11T18:10:49Z
0.releases.6.tender.documents.0,0.releases.6,0,022024153448845-7dcb,tenderNotice,Request for Proposal,2024-03-19T09:25:15Z
0.releases.6.tender.documents.1,0.releases.6,0,112023172513739-7857,tenderNotice,Request for EOI,2023-11-11T18:10:49Z
0.releases.6.tender.documents.2,0.releases.6,0,112023172513754-7856,tenderNotice,Terms of Reference ,2023-11-11T18:10:49Z
0.releases.7.tender.documents.0,0.releases.7,0,112025120608877-7c8d,tenderNotice,Amended Bidding Document,2025-11-07T13:58:42Z
0.releases.7.tender.documents.1,0.releases.7,0,112025143641326-7905,tenderNotice,Bidding Document,2025-11-07T13:58:42Z
0.releases.7.tender.documents.2,0.releases.7,0,112025143641840-7904,tenderNotice,Beneficial Ownership Disclosure Form,2025-11-07T13:58:42Z
0.releases.9.tender.documents.0,0.releases.9,0,012025103513130-6592,tenderNotice,EOI Letter,2025-01-30T14:51:11Z
0.releases.9.tender.documents.1,0.releases.9,0,012025103513143-6591,tenderNotice,ToRs,2025-01-30T14:51:11Z
0.releases.9.tender.documents.2,0.releases.9,0,012025103513157-6590,tenderNotice,Beneficial Ownership ,2025-01-30T14:51:11Z
0.releases.9.tender.documents.3,0.releases.9,0,052025104803854-7d85,tenderNotice,RFP,2025-05-28T11:05:48Z
0.releases.9.tender.documents.4,0.releases.9,0,052025104803911-7d84,tenderNotice,TORs,2025-05-28T11:05:48Z
0.releases.9.tender.documents.5,0.releases.9,0,052025104803960-7d83,tenderNotice,Beneficial ownership,2025-05-28T11:05:48Z
0.releases.10.tender.documents.0,0.releases.10,0,012025103513130-6592,tenderNotice,EOI Letter,2025-01-30T14:51:11Z
0.releases.10.tender.documents.1,0.releases.10,0,012025103513143-6591,tenderNotice,ToRs,2025-01-30T14:51:11Z
0.releases.10.tender.documents.2,0.releases.10,0,012025103513157-6590,tenderNotice,Beneficial Ownership ,2025-01-30T14:51:11Z
0.releases.10.tender.documents.3,0.releases.10,0,052025104803854-7d85,tenderNotice,RFP,2025-05-28T11:05:48Z
0.releases.10.tender.documents.4,0.releases.10,0,052025104803911-7d84,tenderNotice,TORs,2025-05-28T11:05:48Z
0.releases.10.tender.documents.5,0.releases.10,0,052025104803960-7d83,tenderNotice,Beneficial ownership,2025-05-28T11:05:48Z
0.releases.11.tender.documents.0,0.releases.11,0,062024143500929-7ff9,tenderNotice,Request for Expression of Interest,2024-06-07T12:42:39Z
0.releases.11.tender.documents.1,0.releases.11,0,072024175612442-7f8d,tenderNotice,Request for Proposal ,2024-08-26T09:52:21Z
0.releases.11.tender.documents.2,0.releases.11,0,082024073652105-7fe2,tenderNotice,amended Request for Proposal ,2024-08-26T09:52:21Z
0.releases.11.tender.documents.3,0.releases.11,0,082024095200794-7fef,tenderNotice,Amended Request for Proposal Final Version ,2024-08-26T09:52:21Z
0.releases.12.tender.documents.0,0.releases.12,0,062024143500929-7ff9,tenderNotice,Request for Expression of Interest,2024-06-07T12:42:39Z
0.releases.12.tender.documents.1,0.releases.12,0,072024175612442-7f8d,tenderNotice,Request for Proposal ,2024-08-26T09:52:21Z
0.releases.12.tender.documents.2,0.releases.12,0,082024073652105-7fe2,tenderNotice,amended Request for Proposal ,2024-08-26T09:52:21Z
0.releases.12.tender.documents.3,0.releases.12,0,082024095200794-7fef,tenderNotice,Amended Request for Proposal Final Version ,2024-08-26T09:52:21Z
0.releases.13.tender.documents.0,0.releases.13,0,102025112203743-7ff5,tenderNotice,Amended Tender Document,2025-10-31T11:35:18Z
0.releases.13.tender.documents.1,0.releases.13,0,102025135644551-7fea,tenderNotice,Tender Document,2025-10-31T11:35:18Z
0.releases.13.tender.documents.2,0.releases.13,0,102025135644563-7fe9,tenderNotice,Beneficial Ownership Disclosure Declaration form,2025-10-31T11:35:18Z
0.releases.14.tender.documents.0,0.releases.14,0,112025105906243-7fa6,tenderNotice,DAO,2025-12-03T17:11:58Z
0.releases.14.tender.documents.1,0.releases.14,0,112025105906518-7fa5,tenderNotice,Beneficial ownership,2025-12-03T17:11:58Z
0.releases.14.tender.documents.2,0.releases.14,0,122025113640776-6bf7,tenderNotice,Amended DAO,2025-12-03T17:11:58Z
0.releases.14.tender.documents.3,0.releases.14,0,122025113640787-6bf6,tenderNotice,Notice of Amendment,2025-12-03T17:11:58Z
0.releases.15.tender.documents.0,0.releases.15,0,102025160229670-7ff1,tenderNotice,Tender Document,2025-10-24T09:39:24Z
0.releases.16.tender.documents.0,0.releases.16,0,122024120847185-7fb7,tenderNotice,FORM TO BE SIGNED,2024-12-12T16:15:00Z
0.releases.16.tender.documents.1,0.releases.16,0,122024122932634-796d,tenderNotice,TD,2024-12-12T16:15:00Z
0.releases.17.tender.documents.0,0.releases.17,0,102025160229670-7ff1,tenderNotice,Tender Document,2025-10-24T09:39:24Z
0.releases.18.tender.documents.0,0.releases.18,0,102025154557515-7fd8,tenderNotice,PRINTING TENDER DOCUMENT,2025-10-29T19:45:25Z
0.releases.19.tender.documents.0,0.releases.19,0,102025160229670-7ff1,tenderNotice,Tender Document,2025-10-24T09:39:24Z
0.releases.20.tender.documents.0,0.releases.20,0,102025160229670-7ff1,tenderNotice,Tender Document,2025-10-24T09:39:24Z
0.releases.21.tender.documents.0,0.releases.21,0,012026135943799-5886,tenderNotice,BENEFICIAL OWNERSHIP DISCLOUSER FORM ,2026-01-05T10:40:38Z
0.releases.21.tender.documents.1,0.releases.21,0,012026144714626-5882,tenderNotice,RELAUNCHED TENDER DOCUMENT,2026-01-05T10:40:38Z
0.releases.23.tender.documents.0,0.releases.23,0,112025195219554-7b30,tenderNotice,TENDR DOCUMENT ,2025-12-12T14:31:48Z
0.releases.23.tender.documents.1,0.releases.23,0,112025195219567-7b2f,tenderNotice,BENEFICIAL OWNERSHIP DISCLOSURE FORM,2025-12-12T14:31:48Z
0.releases.25.tender.documents.0,0.releases.25,0,122025111352872-7f41,tenderNotice,DAO,2025-12-16T19:45:12Z
0.releases.25.tender.documents.1,0.releases.25,0,122025111352879-7f40,tenderNotice,Beneficial ownership disclosure form,2025-12-16T19:45:12Z
0.releases.26.tender.documents.0,0.releases.26,0,112023151427010-7f96,tenderNotice,Hire a company to provide TV weather presenters outfit,2023-11-03T14:54:09Z
0.releases.27.tender.documents.0,0.releases.27,0,112023151427010-7f96,tenderNotice,Hire a company to provide TV weather presenters outfit,2023-11-03T14:54:09Z
0.releases.30.tender.documents.0,0.releases.30,0,042023182449557-5547,tenderNotice,tender document,2023-05-25T10:27:07Z
0.releases.31.tender.documents.0,0.releases.31,0,062024212609393-7e91,tenderNotice,Tender document,2024-08-07T09:12:13Z
0.releases.32.tender.documents.0,0.releases.32,0,082023092553852-7fea,tenderNotice,EOI,2023-08-28T15:05:17Z
0.releases.32.tender.documents.1,0.releases.32,0,112023160322058-7f12,tenderNotice,Tender Document,2023-11-14T21:54:58Z
0.releases.33.tender.documents.0,0.releases.33,0,082023092553852-7fea,tenderNotice,EOI,2023-08-28T15:05:17Z
0.releases.33.tender.documents.1,0.releases.33,0,112023160322058-7f12,tenderNotice,Tender Document,2023-11-14T21:54:58Z
0.releases.34.tender.documents.0,0.releases.34,0,012022140256547-7f98,tenderNotice,REOI,2022-01-24T10:22:10Z
0.releases.34.tender.documents.1,0.releases.34,0,032022155045613-7f4c,tenderNotice,RFP,2022-04-12T08:59:13Z
0.releases.34.tender.documents.2,0.releases.34,0,042022090653898-7a68,tenderNotice,Amended RFP,2022-04-12T08:59:13Z
0.releases.35.tender.documents.0,0.releases.35,0,012022140256547-7f98,tenderNotice,REOI,2022-01-24T10:22:10Z
0.releases.35.tender.documents.1,0.releases.35,0,032022155045613-7f4c,tenderNotice,RFP,2022-04-12T08:59:13Z
0.releases.35.tender.documents.2,0.releases.35,0,042022090653898-7a68,tenderNotice,Amended RFP,2022-04-12T08:59:13Z
0.releases.36.tender.documents.0,0.releases.36,0,092023145333863-651e,tenderNotice,Tender document,2023-09-13T15:28:51Z
0.releases.37.tender.documents.0,0.releases.37,0,112025142105965-7fea,tenderNotice,Technical Specification,2025-11-18T10:27:45Z
0.releases.37.tender.documents.1,0.releases.37,0,112025142106093-7fe9,tenderNotice,Tender document,2025-11-18T10:27:45Z
0.releases.37.tender.documents.2,0.releases.37,0,112025142106099-7fe8,tenderNotice,Beneficial ownership disclosure declaration form,2025-11-18T10:27:45Z
0.releases.38.tender.documents.0,0.releases.38,0,112025142105965-7fea,tenderNotice,Technical Specification,2025-11-18T10:27:45Z
0.releases.38.tender.documents.1,0.releases.38,0,112025142106093-7fe9,tenderNotice,Tender document,2025-11-18T10:27:45Z
0.releases.38.tender.documents.2,0.releases.38,0,112025142106099-7fe8,tenderNotice,Beneficial ownership disclosure declaration form,2025-11-18T10:27:45Z
0.releases.39.tender.documents.0,0.releases.39,0,012026190749442-5890,tenderNotice,Tender document,2026-01-02T23:09:51Z
0.releases.39.tender.documents.1,0.releases.39,0,122025113716682-5a14,tenderNotice,Beneficial ownership declaration form,2026-01-02T23:09:51Z
0.releases.40.tender.documents.0,0.releases.40,0,122025125538207-59bb,tenderNotice,Tender Document,2026-01-03T06:50:56Z
0.releases.41.tender.documents.0,0.releases.41,0,112025100916703-7f1c,tenderNotice,DAO,2025-11-26T11:08:49Z
0.releases.41.tender.documents.1,0.releases.41,0,112025100916712-7f1b,tenderNotice,Technical specifications,2025-11-26T11:08:49Z
0.releases.41.tender.documents.2,0.releases.41,0,112025100916716-7f1a,tenderNotice,Beneficial Ownership,2025-11-26T11:08:49Z
0.releases.42.tender.documents.0,0.releases.42,0,102025144803339-7f56,tenderNotice,DAO -RE-ADVERTISEMENT HBECD PORRIDGE,2025-10-23T11:04:46Z
0.releases.43.tender.documents.0,0.releases.43,0,102025133538519-7ff8,tenderNotice,SECOND AMENDMENT OF TENDER DOCUMENT,2025-10-21T14:57:17Z
0.releases.43.tender.documents.1,0.releases.43,0,102025162248512-7edd,tenderNotice,AMENDED TENDER DOCUMENT,2025-10-21T14:57:17Z
0.releases.43.tender.documents.2,0.releases.43,0,102025163450868-7b3b,tenderNotice,TENDER DOCUMENT,2025-10-21T14:57:17Z
0.releases.43.tender.documents.3,0.releases.43,0,102025163450874-7b3a,tenderNotice,Beneficial ownership,2025-10-21T14:57:17Z
0.releases.44.tender.documents.0,0.releases.44,0,012022140256547-7f98,tenderNotice,REOI,2022-01-24T10:22:10Z
0.releases.44.tender.documents.1,0.releases.44,0,032022155045613-7f4c,tenderNotice,RFP,2022-04-12T08:59:13Z
0.releases.44.tender.documents.2,0.releases.44,0,042022090653898-7a68,tenderNotice,Amended RFP,2022-04-12T08:59:13Z
0.releases.45.tender.documents.0,0.releases.45,0,012022140256547-7f98,tenderNotice,REOI,2022-01-24T10:22:10Z
0.releases.45.tender.documents.1,0.releases.45,0,032022155045613-7f4c,tenderNotice,RFP,2022-04-12T08:59:13Z
0.releases.45.tender.documents.2,0.releases.45,0,042022090653898-7a68,tenderNotice,Amended RFP,2022-04-12T08:59:13Z
0.releases.46.tender.documents.0,0.releases.46,0,082023092553852-7fea,tenderNotice,EOI,2023-08-28T15:05:17Z
0.releases.46.tender.documents.1,0.releases.46,0,112023160322058-7f12,tenderNotice,Tender Document,2023-11-14T21:54:58Z
0.releases.47.tender.documents.0,0.releases.47,0,082023092553852-7fea,tenderNotice,EOI,2023-08-28T15:05:17Z
0.releases.47.tender.documents.1,0.releases.47,0,112023160322058-7f12,tenderNotice,Tender Document,2023-11-14T21:54:58Z
0.releases.48.tender.documents.0,0.releases.48,0,012026112633673-7c6b,tenderNotice,Tender document,2026-01-05T13:12:45Z
0.releases.48.tender.documents.1,0.releases.48,0,012026112633681-7c6a,tenderNotice,Beneficial ownership disclosure,2026-01-05T13:12:45Z
0.releases.50.tender.documents.0,0.releases.50,0,012026111950908-7c6e,tenderNotice,Tender document,2026-01-05T13:12:03Z
0.releases.50.tender.documents.1,0.releases.50,0,012026111950919-7c6d,tenderNotice,Beneficial ownership disclosure,2026-01-05T13:12:03Z
0.releases.52.tender.documents.0,0.releases.52,0,012026173120733-586c,tenderNotice,TENDER DOCUMENT,2026-01-05T13:12:23Z
0.releases.52.tender.documents.1,0.releases.52,0,012026173120753-586b,tenderNotice,Beneficial ownership disclosure,2026-01-05T13:12:23Z
0.releases.56.tender.documents.0,0.releases.56,0,102025115826247-7fea,tenderNotice,Tender Document,2025-10-08T14:32:46Z
0.releases.57.tender.documents.0,0.releases.57,0,122025155231933-7df9,tenderNotice,Beneficial ownership declaration form,2025-12-02T15:52:31Z
0.releases.58.tender.documents.0,0.releases.58,0,122025155231933-7df9,tenderNotice,Beneficial ownership declaration form,2025-12-02T15:52:31Z
0.releases.59.tender.documents.0,0.releases.59,0,122025155231933-7df9,tenderNotice,Beneficial ownership declaration form,2025-12-02T15:52:31Z
0.releases.61.tender.documents.0,0.releases.61,0,122025155231933-7df9,tenderNotice,Beneficial ownership declaration form,2025-12-02T15:52:31Z
0.releases.63.tender.documents.0,0.releases.63,0,122025121658994-7ce2,tenderNotice,Tender Document ,2026-01-03T14:27:52Z
0.releases.63.tender.documents.1,0.releases.63,0,122025121658997-7ce1,tenderNotice,Technical specification,2026-01-03T14:27:52Z
0.releases.63.tender.documents.2,0.releases.63,0,122025121659000-7ce0,tenderNotice,Beneficial ownership,2026-01-03T14:27:52Z
0.releases.65.tender.documents.0,0.releases.65,0,102025160229670-7ff1,tenderNotice,Tender Document,2025-10-24T09:39:24Z
0.releases.66.tender.documents.0,0.releases.66,0,102025164808695-7b37,tenderNotice,TENDER Document,2025-10-02T09:08:09Z
0.releases.67.tender.documents.0,0.releases.67,0,102025171048946-7b2b,tenderNotice,Tender Document,2025-10-16T18:12:31Z
0.releases.67.tender.documents.1,0.releases.67,0,102025171048952-7b2a,tenderNotice,BOQ,2025-10-16T18:12:31Z
0.releases.67.tender.documents.2,0.releases.67,0,102025171048955-7b29,tenderNotice,Beneficial ownership disclosure form,2025-10-16T18:12:31Z
0.releases.68.tender.documents.0,0.releases.68,0,112024221642686-7fe7,tenderNotice,Tender document,2024-11-14T15:43:36Z
0.releases.68.tender.documents.1,0.releases.68,0,112024221642700-7fe6,tenderNotice,Beneficial ownership declaration form,2024-11-14T15:43:36Z
0.releases.69.tender.documents.0,0.releases.69,0,112023155427612-7c73,tenderNotice,TENDER DOCUMENT,2023-11-18T20:44:01Z
0.releases.70.tender.documents.0,0.releases.70,0,102025154557515-7fd8,tenderNotice,PRINTING TENDER DOCUMENT,2025-10-29T19:45:25Z
0.releases.71.tender.documents.0,0.releases.71,0,092024132415213-7dd5,tenderNotice,TD,2024-09-18T13:39:07Z
0.releases.71.tender.documents.1,0.releases.71,0,092024132415231-7dd4,tenderNotice,Form,2024-09-18T13:39:07Z
0.releases.72.tender.documents.0,0.releases.72,0,102025154557515-7fd8,tenderNotice,PRINTING TENDER DOCUMENT,2025-10-29T19:45:25Z
0.releases.73.tender.documents.0,0.releases.73,0,102025154557515-7fd8,tenderNotice,PRINTING TENDER DOCUMENT,2025-10-29T19:45:25Z
0.releases.74.tender.documents.0,0.releases.74,0,102025154557515-7fd8,tenderNotice,PRINTING TENDER DOCUMENT,2025-10-29T19:45:25Z
0.releases.75.tender.documents.0,0.releases.75,0,102025154557515-7fd8,tenderNotice,PRINTING TENDER DOCUMENT,2025-10-29T19:45:25Z
0.releases.76.tender.documents.0,0.releases.76,0,102025154557515-7fd8,tenderNotice,PRINTING TENDER DOCUMENT,2025-10-29T19:45:25Z
0.releases.77.tender.documents.0,0.releases.77,0,012026182528690-5871,tenderNotice,TD,2026-01-03T18:25:28Z
0.releases.78.tender.documents.0,0.releases.78,0,012026182528690-5871,tenderNotice,TD,2026-01-03T18:25:28Z
0.releases.79.tender.documents.0,0.releases.79,0,092023103324852-7b55,tenderNotice,Tender document,2023-09-08T10:05:46Z
0.releases.80.tender.documents.0,0.releases.80,0,102024170429969-6ca1,tenderNotice,Tender document for annual provisions of sports services ,2024-10-17T15:55:41Z
0.releases.80.tender.documents.1,0.releases.80,0,102024170429980-6ca0,tenderNotice,Beneficial ownership disclosure form ,2024-10-17T15:55:41Z
0.releases.81.tender.documents.0,0.releases.81,0,102024170429969-6ca1,tenderNotice,Tender document for annual provisions of sports services ,2024-10-17T15:55:41Z
0.releases.81.tender.documents.1,0.releases.81,0,102024170429980-6ca0,tenderNotice,Beneficial ownership disclosure form ,2024-10-17T15:55:41Z
0.releases.82.tender.documents.0,0.releases.82,0,102024170429969-6ca1,tenderNotice,Tender document for annual provisions of sports services ,2024-10-17T15:55:41Z
0.releases.82.tender.documents.1,0.releases.82,0,102024170429980-6ca0,tenderNotice,Beneficial ownership disclosure form ,2024-10-17T15:55:41Z
0.releases.83.tender.documents.0,0.releases.83,0,092024132415213-7dd5,tenderNotice,TD,2024-09-18T13:39:07Z
0.releases.83.tender.documents.1,0.releases.83,0,092024132415231-7dd4,tenderNotice,Form,2024-09-18T13:39:07Z
0.releases.84.tender.documents.0,0.releases.84,0,092025103149447-7fcf,tenderNotice,TENDER DOCUMENT,2025-09-24T13:10:04Z
0.releases.84.tender.documents.1,0.releases.84,0,092025103152359-7fce,tenderNotice,BENEFICIAL OWNERSHIP DISCLOSURE DECLARATION FORM,2025-09-24T13:10:04Z
0.releases.84.tender.documents.2,0.releases.84,0,092025122230920-7c21,tenderNotice,TENDER DOCUMENT,2025-09-24T13:10:04Z
0.releases.84.tender.documents.3,0.releases.84,0,092025131232444-7ee2,tenderNotice,TENDER DOCUMENT,2025-09-24T13:10:04Z
0.releases.85.tender.documents.0,0.releases.85,0,102023120159181-7cce,tenderNotice,Tender document,2023-10-06T23:52:47Z
0.releases.87.tender.documents.0,0.releases.87,0,102023164900815-6024,tenderNotice,Tender document,2023-10-25T09:35:56Z
0.releases.88.tender.documents.0,0.releases.88,0,012025103513130-6592,tenderNotice,EOI Letter,2025-01-30T14:51:11Z
0.releases.88.tender.documents.1,0.releases.88,0,012025103513143-6591,tenderNotice,ToRs,2025-01-30T14:51:11Z
0.releases.88.tender.documents.2,0.releases.88,0,012025103513157-6590,tenderNotice,Beneficial Ownership ,2025-01-30T14:51:11Z
0.releases.88.tender.documents.3,0.releases.88,0,052025104803854-7d85,tenderNotice,RFP,2025-05-28T11:05:48Z
0.releases.88.tender.documents.4,0.releases.88,0,052025104803911-7d84,tenderNotice,TORs,2025-05-28T11:05:48Z
0.releases.88.tender.documents.5,0.releases.88,0,052025104803960-7d83,tenderNotice,Beneficial ownership,2025-05-28T11:05:48Z
0.releases.89.tender.documents.0,0.releases.89,0,012025103513130-6592,tenderNotice,EOI Letter,2025-01-30T14:51:11Z
0.releases.89.tender.documents.1,0.releases.89,0,012025103513143-6591,tenderNotice,ToRs,2025-01-30T14:51:11Z
0.releases.89.tender.documents.2,0.releases.89,0,012025103513157-6590,tenderNotice,Beneficial Ownership ,2025-01-30T14:51:11Z
0.releases.89.tender.documents.3,0.releases.89,0,052025104803854-7d85,tenderNotice,RFP,2025-05-28T11:05:48Z
0.releases.89.tender.documents.4,0.releases.89,0,052025104803911-7d84,tenderNotice,TORs,2025-05-28T11:05:48Z
0.releases.89.tender.documents.5,0.releases.89,0,052025104803960-7d83,tenderNotice,Beneficial ownership,2025-05-28T11:05:48Z
0.releases.90.tender.documents.0,0.releases.90,0,082025152105196-7fcf,tenderNotice,BID DOCUMENT,2025-08-29T17:36:57Z
0.releases.90.tender.documents.1,0.releases.90,0,082025152105213-7fce,tenderNotice,Declaration of beneficial ownership letter (well filled and signed).,2025-08-29T17:36:57Z
0.releases.91.tender.documents.0,0.releases.91,0,102025160229670-7ff1,tenderNotice,Tender Document,2025-10-24T09:39:24Z
0.releases.92.tender.documents.0,0.releases.92,0,012024164906136-784c,tenderNotice,EOI-Consultancy Services to provide Contract Management and Construction Supervision for 6 flood risk hotspots   implementation,2024-01-07T20:44:26Z
0.releases.92.tender.documents.1,0.releases.92,0,022024162815719-7614,tenderNotice,RFP,2024-02-21T19:49:44Z
0.releases.93.tender.documents.0,0.releases.93,0,012024164906136-784c,tenderNotice,EOI-Consultancy Services to provide Contract Management and Construction Supervision for 6 flood risk hotspots   implementation,2024-01-07T20:44:26Z
0.releases.93.tender.documents.1,0.releases.93,0,022024162815719-7614,tenderNotice,RFP,2024-02-21T19:49:44Z
0.releases.95.tender.documents.0,0.releases.95,0,112023150506598-7da9,tenderNotice,Tender Document,2023-12-04T08:39:39Z
0.releases.95.tender.documents.1,0.releases.95,0,112023150506631-7da8,tenderNotice,Technical specifications,2023-12-04T08:39:39Z
0.releases.96.tender.documents.0,0.releases.96,0,012024164906136-784c,tenderNotice,EOI-Consultancy Services to provide Contract Management and Construction Supervision for 6 flood risk hotspots   implementation,2024-01-07T20:44:26Z
0.releases.96.tender.documents.1,0.releases.96,0,022024162815719-7614,tenderNotice,RFP,2024-02-21T19:49:44Z
0.releases.97.tender.documents.0,0.releases.97,0,012024164906136-784c,tenderNotice,EOI-Consultancy Services to provide Contract Management and Construction Supervision for 6 flood risk hotspots   implementation,2024-01-07T20:44:26Z
0.releases.97.tender.documents.1,0.releases.97,0,022024162815719-7614,tenderNotice,RFP,2024-02-21T19:49:44Z
0.releases.98.tender.documents.0,0.releases.98,0,112024101407852-7f3d,tenderNotice,DAO AMMENDMENT,2024-11-07T14:02:49Z
0.releases.98.tender.documents.1,0.releases.98,0,112024125826716-59ba,tenderNotice,DAO,2024-11-07T14:02:49Z
0.releases.99.tender.documents.0,0.releases.99,0,112023155427612-7c73,tenderNotice,TENDER DOCUMENT,2023-11-18T20:44:01Z
0.releases.100.tender.documents.0,0.releases.100,0,102025122439142-7fe1,tenderNotice,Tender document,2025-10-14T08:38:30Z
0.releases.101.tender.documents.0,0.releases.101,0,102025162418105-7ccb,tenderNotice,TD,2025-10-10T22:39:47Z
0.releases.103.tender.documents.0,0.releases.103,0,012026063308729-7c7c,tenderNotice,TENDER DOCUMENT,2026-01-05T08:53:23Z
0.releases.103.tender.documents.1,0.releases.103,0,012026063308742-7c7b,tenderNotice,DISCLOSE OWNERSHIP,2026-01-05T08:53:23Z
0.releases.105.tender.documents.0,0.releases.105,0,102022131515876-7fba,tenderNotice,Tender document ,2022-11-23T12:50:05Z
0.releases.105.tender.documents.1,0.releases.105,0,112022111136582-7f8d,tenderNotice,Updated tender document,2022-11-23T12:50:05Z
0.releases.106.tender.documents.0,0.releases.106,0,082022145712120-7b5a,tenderNotice,Tender document,2022-08-23T15:33:15Z
0.releases.108.tender.documents.0,0.releases.108,0,012026063308729-7c7c,tenderNotice,TENDER DOCUMENT,2026-01-05T08:53:23Z
0.releases.108.tender.documents.1,0.releases.108,0,012026063308742-7c7b,tenderNotice,DISCLOSE OWNERSHIP,2026-01-05T08:53:23Z
0.releases.109.tender.documents.0,0.releases.109,0,012026090404858-7c7a,tenderNotice,Supply of stationery,2026-01-05T11:19:41Z
0.releases.111.tender.documents.0,0.releases.111,0,092024142734475-7d5b,tenderNotice,Tender document,2024-09-19T17:24:55Z
0.releases.111.tender.documents.1,0.releases.111,0,092024155423307-7cf4,tenderNotice,Beneficial Ownership Disclosure Declaration form,2024-09-19T17:24:55Z
0.releases.112.tender.documents.0,0.releases.112,0,112025115256042-7fea,tenderNotice,Amended tender document ,2025-12-05T14:52:47Z
0.releases.112.tender.documents.1,0.releases.112,0,112025115256050-7fe9,tenderNotice,Amended advert,2025-12-05T14:52:47Z
0.releases.112.tender.documents.2,0.releases.112,0,112025130637115-7fc6,tenderNotice,Amended tender document,2025-12-05T14:52:47Z
0.releases.112.tender.documents.3,0.releases.112,0,112025130637124-7fc5,tenderNotice,Amendment advert,2025-12-05T14:52:47Z
0.releases.112.tender.documents.4,0.releases.112,0,112025155435929-7055,tenderNotice,Last Amendment,2025-12-05T14:52:47Z
0.releases.112.tender.documents.5,0.releases.112,0,112025171152655-7f17,tenderNotice,Tender document,2025-12-05T14:52:47Z
0.releases.112.tender.documents.6,0.releases.112,0,122025144030538-7b87,tenderNotice,RE-AMMENDMENT,2025-12-05T14:52:47Z
0.releases.113.tender.documents.0,0.releases.113,0,092025095325770-7ff7,tenderNotice,DAO,2025-11-05T09:55:26Z
0.releases.113.tender.documents.1,0.releases.113,0,092025162933855-7fdf,tenderNotice,Technical Specifications,2025-11-05T09:55:26Z
0.releases.113.tender.documents.2,0.releases.113,0,092025162933864-7fde,tenderNotice,A S,2025-11-05T09:55:26Z
0.releases.113.tender.documents.3,0.releases.113,0,092025162933875-7fdd,tenderNotice,Beneficial Ownership,2025-11-05T09:55:26Z
0.releases.113.tender.documents.4,0.releases.113,0,092025162933885-7fdc,tenderNotice,T S and Manufacturer Form,2025-11-05T09:55:26Z
0.releases.113.tender.documents.5,0.releases.113,0,092025165416727-7f7c,tenderNotice,T S,2025-11-05T09:55:26Z
0.releases.113.tender.documents.6,0.releases.113,0,102025111417209-7fe5,tenderNotice,SBD Amended ,2025-11-05T09:55:26Z
0.releases.114.tender.documents.0,0.releases.114,0,102025124136231-7ffe,tenderNotice,Tender document,2025-10-30T15:31:33Z
0.releases.115.tender.documents.0,0.releases.115,0,102025124136231-7ffe,tenderNotice,Tender document,2025-10-30T15:31:33Z
0.releases.116.tender.documents.0,0.releases.116,0,102025120747099-7e97,tenderNotice,TD,2025-10-13T14:18:49Z
0.releases.117.tender.documents.0,0.releases.117,0,102025151702406-7fea,tenderNotice,Tender Document,2025-10-05T20:42:54Z
0.releases.117.tender.documents.1,0.releases.117,0,102025151702411-7fe9,tenderNotice,Beneficial ownership disclosure declaration form,2025-10-05T20:42:54Z
0.releases.118.tender.documents.0,0.releases.118,0,012026114424650-566d,tenderNotice,REOI,2026-01-06T17:07:43Z
0.releases.120.tender.documents.0,0.releases.120,0,122025123616160-59c9,tenderNotice,RFP,2026-01-05T09:45:23Z
0.releases.120.tender.documents.1,0.releases.120,0,122025123616178-59c8,tenderNotice,RPPA authorization,2026-01-05T09:45:23Z
0.releases.121.tender.documents.0,0.releases.121,0,102025160229670-7ff1,tenderNotice,Tender Document,2025-10-24T09:39:24Z
0.releases.122.tender.documents.0,0.releases.122,0,112025153824912-7ecc,tenderNotice,Dao of Purchase of medical equipments,2025-11-28T12:08:12Z
0.releases.122.tender.documents.1,0.releases.122,0,112025153824922-7ecb,tenderNotice,Beneficial Ownership Disclosure form,2025-11-28T12:08:12Z
0.releases.123.tender.documents.0,0.releases.123,0,112023192306851-7fbf,tenderNotice,TENDER DOCUMENT,2023-11-10T09:46:31Z
0.releases.124.tender.documents.0,0.releases.124,0,102023114355559-7bfd,tenderNotice,Bidding document,2023-10-06T23:52:08Z
0.releases.125.tender.documents.0,0.releases.125,0,092025165547494-7ccb,tenderNotice,Supply of charcoal and wood wastes,2025-09-26T17:50:18Z
0.releases.125.tender.documents.1,0.releases.125,0,092025165547559-7cca,tenderNotice,Beneficial Ownership disclosure form,2025-09-26T17:50:18Z
0.releases.126.tender.documents.0,0.releases.126,0,102023114355559-7bfd,tenderNotice,Bidding document,2023-10-06T23:52:08Z
0.releases.127.tender.documents.0,0.releases.127,0,102023114355559-7bfd,tenderNotice,Bidding document,2023-10-06T23:52:08Z
0.releases.128.tender.documents.0,0.releases.128,0,102023114355559-7bfd,tenderNotice,Bidding document,2023-10-06T23:52:08Z
0.releases.129.tender.documents.0,0.releases.129,0,102023120159181-7cce,tenderNotice,Tender document,2023-10-06T23:52:47Z
0.releases.130.tender.documents.0,0.releases.130,0,122025142457722-7f5d,tenderNotice,Terms of reference ,2025-12-08T15:28:19Z
0.releases.131.tender.documents.0,0.releases.131,0,012026113428321-4efe,tenderNotice,Request for quotation,2026-01-08T15:58:15Z
0.releases.134.tender.documents.0,0.releases.134,0,012026085112824-586a,tenderNotice,Beneficial,2026-01-05T10:13:20Z
0.releases.134.tender.documents.1,0.releases.134,0,122025143424972-7ae6,tenderNotice,Tender Document,2026-01-05T10:13:20Z
0.releases.134.tender.documents.2,0.releases.134,0,122025143424984-7ae5,tenderNotice,Drawing,2026-01-05T10:13:20Z
0.releases.134.tender.documents.3,0.releases.134,0,122025191021047-7a88,tenderNotice,DAOAmendment ,2026-01-05T10:13:20Z
0.releases.136.tender.documents.0,0.releases.136,0,102023114355559-7bfd,tenderNotice,Bidding document,2023-10-06T23:52:08Z
0.releases.137.tender.documents.0,0.releases.137,0,112025092020937-7f22,tenderNotice,Tender document,2025-12-01T12:09:16Z
0.releases.137.tender.documents.1,0.releases.137,0,112025122705614-7df6,tenderNotice,Beneficial Ownership ,2025-12-01T12:09:16Z
0.releases.138.tender.documents.0,0.releases.138,0,102025124136231-7ffe,tenderNotice,Tender document,2025-10-30T15:31:33Z
0.releases.140.tender.documents.0,0.releases.140,0,122025140755227-6b76,tenderNotice,Terms of References,2025-12-03T19:32:17Z
0.releases.141.tender.documents.0,0.releases.141,0,012026103552472-56ac,tenderNotice,RFP,2026-01-08T21:39:13Z
0.releases.141.tender.documents.1,0.releases.141,0,012026103552510-56ab,tenderNotice,Beneficial ownership Disclosure to be signed,2026-01-08T21:39:13Z
0.releases.141.tender.documents.2,0.releases.141,0,012026141330996-4eeb,tenderNotice,Amendment RFP,2026-01-08T21:39:13Z
0.releases.144.tender.documents.0,0.releases.144,0,122025173148909-7e96,tenderNotice,Tender Document,2025-12-18T18:16:53Z
0.releases.145.tender.documents.0,0.releases.145,0,012026135943799-5886,tenderNotice,BENEFICIAL OWNERSHIP DISCLOUSER FORM ,2026-01-05T10:40:38Z
0.releases.145.tender.documents.1,0.releases.145,0,012026144714626-5882,tenderNotice,RELAUNCHED TENDER DOCUMENT,2026-01-05T10:40:38Z
0.releases.146.tender.documents.0,0.releases.146,0,102025170701246-7b2d,tenderNotice,Tender document for Printing services ,2025-10-16T17:51:09Z
0.releases.147.tender.documents.0,0.releases.147,0,112025142421427-7b57,tenderNotice,TENDDER DOCUMENT,2025-11-14T14:56:11Z
0.releases.149.tender.documents.0,0.releases.149,0,092025155401070-6d23,tenderNotice,DAO,2025-09-16T14:38:14Z
0.releases.150.tender.documents.0,0.releases.150,0,102025160229670-7ff1,tenderNotice,Tender Document,2025-10-24T09:39:24Z
0.releases.151.tender.documents.0,0.releases.151,0,012026104828141-56a9,tenderNotice,RFP,2026-01-05T14:53:29Z
0.releases.151.tender.documents.1,0.releases.151,0,012026104829036-56a8,tenderNotice,Beneficial ownership Disclosure to be signed,2026-01-05T14:53:29Z
0.releases.153.tender.documents.0,0.releases.153,0,112025162558584-7398,tenderNotice,BD for ICT training Consumables,2025-11-28T22:52:00Z
0.releases.153.tender.documents.1,0.releases.153,0,112025162558598-7397,tenderNotice,Beneficial Ownership Disclosure form,2025-11-28T22:52:00Z
0.releases.154.tender.documents.0,0.releases.154,0,012026105527816-56a7,tenderNotice,"Supply of sugar, coffee and tea made in Rwanda",2026-01-07T12:37:58Z
0.releases.156.tender.documents.0,0.releases.156,0,122025205745940-7e6b,tenderNotice,TENDER DOCUMENT,2025-12-09T20:57:47Z
0.releases.157.tender.documents.0,0.releases.157,0,102025173800616-7fee,tenderNotice,Tender document Girinka,2025-10-15T21:06:54Z
0.releases.158.tender.documents.0,0.releases.158,0,012026110048934-7c73,tenderNotice,Tender document,2026-01-07T15:49:35Z
0.releases.158.tender.documents.1,0.releases.158,0,012026110050048-7c72,tenderNotice,Beneficial ownership disclosure form,2026-01-07T15:49:35Z
0.releases.160.tender.documents.0,0.releases.160,0,092025181012157-7fc5,tenderNotice,Tender Document,2025-09-30T11:22:59Z
0.releases.160.tender.documents.1,0.releases.160,0,092025181012171-7fc4,tenderNotice,Beneficial ownership disclosure form,2025-09-30T11:22:59Z
0.releases.160.tender.documents.2,0.releases.160,0,092025181012176-7fc3,tenderNotice,placards drawing,2025-09-30T11:22:59Z
0.releases.160.tender.documents.3,0.releases.160,0,092025181012188-7fc2,tenderNotice,teacher table drawing,2025-09-30T11:22:59Z
0.releases.160.tender.documents.4,0.releases.160,0,092025181012195-7fc1,tenderNotice,teacher chair drawing,2025-09-30T11:22:59Z
0.releases.160.tender.documents.5,0.releases.160,0,092025181012205-7fc0,tenderNotice,student chair drawing,2025-09-30T11:22:59Z
0.releases.161.tender.documents.0,0.releases.161,0,012026110228624-5684,tenderNotice,REOI,2026-01-05T11:02:28Z
0.releases.162.tender.documents.0,0.releases.162,0,012026110228624-5684,tenderNotice,REOI,2026-01-05T11:02:28Z
0.releases.163.tender.documents.0,0.releases.163,0,112024140111332-740b,tenderNotice,Tender document,2024-11-07T13:17:55Z
0.releases.164.tender.documents.0,0.releases.164,0,102024143239862-798f,tenderNotice,TENDER DOCUMENT,2024-10-24T14:50:43Z
0.releases.165.tender.documents.0,0.releases.165,0,082025124953711-7fb1,tenderNotice,Tender Document ,2025-08-20T14:05:59Z
0.releases.165.tender.documents.1,0.releases.165,0,082025124953725-7fb0,tenderNotice,Beneficial Ownership Disclosure Declarationform.xlsx,2025-08-20T14:05:59Z
0.releases.166.tender.documents.0,0.releases.166,0,102025082306077-7fff,tenderNotice,Tender Document ,2025-10-30T11:55:57Z
0.releases.166.tender.documents.1,0.releases.166,0,102025082306088-7ffe,tenderNotice,TOR,2025-10-30T11:55:57Z
0.releases.166.tender.documents.2,0.releases.166,0,102025082306094-7ffd,tenderNotice,Signed Beneficial ownership disclosure form ,2025-10-30T11:55:57Z
0.releases.167.tender.documents.0,0.releases.167,0,092025155401070-6d23,tenderNotice,DAO,2025-09-16T14:38:14Z
0.releases.168.tender.documents.0,0.releases.168,0,042024121838170-6f6f,tenderNotice,Tender document,2024-04-25T16:14:12Z
0.releases.169.tender.documents.0,0.releases.169,0,092023103324852-7b55,tenderNotice,Tender document,2023-09-08T10:05:46Z
0.releases.170.tender.documents.0,0.releases.170,0,042024121838170-6f6f,tenderNotice,Tender document,2024-04-25T16:14:12Z
0.releases.171.tender.documents.0,0.releases.171,0,082025162712621-7980,tenderNotice,TD,2025-08-25T17:08:24Z
0.releases.171.tender.documents.1,0.releases.171,0,082025162712628-797f,tenderNotice,Drawing ,2025-08-25T17:08:24Z
0.releases.171.tender.documents.2,0.releases.171,0,082025162712644-797e,tenderNotice,Drawing,2025-08-25T17:08:24Z
0.releases.172.tender.documents.0,0.releases.172,0,082025163242569-7f49,tenderNotice,RFP,2025-08-25T17:08:08Z
0.releases.173.tender.documents.0,0.releases.173,0,112025162047092-7ebf,tenderNotice,Tender Document,2025-12-18T14:25:16Z
0.releases.173.tender.documents.1,0.releases.173,0,092025150555872-6d93,tenderNotice,Tender Document,2025-09-12T15:05:55Z
0.releases.174.tender.documents.0,0.releases.174,0,102024101633341-79ce,tenderNotice,Tender document,2024-10-09T13:27:58Z
0.releases.174.tender.documents.1,0.releases.174,0,102024101633351-79cd,tenderNotice,Beneficial Ownership Disclosure Declaration Form,2024-10-09T13:27:58Z
0.releases.175.tender.documents.0,0.releases.175,0,102025163939601-7fdc,tenderNotice,Tender document,2025-10-13T16:41:16Z
0.releases.175.tender.documents.1,0.releases.175,0,102025163939607-7fdb,tenderNotice,Technical Specification,2025-10-13T16:41:16Z
0.releases.175.tender.documents.2,0.releases.175,0,102025163939615-7fda,tenderNotice,Beneficial ownership disclosure form,2025-10-13T16:41:16Z
0.releases.176.tender.documents.0,0.releases.176,0,012026090404858-7c7a,tenderNotice,Supply of stationery,2026-01-05T11:19:41Z
0.releases.178.tender.documents.0,0.releases.178,0,102025163939601-7fdc,tenderNotice,Tender document,2025-10-13T16:41:16Z
0.releases.178.tender.documents.1,0.releases.178,0,102025163939607-7fdb,tenderNotice,Technical Specification,2025-10-13T16:41:16Z
0.releases.178.tender.documents.2,0.releases.178,0,102025163939615-7fda,tenderNotice,Beneficial ownership disclosure form,2025-10-13T16:41:16Z
0.releases.179.tender.documents.0,0.releases.179,0,012026112017190-7c6c,tenderNotice,Tender for supply of exotic Rabbits,2026-01-05T15:28:26Z
0.releases.181.tender.documents.0,0.releases.181,0,012026112322787-5683,tenderNotice,RFP,2026-01-06T17:11:27Z
0.releases.181.tender.documents.1,0.releases.181,0,012026112322818-5682,tenderNotice,Beneficial Ownership Disclosure form,2026-01-06T17:11:27Z
0.releases.183.tender.documents.0,0.releases.183,0,092025100323237-7fd3,tenderNotice,Beneficial ownership,2025-09-20T20:59:52Z
0.releases.183.tender.documents.1,0.releases.183,0,092025101726644-7fcb,tenderNotice,Tender document,2025-09-20T20:59:52Z
0.releases.184.tender.documents.0,0.releases.184,0,102025154557515-7fd8,tenderNotice,PRINTING TENDER DOCUMENT,2025-10-29T19:45:25Z
0.releases.187.tender.documents.0,0.releases.187,0,022023142757979-7c25,tenderNotice,EXPRESSION OF INTEREST,2023-02-28T09:16:14Z
0.releases.187.tender.documents.1,0.releases.187,0,052023082747356-6597,tenderNotice,RFP,2023-05-30T09:07:48Z
0.releases.188.tender.documents.0,0.releases.188,0,022023142757979-7c25,tenderNotice,EXPRESSION OF INTEREST,2023-02-28T09:16:14Z
0.releases.188.tender.documents.1,0.releases.188,0,052023082747356-6597,tenderNotice,RFP,2023-05-30T09:07:48Z
0.releases.190.tender.documents.0,0.releases.190,0,122025110455891-7fe6,tenderNotice,Tender Document,2025-12-13T09:24:19Z
0.releases.190.tender.documents.1,0.releases.190,0,122025110455897-7fe5,tenderNotice,Beneficial ownership disclosure declaration for,2025-12-13T09:24:19Z
0.releases.191.tender.documents.0,0.releases.191,0,102025105544327-7fe4,tenderNotice,Tender document,2025-10-22T11:30:39Z
0.releases.192.tender.documents.0,0.releases.192,0,012026110228624-5684,tenderNotice,REOI,2026-01-05T11:02:28Z
0.releases.195.tender.documents.0,0.releases.195,0,092025155401070-6d23,tenderNotice,DAO,2025-09-16T14:38:14Z
0.releases.196.tender.documents.0,0.releases.196,0,102024173034131-7fc1,tenderNotice,Tender document (Supply of kitchen utensils) re-advertisment,2024-10-11T10:11:26Z
0.releases.196.tender.documents.1,0.releases.196,0,102024173203777-7fc0,tenderNotice,Beneficial Ownership Disclosure Declaration Form,2024-10-11T10:11:26Z
0.releases.197.tender.documents.0,0.releases.197,0,122025154352530-7f27,tenderNotice,DAO,2025-12-16T16:49:29Z
0.releases.197.tender.documents.1,0.releases.197,0,122025164407557-72dc,tenderNotice,Ammendment DAO,2025-12-16T16:49:29Z
0.releases.198.tender.documents.0,0.releases.198,0,102025133538519-7ff8,tenderNotice,SECOND AMENDMENT OF TENDER DOCUMENT,2025-10-21T14:57:17Z
0.releases.198.tender.documents.1,0.releases.198,0,102025162248512-7edd,tenderNotice,AMENDED TENDER DOCUMENT,2025-10-21T14:57:17Z
0.releases.198.tender.documents.2,0.releases.198,0,102025163450868-7b3b,tenderNotice,TENDER DOCUMENT,2025-10-21T14:57:17Z
0.releases.198.tender.documents.3,0.releases.198,0,102025163450874-7b3a,tenderNotice,Beneficial ownership,2025-10-21T14:57:17Z
0.releases.199.tender.documents.0,0.releases.199,0,102025110818185-7fe0,tenderNotice,TD,2025-10-13T14:19:39Z
0.releases.200.tender.documents.0,0.releases.200,0,102024095331192-7fcf,tenderNotice,Tender Document,2024-10-03T08:43:00Z
0.releases.200.tender.documents.1,0.releases.200,0,102024151850937-7f3a,tenderNotice,AMENDMENT NOTE,2024-10-03T08:43:00Z
0.releases.202.tender.documents.0,0.releases.202,0,122025170540283-69f0,tenderNotice,TENDER DOCUMENT,2026-01-05T12:09:59Z
0.releases.203.tender.documents.0,0.releases.203,0,122025123538960-7c41,tenderNotice,TERMS OF REFERENCE ,2025-12-08T15:28:55Z
0.releases.204.tender.documents.0,0.releases.204,0,102025065956823-7fb1,tenderNotice,TENDER DOCUMENT,2025-11-01T19:54:38Z
0.releases.204.tender.documents.1,0.releases.204,0,102025065956829-7fb0,tenderNotice,Beneficial Ownership,2025-11-01T19:54:38Z
0.releases.205.tender.documents.0,0.releases.205,0,092025155401070-6d23,tenderNotice,DAO,2025-09-16T14:38:14Z
0.releases.206.tender.documents.0,0.releases.206,0,092025103738692-7d84,tenderNotice,DAO for Supply of Pig feeds,2025-09-26T09:05:09Z
0.releases.206.tender.documents.1,0.releases.206,0,092025103738707-7d83,tenderNotice,Beneficial Ownership ,2025-09-26T09:05:09Z
0.releases.207.tender.documents.0,0.releases.207,0,112025152621869-7fb0,tenderNotice,Tender document,2025-12-09T09:28:17Z
0.releases.207.tender.documents.1,0.releases.207,0,122025161140173-7f48,tenderNotice,Amended Tended,2025-12-09T09:28:17Z
0.releases.208.tender.documents.0,0.releases.208,0,112025122445917-7e4c,tenderNotice,DAO,2025-12-01T12:27:25Z
0.releases.209.tender.documents.0,0.releases.209,0,112025152621869-7fb0,tenderNotice,Tender document,2025-12-09T09:28:17Z
0.releases.209.tender.documents.1,0.releases.209,0,122025161140173-7f48,tenderNotice,Amended Tended,2025-12-09T09:28:17Z
0.releases.210.tender.documents.0,0.releases.210,0,102025162418105-7ccb,tenderNotice,TD,2025-10-10T22:39:47Z
0.releases.211.tender.documents.0,0.releases.211,0,082021084347123-7fec,tenderNotice,REOI,2021-09-13T13:21:13Z
0.releases.211.tender.documents.1,0.releases.211,0,082021195034335-7ff1,tenderNotice,Terms of Reference,2021-09-13T13:21:13Z
0.releases.212.tender.documents.0,0.releases.212,0,012026124724409-7c63,tenderNotice,Tender Document,2026-01-06T10:37:57Z
0.releases.212.tender.documents.1,0.releases.212,0,012026124724419-7c62,tenderNotice,Drawings ,2026-01-06T10:37:57Z
0.releases.214.tender.documents.0,0.releases.214,0,092025112717347-7cd9,tenderNotice,Amended DAO,2025-09-23T15:06:41Z
0.releases.214.tender.documents.1,0.releases.214,0,092025182753143-7ff0,tenderNotice,DAO,2025-09-23T15:06:41Z
0.releases.215.tender.documents.0,0.releases.215,0,012025101153763-7deb,tenderNotice,RFP UPDATED FINAL,2025-01-08T11:15:19Z
0.releases.215.tender.documents.1,0.releases.215,0,112024122958232-7f9b,tenderNotice,ToR,2024-11-21T10:53:22Z
0.releases.215.tender.documents.2,0.releases.215,0,112024122958261-7f9a,tenderNotice,Notice,2024-11-21T10:53:22Z
0.releases.215.tender.documents.3,0.releases.215,0,122024123802424-7fe7,tenderNotice,RFP,2025-01-08T11:15:19Z
0.releases.215.tender.documents.4,0.releases.215,0,122024123802434-7fe6,tenderNotice,Financial Form,2025-01-08T11:15:19Z
0.releases.215.tender.documents.5,0.releases.215,0,122024123802437-7fe5,tenderNotice,Bordereau des prix unitaires,2025-01-08T11:15:19Z
0.releases.215.tender.documents.6,0.releases.215,0,122024123802441-7fe4,tenderNotice,Drawings,2025-01-08T11:15:19Z
0.releases.216.tender.documents.0,0.releases.216,0,012025101153763-7deb,tenderNotice,RFP UPDATED FINAL,2025-01-08T11:15:19Z
0.releases.216.tender.documents.1,0.releases.216,0,112024122958232-7f9b,tenderNotice,ToR,2024-11-21T10:53:22Z
0.releases.216.tender.documents.2,0.releases.216,0,112024122958261-7f9a,tenderNotice,Notice,2024-11-21T10:53:22Z
0.releases.216.tender.documents.3,0.releases.216,0,122024123802424-7fe7,tenderNotice,RFP,2025-01-08T11:15:19Z
0.releases.216.tender.documents.4,0.releases.216,0,122024123802434-7fe6,tenderNotice,Financial Form,2025-01-08T11:15:19Z
0.releases.216.tender.documents.5,0.releases.216,0,122024123802437-7fe5,tenderNotice,Bordereau des prix unitaires,2025-01-08T11:15:19Z
0.releases.216.tender.documents.6,0.releases.216,0,122024123802441-7fe4,tenderNotice,Drawings,2025-01-08T11:15:19Z
0.releases.217.tender.documents.0,0.releases.217,0,022024161640476-7c6a,tenderNotice,Amendment tender document,2024-02-15T16:36:28Z
0.releases.217.tender.documents.1,0.releases.217,0,022024185230239-7c9d,tenderNotice,Tender document ,2024-02-15T16:36:28Z
0.releases.218.tender.documents.0,0.releases.218,0,112025102458809-7b3f,tenderNotice,Tender Document,2025-11-25T11:18:09Z
0.releases.219.tender.documents.0,0.releases.219,0,092025155401070-6d23,tenderNotice,DAO,2025-09-16T14:38:14Z
0.releases.220.tender.documents.0,0.releases.220,0,012026111950908-7c6e,tenderNotice,Tender document,2026-01-05T13:12:03Z
0.releases.220.tender.documents.1,0.releases.220,0,012026111950919-7c6d,tenderNotice,Beneficial ownership disclosure,2026-01-05T13:12:03Z
0.releases.221.tender.documents.0,0.releases.221,0,012026173120733-586c,tenderNotice,TENDER DOCUMENT,2026-01-05T13:12:23Z
0.releases.221.tender.documents.1,0.releases.221,0,012026173120753-586b,tenderNotice,Beneficial ownership disclosure,2026-01-05T13:12:23Z
0.releases.222.tender.documents.0,0.releases.222,0,012026112633673-7c6b,tenderNotice,Tender document,2026-01-05T13:12:45Z
0.releases.222.tender.documents.1,0.releases.222,0,012026112633681-7c6a,tenderNotice,Beneficial ownership disclosure,2026-01-05T13:12:45Z
0.releases.223.tender.documents.0,0.releases.223,0,102025164808695-7b37,tenderNotice,TENDER Document,2025-10-02T09:08:09Z
0.releases.226.tender.documents.0,0.releases.226,0,102023120159181-7cce,tenderNotice,Tender document,2023-10-06T23:52:47Z
0.releases.227.tender.documents.0,0.releases.227,0,102023120159181-7cce,tenderNotice,Tender document,2023-10-06T23:52:47Z
0.releases.228.tender.documents.0,0.releases.228,0,102023114355559-7bfd,tenderNotice,Bidding document,2023-10-06T23:52:08Z
0.releases.229.tender.documents.0,0.releases.229,0,102023114355559-7bfd,tenderNotice,Bidding document,2023-10-06T23:52:08Z
0.releases.230.tender.documents.0,0.releases.230,0,102023114355559-7bfd,tenderNotice,Bidding document,2023-10-06T23:52:08Z
0.releases.231.tender.documents.0,0.releases.231,0,102023114355559-7bfd,tenderNotice,Bidding document,2023-10-06T23:52:08Z
0.releases.232.tender.documents.0,0.releases.232,0,112023123944658-7f8a,tenderNotice,Bidding document,2023-11-24T19:47:46Z
0.releases.233.tender.documents.0,0.releases.233,0,102023114355559-7bfd,tenderNotice,Bidding document,2023-10-06T23:52:08Z
0.releases.234.tender.documents.0,0.releases.234,0,092025165547494-7ccb,tenderNotice,Supply of charcoal and wood wastes,2025-09-26T17:50:18Z
0.releases.234.tender.documents.1,0.releases.234,0,092025165547559-7cca,tenderNotice,Beneficial Ownership disclosure form,2025-09-26T17:50:18Z
0.releases.235.tender.documents.0,0.releases.235,0,062024094202286-7cb5,tenderNotice,TD,2024-06-04T10:19:24Z
0.releases.236.tender.documents.0,0.releases.236,0,062024094202286-7cb5,tenderNotice,TD,2024-06-04T10:19:24Z
0.releases.237.tender.documents.0,0.releases.237,0,062024094202286-7cb5,tenderNotice,TD,2024-06-04T10:19:24Z
0.releases.238.tender.documents.0,0.releases.238,0,062024094202286-7cb5,tenderNotice,TD,2024-06-04T10:19:24Z
0.releases.239.tender.documents.0,0.releases.239,0,062024094202286-7cb5,tenderNotice,TD,2024-06-04T10:19:24Z
0.releases.240.tender.documents.0,0.releases.240,0,092025155401070-6d23,tenderNotice,DAO,2025-09-16T14:38:14Z
0.releases.241.tender.documents.0,0.releases.241,0,112024100447842-6204,tenderNotice,Tender Document,2024-11-14T08:46:03Z
0.releases.241.tender.documents.1,0.releases.241,0,112024100447871-6203,tenderNotice,Beneficial Ownership Disclosure Declaration form,2024-11-14T08:46:03Z
0.releases.242.tender.documents.0,0.releases.242,0,112025122046403-7f04,tenderNotice,supply of office furniture,2025-11-26T13:49:38Z
0.releases.243.tender.documents.0,0.releases.243,0,102024123149560-7f87,tenderNotice,Tender Document,2024-10-12T14:16:04Z
0.releases.243.tender.documents.1,0.releases.243,0,102024123149583-7f86,tenderNotice,DECLARATION OF BENEFICIAL OWNERSHIP,2024-10-12T14:16:04Z
0.releases.244.tender.documents.0,0.releases.244,0,102024154613925-7f77,tenderNotice,Tender Document,2024-10-12T14:16:41Z
0.releases.244.tender.documents.1,0.releases.244,0,102024154613938-7f76,tenderNotice,DECLARATION OF BENEFICIAL OWNERSHIP,2024-10-12T14:16:41Z
0.releases.245.tender.documents.0,0.releases.245,0,092025135612771-7fda,tenderNotice,RFP,2025-09-26T14:25:41Z
0.releases.245.tender.documents.1,0.releases.245,0,092025135612776-7fd9,tenderNotice,IFAD SELF CERTIFICATION FORM,2025-09-26T14:25:41Z
0.releases.245.tender.documents.2,0.releases.245,0,092025135612779-7fd8,tenderNotice,BENEFICIAL OWNERSHIP FORM,2025-09-26T14:25:41Z
0.releases.246.tender.documents.0,0.releases.246,0,042024121838170-6f6f,tenderNotice,Tender document,2024-04-25T16:14:12Z
0.releases.247.tender.documents.0,0.releases.247,0,112025172431391-7d77,tenderNotice,RFP for Recruitment of a Bailiff (Retendered),2025-11-20T21:34:50Z
0.releases.248.tender.documents.0,0.releases.248,0,102025122720661-7fef,tenderNotice,AMENDED-SBD OF SUPPLY OF WALL CHARTS TO NON ECD CENTERS,2025-10-29T16:17:30Z
0.releases.248.tender.documents.1,0.releases.248,0,102025133529371-7fd4,tenderNotice,SBD- SUPPLY OF WALL CHARTS TO NON ECD CENTERS,2025-10-29T16:17:30Z
0.releases.248.tender.documents.2,0.releases.248,0,102025133529378-7fd3,tenderNotice,Beneficial Ownership Disclosure Form,2025-10-29T16:17:30Z
0.releases.249.tender.documents.0,0.releases.249,0,092025155401070-6d23,tenderNotice,DAO,2025-09-16T14:38:14Z
0.releases.250.tender.documents.0,0.releases.250,0,112025104857596-7ffa,tenderNotice,Provision of insurance services for City of  Kigali Assets,2025-11-20T10:22:03Z
0.releases.250.tender.documents.1,0.releases.250,0,112025162105169-7ff0,tenderNotice,Amended Tender Document,2025-11-20T10:22:03Z
0.releases.251.tender.documents.0,0.releases.251,0,052023182000882-5e32,tenderNotice,TENDER DOCUMENT,2023-06-27T16:34:19Z
0.releases.251.tender.documents.1,0.releases.251,0,062023095905819-7ff9,tenderNotice,Tender document amended,2023-06-27T16:34:19Z
0.releases.251.tender.documents.2,0.releases.251,0,062023103355963-7ffb,tenderNotice,Tender document amended on 27 June 2023,2023-06-27T16:34:19Z
0.releases.252.tender.documents.0,0.releases.252,0,012026104828141-56a9,tenderNotice,RFP,2026-01-05T14:53:29Z
0.releases.252.tender.documents.1,0.releases.252,0,012026104829036-56a8,tenderNotice,Beneficial ownership Disclosure to be signed,2026-01-05T14:53:29Z
0.releases.254.tender.documents.0,0.releases.254,0,032025150545280-7fb0,tenderNotice,TD,2025-04-17T10:58:48Z
0.releases.254.tender.documents.1,0.releases.254,0,042025143205694-6d49,tenderNotice,Amende TD on Equipment & BoQ,2025-04-17T10:58:48Z
0.releases.254.tender.documents.2,0.releases.254,0,042025143205707-6d47,tenderNotice,Notice on change of Boq,2025-04-17T10:58:48Z
0.releases.254.tender.documents.3,0.releases.254,0,042025153729826-7fd5,tenderNotice,Amended TD on Electromechanical Engineer RURA Classification,2025-04-17T10:58:48Z
0.releases.255.tender.documents.0,0.releases.255,0,112025124959914-7fff,tenderNotice,Tender Document,2025-11-06T13:32:12Z
0.releases.255.tender.documents.1,0.releases.255,0,112025124959929-7ffe,tenderNotice,Beneficial Ownership Disclosure form,2025-11-06T13:32:12Z
0.releases.256.tender.documents.0,0.releases.256,0,092024124636890-791e,tenderNotice,Tender Document,2024-09-30T16:01:43Z
0.releases.257.tender.documents.0,0.releases.257,0,102025122126921-7fdf,tenderNotice, DECLARATION OF BENEFICIAL OWNERS OF PRIVATE C0MPANIES FORM ,2025-11-11T17:05:17Z
0.releases.257.tender.documents.1,0.releases.257,0,112025162437804-7fd1,tenderNotice,Tender Document,2025-11-11T17:05:17Z
0.releases.257.tender.documents.2,0.releases.257,0,112025163949130-7fbc,tenderNotice,Amended Tender document,2025-11-11T17:05:17Z
0.releases.258.tender.documents.0,0.releases.258,0,112025142421427-7b57,tenderNotice,TENDDER DOCUMENT,2025-11-14T14:56:11Z
0.releases.259.tender.documents.0,0.releases.259,0,012026091018269-7c0d,tenderNotice,Tender Document,2026-01-07T10:16:02Z
0.releases.261.tender.documents.0,0.releases.261,0,062024111338065-6451,tenderNotice,RFP,2024-06-20T10:27:52Z
0.releases.262.tender.documents.0,0.releases.262,0,102025122126921-7fdf,tenderNotice, DECLARATION OF BENEFICIAL OWNERS OF PRIVATE C0MPANIES FORM ,2025-11-11T17:05:17Z
0.releases.262.tender.documents.1,0.releases.262,0,112025162437804-7fd1,tenderNotice,Tender Document,2025-11-11T17:05:17Z
0.releases.262.tender.documents.2,0.releases.262,0,112025163949130-7fbc,tenderNotice,Amended Tender document,2025-11-11T17:05:17Z
0.releases.263.tender.documents.0,0.releases.263,0,112025130214805-7bf1,tenderNotice,Annual provisions of weather stations consummables,2025-11-23T17:01:55Z
0.releases.263.tender.documents.1,0.releases.263,0,112025130214810-7bf0,tenderNotice,BENEFICIAL OWNERSHIP DISCLOSURE FORM ,2025-11-23T17:01:55Z
0.releases.264.tender.documents.0,0.releases.264,0,102025122126921-7fdf,tenderNotice, DECLARATION OF BENEFICIAL OWNERS OF PRIVATE C0MPANIES FORM ,2025-11-11T17:05:17Z
0.releases.264.tender.documents.1,0.releases.264,0,112025162437804-7fd1,tenderNotice,Tender Document,2025-11-11T17:05:17Z
0.releases.264.tender.documents.2,0.releases.264,0,112025163949130-7fbc,tenderNotice,Amended Tender document,2025-11-11T17:05:17Z
0.releases.265.tender.documents.0,0.releases.265,0,012026112017190-7c6c,tenderNotice,Tender for supply of exotic Rabbits,2026-01-05T15:28:26Z
0.releases.266.tender.documents.0,0.releases.266,0,092025155401070-6d23,tenderNotice,DAO,2025-09-16T14:38:14Z
0.releases.267.tender.documents.0,0.releases.267,0,012025155541882-7dc1,tenderNotice,NOTE TO THE RFP ADDENDUM DATED 8-01-2025,2025-01-08T15:57:48Z
0.releases.267.tender.documents.1,0.releases.267,0,012025155541914-7dc0,tenderNotice,AMENDED RFP DATED 08-01-2025,2025-01-08T15:57:48Z
0.releases.267.tender.documents.2,0.releases.267,0,122024141655533-7fde,tenderNotice,Beneficial ownership disclosure form to be filled,2025-01-08T15:57:48Z
0.releases.267.tender.documents.3,0.releases.267,0,122024174350489-7fcd,tenderNotice,RFP,2025-01-08T15:57:48Z
0.releases.268.tender.documents.0,0.releases.268,0,102025165937673-7f54,tenderNotice,TENDER DOCUMENT,2025-10-25T10:34:37Z
0.releases.268.tender.documents.1,0.releases.268,0,102025165937686-7f53,tenderNotice,LIST OF EQUIPMENT TO BE INSURED,2025-10-25T10:34:37Z
0.releases.268.tender.documents.2,0.releases.268,0,102025165937698-7f52,tenderNotice,BENEFICIAL OWNERSHIP D FORM,2025-10-25T10:34:37Z
0.releases.269.tender.documents.0,0.releases.269,0,012026153628528-7c5a,tenderNotice,Tender Document,2026-01-07T17:09:24Z
0.releases.269.tender.documents.1,0.releases.269,0,012026153628535-7c59,tenderNotice,Beneficial ownership disclosure form ,2026-01-07T17:09:24Z
0.releases.271.tender.documents.0,0.releases.271,0,102025164718837-7ed5,tenderNotice,TD,2025-10-21T08:46:08Z
0.releases.271.tender.documents.1,0.releases.271,0,102025164718845-7ed4,tenderNotice,Beneficial ownership,2025-10-21T08:46:08Z
0.releases.272.tender.documents.0,0.releases.272,0,102024172056885-785a,tenderNotice,TENDER DOCUMENT,2024-10-30T17:29:26Z
0.releases.273.tender.documents.0,0.releases.273,0,112025111115058-7ff9,tenderNotice,tender document,2025-11-07T14:47:37Z
0.releases.273.tender.documents.1,0.releases.273,0,112025130304831-7ff7,tenderNotice,beneficial ownership,2025-11-07T14:47:37Z
0.releases.274.tender.documents.0,0.releases.274,0,102025164718837-7ed5,tenderNotice,TD,2025-10-21T08:46:08Z
0.releases.274.tender.documents.1,0.releases.274,0,102025164718845-7ed4,tenderNotice,Beneficial ownership,2025-10-21T08:46:08Z
0.releases.275.tender.documents.0,0.releases.275,0,102023121354851-7fa1,tenderNotice,Tender document,2023-10-31T14:38:18Z
0.releases.276.tender.documents.0,0.releases.276,0,102023121354851-7fa1,tenderNotice,Tender document,2023-10-31T14:38:18Z
0.releases.277.tender.documents.0,0.releases.277,0,102023091254668-7ff8,tenderNotice,Adjusted TD,2023-10-28T11:06:18Z
0.releases.277.tender.documents.1,0.releases.277,0,102023091254684-7ff7,tenderNotice,Non  objection Response from RPPA,2023-10-28T11:06:18Z
0.releases.277.tender.documents.2,0.releases.277,0,102023102725227-7ffa,tenderNotice,Architecture,2023-10-28T11:06:18Z
0.releases.277.tender.documents.3,0.releases.277,0,102023102725299-7ff9,tenderNotice,External Infrastructure,2023-10-28T11:06:18Z
0.releases.277.tender.documents.4,0.releases.277,0,102023102725308-7ff8,tenderNotice,MEP Drawings,2023-10-28T11:06:18Z
0.releases.277.tender.documents.5,0.releases.277,0,102023102725396-7ff7,tenderNotice,Negative Pressure Ventilation System,2023-10-28T11:06:18Z
0.releases.277.tender.documents.6,0.releases.277,0,102023102725415-7ff6,tenderNotice,Structure Data,2023-10-28T11:06:18Z
0.releases.277.tender.documents.7,0.releases.277,0,102023102725448-7ff5,tenderNotice,Technical Specifications,2023-10-28T11:06:18Z
0.releases.278.tender.documents.0,0.releases.278,0,102023121354851-7fa1,tenderNotice,Tender document,2023-10-31T14:38:18Z
0.releases.279.tender.documents.0,0.releases.279,0,092025155401070-6d23,tenderNotice,DAO,2025-09-16T14:38:14Z
0.releases.280.tender.documents.0,0.releases.280,0,012026155821607-7c57,tenderNotice,Tender Document,2026-01-06T12:57:41Z
0.releases.280.tender.documents.1,0.releases.280,0,012026155821613-7c56,tenderNotice,Technical specifications ,2026-01-06T12:57:41Z
0.releases.282.tender.documents.0,0.releases.282,0,092024123341641-6e77,tenderNotice,Tender Document,2024-09-28T17:35:28Z
0.releases.283.tender.documents.0,0.releases.283,0,092024123341641-6e77,tenderNotice,Tender Document,2024-09-28T17:35:28Z
0.releases.284.tender.documents.0,0.releases.284,0,032025124641642-7a02,tenderNotice,TENDER DOCUMENT,2025-03-04T13:56:27Z
0.releases.285.tender.documents.0,0.releases.285,0,092024123341641-6e77,tenderNotice,Tender Document,2024-09-28T17:35:28Z
0.releases.286.tender.documents.0,0.releases.286,0,012026161613414-7c55,tenderNotice,TENDER DOCUMENT,2026-01-06T10:40:05Z
0.releases.288.tender.documents.0,0.releases.288,0,092024123341641-6e77,tenderNotice,Tender Document,2024-09-28T17:35:28Z
0.releases.289.tender.documents.0,0.releases.289,0,042025152505434-6d09,tenderNotice,Signed IL&RFP,2025-06-03T17:30:56Z
0.releases.289.tender.documents.1,0.releases.289,0,042025152505873-6d08,tenderNotice,RFP in editable version only for reference,2025-06-03T17:30:56Z
0.releases.289.tender.documents.2,0.releases.289,0,062025135648830-1e7d,tenderNotice,Response to requested clarifications,2025-06-03T17:30:56Z
0.releases.290.tender.documents.0,0.releases.290,0,092025155401070-6d23,tenderNotice,DAO,2025-09-16T14:38:14Z
0.releases.291.tender.documents.0,0.releases.291,0,112025101259789-7fcf,tenderNotice,Annual provisions of weather stations spare parts,2025-11-23T17:00:44Z
0.releases.291.tender.documents.1,0.releases.291,0,112025101259798-7fce,tenderNotice,Annual provisions of weather stations spare parts,2025-11-23T17:00:44Z
0.releases.292.tender.documents.0,0.releases.292,0,092025103738692-7d84,tenderNotice,DAO for Supply of Pig feeds,2025-09-26T09:05:09Z
0.releases.292.tender.documents.1,0.releases.292,0,092025103738707-7d83,tenderNotice,Beneficial Ownership ,2025-09-26T09:05:09Z
0.releases.295.tender.documents.0,0.releases.295,0,112025124959914-7fff,tenderNotice,Tender Document,2025-11-06T13:32:12Z
0.releases.295.tender.documents.1,0.releases.295,0,112025124959929-7ffe,tenderNotice,Beneficial Ownership Disclosure form,2025-11-06T13:32:12Z
0.releases.297.tender.documents.0,0.releases.297,0,102025160520294-7fd7,tenderNotice,GARAGE TENDER DOCUMENT ,2025-11-14T19:47:48Z
0.releases.297.tender.documents.1,0.releases.297,0,112025191008112-7b31,tenderNotice,GARAGE TENDER DOCUMENT AMENDED,2025-11-14T19:47:48Z
0.releases.298.tender.documents.0,0.releases.298,0,112023124838316-7fe5,tenderNotice,Bidding document for supply of fuel,2023-11-17T14:37:58Z
0.releases.299.tender.documents.0,0.releases.299,0,062024132113990-7f92,tenderNotice,TENDER DOCUMENT,2024-07-25T14:12:18Z
0.releases.300.tender.documents.0,0.releases.300,0,092025155401070-6d23,tenderNotice,DAO,2025-09-16T14:38:14Z
0.releases.301.tender.documents.0,0.releases.301,0,102025065956823-7fb1,tenderNotice,TENDER DOCUMENT,2025-11-01T19:54:38Z
0.releases.301.tender.documents.1,0.releases.301,0,102025065956829-7fb0,tenderNotice,Beneficial Ownership,2025-11-01T19:54:38Z
0.releases.302.tender.documents.0,0.releases.302,0,052025114947953-7dad,tenderNotice,DAO,2025-05-21T11:59:00Z
0.releases.302.tender.documents.1,0.releases.302,0,052025114947956-7dac,tenderNotice,Beneficial ownership,2025-05-21T11:59:00Z
0.releases.303.tender.documents.0,0.releases.303,0,012026161522527-52cc,tenderNotice,Tender Document,2026-01-07T07:56:18Z
0.releases.305.tender.documents.0,0.releases.305,0,072025173207408-7fa8,tenderNotice,TENDER DOCUMENT,2025-07-27T05:37:10Z
0.releases.305.tender.documents.1,0.releases.305,0,072025173207413-7fa7,tenderNotice,Beneficial ownership disclosure,2025-07-27T05:37:10Z
0.releases.306.tender.documents.0,0.releases.306,0,092023103324852-7b55,tenderNotice,Tender document,2023-09-08T10:05:46Z
0.releases.307.tender.documents.0,0.releases.307,0,092023103324852-7b55,tenderNotice,Tender document,2023-09-08T10:05:46Z
0.releases.308.tender.documents.0,0.releases.308,0,112025110546339-7e8c,tenderNotice,beneficial ownership form,2025-12-03T12:57:38Z
0.releases.308.tender.documents.1,0.releases.308,0,122025100315058-6ec6,tenderNotice,Tender document,2025-12-03T12:57:38Z
0.releases.309.tender.documents.0,0.releases.309,0,012025101153763-7deb,tenderNotice,RFP UPDATED FINAL,2025-01-08T11:15:19Z
0.releases.309.tender.documents.1,0.releases.309,0,112024122958232-7f9b,tenderNotice,ToR,2024-11-21T10:53:22Z
0.releases.309.tender.documents.2,0.releases.309,0,112024122958261-7f9a,tenderNotice,Notice,2024-11-21T10:53:22Z
0.releases.309.tender.documents.3,0.releases.309,0,122024123802424-7fe7,tenderNotice,RFP,2025-01-08T11:15:19Z
0.releases.309.tender.documents.4,0.releases.309,0,122024123802434-7fe6,tenderNotice,Financial Form,2025-01-08T11:15:19Z
0.releases.309.tender.documents.5,0.releases.309,0,122024123802437-7fe5,tenderNotice,Bordereau des prix unitaires,2025-01-08T11:15:19Z
0.releases.309.tender.documents.6,0.releases.309,0,122024123802441-7fe4,tenderNotice,Drawings,2025-01-08T11:15:19Z
0.releases.310.tender.documents.0,0.releases.310,0,012025101153763-7deb,tenderNotice,RFP UPDATED FINAL,2025-01-08T11:15:19Z
0.releases.310.tender.documents.1,0.releases.310,0,112024122958232-7f9b,tenderNotice,ToR,2024-11-21T10:53:22Z
0.releases.310.tender.documents.2,0.releases.310,0,112024122958261-7f9a,tenderNotice,Notice,2024-11-21T10:53:22Z
0.releases.310.tender.documents.3,0.releases.310,0,122024123802424-7fe7,tenderNotice,RFP,2025-01-08T11:15:19Z
0.releases.310.tender.documents.4,0.releases.310,0,122024123802434-7fe6,tenderNotice,Financial Form,2025-01-08T11:15:19Z
0.releases.310.tender.documents.5,0.releases.310,0,122024123802437-7fe5,tenderNotice,Bordereau des prix unitaires,2025-01-08T11:15:19Z
0.releases.310.tender.documents.6,0.releases.310,0,122024123802441-7fe4,tenderNotice,Drawings,2025-01-08T11:15:19Z
0.releases.311.tender.documents.0,0.releases.311,0,112025165457263-7fc2,tenderNotice,Request for expression of interest,2025-11-11T12:15:35Z
0.releases.312.tender.documents.0,0.releases.312,0,112025153411449-7fcb,tenderNotice,TENDER DOCUMENT,2025-11-20T13:24:18Z
0.releases.313.tender.documents.0,0.releases.313,0,102025082306077-7fff,tenderNotice,Tender Document ,2025-10-30T11:55:57Z
0.releases.313.tender.documents.1,0.releases.313,0,102025082306088-7ffe,tenderNotice,TOR,2025-10-30T11:55:57Z
0.releases.313.tender.documents.2,0.releases.313,0,102025082306094-7ffd,tenderNotice,Signed Beneficial ownership disclosure form ,2025-10-30T11:55:57Z
0.releases.314.tender.documents.0,0.releases.314,0,092024182140981-6e17,tenderNotice,Tender  document,2024-09-28T11:40:41Z
0.releases.314.tender.documents.1,0.releases.314,0,092024182140987-6e16,tenderNotice,Beneficial ownership Disclose form,2024-09-28T11:40:41Z
0.releases.315.tender.documents.0,0.releases.315,0,012025155541882-7dc1,tenderNotice,NOTE TO THE RFP ADDENDUM DATED 8-01-2025,2025-01-08T15:57:48Z
0.releases.315.tender.documents.1,0.releases.315,0,012025155541914-7dc0,tenderNotice,AMENDED RFP DATED 08-01-2025,2025-01-08T15:57:48Z
0.releases.315.tender.documents.2,0.releases.315,0,122024141655533-7fde,tenderNotice,Beneficial ownership disclosure form to be filled,2025-01-08T15:57:48Z
0.releases.315.tender.documents.3,0.releases.315,0,122024174350489-7fcd,tenderNotice,RFP,2025-01-08T15:57:48Z
0.releases.316.tender.documents.0,0.releases.316,0,082023204134362-7f0a,tenderNotice,TENDER DOCUMENT,2023-09-21T11:36:29Z
0.releases.316.tender.documents.1,0.releases.316,0,092023084238987-7e9b,tenderNotice,Distributional list ,2023-09-21T11:36:29Z
0.releases.316.tender.documents.2,0.releases.316,0,092023112501549-68ff,tenderNotice,Tender notice for amendment,2023-09-21T11:36:29Z
0.releases.316.tender.documents.3,0.releases.316,0,092023214236092-5b23,tenderNotice,QUANTITIES IN EXCEL UPLOAD,2023-09-21T11:36:29Z
0.releases.316.tender.documents.4,0.releases.316,0,092023214236098-5b22,tenderNotice,QUANTITIES TO BE SUPPLIED ,2023-09-21T11:36:29Z
0.releases.317.tender.documents.0,0.releases.317,0,082023204134362-7f0a,tenderNotice,TENDER DOCUMENT,2023-09-21T11:36:29Z
0.releases.317.tender.documents.1,0.releases.317,0,092023084238987-7e9b,tenderNotice,Distributional list ,2023-09-21T11:36:29Z
0.releases.317.tender.documents.2,0.releases.317,0,092023112501549-68ff,tenderNotice,Tender notice for amendment,2023-09-21T11:36:29Z
0.releases.317.tender.documents.3,0.releases.317,0,092023214236092-5b23,tenderNotice,QUANTITIES IN EXCEL UPLOAD,2023-09-21T11:36:29Z
0.releases.317.tender.documents.4,0.releases.317,0,092023214236098-5b22,tenderNotice,QUANTITIES TO BE SUPPLIED ,2023-09-21T11:36:29Z
0.releases.318.tender.documents.0,0.releases.318,0,112025165457263-7fc2,tenderNotice,Request for expression of interest,2025-11-11T12:15:35Z
0.releases.319.tender.documents.0,0.releases.319,0,082025131335981-7dfe,tenderNotice,Beneficial ownership declaration,2025-09-16T14:19:34Z
0.releases.319.tender.documents.1,0.releases.319,0,082025133313753-7c62,tenderNotice,Guard house drawings,2025-09-16T14:19:34Z
0.releases.319.tender.documents.2,0.releases.319,0,082025140337434-7c5d,tenderNotice,Drawings drainage,2025-09-16T14:19:34Z
0.releases.319.tender.documents.3,0.releases.319,0,082025142331602-7c5a,tenderNotice,FRONT Face1,2025-09-16T14:19:34Z
0.releases.319.tender.documents.4,0.releases.319,0,082025142804426-7c59,tenderNotice,FRONT FACE 2,2025-09-16T14:19:34Z
0.releases.319.tender.documents.5,0.releases.319,0,082025143056243-7c58,tenderNotice,Perspective view,2025-09-16T14:19:34Z
0.releases.319.tender.documents.6,0.releases.319,0,082025143351713-7c57,tenderNotice,Tender Document,2025-09-16T14:19:34Z
0.releases.319.tender.documents.7,0.releases.319,0,082025223837927-7fd9,tenderNotice,Drawings,2025-09-16T14:19:34Z
0.releases.319.tender.documents.8,0.releases.319,0,092025134641802-7c60,tenderNotice,NOTE TO TENDER ADDENDUM 16-09-2025,2025-09-16T14:19:34Z
0.releases.319.tender.documents.9,0.releases.319,0,092025150400976-7fc3,tenderNotice,NOTE TO TENDER ADDENDUM,2025-09-16T14:19:34Z
0.releases.320.tender.documents.0,0.releases.320,0,012026173401963-7c53,tenderNotice,Amendment to tender,2026-01-05T17:59:25Z
0.releases.320.tender.documents.1,0.releases.320,0,122025110440906-6d25,tenderNotice,Request for proposal ,2026-01-05T17:59:25Z
0.releases.320.tender.documents.2,0.releases.320,0,122025110440926-6d24,tenderNotice,Terms of reference ,2026-01-05T17:59:25Z
0.releases.320.tender.documents.3,0.releases.320,0,112025165457263-7fc2,tenderNotice,Request for expression of interest,2025-11-11T12:15:35Z
0.releases.321.tender.documents.0,0.releases.321,0,092025100323237-7fd3,tenderNotice,Beneficial ownership,2025-09-20T20:59:52Z
0.releases.321.tender.documents.1,0.releases.321,0,092025101726644-7fcb,tenderNotice,Tender document,2025-09-20T20:59:52Z
0.releases.322.tender.documents.0,0.releases.322,0,102025160229670-7ff1,tenderNotice,Tender Document,2025-10-24T09:39:24Z
0.releases.324.tender.documents.0,0.releases.324,0,112025105906243-7fa6,tenderNotice,DAO,2025-12-03T17:11:58Z
0.releases.324.tender.documents.1,0.releases.324,0,112025105906518-7fa5,tenderNotice,Beneficial ownership,2025-12-03T17:11:58Z
0.releases.324.tender.documents.2,0.releases.324,0,122025113640776-6bf7,tenderNotice,Amended DAO,2025-12-03T17:11:58Z
0.releases.324.tender.documents.3,0.releases.324,0,122025113640787-6bf6,tenderNotice,Notice of Amendment,2025-12-03T17:11:58Z
0.releases.325.tender.documents.0,0.releases.325,0,102025160229670-7ff1,tenderNotice,Tender Document,2025-10-24T09:39:24Z
0.releases.326.tender.documents.0,0.releases.326,0,102025160229670-7ff1,tenderNotice,Tender Document,2025-10-24T09:39:24Z
0.releases.327.tender.documents.0,0.releases.327,0,052025114947953-7dad,tenderNotice,DAO,2025-05-21T11:59:00Z
0.releases.327.tender.documents.1,0.releases.327,0,052025114947956-7dac,tenderNotice,Beneficial ownership,2025-05-21T11:59:00Z
0.releases.328.tender.documents.0,0.releases.328,0,092023145333863-651e,tenderNotice,Tender document,2023-09-13T15:28:51Z
0.releases.329.tender.documents.0,0.releases.329,0,012026181950436-7c52,tenderNotice,Tender document,2026-01-07T15:49:04Z
0.releases.329.tender.documents.1,0.releases.329,0,012026181950443-7c51,tenderNotice,Beneficial ownership disclosure form,2026-01-07T15:49:04Z
0.releases.331.tender.documents.0,0.releases.331,0,122025180442551-7ad4,tenderNotice,DAO,2025-12-08T12:45:01Z
0.releases.331.tender.documents.1,0.releases.331,0,122025180442560-7ad3,tenderNotice,Ownership Disclosure,2025-12-08T12:45:01Z
0.releases.332.tender.documents.0,0.releases.332,0,112025110546339-7e8c,tenderNotice,beneficial ownership form,2025-12-03T12:57:38Z
0.releases.332.tender.documents.1,0.releases.332,0,122025100315058-6ec6,tenderNotice,Tender document,2025-12-03T12:57:38Z
0.releases.333.tender.documents.0,0.releases.333,0,122024134103018-7fd1,tenderNotice,Annual provision of security services,2024-12-06T15:10:25Z
0.releases.333.tender.documents.1,0.releases.333,0,122024134103039-7fd0,tenderNotice,Annual provision of security services,2024-12-06T15:10:25Z
0.releases.336.tender.documents.0,0.releases.336,0,112025142105965-7fea,tenderNotice,Technical Specification,2025-11-18T10:27:45Z
0.releases.336.tender.documents.1,0.releases.336,0,112025142106093-7fe9,tenderNotice,Tender document,2025-11-18T10:27:45Z
0.releases.336.tender.documents.2,0.releases.336,0,112025142106099-7fe8,tenderNotice,Beneficial ownership disclosure declaration form,2025-11-18T10:27:45Z
0.releases.337.tender.documents.0,0.releases.337,0,112023150506598-7da9,tenderNotice,Tender Document,2023-12-04T08:39:39Z
0.releases.337.tender.documents.1,0.releases.337,0,112023150506631-7da8,tenderNotice,Technical specifications,2023-12-04T08:39:39Z
0.releases.338.tender.documents.0,0.releases.338,0,112025144735720-7f40,tenderNotice,Tender document,2025-11-27T17:33:35Z
0.releases.338.tender.documents.1,0.releases.338,0,112025144735726-7f3f,tenderNotice,Beneficial ownership disclosure form,2025-11-27T17:33:35Z
0.releases.338.tender.documents.2,0.releases.338,0,112025144735731-7f3e,tenderNotice,Technical Specification,2025-11-27T17:33:35Z
0.releases.339.tender.documents.0,0.releases.339,0,112025144735720-7f40,tenderNotice,Tender document,2025-11-27T17:33:35Z
0.releases.339.tender.documents.1,0.releases.339,0,112025144735726-7f3f,tenderNotice,Beneficial ownership disclosure form,2025-11-27T17:33:35Z
0.releases.339.tender.documents.2,0.releases.339,0,112025144735731-7f3e,tenderNotice,Technical Specification,2025-11-27T17:33:35Z
0.releases.340.tender.documents.0,0.releases.340,0,112025093602428-7ffd,tenderNotice,Beneficial ownership ,2025-11-21T20:23:18Z
0.releases.340.tender.documents.1,0.releases.340,0,112025093602452-7ffb,tenderNotice,EXCEL,2025-11-21T20:23:18Z
0.releases.340.tender.documents.2,0.releases.340,0,112025093602463-7ffa,tenderNotice,Specification,2025-11-21T20:23:18Z
0.releases.340.tender.documents.3,0.releases.340,0,112025123928455-7b27,tenderNotice,SBD,2025-11-21T20:23:18Z
0.releases.341.tender.documents.0,0.releases.341,0,062024143500929-7ff9,tenderNotice,Request for Expression of Interest,2024-06-07T12:42:39Z
0.releases.341.tender.documents.1,0.releases.341,0,072024175612442-7f8d,tenderNotice,Request for Proposal ,2024-08-26T09:52:21Z
0.releases.341.tender.documents.2,0.releases.341,0,082024073652105-7fe2,tenderNotice,amended Request for Proposal ,2024-08-26T09:52:21Z
0.releases.341.tender.documents.3,0.releases.341,0,082024095200794-7fef,tenderNotice,Amended Request for Proposal Final Version ,2024-08-26T09:52:21Z
0.releases.342.tender.documents.0,0.releases.342,0,062024143500929-7ff9,tenderNotice,Request for Expression of Interest,2024-06-07T12:42:39Z
0.releases.342.tender.documents.1,0.releases.342,0,072024175612442-7f8d,tenderNotice,Request for Proposal ,2024-08-26T09:52:21Z
0.releases.342.tender.documents.2,0.releases.342,0,082024073652105-7fe2,tenderNotice,amended Request for Proposal ,2024-08-26T09:52:21Z
0.releases.342.tender.documents.3,0.releases.342,0,082024095200794-7fef,tenderNotice,Amended Request for Proposal Final Version ,2024-08-26T09:52:21Z
0.releases.343.tender.documents.0,0.releases.343,0,112025114207523-7c46,tenderNotice,TENDER DOCUMENT,2025-11-17T11:45:58Z
0.releases.344.tender.documents.0,0.releases.344,0,102024170429969-6ca1,tenderNotice,Tender document for annual provisions of sports services ,2024-10-17T15:55:41Z
0.releases.344.tender.documents.1,0.releases.344,0,102024170429980-6ca0,tenderNotice,Beneficial ownership disclosure form ,2024-10-17T15:55:41Z
0.releases.345.tender.documents.0,0.releases.345,0,112023151427010-7f96,tenderNotice,Hire a company to provide TV weather presenters outfit,2023-11-03T14:54:09Z
0.releases.346.tender.documents.0,0.releases.346,0,012022193343536-7d14,tenderNotice,Tender Document,2022-01-07T09:13:40Z
0.releases.347.tender.documents.0,0.releases.347,0,112025114207523-7c46,tenderNotice,TENDER DOCUMENT,2025-11-17T11:45:58Z
0.releases.348.tender.documents.0,0.releases.348,0,092025130318213-7f92,tenderNotice,TENDER DOCUMENT,2025-09-24T09:30:40Z
0.releases.348.tender.documents.1,0.releases.348,0,092025130318220-7f91,tenderNotice,BENEFICIAL DISCLOSURE OWNESHIP FORM,2025-09-24T09:30:40Z
0.releases.349.tender.documents.0,0.releases.349,0,052023122237871-6400,tenderNotice,TENDER DOCUMENT,2023-05-12T09:33:22Z
0.releases.351.tender.documents.0,0.releases.351,0,072025173207408-7fa8,tenderNotice,TENDER DOCUMENT,2025-07-27T05:37:10Z
0.releases.351.tender.documents.1,0.releases.351,0,072025173207413-7fa7,tenderNotice,Beneficial ownership disclosure,2025-07-27T05:37:10Z
0.releases.352.tender.documents.0,0.releases.352,0,102025153846956-7fcb,tenderNotice,TENDER DOCUMENT,2025-10-14T17:47:15Z
0.releases.352.tender.documents.1,0.releases.352,0,102025153846960-7fca,tenderNotice,Beneficial ownership disclosure,2025-10-14T17:47:15Z
0.releases.352.tender.documents.2,0.releases.352,0,102025171745862-7f89,tenderNotice,AMABWIRIZA Y'ISUKU MU MUJYI WA NYANZA,2025-10-14T17:47:15Z
0.releases.353.tender.documents.0,0.releases.353,0,102025085651255-7fe9,tenderNotice,TENDER DOCUMENT,2025-10-24T16:35:07Z
0.releases.353.tender.documents.1,0.releases.353,0,102025085651271-7fe8,tenderNotice,Beneficial ownership disclosure form,2025-10-24T16:35:07Z
0.releases.353.tender.documents.2,0.releases.353,0,102025155303666-7fb7,tenderNotice,FIRST REVISED TENDER DOCUMENT ,2025-10-24T16:35:07Z
0.releases.355.tender.documents.0,0.releases.355,0,112023123552203-7db5,tenderNotice,TENDER DOCUMENT ,2023-12-07T11:03:51Z
0.releases.356.tender.documents.0,0.releases.356,0,092025135612771-7fda,tenderNotice,RFP,2025-09-26T14:25:41Z
0.releases.356.tender.documents.1,0.releases.356,0,092025135612776-7fd9,tenderNotice,IFAD SELF CERTIFICATION FORM,2025-09-26T14:25:41Z
0.releases.356.tender.documents.2,0.releases.356,0,092025135612779-7fd8,tenderNotice,BENEFICIAL OWNERSHIP FORM,2025-09-26T14:25:41Z
0.releases.357.tender.documents.0,0.releases.357,0,102025115112070-7e99,tenderNotice,TD,2025-10-13T14:17:40Z
0.releases.358.tender.documents.0,0.releases.358,0,122025125454144-6fe5,tenderNotice,Tender Document (DAO),2025-12-20T12:29:31Z
0.releases.358.tender.documents.1,0.releases.358,0,122025125454836-6fe4,tenderNotice,Beneficial Ownership Disclosure Declaration Form,2025-12-20T12:29:31Z
0.releases.358.tender.documents.2,0.releases.358,0,122025125454842-6fe3,tenderNotice,Techinical specifications,2025-12-20T12:29:31Z
0.releases.359.tender.documents.0,0.releases.359,0,122025125454144-6fe5,tenderNotice,Tender Document (DAO),2025-12-20T12:29:31Z
0.releases.359.tender.documents.1,0.releases.359,0,122025125454836-6fe4,tenderNotice,Beneficial Ownership Disclosure Declaration Form,2025-12-20T12:29:31Z
0.releases.359.tender.documents.2,0.releases.359,0,122025125454842-6fe3,tenderNotice,Techinical specifications,2025-12-20T12:29:31Z
0.releases.360.tender.documents.0,0.releases.360,0,122025125454144-6fe5,tenderNotice,Tender Document (DAO),2025-12-20T12:29:31Z
0.releases.360.tender.documents.1,0.releases.360,0,122025125454836-6fe4,tenderNotice,Beneficial Ownership Disclosure Declaration Form,2025-12-20T12:29:31Z
0.releases.360.tender.documents.2,0.releases.360,0,122025125454842-6fe3,tenderNotice,Techinical specifications,2025-12-20T12:29:31Z
0.releases.361.tender.documents.0,0.releases.361,0,122025125454144-6fe5,tenderNotice,Tender Document (DAO),2025-12-20T12:29:31Z
0.releases.361.tender.documents.1,0.releases.361,0,122025125454836-6fe4,tenderNotice,Beneficial Ownership Disclosure Declaration Form,2025-12-20T12:29:31Z
0.releases.361.tender.documents.2,0.releases.361,0,122025125454842-6fe3,tenderNotice,Techinical specifications,2025-12-20T12:29:31Z
0.releases.364.tender.documents.0,0.releases.364,0,062022221055318-7fef,tenderNotice,TENDER DOCUMENT,2022-08-11T16:03:00Z
0.releases.364.tender.documents.1,0.releases.364,0,082022095057000-7fe5,tenderNotice,LATEST AMENDMENT,2022-08-11T16:03:00Z
0.releases.364.tender.documents.2,0.releases.364,0,082022202808529-7ff5,tenderNotice,AMENDED TENDER DOCUMENT,2022-08-11T16:03:00Z
0.releases.365.tender.documents.0,0.releases.365,0,112025160118140-7f94,tenderNotice,DAO INSURANCE,2025-12-08T14:09:59Z
0.releases.365.tender.documents.1,0.releases.365,0,122025094749736-7abb,tenderNotice,DAO Amendment,2025-12-08T14:09:59Z
0.releases.365.tender.documents.2,0.releases.365,0,122025173921585-7e40,tenderNotice,DAO amendment,2025-12-08T14:09:59Z
0.releases.366.tender.documents.0,0.releases.366,0,102025142011278-7ff1,tenderNotice,TENDER DOCUMENT,2025-11-13T19:50:49Z
0.releases.366.tender.documents.1,0.releases.366,0,112025120831410-7fd3,tenderNotice,Amended TENDER DOCUMENT,2025-11-13T19:50:49Z
0.releases.367.tender.documents.0,0.releases.367,0,112025153238668-7f39,tenderNotice,Tender document,2025-11-26T09:06:21Z
0.releases.367.tender.documents.1,0.releases.367,0,112025153238675-7f38,tenderNotice,Beneficial ownership form,2025-11-26T09:06:21Z
0.releases.368.tender.documents.0,0.releases.368,0,112024170142981-70b3,tenderNotice,Tender document ,2024-11-08T15:18:50Z
0.releases.369.tender.documents.0,0.releases.369,0,112024170142981-70b3,tenderNotice,Tender document ,2024-11-08T15:18:50Z
0.releases.370.tender.documents.0,0.releases.370,0,102025112203743-7ff5,tenderNotice,Amended Tender Document,2025-10-31T11:35:18Z
0.releases.370.tender.documents.1,0.releases.370,0,102025135644551-7fea,tenderNotice,Tender Document,2025-10-31T11:35:18Z
0.releases.370.tender.documents.2,0.releases.370,0,102025135644563-7fe9,tenderNotice,Beneficial Ownership Disclosure Declaration form,2025-10-31T11:35:18Z
0.releases.371.tender.documents.0,0.releases.371,0,112025110703957-7ff4,tenderNotice,Tender document,2025-11-20T17:51:09Z
0.releases.371.tender.documents.1,0.releases.371,0,112025110703966-7ff3,tenderNotice,Declaration of Beneficial Ownership of the Company form,2025-11-20T17:51:09Z
0.releases.372.tender.documents.0,0.releases.372,0,092025155401070-6d23,tenderNotice,DAO,2025-09-16T14:38:14Z
0.releases.373.tender.documents.0,0.releases.373,0,112025113821940-7b68,tenderNotice,Updated tender document,2025-11-17T17:40:54Z
0.releases.373.tender.documents.1,0.releases.373,0,112025140947541-7ff6,tenderNotice,Declaration of Beneficial Ownership of the Company,2025-11-17T17:40:54Z
0.releases.373.tender.documents.2,0.releases.373,0,112025140947547-7ff5,tenderNotice,Tender Document,2025-11-17T17:40:54Z
0.releases.374.tender.documents.0,0.releases.374,0,102023164354489-7e78,tenderNotice,Tender document,2023-10-18T15:11:20Z
0.releases.375.tender.documents.0,0.releases.375,0,122025154259194-590e,tenderNotice,Tender document re advert,2026-01-01T07:23:16Z
0.releases.376.tender.documents.0,0.releases.376,0,122023144615574-7fd1,tenderNotice,RFP,2023-12-21T11:20:38Z
0.releases.377.tender.documents.0,0.releases.377,0,102025130956343-7d9b,tenderNotice,Tender docuemnt,2025-10-22T08:35:46Z
0.releases.377.tender.documents.1,0.releases.377,0,102025131302046-7d9a,tenderNotice,Beneficial Ownership ,2025-10-22T08:35:46Z
0.releases.378.tender.documents.0,0.releases.378,0,052024150635352-7e15,tenderNotice,RFP,2024-05-25T15:01:12Z
0.releases.379.tender.documents.0,0.releases.379,0,112025115609131-7e55,tenderNotice,Dao,2025-11-05T16:43:37Z
0.releases.380.tender.documents.0,0.releases.380,0,112025111242139-7c77,tenderNotice,Tender document,2025-11-26T18:47:11Z
0.releases.380.tender.documents.1,0.releases.380,0,112025111242485-7c76,tenderNotice,Beneficial ownership declaration form,2025-11-26T18:47:11Z
0.releases.382.tender.documents.0,0.releases.382,0,102025102127265-7fd5,tenderNotice,RFP,2025-10-24T10:07:31Z
0.releases.382.tender.documents.1,0.releases.382,0,102025105224492-7fe1,tenderNotice,Current amende RFP,2025-10-24T10:07:31Z
0.releases.382.tender.documents.2,0.releases.382,0,102025142009779-7ffa,tenderNotice,Amended RFP,2025-10-24T10:07:31Z
0.releases.383.tender.documents.0,0.releases.383,0,122025125454144-6fe5,tenderNotice,Tender Document (DAO),2025-12-20T12:29:31Z
0.releases.383.tender.documents.1,0.releases.383,0,122025125454836-6fe4,tenderNotice,Beneficial Ownership Disclosure Declaration Form,2025-12-20T12:29:31Z
0.releases.383.tender.documents.2,0.releases.383,0,122025125454842-6fe3,tenderNotice,Techinical specifications,2025-12-20T12:29:31Z
0.releases.384.tender.documents.0,0.releases.384,0,112025111242139-7c77,tenderNotice,Tender document,2025-11-26T18:47:11Z
0.releases.384.tender.documents.1,0.releases.384,0,112025111242485-7c76,tenderNotice,Beneficial ownership declaration form,2025-11-26T18:47:11Z
0.releases.385.tender.documents.0,0.releases.385,0,012026124724409-7c63,tenderNotice,Tender Document,2026-01-06T10:37:57Z
0.releases.385.tender.documents.1,0.releases.385,0,012026124724419-7c62,tenderNotice,Drawings ,2026-01-06T10:37:57Z
0.releases.386.tender.documents.0,0.releases.386,0,012026161613414-7c55,tenderNotice,TENDER DOCUMENT,2026-01-06T10:40:05Z
0.releases.387.tender.documents.0,0.releases.387,0,112024170142981-70b3,tenderNotice,Tender document ,2024-11-08T15:18:50Z
0.releases.388.tender.documents.0,0.releases.388,0,102025143446825-7ff5,tenderNotice,TENDER DOCUMENT,2025-10-23T15:44:47Z
0.releases.389.tender.documents.0,0.releases.389,0,112025153942331-7d16,tenderNotice,Tender document ,2025-11-13T17:06:06Z
0.releases.390.tender.documents.0,0.releases.390,0,112025144713644-7f97,tenderNotice,Beneficial Ownership Disclosure Form,2025-11-24T18:45:25Z
0.releases.390.tender.documents.1,0.releases.390,0,112025171902420-7f8c,tenderNotice,BD for Gowns,2025-11-24T18:45:25Z
0.releases.391.tender.documents.0,0.releases.391,0,102022120546096-718b,tenderNotice,Tender document,2022-10-24T12:09:02Z
0.releases.392.tender.documents.0,0.releases.392,0,122025152310964-7fd0,tenderNotice,Tender document,2025-12-16T11:27:45Z
0.releases.392.tender.documents.1,0.releases.392,0,122025152310970-7fcf,tenderNotice,Beneficial ownership disclosure form,2025-12-16T11:27:45Z
0.releases.393.tender.documents.0,0.releases.393,0,112025190435965-7fb8,tenderNotice,Tender document of Audio-visual,2025-11-25T11:49:52Z
0.releases.394.tender.documents.0,0.releases.394,0,122025095651090-7fff,tenderNotice,Amended Tender document of Amahoro Stadium,2025-12-05T11:17:35Z
0.releases.394.tender.documents.1,0.releases.394,0,122025180714771-7da1,tenderNotice,Tender document of Amahoro Stadium,2025-12-05T11:17:35Z
0.releases.395.tender.documents.0,0.releases.395,0,112025111524451-7fee,tenderNotice,TD FOR HOTEL SERVICE,2025-11-18T16:15:46Z
0.releases.396.tender.documents.0,0.releases.396,0,112024125116767-7f94,tenderNotice,DAO,2024-12-14T20:42:26Z
0.releases.396.tender.documents.1,0.releases.396,0,122024080343251-661d,tenderNotice,Tender Document ,2024-12-14T20:42:26Z
0.releases.398.tender.documents.0,0.releases.398,0,102024191222386-62e3,tenderNotice,TENDER  DOCUMENT,2024-10-18T14:49:29Z
0.releases.398.tender.documents.1,0.releases.398,0,102024191222403-62e2,tenderNotice,Beneficial Ownership Disclosure form,2024-10-18T14:49:29Z
0.releases.399.tender.documents.0,0.releases.399,0,112024170142981-70b3,tenderNotice,Tender document ,2024-11-08T15:18:50Z
0.releases.400.tender.documents.0,0.releases.400,0,102024191222386-62e3,tenderNotice,TENDER  DOCUMENT,2024-10-18T14:49:29Z
0.releases.400.tender.documents.1,0.releases.400,0,102024191222403-62e2,tenderNotice,Beneficial Ownership Disclosure form,2024-10-18T14:49:29Z
0.releases.401.tender.documents.0,0.releases.401,0,082025131335981-7dfe,tenderNotice,Beneficial ownership declaration,2025-09-16T14:19:34Z
0.releases.401.tender.documents.1,0.releases.401,0,082025133313753-7c62,tenderNotice,Guard house drawings,2025-09-16T14:19:34Z
0.releases.401.tender.documents.2,0.releases.401,0,082025140337434-7c5d,tenderNotice,Drawings drainage,2025-09-16T14:19:34Z
0.releases.401.tender.documents.3,0.releases.401,0,082025142331602-7c5a,tenderNotice,FRONT Face1,2025-09-16T14:19:34Z
0.releases.401.tender.documents.4,0.releases.401,0,082025142804426-7c59,tenderNotice,FRONT FACE 2,2025-09-16T14:19:34Z
0.releases.401.tender.documents.5,0.releases.401,0,082025143056243-7c58,tenderNotice,Perspective view,2025-09-16T14:19:34Z
0.releases.401.tender.documents.6,0.releases.401,0,082025143351713-7c57,tenderNotice,Tender Document,2025-09-16T14:19:34Z
0.releases.401.tender.documents.7,0.releases.401,0,082025223837927-7fd9,tenderNotice,Drawings,2025-09-16T14:19:34Z
0.releases.401.tender.documents.8,0.releases.401,0,092025134641802-7c60,tenderNotice,NOTE TO TENDER ADDENDUM 16-09-2025,2025-09-16T14:19:34Z
0.releases.401.tender.documents.9,0.releases.401,0,092025150400976-7fc3,tenderNotice,NOTE TO TENDER ADDENDUM,2025-09-16T14:19:34Z
0.releases.403.tender.documents.0,0.releases.403,0,112024170142981-70b3,tenderNotice,Tender document ,2024-11-08T15:18:50Z
0.releases.404.tender.documents.0,0.releases.404,0,112024170142981-70b3,tenderNotice,Tender document ,2024-11-08T15:18:50Z
0.releases.405.tender.documents.0,0.releases.405,0,102024162840909-7867,tenderNotice,Tender document,2024-10-31T17:54:54Z
0.releases.406.tender.documents.0,0.releases.406,0,102025123223776-7eb3,tenderNotice,Tender Document,2025-10-07T08:32:38Z
0.releases.406.tender.documents.1,0.releases.406,0,102025123223793-7eb2,tenderNotice,Beneficial ownership disclosure declaration form ,2025-10-07T08:32:38Z
0.releases.407.tender.documents.0,0.releases.407,0,102025133538519-7ff8,tenderNotice,SECOND AMENDMENT OF TENDER DOCUMENT,2025-10-21T14:57:17Z
0.releases.407.tender.documents.1,0.releases.407,0,102025162248512-7edd,tenderNotice,AMENDED TENDER DOCUMENT,2025-10-21T14:57:17Z
0.releases.407.tender.documents.2,0.releases.407,0,102025163450868-7b3b,tenderNotice,TENDER DOCUMENT,2025-10-21T14:57:17Z
0.releases.407.tender.documents.3,0.releases.407,0,102025163450874-7b3a,tenderNotice,Beneficial ownership,2025-10-21T14:57:17Z
0.releases.408.tender.documents.0,0.releases.408,0,012026112844070-514d,tenderNotice,TD,2026-01-07T16:06:50Z
0.releases.410.tender.documents.0,0.releases.410,0,012026155821607-7c57,tenderNotice,Tender Document,2026-01-06T12:57:41Z
0.releases.410.tender.documents.1,0.releases.410,0,012026155821613-7c56,tenderNotice,Technical specifications ,2026-01-06T12:57:41Z
0.releases.412.tender.documents.0,0.releases.412,0,092025100323237-7fd3,tenderNotice,Beneficial ownership,2025-09-20T20:59:52Z
0.releases.412.tender.documents.1,0.releases.412,0,092025101726644-7fcb,tenderNotice,Tender document,2025-09-20T20:59:52Z
0.releases.413.tender.documents.0,0.releases.413,0,012026131413018-7c3a,tenderNotice,TENDER DOCUMENT,2026-01-07T10:41:12Z
0.releases.415.tender.documents.0,0.releases.415,0,122025180323412-7c9c,tenderNotice,Tender document,2026-01-06T13:26:22Z
0.releases.416.tender.documents.0,0.releases.416,0,112024140111332-740b,tenderNotice,Tender document,2024-11-07T13:17:55Z
0.releases.417.tender.documents.0,0.releases.417,0,102024143239862-798f,tenderNotice,TENDER DOCUMENT,2024-10-24T14:50:43Z
0.releases.418.tender.documents.0,0.releases.418,0,082025102711658-7fe9,tenderNotice,Expression of Interest,2025-08-12T11:24:49Z
0.releases.418.tender.documents.1,0.releases.418,0,082025102711663-7fe8,tenderNotice,Beneficial ownership,2025-08-12T11:24:49Z
0.releases.418.tender.documents.2,0.releases.418,0,082025102711669-7fe7,tenderNotice,Terms of reference,2025-08-12T11:24:49Z
0.releases.418.tender.documents.3,0.releases.418,0,092025151748611-7db5,tenderNotice,ToRs,2025-10-02T17:31:37Z
0.releases.418.tender.documents.4,0.releases.418,0,092025151748617-7db4,tenderNotice,RFP,2025-10-02T17:31:37Z
0.releases.419.tender.documents.0,0.releases.419,0,102025173800616-7fee,tenderNotice,Tender document Girinka,2025-10-15T21:06:54Z
0.releases.420.tender.documents.0,0.releases.420,0,112024170142981-70b3,tenderNotice,Tender document ,2024-11-08T15:18:50Z
0.releases.421.tender.documents.0,0.releases.421,0,112024170142981-70b3,tenderNotice,Tender document ,2024-11-08T15:18:50Z
0.releases.422.tender.documents.0,0.releases.422,0,032024131918123-7fc6,tenderNotice,Declaration of beneficial ownership form,2024-03-08T18:14:01Z
0.releases.422.tender.documents.1,0.releases.422,0,032024131918129-7fc5,tenderNotice,TENDER DOCUMENT,2024-03-08T18:14:01Z
0.releases.423.tender.documents.0,0.releases.423,0,112025130651012-7fd9,tenderNotice,TENDER DOCUMENT,2025-11-10T19:22:54Z
0.releases.423.tender.documents.1,0.releases.423,0,112025130651018-7fd8,tenderNotice,Declaration of beneficial ownership as per attached format ,2025-11-10T19:22:54Z
0.releases.424.tender.documents.0,0.releases.424,0,112024170142981-70b3,tenderNotice,Tender document ,2024-11-08T15:18:50Z
0.releases.425.tender.documents.0,0.releases.425,0,112024170142981-70b3,tenderNotice,Tender document ,2024-11-08T15:18:50Z
0.releases.426.tender.documents.0,0.releases.426,0,112023104630291-5bbe,tenderNotice,Tender Document,2023-11-30T16:35:03Z
0.releases.427.tender.documents.0,0.releases.427,0,112023123944658-7f8a,tenderNotice,Bidding document,2023-11-24T19:47:46Z
0.releases.428.tender.documents.0,0.releases.428,0,122025091905726-6673,tenderNotice,DAO OF VEHICLE INSURANCE 2025-2026,2025-12-29T12:54:16Z
0.releases.428.tender.documents.1,0.releases.428,0,122025092932187-7f91,tenderNotice,Beneficial Ownership Disclosure form,2025-12-29T12:54:16Z
0.releases.428.tender.documents.2,0.releases.428,0,122025092932180-7f92,tenderNotice,DAO OF VEHICLE INSURANCE 2025-2026,2025-12-08T09:29:32Z
0.releases.428.tender.documents.3,0.releases.428,0,122025092932187-7f91,tenderNotice,Beneficial Ownership Disclosure form,2025-12-08T09:29:32Z
0.releases.432.tender.documents.0,0.releases.432,0,112023184447078-71d6,tenderNotice,TENDER DOCUMENT,2023-11-24T10:08:40Z
0.releases.433.tender.documents.0,0.releases.433,0,122025133936251-695a,tenderNotice,Dao,2025-12-20T09:44:06Z
0.releases.434.tender.documents.0,0.releases.434,0,112025154343168-77dc,tenderNotice,Beneficial Ownership Disclosure Declarationform,2025-11-25T16:02:37Z
0.releases.434.tender.documents.1,0.releases.434,0,112025154343174-77db,tenderNotice,Tender Document,2025-11-25T16:02:37Z
0.releases.435.tender.documents.0,0.releases.435,0,112023124011091-7e94,tenderNotice,TENDER DOCUMENT,2023-11-01T18:18:49Z
0.releases.436.tender.documents.0,0.releases.436,0,092024182140981-6e17,tenderNotice,Tender  document,2024-09-28T11:40:41Z
0.releases.436.tender.documents.1,0.releases.436,0,092024182140987-6e16,tenderNotice,Beneficial ownership Disclose form,2024-09-28T11:40:41Z
0.releases.437.tender.documents.0,0.releases.437,0,102025115708149-7fd7,tenderNotice,Tender Document ,2025-10-13T15:25:42Z
0.releases.437.tender.documents.1,0.releases.437,0,102025115708155-7fd6,tenderNotice,Bbeneficial ownership disclosure form ( to be filled and signed),2025-10-13T15:25:42Z
0.releases.438.tender.documents.0,0.releases.438,0,112025142930478-77ed,tenderNotice,TENDER DOCUMENT ,2025-11-25T18:34:28Z
0.releases.438.tender.documents.1,0.releases.438,0,112025142930487-77ec,tenderNotice,Beneficial ownership disclosure ,2025-11-25T18:34:28Z
0.releases.439.tender.documents.0,0.releases.439,0,102025113038724-7de1,tenderNotice,EOI,2025-11-04T10:44:39Z
0.releases.439.tender.documents.1,0.releases.439,0,112025113815961-7ee1,tenderNotice,RFP,2025-11-27T12:23:09Z
0.releases.440.tender.documents.0,0.releases.440,0,012026151756555-52df,tenderNotice,Tender Document,2026-01-07T07:55:57Z
0.releases.442.tender.documents.0,0.releases.442,0,092025155401070-6d23,tenderNotice,DAO,2025-09-16T14:38:14Z
0.releases.443.tender.documents.0,0.releases.443,0,112025160118140-7f94,tenderNotice,DAO INSURANCE,2025-12-08T14:09:59Z
0.releases.443.tender.documents.1,0.releases.443,0,122025094749736-7abb,tenderNotice,DAO Amendment,2025-12-08T14:09:59Z
0.releases.443.tender.documents.2,0.releases.443,0,122025173921585-7e40,tenderNotice,DAO amendment,2025-12-08T14:09:59Z
0.releases.444.tender.documents.0,0.releases.444,0,122025142140140-6b7e,tenderNotice,Tender Document,2025-12-19T21:31:38Z
0.releases.444.tender.documents.1,0.releases.444,0,122025142141538-6b7d,tenderNotice,Beneficial ownership disclosure form,2025-12-19T21:31:38Z
0.releases.445.tender.documents.0,0.releases.445,0,052025160426447-7b97,tenderNotice,Tender Document ,2025-06-13T18:15:54Z
0.releases.445.tender.documents.1,0.releases.445,0,052025160426452-7b96,tenderNotice,Drawings ,2025-06-13T18:15:54Z
0.releases.445.tender.documents.2,0.releases.445,0,052025160426454-7b95,tenderNotice,Drawings ,2025-06-13T18:15:54Z
0.releases.445.tender.documents.3,0.releases.445,0,052025160426458-7b94,tenderNotice,Drawings ,2025-06-13T18:15:54Z
0.releases.445.tender.documents.4,0.releases.445,0,052025160426460-7b93,tenderNotice,Drawings ,2025-06-13T18:15:54Z
0.releases.445.tender.documents.5,0.releases.445,0,052025160426462-7b92,tenderNotice,Drawings ,2025-06-13T18:15:54Z
0.releases.445.tender.documents.6,0.releases.445,0,052025160426465-7b91,tenderNotice,Drawings ,2025-06-13T18:15:54Z
0.releases.445.tender.documents.7,0.releases.445,0,052025160426467-7b90,tenderNotice,Drawings ,2025-06-13T18:15:54Z
0.releases.445.tender.documents.8,0.releases.445,0,052025160426469-7b8f,tenderNotice,Drawings ,2025-06-13T18:15:54Z
0.releases.445.tender.documents.9,0.releases.445,0,052025160426471-7b8e,tenderNotice,Drawings ,2025-06-13T18:15:54Z
0.releases.445.tender.documents.10,0.releases.445,0,052025160426473-7b8d,tenderNotice,Drawings ,2025-06-13T18:15:54Z
0.releases.445.tender.documents.11,0.releases.445,0,052025160426475-7b8c,tenderNotice,Drawings ,2025-06-13T18:15:54Z
0.releases.445.tender.documents.12,0.releases.445,0,052025160426481-7b8b,tenderNotice,Drawings ,2025-06-13T18:15:54Z
0.releases.445.tender.documents.13,0.releases.445,0,052025160426483-7b8a,tenderNotice,Drawings ,2025-06-13T18:15:54Z
0.releases.445.tender.documents.14,0.releases.445,0,052025160426486-7b89,tenderNotice,Drawings ,2025-06-13T18:15:54Z
0.releases.445.tender.documents.15,0.releases.445,0,052025160426488-7b88,tenderNotice,Drawings ,2025-06-13T18:15:54Z
0.releases.445.tender.documents.16,0.releases.445,0,052025160426490-7b87,tenderNotice,Drawings ,2025-06-13T18:15:54Z
0.releases.445.tender.documents.17,0.releases.445,0,052025160426493-7b86,tenderNotice,Drawings ,2025-06-13T18:15:54Z
0.releases.445.tender.documents.18,0.releases.445,0,052025160426495-7b85,tenderNotice,Drawings ,2025-06-13T18:15:54Z
0.releases.445.tender.documents.19,0.releases.445,0,052025160426497-7b84,tenderNotice,Drawings ,2025-06-13T18:15:54Z
0.releases.445.tender.documents.20,0.releases.445,0,052025160426499-7b83,tenderNotice,Drawings ,2025-06-13T18:15:54Z
0.releases.445.tender.documents.21,0.releases.445,0,052025160426501-7b82,tenderNotice,Drawings ,2025-06-13T18:15:54Z
0.releases.445.tender.documents.22,0.releases.445,0,052025160426503-7b81,tenderNotice,Drawings ,2025-06-13T18:15:54Z
0.releases.445.tender.documents.23,0.releases.445,0,052025160426507-7b80,tenderNotice,Drawings ,2025-06-13T18:15:54Z
0.releases.445.tender.documents.24,0.releases.445,0,052025160426509-7b7f,tenderNotice,Drawings ,2025-06-13T18:15:54Z
0.releases.445.tender.documents.25,0.releases.445,0,052025160426511-7b7e,tenderNotice,Drawings ,2025-06-13T18:15:54Z
0.releases.445.tender.documents.26,0.releases.445,0,052025160426513-7b7d,tenderNotice,Drawings ,2025-06-13T18:15:54Z
0.releases.445.tender.documents.27,0.releases.445,0,052025160426515-7b7c,tenderNotice,Drawings ,2025-06-13T18:15:54Z
0.releases.445.tender.documents.28,0.releases.445,0,052025160426518-7b7b,tenderNotice,Drawings ,2025-06-13T18:15:54Z
0.releases.445.tender.documents.29,0.releases.445,0,052025160426520-7b7a,tenderNotice,Drawings ,2025-06-13T18:15:54Z
0.releases.445.tender.documents.30,0.releases.445,0,052025160426523-7b79,tenderNotice,Drawings ,2025-06-13T18:15:54Z
0.releases.445.tender.documents.31,0.releases.445,0,052025160426525-7b78,tenderNotice,Drawings ,2025-06-13T18:15:54Z
0.releases.445.tender.documents.32,0.releases.445,0,052025160426527-7b77,tenderNotice,Drawings ,2025-06-13T18:15:54Z
0.releases.445.tender.documents.33,0.releases.445,0,052025160426529-7b76,tenderNotice,Drawings ,2025-06-13T18:15:54Z
0.releases.445.tender.documents.34,0.releases.445,0,052025160426531-7b75,tenderNotice,Drawings ,2025-06-13T18:15:54Z
0.releases.445.tender.documents.35,0.releases.445,0,052025160426533-7b74,tenderNotice,Drawings ,2025-06-13T18:15:54Z
0.releases.445.tender.documents.36,0.releases.445,0,052025160426535-7b73,tenderNotice,Drawings ,2025-06-13T18:15:54Z
0.releases.445.tender.documents.37,0.releases.445,0,052025160426537-7b72,tenderNotice,Drawings ,2025-06-13T18:15:54Z
0.releases.445.tender.documents.38,0.releases.445,0,052025160426539-7b71,tenderNotice,Drawings ,2025-06-13T18:15:54Z
0.releases.445.tender.documents.39,0.releases.445,0,052025160426540-7b70,tenderNotice,Drawings ,2025-06-13T18:15:54Z
0.releases.445.tender.documents.40,0.releases.445,0,052025160426543-7b6f,tenderNotice,Drawings ,2025-06-13T18:15:54Z
0.releases.445.tender.documents.41,0.releases.445,0,052025160426545-7b6e,tenderNotice,Drawings ,2025-06-13T18:15:54Z
0.releases.445.tender.documents.42,0.releases.445,0,052025160426547-7b6d,tenderNotice,Drawings ,2025-06-13T18:15:54Z
0.releases.445.tender.documents.43,0.releases.445,0,052025160426549-7b6c,tenderNotice,Drawings ,2025-06-13T18:15:54Z
0.releases.446.tender.documents.0,0.releases.446,0,042022164202285-7fdc,tenderNotice,Tender document,2022-04-27T16:09:19Z
0.releases.447.tender.documents.0,0.releases.447,0,112025114557363-7fa1,tenderNotice,Tender document,2025-12-16T10:19:57Z
0.releases.448.tender.documents.0,0.releases.448,0,102025103216681-7ff8,tenderNotice,TENDER DOCUMENT FOR TYIRES,2025-10-16T16:01:40Z
0.releases.448.tender.documents.1,0.releases.448,0,102025103216706-7ff7,tenderNotice,Beneficial Ownership Disclosure Declarationform (3).xlsx,2025-10-16T16:01:40Z
0.releases.449.tender.documents.0,0.releases.449,0,122025140755227-6b76,tenderNotice,Terms of References,2025-12-03T19:32:17Z
0.releases.450.tender.documents.0,0.releases.450,0,122025095651090-7fff,tenderNotice,Amended Tender document of Amahoro Stadium,2025-12-05T11:17:35Z
0.releases.450.tender.documents.1,0.releases.450,0,122025180714771-7da1,tenderNotice,Tender document of Amahoro Stadium,2025-12-05T11:17:35Z
0.releases.454.tender.documents.0,0.releases.454,0,092025094442619-7ffc,tenderNotice,DAo,2025-11-19T16:12:28Z
0.releases.454.tender.documents.1,0.releases.454,0,102025141404795-7c9a,tenderNotice,dao final,2025-11-19T16:12:28Z
0.releases.454.tender.documents.2,0.releases.454,0,112025113439590-7cc0,tenderNotice,DAO,2025-11-19T16:12:28Z
0.releases.454.tender.documents.3,0.releases.454,0,112025134545081-7fd8,tenderNotice,DAO,2025-11-19T16:12:28Z
0.releases.454.tender.documents.4,0.releases.454,0,112025160430460-7e1a,tenderNotice,bid document to be consided,2025-11-19T16:12:28Z
0.releases.455.tender.documents.0,0.releases.455,0,012026185136966-5590,tenderNotice,RFP,2026-01-06T15:44:37Z
0.releases.456.tender.documents.0,0.releases.456,0,102025113038724-7de1,tenderNotice,EOI,2025-11-04T10:44:39Z
0.releases.456.tender.documents.1,0.releases.456,0,112025113815961-7ee1,tenderNotice,RFP,2025-11-27T12:23:09Z
0.releases.457.tender.documents.0,0.releases.457,0,112025114557363-7fa1,tenderNotice,Tender document,2025-12-16T10:19:57Z
0.releases.458.tender.documents.0,0.releases.458,0,102025153846956-7fcb,tenderNotice,TENDER DOCUMENT,2025-10-14T17:47:15Z
0.releases.458.tender.documents.1,0.releases.458,0,102025153846960-7fca,tenderNotice,Beneficial ownership disclosure,2025-10-14T17:47:15Z
0.releases.458.tender.documents.2,0.releases.458,0,102025171745862-7f89,tenderNotice,AMABWIRIZA Y'ISUKU MU MUJYI WA NYANZA,2025-10-14T17:47:15Z
0.releases.459.tender.documents.0,0.releases.459,0,112023124838316-7fe5,tenderNotice,Bidding document for supply of fuel,2023-11-17T14:37:58Z
0.releases.460.tender.documents.0,0.releases.460,0,012026155531213-7c25,tenderNotice,DAO,2026-01-07T09:01:58Z
0.releases.460.tender.documents.1,0.releases.460,0,012026155531220-7c24,tenderNotice,Drawing 1,2026-01-07T09:01:58Z
0.releases.460.tender.documents.2,0.releases.460,0,012026155531230-7c23,tenderNotice,Drawing 2,2026-01-07T09:01:58Z
0.releases.460.tender.documents.3,0.releases.460,0,012026155531416-7c22,tenderNotice,Drawing 3,2026-01-07T09:01:58Z
0.releases.460.tender.documents.4,0.releases.460,0,012026155531424-7c21,tenderNotice,Beneficial ownership,2026-01-07T09:01:58Z
0.releases.465.tender.documents.0,0.releases.465,0,042025152505434-6d09,tenderNotice,Signed IL&RFP,2025-06-03T17:30:56Z
0.releases.465.tender.documents.1,0.releases.465,0,042025152505873-6d08,tenderNotice,RFP in editable version only for reference,2025-06-03T17:30:56Z
0.releases.465.tender.documents.2,0.releases.465,0,062025135648830-1e7d,tenderNotice,Response to requested clarifications,2025-06-03T17:30:56Z
0.releases.466.tender.documents.0,0.releases.466,0,092025155444011-796e,tenderNotice,TENDER DOCUMENT FOR public markes radio.doc,2025-09-29T15:08:24Z
0.releases.466.tender.documents.1,0.releases.466,0,092025155444016-796d,tenderNotice,Beneficial Ownership Disclosure Declarationform (3),2025-09-29T15:08:24Z
0.releases.467.tender.documents.0,0.releases.467,0,102025160044738-7b3d,tenderNotice,Tender document of Event management ,2025-11-05T10:15:33Z
0.releases.467.tender.documents.1,0.releases.467,0,102025160044741-7b3c,tenderNotice,Beneficial owner form ,2025-11-05T10:15:33Z
0.releases.467.tender.documents.2,0.releases.467,0,112025120118828-7fd8,tenderNotice,Amended tender document,2025-11-05T10:15:33Z
0.releases.469.tender.documents.0,0.releases.469,0,122025143002551-691e,tenderNotice,Tender Document,2025-12-24T12:47:12Z
0.releases.469.tender.documents.1,0.releases.469,0,122025143002613-691d,tenderNotice,ACCURATE PRICE,2025-12-24T12:47:12Z
0.releases.469.tender.documents.2,0.releases.469,0,122025143002630-691c,tenderNotice,Authorization from RPPA,2025-12-24T12:47:12Z
0.releases.470.tender.documents.0,0.releases.470,0,112025161257789-7f32,tenderNotice,Tender Document ,2025-11-25T18:35:21Z
0.releases.470.tender.documents.1,0.releases.470,0,112025161257963-7f31,tenderNotice,Beneficial ownership,2025-11-25T18:35:21Z
0.releases.471.tender.documents.0,0.releases.471,0,052023191419142-7a80,tenderNotice,DAO,2023-06-02T21:14:22Z
0.releases.472.tender.documents.0,0.releases.472,0,102025151702406-7fea,tenderNotice,Tender Document,2025-10-05T20:42:54Z
0.releases.472.tender.documents.1,0.releases.472,0,102025151702411-7fe9,tenderNotice,Beneficial ownership disclosure declaration form,2025-10-05T20:42:54Z
0.releases.473.tender.documents.0,0.releases.473,0,102025134649369-7fef,tenderNotice,Provision of Hotel and Restaurant services for workshops and conferences,2025-10-13T09:36:55Z
0.releases.473.tender.documents.1,0.releases.473,0,102025134649377-7fee,tenderNotice,Beneficial ownership disclosure declaration form,2025-10-13T09:36:55Z
0.releases.474.tender.documents.0,0.releases.474,0,102025133538519-7ff8,tenderNotice,SECOND AMENDMENT OF TENDER DOCUMENT,2025-10-21T14:57:17Z
0.releases.474.tender.documents.1,0.releases.474,0,102025162248512-7edd,tenderNotice,AMENDED TENDER DOCUMENT,2025-10-21T14:57:17Z
0.releases.474.tender.documents.2,0.releases.474,0,102025163450868-7b3b,tenderNotice,TENDER DOCUMENT,2025-10-21T14:57:17Z
0.releases.474.tender.documents.3,0.releases.474,0,102025163450874-7b3a,tenderNotice,Beneficial ownership,2025-10-21T14:57:17Z
0.releases.475.tender.documents.0,0.releases.475,0,062025113024636-7fcc,tenderNotice,RFP,2025-07-07T16:44:45Z
0.releases.475.tender.documents.1,0.releases.475,0,072025120130930-74d3,tenderNotice,Revised RFP,2025-07-07T16:44:45Z
0.releases.476.tender.documents.0,0.releases.476,0,122025140520905-7e2a,tenderNotice,Annual provisions of SSL certificates,2025-12-12T09:48:38Z
0.releases.476.tender.documents.1,0.releases.476,0,122025140520913-7e29,tenderNotice,BENEFICIAL OWNERSHIP DISCLOSURE FORM ,2025-12-12T09:48:38Z
0.releases.477.tender.documents.0,0.releases.477,0,112023143454977-7e81,tenderNotice,TENDER DOCUMENT ,2023-11-01T18:24:01Z
0.releases.478.tender.documents.0,0.releases.478,0,122025180442551-7ad4,tenderNotice,DAO,2025-12-08T12:45:01Z
0.releases.478.tender.documents.1,0.releases.478,0,122025180442560-7ad3,tenderNotice,Ownership Disclosure,2025-12-08T12:45:01Z
0.releases.479.tender.documents.0,0.releases.479,0,102025142011278-7ff1,tenderNotice,TENDER DOCUMENT,2025-11-13T19:50:49Z
0.releases.479.tender.documents.1,0.releases.479,0,112025120831410-7fd3,tenderNotice,Amended TENDER DOCUMENT,2025-11-13T19:50:49Z
0.releases.480.tender.documents.0,0.releases.480,0,082023152725694-7fb3,tenderNotice,Tender document,2023-08-31T09:15:58Z
0.releases.482.tender.documents.0,0.releases.482,0,122024095215224-7fc3,tenderNotice,Tender Document,2024-12-24T12:37:12Z
0.releases.483.tender.documents.0,0.releases.483,0,012026114424650-566d,tenderNotice,REOI,2026-01-06T17:07:43Z
0.releases.484.tender.documents.0,0.releases.484,0,112024170142981-70b3,tenderNotice,Tender document ,2024-11-08T15:18:50Z
0.releases.485.tender.documents.0,0.releases.485,0,012026112322787-5683,tenderNotice,RFP,2026-01-06T17:11:27Z
0.releases.485.tender.documents.1,0.releases.485,0,012026112322818-5682,tenderNotice,Beneficial Ownership Disclosure form,2026-01-06T17:11:27Z
0.releases.486.tender.documents.0,0.releases.486,0,122025124458337-7f8a,tenderNotice,DAO,2025-12-16T10:23:05Z
0.releases.487.tender.documents.0,0.releases.487,0,112024170142981-70b3,tenderNotice,Tender document ,2024-11-08T15:18:50Z
0.releases.488.tender.documents.0,0.releases.488,0,012026171953416-7c1f,tenderNotice,Hiring a consulting firm to undertake the consultation of set up  and configure WRF Hydro and links to NWP model and workflow ( Re-advertisement),2026-01-07T07:13:55Z
0.releases.488.tender.documents.1,0.releases.488,0,012026171953422-7c1e,tenderNotice,Beneficial Ownership disclosure form ,2026-01-07T07:13:55Z
0.releases.490.tender.documents.0,0.releases.490,0,122024134103018-7fd1,tenderNotice,Annual provision of security services,2024-12-06T15:10:25Z
0.releases.490.tender.documents.1,0.releases.490,0,122024134103039-7fd0,tenderNotice,Annual provision of security services,2024-12-06T15:10:25Z
0.releases.491.tender.documents.0,0.releases.491,0,042025153220592-7fd8,tenderNotice,Tender document,2025-04-04T11:48:16Z
0.releases.491.tender.documents.1,0.releases.491,0,042025153220600-7fd7,tenderNotice,Beneficial ownership disclosure form.,2025-04-04T11:48:16Z
0.releases.492.tender.documents.0,0.releases.492,0,102025105544327-7fe4,tenderNotice,Tender document,2025-10-22T11:30:39Z
0.releases.493.tender.documents.0,0.releases.493,0,112024170142981-70b3,tenderNotice,Tender document ,2024-11-08T15:18:50Z
0.releases.494.tender.documents.0,0.releases.494,0,122025171117754-7e47,tenderNotice,RFP,2025-12-01T17:55:15Z
0.releases.494.tender.documents.1,0.releases.494,0,102025112247140-7fdb,tenderNotice,EoI,2025-10-05T11:52:11Z
0.releases.495.tender.documents.0,0.releases.495,0,092025164258319-7fe4,tenderNotice,Tender Document,2025-09-03T17:27:59Z
0.releases.496.tender.documents.0,0.releases.496,0,092025164258319-7fe4,tenderNotice,Tender Document,2025-09-03T17:27:59Z
0.releases.497.tender.documents.0,0.releases.497,0,122025154259194-590e,tenderNotice,Tender document re advert,2026-01-01T07:23:16Z
0.releases.499.tender.documents.0,0.releases.499,0,012026182831125-7c10,tenderNotice,Tender document,2026-01-07T10:14:03Z
0.releases.499.tender.documents.1,0.releases.499,0,012026182831131-7c0f,tenderNotice,RPPA FROM ,2026-01-07T10:14:03Z
0.releases.501.tender.documents.0,0.releases.501,0,122025124458337-7f8a,tenderNotice,DAO,2025-12-16T10:23:05Z
0.releases.502.tender.documents.0,0.releases.502,0,012026181033547-7c1c,tenderNotice,Amended Tender document,2026-01-06T18:53:14Z
0.releases.502.tender.documents.1,0.releases.502,0,122025130440443-72f2,tenderNotice,Tender document,2026-01-06T18:53:14Z
0.releases.502.tender.documents.2,0.releases.502,0,122025130440457-72f1,tenderNotice,Beneficial ownership disclosure form,2026-01-06T18:53:14Z
0.releases.503.tender.documents.0,0.releases.503,0,102025172111016-7ffd,tenderNotice,Tender Document,2025-11-09T20:54:49Z
0.releases.504.tender.documents.0,0.releases.504,0,102025160229670-7ff1,tenderNotice,Tender Document,2025-10-24T09:39:24Z
0.releases.505.tender.documents.0,0.releases.505,0,102025160229670-7ff1,tenderNotice,Tender Document,2025-10-24T09:39:24Z
0.releases.506.tender.documents.0,0.releases.506,0,102025160229670-7ff1,tenderNotice,Tender Document,2025-10-24T09:39:24Z
0.releases.507.tender.documents.0,0.releases.507,0,102025160229670-7ff1,tenderNotice,Tender Document,2025-10-24T09:39:24Z
0.releases.508.tender.documents.0,0.releases.508,0,102025160229670-7ff1,tenderNotice,Tender Document,2025-10-24T09:39:24Z
0.releases.509.tender.documents.0,0.releases.509,0,102025160229670-7ff1,tenderNotice,Tender Document,2025-10-24T09:39:24Z
0.releases.510.tender.documents.0,0.releases.510,0,102025160229670-7ff1,tenderNotice,Tender Document,2025-10-24T09:39:24Z
0.releases.511.tender.documents.0,0.releases.511,0,102025160229670-7ff1,tenderNotice,Tender Document,2025-10-24T09:39:24Z
0.releases.512.tender.documents.0,0.releases.512,0,102025160229670-7ff1,tenderNotice,Tender Document,2025-10-24T09:39:24Z
0.releases.513.tender.documents.0,0.releases.513,0,102025160229670-7ff1,tenderNotice,Tender Document,2025-10-24T09:39:24Z
0.releases.514.tender.documents.0,0.releases.514,0,102025160229670-7ff1,tenderNotice,Tender Document,2025-10-24T09:39:24Z
0.releases.515.tender.documents.0,0.releases.515,0,032025124641642-7a02,tenderNotice,TENDER DOCUMENT,2025-03-04T13:56:27Z
0.releases.516.tender.documents.0,0.releases.516,0,032025124641642-7a02,tenderNotice,TENDER DOCUMENT,2025-03-04T13:56:27Z
0.releases.518.tender.documents.0,0.releases.518,0,102023152226459-7b16,tenderNotice,DAO,2023-10-30T16:45:50Z
0.releases.519.tender.documents.0,0.releases.519,0,102025172111016-7ffd,tenderNotice,Tender Document,2025-11-09T20:54:49Z
0.releases.520.tender.documents.0,0.releases.520,0,082025102711658-7fe9,tenderNotice,Expression of Interest,2025-08-12T11:24:49Z
0.releases.520.tender.documents.1,0.releases.520,0,082025102711663-7fe8,tenderNotice,Beneficial ownership,2025-08-12T11:24:49Z
0.releases.520.tender.documents.2,0.releases.520,0,082025102711669-7fe7,tenderNotice,Terms of reference,2025-08-12T11:24:49Z
0.releases.520.tender.documents.3,0.releases.520,0,092025151748611-7db5,tenderNotice,ToRs,2025-10-02T17:31:37Z
0.releases.520.tender.documents.4,0.releases.520,0,092025151748617-7db4,tenderNotice,RFP,2025-10-02T17:31:37Z
0.releases.521.tender.documents.0,0.releases.521,0,012026171953416-7c1f,tenderNotice,Hiring a consulting firm to undertake the consultation of set up  and configure WRF Hydro and links to NWP model and workflow ( Re-advertisement),2026-01-07T07:13:55Z
0.releases.521.tender.documents.1,0.releases.521,0,012026171953422-7c1e,tenderNotice,Beneficial Ownership disclosure form ,2026-01-07T07:13:55Z
0.releases.522.tender.documents.0,0.releases.522,0,112025190435965-7fb8,tenderNotice,Tender document of Audio-visual,2025-11-25T11:49:52Z
0.releases.523.tender.documents.0,0.releases.523,0,012026151756555-52df,tenderNotice,Tender Document,2026-01-07T07:55:57Z
0.releases.524.tender.documents.0,0.releases.524,0,012026161522527-52cc,tenderNotice,Tender Document,2026-01-07T07:56:18Z
0.releases.525.tender.documents.0,0.releases.525,0,112025080631341-7fb6,tenderNotice,TENDER DOCUMENT FOR PURCHASE NON MEDICAL SUPPLIES,2025-11-12T08:58:56Z
0.releases.526.tender.documents.0,0.releases.526,0,112023150506598-7da9,tenderNotice,Tender Document,2023-12-04T08:39:39Z
0.releases.526.tender.documents.1,0.releases.526,0,112023150506631-7da8,tenderNotice,Technical specifications,2023-12-04T08:39:39Z
0.releases.527.tender.documents.0,0.releases.527,0,082023135835496-7f7a,tenderNotice,Tender document ,2023-08-30T15:49:32Z
0.releases.528.tender.documents.0,0.releases.528,0,122025154259194-590e,tenderNotice,Tender document re advert,2026-01-01T07:23:16Z
0.releases.529.tender.documents.0,0.releases.529,0,102023164900815-6024,tenderNotice,Tender document,2023-10-25T09:35:56Z
0.releases.530.tender.documents.0,0.releases.530,0,102023164900815-6024,tenderNotice,Tender document,2023-10-25T09:35:56Z
0.releases.531.tender.documents.0,0.releases.531,0,102023164900815-6024,tenderNotice,Tender document,2023-10-25T09:35:56Z
0.releases.532.tender.documents.0,0.releases.532,0,102023164900815-6024,tenderNotice,Tender document,2023-10-25T09:35:56Z
0.releases.533.tender.documents.0,0.releases.533,0,102023164900815-6024,tenderNotice,Tender document,2023-10-25T09:35:56Z
0.releases.534.tender.documents.0,0.releases.534,0,102023164900815-6024,tenderNotice,Tender document,2023-10-25T09:35:56Z
0.releases.536.tender.documents.0,0.releases.536,0,012026155531213-7c25,tenderNotice,DAO,2026-01-07T09:01:58Z
0.releases.536.tender.documents.1,0.releases.536,0,012026155531220-7c24,tenderNotice,Drawing 1,2026-01-07T09:01:58Z
0.releases.536.tender.documents.2,0.releases.536,0,012026155531230-7c23,tenderNotice,Drawing 2,2026-01-07T09:01:58Z
0.releases.536.tender.documents.3,0.releases.536,0,012026155531416-7c22,tenderNotice,Drawing 3,2026-01-07T09:01:58Z
0.releases.536.tender.documents.4,0.releases.536,0,012026155531424-7c21,tenderNotice,Beneficial ownership,2026-01-07T09:01:58Z
0.releases.537.tender.documents.0,0.releases.537,0,112025114135741-7c53,tenderNotice,STANDARD BIDDING DOCUMENT,2025-11-24T17:21:54Z
0.releases.537.tender.documents.1,0.releases.537,0,112025114135753-7c52,tenderNotice,BENEFICIAL OWNERSHIP DISCLOSURE,2025-11-24T17:21:54Z
0.releases.540.tender.documents.0,0.releases.540,0,112025115609131-7e55,tenderNotice,Dao,2025-11-05T16:43:37Z
0.releases.541.tender.documents.0,0.releases.541,0,042025110258587-77a3,tenderNotice,ToR,2025-04-23T09:05:37Z
0.releases.543.tender.documents.0,0.releases.543,0,102023152226459-7b16,tenderNotice,DAO,2023-10-30T16:45:50Z
0.releases.544.tender.documents.0,0.releases.544,0,122025143002551-691e,tenderNotice,Tender Document,2025-12-24T12:47:12Z
0.releases.544.tender.documents.1,0.releases.544,0,122025143002613-691d,tenderNotice,ACCURATE PRICE,2025-12-24T12:47:12Z
0.releases.544.tender.documents.2,0.releases.544,0,122025143002630-691c,tenderNotice,Authorization from RPPA,2025-12-24T12:47:12Z
0.releases.545.tender.documents.0,0.releases.545,0,042025110258587-77a3,tenderNotice,ToR,2025-04-23T09:05:37Z
0.releases.546.tender.documents.0,0.releases.546,0,092025155401070-6d23,tenderNotice,DAO,2025-09-16T14:38:14Z
0.releases.547.tender.documents.0,0.releases.547,0,092023103726610-7a7b,tenderNotice,TENDER DOCUMENT,2023-09-07T17:04:57Z
0.releases.549.tender.documents.0,0.releases.549,0,092024161907435-7eeb,tenderNotice,Tender document,2024-09-03T10:57:57Z
0.releases.550.tender.documents.0,0.releases.550,0,052025170731230-7c4d,tenderNotice,Motif of amendment,2025-05-23T17:57:00Z
0.releases.550.tender.documents.1,0.releases.550,0,052025192205236-7ffe,tenderNotice,ToR,2025-05-23T17:57:00Z
0.releases.551.tender.documents.0,0.releases.551,0,102023164354489-7e78,tenderNotice,Tender document,2023-10-18T15:11:20Z
0.releases.553.tender.documents.0,0.releases.553,0,102023091254668-7ff8,tenderNotice,Adjusted TD,2023-10-28T11:06:18Z
0.releases.553.tender.documents.1,0.releases.553,0,102023091254684-7ff7,tenderNotice,Non  objection Response from RPPA,2023-10-28T11:06:18Z
0.releases.553.tender.documents.2,0.releases.553,0,102023102725227-7ffa,tenderNotice,Architecture,2023-10-28T11:06:18Z
0.releases.553.tender.documents.3,0.releases.553,0,102023102725299-7ff9,tenderNotice,External Infrastructure,2023-10-28T11:06:18Z
0.releases.553.tender.documents.4,0.releases.553,0,102023102725308-7ff8,tenderNotice,MEP Drawings,2023-10-28T11:06:18Z
0.releases.553.tender.documents.5,0.releases.553,0,102023102725396-7ff7,tenderNotice,Negative Pressure Ventilation System,2023-10-28T11:06:18Z
0.releases.553.tender.documents.6,0.releases.553,0,102023102725415-7ff6,tenderNotice,Structure Data,2023-10-28T11:06:18Z
0.releases.553.tender.documents.7,0.releases.553,0,102023102725448-7ff5,tenderNotice,Technical Specifications,2023-10-28T11:06:18Z
0.releases.554.tender.documents.0,0.releases.554,0,092025100323237-7fd3,tenderNotice,Beneficial ownership,2025-09-20T20:59:52Z
0.releases.554.tender.documents.1,0.releases.554,0,092025101726644-7fcb,tenderNotice,Tender document,2025-09-20T20:59:52Z
0.releases.555.tender.documents.0,0.releases.555,0,102025083442675-7ff8,tenderNotice,RE- ADVERTISED TENDER DOCUMENT,2025-10-21T10:27:49Z
0.releases.556.tender.documents.0,0.releases.556,0,112025164637255-7b3c,tenderNotice,Tender  document,2025-11-12T10:37:57Z
0.releases.556.tender.documents.1,0.releases.556,0,112025164637260-7b3b,tenderNotice,Beneficial Ownership Disclosure Declaration form,2025-11-12T10:37:57Z
0.releases.557.tender.documents.0,0.releases.557,0,122025133402262-7f88,tenderNotice,DAO IT EQUIPMENT Re advertisement,2026-01-07T10:09:18Z
0.releases.557.tender.documents.1,0.releases.557,0,122025133402269-7f87,tenderNotice,Beneficial of ownership form ,2026-01-07T10:09:18Z
0.releases.558.tender.documents.0,0.releases.558,0,092025155401070-6d23,tenderNotice,DAO,2025-09-16T14:38:14Z
0.releases.559.tender.documents.0,0.releases.559,0,102025112413751-7fea,tenderNotice,TD,2025-10-10T21:05:59Z
0.releases.559.tender.documents.1,0.releases.559,0,102025112413760-7fe9,tenderNotice,BODDA,2025-10-10T21:05:59Z
0.releases.562.tender.documents.0,0.releases.562,0,112025164637255-7b3c,tenderNotice,Tender  document,2025-11-12T10:37:57Z
0.releases.562.tender.documents.1,0.releases.562,0,112025164637260-7b3b,tenderNotice,Beneficial Ownership Disclosure Declaration form,2025-11-12T10:37:57Z
0.releases.563.tender.documents.0,0.releases.563,0,012026182831125-7c10,tenderNotice,Tender document,2026-01-07T10:14:03Z
0.releases.563.tender.documents.1,0.releases.563,0,012026182831131-7c0f,tenderNotice,RPPA FROM ,2026-01-07T10:14:03Z
0.releases.565.tender.documents.0,0.releases.565,0,032025124641642-7a02,tenderNotice,TENDER DOCUMENT,2025-03-04T13:56:27Z
0.releases.567.tender.documents.0,0.releases.567,0,012026091018269-7c0d,tenderNotice,Tender Document,2026-01-07T10:16:02Z
0.releases.568.tender.documents.0,0.releases.568,0,112025104401456-7fea,tenderNotice,DAO,2025-11-11T14:43:55Z
0.releases.569.tender.documents.0,0.releases.569,0,102025142717699-7fec,tenderNotice,TENDER DOCUMENT,2025-10-06T17:14:49Z
0.releases.569.tender.documents.1,0.releases.569,0,102025142717715-7feb,tenderNotice,Beneficial ownership disclosure form,2025-10-06T17:14:49Z
0.releases.570.tender.documents.0,0.releases.570,0,102025142717699-7fec,tenderNotice,TENDER DOCUMENT,2025-10-06T17:14:49Z
0.releases.570.tender.documents.1,0.releases.570,0,102025142717715-7feb,tenderNotice,Beneficial ownership disclosure form,2025-10-06T17:14:49Z
0.releases.571.tender.documents.0,0.releases.571,0,102025095240040-7ffb,tenderNotice,Beneficial ownership disclosure declaration form,2025-11-18T10:23:48Z
0.releases.571.tender.documents.1,0.releases.571,0,102025102842843-7ff9,tenderNotice,Terms of reference for Lot 1,2025-11-18T10:23:48Z
0.releases.571.tender.documents.2,0.releases.571,0,102025102842851-7ff8,tenderNotice,Terms of reference for Lot 2,2025-11-18T10:23:48Z
0.releases.571.tender.documents.3,0.releases.571,0,102025151318729-7ffa,tenderNotice,Tender document,2025-11-18T10:23:48Z
0.releases.572.tender.documents.0,0.releases.572,0,122025121512078-7d46,tenderNotice,DAO,2025-12-31T08:58:22Z
0.releases.573.tender.documents.0,0.releases.573,0,102025144803339-7f56,tenderNotice,DAO -RE-ADVERTISEMENT HBECD PORRIDGE,2025-10-23T11:04:46Z
0.releases.574.tender.documents.0,0.releases.574,0,112025145328444-7ed4,tenderNotice,TENDER DOCUMENT,2025-12-04T10:53:41Z
0.releases.575.tender.documents.0,0.releases.575,0,122025101129448-6b33,tenderNotice,Tender document,2025-12-22T11:27:52Z
0.releases.576.tender.documents.0,0.releases.576,0,122025105909343-762c,tenderNotice,Tender Document ,2025-12-15T13:25:59Z
0.releases.576.tender.documents.1,0.releases.576,0,122025105909358-762b,tenderNotice,Beneficial Ownership Disclosure Declarationform.xlsx,2025-12-15T13:25:59Z
0.releases.577.tender.documents.0,0.releases.577,0,012026131413018-7c3a,tenderNotice,TENDER DOCUMENT,2026-01-07T10:41:12Z
0.releases.579.tender.documents.0,0.releases.579,0,102025093605406-7ff9,tenderNotice,TENDER DOCUMENT,2025-10-28T17:40:55Z
0.releases.580.tender.documents.0,0.releases.580,0,112025183817263-7ef3,tenderNotice,TENDER DOCUMENT,2025-12-18T09:43:39Z
0.releases.580.tender.documents.1,0.releases.580,0,122025072341329-7ed1,tenderNotice,AMENDED TD,2025-12-18T09:43:39Z
0.releases.580.tender.documents.2,0.releases.580,0,112025183817263-7ef3,tenderNotice,TENDER DOCUMENT,2025-11-27T09:50:14Z
0.releases.581.tender.documents.0,0.releases.581,0,122025143306106-72eb,tenderNotice,DAO,2025-12-16T17:16:36Z
0.releases.581.tender.documents.1,0.releases.581,0,122025171229270-7f20,tenderNotice,Amendment (DAO),2025-12-16T17:16:36Z
0.releases.582.tender.documents.0,0.releases.582,0,102025160804777-7fc4,tenderNotice,TENDER DOCUMENT,2025-10-14T17:13:53Z
0.releases.582.tender.documents.1,0.releases.582,0,102025160804782-7fc3,tenderNotice,Beneficial ownership disclosure,2025-10-14T17:13:53Z
0.releases.583.tender.documents.0,0.releases.583,0,062025155319682-7f56,tenderNotice,REOI & ToRs,2025-06-12T18:25:34Z
0.releases.583.tender.documents.1,0.releases.583,0,062025155319690-7f55,tenderNotice,ToRs word version for reference only,2025-06-12T18:25:34Z
0.releases.584.tender.documents.0,0.releases.584,0,062025155319682-7f56,tenderNotice,REOI & ToRs,2025-06-12T18:25:34Z
0.releases.584.tender.documents.1,0.releases.584,0,062025155319690-7f55,tenderNotice,ToRs word version for reference only,2025-06-12T18:25:34Z
0.releases.585.tender.documents.0,0.releases.585,0,012026110351189-5181,tenderNotice,TD ,2026-01-07T11:03:51Z
0.releases.586.tender.documents.0,0.releases.586,0,012026110351189-5181,tenderNotice,TD ,2026-01-07T11:03:51Z
0.releases.587.tender.documents.0,0.releases.587,0,012026110351189-5181,tenderNotice,TD ,2026-01-07T11:03:51Z
0.releases.589.tender.documents.0,0.releases.589,0,012026110351189-5181,tenderNotice,TD ,2026-01-07T11:03:51Z
0.releases.590.tender.documents.0,0.releases.590,0,102025143043497-7fe9,tenderNotice,RE- ADVERTIZED TD :LOT2,2025-10-23T14:56:59Z
0.releases.590.tender.documents.1,0.releases.590,0,102025143043569-7fe8,tenderNotice,BODDF,2025-10-23T14:56:59Z
0.releases.591.tender.documents.0,0.releases.591,0,102025170439378-7fdf,tenderNotice,REQUEST FOR PROPOSAL,2025-10-22T18:35:08Z
0.releases.591.tender.documents.1,0.releases.591,0,102025170439385-7fde,tenderNotice,BENEFICIAL OWNERSHIP DISCLOSURE DECLARATION FORM,2025-10-22T18:35:08Z
0.releases.593.tender.documents.0,0.releases.593,0,012026121240964-514a,tenderNotice,Tender document,2026-01-08T16:02:56Z
0.releases.593.tender.documents.1,0.releases.593,0,012026155743021-4ed1,tenderNotice,Amended Tender document,2026-01-08T16:02:56Z
0.releases.595.tender.documents.0,0.releases.595,0,052023104535430-6e88,tenderNotice,ToR,2023-05-09T17:17:06Z
0.releases.595.tender.documents.1,0.releases.595,0,072023175109155-6671,tenderNotice,RFP,2023-07-14T20:55:22Z
0.releases.596.tender.documents.0,0.releases.596,0,052023104535430-6e88,tenderNotice,ToR,2023-05-09T17:17:06Z
0.releases.596.tender.documents.1,0.releases.596,0,072023175109155-6671,tenderNotice,RFP,2023-07-14T20:55:22Z
0.releases.598.tender.documents.0,0.releases.598,0,112025164637255-7b3c,tenderNotice,Tender  document,2025-11-12T10:37:57Z
0.releases.598.tender.documents.1,0.releases.598,0,112025164637260-7b3b,tenderNotice,Beneficial Ownership Disclosure Declaration form,2025-11-12T10:37:57Z
0.releases.599.tender.documents.0,0.releases.599,0,122025154352530-7f27,tenderNotice,DAO,2025-12-16T16:49:29Z
0.releases.599.tender.documents.1,0.releases.599,0,122025164407557-72dc,tenderNotice,Ammendment DAO,2025-12-16T16:49:29Z
0.releases.600.tender.documents.0,0.releases.600,0,112025153802383-7eff,tenderNotice,Tender document,2025-12-08T12:56:51Z
0.releases.600.tender.documents.1,0.releases.600,0,122025125216734-7f79,tenderNotice,Amended TD,2025-12-08T12:56:51Z
0.releases.601.tender.documents.0,0.releases.601,0,062025215356223-7e69,tenderNotice,DAO,2025-06-30T22:41:48Z
0.releases.601.tender.documents.1,0.releases.601,0,062025215444113-7e68,tenderNotice,Beneficiary’s ownership template,2025-06-30T22:41:48Z
0.releases.602.tender.documents.0,0.releases.602,0,092024182140981-6e17,tenderNotice,Tender  document,2024-09-28T11:40:41Z
0.releases.602.tender.documents.1,0.releases.602,0,092024182140987-6e16,tenderNotice,Beneficial ownership Disclose form,2024-09-28T11:40:41Z
0.releases.603.tender.documents.0,0.releases.603,0,012026105527816-56a7,tenderNotice,"Supply of sugar, coffee and tea made in Rwanda",2026-01-07T12:37:58Z
0.releases.604.tender.documents.0,0.releases.604,0,112023124011091-7e94,tenderNotice,TENDER DOCUMENT,2023-11-01T18:18:49Z
0.releases.605.tender.documents.0,0.releases.605,0,012026124958318-5113,tenderNotice,Tender document,2026-01-07T17:15:16Z
0.releases.605.tender.documents.1,0.releases.605,0,012026124958335-5112,tenderNotice,RPPA FORM,2026-01-07T17:15:16Z
0.releases.607.tender.documents.0,0.releases.607,0,062024161309888-7b1b,tenderNotice,RFP,2024-06-20T20:05:20Z
0.releases.608.tender.documents.0,0.releases.608,0,112023124011091-7e94,tenderNotice,TENDER DOCUMENT,2023-11-01T18:18:49Z
0.releases.609.tender.documents.0,0.releases.609,0,122025092414757-7abd,tenderNotice,Tender Document,2025-12-08T09:35:56Z
0.releases.609.tender.documents.1,0.releases.609,0,122025092414763-7abc,tenderNotice,A well filed of beneficial ownership disclosure declaration form,2025-12-08T09:35:56Z
0.releases.610.tender.documents.0,0.releases.610,0,122025092414757-7abd,tenderNotice,Tender Document,2025-12-08T09:35:56Z
0.releases.610.tender.documents.1,0.releases.610,0,122025092414763-7abc,tenderNotice,A well filed of beneficial ownership disclosure declaration form,2025-12-08T09:35:56Z
0.releases.611.tender.documents.0,0.releases.611,0,122025092414757-7abd,tenderNotice,Tender Document,2025-12-08T09:35:56Z
0.releases.611.tender.documents.1,0.releases.611,0,122025092414763-7abc,tenderNotice,A well filed of beneficial ownership disclosure declaration form,2025-12-08T09:35:56Z
0.releases.612.tender.documents.0,0.releases.612,0,122025092414757-7abd,tenderNotice,Tender Document,2025-12-08T09:35:56Z
0.releases.612.tender.documents.1,0.releases.612,0,122025092414763-7abc,tenderNotice,A well filed of beneficial ownership disclosure declaration form,2025-12-08T09:35:56Z
0.releases.613.tender.documents.0,0.releases.613,0,122025092414757-7abd,tenderNotice,Tender Document,2025-12-08T09:35:56Z
0.releases.613.tender.documents.1,0.releases.613,0,122025092414763-7abc,tenderNotice,A well filed of beneficial ownership disclosure declaration form,2025-12-08T09:35:56Z
0.releases.614.tender.documents.0,0.releases.614,0,122025204625855-7264,tenderNotice,Beneficial Ownership declaration,2025-12-11T11:02:05Z
0.releases.614.tender.documents.1,0.releases.614,0,122025205427100-7261,tenderNotice,Tender document,2025-12-11T11:02:05Z
0.releases.615.tender.documents.0,0.releases.615,0,122025204625855-7264,tenderNotice,Beneficial Ownership declaration,2025-12-11T11:02:05Z
0.releases.615.tender.documents.1,0.releases.615,0,122025205427100-7261,tenderNotice,Tender document,2025-12-11T11:02:05Z
0.releases.616.tender.documents.0,0.releases.616,0,122025204625855-7264,tenderNotice,Beneficial Ownership declaration,2025-12-11T11:02:05Z
0.releases.616.tender.documents.1,0.releases.616,0,122025205427100-7261,tenderNotice,Tender document,2025-12-11T11:02:05Z
0.releases.617.tender.documents.0,0.releases.617,0,122025204625855-7264,tenderNotice,Beneficial Ownership declaration,2025-12-11T11:02:05Z
0.releases.617.tender.documents.1,0.releases.617,0,122025205427100-7261,tenderNotice,Tender document,2025-12-11T11:02:05Z
0.releases.618.tender.documents.0,0.releases.618,0,122025204625855-7264,tenderNotice,Beneficial Ownership declaration,2025-12-11T11:02:05Z
0.releases.618.tender.documents.1,0.releases.618,0,122025205427100-7261,tenderNotice,Tender document,2025-12-11T11:02:05Z
0.releases.619.tender.documents.0,0.releases.619,0,122025204625855-7264,tenderNotice,Beneficial Ownership declaration,2025-12-11T11:02:05Z
0.releases.619.tender.documents.1,0.releases.619,0,122025205427100-7261,tenderNotice,Tender document,2025-12-11T11:02:05Z
0.releases.620.tender.documents.0,0.releases.620,0,122025204625855-7264,tenderNotice,Beneficial Ownership declaration,2025-12-11T11:02:05Z
0.releases.620.tender.documents.1,0.releases.620,0,122025205427100-7261,tenderNotice,Tender document,2025-12-11T11:02:05Z
0.releases.621.tender.documents.0,0.releases.621,0,072024145421001-7d1c,tenderNotice,RFP,2024-07-03T19:04:22Z
0.releases.622.tender.documents.0,0.releases.622,0,112025141239867-7ed6,tenderNotice,TENDER DOCUMENT,2025-12-17T16:16:19Z
0.releases.622.tender.documents.1,0.releases.622,0,122025115801254-7f0c,tenderNotice,Amendment note,2025-12-17T16:16:19Z
0.releases.622.tender.documents.2,0.releases.622,0,122025115801262-7f0b,tenderNotice,AMENDED TD,2025-12-17T16:16:19Z
0.releases.622.tender.documents.3,0.releases.622,0,112025141239867-7ed6,tenderNotice,TENDER DOCUMENT,2025-11-27T23:33:34Z
0.releases.623.tender.documents.0,0.releases.623,0,012024113209276-7fe5,tenderNotice,RFQ,2024-01-03T17:00:21Z
0.releases.624.tender.documents.0,0.releases.624,0,122024120847185-7fb7,tenderNotice,FORM TO BE SIGNED,2024-12-12T16:15:00Z
0.releases.624.tender.documents.1,0.releases.624,0,122024122932634-796d,tenderNotice,TD,2024-12-12T16:15:00Z
0.releases.625.tender.documents.0,0.releases.625,0,122024140605693-6aaf,tenderNotice,Tender Document,2024-12-19T13:42:36Z
0.releases.625.tender.documents.1,0.releases.625,0,122024140605721-6aae,tenderNotice,Beneficial ownership disclosure form filled by the bidder,2024-12-19T13:42:36Z
0.releases.626.tender.documents.0,0.releases.626,0,012024113209276-7fe5,tenderNotice,RFQ,2024-01-03T17:00:21Z
0.releases.627.tender.documents.0,0.releases.627,0,122025104227463-7914,tenderNotice,Layout plan,2025-12-12T16:23:54Z
0.releases.627.tender.documents.1,0.releases.627,0,122025104227472-7913,tenderNotice,Beneficial  ownership disclosure form,2025-12-12T16:23:54Z
0.releases.627.tender.documents.2,0.releases.627,0,122025112607974-7748,tenderNotice,Tender document,2025-12-12T16:23:54Z
0.releases.627.tender.documents.3,0.releases.627,0,122025152614820-7fce,tenderNotice,amended tender document,2025-12-12T16:23:54Z
0.releases.628.tender.documents.0,0.releases.628,0,012024153455690-7de7,tenderNotice,TENDER DOCUMENT,2024-01-04T11:57:15Z
0.releases.629.tender.documents.0,0.releases.629,0,122025105909343-762c,tenderNotice,Tender Document ,2025-12-15T13:25:59Z
0.releases.629.tender.documents.1,0.releases.629,0,122025105909358-762b,tenderNotice,Beneficial Ownership Disclosure Declarationform.xlsx,2025-12-15T13:25:59Z
0.releases.630.tender.documents.0,0.releases.630,0,102025142218016-7ff7,tenderNotice,Tender Document ,2025-10-23T09:15:03Z
0.releases.631.tender.documents.0,0.releases.631,0,102025174942816-7fcd,tenderNotice,SECOND REVISED TENDER DOCUMENT,2025-10-29T18:14:02Z
0.releases.631.tender.documents.1,0.releases.631,0,102025180642326-7f3b,tenderNotice,TENDER DOCUMENT ,2025-10-29T18:14:02Z
0.releases.631.tender.documents.2,0.releases.631,0,102025180642335-7f3a,tenderNotice,BENEFICIAL OWNERSHIP DISCLOSURE FORM,2025-10-29T18:14:02Z
0.releases.631.tender.documents.3,0.releases.631,0,102025192733517-7ffe,tenderNotice,FIRST REVISED TENDER DOCUMENT ,2025-10-29T18:14:02Z
0.releases.632.tender.documents.0,0.releases.632,0,122025114526620-6ffc,tenderNotice,RFP,2025-12-18T13:55:43Z
0.releases.633.tender.documents.0,0.releases.633,0,112025141239867-7ed6,tenderNotice,TENDER DOCUMENT,2025-12-17T16:16:19Z
0.releases.633.tender.documents.1,0.releases.633,0,122025115801254-7f0c,tenderNotice,Amendment note,2025-12-17T16:16:19Z
0.releases.633.tender.documents.2,0.releases.633,0,122025115801262-7f0b,tenderNotice,AMENDED TD,2025-12-17T16:16:19Z
0.releases.633.tender.documents.3,0.releases.633,0,112025141239867-7ed6,tenderNotice,TENDER DOCUMENT,2025-11-27T23:33:34Z
0.releases.634.tender.documents.0,0.releases.634,0,112024155829110-7fdb,tenderNotice,Tender Document,2024-12-10T09:13:39Z
0.releases.634.tender.documents.1,0.releases.634,0,112024155829121-7fda,tenderNotice,Electrical Drawings for ECD Center of EP Ngoma Cath in Huye District ,2024-12-10T09:13:39Z
0.releases.634.tender.documents.2,0.releases.634,0,112024155829134-7fd9,tenderNotice,EP Ngoma Cath Modal Based for ECD EP Ngoma Cath Huye District,2024-12-10T09:13:39Z
0.releases.634.tender.documents.3,0.releases.634,0,112024155829192-7fd8,tenderNotice,Mechanical Drawings Details for ECD Center of EP Ngoma Cath In Huye District ,2024-12-10T09:13:39Z
0.releases.634.tender.documents.4,0.releases.634,0,112024155829218-7fd7,tenderNotice,Structural Drawings of ECD Center of EP Ngoma Cath in Huye District,2024-12-10T09:13:39Z
0.releases.634.tender.documents.5,0.releases.634,0,112024155829229-7fd6,tenderNotice,EP Ngoma Based ECD BoQ in PDF,2024-12-10T09:13:39Z
0.releases.634.tender.documents.6,0.releases.634,0,112024155829232-7fd5,tenderNotice,Detailed BoQs of ECD of EP Ngoma Cath in Huye District,2024-12-10T09:13:39Z
0.releases.634.tender.documents.7,0.releases.634,0,112024161500573-7fd1,tenderNotice,Electrical Drawings ECD GS Nyarubande Rubavu District,2024-12-10T09:13:39Z
0.releases.634.tender.documents.8,0.releases.634,0,112024161500586-7fd0,tenderNotice,Mechanical Drawings ECD GS Nyarubande Rubavu District,2024-12-10T09:13:39Z
0.releases.634.tender.documents.9,0.releases.634,0,112024161500595-7fcf,tenderNotice,Structural Drawings ECD GS Nyarubande Rubavu District,2024-12-10T09:13:39Z
0.releases.634.tender.documents.10,0.releases.634,0,112024161500603-7fce,tenderNotice,RUBAVU Gisenyi Drawings,2024-12-10T09:13:39Z
0.releases.634.tender.documents.11,0.releases.634,0,112024161500621-7fcd,tenderNotice,Electrical Drawings of Model ECD Gihundwe in Rusizi District,2024-12-10T09:13:39Z
0.releases.634.tender.documents.12,0.releases.634,0,112024161500629-7fcc,tenderNotice,Mechanical Drawings Model ECD Gihundwe Rusizi,2024-12-10T09:13:39Z
0.releases.634.tender.documents.13,0.releases.634,0,112024161500638-7fcb,tenderNotice,Modal Based ECD Gihundwe Rusizi District,2024-12-10T09:13:39Z
0.releases.634.tender.documents.14,0.releases.634,0,112024161500670-7fca,tenderNotice,Structural Drawings ECD Gihundwe Rusizi District,2024-12-10T09:13:39Z
0.releases.634.tender.documents.15,0.releases.634,0,112024161500675-7fc9,tenderNotice,Modal Based ECD Gihundwe Rusizi District,2024-12-10T09:13:39Z
0.releases.634.tender.documents.16,0.releases.634,0,112024161500678-7fc8,tenderNotice,Model Base BoQ Gihundwe District,2024-12-10T09:13:39Z
0.releases.634.tender.documents.17,0.releases.634,0,112024161500681-7fc7,tenderNotice,Modal based ECD GS Nyarubande Rubavu District,2024-12-10T09:13:39Z
0.releases.634.tender.documents.18,0.releases.634,0,112024161500685-7fc6,tenderNotice,Modal Based BoQ ECD GS Nyarubande Rubavu District,2024-12-10T09:13:39Z
0.releases.635.tender.documents.0,0.releases.635,0,122025121512078-7d46,tenderNotice,DAO,2025-12-31T08:58:22Z
0.releases.636.tender.documents.0,0.releases.636,0,092025145814531-7b29,tenderNotice,Tender document for Supply of Stationaries and Printing Consumables,2025-09-02T10:35:49Z
0.releases.637.tender.documents.0,0.releases.637,0,012026144220944-7bfa,tenderNotice,Tender document ,2026-01-07T15:59:28Z
0.releases.637.tender.documents.1,0.releases.637,0,012026144220953-7bf9,tenderNotice,Beneficial ownership,2026-01-07T15:59:28Z
0.releases.639.tender.documents.0,0.releases.639,0,102025121444430-7ff1,tenderNotice,Tender Document,2025-12-04T15:24:06Z
0.releases.639.tender.documents.1,0.releases.639,0,122025161225358-6d1d,tenderNotice,Amended tender document,2025-12-04T15:24:06Z
0.releases.640.tender.documents.0,0.releases.640,0,082025141045197-7ae8,tenderNotice,TENDER DOCUMENT ,2025-08-11T14:54:34Z
0.releases.641.tender.documents.0,0.releases.641,0,082025065302817-77d0,tenderNotice,TD,2025-08-28T11:12:31Z
0.releases.641.tender.documents.1,0.releases.641,0,082025150557916-7e54,tenderNotice,beneficial ownership,2025-08-28T11:12:31Z
0.releases.641.tender.documents.2,0.releases.641,0,082025150557943-7e53,tenderNotice,Tender doc,2025-08-28T11:12:31Z
0.releases.642.tender.documents.0,0.releases.642,0,092025104747373-6ef0,tenderNotice,DAO,2025-09-12T11:46:38Z
0.releases.643.tender.documents.0,0.releases.643,0,112025164215376-790e,tenderNotice,BIDDING DOCUMENT,2025-11-22T12:20:00Z
0.releases.643.tender.documents.1,0.releases.643,0,112025174645068-7ff9,tenderNotice,Bidding Document,2025-11-22T12:20:00Z
0.releases.643.tender.documents.2,0.releases.643,0,112025174645074-7ff8,tenderNotice,Declaration of beneficial ownership letter (well filled and signed),2025-11-22T12:20:00Z
0.releases.644.tender.documents.0,0.releases.644,0,122025105909343-762c,tenderNotice,Tender Document ,2025-12-15T13:25:59Z
0.releases.644.tender.documents.1,0.releases.644,0,122025105909358-762b,tenderNotice,Beneficial Ownership Disclosure Declarationform.xlsx,2025-12-15T13:25:59Z
0.releases.645.tender.documents.0,0.releases.645,0,012026152109473-7bf8,tenderNotice,Tender Document,2026-01-09T09:40:02Z
0.releases.647.tender.documents.0,0.releases.647,0,082025131335981-7dfe,tenderNotice,Beneficial ownership declaration,2025-09-16T14:19:34Z
0.releases.647.tender.documents.1,0.releases.647,0,082025133313753-7c62,tenderNotice,Guard house drawings,2025-09-16T14:19:34Z
0.releases.647.tender.documents.2,0.releases.647,0,082025140337434-7c5d,tenderNotice,Drawings drainage,2025-09-16T14:19:34Z
0.releases.647.tender.documents.3,0.releases.647,0,082025142331602-7c5a,tenderNotice,FRONT Face1,2025-09-16T14:19:34Z
0.releases.647.tender.documents.4,0.releases.647,0,082025142804426-7c59,tenderNotice,FRONT FACE 2,2025-09-16T14:19:34Z
0.releases.647.tender.documents.5,0.releases.647,0,082025143056243-7c58,tenderNotice,Perspective view,2025-09-16T14:19:34Z
0.releases.647.tender.documents.6,0.releases.647,0,082025143351713-7c57,tenderNotice,Tender Document,2025-09-16T14:19:34Z
0.releases.647.tender.documents.7,0.releases.647,0,082025223837927-7fd9,tenderNotice,Drawings,2025-09-16T14:19:34Z
0.releases.647.tender.documents.8,0.releases.647,0,092025134641802-7c60,tenderNotice,NOTE TO TENDER ADDENDUM 16-09-2025,2025-09-16T14:19:34Z
0.releases.647.tender.documents.9,0.releases.647,0,092025150400976-7fc3,tenderNotice,NOTE TO TENDER ADDENDUM,2025-09-16T14:19:34Z
0.releases.648.tender.documents.0,0.releases.648,0,102025134649369-7fef,tenderNotice,Provision of Hotel and Restaurant services for workshops and conferences,2025-10-13T09:36:55Z
0.releases.648.tender.documents.1,0.releases.648,0,102025134649377-7fee,tenderNotice,Beneficial ownership disclosure declaration form,2025-10-13T09:36:55Z
0.releases.653.tender.documents.0,0.releases.653,0,012026181950436-7c52,tenderNotice,Tender document,2026-01-07T15:49:04Z
0.releases.653.tender.documents.1,0.releases.653,0,012026181950443-7c51,tenderNotice,Beneficial ownership disclosure form,2026-01-07T15:49:04Z
0.releases.654.tender.documents.0,0.releases.654,0,012026110048934-7c73,tenderNotice,Tender document,2026-01-07T15:49:35Z
0.releases.654.tender.documents.1,0.releases.654,0,012026110050048-7c72,tenderNotice,Beneficial ownership disclosure form,2026-01-07T15:49:35Z
0.releases.656.tender.documents.0,0.releases.656,0,062025201050217-7562,tenderNotice,Tender Document,2025-07-30T13:43:44Z
0.releases.656.tender.documents.1,0.releases.656,0,062025201518313-755f,tenderNotice,Drawings ,2025-07-30T13:43:44Z
0.releases.656.tender.documents.2,0.releases.656,0,062025201518329-755e,tenderNotice,Drawings,2025-07-30T13:43:44Z
0.releases.656.tender.documents.3,0.releases.656,0,062025201518343-755d,tenderNotice,Drawings,2025-07-30T13:43:44Z
0.releases.656.tender.documents.4,0.releases.656,0,072025065521034-7f47,tenderNotice,Revised drawings ,2025-07-30T13:43:44Z
0.releases.656.tender.documents.5,0.releases.656,0,072025065521051-7f46,tenderNotice,Revised drawings ,2025-07-30T13:43:44Z
0.releases.656.tender.documents.6,0.releases.656,0,072025065521065-7f45,tenderNotice,Motif of amendment,2025-07-30T13:43:44Z
0.releases.656.tender.documents.7,0.releases.656,0,072025110253861-7f58,tenderNotice,Second motif of amendment,2025-07-30T13:43:44Z
0.releases.657.tender.documents.0,0.releases.657,0,112025153802383-7eff,tenderNotice,Tender document,2025-12-08T12:56:51Z
0.releases.657.tender.documents.1,0.releases.657,0,122025125216734-7f79,tenderNotice,Amended TD,2025-12-08T12:56:51Z
0.releases.658.tender.documents.0,0.releases.658,0,102025160556965-7fe3,tenderNotice,Tender document,2025-10-14T18:07:26Z
0.releases.659.tender.documents.0,0.releases.659,0,012026144220944-7bfa,tenderNotice,Tender document ,2026-01-07T15:59:28Z
0.releases.659.tender.documents.1,0.releases.659,0,012026144220953-7bf9,tenderNotice,Beneficial ownership,2026-01-07T15:59:28Z
0.releases.660.tender.documents.0,0.releases.660,0,082024103218079-7f87,tenderNotice,DAO,2024-08-27T11:39:25Z
0.releases.660.tender.documents.1,0.releases.660,0,082024103218100-7f86,tenderNotice,Declaration of beneficial ownership Form,2024-08-27T11:39:25Z
0.releases.661.tender.documents.0,0.releases.661,0,012026130749256-52e5,tenderNotice,Amended Tender document,2026-01-07T16:01:23Z
0.releases.661.tender.documents.1,0.releases.661,0,122025170152417-7e9b,tenderNotice,Tender document,2026-01-07T16:01:23Z
0.releases.661.tender.documents.2,0.releases.661,0,122025170152460-7e9a,tenderNotice,Beneficial Ownership Disclosure,2026-01-07T16:01:23Z
0.releases.662.tender.documents.0,0.releases.662,0,012025102535021-7f4b,tenderNotice,BD,2025-01-20T16:04:38Z
0.releases.663.tender.documents.0,0.releases.663,0,012026112844070-514d,tenderNotice,TD,2026-01-07T16:06:50Z
0.releases.664.tender.documents.0,0.releases.664,0,112023104630291-5bbe,tenderNotice,Tender Document,2023-11-30T16:35:03Z
0.releases.665.tender.documents.0,0.releases.665,0,122024095215224-7fc3,tenderNotice,Tender Document,2024-12-24T12:37:12Z
0.releases.666.tender.documents.0,0.releases.666,0,102025133123370-7fe2,tenderNotice,DAO,2025-10-24T16:52:56Z
0.releases.667.tender.documents.0,0.releases.667,0,102023121354851-7fa1,tenderNotice,Tender document,2023-10-31T14:38:18Z
0.releases.669.tender.documents.0,0.releases.669,0,102023121354851-7fa1,tenderNotice,Tender document,2023-10-31T14:38:18Z
0.releases.670.tender.documents.0,0.releases.670,0,102025124136231-7ffe,tenderNotice,Tender document,2025-10-30T15:31:33Z
0.releases.671.tender.documents.0,0.releases.671,0,012026162015750-50fe,tenderNotice,TENDER DOCUMENT,2026-01-07T16:20:15Z
0.releases.672.tender.documents.0,0.releases.672,0,012026162015750-50fe,tenderNotice,TENDER DOCUMENT,2026-01-07T16:20:15Z
0.releases.673.tender.documents.0,0.releases.673,0,102023121354851-7fa1,tenderNotice,Tender document,2023-10-31T14:38:18Z
0.releases.674.tender.documents.0,0.releases.674,0,102025124136231-7ffe,tenderNotice,Tender document,2025-10-30T15:31:33Z
0.releases.675.tender.documents.0,0.releases.675,0,122025124033800-692b,tenderNotice,TD,2025-12-23T12:40:34Z
0.releases.675.tender.documents.1,0.releases.675,0,122025124033808-692a,tenderNotice,"Beneficial ownership disclosure form (It should be well filled, signed and stamped by the bidder)",2025-12-23T12:40:34Z
0.releases.676.tender.documents.0,0.releases.676,0,062023174041299-7ed5,tenderNotice,RFP,2023-07-17T14:35:10Z
0.releases.676.tender.documents.1,0.releases.676,0,072023175535690-642a,tenderNotice,RFP Hominized to be Considered ,2023-07-17T14:35:10Z
0.releases.677.tender.documents.0,0.releases.677,0,122025122211340-7744,tenderNotice,Tender document,2025-12-12T16:24:05Z
0.releases.677.tender.documents.1,0.releases.677,0,122025122211361-7743,tenderNotice,Beneficial  ownership disclosure form,2025-12-12T16:24:05Z
0.releases.677.tender.documents.2,0.releases.677,0,122025153513760-7fcd,tenderNotice,amended tender document,2025-12-12T16:24:05Z
0.releases.678.tender.documents.0,0.releases.678,0,102025124136231-7ffe,tenderNotice,Tender document,2025-10-30T15:31:33Z
0.releases.679.tender.documents.0,0.releases.679,0,012026163145128-50fd,tenderNotice,DAO,2026-01-12T13:51:54Z
0.releases.683.tender.documents.0,0.releases.683,0,102023121354851-7fa1,tenderNotice,Tender document,2023-10-31T14:38:18Z
0.releases.684.tender.documents.0,0.releases.684,0,102023121354851-7fa1,tenderNotice,Tender document,2023-10-31T14:38:18Z
0.releases.685.tender.documents.0,0.releases.685,0,102023121354851-7fa1,tenderNotice,Tender document,2023-10-31T14:38:18Z
0.releases.686.tender.documents.0,0.releases.686,0,102023121354851-7fa1,tenderNotice,Tender document,2023-10-31T14:38:18Z
0.releases.687.tender.documents.0,0.releases.687,0,112025114135741-7c53,tenderNotice,STANDARD BIDDING DOCUMENT,2025-11-24T17:21:54Z
0.releases.687.tender.documents.1,0.releases.687,0,112025114135753-7c52,tenderNotice,BENEFICIAL OWNERSHIP DISCLOSURE,2025-11-24T17:21:54Z
0.releases.688.tender.documents.0,0.releases.688,0,102023121354851-7fa1,tenderNotice,Tender document,2023-10-31T14:38:18Z
0.releases.689.tender.documents.0,0.releases.689,0,102023121354851-7fa1,tenderNotice,Tender document,2023-10-31T14:38:18Z
0.releases.691.tender.documents.0,0.releases.691,0,102023121354851-7fa1,tenderNotice,Tender document,2023-10-31T14:38:18Z
0.releases.692.tender.documents.0,0.releases.692,0,122025115228905-7ce5,tenderNotice,Tender Document,2026-01-07T17:03:06Z
0.releases.693.tender.documents.0,0.releases.693,0,102022131515876-7fba,tenderNotice,Tender document ,2022-11-23T12:50:05Z
0.releases.693.tender.documents.1,0.releases.693,0,112022111136582-7f8d,tenderNotice,Updated tender document,2022-11-23T12:50:05Z
0.releases.694.tender.documents.0,0.releases.694,0,082025152105196-7fcf,tenderNotice,BID DOCUMENT,2025-08-29T17:36:57Z
0.releases.694.tender.documents.1,0.releases.694,0,082025152105213-7fce,tenderNotice,Declaration of beneficial ownership letter (well filled and signed).,2025-08-29T17:36:57Z
0.releases.695.tender.documents.0,0.releases.695,0,102025163112269-7fde,tenderNotice,Tender Document,2025-10-14T18:07:05Z
0.releases.697.tender.documents.0,0.releases.697,0,012026153628528-7c5a,tenderNotice,Tender Document,2026-01-07T17:09:24Z
0.releases.697.tender.documents.1,0.releases.697,0,012026153628535-7c59,tenderNotice,Beneficial ownership disclosure form ,2026-01-07T17:09:24Z
0.releases.698.tender.documents.0,0.releases.698,0,102025170701246-7b2d,tenderNotice,Tender document for Printing services ,2025-10-16T17:51:09Z
0.releases.699.tender.documents.0,0.releases.699,0,102025163112269-7fde,tenderNotice,Tender Document,2025-10-14T18:07:05Z
0.releases.700.tender.documents.0,0.releases.700,0,102025160044738-7b3d,tenderNotice,Tender document of Event management ,2025-11-05T10:15:33Z
0.releases.700.tender.documents.1,0.releases.700,0,102025160044741-7b3c,tenderNotice,Beneficial owner form ,2025-11-05T10:15:33Z
0.releases.700.tender.documents.2,0.releases.700,0,112025120118828-7fd8,tenderNotice,Amended tender document,2025-11-05T10:15:33Z
0.releases.701.tender.documents.0,0.releases.701,0,112025104401456-7fea,tenderNotice,DAO,2025-11-11T14:43:55Z
0.releases.703.tender.documents.0,0.releases.703,0,012026124958318-5113,tenderNotice,Tender document,2026-01-07T17:15:16Z
0.releases.703.tender.documents.1,0.releases.703,0,012026124958335-5112,tenderNotice,RPPA FORM,2026-01-07T17:15:16Z
0.releases.706.tender.documents.0,0.releases.706,0,102025163112269-7fde,tenderNotice,Tender Document,2025-10-14T18:07:05Z
0.releases.708.tender.documents.0,0.releases.708,0,102025142808707-7bf1,tenderNotice,Tender Document,2025-10-31T09:11:09Z
0.releases.709.tender.documents.0,0.releases.709,0,102025205453608-7ff4,tenderNotice,Tender doc,2025-10-28T20:58:48Z
0.releases.710.tender.documents.0,0.releases.710,0,112024122830712-7ffa,tenderNotice,Request For Quotation,2024-11-05T17:26:41Z
0.releases.713.tender.documents.0,0.releases.713,0,112025120411474-7fe9,tenderNotice,Request for Proposal,2025-11-07T15:01:54Z
0.releases.715.tender.documents.0,0.releases.715,0,092024123341641-6e77,tenderNotice,Tender Document,2024-09-28T17:35:28Z
0.releases.716.tender.documents.0,0.releases.716,0,102025142218016-7ff7,tenderNotice,Tender Document ,2025-10-23T09:15:03Z
0.releases.717.tender.documents.0,0.releases.717,0,092024123341641-6e77,tenderNotice,Tender Document,2024-09-28T17:35:28Z
0.releases.718.tender.documents.0,0.releases.718,0,102024191222386-62e3,tenderNotice,TENDER  DOCUMENT,2024-10-18T14:49:29Z
0.releases.718.tender.documents.1,0.releases.718,0,102024191222403-62e2,tenderNotice,Beneficial Ownership Disclosure form,2024-10-18T14:49:29Z
0.releases.719.tender.documents.0,0.releases.719,0,112025113821940-7b68,tenderNotice,Updated tender document,2025-11-17T17:40:54Z
0.releases.719.tender.documents.1,0.releases.719,0,112025140947541-7ff6,tenderNotice,Declaration of Beneficial Ownership of the Company,2025-11-17T17:40:54Z
0.releases.719.tender.documents.2,0.releases.719,0,112025140947547-7ff5,tenderNotice,Tender Document,2025-11-17T17:40:54Z
0.releases.720.tender.documents.0,0.releases.720,0,112025110703957-7ff4,tenderNotice,Tender document,2025-11-20T17:51:09Z
0.releases.720.tender.documents.1,0.releases.720,0,112025110703966-7ff3,tenderNotice,Declaration of Beneficial Ownership of the Company form,2025-11-20T17:51:09Z
0.releases.721.tender.documents.0,0.releases.721,0,082025065302817-77d0,tenderNotice,TD,2025-08-28T11:12:31Z
0.releases.721.tender.documents.1,0.releases.721,0,082025150557916-7e54,tenderNotice,beneficial ownership,2025-08-28T11:12:31Z
0.releases.721.tender.documents.2,0.releases.721,0,082025150557943-7e53,tenderNotice,Tender doc,2025-08-28T11:12:31Z
0.releases.722.tender.documents.0,0.releases.722,0,092025091424136-7fed,tenderNotice,Amended tender document,2025-09-29T09:23:38Z
0.releases.722.tender.documents.1,0.releases.722,0,092025130324779-78e1,tenderNotice,Tender document,2025-09-29T09:23:38Z
0.releases.722.tender.documents.2,0.releases.722,0,092025172736354-7e98,tenderNotice,Amended tender document,2025-09-29T09:23:38Z
0.releases.725.tender.documents.0,0.releases.725,0,042025155903024-7446,tenderNotice,Tender document,2025-04-10T12:59:04Z
0.releases.728.tender.documents.0,0.releases.728,0,032025124641642-7a02,tenderNotice,TENDER DOCUMENT,2025-03-04T13:56:27Z
0.releases.729.tender.documents.0,0.releases.729,0,062025132027282-7d35,tenderNotice,addedum ,2025-06-12T20:53:52Z
0.releases.729.tender.documents.1,0.releases.729,0,062025132915454-7d30,tenderNotice,Addendum ,2025-06-12T20:53:52Z
0.releases.729.tender.documents.2,0.releases.729,0,062025154146513-1855,tenderNotice,Beneficial Ownership disclosure form,2025-06-12T20:53:52Z
0.releases.729.tender.documents.3,0.releases.729,0,062025205024015-73b4,tenderNotice,Tender Document,2025-06-12T20:53:52Z
0.releases.730.tender.documents.0,0.releases.730,0,102025163112269-7fde,tenderNotice,Tender Document,2025-10-14T18:07:05Z
0.releases.731.tender.documents.0,0.releases.731,0,102025163112269-7fde,tenderNotice,Tender Document,2025-10-14T18:07:05Z
0.releases.732.tender.documents.0,0.releases.732,0,112025104857596-7ffa,tenderNotice,Provision of insurance services for City of  Kigali Assets,2025-11-20T10:22:03Z
0.releases.732.tender.documents.1,0.releases.732,0,112025162105169-7ff0,tenderNotice,Amended Tender Document,2025-11-20T10:22:03Z
0.releases.733.tender.documents.0,0.releases.733,0,102025163112269-7fde,tenderNotice,Tender Document,2025-10-14T18:07:05Z
0.releases.734.tender.documents.0,0.releases.734,0,102025160556965-7fe3,tenderNotice,Tender document,2025-10-14T18:07:26Z
0.releases.735.tender.documents.0,0.releases.735,0,102025144803339-7f56,tenderNotice,DAO -RE-ADVERTISEMENT HBECD PORRIDGE,2025-10-23T11:04:46Z
0.releases.736.tender.documents.0,0.releases.736,0,122025121512078-7d46,tenderNotice,DAO,2025-12-31T08:58:22Z
0.releases.737.tender.documents.0,0.releases.737,0,042025110258587-77a3,tenderNotice,ToR,2025-04-23T09:05:37Z
0.releases.738.tender.documents.0,0.releases.738,0,052025170731230-7c4d,tenderNotice,Motif of amendment,2025-05-23T17:57:00Z
0.releases.738.tender.documents.1,0.releases.738,0,052025192205236-7ffe,tenderNotice,ToR,2025-05-23T17:57:00Z
0.releases.739.tender.documents.0,0.releases.739,0,112025114135741-7c53,tenderNotice,STANDARD BIDDING DOCUMENT,2025-11-24T17:21:54Z
0.releases.739.tender.documents.1,0.releases.739,0,112025114135753-7c52,tenderNotice,BENEFICIAL OWNERSHIP DISCLOSURE,2025-11-24T17:21:54Z
0.releases.740.tender.documents.0,0.releases.740,0,092023073237072-6b3a,tenderNotice,DETAILED TENDER DOCUMENT,2023-09-15T12:37:18Z
0.releases.741.tender.documents.0,0.releases.741,0,082023121741207-6a5b,tenderNotice,Tender doc,2023-08-16T10:04:22Z
0.releases.742.tender.documents.0,0.releases.742,0,122025165458651-7da7,tenderNotice,Tender document,2025-12-04T06:30:21Z
0.releases.743.tender.documents.0,0.releases.743,0,112025180148713-7fc0,tenderNotice,Tender document,2025-11-11T16:33:41Z
0.releases.743.tender.documents.1,0.releases.743,0,112025180148720-7fbf,tenderNotice,Beneficial Ownership disclosure for,2025-11-11T16:33:41Z
0.releases.744.tender.documents.0,0.releases.744,0,112024122830712-7ffa,tenderNotice,Request For Quotation,2024-11-05T17:26:41Z
0.releases.745.tender.documents.0,0.releases.745,0,102025170439378-7fdf,tenderNotice,REQUEST FOR PROPOSAL,2025-10-22T18:35:08Z
0.releases.745.tender.documents.1,0.releases.745,0,102025170439385-7fde,tenderNotice,BENEFICIAL OWNERSHIP DISCLOSURE DECLARATION FORM,2025-10-22T18:35:08Z
0.releases.746.tender.documents.0,0.releases.746,0,122025154352530-7f27,tenderNotice,DAO,2025-12-16T16:49:29Z
0.releases.746.tender.documents.1,0.releases.746,0,122025164407557-72dc,tenderNotice,Ammendment DAO,2025-12-16T16:49:29Z
0.releases.747.tender.documents.0,0.releases.747,0,112025103929009-7ffc,tenderNotice,RFP,2025-11-05T08:22:12Z
0.releases.747.tender.documents.1,0.releases.747,0,112025103929017-7ffb,tenderNotice,Declaration of Beneficial Ownership form,2025-11-05T08:22:12Z
0.releases.748.tender.documents.0,0.releases.748,0,062021153538536-7e03,tenderNotice,Tender Document,2021-06-09T09:57:09Z
0.releases.749.tender.documents.0,0.releases.749,0,082022160105811-7b50,tenderNotice,Tender Document,2022-08-23T14:46:13Z
0.releases.750.tender.documents.0,0.releases.750,0,122025165458651-7da7,tenderNotice,Tender document,2025-12-04T06:30:21Z
0.releases.751.tender.documents.0,0.releases.751,0,102024181430213-7f72,tenderNotice,TENDER DOCUMENT,2024-10-09T19:33:54Z
0.releases.751.tender.documents.1,0.releases.751,0,102024181430219-7f71,tenderNotice,BENEFICIAL OWNERSHIP DISCLOSURE FORM,2024-10-09T19:33:54Z
0.releases.752.tender.documents.0,0.releases.752,0,092023073237072-6b3a,tenderNotice,DETAILED TENDER DOCUMENT,2023-09-15T12:37:18Z
0.releases.753.tender.documents.0,0.releases.753,0,092024135026619-7bc3,tenderNotice,TENDER DOCUMENT,2024-09-28T23:30:00Z
0.releases.754.tender.documents.0,0.releases.754,0,112024140552003-7e90,tenderNotice,TD,2024-11-11T17:04:11Z
0.releases.755.tender.documents.0,0.releases.755,0,112025174647715-7f89,tenderNotice,BIDDING DOCUMENT,2025-11-25T10:41:17Z
0.releases.755.tender.documents.1,0.releases.755,0,112025174647720-7f88,tenderNotice,Declaration of beneficial ownership letter (well filled and signed),2025-11-25T10:41:17Z
0.releases.756.tender.documents.0,0.releases.756,0,102025110824145-7fef,tenderNotice,Standard Bidding Document for Koha Software for NISR Library,2025-10-14T09:25:43Z
0.releases.756.tender.documents.1,0.releases.756,0,102025110824149-7fee,tenderNotice,Beneficial Ownership Disclosure Declaration Form,2025-10-14T09:25:43Z
0.releases.757.tender.documents.0,0.releases.757,0,062025204254022-7e6f,tenderNotice,RFP,2025-07-29T19:20:01Z
0.releases.757.tender.documents.1,0.releases.757,0,062025204418210-7e6e,tenderNotice,Beneficiary’s ownership template,2025-07-29T19:20:01Z
0.releases.758.tender.documents.0,0.releases.758,0,062025215356223-7e69,tenderNotice,DAO,2025-06-30T22:41:48Z
0.releases.758.tender.documents.1,0.releases.758,0,062025215444113-7e68,tenderNotice,Beneficiary’s ownership template,2025-06-30T22:41:48Z
0.releases.759.tender.documents.0,0.releases.759,0,092025112222453-7fac,tenderNotice,Tender Document,2025-09-30T16:30:01Z
0.releases.759.tender.documents.1,0.releases.759,0,092025112222468-7fab,tenderNotice,Beneficial Ownership Disclosure Declaration,2025-09-30T16:30:01Z
0.releases.760.tender.documents.0,0.releases.760,0,102025133333494-7bf5,tenderNotice,Tender document for Gym and Fitness Services,2025-10-30T14:13:35Z
0.releases.761.tender.documents.0,0.releases.761,0,122025114526620-6ffc,tenderNotice,RFP,2025-12-18T13:55:43Z
0.releases.762.tender.documents.0,0.releases.762,0,102025133333494-7bf5,tenderNotice,Tender document for Gym and Fitness Services,2025-10-30T14:13:35Z
0.releases.763.tender.documents.0,0.releases.763,0,102025133333494-7bf5,tenderNotice,Tender document for Gym and Fitness Services,2025-10-30T14:13:35Z
0.releases.764.tender.documents.0,0.releases.764,0,082025073234398-7ffd,tenderNotice,Tender document,2025-09-01T11:44:49Z
0.releases.764.tender.documents.1,0.releases.764,0,082025073234411-7ffc,tenderNotice,Beneficial ownership  disclosure,2025-09-01T11:44:49Z
0.releases.764.tender.documents.2,0.releases.764,0,082025114422758-7fe3,tenderNotice,AMENDED DAO,2025-09-01T11:44:49Z
0.releases.764.tender.documents.3,0.releases.764,0,092025112558186-7f97,tenderNotice,FIN AMENDED DAO,2025-09-01T11:44:49Z
0.releases.764.tender.documents.4,0.releases.764,0,092025113059407-7f96,tenderNotice,FIN AMENDED DAO,2025-09-01T11:44:49Z
0.releases.765.tender.documents.0,0.releases.765,0,102025133333494-7bf5,tenderNotice,Tender document for Gym and Fitness Services,2025-10-30T14:13:35Z
0.releases.766.tender.documents.0,0.releases.766,0,092023132258443-7e96,tenderNotice,DAO,2023-10-20T13:11:42Z
0.releases.766.tender.documents.1,0.releases.766,0,102023115927389-633f,tenderNotice,amendment,2023-10-20T13:11:42Z
0.releases.767.tender.documents.0,0.releases.767,0,112025080631341-7fb6,tenderNotice,TENDER DOCUMENT FOR PURCHASE NON MEDICAL SUPPLIES,2025-11-12T08:58:56Z
0.releases.768.tender.documents.0,0.releases.768,0,102025100548154-7fe9,tenderNotice,Purchase ICT equipment and Maintenance of electrical materials,2025-10-23T19:09:59Z
0.releases.769.tender.documents.0,0.releases.769,0,062024123831422-7fe5,tenderNotice,DAO,2024-07-17T12:45:42Z
0.releases.769.tender.documents.1,0.releases.769,0,062024123831434-7fe4,tenderNotice,Drawing 1,2024-07-17T12:45:42Z
0.releases.769.tender.documents.2,0.releases.769,0,062024123831443-7fe3,tenderNotice,Drawing 2,2024-07-17T12:45:42Z
0.releases.769.tender.documents.3,0.releases.769,0,062024123831452-7fe2,tenderNotice,Drawing 3,2024-07-17T12:45:42Z
0.releases.769.tender.documents.4,0.releases.769,0,062024123831460-7fe1,tenderNotice,Drawing 4,2024-07-17T12:45:42Z
0.releases.769.tender.documents.5,0.releases.769,0,062024123831466-7fe0,tenderNotice,Drawing 5,2024-07-17T12:45:42Z
0.releases.770.tender.documents.0,0.releases.770,0,012026094017815-7bee,tenderNotice,TENDER DOCUMENT ,2026-01-08T14:30:44Z
0.releases.772.tender.documents.0,0.releases.772,0,092025091424136-7fed,tenderNotice,Amended tender document,2025-09-29T09:23:38Z
0.releases.772.tender.documents.1,0.releases.772,0,092025130324779-78e1,tenderNotice,Tender document,2025-09-29T09:23:38Z
0.releases.772.tender.documents.2,0.releases.772,0,092025172736354-7e98,tenderNotice,Amended tender document,2025-09-29T09:23:38Z
0.releases.773.tender.documents.0,0.releases.773,0,102025133333494-7bf5,tenderNotice,Tender document for Gym and Fitness Services,2025-10-30T14:13:35Z
0.releases.774.tender.documents.0,0.releases.774,0,102025122429965-7ffd,tenderNotice,TD,2025-10-23T14:57:10Z
0.releases.774.tender.documents.1,0.releases.774,0,102025122429972-7ffc,tenderNotice,BODDF,2025-10-23T14:57:10Z
0.releases.775.tender.documents.0,0.releases.775,0,082023121741207-6a5b,tenderNotice,Tender doc,2023-08-16T10:04:22Z
0.releases.776.tender.documents.0,0.releases.776,0,122024151108418-735b,tenderNotice,TENDER DOCUMENT,2024-12-17T17:32:44Z
0.releases.777.tender.documents.0,0.releases.777,0,102025133333494-7bf5,tenderNotice,Tender document for Gym and Fitness Services,2025-10-30T14:13:35Z
0.releases.778.tender.documents.0,0.releases.778,0,102025133333494-7bf5,tenderNotice,Tender document for Gym and Fitness Services,2025-10-30T14:13:35Z
0.releases.779.tender.documents.0,0.releases.779,0,072024103209465-7fb6,tenderNotice,Tender document,2024-07-26T12:05:02Z
0.releases.780.tender.documents.0,0.releases.780,0,122025184240891-7044,tenderNotice,RFP,2025-12-15T11:39:17Z
0.releases.780.tender.documents.1,0.releases.780,0,122025184240898-7043,tenderNotice,Authorization from RPPA,2025-12-15T11:39:17Z
0.releases.781.tender.documents.0,0.releases.781,0,012026102626965-5092,tenderNotice,EOI,2026-01-08T10:26:27Z
0.releases.781.tender.documents.1,0.releases.781,0,012026102626986-5091,tenderNotice,ToRs,2026-01-08T10:26:27Z
0.releases.782.tender.documents.0,0.releases.782,0,012026102626965-5092,tenderNotice,EOI,2026-01-08T10:26:27Z
0.releases.782.tender.documents.1,0.releases.782,0,012026102626986-5091,tenderNotice,ToRs,2026-01-08T10:26:27Z
0.releases.784.tender.documents.0,0.releases.784,0,012026184807288-50e8,tenderNotice,TD,2026-01-08T10:30:54Z
0.releases.785.tender.documents.0,0.releases.785,0,122025133402262-7f88,tenderNotice,DAO IT EQUIPMENT Re advertisement,2026-01-07T10:09:18Z
0.releases.785.tender.documents.1,0.releases.785,0,122025133402269-7f87,tenderNotice,Beneficial of ownership form ,2026-01-07T10:09:18Z
0.releases.786.tender.documents.0,0.releases.786,0,092025155401070-6d23,tenderNotice,DAO,2025-09-16T14:38:14Z
0.releases.787.tender.documents.0,0.releases.787,0,112025120411474-7fe9,tenderNotice,Request for Proposal,2025-11-07T15:01:54Z
0.releases.788.tender.documents.0,0.releases.788,0,112025160627033-739b,tenderNotice,Tender document,2025-12-22T17:01:45Z
0.releases.788.tender.documents.1,0.releases.788,0,112025160627048-739a,tenderNotice,Beneficial ownership disclosure form,2025-12-22T17:01:45Z
0.releases.788.tender.documents.2,0.releases.788,0,122025104548890-7e55,tenderNotice,Ammendment notice,2025-12-22T17:01:45Z
0.releases.788.tender.documents.3,0.releases.788,0,112025160627033-739b,tenderNotice,Tender document,2025-11-28T16:05:38Z
0.releases.788.tender.documents.4,0.releases.788,0,112025160627048-739a,tenderNotice,Beneficial ownership disclosure form,2025-11-28T16:05:38Z
0.releases.789.tender.documents.0,0.releases.789,0,012026104658650-7bea,tenderNotice,TENDER DOCUMENT,2026-01-09T17:15:20Z
0.releases.791.tender.documents.0,0.releases.791,0,092025091424136-7fed,tenderNotice,Amended tender document,2025-09-29T09:23:38Z
0.releases.791.tender.documents.1,0.releases.791,0,092025130324779-78e1,tenderNotice,Tender document,2025-09-29T09:23:38Z
0.releases.791.tender.documents.2,0.releases.791,0,092025172736354-7e98,tenderNotice,Amended tender document,2025-09-29T09:23:38Z
0.releases.792.tender.documents.0,0.releases.792,0,102025101725412-7ff8,tenderNotice,TD,2025-10-30T13:52:07Z
0.releases.792.tender.documents.1,0.releases.792,0,102025101725431-7ff7,tenderNotice,Form,2025-10-30T13:52:07Z
0.releases.793.tender.documents.0,0.releases.793,0,092025113712227-7fb2,tenderNotice,Tender document,2025-09-17T16:52:20Z
0.releases.794.tender.documents.0,0.releases.794,0,102025101725412-7ff8,tenderNotice,TD,2025-10-30T13:52:07Z
0.releases.794.tender.documents.1,0.releases.794,0,102025101725431-7ff7,tenderNotice,Form,2025-10-30T13:52:07Z
0.releases.795.tender.documents.0,0.releases.795,0,072025211543586-7e74,tenderNotice,DAO,2025-08-05T09:58:15Z
0.releases.795.tender.documents.1,0.releases.795,0,072025211543590-7e73,tenderNotice,Beneficial ownership Declaration,2025-08-05T09:58:15Z
0.releases.797.tender.documents.0,0.releases.797,0,092025155401070-6d23,tenderNotice,DAO,2025-09-16T14:38:14Z
0.releases.798.tender.documents.0,0.releases.798,0,012026105555728-7be9,tenderNotice,DAO,2026-01-09T08:57:08Z
0.releases.798.tender.documents.1,0.releases.798,0,012026105555754-7be8,tenderNotice,Drawing 1,2026-01-09T08:57:08Z
0.releases.798.tender.documents.2,0.releases.798,0,012026105555938-7be7,tenderNotice,Drawing 2,2026-01-09T08:57:08Z
0.releases.798.tender.documents.3,0.releases.798,0,012026105555943-7be6,tenderNotice,Drawing 3,2026-01-09T08:57:08Z
0.releases.798.tender.documents.4,0.releases.798,0,012026105555951-7be5,tenderNotice,Beneficial ownership ,2026-01-09T08:57:08Z
0.releases.800.tender.documents.0,0.releases.800,0,102025115722056-7fe6,tenderNotice,Tender document,2025-10-28T16:20:15Z
0.releases.800.tender.documents.1,0.releases.800,0,102025115722065-7fe5,tenderNotice,Terms of references,2025-10-28T16:20:15Z
0.releases.802.tender.documents.0,0.releases.802,0,112024140445128-59b5,tenderNotice,Tender Document ,2024-11-01T15:22:25Z
0.releases.803.tender.documents.0,0.releases.803,0,012026105800425-4f3f,tenderNotice,amended Tender Document,2026-01-08T11:02:17Z
0.releases.803.tender.documents.1,0.releases.803,0,122025102918312-69e0,tenderNotice,Beneficial Ownership Disclosure Form,2026-01-08T11:02:17Z
0.releases.803.tender.documents.2,0.releases.803,0,122025104712516-69b1,tenderNotice,Tender Document,2026-01-08T11:02:17Z
0.releases.805.tender.documents.0,0.releases.805,0,092025105815722-7d21,tenderNotice,Notice of Amendment,2025-10-09T19:14:05Z
0.releases.805.tender.documents.1,0.releases.805,0,092025142213838-7fd7,tenderNotice,NOTICE OF AMENDEMENT,2025-10-09T19:14:05Z
0.releases.805.tender.documents.2,0.releases.805,0,092025172344439-7ffe,tenderNotice,NOTICE OF AMENDEMENT,2025-10-09T19:14:05Z
0.releases.805.tender.documents.3,0.releases.805,0,092025173420669-7d83,tenderNotice,Amended TD,2025-10-09T19:14:05Z
0.releases.805.tender.documents.4,0.releases.805,0,092025173420685-7d82,tenderNotice,Notice of Amendemnt,2025-10-09T19:14:05Z
0.releases.805.tender.documents.5,0.releases.805,0,092025180700568-7807,tenderNotice,TD,2025-10-09T19:14:05Z
0.releases.805.tender.documents.6,0.releases.805,0,092025180700591-7806,tenderNotice,Beneficial Ownership Disclosure Declarationform,2025-10-09T19:14:05Z
0.releases.805.tender.documents.7,0.releases.805,0,102025164204788-7fab,tenderNotice,Notice of Amendment,2025-10-09T19:14:05Z
0.releases.805.tender.documents.8,0.releases.805,0,102025171501290-7ace,tenderNotice,Notice of Amendment,2025-10-09T19:14:05Z
0.releases.805.tender.documents.9,0.releases.805,0,102025172802421-7fd4,tenderNotice,Notice of Amendment,2025-10-09T19:14:05Z
0.releases.805.tender.documents.10,0.releases.805,0,102025175215849-7fb4,tenderNotice,Notice of Amendment,2025-10-09T19:14:05Z
0.releases.807.tender.documents.0,0.releases.807,0,112025150541375-79ed,tenderNotice,TENDER DOCUMENT ,2025-11-26T19:44:50Z
0.releases.807.tender.documents.1,0.releases.807,0,112025173056313-77d3,tenderNotice,TENDER DOCUMENT 2,2025-11-26T19:44:50Z
0.releases.807.tender.documents.2,0.releases.807,0,112025194144395-75a8,tenderNotice,TENDER DOCUMENT 3,2025-11-26T19:44:50Z
0.releases.809.tender.documents.0,0.releases.809,0,112025134605945-7ffc,tenderNotice,Tender Document,2025-11-18T16:51:41Z
0.releases.810.tender.documents.0,0.releases.810,0,122025141218981-7ef8,tenderNotice,Tender Document,2025-12-17T16:47:46Z
0.releases.811.tender.documents.0,0.releases.811,0,102023164900815-6024,tenderNotice,Tender document,2023-10-25T09:35:56Z
0.releases.812.tender.documents.0,0.releases.812,0,102023164900815-6024,tenderNotice,Tender document,2023-10-25T09:35:56Z
0.releases.814.tender.documents.0,0.releases.814,0,102023164900815-6024,tenderNotice,Tender document,2023-10-25T09:35:56Z
0.releases.815.tender.documents.0,0.releases.815,0,102023164900815-6024,tenderNotice,Tender document,2023-10-25T09:35:56Z
0.releases.817.tender.documents.0,0.releases.817,0,102023164900815-6024,tenderNotice,Tender document,2023-10-25T09:35:56Z
0.releases.818.tender.documents.0,0.releases.818,0,102023164900815-6024,tenderNotice,Tender document,2023-10-25T09:35:56Z
0.releases.820.tender.documents.0,0.releases.820,0,122025115337121-6d55,tenderNotice,beneficial ownership disclosure form,2025-12-02T18:48:38Z
0.releases.820.tender.documents.1,0.releases.820,0,122025143505050-7e0c,tenderNotice,Tender Document,2025-12-02T18:48:38Z
0.releases.822.tender.documents.0,0.releases.822,0,122025133936251-695a,tenderNotice,Dao,2025-12-20T09:44:06Z
0.releases.823.tender.documents.0,0.releases.823,0,092024171822687-7a9a,tenderNotice,TD,2024-09-13T10:34:20Z
0.releases.824.tender.documents.0,0.releases.824,0,122025101129448-6b33,tenderNotice,Tender document,2025-12-22T11:27:52Z
0.releases.825.tender.documents.0,0.releases.825,0,082025092926181-7f50,tenderNotice,Tender document,2025-12-12T15:33:47Z
0.releases.825.tender.documents.1,0.releases.825,0,082025151857235-7ff1,tenderNotice,Amended tender document,2025-12-12T15:33:47Z
0.releases.826.tender.documents.0,0.releases.826,0,112024155829110-7fdb,tenderNotice,Tender Document,2024-12-10T09:13:39Z
0.releases.826.tender.documents.1,0.releases.826,0,112024155829121-7fda,tenderNotice,Electrical Drawings for ECD Center of EP Ngoma Cath in Huye District ,2024-12-10T09:13:39Z
0.releases.826.tender.documents.2,0.releases.826,0,112024155829134-7fd9,tenderNotice,EP Ngoma Cath Modal Based for ECD EP Ngoma Cath Huye District,2024-12-10T09:13:39Z
0.releases.826.tender.documents.3,0.releases.826,0,112024155829192-7fd8,tenderNotice,Mechanical Drawings Details for ECD Center of EP Ngoma Cath In Huye District ,2024-12-10T09:13:39Z
0.releases.826.tender.documents.4,0.releases.826,0,112024155829218-7fd7,tenderNotice,Structural Drawings of ECD Center of EP Ngoma Cath in Huye District,2024-12-10T09:13:39Z
0.releases.826.tender.documents.5,0.releases.826,0,112024155829229-7fd6,tenderNotice,EP Ngoma Based ECD BoQ in PDF,2024-12-10T09:13:39Z
0.releases.826.tender.documents.6,0.releases.826,0,112024155829232-7fd5,tenderNotice,Detailed BoQs of ECD of EP Ngoma Cath in Huye District,2024-12-10T09:13:39Z
0.releases.826.tender.documents.7,0.releases.826,0,112024161500573-7fd1,tenderNotice,Electrical Drawings ECD GS Nyarubande Rubavu District,2024-12-10T09:13:39Z
0.releases.826.tender.documents.8,0.releases.826,0,112024161500586-7fd0,tenderNotice,Mechanical Drawings ECD GS Nyarubande Rubavu District,2024-12-10T09:13:39Z
0.releases.826.tender.documents.9,0.releases.826,0,112024161500595-7fcf,tenderNotice,Structural Drawings ECD GS Nyarubande Rubavu District,2024-12-10T09:13:39Z
0.releases.826.tender.documents.10,0.releases.826,0,112024161500603-7fce,tenderNotice,RUBAVU Gisenyi Drawings,2024-12-10T09:13:39Z
0.releases.826.tender.documents.11,0.releases.826,0,112024161500621-7fcd,tenderNotice,Electrical Drawings of Model ECD Gihundwe in Rusizi District,2024-12-10T09:13:39Z
0.releases.826.tender.documents.12,0.releases.826,0,112024161500629-7fcc,tenderNotice,Mechanical Drawings Model ECD Gihundwe Rusizi,2024-12-10T09:13:39Z
0.releases.826.tender.documents.13,0.releases.826,0,112024161500638-7fcb,tenderNotice,Modal Based ECD Gihundwe Rusizi District,2024-12-10T09:13:39Z
0.releases.826.tender.documents.14,0.releases.826,0,112024161500670-7fca,tenderNotice,Structural Drawings ECD Gihundwe Rusizi District,2024-12-10T09:13:39Z
0.releases.826.tender.documents.15,0.releases.826,0,112024161500675-7fc9,tenderNotice,Modal Based ECD Gihundwe Rusizi District,2024-12-10T09:13:39Z
0.releases.826.tender.documents.16,0.releases.826,0,112024161500678-7fc8,tenderNotice,Model Base BoQ Gihundwe District,2024-12-10T09:13:39Z
0.releases.826.tender.documents.17,0.releases.826,0,112024161500681-7fc7,tenderNotice,Modal based ECD GS Nyarubande Rubavu District,2024-12-10T09:13:39Z
0.releases.826.tender.documents.18,0.releases.826,0,112024161500685-7fc6,tenderNotice,Modal Based BoQ ECD GS Nyarubande Rubavu District,2024-12-10T09:13:39Z
0.releases.827.tender.documents.0,0.releases.827,0,112024155829110-7fdb,tenderNotice,Tender Document,2024-12-10T09:13:39Z
0.releases.827.tender.documents.1,0.releases.827,0,112024155829121-7fda,tenderNotice,Electrical Drawings for ECD Center of EP Ngoma Cath in Huye District ,2024-12-10T09:13:39Z
0.releases.827.tender.documents.2,0.releases.827,0,112024155829134-7fd9,tenderNotice,EP Ngoma Cath Modal Based for ECD EP Ngoma Cath Huye District,2024-12-10T09:13:39Z
0.releases.827.tender.documents.3,0.releases.827,0,112024155829192-7fd8,tenderNotice,Mechanical Drawings Details for ECD Center of EP Ngoma Cath In Huye District ,2024-12-10T09:13:39Z
0.releases.827.tender.documents.4,0.releases.827,0,112024155829218-7fd7,tenderNotice,Structural Drawings of ECD Center of EP Ngoma Cath in Huye District,2024-12-10T09:13:39Z
0.releases.827.tender.documents.5,0.releases.827,0,112024155829229-7fd6,tenderNotice,EP Ngoma Based ECD BoQ in PDF,2024-12-10T09:13:39Z
0.releases.827.tender.documents.6,0.releases.827,0,112024155829232-7fd5,tenderNotice,Detailed BoQs of ECD of EP Ngoma Cath in Huye District,2024-12-10T09:13:39Z
0.releases.827.tender.documents.7,0.releases.827,0,112024161500573-7fd1,tenderNotice,Electrical Drawings ECD GS Nyarubande Rubavu District,2024-12-10T09:13:39Z
0.releases.827.tender.documents.8,0.releases.827,0,112024161500586-7fd0,tenderNotice,Mechanical Drawings ECD GS Nyarubande Rubavu District,2024-12-10T09:13:39Z
0.releases.827.tender.documents.9,0.releases.827,0,112024161500595-7fcf,tenderNotice,Structural Drawings ECD GS Nyarubande Rubavu District,2024-12-10T09:13:39Z
0.releases.827.tender.documents.10,0.releases.827,0,112024161500603-7fce,tenderNotice,RUBAVU Gisenyi Drawings,2024-12-10T09:13:39Z
0.releases.827.tender.documents.11,0.releases.827,0,112024161500621-7fcd,tenderNotice,Electrical Drawings of Model ECD Gihundwe in Rusizi District,2024-12-10T09:13:39Z
0.releases.827.tender.documents.12,0.releases.827,0,112024161500629-7fcc,tenderNotice,Mechanical Drawings Model ECD Gihundwe Rusizi,2024-12-10T09:13:39Z
0.releases.827.tender.documents.13,0.releases.827,0,112024161500638-7fcb,tenderNotice,Modal Based ECD Gihundwe Rusizi District,2024-12-10T09:13:39Z
0.releases.827.tender.documents.14,0.releases.827,0,112024161500670-7fca,tenderNotice,Structural Drawings ECD Gihundwe Rusizi District,2024-12-10T09:13:39Z
0.releases.827.tender.documents.15,0.releases.827,0,112024161500675-7fc9,tenderNotice,Modal Based ECD Gihundwe Rusizi District,2024-12-10T09:13:39Z
0.releases.827.tender.documents.16,0.releases.827,0,112024161500678-7fc8,tenderNotice,Model Base BoQ Gihundwe District,2024-12-10T09:13:39Z
0.releases.827.tender.documents.17,0.releases.827,0,112024161500681-7fc7,tenderNotice,Modal based ECD GS Nyarubande Rubavu District,2024-12-10T09:13:39Z
0.releases.827.tender.documents.18,0.releases.827,0,112024161500685-7fc6,tenderNotice,Modal Based BoQ ECD GS Nyarubande Rubavu District,2024-12-10T09:13:39Z
0.releases.828.tender.documents.0,0.releases.828,0,092024171822687-7a9a,tenderNotice,TD,2024-09-13T10:34:20Z
0.releases.829.tender.documents.0,0.releases.829,0,082024115640911-7e5e,tenderNotice,Tender Document ,2024-08-21T12:53:08Z
0.releases.830.tender.documents.0,0.releases.830,0,092023103726610-7a7b,tenderNotice,TENDER DOCUMENT,2023-09-07T17:04:57Z
0.releases.831.tender.documents.0,0.releases.831,0,092025102103876-7fb4,tenderNotice,TD,2025-10-02T14:51:37Z
0.releases.832.tender.documents.0,0.releases.832,0,092025102103876-7fb4,tenderNotice,TD,2025-10-02T14:51:37Z
0.releases.833.tender.documents.0,0.releases.833,0,112025100900751-7fef,tenderNotice,RFP,2025-11-12T11:24:54Z
0.releases.834.tender.documents.0,0.releases.834,0,062025204254022-7e6f,tenderNotice,RFP,2025-07-29T19:20:01Z
0.releases.834.tender.documents.1,0.releases.834,0,062025204418210-7e6e,tenderNotice,Beneficiary’s ownership template,2025-07-29T19:20:01Z
0.releases.835.tender.documents.0,0.releases.835,0,112024131754255-7348,tenderNotice,AMENDED TENDER DOCUMENT,2024-11-22T15:07:44Z
0.releases.835.tender.documents.1,0.releases.835,0,112024132042873-77cc,tenderNotice,TENDER DOCUMENT,2024-11-22T15:07:44Z
0.releases.836.tender.documents.0,0.releases.836,0,032025124641642-7a02,tenderNotice,TENDER DOCUMENT,2025-03-04T13:56:27Z
0.releases.837.tender.documents.0,0.releases.837,0,062025204254022-7e6f,tenderNotice,RFP,2025-07-29T19:20:01Z
0.releases.837.tender.documents.1,0.releases.837,0,062025204418210-7e6e,tenderNotice,Beneficiary’s ownership template,2025-07-29T19:20:01Z
0.releases.838.tender.documents.0,0.releases.838,0,122024112422357-7df2,tenderNotice,TENDER DOCUMENT,2024-12-11T17:03:36Z
0.releases.839.tender.documents.0,0.releases.839,0,102024114428850-7637,tenderNotice,TENDER DOCUMENT,2024-10-11T12:21:38Z
0.releases.839.tender.documents.1,0.releases.839,0,102024182244202-7f2e,tenderNotice,TENDER DOCUMENT,2024-10-11T12:21:38Z
0.releases.840.tender.documents.0,0.releases.840,0,032025124641642-7a02,tenderNotice,TENDER DOCUMENT,2025-03-04T13:56:27Z
0.releases.841.tender.documents.0,0.releases.841,0,032025124641642-7a02,tenderNotice,TENDER DOCUMENT,2025-03-04T13:56:27Z
0.releases.842.tender.documents.0,0.releases.842,0,102022095009829-784e,tenderNotice,TD,2022-10-24T11:16:59Z
0.releases.843.tender.documents.0,0.releases.843,0,032025124641642-7a02,tenderNotice,TENDER DOCUMENT,2025-03-04T13:56:27Z
0.releases.844.tender.documents.0,0.releases.844,0,052024125846530-7fa5,tenderNotice,Tender document,2024-06-06T16:39:32Z
0.releases.844.tender.documents.1,0.releases.844,0,062024131619910-7fed,tenderNotice,TD NEW,2024-06-06T16:39:33Z
0.releases.844.tender.documents.2,0.releases.844,0,062024223905721-4d53,tenderNotice,Tender document amended,2024-06-06T16:39:33Z
0.releases.845.tender.documents.0,0.releases.845,0,092023190638021-70a4,tenderNotice,TENDER DOCUMENT,2023-09-10T15:21:51Z
0.releases.846.tender.documents.0,0.releases.846,0,112025181443802-7fb3,tenderNotice,TENDER DOCUMENT ,2025-11-12T12:04:19Z
0.releases.846.tender.documents.1,0.releases.846,0,112025181443814-7fb2,tenderNotice,Beneficial_Ownership_Disclosure_Declarationform_,2025-11-12T12:04:19Z
0.releases.847.tender.documents.0,0.releases.847,0,122025115337121-6d55,tenderNotice,beneficial ownership disclosure form,2025-12-02T18:48:38Z
0.releases.847.tender.documents.1,0.releases.847,0,122025143505050-7e0c,tenderNotice,Tender Document,2025-12-02T18:48:38Z
0.releases.848.tender.documents.0,0.releases.848,0,112025125813819-7fd7,tenderNotice,Tender Document,2025-11-14T12:28:05Z
0.releases.848.tender.documents.1,0.releases.848,0,112025125813827-7fd6,tenderNotice,DECLARATION OF BENEFICIAL OWNERS OF PRIVATE C0MPANIES,2025-11-14T12:28:05Z
0.releases.849.tender.documents.0,0.releases.849,0,102025115722056-7fe6,tenderNotice,Tender document,2025-10-28T16:20:15Z
0.releases.849.tender.documents.1,0.releases.849,0,102025115722065-7fe5,tenderNotice,Terms of references,2025-10-28T16:20:15Z
0.releases.850.tender.documents.0,0.releases.850,0,102025115722056-7fe6,tenderNotice,Tender document,2025-10-28T16:20:15Z
0.releases.850.tender.documents.1,0.releases.850,0,102025115722065-7fe5,tenderNotice,Terms of references,2025-10-28T16:20:15Z
0.releases.851.tender.documents.0,0.releases.851,0,102025115722056-7fe6,tenderNotice,Tender document,2025-10-28T16:20:15Z
0.releases.851.tender.documents.1,0.releases.851,0,102025115722065-7fe5,tenderNotice,Terms of references,2025-10-28T16:20:15Z
0.releases.852.tender.documents.0,0.releases.852,0,102025115722056-7fe6,tenderNotice,Tender document,2025-10-28T16:20:15Z
0.releases.852.tender.documents.1,0.releases.852,0,102025115722065-7fe5,tenderNotice,Terms of references,2025-10-28T16:20:15Z
0.releases.853.tender.documents.0,0.releases.853,0,102025115722056-7fe6,tenderNotice,Tender document,2025-10-28T16:20:15Z
0.releases.853.tender.documents.1,0.releases.853,0,102025115722065-7fe5,tenderNotice,Terms of references,2025-10-28T16:20:15Z
0.releases.854.tender.documents.0,0.releases.854,0,102025115722056-7fe6,tenderNotice,Tender document,2025-10-28T16:20:15Z
0.releases.854.tender.documents.1,0.releases.854,0,102025115722065-7fe5,tenderNotice,Terms of references,2025-10-28T16:20:15Z
0.releases.855.tender.documents.0,0.releases.855,0,102025115722056-7fe6,tenderNotice,Tender document,2025-10-28T16:20:15Z
0.releases.855.tender.documents.1,0.releases.855,0,102025115722065-7fe5,tenderNotice,Terms of references,2025-10-28T16:20:15Z
0.releases.856.tender.documents.0,0.releases.856,0,102025164747361-7fe9,tenderNotice,DAO,2025-10-15T15:22:17Z
0.releases.857.tender.documents.0,0.releases.857,0,112024123107374-7fe8,tenderNotice,Tender Document,2024-11-18T15:38:35Z
0.releases.858.tender.documents.0,0.releases.858,0,112024123107374-7fe8,tenderNotice,Tender Document,2024-11-18T15:38:35Z
0.releases.859.tender.documents.0,0.releases.859,0,102025115722056-7fe6,tenderNotice,Tender document,2025-10-28T16:20:15Z
0.releases.859.tender.documents.1,0.releases.859,0,102025115722065-7fe5,tenderNotice,Terms of references,2025-10-28T16:20:15Z
0.releases.860.tender.documents.0,0.releases.860,0,102025115722056-7fe6,tenderNotice,Tender document,2025-10-28T16:20:15Z
0.releases.860.tender.documents.1,0.releases.860,0,102025115722065-7fe5,tenderNotice,Terms of references,2025-10-28T16:20:15Z
0.releases.861.tender.documents.0,0.releases.861,0,112024123107374-7fe8,tenderNotice,Tender Document,2024-11-18T15:38:35Z
0.releases.862.tender.documents.0,0.releases.862,0,012024105351082-7f00,tenderNotice,TENDER DOCUMENT,2024-01-10T13:09:54Z
0.releases.863.tender.documents.0,0.releases.863,0,102024110555090-7835,tenderNotice,Tender document,2024-11-04T11:32:48Z
0.releases.864.tender.documents.0,0.releases.864,0,102024110555090-7835,tenderNotice,Tender document,2024-11-04T11:32:48Z
0.releases.865.tender.documents.0,0.releases.865,0,032025124641642-7a02,tenderNotice,TENDER DOCUMENT,2025-03-04T13:56:27Z
0.releases.866.tender.documents.0,0.releases.866,0,032025124641642-7a02,tenderNotice,TENDER DOCUMENT,2025-03-04T13:56:27Z
0.releases.867.tender.documents.0,0.releases.867,0,112025112510171-7fe6,tenderNotice,TD,2025-11-11T14:43:31Z
0.releases.868.tender.documents.0,0.releases.868,0,012026131726660-7bd3,tenderNotice,TENDER DOCUMENT,2026-01-08T16:41:58Z
0.releases.868.tender.documents.1,0.releases.868,0,012026131726675-7bd2,tenderNotice,Beneficial ownership ,2026-01-08T16:41:58Z
0.releases.871.tender.documents.0,0.releases.871,0,012024120158723-7e11,tenderNotice,Required items,2024-01-31T14:58:38Z
0.releases.871.tender.documents.1,0.releases.871,0,012024120158735-7e10,tenderNotice,Request for quotations,2024-01-31T14:58:38Z
0.releases.872.tender.documents.0,0.releases.872,0,092023195626917-7e55,tenderNotice,TENDER DOCUMENT,2023-10-13T11:17:22Z
0.releases.872.tender.documents.1,0.releases.872,0,102023093359948-79d5,tenderNotice,Tender Document Amended,2023-10-13T11:17:22Z
0.releases.873.tender.documents.0,0.releases.873,0,112025150541375-79ed,tenderNotice,TENDER DOCUMENT ,2025-11-26T19:44:50Z
0.releases.873.tender.documents.1,0.releases.873,0,112025173056313-77d3,tenderNotice,TENDER DOCUMENT 2,2025-11-26T19:44:50Z
0.releases.873.tender.documents.2,0.releases.873,0,112025194144395-75a8,tenderNotice,TENDER DOCUMENT 3,2025-11-26T19:44:50Z
0.releases.874.tender.documents.0,0.releases.874,0,112024123107374-7fe8,tenderNotice,Tender Document,2024-11-18T15:38:35Z
0.releases.875.tender.documents.0,0.releases.875,0,062024140922092-4d72,tenderNotice,Request for Expression of Interest ,2024-06-04T09:06:29Z
0.releases.875.tender.documents.1,0.releases.875,0,082024123000715-7f5d,tenderNotice,Request for Proposal,2024-09-17T19:03:31Z
0.releases.875.tender.documents.2,0.releases.875,0,092024111107857-730f,tenderNotice,Amended Request for Proposal,2024-09-17T19:03:31Z
0.releases.875.tender.documents.3,0.releases.875,0,092024154851890-650d,tenderNotice,Amended Request for Proposal,2024-09-17T19:03:31Z
0.releases.876.tender.documents.0,0.releases.876,0,062024140922092-4d72,tenderNotice,Request for Expression of Interest ,2024-06-04T09:06:29Z
0.releases.876.tender.documents.1,0.releases.876,0,082024123000715-7f5d,tenderNotice,Request for Proposal,2024-09-17T19:03:31Z
0.releases.876.tender.documents.2,0.releases.876,0,092024111107857-730f,tenderNotice,Amended Request for Proposal,2024-09-17T19:03:31Z
0.releases.876.tender.documents.3,0.releases.876,0,092024154851890-650d,tenderNotice,Amended Request for Proposal,2024-09-17T19:03:31Z
0.releases.877.tender.documents.0,0.releases.877,0,112025144519561-7de5,tenderNotice,Tender document,2025-11-20T15:22:58Z
0.releases.877.tender.documents.1,0.releases.877,0,112025144519566-7de4,tenderNotice,Beneficial Ownership form,2025-11-20T15:22:58Z
0.releases.878.tender.documents.0,0.releases.878,0,112024103759086-7fbb,tenderNotice,Tender document,2024-11-19T12:58:05Z
0.releases.880.tender.documents.0,0.releases.880,0,012026141536106-4eea,tenderNotice,Tender Document,2026-01-08T14:15:36Z
0.releases.880.tender.documents.1,0.releases.880,0,012026141536120-4ee9,tenderNotice,Beneficial ownership declaration disclosure form,2026-01-08T14:15:36Z
0.releases.881.tender.documents.0,0.releases.881,0,012026141536106-4eea,tenderNotice,Tender Document,2026-01-08T14:15:36Z
0.releases.881.tender.documents.1,0.releases.881,0,012026141536120-4ee9,tenderNotice,Beneficial ownership declaration disclosure form,2026-01-08T14:15:36Z
0.releases.882.tender.documents.0,0.releases.882,0,112025225909714-7f96,tenderNotice,Tender Document,2025-11-17T12:02:44Z
0.releases.882.tender.documents.1,0.releases.882,0,112025225909722-7f95,tenderNotice,Technical Specifications,2025-11-17T12:02:44Z
0.releases.883.tender.documents.0,0.releases.883,0,012026142107821-4ee8,tenderNotice,TD,2026-01-08T14:21:07Z
0.releases.884.tender.documents.0,0.releases.884,0,012026142107821-4ee8,tenderNotice,TD,2026-01-08T14:21:07Z
0.releases.885.tender.documents.0,0.releases.885,0,102025100655787-7fe8,tenderNotice,Tender Document,2025-10-02T14:26:54Z
0.releases.885.tender.documents.1,0.releases.885,0,102025100655794-7fe7,tenderNotice,Beneficial Ownership Disclosure Declarationform.xlsx,2025-10-02T14:26:54Z
0.releases.885.tender.documents.2,0.releases.885,0,102025141512597-7e12,tenderNotice,Amended Tender Document,2025-10-02T14:26:54Z
0.releases.886.tender.documents.0,0.releases.886,0,112025125813819-7fd7,tenderNotice,Tender Document,2025-11-14T12:28:05Z
0.releases.886.tender.documents.1,0.releases.886,0,112025125813827-7fd6,tenderNotice,DECLARATION OF BENEFICIAL OWNERS OF PRIVATE C0MPANIES,2025-11-14T12:28:05Z
0.releases.887.tender.documents.0,0.releases.887,0,012026094017815-7bee,tenderNotice,TENDER DOCUMENT ,2026-01-08T14:30:44Z
0.releases.888.tender.documents.0,0.releases.888,0,122025170540283-69f0,tenderNotice,TENDER DOCUMENT,2026-01-05T12:09:59Z
0.releases.888.tender.documents.1,0.releases.888,0,122025170540291-69ef,tenderNotice,DRAWINGS ,2026-01-05T12:10:00Z
0.releases.889.tender.documents.0,0.releases.889,0,112025155152465-7ddd,tenderNotice,Tender document ,2025-11-26T09:22:54Z
0.releases.889.tender.documents.1,0.releases.889,0,112025155152508-7ddc,tenderNotice,Beneficial Ownership ,2025-11-26T09:22:54Z
0.releases.890.tender.documents.0,0.releases.890,0,112025105146286-7f14,tenderNotice,Amendment site visit scheduled,2025-12-11T13:28:38Z
0.releases.890.tender.documents.1,0.releases.890,0,112025105146292-7f13,tenderNotice,Amendment tender document ,2025-12-11T13:28:38Z
0.releases.890.tender.documents.2,0.releases.890,0,112025143143523-7f42,tenderNotice,Tender document,2025-12-11T13:28:38Z
0.releases.890.tender.documents.3,0.releases.890,0,112025143143528-7f41,tenderNotice,Compulsory site visit,2025-12-11T13:28:38Z
0.releases.890.tender.documents.4,0.releases.890,0,122025130935916-7dd2,tenderNotice,AMENDMENT OF TENDER DOCUMENT,2025-12-11T13:28:38Z
0.releases.891.tender.documents.0,0.releases.891,0,112025181443802-7fb3,tenderNotice,TENDER DOCUMENT ,2025-11-12T12:04:19Z
0.releases.891.tender.documents.1,0.releases.891,0,112025181443814-7fb2,tenderNotice,Beneficial_Ownership_Disclosure_Declarationform_,2025-11-12T12:04:19Z
0.releases.893.tender.documents.0,0.releases.893,0,082025151326919-7dfb,tenderNotice,Tender document,2025-08-20T09:43:09Z
0.releases.893.tender.documents.1,0.releases.893,0,082025160834261-7fe9,tenderNotice,Beneficial ownership declaration ,2025-08-20T09:43:09Z
0.releases.894.tender.documents.0,0.releases.894,0,112024095314535-7fea,tenderNotice,TENDER DOCUMENT,2024-11-30T20:51:04Z
0.releases.895.tender.documents.0,0.releases.895,0,102022120546096-718b,tenderNotice,Tender document,2022-10-24T12:09:02Z
0.releases.897.tender.documents.0,0.releases.897,0,112025172658282-7efa,tenderNotice,TENDER DOCUMENT,2025-11-27T09:50:58Z
0.releases.900.tender.documents.0,0.releases.900,0,042025143601043-6d25,tenderNotice,RFP in word version for reference only,2025-06-03T17:36:31Z
0.releases.900.tender.documents.1,0.releases.900,0,042025163053099-6cfb,tenderNotice,Signed IL & RFP for works (Official Document),2025-06-03T17:36:31Z
0.releases.900.tender.documents.2,0.releases.900,0,062025140339251-1e31,tenderNotice,Response to requested clarifications,2025-06-03T17:36:31Z
0.releases.901.tender.documents.0,0.releases.901,0,112025134605945-7ffc,tenderNotice,Tender Document,2025-11-18T16:51:41Z
0.releases.902.tender.documents.0,0.releases.902,0,012026145525253-7bc8,tenderNotice,TENDER DOCUMENT,2026-01-09T18:04:31Z
0.releases.902.tender.documents.1,0.releases.902,0,012026145525258-7bc7,tenderNotice,Beneficial Ownership Disclosure ,2026-01-09T18:04:31Z
0.releases.904.tender.documents.0,0.releases.904,0,102023121354851-7fa1,tenderNotice,Tender document,2023-10-31T14:38:18Z
0.releases.905.tender.documents.0,0.releases.905,0,122025141702159-7454,tenderNotice,TD,2025-12-09T14:36:33Z
0.releases.906.tender.documents.0,0.releases.906,0,102023121354851-7fa1,tenderNotice,Tender document,2023-10-31T14:38:18Z
0.releases.907.tender.documents.0,0.releases.907,0,102023121354851-7fa1,tenderNotice,Tender document,2023-10-31T14:38:18Z
0.releases.908.tender.documents.0,0.releases.908,0,102023121354851-7fa1,tenderNotice,Tender document,2023-10-31T14:38:18Z
0.releases.909.tender.documents.0,0.releases.909,0,102023121354851-7fa1,tenderNotice,Tender document,2023-10-31T14:38:18Z
0.releases.910.tender.documents.0,0.releases.910,0,102023121354851-7fa1,tenderNotice,Tender document,2023-10-31T14:38:18Z
0.releases.911.tender.documents.0,0.releases.911,0,112025174647715-7f89,tenderNotice,BIDDING DOCUMENT,2025-11-25T10:41:17Z
0.releases.911.tender.documents.1,0.releases.911,0,112025174647720-7f88,tenderNotice,Declaration of beneficial ownership letter (well filled and signed),2025-11-25T10:41:17Z
0.releases.912.tender.documents.0,0.releases.912,0,102023121354851-7fa1,tenderNotice,Tender document,2023-10-31T14:38:18Z
0.releases.913.tender.documents.0,0.releases.913,0,102023121354851-7fa1,tenderNotice,Tender document,2023-10-31T14:38:18Z
0.releases.914.tender.documents.0,0.releases.914,0,122025141218981-7ef8,tenderNotice,Tender Document,2025-12-17T16:47:46Z
0.releases.915.tender.documents.0,0.releases.915,0,112025162009046-7f7c,tenderNotice,TENDER DOCUMENT,2025-11-14T09:08:50Z
0.releases.916.tender.documents.0,0.releases.916,0,122025143306106-72eb,tenderNotice,DAO,2025-12-16T17:16:36Z
0.releases.916.tender.documents.1,0.releases.916,0,122025171229270-7f20,tenderNotice,Amendment (DAO),2025-12-16T17:16:36Z
0.releases.917.tender.documents.0,0.releases.917,0,082025132145726-7ce7,tenderNotice,BODDF,2025-08-22T15:31:37Z
0.releases.917.tender.documents.1,0.releases.917,0,082025141937437-7ccd,tenderNotice,TD,2025-08-22T15:31:37Z
0.releases.918.tender.documents.0,0.releases.918,0,082025143918895-7c93,tenderNotice,BODDF,2025-08-22T15:41:11Z
0.releases.918.tender.documents.1,0.releases.918,0,082025144921651-7c91,tenderNotice,TD,2025-08-22T15:41:11Z
0.releases.919.tender.documents.0,0.releases.919,0,102025115722056-7fe6,tenderNotice,Tender document,2025-10-28T16:20:15Z
0.releases.919.tender.documents.1,0.releases.919,0,102025115722065-7fe5,tenderNotice,Terms of references,2025-10-28T16:20:15Z
0.releases.920.tender.documents.0,0.releases.920,0,102025115722056-7fe6,tenderNotice,Tender document,2025-10-28T16:20:15Z
0.releases.920.tender.documents.1,0.releases.920,0,102025115722065-7fe5,tenderNotice,Terms of references,2025-10-28T16:20:15Z
0.releases.921.tender.documents.0,0.releases.921,0,012026154229292-7bc4,tenderNotice,TD,2026-01-08T15:42:29Z
0.releases.921.tender.documents.1,0.releases.921,0,012026154229301-7bc3,tenderNotice,"Beneficial ownership disclosure form (It should be well filled, signed and stamped by the bidder)",2026-01-08T15:42:29Z
0.releases.921.tender.documents.2,0.releases.921,0,012026154229306-7bc2,tenderNotice,Detailed of assets to be insured,2026-01-08T15:42:29Z
0.releases.922.tender.documents.0,0.releases.922,0,012026154229292-7bc4,tenderNotice,TD,2026-01-08T15:42:29Z
0.releases.922.tender.documents.1,0.releases.922,0,012026154229301-7bc3,tenderNotice,"Beneficial ownership disclosure form (It should be well filled, signed and stamped by the bidder)",2026-01-08T15:42:29Z
0.releases.922.tender.documents.2,0.releases.922,0,012026154229306-7bc2,tenderNotice,Detailed of assets to be insured,2026-01-08T15:42:29Z
0.releases.923.tender.documents.0,0.releases.923,0,012026154229292-7bc4,tenderNotice,TD,2026-01-08T15:42:29Z
0.releases.923.tender.documents.1,0.releases.923,0,012026154229301-7bc3,tenderNotice,"Beneficial ownership disclosure form (It should be well filled, signed and stamped by the bidder)",2026-01-08T15:42:29Z
0.releases.923.tender.documents.2,0.releases.923,0,012026154229306-7bc2,tenderNotice,Detailed of assets to be insured,2026-01-08T15:42:29Z
0.releases.924.tender.documents.0,0.releases.924,0,012026154229292-7bc4,tenderNotice,TD,2026-01-08T15:42:29Z
0.releases.924.tender.documents.1,0.releases.924,0,012026154229301-7bc3,tenderNotice,"Beneficial ownership disclosure form (It should be well filled, signed and stamped by the bidder)",2026-01-08T15:42:29Z
0.releases.924.tender.documents.2,0.releases.924,0,012026154229306-7bc2,tenderNotice,Detailed of assets to be insured,2026-01-08T15:42:29Z
0.releases.925.tender.documents.0,0.releases.925,0,092024171822687-7a9a,tenderNotice,TD,2024-09-13T10:34:20Z
0.releases.926.tender.documents.0,0.releases.926,0,082025183504045-7fb4,tenderNotice,RFP,2025-08-27T09:55:31Z
0.releases.926.tender.documents.1,0.releases.926,0,082025183614152-7fb3,tenderNotice,Beneficial ownership disclosure form,2025-08-27T09:55:31Z
0.releases.927.tender.documents.0,0.releases.927,0,082025174532695-7c61,tenderNotice,RFP,2025-08-27T09:54:56Z
0.releases.928.tender.documents.0,0.releases.928,0,112025112811040-760f,tenderNotice,Update Tender Document ,2025-11-26T11:32:40Z
0.releases.928.tender.documents.1,0.releases.928,0,112025140732404-7fd3,tenderNotice,Tender document,2025-11-26T11:32:40Z
0.releases.928.tender.documents.2,0.releases.928,0,112025140732408-7fd2,tenderNotice,Beneficial ownership,2025-11-26T11:32:40Z
0.releases.929.tender.documents.0,0.releases.929,0,062025090554314-7e85,tenderNotice,Beneficial ownership disclosure form,2025-06-27T21:05:05Z
0.releases.929.tender.documents.1,0.releases.929,0,062025144204404-7f23,tenderNotice,Motif of amendment,2025-06-27T21:05:05Z
0.releases.929.tender.documents.2,0.releases.929,0,062025172819997-7cd7,tenderNotice,Tender Document,2025-06-27T21:05:05Z
0.releases.931.tender.documents.0,0.releases.931,0,012026113428321-4efe,tenderNotice,Request for quotation,2026-01-08T15:58:15Z
0.releases.932.tender.documents.0,0.releases.932,0,112025124545742-7df5,tenderNotice,Tender document,2025-12-08T11:09:02Z
0.releases.932.tender.documents.1,0.releases.932,0,112025124545879-7df4,tenderNotice,Beneficial ownership disclosure,2025-12-08T11:09:02Z
0.releases.933.tender.documents.0,0.releases.933,0,102025113311010-7ff6,tenderNotice,DAO,2025-10-21T15:09:56Z
0.releases.934.tender.documents.0,0.releases.934,0,112025124545742-7df5,tenderNotice,Tender document,2025-12-08T11:09:02Z
0.releases.934.tender.documents.1,0.releases.934,0,112025124545879-7df4,tenderNotice,Beneficial ownership disclosure,2025-12-08T11:09:02Z
0.releases.935.tender.documents.0,0.releases.935,0,102025113311010-7ff6,tenderNotice,DAO,2025-10-21T15:09:56Z
0.releases.936.tender.documents.0,0.releases.936,0,062024123831422-7fe5,tenderNotice,DAO,2024-07-17T12:45:42Z
0.releases.936.tender.documents.1,0.releases.936,0,062024123831434-7fe4,tenderNotice,Drawing 1,2024-07-17T12:45:42Z
0.releases.936.tender.documents.2,0.releases.936,0,062024123831443-7fe3,tenderNotice,Drawing 2,2024-07-17T12:45:42Z
0.releases.936.tender.documents.3,0.releases.936,0,062024123831452-7fe2,tenderNotice,Drawing 3,2024-07-17T12:45:42Z
0.releases.936.tender.documents.4,0.releases.936,0,062024123831460-7fe1,tenderNotice,Drawing 4,2024-07-17T12:45:42Z
0.releases.936.tender.documents.5,0.releases.936,0,062024123831466-7fe0,tenderNotice,Drawing 5,2024-07-17T12:45:42Z
0.releases.937.tender.documents.0,0.releases.937,0,012026121240964-514a,tenderNotice,Tender document,2026-01-08T16:02:56Z
0.releases.937.tender.documents.1,0.releases.937,0,012026155743021-4ed1,tenderNotice,Amended Tender document,2026-01-08T16:02:56Z
0.releases.938.tender.documents.0,0.releases.938,0,112025154103380-7de0,tenderNotice,Tender document,2025-11-21T12:50:42Z
0.releases.938.tender.documents.1,0.releases.938,0,112025154103387-7ddf,tenderNotice,Beneficial Ownership,2025-11-21T12:50:42Z
0.releases.939.tender.documents.0,0.releases.939,0,102025151637855-7f74,tenderNotice,Terms of References ,2025-10-21T16:30:14Z
0.releases.940.tender.documents.0,0.releases.940,0,012026093046377-5294,tenderNotice,RFP,2026-01-08T16:06:51Z
0.releases.940.tender.documents.1,0.releases.940,0,042025110258587-77a3,tenderNotice,ToR,2025-04-23T09:05:37Z
0.releases.941.tender.documents.0,0.releases.941,0,012026094023752-5293,tenderNotice,RFP,2026-01-08T16:07:16Z
0.releases.941.tender.documents.1,0.releases.941,0,052025170731230-7c4d,tenderNotice,Motif of amendment,2025-05-23T17:57:00Z
0.releases.941.tender.documents.2,0.releases.941,0,052025192205236-7ffe,tenderNotice,ToR,2025-05-23T17:57:00Z
0.releases.942.tender.documents.0,0.releases.942,0,012026160721126-7bc1,tenderNotice,DAO,2026-01-08T16:42:30Z
0.releases.942.tender.documents.1,0.releases.942,0,012026160721261-7bc0,tenderNotice,Beneficial ,2026-01-08T16:42:30Z
0.releases.944.tender.documents.0,0.releases.944,0,102025115722056-7fe6,tenderNotice,Tender document,2025-10-28T16:20:15Z
0.releases.944.tender.documents.1,0.releases.944,0,102025115722065-7fe5,tenderNotice,Terms of references,2025-10-28T16:20:15Z
0.releases.945.tender.documents.0,0.releases.945,0,112025142930478-77ed,tenderNotice,TENDER DOCUMENT ,2025-11-25T18:34:28Z
0.releases.945.tender.documents.1,0.releases.945,0,112025142930487-77ec,tenderNotice,Beneficial ownership disclosure ,2025-11-25T18:34:28Z
0.releases.946.tender.documents.0,0.releases.946,0,102025142717699-7fec,tenderNotice,TENDER DOCUMENT,2025-10-06T17:14:49Z
0.releases.946.tender.documents.1,0.releases.946,0,102025142717715-7feb,tenderNotice,Beneficial ownership disclosure form,2025-10-06T17:14:49Z
0.releases.947.tender.documents.0,0.releases.947,0,082025151326919-7dfb,tenderNotice,Tender document,2025-08-20T09:43:09Z
0.releases.947.tender.documents.1,0.releases.947,0,082025160834261-7fe9,tenderNotice,Beneficial ownership declaration ,2025-08-20T09:43:09Z
0.releases.948.tender.documents.0,0.releases.948,0,112023192306851-7fbf,tenderNotice,TENDER DOCUMENT,2023-11-10T09:46:31Z
0.releases.949.tender.documents.0,0.releases.949,0,122025101129448-6b33,tenderNotice,Tender document,2025-12-22T11:27:52Z
0.releases.950.tender.documents.0,0.releases.950,0,102024172056885-785a,tenderNotice,TENDER DOCUMENT,2024-10-30T17:29:26Z
0.releases.951.tender.documents.0,0.releases.951,0,052025160426447-7b97,tenderNotice,Tender Document ,2025-06-13T18:15:54Z
0.releases.951.tender.documents.1,0.releases.951,0,052025160426452-7b96,tenderNotice,Drawings ,2025-06-13T18:15:54Z
0.releases.951.tender.documents.2,0.releases.951,0,052025160426454-7b95,tenderNotice,Drawings ,2025-06-13T18:15:54Z
0.releases.951.tender.documents.3,0.releases.951,0,052025160426458-7b94,tenderNotice,Drawings ,2025-06-13T18:15:54Z
0.releases.951.tender.documents.4,0.releases.951,0,052025160426460-7b93,tenderNotice,Drawings ,2025-06-13T18:15:54Z
0.releases.951.tender.documents.5,0.releases.951,0,052025160426462-7b92,tenderNotice,Drawings ,2025-06-13T18:15:54Z
0.releases.951.tender.documents.6,0.releases.951,0,052025160426465-7b91,tenderNotice,Drawings ,2025-06-13T18:15:54Z
0.releases.951.tender.documents.7,0.releases.951,0,052025160426467-7b90,tenderNotice,Drawings ,2025-06-13T18:15:54Z
0.releases.951.tender.documents.8,0.releases.951,0,052025160426469-7b8f,tenderNotice,Drawings ,2025-06-13T18:15:54Z
0.releases.951.tender.documents.9,0.releases.951,0,052025160426471-7b8e,tenderNotice,Drawings ,2025-06-13T18:15:54Z
0.releases.951.tender.documents.10,0.releases.951,0,052025160426473-7b8d,tenderNotice,Drawings ,2025-06-13T18:15:54Z
0.releases.951.tender.documents.11,0.releases.951,0,052025160426475-7b8c,tenderNotice,Drawings ,2025-06-13T18:15:54Z
0.releases.951.tender.documents.12,0.releases.951,0,052025160426481-7b8b,tenderNotice,Drawings ,2025-06-13T18:15:54Z
0.releases.951.tender.documents.13,0.releases.951,0,052025160426483-7b8a,tenderNotice,Drawings ,2025-06-13T18:15:54Z
0.releases.951.tender.documents.14,0.releases.951,0,052025160426486-7b89,tenderNotice,Drawings ,2025-06-13T18:15:54Z
0.releases.951.tender.documents.15,0.releases.951,0,052025160426488-7b88,tenderNotice,Drawings ,2025-06-13T18:15:54Z
0.releases.951.tender.documents.16,0.releases.951,0,052025160426490-7b87,tenderNotice,Drawings ,2025-06-13T18:15:54Z
0.releases.951.tender.documents.17,0.releases.951,0,052025160426493-7b86,tenderNotice,Drawings ,2025-06-13T18:15:54Z
0.releases.951.tender.documents.18,0.releases.951,0,052025160426495-7b85,tenderNotice,Drawings ,2025-06-13T18:15:54Z
0.releases.951.tender.documents.19,0.releases.951,0,052025160426497-7b84,tenderNotice,Drawings ,2025-06-13T18:15:54Z
0.releases.951.tender.documents.20,0.releases.951,0,052025160426499-7b83,tenderNotice,Drawings ,2025-06-13T18:15:54Z
0.releases.951.tender.documents.21,0.releases.951,0,052025160426501-7b82,tenderNotice,Drawings ,2025-06-13T18:15:54Z
0.releases.951.tender.documents.22,0.releases.951,0,052025160426503-7b81,tenderNotice,Drawings ,2025-06-13T18:15:54Z
0.releases.951.tender.documents.23,0.releases.951,0,052025160426507-7b80,tenderNotice,Drawings ,2025-06-13T18:15:54Z
0.releases.951.tender.documents.24,0.releases.951,0,052025160426509-7b7f,tenderNotice,Drawings ,2025-06-13T18:15:54Z
0.releases.951.tender.documents.25,0.releases.951,0,052025160426511-7b7e,tenderNotice,Drawings ,2025-06-13T18:15:54Z
0.releases.951.tender.documents.26,0.releases.951,0,052025160426513-7b7d,tenderNotice,Drawings ,2025-06-13T18:15:54Z
0.releases.951.tender.documents.27,0.releases.951,0,052025160426515-7b7c,tenderNotice,Drawings ,2025-06-13T18:15:54Z
0.releases.951.tender.documents.28,0.releases.951,0,052025160426518-7b7b,tenderNotice,Drawings ,2025-06-13T18:15:54Z
0.releases.951.tender.documents.29,0.releases.951,0,052025160426520-7b7a,tenderNotice,Drawings ,2025-06-13T18:15:54Z
0.releases.951.tender.documents.30,0.releases.951,0,052025160426523-7b79,tenderNotice,Drawings ,2025-06-13T18:15:54Z
0.releases.951.tender.documents.31,0.releases.951,0,052025160426525-7b78,tenderNotice,Drawings ,2025-06-13T18:15:54Z
0.releases.951.tender.documents.32,0.releases.951,0,052025160426527-7b77,tenderNotice,Drawings ,2025-06-13T18:15:54Z
0.releases.951.tender.documents.33,0.releases.951,0,052025160426529-7b76,tenderNotice,Drawings ,2025-06-13T18:15:54Z
0.releases.951.tender.documents.34,0.releases.951,0,052025160426531-7b75,tenderNotice,Drawings ,2025-06-13T18:15:54Z
0.releases.951.tender.documents.35,0.releases.951,0,052025160426533-7b74,tenderNotice,Drawings ,2025-06-13T18:15:54Z
0.releases.951.tender.documents.36,0.releases.951,0,052025160426535-7b73,tenderNotice,Drawings ,2025-06-13T18:15:54Z
0.releases.951.tender.documents.37,0.releases.951,0,052025160426537-7b72,tenderNotice,Drawings ,2025-06-13T18:15:54Z
0.releases.951.tender.documents.38,0.releases.951,0,052025160426539-7b71,tenderNotice,Drawings ,2025-06-13T18:15:54Z
0.releases.951.tender.documents.39,0.releases.951,0,052025160426540-7b70,tenderNotice,Drawings ,2025-06-13T18:15:54Z
0.releases.951.tender.documents.40,0.releases.951,0,052025160426543-7b6f,tenderNotice,Drawings ,2025-06-13T18:15:54Z
0.releases.951.tender.documents.41,0.releases.951,0,052025160426545-7b6e,tenderNotice,Drawings ,2025-06-13T18:15:54Z
0.releases.951.tender.documents.42,0.releases.951,0,052025160426547-7b6d,tenderNotice,Drawings ,2025-06-13T18:15:54Z
0.releases.951.tender.documents.43,0.releases.951,0,052025160426549-7b6c,tenderNotice,Drawings ,2025-06-13T18:15:54Z
0.releases.952.tender.documents.0,0.releases.952,0,012026162635316-7bbd,tenderNotice,DAO,2026-01-08T16:41:13Z
0.releases.952.tender.documents.1,0.releases.952,0,012026162635344-7bbc,tenderNotice,Beneficial ownership,2026-01-08T16:41:13Z
0.releases.954.tender.documents.0,0.releases.954,0,112024123107374-7fe8,tenderNotice,Tender Document,2024-11-18T15:38:35Z
0.releases.955.tender.documents.0,0.releases.955,0,102025181905386-7ff6,tenderNotice,Beneficial ownership disclosure form,2025-11-07T17:51:20Z
0.releases.955.tender.documents.1,0.releases.955,0,112025093016710-7fff,tenderNotice,Tender document,2025-11-07T17:51:20Z
0.releases.956.tender.documents.0,0.releases.956,0,122025170540283-69f0,tenderNotice,TENDER DOCUMENT,2026-01-05T12:09:59Z
0.releases.956.tender.documents.1,0.releases.956,0,122025170540291-69ef,tenderNotice,DRAWINGS ,2026-01-05T12:10:00Z
0.releases.957.tender.documents.0,0.releases.957,0,102025181905386-7ff6,tenderNotice,Beneficial ownership disclosure form,2025-11-07T17:51:20Z
0.releases.957.tender.documents.1,0.releases.957,0,112025093016710-7fff,tenderNotice,Tender document,2025-11-07T17:51:20Z
0.releases.958.tender.documents.0,0.releases.958,0,112025112826616-79b2,tenderNotice,Tender document,2025-11-04T11:42:47Z
0.releases.959.tender.documents.0,0.releases.959,0,112025142930478-77ed,tenderNotice,TENDER DOCUMENT ,2025-11-25T18:34:28Z
0.releases.959.tender.documents.1,0.releases.959,0,112025142930487-77ec,tenderNotice,Beneficial ownership disclosure ,2025-11-25T18:34:28Z
0.releases.960.tender.documents.0,0.releases.960,0,082025092926181-7f50,tenderNotice,Tender document,2025-12-12T15:33:47Z
0.releases.960.tender.documents.1,0.releases.960,0,082025151857235-7ff1,tenderNotice,Amended tender document,2025-12-12T15:33:47Z
0.releases.961.tender.documents.0,0.releases.961,0,012026162635316-7bbd,tenderNotice,DAO,2026-01-08T16:41:13Z
0.releases.961.tender.documents.1,0.releases.961,0,012026162635344-7bbc,tenderNotice,Beneficial ownership,2026-01-08T16:41:13Z
0.releases.962.tender.documents.0,0.releases.962,0,012026131726660-7bd3,tenderNotice,TENDER DOCUMENT,2026-01-08T16:41:58Z
0.releases.962.tender.documents.1,0.releases.962,0,012026131726675-7bd2,tenderNotice,Beneficial ownership ,2026-01-08T16:41:58Z
0.releases.963.tender.documents.0,0.releases.963,0,012026160721126-7bc1,tenderNotice,DAO,2026-01-08T16:42:30Z
0.releases.963.tender.documents.1,0.releases.963,0,012026160721261-7bc0,tenderNotice,Beneficial ,2026-01-08T16:42:30Z
0.releases.964.tender.documents.0,0.releases.964,0,112024131754255-7348,tenderNotice,AMENDED TENDER DOCUMENT,2024-11-22T15:07:44Z
0.releases.964.tender.documents.1,0.releases.964,0,112024132042873-77cc,tenderNotice,TENDER DOCUMENT,2024-11-22T15:07:44Z
0.releases.965.tender.documents.0,0.releases.965,0,122025111246041-74f2,tenderNotice,Tender Document,2025-12-15T13:45:01Z
0.releases.966.tender.documents.0,0.releases.966,0,112025112510171-7fe6,tenderNotice,TD,2025-11-11T14:43:31Z
0.releases.967.tender.documents.0,0.releases.967,0,112025112811040-760f,tenderNotice,Update Tender Document ,2025-11-26T11:32:40Z
0.releases.967.tender.documents.1,0.releases.967,0,112025140732404-7fd3,tenderNotice,Tender document,2025-11-26T11:32:40Z
0.releases.967.tender.documents.2,0.releases.967,0,112025140732408-7fd2,tenderNotice,Beneficial ownership,2025-11-26T11:32:40Z
0.releases.968.tender.documents.0,0.releases.968,0,122025161527166-6d1c,tenderNotice,TD,2025-12-02T20:05:33Z
0.releases.969.tender.documents.0,0.releases.969,0,122025170540283-69f0,tenderNotice,TENDER DOCUMENT,2026-01-05T12:09:59Z
0.releases.969.tender.documents.1,0.releases.969,0,122025170540291-69ef,tenderNotice,DRAWINGS ,2026-01-05T12:10:00Z
0.releases.972.tender.documents.0,0.releases.972,0,012026171132816-4ecb,tenderNotice,Tender document,2026-01-09T13:12:13Z
0.releases.975.tender.documents.0,0.releases.975,0,052023191419142-7a80,tenderNotice,DAO,2023-06-02T21:14:22Z
0.releases.976.tender.documents.0,0.releases.976,0,122025094854316-7ff3,tenderNotice,amended tender document ,2025-12-12T10:32:36Z
0.releases.976.tender.documents.1,0.releases.976,0,122025140551290-7dca,tenderNotice,Tender document,2025-12-12T10:32:36Z
0.releases.976.tender.documents.2,0.releases.976,0,122025140551363-7dc9,tenderNotice,Beneficial ownership,2025-12-12T10:32:36Z
0.releases.977.tender.documents.0,0.releases.977,0,092023191031966-6b40,tenderNotice,DAO,2023-09-12T11:04:06Z
0.releases.978.tender.documents.0,0.releases.978,0,122025110455833-7622,tenderNotice,TENDER DOCUMENT,2025-12-17T09:19:57Z
0.releases.979.tender.documents.0,0.releases.979,0,122025155124190-7dfb,tenderNotice,TENDER DOCUMENT,2025-12-02T17:02:33Z
0.releases.979.tender.documents.1,0.releases.979,0,122025155124196-7dfa,tenderNotice,Beneficial ownership declaration ,2025-12-02T17:02:33Z
0.releases.980.tender.documents.0,0.releases.980,0,022023112329434-7d71,tenderNotice,TENDER DOCUMENT,2023-02-20T10:06:40Z
0.releases.981.tender.documents.0,0.releases.981,0,082024115640911-7e5e,tenderNotice,Tender Document ,2024-08-21T12:53:08Z
0.releases.982.tender.documents.0,0.releases.982,0,112024140445128-59b5,tenderNotice,Tender Document ,2024-11-01T15:22:25Z
0.releases.983.tender.documents.0,0.releases.983,0,112024170142981-70b3,tenderNotice,Tender document ,2024-11-08T15:18:50Z
0.releases.984.tender.documents.0,0.releases.984,0,112024170142981-70b3,tenderNotice,Tender document ,2024-11-08T15:18:50Z
0.releases.985.tender.documents.0,0.releases.985,0,122020112610505-7b10,tenderNotice,Tender document,2021-03-11T16:42:10Z
0.releases.985.tender.documents.1,0.releases.985,0,122020112610519-7b0f,tenderNotice,TECHNICAL SPECIFICATIONS,2021-03-11T16:42:10Z
0.releases.986.tender.documents.0,0.releases.986,0,102025111431920-7ffa,tenderNotice,TERMS OF REFERENCE,2025-10-08T12:57:56Z
0.releases.987.tender.documents.0,0.releases.987,0,112025172658282-7efa,tenderNotice,TENDER DOCUMENT,2025-11-27T09:50:58Z
0.releases.988.tender.documents.0,0.releases.988,0,112025181345226-7ffc,tenderNotice,Tender document,2025-11-05T21:43:27Z
0.releases.988.tender.documents.1,0.releases.988,0,112025181345237-7ffb,tenderNotice,TOR,2025-11-05T21:43:27Z
0.releases.988.tender.documents.2,0.releases.988,0,112025181345242-7ffa,tenderNotice,Signed Beneficial ownership disclosure form ,2025-11-05T21:43:27Z
0.releases.989.tender.documents.0,0.releases.989,0,112025142421427-7b57,tenderNotice,TENDDER DOCUMENT,2025-11-14T14:56:11Z
0.releases.990.tender.documents.0,0.releases.990,0,082025101228104-7912,tenderNotice,Tender document ,2025-09-18T16:21:14Z
0.releases.990.tender.documents.1,0.releases.990,0,092025163726231-7fed,tenderNotice,Amended Tender Document,2025-09-18T16:21:14Z
0.releases.992.tender.documents.0,0.releases.992,0,102025133123370-7fe2,tenderNotice,DAO,2025-10-24T16:52:56Z
0.releases.993.tender.documents.0,0.releases.993,0,112025095723638-7ee9,tenderNotice,TENDER DOCUMENT,2025-11-27T16:38:01Z
0.releases.994.tender.documents.0,0.releases.994,0,032024131918123-7fc6,tenderNotice,Declaration of beneficial ownership form,2024-03-08T18:14:01Z
0.releases.994.tender.documents.1,0.releases.994,0,032024131918129-7fc5,tenderNotice,TENDER DOCUMENT,2024-03-08T18:14:01Z
0.releases.995.tender.documents.0,0.releases.995,0,112025130651012-7fd9,tenderNotice,TENDER DOCUMENT,2025-11-10T19:22:54Z
0.releases.995.tender.documents.1,0.releases.995,0,112025130651018-7fd8,tenderNotice,Declaration of beneficial ownership as per attached format ,2025-11-10T19:22:54Z
0.releases.996.tender.documents.0,0.releases.996,0,112025153211355-7fec,tenderNotice,Tender document,2025-11-05T21:26:42Z
0.releases.998.tender.documents.0,0.releases.998,0,082025061145522-7c4e,tenderNotice,Beneficial ownership disclosure form,2025-09-26T19:48:38Z
0.releases.998.tender.documents.1,0.releases.998,0,082025181133934-7232,tenderNotice,Tender Document,2025-09-26T19:48:38Z
0.releases.998.tender.documents.2,0.releases.998,0,092025154131703-7ecb,tenderNotice,Amended Tender Document,2025-09-26T19:48:38Z
0.releases.998.tender.documents.3,0.releases.998,0,092025154131758-7eca,tenderNotice,Motif of amendment,2025-09-26T19:48:38Z
0.releases.998.tender.documents.4,0.releases.998,0,092025181727623-7ffe,tenderNotice,Motif of amendment 2,2025-09-26T19:48:38Z
0.releases.999.tender.documents.0,0.releases.999,0,092025095316098-7ff6,tenderNotice,Tender Document,2025-09-09T09:52:31Z
0.releases.999.tender.documents.1,0.releases.999,0,092025095316112-7ff5,tenderNotice,Technical Specification,2025-09-09T09:52:31Z
0.releases.999.tender.documents.2,0.releases.999,0,092025095316123-7ff4,tenderNotice,TS & Catalogue form,2025-09-09T09:52:31Z
0.releases.999.tender.documents.3,0.releases.999,0,092025095316136-7ff3,tenderNotice,A S,2025-09-09T09:52:31Z
0.releases.999.tender.documents.4,0.releases.999,0,092025095316147-7ff2,tenderNotice,Beneficial Ownership,2025-09-09T09:52:31Z
0.releases.1000.tender.documents.0,0.releases.1000,0,082023121333538-739f,tenderNotice,EOI,2023-08-03T23:04:48Z
0.releases.1000.tender.documents.1,0.releases.1000,0,102023210600335-7ffd,tenderNotice,Request for Proposal,2023-10-11T15:40:13Z
0.releases.1001.tender.documents.0,0.releases.1001,0,082023121333538-739f,tenderNotice,EOI,2023-08-03T23:04:48Z
0.releases.1001.tender.documents.1,0.releases.1001,0,102023210600335-7ffd,tenderNotice,Request for Proposal,2023-10-11T15:40:13Z
0.releases.1002.tender.documents.0,0.releases.1002,0,112025111242139-7c77,tenderNotice,Tender document,2025-11-26T18:47:11Z
0.releases.1002.tender.documents.1,0.releases.1002,0,112025111242485-7c76,tenderNotice,Beneficial ownership declaration form,2025-11-26T18:47:11Z
0.releases.1003.tender.documents.0,0.releases.1003,0,032024064805708-7fab,tenderNotice,TD,2024-03-13T11:39:58Z
0.releases.1004.tender.documents.0,0.releases.1004,0,102025160229670-7ff1,tenderNotice,Tender Document,2025-10-24T09:39:24Z
0.releases.1005.tender.documents.0,0.releases.1005,0,102025160229670-7ff1,tenderNotice,Tender Document,2025-10-24T09:39:24Z
0.releases.1006.tender.documents.0,0.releases.1006,0,112025181345226-7ffc,tenderNotice,Tender document,2025-11-05T21:43:27Z
0.releases.1006.tender.documents.1,0.releases.1006,0,112025181345237-7ffb,tenderNotice,TOR,2025-11-05T21:43:27Z
0.releases.1006.tender.documents.2,0.releases.1006,0,112025181345242-7ffa,tenderNotice,Signed Beneficial ownership disclosure form ,2025-11-05T21:43:27Z
0.releases.1007.tender.documents.0,0.releases.1007,0,122025223959751-6b59,tenderNotice,LIST OF PPEs,2025-12-20T13:38:49Z
0.releases.1007.tender.documents.1,0.releases.1007,0,112025180845899-7f86,tenderNotice,DRAWINGS 2,2025-12-20T13:38:49Z
0.releases.1007.tender.documents.2,0.releases.1007,0,112025180845902-7f85,tenderNotice,DRAWINGS 3,2025-12-20T13:38:49Z
0.releases.1007.tender.documents.3,0.releases.1007,0,112025180845908-7f84,tenderNotice,DRAWINGS 4,2025-12-20T13:38:49Z
0.releases.1007.tender.documents.4,0.releases.1007,0,112025180845912-7f83,tenderNotice,DRAWINGS 5,2025-12-20T13:38:49Z
0.releases.1007.tender.documents.5,0.releases.1007,0,112025183237199-7e87,tenderNotice,TENDER DOCUMENT,2025-12-20T13:38:49Z
0.releases.1007.tender.documents.6,0.releases.1007,0,122025223959726-6b5b,tenderNotice,NOTE TO TENDER ADDENDUM 19-12-2025,2025-12-20T13:38:49Z
0.releases.1007.tender.documents.7,0.releases.1007,0,122025223959742-6b5a,tenderNotice,ESHS CONTRACT OBLIGATION,2025-12-20T13:38:49Z
0.releases.1007.tender.documents.8,0.releases.1007,0,102025172159287-7fde,tenderNotice,Beneficial ownership declaration form,2025-12-20T13:38:49Z
0.releases.1007.tender.documents.9,0.releases.1007,0,112025180845891-7f87,tenderNotice,DRAWINGS 1,2025-12-20T13:38:49Z
0.releases.1007.tender.documents.10,0.releases.1007,0,112025180845891-7f87,tenderNotice,DRAWINGS 1,2025-11-29T18:52:31Z
0.releases.1007.tender.documents.11,0.releases.1007,0,112025180845899-7f86,tenderNotice,DRAWINGS 2,2025-11-29T18:52:31Z
0.releases.1007.tender.documents.12,0.releases.1007,0,112025180845902-7f85,tenderNotice,DRAWINGS 3,2025-11-29T18:52:31Z
0.releases.1007.tender.documents.13,0.releases.1007,0,112025180845908-7f84,tenderNotice,DRAWINGS 4,2025-11-29T18:52:31Z
0.releases.1007.tender.documents.14,0.releases.1007,0,112025180845912-7f83,tenderNotice,DRAWINGS 5,2025-11-29T18:52:31Z
0.releases.1007.tender.documents.15,0.releases.1007,0,112025183237199-7e87,tenderNotice,TENDER DOCUMENT,2025-11-29T18:52:31Z
0.releases.1007.tender.documents.16,0.releases.1007,0,102025172159287-7fde,tenderNotice,Beneficial ownership declaration form,2025-11-29T18:52:31Z
0.releases.1008.tender.documents.0,0.releases.1008,0,122025223959751-6b59,tenderNotice,LIST OF PPEs,2025-12-20T13:38:49Z
0.releases.1008.tender.documents.1,0.releases.1008,0,112025180845899-7f86,tenderNotice,DRAWINGS 2,2025-12-20T13:38:49Z
0.releases.1008.tender.documents.2,0.releases.1008,0,112025180845902-7f85,tenderNotice,DRAWINGS 3,2025-12-20T13:38:49Z
0.releases.1008.tender.documents.3,0.releases.1008,0,112025180845908-7f84,tenderNotice,DRAWINGS 4,2025-12-20T13:38:49Z
0.releases.1008.tender.documents.4,0.releases.1008,0,112025180845912-7f83,tenderNotice,DRAWINGS 5,2025-12-20T13:38:49Z
0.releases.1008.tender.documents.5,0.releases.1008,0,112025183237199-7e87,tenderNotice,TENDER DOCUMENT,2025-12-20T13:38:49Z
0.releases.1008.tender.documents.6,0.releases.1008,0,122025223959726-6b5b,tenderNotice,NOTE TO TENDER ADDENDUM 19-12-2025,2025-12-20T13:38:49Z
0.releases.1008.tender.documents.7,0.releases.1008,0,122025223959742-6b5a,tenderNotice,ESHS CONTRACT OBLIGATION,2025-12-20T13:38:49Z
0.releases.1008.tender.documents.8,0.releases.1008,0,102025172159287-7fde,tenderNotice,Beneficial ownership declaration form,2025-12-20T13:38:49Z
0.releases.1008.tender.documents.9,0.releases.1008,0,112025180845891-7f87,tenderNotice,DRAWINGS 1,2025-12-20T13:38:49Z
0.releases.1008.tender.documents.10,0.releases.1008,0,112025180845891-7f87,tenderNotice,DRAWINGS 1,2025-11-29T18:52:31Z
0.releases.1008.tender.documents.11,0.releases.1008,0,112025180845899-7f86,tenderNotice,DRAWINGS 2,2025-11-29T18:52:31Z
0.releases.1008.tender.documents.12,0.releases.1008,0,112025180845902-7f85,tenderNotice,DRAWINGS 3,2025-11-29T18:52:31Z
0.releases.1008.tender.documents.13,0.releases.1008,0,112025180845908-7f84,tenderNotice,DRAWINGS 4,2025-11-29T18:52:31Z
0.releases.1008.tender.documents.14,0.releases.1008,0,112025180845912-7f83,tenderNotice,DRAWINGS 5,2025-11-29T18:52:31Z
0.releases.1008.tender.documents.15,0.releases.1008,0,112025183237199-7e87,tenderNotice,TENDER DOCUMENT,2025-11-29T18:52:31Z
0.releases.1008.tender.documents.16,0.releases.1008,0,102025172159287-7fde,tenderNotice,Beneficial ownership declaration form,2025-11-29T18:52:31Z
0.releases.1009.tender.documents.0,0.releases.1009,0,112025111242139-7c77,tenderNotice,Tender document,2025-11-26T18:47:11Z
0.releases.1009.tender.documents.1,0.releases.1009,0,112025111242485-7c76,tenderNotice,Beneficial ownership declaration form,2025-11-26T18:47:11Z
0.releases.1010.tender.documents.0,0.releases.1010,0,012026103552472-56ac,tenderNotice,RFP,2026-01-08T21:39:13Z
0.releases.1010.tender.documents.1,0.releases.1010,0,012026103552510-56ab,tenderNotice,Beneficial ownership Disclosure to be signed,2026-01-08T21:39:13Z
0.releases.1010.tender.documents.2,0.releases.1010,0,012026141330996-4eeb,tenderNotice,Amendment RFP,2026-01-08T21:39:13Z
0.releases.1011.tender.documents.0,0.releases.1011,0,092024171822687-7a9a,tenderNotice,TD,2024-09-13T10:34:20Z
0.releases.1012.tender.documents.0,0.releases.1012,0,112023181850588-6ea9,tenderNotice,DAO,2023-11-27T11:26:08Z
0.releases.1013.tender.documents.0,0.releases.1013,0,102025153443383-7dfb,tenderNotice,Beneficial Ownership Disclosure Form,2025-10-24T12:44:08Z
0.releases.1013.tender.documents.1,0.releases.1013,0,102025155607780-7fd7,tenderNotice,Beneficial ownership disclosure form,2025-10-24T12:44:08Z
0.releases.1013.tender.documents.2,0.releases.1013,0,102025155607867-7fd6,tenderNotice,Ammendment notice,2025-10-24T12:44:08Z
0.releases.1013.tender.documents.3,0.releases.1013,0,102025155607871-7fd5,tenderNotice,Ammended tender document ,2025-10-24T12:44:08Z
0.releases.1014.tender.documents.0,0.releases.1014,0,082023175340951-7bc1,tenderNotice,ToR,2023-08-22T17:21:43Z
0.releases.1015.tender.documents.0,0.releases.1015,0,062024140922092-4d72,tenderNotice,Request for Expression of Interest ,2024-06-04T09:06:29Z
0.releases.1015.tender.documents.1,0.releases.1015,0,082024123000715-7f5d,tenderNotice,Request for Proposal,2024-09-17T19:03:31Z
0.releases.1015.tender.documents.2,0.releases.1015,0,092024111107857-730f,tenderNotice,Amended Request for Proposal,2024-09-17T19:03:31Z
0.releases.1015.tender.documents.3,0.releases.1015,0,092024154851890-650d,tenderNotice,Amended Request for Proposal,2024-09-17T19:03:31Z
0.releases.1016.tender.documents.0,0.releases.1016,0,062024140922092-4d72,tenderNotice,Request for Expression of Interest ,2024-06-04T09:06:29Z
0.releases.1016.tender.documents.1,0.releases.1016,0,082024123000715-7f5d,tenderNotice,Request for Proposal,2024-09-17T19:03:31Z
0.releases.1016.tender.documents.2,0.releases.1016,0,092024111107857-730f,tenderNotice,Amended Request for Proposal,2024-09-17T19:03:31Z
0.releases.1016.tender.documents.3,0.releases.1016,0,092024154851890-650d,tenderNotice,Amended Request for Proposal,2024-09-17T19:03:31Z
0.releases.1017.tender.documents.0,0.releases.1017,0,102025085741810-7ffd,tenderNotice,TENDER DOCUMENT,2025-11-01T17:52:29Z
0.releases.1018.tender.documents.0,0.releases.1018,0,122025140718577-6b78,tenderNotice,Tender document,2025-12-04T08:14:43Z
0.releases.1018.tender.documents.1,0.releases.1018,0,122025140718589-6b77,tenderNotice,Beneficial Ownership Disclosure Declaration form,2025-12-04T08:14:43Z
0.releases.1019.tender.documents.0,0.releases.1019,0,012026105555728-7be9,tenderNotice,DAO,2026-01-09T08:57:08Z
0.releases.1019.tender.documents.1,0.releases.1019,0,012026105555754-7be8,tenderNotice,Drawing 1,2026-01-09T08:57:08Z
0.releases.1019.tender.documents.2,0.releases.1019,0,012026105555938-7be7,tenderNotice,Drawing 2,2026-01-09T08:57:08Z
0.releases.1019.tender.documents.3,0.releases.1019,0,012026105555943-7be6,tenderNotice,Drawing 3,2026-01-09T08:57:08Z
0.releases.1019.tender.documents.4,0.releases.1019,0,012026105555951-7be5,tenderNotice,Beneficial ownership ,2026-01-09T08:57:08Z
0.releases.1020.tender.documents.0,0.releases.1020,0,092024171822687-7a9a,tenderNotice,TD,2024-09-13T10:34:20Z
0.releases.1021.tender.documents.0,0.releases.1021,0,112025124017792-7fda,tenderNotice,Tender Document,2025-11-13T22:33:32Z
0.releases.1021.tender.documents.1,0.releases.1021,0,112025124017800-7fd9,tenderNotice,Drawings,2025-11-13T22:33:32Z
0.releases.1021.tender.documents.2,0.releases.1021,0,112025124017806-7fd8,tenderNotice,DECLARATION OF BENEFICIAL OWNERS OF PRIVATE C0MPANIES,2025-11-13T22:33:32Z
0.releases.1022.tender.documents.0,0.releases.1022,0,092024171822687-7a9a,tenderNotice,TD,2024-09-13T10:34:20Z
0.releases.1023.tender.documents.0,0.releases.1023,0,112024123107374-7fe8,tenderNotice,Tender Document,2024-11-18T15:38:35Z
0.releases.1024.tender.documents.0,0.releases.1024,0,092024171822687-7a9a,tenderNotice,TD,2024-09-13T10:34:20Z
0.releases.1025.tender.documents.0,0.releases.1025,0,112024123107374-7fe8,tenderNotice,Tender Document,2024-11-18T15:38:35Z
0.releases.1026.tender.documents.0,0.releases.1026,0,112024123107374-7fe8,tenderNotice,Tender Document,2024-11-18T15:38:35Z
0.releases.1027.tender.documents.0,0.releases.1027,0,092024171822687-7a9a,tenderNotice,TD,2024-09-13T10:34:20Z
0.releases.1028.tender.documents.0,0.releases.1028,0,112024123107374-7fe8,tenderNotice,Tender Document,2024-11-18T15:38:35Z
0.releases.1029.tender.documents.0,0.releases.1029,0,122025110455833-7622,tenderNotice,TENDER DOCUMENT,2025-12-17T09:19:57Z
0.releases.1030.tender.documents.0,0.releases.1030,0,092024171822687-7a9a,tenderNotice,TD,2024-09-13T10:34:20Z
0.releases.1031.tender.documents.0,0.releases.1031,0,112024123107374-7fe8,tenderNotice,Tender Document,2024-11-18T15:38:35Z
0.releases.1032.tender.documents.0,0.releases.1032,0,022025120225701-7926,tenderNotice,ToR,2025-02-11T13:14:54Z
0.releases.1033.tender.documents.0,0.releases.1033,0,112025165102774-7395,tenderNotice,Tender document,2025-11-27T17:59:58Z
0.releases.1033.tender.documents.1,0.releases.1033,0,112025165102791-7394,tenderNotice,Beneficial ownership disclosure declaration ,2025-11-27T17:59:58Z
0.releases.1034.tender.documents.0,0.releases.1034,0,082024095114821-7f3f,tenderNotice,Tender document,2024-08-16T10:31:50Z
0.releases.1035.tender.documents.0,0.releases.1035,0,112024170142981-70b3,tenderNotice,Tender document ,2024-11-08T15:18:50Z
0.releases.1036.tender.documents.0,0.releases.1036,0,082024095114821-7f3f,tenderNotice,Tender document,2024-08-16T10:31:50Z
0.releases.1037.tender.documents.0,0.releases.1037,0,102023151030528-7a64,tenderNotice,DAO,2023-10-13T15:31:08Z
0.releases.1038.tender.documents.0,0.releases.1038,0,112025095723638-7ee9,tenderNotice,TENDER DOCUMENT,2025-11-27T16:38:01Z
0.releases.1039.tender.documents.0,0.releases.1039,0,112024170142981-70b3,tenderNotice,Tender document ,2024-11-08T15:18:50Z
0.releases.1040.tender.documents.0,0.releases.1040,0,082024130935833-7fc0,tenderNotice,TBD,2024-08-30T09:48:44Z
0.releases.1040.tender.documents.1,0.releases.1040,0,082024130935850-7fbf,tenderNotice,Beneficial ownership disclosure Declaration,2024-08-30T09:48:44Z
0.releases.1041.tender.documents.0,0.releases.1041,0,102025093605406-7ff9,tenderNotice,TENDER DOCUMENT,2025-10-28T17:40:55Z
0.releases.1042.tender.documents.0,0.releases.1042,0,122025140520905-7e2a,tenderNotice,Annual provisions of SSL certificates,2025-12-12T09:48:38Z
0.releases.1042.tender.documents.1,0.releases.1042,0,122025140520913-7e29,tenderNotice,BENEFICIAL OWNERSHIP DISCLOSURE FORM ,2025-12-12T09:48:38Z
0.releases.1043.tender.documents.0,0.releases.1043,0,112025092452509-7ffb,tenderNotice,Tender Document,2025-11-21T14:08:45Z
0.releases.1043.tender.documents.1,0.releases.1043,0,112025092452527-7ffa,tenderNotice,Architectural Drawings,2025-11-21T14:08:45Z
0.releases.1043.tender.documents.2,0.releases.1043,0,112025092452537-7ff9,tenderNotice,beneficial ownership disclosure declaration form,2025-11-21T14:08:45Z
0.releases.1044.tender.documents.0,0.releases.1044,0,012026152109473-7bf8,tenderNotice,Tender Document,2026-01-09T09:40:02Z
0.releases.1046.tender.documents.0,0.releases.1046,0,102023143735610-7e40,tenderNotice,TENDER DOCUMENT,2023-10-19T09:48:03Z
0.releases.1047.tender.documents.0,0.releases.1047,0,092025135612771-7fda,tenderNotice,RFP,2025-09-26T14:25:41Z
0.releases.1047.tender.documents.1,0.releases.1047,0,092025135612776-7fd9,tenderNotice,IFAD SELF CERTIFICATION FORM,2025-09-26T14:25:41Z
0.releases.1047.tender.documents.2,0.releases.1047,0,092025135612779-7fd8,tenderNotice,BENEFICIAL OWNERSHIP FORM,2025-09-26T14:25:41Z
0.releases.1048.tender.documents.0,0.releases.1048,0,062025134802158-7f82,tenderNotice,EOI,2025-06-25T13:06:02Z
0.releases.1048.tender.documents.1,0.releases.1048,0,082025163151670-7fe8,tenderNotice,RFP,2025-10-03T15:14:31Z
0.releases.1048.tender.documents.2,0.releases.1048,0,092025114520151-7fa5,tenderNotice,Amended RFP,2025-10-03T15:14:31Z
0.releases.1048.tender.documents.3,0.releases.1048,0,092025114520185-7fa4,tenderNotice,Form,2025-10-03T15:14:31Z
0.releases.1048.tender.documents.4,0.releases.1048,0,102025154905999-7b76,tenderNotice,Current RFP Amended,2025-10-03T15:14:31Z
0.releases.1049.tender.documents.0,0.releases.1049,0,062025134802158-7f82,tenderNotice,EOI,2025-06-25T13:06:02Z
0.releases.1049.tender.documents.1,0.releases.1049,0,082025163151670-7fe8,tenderNotice,RFP,2025-10-03T15:14:31Z
0.releases.1049.tender.documents.2,0.releases.1049,0,092025114520151-7fa5,tenderNotice,Amended RFP,2025-10-03T15:14:31Z
0.releases.1049.tender.documents.3,0.releases.1049,0,092025114520185-7fa4,tenderNotice,Form,2025-10-03T15:14:31Z
0.releases.1049.tender.documents.4,0.releases.1049,0,102025154905999-7b76,tenderNotice,Current RFP Amended,2025-10-03T15:14:31Z
0.releases.1050.tender.documents.0,0.releases.1050,0,112024113540549-7ea8,tenderNotice,TD,2024-11-11T17:05:33Z
0.releases.1051.tender.documents.0,0.releases.1051,0,012026094709935-4eb8,tenderNotice,TENDER DOCUMENT,2026-01-12T09:18:36Z
0.releases.1051.tender.documents.1,0.releases.1051,0,012026103750045-4d1b,tenderNotice,Beneficial ownership ,2026-01-12T09:18:36Z
0.releases.1051.tender.documents.2,0.releases.1051,0,012026123637193-4cd0,tenderNotice,Beneficial ownership form,2026-01-12T09:18:36Z
0.releases.1053.tender.documents.0,0.releases.1053,0,082025134544851-7fcb,tenderNotice,BODDF,2025-08-22T15:41:39Z
0.releases.1053.tender.documents.1,0.releases.1053,0,082025143050199-7c95,tenderNotice,TD,2025-08-22T15:41:39Z
0.releases.1054.tender.documents.0,0.releases.1054,0,092025135736251-7ff1,tenderNotice,BODDF,2025-10-14T10:27:30Z
0.releases.1054.tender.documents.1,0.releases.1054,0,092025141000992-7ff0,tenderNotice,TD,2025-10-14T10:27:30Z
0.releases.1054.tender.documents.2,0.releases.1054,0,092025152251924-7c03,tenderNotice,AMENDED TD,2025-10-14T10:27:30Z
0.releases.1054.tender.documents.3,0.releases.1054,0,102025102619172-7ff3,tenderNotice,FINAL TENDER DOCUMENT TO BE USED ,2025-10-14T10:27:30Z
0.releases.1054.tender.documents.4,0.releases.1054,0,102025150018740-7e5a,tenderNotice,CONSIDER THIS AS FINAL,2025-10-14T10:27:30Z
0.releases.1054.tender.documents.5,0.releases.1054,0,102025214945765-7fd6,tenderNotice,LATTEST AND UPDATED TD AS PER 13  10  2025,2025-10-14T10:27:30Z
0.releases.1055.tender.documents.0,0.releases.1055,0,032024064805708-7fab,tenderNotice,TD,2024-03-13T11:39:58Z
0.releases.1056.tender.documents.0,0.releases.1056,0,092025141805409-7fee,tenderNotice,BODDF,2025-09-08T17:41:32Z
0.releases.1056.tender.documents.1,0.releases.1056,0,092025141805413-7fed,tenderNotice,PERFORMANCE SECURING DECLARATION COMMITMENT FORM,2025-09-08T17:41:32Z
0.releases.1056.tender.documents.2,0.releases.1056,0,092025143029758-7fea,tenderNotice,TD,2025-09-08T17:41:32Z
0.releases.1057.tender.documents.0,0.releases.1057,0,102025112203743-7ff5,tenderNotice,Amended Tender Document,2025-10-31T11:35:18Z
0.releases.1057.tender.documents.1,0.releases.1057,0,102025135644551-7fea,tenderNotice,Tender Document,2025-10-31T11:35:18Z
0.releases.1057.tender.documents.2,0.releases.1057,0,102025135644563-7fe9,tenderNotice,Beneficial Ownership Disclosure Declaration form,2025-10-31T11:35:18Z
0.releases.1058.tender.documents.0,0.releases.1058,0,102024083621328-7f21,tenderNotice,TD,2024-10-16T11:41:53Z
0.releases.1059.tender.documents.0,0.releases.1059,0,112023140522468-7de5,tenderNotice,"SUPERVISION OF EXTERNAL WORKS, PLAYGROUNDS AND FENCING ON 2 TVET SCHOOLS ON BORDER IN GICUMBI DISTRICT",2023-12-19T19:38:37Z
0.releases.1060.tender.documents.0,0.releases.1060,0,102025100934655-7fb3,tenderNotice,Tender Documents,2025-10-09T09:23:59Z
0.releases.1060.tender.documents.1,0.releases.1060,0,102025100934660-7fb2,tenderNotice,Detailed unit prices to be filled and submitted (lot 1),2025-10-09T09:23:59Z
0.releases.1060.tender.documents.2,0.releases.1060,0,102025100934664-7fb1,tenderNotice,Detailed unit prices to be filled and submitted (lot 2),2025-10-09T09:23:59Z
0.releases.1060.tender.documents.3,0.releases.1060,0,102025100934667-7fb0,tenderNotice,Detailed unit prices to be filled and submitted (lot 3),2025-10-09T09:23:59Z
0.releases.1060.tender.documents.4,0.releases.1060,0,102025100934672-7faf,tenderNotice,Beneficial ownership disclosure form to be filled and submitted,2025-10-09T09:23:59Z
0.releases.1060.tender.documents.5,0.releases.1060,0,102025162846172-7fff,tenderNotice,Amended Tender Documents,2025-10-09T09:23:59Z
0.releases.1061.tender.documents.0,0.releases.1061,0,122025130048811-6921,tenderNotice,DECLARATION OF BENEFICIAL OWNERSHIP OF THE C0MPANY,2025-12-24T14:54:45Z
0.releases.1062.tender.documents.0,0.releases.1062,0,112025114917141-7ee0,tenderNotice,DAO OF HOSPITAL DRAPES,2025-11-28T13:52:30Z
0.releases.1062.tender.documents.1,0.releases.1062,0,112025114917146-7edf,tenderNotice,Beneficial Ownership Disclosure form,2025-11-28T13:52:30Z
0.releases.1063.tender.documents.0,0.releases.1063,0,112025162558584-7398,tenderNotice,BD for ICT training Consumables,2025-11-28T22:52:00Z
0.releases.1063.tender.documents.1,0.releases.1063,0,112025162558598-7397,tenderNotice,Beneficial Ownership Disclosure form,2025-11-28T22:52:00Z
0.releases.1064.tender.documents.0,0.releases.1064,0,112025153824912-7ecc,tenderNotice,Dao of Purchase of medical equipments,2025-11-28T12:08:12Z
0.releases.1064.tender.documents.1,0.releases.1064,0,112025153824922-7ecb,tenderNotice,Beneficial Ownership Disclosure form,2025-11-28T12:08:12Z
0.releases.1065.tender.documents.0,0.releases.1065,0,112025134306284-7b1d,tenderNotice,Tender document,2025-11-21T19:57:29Z
0.releases.1065.tender.documents.1,0.releases.1065,0,112025134306291-7b1c,tenderNotice,Disclose ownership declaration form,2025-11-21T19:57:29Z
0.releases.1066.tender.documents.0,0.releases.1066,0,112025081132737-7b4e,tenderNotice,Tender document,2025-11-28T15:59:03Z
0.releases.1067.tender.documents.0,0.releases.1067,0,112025081132737-7b4e,tenderNotice,Tender document,2025-11-28T15:59:03Z
0.releases.1068.tender.documents.0,0.releases.1068,0,112025081132737-7b4e,tenderNotice,Tender document,2025-11-28T15:59:03Z
0.releases.1069.tender.documents.0,0.releases.1069,0,112025081132737-7b4e,tenderNotice,Tender document,2025-11-28T15:59:03Z
0.releases.1070.tender.documents.0,0.releases.1070,0,112025081132737-7b4e,tenderNotice,Tender document,2025-11-28T15:59:03Z
0.releases.1071.tender.documents.0,0.releases.1071,0,112025081132737-7b4e,tenderNotice,Tender document,2025-11-28T15:59:03Z
0.releases.1072.tender.documents.0,0.releases.1072,0,112025081132737-7b4e,tenderNotice,Tender document,2025-11-28T15:59:03Z
0.releases.1073.tender.documents.0,0.releases.1073,0,112025081132737-7b4e,tenderNotice,Tender document,2025-11-28T15:59:03Z
0.releases.1074.tender.documents.0,0.releases.1074,0,112025081132737-7b4e,tenderNotice,Tender document,2025-11-28T15:59:03Z
0.releases.1075.tender.documents.0,0.releases.1075,0,112025081132737-7b4e,tenderNotice,Tender document,2025-11-28T15:59:03Z
0.releases.1076.tender.documents.0,0.releases.1076,0,112025081132737-7b4e,tenderNotice,Tender document,2025-11-28T15:59:03Z
0.releases.1077.tender.documents.0,0.releases.1077,0,112025081132737-7b4e,tenderNotice,Tender document,2025-11-28T15:59:03Z
0.releases.1078.tender.documents.0,0.releases.1078,0,112025081132737-7b4e,tenderNotice,Tender document,2025-11-28T15:59:03Z
0.releases.1079.tender.documents.0,0.releases.1079,0,112025081132737-7b4e,tenderNotice,Tender document,2025-11-28T15:59:03Z
0.releases.1080.tender.documents.0,0.releases.1080,0,112025081132737-7b4e,tenderNotice,Tender document,2025-11-28T15:59:03Z
0.releases.1081.tender.documents.0,0.releases.1081,0,112025081132737-7b4e,tenderNotice,Tender document,2025-11-28T15:59:03Z
0.releases.1082.tender.documents.0,0.releases.1082,0,112025081132737-7b4e,tenderNotice,Tender document,2025-11-28T15:59:03Z
0.releases.1083.tender.documents.0,0.releases.1083,0,112025081132737-7b4e,tenderNotice,Tender document,2025-11-28T15:59:03Z
0.releases.1084.tender.documents.0,0.releases.1084,0,012025160453362-7178,tenderNotice,Tender document,2025-01-24T10:15:41Z
0.releases.1085.tender.documents.0,0.releases.1085,0,012025160453362-7178,tenderNotice,Tender document,2025-01-24T10:15:41Z
0.releases.1086.tender.documents.0,0.releases.1086,0,012025160453362-7178,tenderNotice,Tender document,2025-01-24T10:15:41Z
0.releases.1087.tender.documents.0,0.releases.1087,0,012025160453362-7178,tenderNotice,Tender document,2025-01-24T10:15:41Z
0.releases.1088.tender.documents.0,0.releases.1088,0,112025120334727-7ea5,tenderNotice,Tender document,2025-12-03T16:51:53Z
0.releases.1088.tender.documents.1,0.releases.1088,0,122025150753944-7db3,tenderNotice,Amended tender document,2025-12-03T16:51:53Z
0.releases.1089.tender.documents.0,0.releases.1089,0,112025120334727-7ea5,tenderNotice,Tender document,2025-12-03T16:51:53Z
0.releases.1089.tender.documents.1,0.releases.1089,0,122025150753944-7db3,tenderNotice,Amended tender document,2025-12-03T16:51:53Z
0.releases.1090.tender.documents.0,0.releases.1090,0,102025115722056-7fe6,tenderNotice,Tender document,2025-10-28T16:20:15Z
0.releases.1090.tender.documents.1,0.releases.1090,0,102025115722065-7fe5,tenderNotice,Terms of references,2025-10-28T16:20:15Z
0.releases.1091.tender.documents.0,0.releases.1091,0,112025134306284-7b1d,tenderNotice,Tender document,2025-11-21T19:57:29Z
0.releases.1091.tender.documents.1,0.releases.1091,0,112025134306291-7b1c,tenderNotice,Disclose ownership declaration form,2025-11-21T19:57:29Z
0.releases.1092.tender.documents.0,0.releases.1092,0,102025115722056-7fe6,tenderNotice,Tender document,2025-10-28T16:20:15Z
0.releases.1092.tender.documents.1,0.releases.1092,0,102025115722065-7fe5,tenderNotice,Terms of references,2025-10-28T16:20:15Z
0.releases.1093.tender.documents.0,0.releases.1093,0,102025115722056-7fe6,tenderNotice,Tender document,2025-10-28T16:20:15Z
0.releases.1093.tender.documents.1,0.releases.1093,0,102025115722065-7fe5,tenderNotice,Terms of references,2025-10-28T16:20:15Z
0.releases.1094.tender.documents.0,0.releases.1094,0,112025120334727-7ea5,tenderNotice,Tender document,2025-12-03T16:51:53Z
0.releases.1094.tender.documents.1,0.releases.1094,0,122025150753944-7db3,tenderNotice,Amended tender document,2025-12-03T16:51:53Z
0.releases.1095.tender.documents.0,0.releases.1095,0,112025120334727-7ea5,tenderNotice,Tender document,2025-12-03T16:51:53Z
0.releases.1095.tender.documents.1,0.releases.1095,0,122025150753944-7db3,tenderNotice,Amended tender document,2025-12-03T16:51:53Z
0.releases.1096.tender.documents.0,0.releases.1096,0,112025120334727-7ea5,tenderNotice,Tender document,2025-12-03T16:51:53Z
0.releases.1096.tender.documents.1,0.releases.1096,0,122025150753944-7db3,tenderNotice,Amended tender document,2025-12-03T16:51:53Z
0.releases.1097.tender.documents.0,0.releases.1097,0,102025115722056-7fe6,tenderNotice,Tender document,2025-10-28T16:20:15Z
0.releases.1097.tender.documents.1,0.releases.1097,0,102025115722065-7fe5,tenderNotice,Terms of references,2025-10-28T16:20:15Z
0.releases.1098.tender.documents.0,0.releases.1098,0,102025115722056-7fe6,tenderNotice,Tender document,2025-10-28T16:20:15Z
0.releases.1098.tender.documents.1,0.releases.1098,0,102025115722065-7fe5,tenderNotice,Terms of references,2025-10-28T16:20:15Z
0.releases.1099.tender.documents.0,0.releases.1099,0,102025115722056-7fe6,tenderNotice,Tender document,2025-10-28T16:20:15Z
0.releases.1099.tender.documents.1,0.releases.1099,0,102025115722065-7fe5,tenderNotice,Terms of references,2025-10-28T16:20:15Z
0.releases.1100.tender.documents.0,0.releases.1100,0,102025115722056-7fe6,tenderNotice,Tender document,2025-10-28T16:20:15Z
0.releases.1100.tender.documents.1,0.releases.1100,0,102025115722065-7fe5,tenderNotice,Terms of references,2025-10-28T16:20:15Z
0.releases.1101.tender.documents.0,0.releases.1101,0,102025115722056-7fe6,tenderNotice,Tender document,2025-10-28T16:20:15Z
0.releases.1101.tender.documents.1,0.releases.1101,0,102025115722065-7fe5,tenderNotice,Terms of references,2025-10-28T16:20:15Z
0.releases.1102.tender.documents.0,0.releases.1102,0,102025115722056-7fe6,tenderNotice,Tender document,2025-10-28T16:20:15Z
0.releases.1102.tender.documents.1,0.releases.1102,0,102025115722065-7fe5,tenderNotice,Terms of references,2025-10-28T16:20:15Z
0.releases.1103.tender.documents.0,0.releases.1103,0,102025115722056-7fe6,tenderNotice,Tender document,2025-10-28T16:20:15Z
0.releases.1103.tender.documents.1,0.releases.1103,0,102025115722065-7fe5,tenderNotice,Terms of references,2025-10-28T16:20:15Z
0.releases.1104.tender.documents.0,0.releases.1104,0,102025115722056-7fe6,tenderNotice,Tender document,2025-10-28T16:20:15Z
0.releases.1104.tender.documents.1,0.releases.1104,0,102025115722065-7fe5,tenderNotice,Terms of references,2025-10-28T16:20:15Z
0.releases.1105.tender.documents.0,0.releases.1105,0,102025115722056-7fe6,tenderNotice,Tender document,2025-10-28T16:20:15Z
0.releases.1105.tender.documents.1,0.releases.1105,0,102025115722065-7fe5,tenderNotice,Terms of references,2025-10-28T16:20:15Z
0.releases.1106.tender.documents.0,0.releases.1106,0,102025115722056-7fe6,tenderNotice,Tender document,2025-10-28T16:20:15Z
0.releases.1106.tender.documents.1,0.releases.1106,0,102025115722065-7fe5,tenderNotice,Terms of references,2025-10-28T16:20:15Z
0.releases.1107.tender.documents.0,0.releases.1107,0,102025115722056-7fe6,tenderNotice,Tender document,2025-10-28T16:20:15Z
0.releases.1107.tender.documents.1,0.releases.1107,0,102025115722065-7fe5,tenderNotice,Terms of references,2025-10-28T16:20:15Z
0.releases.1108.tender.documents.0,0.releases.1108,0,102025115722056-7fe6,tenderNotice,Tender document,2025-10-28T16:20:15Z
0.releases.1108.tender.documents.1,0.releases.1108,0,102025115722065-7fe5,tenderNotice,Terms of references,2025-10-28T16:20:15Z
0.releases.1109.tender.documents.0,0.releases.1109,0,052025095001638-7ff5,tenderNotice,RFP in word version for reference only,2025-05-28T18:26:37Z
0.releases.1109.tender.documents.1,0.releases.1109,0,052025101646061-7fec,tenderNotice,IL & RFP signed and stamped (Official Document),2025-05-28T18:26:37Z
0.releases.1110.tender.documents.0,0.releases.1110,0,102025115722056-7fe6,tenderNotice,Tender document,2025-10-28T16:20:15Z
0.releases.1110.tender.documents.1,0.releases.1110,0,102025115722065-7fe5,tenderNotice,Terms of references,2025-10-28T16:20:15Z
0.releases.1111.tender.documents.0,0.releases.1111,0,102025115722056-7fe6,tenderNotice,Tender document,2025-10-28T16:20:15Z
0.releases.1111.tender.documents.1,0.releases.1111,0,102025115722065-7fe5,tenderNotice,Terms of references,2025-10-28T16:20:15Z
0.releases.1112.tender.documents.0,0.releases.1112,0,102025115722056-7fe6,tenderNotice,Tender document,2025-10-28T16:20:15Z
0.releases.1112.tender.documents.1,0.releases.1112,0,102025115722065-7fe5,tenderNotice,Terms of references,2025-10-28T16:20:15Z
0.releases.1113.tender.documents.0,0.releases.1113,0,102025115722056-7fe6,tenderNotice,Tender document,2025-10-28T16:20:15Z
0.releases.1113.tender.documents.1,0.releases.1113,0,102025115722065-7fe5,tenderNotice,Terms of references,2025-10-28T16:20:15Z
0.releases.1114.tender.documents.0,0.releases.1114,0,102025115722056-7fe6,tenderNotice,Tender document,2025-10-28T16:20:15Z
0.releases.1114.tender.documents.1,0.releases.1114,0,102025115722065-7fe5,tenderNotice,Terms of references,2025-10-28T16:20:15Z
0.releases.1115.tender.documents.0,0.releases.1115,0,092024182140981-6e17,tenderNotice,Tender  document,2024-09-28T11:40:41Z
0.releases.1115.tender.documents.1,0.releases.1115,0,092024182140987-6e16,tenderNotice,Beneficial ownership Disclose form,2024-09-28T11:40:41Z
0.releases.1116.tender.documents.0,0.releases.1116,0,112023113742462-66e7,tenderNotice,ToR,2023-11-28T08:23:10Z
0.releases.1117.tender.documents.0,0.releases.1117,0,112025160306273-7fc5,tenderNotice,Tender Document ,2025-11-13T10:12:50Z
0.releases.1118.tender.documents.0,0.releases.1118,0,072024103209465-7fb6,tenderNotice,Tender document,2024-07-26T12:05:02Z
0.releases.1119.tender.documents.0,0.releases.1119,0,112025180148713-7fc0,tenderNotice,Tender document,2025-11-11T16:33:41Z
0.releases.1119.tender.documents.1,0.releases.1119,0,112025180148720-7fbf,tenderNotice,Beneficial Ownership disclosure for,2025-11-11T16:33:41Z
0.releases.1121.tender.documents.0,0.releases.1121,0,122025112530448-7042,tenderNotice,DAO (AMENDMENT),2025-12-18T14:17:39Z
0.releases.1121.tender.documents.1,0.releases.1121,0,122025152911474-720e,tenderNotice,DAO,2025-12-18T14:17:39Z
0.releases.1122.tender.documents.0,0.releases.1122,0,052025193729838-7fe9,tenderNotice,RFP in word version for reference only,2025-05-28T18:27:09Z
0.releases.1122.tender.documents.1,0.releases.1122,0,052025194701100-7fe8,tenderNotice,IL & RFP signed and stamped (Official Document),2025-05-28T18:27:09Z
0.releases.1123.tender.documents.0,0.releases.1123,0,112025154114201-77dd,tenderNotice,Tender document,2025-11-27T11:14:31Z
0.releases.1124.tender.documents.0,0.releases.1124,0,122025184444318-7d1e,tenderNotice,Request for quotation for supply of hand held metal detectors,2025-12-31T07:59:57Z
0.releases.1125.tender.documents.0,0.releases.1125,0,112025132531105-7fe2,tenderNotice,TD,2025-11-04T11:04:09Z
0.releases.1126.tender.documents.0,0.releases.1126,0,112025132531105-7fe2,tenderNotice,TD,2025-11-04T11:04:09Z
0.releases.1127.tender.documents.0,0.releases.1127,0,122025134724695-7ef9,tenderNotice,DROWINGS FOR Construction works of Canteen and Kitchen at Nyamasheke Correctional Facility,2025-12-17T16:47:08Z
0.releases.1127.tender.documents.1,0.releases.1127,0,122025162831596-720b,tenderNotice,Tender Document,2025-12-17T16:47:08Z
0.releases.1128.tender.documents.0,0.releases.1128,0,092025102103876-7fb4,tenderNotice,TD,2025-10-02T14:51:37Z
0.releases.1129.tender.documents.0,0.releases.1129,0,112025153824912-7ecc,tenderNotice,Dao of Purchase of medical equipments,2025-11-28T12:08:12Z
0.releases.1129.tender.documents.1,0.releases.1129,0,112025153824922-7ecb,tenderNotice,Beneficial Ownership Disclosure form,2025-11-28T12:08:12Z
0.releases.1130.tender.documents.0,0.releases.1130,0,082024115640911-7e5e,tenderNotice,Tender Document ,2024-08-21T12:53:08Z
0.releases.1131.tender.documents.0,0.releases.1131,0,092025102103876-7fb4,tenderNotice,TD,2025-10-02T14:51:37Z
0.releases.1132.tender.documents.0,0.releases.1132,0,112025114917141-7ee0,tenderNotice,DAO OF HOSPITAL DRAPES,2025-11-28T13:52:30Z
0.releases.1132.tender.documents.1,0.releases.1132,0,112025114917146-7edf,tenderNotice,Beneficial Ownership Disclosure form,2025-11-28T13:52:30Z
0.releases.1133.tender.documents.0,0.releases.1133,0,122024162635415-7ed6,tenderNotice,Tender document,2024-12-04T16:55:46Z
0.releases.1134.tender.documents.0,0.releases.1134,0,122024162635415-7ed6,tenderNotice,Tender document,2024-12-04T16:55:46Z
0.releases.1135.tender.documents.0,0.releases.1135,0,112025104325642-7ca6,tenderNotice,TD for purchase of tires,2025-11-21T13:51:03Z
0.releases.1135.tender.documents.1,0.releases.1135,0,112025104325652-7ca5,tenderNotice,DECLARATION OF BENEFICIAL OWNERSHIP OF THE C0MPANY,2025-11-21T13:51:03Z
0.releases.1136.tender.documents.0,0.releases.1136,0,012025160453362-7178,tenderNotice,Tender document,2025-01-24T10:15:41Z
0.releases.1137.tender.documents.0,0.releases.1137,0,112025104325642-7ca6,tenderNotice,TD for purchase of tires,2025-11-21T13:51:03Z
0.releases.1137.tender.documents.1,0.releases.1137,0,112025104325652-7ca5,tenderNotice,DECLARATION OF BENEFICIAL OWNERSHIP OF THE C0MPANY,2025-11-21T13:51:03Z
0.releases.1138.tender.documents.0,0.releases.1138,0,122025120637175-6feb,tenderNotice,DAO,2025-12-19T15:10:48Z
0.releases.1138.tender.documents.1,0.releases.1138,0,122025120637633-6fea,tenderNotice,DECLARATION OF BENEFICIAL OWNERSHIP OF THE C0MPANY,2025-12-19T15:10:48Z
0.releases.1139.tender.documents.0,0.releases.1139,0,012025160453362-7178,tenderNotice,Tender document,2025-01-24T10:15:41Z
0.releases.1140.tender.documents.0,0.releases.1140,0,012025160453362-7178,tenderNotice,Tender document,2025-01-24T10:15:41Z
0.releases.1141.tender.documents.0,0.releases.1141,0,092023135008730-7b12,tenderNotice,DAO,2023-09-15T17:24:25Z
0.releases.1142.tender.documents.0,0.releases.1142,0,012025160453362-7178,tenderNotice,Tender document,2025-01-24T10:15:41Z
0.releases.1143.tender.documents.0,0.releases.1143,0,122025190611775-71d7,tenderNotice,TENDER DOCUMENT,2025-12-18T10:03:33Z
0.releases.1144.tender.documents.0,0.releases.1144,0,092023132258443-7e96,tenderNotice,DAO,2023-10-20T13:11:42Z
0.releases.1144.tender.documents.1,0.releases.1144,0,102023115927389-633f,tenderNotice,amendment,2023-10-20T13:11:42Z
0.releases.1145.tender.documents.0,0.releases.1145,0,102025191058205-7fdb,tenderNotice,Tender Document,2025-10-23T19:31:04Z
0.releases.1146.tender.documents.0,0.releases.1146,0,062025155319682-7f56,tenderNotice,REOI & ToRs,2025-06-12T18:25:34Z
0.releases.1146.tender.documents.1,0.releases.1146,0,062025155319690-7f55,tenderNotice,ToRs word version for reference only,2025-06-12T18:25:34Z
0.releases.1147.tender.documents.0,0.releases.1147,0,102025115722056-7fe6,tenderNotice,Tender document,2025-10-28T16:20:15Z
0.releases.1147.tender.documents.1,0.releases.1147,0,102025115722065-7fe5,tenderNotice,Terms of references,2025-10-28T16:20:15Z
0.releases.1148.tender.documents.0,0.releases.1148,0,102025115722056-7fe6,tenderNotice,Tender document,2025-10-28T16:20:15Z
0.releases.1148.tender.documents.1,0.releases.1148,0,102025115722065-7fe5,tenderNotice,Terms of references,2025-10-28T16:20:15Z
0.releases.1149.tender.documents.0,0.releases.1149,0,102025115722056-7fe6,tenderNotice,Tender document,2025-10-28T16:20:15Z
0.releases.1149.tender.documents.1,0.releases.1149,0,102025115722065-7fe5,tenderNotice,Terms of references,2025-10-28T16:20:15Z
0.releases.1150.tender.documents.0,0.releases.1150,0,102025115722056-7fe6,tenderNotice,Tender document,2025-10-28T16:20:15Z
0.releases.1150.tender.documents.1,0.releases.1150,0,102025115722065-7fe5,tenderNotice,Terms of references,2025-10-28T16:20:15Z
0.releases.1151.tender.documents.0,0.releases.1151,0,102025115722056-7fe6,tenderNotice,Tender document,2025-10-28T16:20:15Z
0.releases.1151.tender.documents.1,0.releases.1151,0,102025115722065-7fe5,tenderNotice,Terms of references,2025-10-28T16:20:15Z
0.releases.1152.tender.documents.0,0.releases.1152,0,102025115722056-7fe6,tenderNotice,Tender document,2025-10-28T16:20:15Z
0.releases.1152.tender.documents.1,0.releases.1152,0,102025115722065-7fe5,tenderNotice,Terms of references,2025-10-28T16:20:15Z
0.releases.1153.tender.documents.0,0.releases.1153,0,102025115722056-7fe6,tenderNotice,Tender document,2025-10-28T16:20:15Z
0.releases.1153.tender.documents.1,0.releases.1153,0,102025115722065-7fe5,tenderNotice,Terms of references,2025-10-28T16:20:15Z
0.releases.1154.tender.documents.0,0.releases.1154,0,062025155319682-7f56,tenderNotice,REOI & ToRs,2025-06-12T18:25:34Z
0.releases.1154.tender.documents.1,0.releases.1154,0,062025155319690-7f55,tenderNotice,ToRs word version for reference only,2025-06-12T18:25:34Z
0.releases.1155.tender.documents.0,0.releases.1155,0,102025115722056-7fe6,tenderNotice,Tender document,2025-10-28T16:20:15Z
0.releases.1155.tender.documents.1,0.releases.1155,0,102025115722065-7fe5,tenderNotice,Terms of references,2025-10-28T16:20:15Z
0.releases.1156.tender.documents.0,0.releases.1156,0,102025115722056-7fe6,tenderNotice,Tender document,2025-10-28T16:20:15Z
0.releases.1156.tender.documents.1,0.releases.1156,0,102025115722065-7fe5,tenderNotice,Terms of references,2025-10-28T16:20:15Z
0.releases.1157.tender.documents.0,0.releases.1157,0,122025130531794-7dbd,tenderNotice,RFP amended,2025-12-10T12:00:43Z
0.releases.1157.tender.documents.1,0.releases.1157,0,122025183716004-7e3e,tenderNotice,RFP,2025-12-10T12:00:43Z
0.releases.1158.tender.documents.0,0.releases.1158,0,012026122313017-4d04,tenderNotice,ToRs,2026-01-12T09:18:08Z
0.releases.1158.tender.documents.1,0.releases.1158,0,012026122313033-4d03,tenderNotice,Beneficial ownership form,2026-01-12T09:18:08Z
0.releases.1160.tender.documents.0,0.releases.1160,0,102025115722056-7fe6,tenderNotice,Tender document,2025-10-28T16:20:15Z
0.releases.1160.tender.documents.1,0.releases.1160,0,102025115722065-7fe5,tenderNotice,Terms of references,2025-10-28T16:20:15Z
0.releases.1161.tender.documents.0,0.releases.1161,0,102025115722056-7fe6,tenderNotice,Tender document,2025-10-28T16:20:15Z
0.releases.1161.tender.documents.1,0.releases.1161,0,102025115722065-7fe5,tenderNotice,Terms of references,2025-10-28T16:20:15Z
0.releases.1162.tender.documents.0,0.releases.1162,0,102025115722056-7fe6,tenderNotice,Tender document,2025-10-28T16:20:15Z
0.releases.1162.tender.documents.1,0.releases.1162,0,102025115722065-7fe5,tenderNotice,Terms of references,2025-10-28T16:20:15Z
0.releases.1163.tender.documents.0,0.releases.1163,0,102025115722056-7fe6,tenderNotice,Tender document,2025-10-28T16:20:15Z
0.releases.1163.tender.documents.1,0.releases.1163,0,102025115722065-7fe5,tenderNotice,Terms of references,2025-10-28T16:20:15Z
0.releases.1164.tender.documents.0,0.releases.1164,0,112025153238668-7f39,tenderNotice,Tender document,2025-11-26T09:06:21Z
0.releases.1164.tender.documents.1,0.releases.1164,0,112025153238675-7f38,tenderNotice,Beneficial ownership form,2025-11-26T09:06:21Z
0.releases.1165.tender.documents.0,0.releases.1165,0,102025115722056-7fe6,tenderNotice,Tender document,2025-10-28T16:20:15Z
0.releases.1165.tender.documents.1,0.releases.1165,0,102025115722065-7fe5,tenderNotice,Terms of references,2025-10-28T16:20:15Z
0.releases.1166.tender.documents.0,0.releases.1166,0,102025115722056-7fe6,tenderNotice,Tender document,2025-10-28T16:20:15Z
0.releases.1166.tender.documents.1,0.releases.1166,0,102025115722065-7fe5,tenderNotice,Terms of references,2025-10-28T16:20:15Z
0.releases.1167.tender.documents.0,0.releases.1167,0,092025171420807-7f58,tenderNotice,DAO for supply of materials and  piping system,2025-09-06T06:50:50Z
0.releases.1167.tender.documents.1,0.releases.1167,0,092025171420813-7f57,tenderNotice,DECLARATION OF BENEFICIAL OWNERSHIP OF THE C0MPANY,2025-09-06T06:50:50Z
0.releases.1168.tender.documents.0,0.releases.1168,0,102025144112284-7ff6,tenderNotice,Tender document,2025-10-28T16:59:07Z
0.releases.1169.tender.documents.0,0.releases.1169,0,102025115722056-7fe6,tenderNotice,Tender document,2025-10-28T16:20:15Z
0.releases.1169.tender.documents.1,0.releases.1169,0,102025115722065-7fe5,tenderNotice,Terms of references,2025-10-28T16:20:15Z
0.releases.1170.tender.documents.0,0.releases.1170,0,102025115722056-7fe6,tenderNotice,Tender document,2025-10-28T16:20:15Z
0.releases.1170.tender.documents.1,0.releases.1170,0,102025115722065-7fe5,tenderNotice,Terms of references,2025-10-28T16:20:15Z
0.releases.1171.tender.documents.0,0.releases.1171,0,102025115722056-7fe6,tenderNotice,Tender document,2025-10-28T16:20:15Z
0.releases.1171.tender.documents.1,0.releases.1171,0,102025115722065-7fe5,tenderNotice,Terms of references,2025-10-28T16:20:15Z
0.releases.1172.tender.documents.0,0.releases.1172,0,102025115722056-7fe6,tenderNotice,Tender document,2025-10-28T16:20:15Z
0.releases.1172.tender.documents.1,0.releases.1172,0,102025115722065-7fe5,tenderNotice,Terms of references,2025-10-28T16:20:15Z
0.releases.1173.tender.documents.0,0.releases.1173,0,102025115722056-7fe6,tenderNotice,Tender document,2025-10-28T16:20:15Z
0.releases.1173.tender.documents.1,0.releases.1173,0,102025115722065-7fe5,tenderNotice,Terms of references,2025-10-28T16:20:15Z
0.releases.1174.tender.documents.0,0.releases.1174,0,112025134306284-7b1d,tenderNotice,Tender document,2025-11-21T19:57:29Z
0.releases.1174.tender.documents.1,0.releases.1174,0,112025134306291-7b1c,tenderNotice,Disclose ownership declaration form,2025-11-21T19:57:29Z
0.releases.1175.tender.documents.0,0.releases.1175,0,102025105407828-7fe2,tenderNotice,TD,2025-10-27T16:05:08Z
0.releases.1175.tender.documents.1,0.releases.1175,0,102025120233170-7736,tenderNotice,Amended Tender Document,2025-10-27T16:05:08Z
0.releases.1176.tender.documents.0,0.releases.1176,0,012026114319228-4d06,tenderNotice,Tende document,2026-01-09T13:31:50Z
0.releases.1176.tender.documents.1,0.releases.1176,0,012026114319238-4d05,tenderNotice,Beneficial Ownership Disclosure Declaration,2026-01-09T13:31:50Z
0.releases.1178.tender.documents.0,0.releases.1178,0,112023104035955-7f5c,tenderNotice,TENDER DOCUMENTS,2023-11-22T13:47:19Z
0.releases.1179.tender.documents.0,0.releases.1179,0,112023142703244-7619,tenderNotice,TENDER DOCUMENT,2023-11-22T13:47:33Z
0.releases.1180.tender.documents.0,0.releases.1180,0,062025155319682-7f56,tenderNotice,REOI & ToRs,2025-06-12T18:25:34Z
0.releases.1180.tender.documents.1,0.releases.1180,0,062025155319690-7f55,tenderNotice,ToRs word version for reference only,2025-06-12T18:25:34Z
0.releases.1182.tender.documents.0,0.releases.1182,0,102025105544327-7fe4,tenderNotice,Tender document,2025-10-22T11:30:39Z
0.releases.1183.tender.documents.0,0.releases.1183,0,112025164215376-790e,tenderNotice,BIDDING DOCUMENT,2025-11-22T12:20:00Z
0.releases.1183.tender.documents.1,0.releases.1183,0,112025174645068-7ff9,tenderNotice,Bidding Document,2025-11-22T12:20:00Z
0.releases.1183.tender.documents.2,0.releases.1183,0,112025174645074-7ff8,tenderNotice,Declaration of beneficial ownership letter (well filled and signed),2025-11-22T12:20:00Z
0.releases.1184.tender.documents.0,0.releases.1184,0,112023104817319-7427,tenderNotice,Tender Document,2023-11-09T12:04:53Z
0.releases.1185.tender.documents.0,0.releases.1185,0,012026123305867-4cd4,tenderNotice,Tender document,2026-01-09T12:33:06Z
0.releases.1185.tender.documents.1,0.releases.1185,0,012026123305888-4cd3,tenderNotice,Beneficial ownership Disclosure form,2026-01-09T12:33:06Z
0.releases.1187.tender.documents.0,0.releases.1187,0,082025060117366-7c50,tenderNotice,Beneficial ownership disclosure form,2025-08-29T15:27:32Z
0.releases.1187.tender.documents.1,0.releases.1187,0,082025181557860-7231,tenderNotice,Tender Document,2025-08-29T15:27:32Z
0.releases.1189.tender.documents.0,0.releases.1189,0,012026123305867-4cd4,tenderNotice,Tender document,2026-01-09T12:33:06Z
0.releases.1189.tender.documents.1,0.releases.1189,0,012026123305888-4cd3,tenderNotice,Beneficial ownership Disclosure form,2026-01-09T12:33:06Z
0.releases.1190.tender.documents.0,0.releases.1190,0,112025164055508-7eb7,tenderNotice,Letter of rquest notice,2025-12-02T15:38:09Z
0.releases.1191.tender.documents.0,0.releases.1191,0,102025160556965-7fe3,tenderNotice,Tender document,2025-10-14T18:07:26Z
0.releases.1192.tender.documents.0,0.releases.1192,0,092025155401070-6d23,tenderNotice,DAO,2025-09-16T14:38:14Z
0.releases.1193.tender.documents.0,0.releases.1193,0,122025103414184-7377,tenderNotice,DAO,2025-12-18T13:53:08Z
0.releases.1194.tender.documents.0,0.releases.1194,0,112023104817319-7427,tenderNotice,Tender Document,2023-11-09T12:04:53Z
0.releases.1195.tender.documents.0,0.releases.1195,0,122025223525293-7a49,tenderNotice,Supply of Branding and Promotional materials under framework Contract,2025-12-15T14:16:36Z
0.releases.1196.tender.documents.0,0.releases.1196,0,052025151035576-7fb9,tenderNotice,RFP in word version for reference only,2025-05-28T18:26:52Z
0.releases.1196.tender.documents.1,0.releases.1196,0,052025190049626-7fea,tenderNotice,IL & RFP signed and stamped (Official Document),2025-05-28T18:26:52Z
0.releases.1197.tender.documents.0,0.releases.1197,0,122025102501499-7038,tenderNotice,TD,2025-12-01T15:26:46Z
0.releases.1198.tender.documents.0,0.releases.1198,0,092025133511810-7fec,tenderNotice,TD,2025-09-04T22:11:01Z
0.releases.1199.tender.documents.0,0.releases.1199,0,012026171132816-4ecb,tenderNotice,Tender document,2026-01-09T13:12:13Z
0.releases.1200.tender.documents.0,0.releases.1200,0,012023181343028-7807,tenderNotice,Request for Expression of Interest,2023-01-18T09:36:33Z
0.releases.1200.tender.documents.1,0.releases.1200,0,032023150251427-7335,tenderNotice,Request for Proposals,2023-03-27T15:48:47Z
0.releases.1201.tender.documents.0,0.releases.1201,0,012023181343028-7807,tenderNotice,Request for Expression of Interest,2023-01-18T09:36:33Z
0.releases.1201.tender.documents.1,0.releases.1201,0,032023150251427-7335,tenderNotice,Request for Proposals,2023-03-27T15:48:47Z
0.releases.1202.tender.documents.0,0.releases.1202,0,122025173148909-7e96,tenderNotice,Tender Document,2025-12-18T18:16:53Z
0.releases.1203.tender.documents.0,0.releases.1203,0,122025094854316-7ff3,tenderNotice,amended tender document ,2025-12-12T10:32:36Z
0.releases.1203.tender.documents.1,0.releases.1203,0,122025140551290-7dca,tenderNotice,Tender document,2025-12-12T10:32:36Z
0.releases.1203.tender.documents.2,0.releases.1203,0,122025140551363-7dc9,tenderNotice,Beneficial ownership,2025-12-12T10:32:36Z
0.releases.1204.tender.documents.0,0.releases.1204,0,012026114319228-4d06,tenderNotice,Tende document,2026-01-09T13:31:50Z
0.releases.1204.tender.documents.1,0.releases.1204,0,012026114319238-4d05,tenderNotice,Beneficial Ownership Disclosure Declaration,2026-01-09T13:31:50Z
0.releases.1205.tender.documents.0,0.releases.1205,0,122025134724695-7ef9,tenderNotice,DROWINGS FOR Construction works of Canteen and Kitchen at Nyamasheke Correctional Facility,2025-12-17T16:47:08Z
0.releases.1205.tender.documents.1,0.releases.1205,0,122025162831596-720b,tenderNotice,Tender Document,2025-12-17T16:47:08Z
0.releases.1206.tender.documents.0,0.releases.1206,0,112024130305287-7e4f,tenderNotice,Bidding doc,2024-12-12T12:50:15Z
0.releases.1206.tender.documents.1,0.releases.1206,0,122024112017961-7fbd,tenderNotice,Amendment,2024-12-12T12:50:15Z
0.releases.1207.tender.documents.0,0.releases.1207,0,112025094216455-77ca,tenderNotice,REQUEST FOR PROPOSAL (RFP),2025-11-26T16:03:57Z
0.releases.1208.tender.documents.0,0.releases.1208,0,092025091424136-7fed,tenderNotice,Amended tender document,2025-09-29T09:23:38Z
0.releases.1208.tender.documents.1,0.releases.1208,0,092025130324779-78e1,tenderNotice,Tender document,2025-09-29T09:23:38Z
0.releases.1208.tender.documents.2,0.releases.1208,0,092025172736354-7e98,tenderNotice,Amended tender document,2025-09-29T09:23:38Z
0.releases.1209.tender.documents.0,0.releases.1209,0,092025171639864-7c96,tenderNotice,Request for Proposal,2025-09-24T08:18:02Z
0.releases.1209.tender.documents.1,0.releases.1209,0,092025171639871-7c95,tenderNotice,Beneficial Ownership Disclosure Declaration form (Well filled and signed),2025-09-24T08:18:02Z
0.releases.1210.tender.documents.0,0.releases.1210,0,092025091424136-7fed,tenderNotice,Amended tender document,2025-09-29T09:23:38Z
0.releases.1210.tender.documents.1,0.releases.1210,0,092025130324779-78e1,tenderNotice,Tender document,2025-09-29T09:23:38Z
0.releases.1210.tender.documents.2,0.releases.1210,0,092025172736354-7e98,tenderNotice,Amended tender document,2025-09-29T09:23:38Z
0.releases.1211.tender.documents.0,0.releases.1211,0,092025091424136-7fed,tenderNotice,Amended tender document,2025-09-29T09:23:38Z
0.releases.1211.tender.documents.1,0.releases.1211,0,092025130324779-78e1,tenderNotice,Tender document,2025-09-29T09:23:38Z
0.releases.1211.tender.documents.2,0.releases.1211,0,092025172736354-7e98,tenderNotice,Amended tender document,2025-09-29T09:23:38Z
0.releases.1212.tender.documents.0,0.releases.1212,0,092025091424136-7fed,tenderNotice,Amended tender document,2025-09-29T09:23:38Z
0.releases.1212.tender.documents.1,0.releases.1212,0,092025130324779-78e1,tenderNotice,Tender document,2025-09-29T09:23:38Z
0.releases.1212.tender.documents.2,0.releases.1212,0,092025172736354-7e98,tenderNotice,Amended tender document,2025-09-29T09:23:38Z
0.releases.1213.tender.documents.0,0.releases.1213,0,112025134854301-7b59,tenderNotice,Tender document,2025-11-17T16:21:33Z
0.releases.1214.tender.documents.0,0.releases.1214,0,092025145151927-7fe4,tenderNotice,Tender document,2025-09-09T13:39:37Z
0.releases.1215.tender.documents.0,0.releases.1215,0,092025133511810-7fec,tenderNotice,TD,2025-09-04T22:11:01Z
0.releases.1216.tender.documents.0,0.releases.1216,0,012026141723207-7b77,tenderNotice,DAO,2026-01-09T14:17:23Z
0.releases.1216.tender.documents.1,0.releases.1216,0,012026141723660-7b76,tenderNotice,Beneficial Ownership,2026-01-09T14:17:23Z
0.releases.1217.tender.documents.0,0.releases.1217,0,012026141723207-7b77,tenderNotice,DAO,2026-01-09T14:17:23Z
0.releases.1217.tender.documents.1,0.releases.1217,0,012026141723660-7b76,tenderNotice,Beneficial Ownership,2026-01-09T14:17:23Z
0.releases.1218.tender.documents.0,0.releases.1218,0,112025122206998-7ff4,tenderNotice,Tender Document,2025-11-12T16:27:30Z
0.releases.1219.tender.documents.0,0.releases.1219,0,052025193729838-7fe9,tenderNotice,RFP in word version for reference only,2025-05-28T18:27:09Z
0.releases.1219.tender.documents.1,0.releases.1219,0,052025194701100-7fe8,tenderNotice,IL & RFP signed and stamped (Official Document),2025-05-28T18:27:09Z
0.releases.1220.tender.documents.0,0.releases.1220,0,102025160556965-7fe3,tenderNotice,Tender document,2025-10-14T18:07:26Z
0.releases.1221.tender.documents.0,0.releases.1221,0,112025161650485-7e17,tenderNotice,Request for Expression of Intrest,2025-11-20T09:57:33Z
0.releases.1222.tender.documents.0,0.releases.1222,0,082025155243317-756b,tenderNotice,Request for Expression of Intrest,2025-08-29T14:02:33Z
0.releases.1223.tender.documents.0,0.releases.1223,0,102025100934655-7fb3,tenderNotice,Tender Documents,2025-10-09T09:23:59Z
0.releases.1223.tender.documents.1,0.releases.1223,0,102025100934660-7fb2,tenderNotice,Detailed unit prices to be filled and submitted (lot 1),2025-10-09T09:23:59Z
0.releases.1223.tender.documents.2,0.releases.1223,0,102025100934664-7fb1,tenderNotice,Detailed unit prices to be filled and submitted (lot 2),2025-10-09T09:23:59Z
0.releases.1223.tender.documents.3,0.releases.1223,0,102025100934667-7fb0,tenderNotice,Detailed unit prices to be filled and submitted (lot 3),2025-10-09T09:23:59Z
0.releases.1223.tender.documents.4,0.releases.1223,0,102025100934672-7faf,tenderNotice,Beneficial ownership disclosure form to be filled and submitted,2025-10-09T09:23:59Z
0.releases.1223.tender.documents.5,0.releases.1223,0,102025162846172-7fff,tenderNotice,Amended Tender Documents,2025-10-09T09:23:59Z
0.releases.1224.tender.documents.0,0.releases.1224,0,112023132359094-5a95,tenderNotice,TENDER DOCUMENT ,2023-11-30T15:58:06Z
0.releases.1225.tender.documents.0,0.releases.1225,0,102025125500548-7dc8,tenderNotice,TENDER DOCUMENT,2025-10-21T16:50:40Z
0.releases.1226.tender.documents.0,0.releases.1226,0,112023132359094-5a95,tenderNotice,TENDER DOCUMENT ,2023-11-30T15:58:06Z
0.releases.1227.tender.documents.0,0.releases.1227,0,082025105622726-7408,tenderNotice,REQUEST FOR PROPOSALS,2025-09-11T09:48:26Z
0.releases.1227.tender.documents.1,0.releases.1227,0,092025085320795-7b15,tenderNotice,REQUEST FOR PROPOSALS,2025-09-11T09:48:26Z
0.releases.1228.tender.documents.0,0.releases.1228,0,012024113209276-7fe5,tenderNotice,RFQ,2024-01-03T17:00:21Z
0.releases.1229.tender.documents.0,0.releases.1229,0,012026151739660-7b69,tenderNotice,Letter of Request ,2026-01-09T15:28:11Z
0.releases.1231.tender.documents.0,0.releases.1231,0,122025113342842-5a16,tenderNotice,Amendment Tender Document,2026-01-09T15:19:25Z
0.releases.1231.tender.documents.1,0.releases.1231,0,122025203248993-7ed7,tenderNotice,Tender Document,2026-01-09T15:19:25Z
0.releases.1232.tender.documents.0,0.releases.1232,0,012026161758220-50ff,tenderNotice,Ammendment Tender document ,2026-01-09T15:20:20Z
0.releases.1232.tender.documents.1,0.releases.1232,0,122025115324060-6a94,tenderNotice,Ammendment Tender document ,2026-01-09T15:20:20Z
0.releases.1232.tender.documents.2,0.releases.1232,0,122025120859403-6c78,tenderNotice,Tender Document ,2026-01-09T15:20:20Z
0.releases.1233.tender.documents.0,0.releases.1233,0,012026110740850-7be4,tenderNotice,Ammendment Tender document ,2026-01-09T15:21:50Z
0.releases.1233.tender.documents.1,0.releases.1233,0,122025190801879-71d2,tenderNotice,Tender document,2026-01-09T15:21:50Z
0.releases.1233.tender.documents.2,0.releases.1233,0,122025202958679-71cd,tenderNotice,Ammendment Tender document ,2026-01-09T15:21:50Z
0.releases.1234.tender.documents.0,0.releases.1234,0,122025141218981-7ef8,tenderNotice,Tender Document,2025-12-17T16:47:46Z
0.releases.1235.tender.documents.0,0.releases.1235,0,082025153222934-7c7a,tenderNotice,Tender Document,2025-08-28T14:17:47Z
0.releases.1236.tender.documents.0,0.releases.1236,0,012026151739660-7b69,tenderNotice,Letter of Request ,2026-01-09T15:28:11Z
0.releases.1237.tender.documents.0,0.releases.1237,0,122025143306106-72eb,tenderNotice,DAO,2025-12-16T17:16:36Z
0.releases.1237.tender.documents.1,0.releases.1237,0,122025171229270-7f20,tenderNotice,Amendment (DAO),2025-12-16T17:16:36Z
0.releases.1238.tender.documents.0,0.releases.1238,0,012026152954374-7b68,tenderNotice,REOI,2026-01-09T15:29:54Z
0.releases.1239.tender.documents.0,0.releases.1239,0,012026152954374-7b68,tenderNotice,REOI,2026-01-09T15:29:54Z
0.releases.1240.tender.documents.0,0.releases.1240,0,012026112606246-7be2,tenderNotice,updated Tender document ,2026-01-09T15:31:06Z
0.releases.1240.tender.documents.1,0.releases.1240,0,122025141046719-7d7f,tenderNotice,Amendment Tender document ,2026-01-09T15:31:06Z
0.releases.1240.tender.documents.2,0.releases.1240,0,122025141046727-7d7e,tenderNotice,Amendment Note,2026-01-09T15:31:06Z
0.releases.1240.tender.documents.3,0.releases.1240,0,122025171615335-6b64,tenderNotice,Tender Document,2026-01-09T15:31:06Z
0.releases.1241.tender.documents.0,0.releases.1241,0,012026155104020-4c74,tenderNotice,TD word for easy preparation only,2026-01-09T15:51:04Z
0.releases.1241.tender.documents.1,0.releases.1241,0,092025121327497-7fea,tenderNotice,Signed REOI& Terms of Reference,2025-09-29T15:58:07Z
0.releases.1242.tender.documents.0,0.releases.1242,0,012026155104020-4c74,tenderNotice,TD word for easy preparation only,2026-01-09T15:51:04Z
0.releases.1242.tender.documents.1,0.releases.1242,0,092025121327497-7fea,tenderNotice,Signed REOI& Terms of Reference,2025-09-29T15:58:07Z
0.releases.1243.tender.documents.0,0.releases.1243,0,102025174942816-7fcd,tenderNotice,SECOND REVISED TENDER DOCUMENT,2025-10-29T18:14:02Z
0.releases.1243.tender.documents.1,0.releases.1243,0,102025180642326-7f3b,tenderNotice,TENDER DOCUMENT ,2025-10-29T18:14:02Z
0.releases.1243.tender.documents.2,0.releases.1243,0,102025180642335-7f3a,tenderNotice,BENEFICIAL OWNERSHIP DISCLOSURE FORM,2025-10-29T18:14:02Z
0.releases.1243.tender.documents.3,0.releases.1243,0,102025192733517-7ffe,tenderNotice,FIRST REVISED TENDER DOCUMENT ,2025-10-29T18:14:02Z
0.releases.1244.tender.documents.0,0.releases.1244,0,112023073415984-7f35,tenderNotice,TENDER DOCUMENT,2023-11-15T07:19:29Z
0.releases.1245.tender.documents.0,0.releases.1245,0,102025160556965-7fe3,tenderNotice,Tender document,2025-10-14T18:07:26Z
0.releases.1246.tender.documents.0,0.releases.1246,0,102025160556965-7fe3,tenderNotice,Tender document,2025-10-14T18:07:26Z
0.releases.1247.tender.documents.0,0.releases.1247,0,112025081132737-7b4e,tenderNotice,Tender document,2025-11-28T15:59:03Z
0.releases.1248.tender.documents.0,0.releases.1248,0,102025113741010-7ff4,tenderNotice,"BD for Refiling, Supply and Repair ",2025-10-28T13:20:12Z
0.releases.1248.tender.documents.1,0.releases.1248,0,102025113741018-7ff3,tenderNotice,Beneficial Ownership Disclosure,2025-10-28T13:20:12Z
0.releases.1249.tender.documents.0,0.releases.1249,0,112025120334727-7ea5,tenderNotice,Tender document,2025-12-03T16:51:53Z
0.releases.1249.tender.documents.1,0.releases.1249,0,122025150753944-7db3,tenderNotice,Amended tender document,2025-12-03T16:51:53Z
0.releases.1250.tender.documents.0,0.releases.1250,0,052025133432211-7d25,tenderNotice,TENDER DOCUMENT,2025-05-28T10:10:11Z
0.releases.1250.tender.documents.1,0.releases.1250,0,052025133432216-7d24,tenderNotice,Beneficial Ownership declaration form,2025-05-28T10:10:11Z
0.releases.1251.tender.documents.0,0.releases.1251,0,112025122206998-7ff4,tenderNotice,Tender Document,2025-11-12T16:27:30Z
0.releases.1252.tender.documents.0,0.releases.1252,0,122025152039321-7e5e,tenderNotice,Provision of Media Coverage and Communication services under framework Contract ,2025-12-03T10:18:17Z
0.releases.1253.tender.documents.0,0.releases.1253,0,122025142021325-76cf,tenderNotice,Provision of garage services for RP Karongi College Vehicles under framework Contract,2025-12-08T18:09:30Z
0.releases.1254.tender.documents.0,0.releases.1254,0,122025095621543-7f8e,tenderNotice,TENDER DOCUMENT,2025-12-08T15:46:51Z
0.releases.1255.tender.documents.0,0.releases.1255,0,012026164519616-4c3a,tenderNotice,Tender document,2026-01-12T10:41:12Z
0.releases.1255.tender.documents.1,0.releases.1255,0,012026164519631-4c39,tenderNotice,Beneficial ownership disclosure form,2026-01-12T10:41:12Z
0.releases.1257.tender.documents.0,0.releases.1257,0,112025154114201-77dd,tenderNotice,Tender document,2025-11-27T11:14:31Z
0.releases.1258.tender.documents.0,0.releases.1258,0,112025134854301-7b59,tenderNotice,Tender document,2025-11-17T16:21:33Z
0.releases.1259.tender.documents.0,0.releases.1259,0,012023175814876-743e,tenderNotice,REQUEST FOR PROPOSAL,2023-01-16T14:29:42Z
0.releases.1260.tender.documents.0,0.releases.1260,0,102025191058205-7fdb,tenderNotice,Tender Document,2025-10-23T19:31:04Z
0.releases.1261.tender.documents.0,0.releases.1261,0,012026104658650-7bea,tenderNotice,TENDER DOCUMENT,2026-01-09T17:15:20Z
0.releases.1262.tender.documents.0,0.releases.1262,0,112025124017792-7fda,tenderNotice,Tender Document,2025-11-13T22:33:32Z
0.releases.1262.tender.documents.1,0.releases.1262,0,112025124017800-7fd9,tenderNotice,Drawings,2025-11-13T22:33:32Z
0.releases.1262.tender.documents.2,0.releases.1262,0,112025124017806-7fd8,tenderNotice,DECLARATION OF BENEFICIAL OWNERS OF PRIVATE C0MPANIES,2025-11-13T22:33:32Z
0.releases.1263.tender.documents.0,0.releases.1263,0,112025094216455-77ca,tenderNotice,REQUEST FOR PROPOSAL (RFP),2025-11-26T16:03:57Z
0.releases.1264.tender.documents.0,0.releases.1264,0,012026173759096-7b63,tenderNotice,Tender Document,2026-01-09T17:38:00Z
0.releases.1265.tender.documents.0,0.releases.1265,0,012026173759096-7b63,tenderNotice,Tender Document,2026-01-09T17:38:00Z
0.releases.1266.tender.documents.0,0.releases.1266,0,082025153222934-7c7a,tenderNotice,Tender Document,2025-08-28T14:17:47Z
0.releases.1267.tender.documents.0,0.releases.1267,0,102024104217253-60e7,tenderNotice,TD,2024-11-06T15:19:05Z
0.releases.1267.tender.documents.1,0.releases.1267,0,102024191846844-6309,tenderNotice,Beneficial Ownership Disclosure Declaration Form,2024-11-06T15:19:05Z
0.releases.1268.tender.documents.0,0.releases.1268,0,012026180253604-7b62,tenderNotice,Beneficial ownership declaration,2026-01-09T18:02:53Z
0.releases.1269.tender.documents.0,0.releases.1269,0,012026180253604-7b62,tenderNotice,Beneficial ownership declaration,2026-01-09T18:02:53Z
0.releases.1270.tender.documents.0,0.releases.1270,0,012026145525253-7bc8,tenderNotice,TENDER DOCUMENT,2026-01-09T18:04:31Z
0.releases.1270.tender.documents.1,0.releases.1270,0,012026145525258-7bc7,tenderNotice,Beneficial Ownership Disclosure ,2026-01-09T18:04:31Z
0.releases.1271.tender.documents.0,0.releases.1271,0,122024090728010-7933,tenderNotice,Tender Document,2024-12-13T11:28:30Z
0.releases.1271.tender.documents.1,0.releases.1271,0,122024090728023-7932,tenderNotice,Beneficial Ownership Disclosure Declaration Form,2024-12-13T11:28:30Z
0.releases.1272.tender.documents.0,0.releases.1272,0,102023151030528-7a64,tenderNotice,DAO,2023-10-13T15:31:08Z
0.releases.1273.tender.documents.0,0.releases.1273,0,092025172044537-7fda,tenderNotice,TENDER DOCUMENT,2025-09-03T11:10:42Z
0.releases.1274.tender.documents.0,0.releases.1274,0,012026180253604-7b62,tenderNotice,Beneficial ownership declaration,2026-01-09T18:02:53Z
0.releases.1275.tender.documents.0,0.releases.1275,0,012026180253604-7b62,tenderNotice,Beneficial ownership declaration,2026-01-09T18:02:53Z
0.releases.1276.tender.documents.0,0.releases.1276,0,012026180253604-7b62,tenderNotice,Beneficial ownership declaration,2026-01-09T18:02:53Z
0.releases.1278.tender.documents.0,0.releases.1278,0,102025162418105-7ccb,tenderNotice,TD,2025-10-10T22:39:47Z
0.releases.1280.tender.documents.0,0.releases.1280,0,102025155250479-7dfa,tenderNotice,Request for Proposal,2025-10-29T10:20:06Z
0.releases.1281.tender.documents.0,0.releases.1281,0,082025105622726-7408,tenderNotice,REQUEST FOR PROPOSALS,2025-09-11T09:48:26Z
0.releases.1281.tender.documents.1,0.releases.1281,0,092025085320795-7b15,tenderNotice,REQUEST FOR PROPOSALS,2025-09-11T09:48:26Z
0.releases.1282.tender.documents.0,0.releases.1282,0,092025145151927-7fe4,tenderNotice,Tender document,2025-09-09T13:39:37Z
0.releases.1283.tender.documents.0,0.releases.1283,0,102025155250479-7dfa,tenderNotice,Request for Proposal,2025-10-29T10:20:06Z
0.releases.1284.tender.documents.0,0.releases.1284,0,082025073234398-7ffd,tenderNotice,Tender document,2025-09-01T11:44:49Z
0.releases.1284.tender.documents.1,0.releases.1284,0,082025073234411-7ffc,tenderNotice,Beneficial ownership  disclosure,2025-09-01T11:44:49Z
0.releases.1284.tender.documents.2,0.releases.1284,0,082025114422758-7fe3,tenderNotice,AMENDED DAO,2025-09-01T11:44:49Z
0.releases.1284.tender.documents.3,0.releases.1284,0,092025112558186-7f97,tenderNotice,FIN AMENDED DAO,2025-09-01T11:44:49Z
0.releases.1284.tender.documents.4,0.releases.1284,0,092025113059407-7f96,tenderNotice,FIN AMENDED DAO,2025-09-01T11:44:49Z
0.releases.1285.tender.documents.0,0.releases.1285,0,112025164215376-790e,tenderNotice,BIDDING DOCUMENT,2025-11-22T12:20:00Z
0.releases.1285.tender.documents.1,0.releases.1285,0,112025174645068-7ff9,tenderNotice,Bidding Document,2025-11-22T12:20:00Z
0.releases.1285.tender.documents.2,0.releases.1285,0,112025174645074-7ff8,tenderNotice,Declaration of beneficial ownership letter (well filled and signed),2025-11-22T12:20:00Z
0.releases.1292.tender.documents.0,0.releases.1292,0,062025154611443-7fdc,tenderNotice,Tender document,2025-06-23T08:24:40Z
0.releases.1292.tender.documents.1,0.releases.1292,0,062025154721461-7fdb,tenderNotice,Beneficial ownership Disclosure form,2025-06-23T08:24:40Z
0.releases.1293.tender.documents.0,0.releases.1293,0,122023144615574-7fd1,tenderNotice,RFP,2023-12-21T11:20:38Z
0.releases.1294.tender.documents.0,0.releases.1294,0,062025154611443-7fdc,tenderNotice,Tender document,2025-06-23T08:24:40Z
0.releases.1294.tender.documents.1,0.releases.1294,0,062025154721461-7fdb,tenderNotice,Beneficial ownership Disclosure form,2025-06-23T08:24:40Z
0.releases.1295.tender.documents.0,0.releases.1295,0,122024103011721-7ee9,tenderNotice,Tender document,2024-12-04T18:20:24Z
0.releases.1295.tender.documents.1,0.releases.1295,0,122024103011738-7ee8,tenderNotice,	Beneficial ownership disclosure declaration form,2024-12-04T18:20:24Z
0.releases.1295.tender.documents.2,0.releases.1295,0,122024162419089-7ed7,tenderNotice,Reviewed  tender document on types of codification and quantities,2024-12-04T18:20:24Z
0.releases.1297.tender.documents.0,0.releases.1297,0,122024112422357-7df2,tenderNotice,TENDER DOCUMENT,2024-12-11T17:03:36Z
0.releases.1298.tender.documents.0,0.releases.1298,0,102024114428850-7637,tenderNotice,TENDER DOCUMENT,2024-10-11T12:21:38Z
0.releases.1298.tender.documents.1,0.releases.1298,0,102024182244202-7f2e,tenderNotice,TENDER DOCUMENT,2024-10-11T12:21:38Z
0.releases.1299.tender.documents.0,0.releases.1299,0,112024131754255-7348,tenderNotice,AMENDED TENDER DOCUMENT,2024-11-22T15:07:44Z
0.releases.1299.tender.documents.1,0.releases.1299,0,112024132042873-77cc,tenderNotice,TENDER DOCUMENT,2024-11-22T15:07:44Z
0.releases.1300.tender.documents.0,0.releases.1300,0,112024131754255-7348,tenderNotice,AMENDED TENDER DOCUMENT,2024-11-22T15:07:44Z
0.releases.1300.tender.documents.1,0.releases.1300,0,112024132042873-77cc,tenderNotice,TENDER DOCUMENT,2024-11-22T15:07:44Z
0.releases.1301.tender.documents.0,0.releases.1301,0,062025154611443-7fdc,tenderNotice,Tender document,2025-06-23T08:24:40Z
0.releases.1301.tender.documents.1,0.releases.1301,0,062025154721461-7fdb,tenderNotice,Beneficial ownership Disclosure form,2025-06-23T08:24:40Z
0.releases.1302.tender.documents.0,0.releases.1302,0,102025153959303-7fed,tenderNotice,Tender Document,2025-11-19T15:42:55Z
0.releases.1302.tender.documents.1,0.releases.1302,0,102025173135275-7fb5,tenderNotice,Beneficial ownership declaration form,2025-11-19T15:42:55Z
0.releases.1302.tender.documents.2,0.releases.1302,0,112025114348796-796a,tenderNotice,Amended Tender Document,2025-11-19T15:42:55Z
0.releases.1302.tender.documents.3,0.releases.1302,0,112025160548995-7fa5,tenderNotice,2nd Amended Tender Document,2025-11-19T15:42:55Z
0.releases.1303.tender.documents.0,0.releases.1303,0,102025153959303-7fed,tenderNotice,Tender Document,2025-11-19T15:42:55Z
0.releases.1303.tender.documents.1,0.releases.1303,0,102025173135275-7fb5,tenderNotice,Beneficial ownership declaration form,2025-11-19T15:42:55Z
0.releases.1303.tender.documents.2,0.releases.1303,0,112025114348796-796a,tenderNotice,Amended Tender Document,2025-11-19T15:42:55Z
0.releases.1303.tender.documents.3,0.releases.1303,0,112025160548995-7fa5,tenderNotice,2nd Amended Tender Document,2025-11-19T15:42:55Z
0.releases.1304.tender.documents.0,0.releases.1304,0,102024104217253-60e7,tenderNotice,TD,2024-11-06T15:19:05Z
0.releases.1304.tender.documents.1,0.releases.1304,0,102024191846844-6309,tenderNotice,Beneficial Ownership Disclosure Declaration Form,2024-11-06T15:19:05Z
0.releases.1305.tender.documents.0,0.releases.1305,0,102025175711928-7ff9,tenderNotice,DAO for Tyres,2025-10-29T16:37:37Z
0.releases.1306.tender.documents.0,0.releases.1306,0,092025123139502-7f98,tenderNotice,Terms of reference ,2025-09-26T09:44:36Z
0.releases.1306.tender.documents.1,0.releases.1306,0,112025125532448-7fff,tenderNotice,RFP,2025-11-07T14:50:24Z
0.releases.1306.tender.documents.2,0.releases.1306,0,112025132406684-7ffb,tenderNotice,Beneficial Ownership,2025-11-07T14:50:24Z
0.releases.1307.tender.documents.0,0.releases.1307,0,092025123139502-7f98,tenderNotice,Terms of reference ,2025-09-26T09:44:36Z
0.releases.1307.tender.documents.1,0.releases.1307,0,112025125532448-7fff,tenderNotice,RFP,2025-11-07T14:50:24Z
0.releases.1307.tender.documents.2,0.releases.1307,0,112025132406684-7ffb,tenderNotice,Beneficial Ownership,2025-11-07T14:50:24Z
0.releases.1308.tender.documents.0,0.releases.1308,0,112025112826616-79b2,tenderNotice,Tender document,2025-11-04T11:42:47Z
0.releases.1309.tender.documents.0,0.releases.1309,0,112024091509417-6749,tenderNotice,DAO,2024-11-11T12:01:38Z
0.releases.1309.tender.documents.1,0.releases.1309,0,112024141702001-7ee4,tenderNotice,Beneficial ownership disclosure declaration form,2024-11-11T12:01:38Z
0.releases.1310.tender.documents.0,0.releases.1310,0,112025104857596-7ffa,tenderNotice,Provision of insurance services for City of  Kigali Assets,2025-11-20T10:22:03Z
0.releases.1310.tender.documents.1,0.releases.1310,0,112025162105169-7ff0,tenderNotice,Amended Tender Document,2025-11-20T10:22:03Z
0.releases.1311.tender.documents.0,0.releases.1311,0,102025105544327-7fe4,tenderNotice,Tender document,2025-10-22T11:30:39Z
0.releases.1312.tender.documents.0,0.releases.1312,0,062025134802158-7f82,tenderNotice,EOI,2025-06-25T13:06:02Z
0.releases.1312.tender.documents.1,0.releases.1312,0,082025163151670-7fe8,tenderNotice,RFP,2025-10-03T15:14:31Z
0.releases.1312.tender.documents.2,0.releases.1312,0,092025114520151-7fa5,tenderNotice,Amended RFP,2025-10-03T15:14:31Z
0.releases.1312.tender.documents.3,0.releases.1312,0,092025114520185-7fa4,tenderNotice,Form,2025-10-03T15:14:31Z
0.releases.1312.tender.documents.4,0.releases.1312,0,102025154905999-7b76,tenderNotice,Current RFP Amended,2025-10-03T15:14:31Z
0.releases.1313.tender.documents.0,0.releases.1313,0,062025134802158-7f82,tenderNotice,EOI,2025-06-25T13:06:02Z
0.releases.1313.tender.documents.1,0.releases.1313,0,082025163151670-7fe8,tenderNotice,RFP,2025-10-03T15:14:31Z
0.releases.1313.tender.documents.2,0.releases.1313,0,092025114520151-7fa5,tenderNotice,Amended RFP,2025-10-03T15:14:31Z
0.releases.1313.tender.documents.3,0.releases.1313,0,092025114520185-7fa4,tenderNotice,Form,2025-10-03T15:14:31Z
0.releases.1313.tender.documents.4,0.releases.1313,0,102025154905999-7b76,tenderNotice,Current RFP Amended,2025-10-03T15:14:31Z
0.releases.1314.tender.documents.0,0.releases.1314,0,082025152105196-7fcf,tenderNotice,BID DOCUMENT,2025-08-29T17:36:57Z
0.releases.1314.tender.documents.1,0.releases.1314,0,082025152105213-7fce,tenderNotice,Declaration of beneficial ownership letter (well filled and signed).,2025-08-29T17:36:57Z
0.releases.1315.tender.documents.0,0.releases.1315,0,082025152105196-7fcf,tenderNotice,BID DOCUMENT,2025-08-29T17:36:57Z
0.releases.1315.tender.documents.1,0.releases.1315,0,082025152105213-7fce,tenderNotice,Declaration of beneficial ownership letter (well filled and signed).,2025-08-29T17:36:57Z
0.releases.1316.tender.documents.0,0.releases.1316,0,112025174647715-7f89,tenderNotice,BIDDING DOCUMENT,2025-11-25T10:41:17Z
0.releases.1316.tender.documents.1,0.releases.1316,0,112025174647720-7f88,tenderNotice,Declaration of beneficial ownership letter (well filled and signed),2025-11-25T10:41:17Z
0.releases.1317.tender.documents.0,0.releases.1317,0,112025115609131-7e55,tenderNotice,Dao,2025-11-05T16:43:37Z
0.releases.1318.tender.documents.0,0.releases.1318,0,112025115609131-7e55,tenderNotice,Dao,2025-11-05T16:43:37Z
0.releases.1319.tender.documents.0,0.releases.1319,0,102024110721768-7fcc,tenderNotice,TENDER DOCUMENT,2024-10-12T12:46:16Z
0.releases.1319.tender.documents.1,0.releases.1319,0,102024110721775-7fcb,tenderNotice,Technical specification,2024-10-12T12:46:16Z
0.releases.1319.tender.documents.2,0.releases.1319,0,102024110721781-7fca,tenderNotice,Beneficial Ownership Disclosure Declaration form,2024-10-12T12:46:16Z
0.releases.1320.tender.documents.0,0.releases.1320,0,062025154611443-7fdc,tenderNotice,Tender document,2025-06-23T08:24:40Z
0.releases.1320.tender.documents.1,0.releases.1320,0,062025154721461-7fdb,tenderNotice,Beneficial ownership Disclosure form,2025-06-23T08:24:40Z
0.releases.1321.tender.documents.0,0.releases.1321,0,012026102312361-4c1f,tenderNotice,Tender Document,2026-01-11T10:23:12Z
0.releases.1322.tender.documents.0,0.releases.1322,0,012026102312361-4c1f,tenderNotice,Tender Document,2026-01-11T10:23:12Z
0.releases.1323.tender.documents.0,0.releases.1323,0,112025144016184-7fdc,tenderNotice,Tender Document,2025-11-03T23:12:39Z
0.releases.1324.tender.documents.0,0.releases.1324,0,062025154611443-7fdc,tenderNotice,Tender document,2025-06-23T08:24:40Z
0.releases.1324.tender.documents.1,0.releases.1324,0,062025154721461-7fdb,tenderNotice,Beneficial ownership Disclosure form,2025-06-23T08:24:40Z
0.releases.1325.tender.documents.0,0.releases.1325,0,012026141536106-4eea,tenderNotice,Tender Document,2026-01-08T14:15:36Z
0.releases.1325.tender.documents.1,0.releases.1325,0,012026141536120-4ee9,tenderNotice,Beneficial ownership declaration disclosure form,2026-01-08T14:15:36Z
0.releases.1326.tender.documents.0,0.releases.1326,0,102025111813857-7cda,tenderNotice,Tender document ,2025-10-16T11:14:30Z
0.releases.1327.tender.documents.0,0.releases.1327,0,102025104837935-7ff2,tenderNotice,TD,2025-10-31T18:33:32Z
0.releases.1328.tender.documents.0,0.releases.1328,0,122024164840138-7c4b,tenderNotice,Tender document,2024-12-03T10:01:14Z
0.releases.1329.tender.documents.0,0.releases.1329,0,062025154611443-7fdc,tenderNotice,Tender document,2025-06-23T08:24:40Z
0.releases.1329.tender.documents.1,0.releases.1329,0,062025154721461-7fdb,tenderNotice,Beneficial ownership Disclosure form,2025-06-23T08:24:40Z
0.releases.1330.tender.documents.0,0.releases.1330,0,112025141618747-7fd9,tenderNotice,Tender document,2025-11-13T10:52:44Z
0.releases.1330.tender.documents.1,0.releases.1330,0,112025141618752-7fd8,tenderNotice,Detailed unit prices to be filled and submitted by bidder,2025-11-13T10:52:44Z
0.releases.1330.tender.documents.2,0.releases.1330,0,112025141618757-7fd7,tenderNotice,Beneficial ownership Disclosure to be signed,2025-11-13T10:52:44Z
0.releases.1331.tender.documents.0,0.releases.1331,0,022025124607731-7ff4,tenderNotice,SBD,2025-02-18T16:37:55Z
0.releases.1331.tender.documents.1,0.releases.1331,0,022025124607740-7ff3,tenderNotice,Beneficial ownership,2025-02-18T16:37:55Z
0.releases.1332.tender.documents.0,0.releases.1332,0,022025124607731-7ff4,tenderNotice,SBD,2025-02-18T16:37:55Z
0.releases.1332.tender.documents.1,0.releases.1332,0,022025124607740-7ff3,tenderNotice,Beneficial ownership,2025-02-18T16:37:55Z
0.releases.1333.tender.documents.0,0.releases.1333,0,022024162354837-7fbc,tenderNotice,TENDER DOCUMENT,2024-02-27T12:45:46Z
0.releases.1333.tender.documents.1,0.releases.1333,0,022024162354844-7fbb,tenderNotice,Drawings,2024-02-27T12:45:46Z
0.releases.1334.tender.documents.0,0.releases.1334,0,102025133152366-7ffb,tenderNotice,Tender document,2025-10-03T14:10:09Z
0.releases.1334.tender.documents.1,0.releases.1334,0,102025133152371-7ffa,tenderNotice,Beneficial Ownership disclosure form,2025-10-03T14:10:09Z
0.releases.1335.tender.documents.0,0.releases.1335,0,112025115609131-7e55,tenderNotice,Dao,2025-11-05T16:43:37Z
0.releases.1336.tender.documents.0,0.releases.1336,0,012026165950170-4c1e,tenderNotice,BD for RP Restaurant and catering services ,2026-01-12T09:41:56Z
0.releases.1336.tender.documents.1,0.releases.1336,0,012026165950189-4c1d,tenderNotice,Beneficial ownership Discloser,2026-01-12T09:41:56Z
0.releases.1338.tender.documents.0,0.releases.1338,0,112025120721280-7ff5,tenderNotice,DAO,2025-11-12T16:27:56Z
0.releases.1341.tender.documents.0,0.releases.1341,0,012026194137179-4c1c,tenderNotice,Tender Document,2026-01-11T19:41:37Z
0.releases.1341.tender.documents.1,0.releases.1341,0,012026194137200-4c1b,tenderNotice,Beneficial ownership disclosure declaration form ,2026-01-11T19:41:37Z
0.releases.1342.tender.documents.0,0.releases.1342,0,012026194137179-4c1c,tenderNotice,Tender Document,2026-01-11T19:41:37Z
0.releases.1342.tender.documents.1,0.releases.1342,0,012026194137200-4c1b,tenderNotice,Beneficial ownership disclosure declaration form ,2026-01-11T19:41:37Z
0.releases.1343.tender.documents.0,0.releases.1343,0,112025120721280-7ff5,tenderNotice,DAO,2025-11-12T16:27:56Z
0.releases.1344.tender.documents.0,0.releases.1344,0,062024123831422-7fe5,tenderNotice,DAO,2024-07-17T12:45:42Z
0.releases.1344.tender.documents.1,0.releases.1344,0,062024123831434-7fe4,tenderNotice,Drawing 1,2024-07-17T12:45:42Z
0.releases.1344.tender.documents.2,0.releases.1344,0,062024123831443-7fe3,tenderNotice,Drawing 2,2024-07-17T12:45:42Z
0.releases.1344.tender.documents.3,0.releases.1344,0,062024123831452-7fe2,tenderNotice,Drawing 3,2024-07-17T12:45:42Z
0.releases.1344.tender.documents.4,0.releases.1344,0,062024123831460-7fe1,tenderNotice,Drawing 4,2024-07-17T12:45:42Z
0.releases.1344.tender.documents.5,0.releases.1344,0,062024123831466-7fe0,tenderNotice,Drawing 5,2024-07-17T12:45:42Z
0.releases.1345.tender.documents.0,0.releases.1345,0,012026210137208-4c1a,tenderNotice,Hiring a technical advisor to support MINEMA on Flood Early warning system (FEWS) Readvertisement ,2026-01-12T10:31:36Z
0.releases.1347.tender.documents.0,0.releases.1347,0,062025154611443-7fdc,tenderNotice,Tender document,2025-06-23T08:24:40Z
0.releases.1347.tender.documents.1,0.releases.1347,0,062025154721461-7fdb,tenderNotice,Beneficial ownership Disclosure form,2025-06-23T08:24:40Z
0.releases.1348.tender.documents.0,0.releases.1348,0,092023135955578-7b0f,tenderNotice,DAO,2023-09-15T17:25:01Z
0.releases.1349.tender.documents.0,0.releases.1349,0,092023135955578-7b0f,tenderNotice,DAO,2023-09-15T17:25:01Z
0.releases.1350.tender.documents.0,0.releases.1350,0,092023135955578-7b0f,tenderNotice,DAO,2023-09-15T17:25:01Z
0.releases.1351.tender.documents.0,0.releases.1351,0,092023135955578-7b0f,tenderNotice,DAO,2023-09-15T17:25:01Z
0.releases.1352.tender.documents.0,0.releases.1352,0,062025154611443-7fdc,tenderNotice,Tender document,2025-06-23T08:24:40Z
0.releases.1352.tender.documents.1,0.releases.1352,0,062025154721461-7fdb,tenderNotice,Beneficial ownership Disclosure form,2025-06-23T08:24:40Z
0.releases.1353.tender.documents.0,0.releases.1353,0,112025123155474-7f54,tenderNotice,Bid Document-RFP,2025-11-26T17:39:57Z
0.releases.1354.tender.documents.0,0.releases.1354,0,102025204052967-7d6b,tenderNotice,Tender Document,2025-10-29T15:19:57Z
0.releases.1354.tender.documents.1,0.releases.1354,0,102025204052984-7d6a,tenderNotice,Beneficial ownership,2025-10-29T15:19:57Z
0.releases.1355.tender.documents.0,0.releases.1355,0,102025153443383-7dfb,tenderNotice,Beneficial Ownership Disclosure Form,2025-10-24T12:44:08Z
0.releases.1355.tender.documents.1,0.releases.1355,0,102025155607780-7fd7,tenderNotice,Beneficial ownership disclosure form,2025-10-24T12:44:08Z
0.releases.1355.tender.documents.2,0.releases.1355,0,102025155607867-7fd6,tenderNotice,Ammendment notice,2025-10-24T12:44:08Z
0.releases.1355.tender.documents.3,0.releases.1355,0,102025155607871-7fd5,tenderNotice,Ammended tender document ,2025-10-24T12:44:08Z
0.releases.1356.tender.documents.0,0.releases.1356,0,122025112530448-7042,tenderNotice,DAO (AMENDMENT),2025-12-18T14:17:39Z
0.releases.1356.tender.documents.1,0.releases.1356,0,122025152911474-720e,tenderNotice,DAO,2025-12-18T14:17:39Z
0.releases.1357.tender.documents.0,0.releases.1357,0,102025153443383-7dfb,tenderNotice,Beneficial Ownership Disclosure Form,2025-10-24T12:44:08Z
0.releases.1357.tender.documents.1,0.releases.1357,0,102025155607780-7fd7,tenderNotice,Beneficial ownership disclosure form,2025-10-24T12:44:08Z
0.releases.1357.tender.documents.2,0.releases.1357,0,102025155607867-7fd6,tenderNotice,Ammendment notice,2025-10-24T12:44:08Z
0.releases.1357.tender.documents.3,0.releases.1357,0,102025155607871-7fd5,tenderNotice,Ammended tender document ,2025-10-24T12:44:08Z
0.releases.1358.tender.documents.0,0.releases.1358,0,092025130318213-7f92,tenderNotice,TENDER DOCUMENT,2025-09-24T09:30:40Z
0.releases.1358.tender.documents.1,0.releases.1358,0,092025130318220-7f91,tenderNotice,BENEFICIAL DISCLOSURE OWNESHIP FORM,2025-09-24T09:30:40Z
0.releases.1359.tender.documents.0,0.releases.1359,0,012023113115832-7fca,tenderNotice,RFP,2023-01-04T15:52:40Z
0.releases.1359.tender.documents.1,0.releases.1359,0,112022120740416-7f18,tenderNotice,Expression for interest,2022-11-17T12:08:55Z
0.releases.1360.tender.documents.0,0.releases.1360,0,012023113115832-7fca,tenderNotice,RFP,2023-01-04T15:52:40Z
0.releases.1360.tender.documents.1,0.releases.1360,0,112022120740416-7f18,tenderNotice,Expression for interest,2022-11-17T12:08:55Z
0.releases.1361.tender.documents.0,0.releases.1361,0,082023121603396-77f0,tenderNotice,Detailed bidding document ,2023-08-03T14:39:52Z
0.releases.1362.tender.documents.0,0.releases.1362,0,052022172331571-7f8a,tenderNotice,Tender document,2022-05-17T18:23:10Z
0.releases.1363.tender.documents.0,0.releases.1363,0,112025103929009-7ffc,tenderNotice,RFP,2025-11-05T08:22:12Z
0.releases.1363.tender.documents.1,0.releases.1363,0,112025103929017-7ffb,tenderNotice,Declaration of Beneficial Ownership form,2025-11-05T08:22:12Z
0.releases.1364.tender.documents.0,0.releases.1364,0,082022160105811-7b50,tenderNotice,Tender Document,2022-08-23T14:46:13Z
0.releases.1365.tender.documents.0,0.releases.1365,0,082022160105811-7b50,tenderNotice,Tender Document,2022-08-23T14:46:13Z
0.releases.1366.tender.documents.0,0.releases.1366,0,012023113115832-7fca,tenderNotice,RFP,2023-01-04T15:52:40Z
0.releases.1366.tender.documents.1,0.releases.1366,0,112022120740416-7f18,tenderNotice,Expression for interest,2022-11-17T12:08:55Z
0.releases.1367.tender.documents.0,0.releases.1367,0,012023113115832-7fca,tenderNotice,RFP,2023-01-04T15:52:40Z
0.releases.1367.tender.documents.1,0.releases.1367,0,112022120740416-7f18,tenderNotice,Expression for interest,2022-11-17T12:08:55Z
0.releases.1368.tender.documents.0,0.releases.1368,0,122024183706723-7e0b,tenderNotice,Tender document,2024-12-19T20:19:40Z
0.releases.1369.tender.documents.0,0.releases.1369,0,082024142332150-7d51,tenderNotice,Designing and printing T-shirts to be used in NYC Events,2024-09-05T10:12:41Z
0.releases.1370.tender.documents.0,0.releases.1370,0,112024123325886-798c,tenderNotice,tender document,2024-11-14T12:44:29Z
0.releases.1370.tender.documents.1,0.releases.1370,0,112024123325899-798b,tenderNotice,Beneficial ownership disclosure format,2024-11-14T12:44:29Z
0.releases.1371.tender.documents.0,0.releases.1371,0,122024183706723-7e0b,tenderNotice,Tender document,2024-12-19T20:19:40Z
0.releases.1372.tender.documents.0,0.releases.1372,0,112024123325886-798c,tenderNotice,tender document,2024-11-14T12:44:29Z
0.releases.1372.tender.documents.1,0.releases.1372,0,112024123325899-798b,tenderNotice,Beneficial ownership disclosure format,2024-11-14T12:44:29Z
0.releases.1373.tender.documents.0,0.releases.1373,0,082024142332150-7d51,tenderNotice,Designing and printing T-shirts to be used in NYC Events,2024-09-05T10:12:41Z
0.releases.1374.tender.documents.0,0.releases.1374,0,112024130305287-7e4f,tenderNotice,Bidding doc,2024-12-12T12:50:15Z
0.releases.1374.tender.documents.1,0.releases.1374,0,122024112017961-7fbd,tenderNotice,Amendment,2024-12-12T12:50:15Z
0.releases.1375.tender.documents.0,0.releases.1375,0,112025142421427-7b57,tenderNotice,TENDDER DOCUMENT,2025-11-14T14:56:11Z
0.releases.1376.tender.documents.0,0.releases.1376,0,062025204254022-7e6f,tenderNotice,RFP,2025-07-29T19:20:01Z
0.releases.1376.tender.documents.1,0.releases.1376,0,062025204418210-7e6e,tenderNotice,Beneficiary’s ownership template,2025-07-29T19:20:01Z
0.releases.1377.tender.documents.0,0.releases.1377,0,082023152725694-7fb3,tenderNotice,Tender document,2023-08-31T09:15:58Z
0.releases.1378.tender.documents.0,0.releases.1378,0,092024171822687-7a9a,tenderNotice,TD,2024-09-13T10:34:20Z
0.releases.1379.tender.documents.0,0.releases.1379,0,012026091012497-7b38,tenderNotice,TENDER DOCUMENT in ENGLISH,2026-01-12T09:10:12Z
0.releases.1379.tender.documents.1,0.releases.1379,0,012026091012506-7b37,tenderNotice,DOSSIER D'APPEL D'OFFRE,2026-01-12T09:10:12Z
0.releases.1380.tender.documents.0,0.releases.1380,0,012026091012497-7b38,tenderNotice,TENDER DOCUMENT in ENGLISH,2026-01-12T09:10:12Z
0.releases.1380.tender.documents.1,0.releases.1380,0,012026091012506-7b37,tenderNotice,DOSSIER D'APPEL D'OFFRE,2026-01-12T09:10:12Z
0.releases.1381.tender.documents.0,0.releases.1381,0,082024115640911-7e5e,tenderNotice,Tender Document ,2024-08-21T12:53:08Z
0.releases.1382.tender.documents.0,0.releases.1382,0,062023154613423-7638,tenderNotice,DAO,2023-08-14T20:03:29Z
0.releases.1382.tender.documents.1,0.releases.1382,0,082023170828298-663c,tenderNotice,DAO,2023-08-14T20:03:29Z
0.releases.1383.tender.documents.0,0.releases.1383,0,102025125500548-7dc8,tenderNotice,TENDER DOCUMENT,2025-10-21T16:50:40Z
0.releases.1384.tender.documents.0,0.releases.1384,0,122025090810335-7ddc,tenderNotice,Tender document,2025-12-03T18:33:56Z
0.releases.1384.tender.documents.1,0.releases.1384,0,122025090810344-7ddb,tenderNotice,beneficial ownership disclosure form,2025-12-03T18:33:56Z
0.releases.1385.tender.documents.0,0.releases.1385,0,112025125510186-7feb,tenderNotice,Tender document,2025-11-20T15:08:11Z
0.releases.1386.tender.documents.0,0.releases.1386,0,012026122313017-4d04,tenderNotice,ToRs,2026-01-12T09:18:08Z
0.releases.1386.tender.documents.1,0.releases.1386,0,012026122313033-4d03,tenderNotice,Beneficial ownership form,2026-01-12T09:18:08Z
0.releases.1387.tender.documents.0,0.releases.1387,0,012026094709935-4eb8,tenderNotice,TENDER DOCUMENT,2026-01-12T09:18:36Z
0.releases.1387.tender.documents.1,0.releases.1387,0,012026103750045-4d1b,tenderNotice,Beneficial ownership ,2026-01-12T09:18:36Z
0.releases.1387.tender.documents.2,0.releases.1387,0,012026123637193-4cd0,tenderNotice,Beneficial ownership form,2026-01-12T09:18:36Z
0.releases.1388.tender.documents.0,0.releases.1388,0,092025142055743-7d51,tenderNotice,Bid Document,2025-10-20T14:36:58Z
0.releases.1388.tender.documents.1,0.releases.1388,0,102025143019968-7ff8,tenderNotice,IT Software ,2025-10-20T14:36:58Z
0.releases.1389.tender.documents.0,0.releases.1389,0,082022145712120-7b5a,tenderNotice,Tender document,2022-08-23T15:33:15Z
0.releases.1390.tender.documents.0,0.releases.1390,0,042025155903024-7446,tenderNotice,Tender document,2025-04-10T12:59:04Z
0.releases.1391.tender.documents.0,0.releases.1391,0,092025100934227-7fcd,tenderNotice,Request for Expression of Interest ,2025-09-03T10:56:43Z
0.releases.1391.tender.documents.1,0.releases.1391,0,102025171314525-7f9a,tenderNotice,Request for Proposal ,2025-10-31T09:10:13Z
0.releases.1392.tender.documents.0,0.releases.1392,0,112024170142981-70b3,tenderNotice,Tender document ,2024-11-08T15:18:50Z
0.releases.1393.tender.documents.0,0.releases.1393,0,122025155124190-7dfb,tenderNotice,TENDER DOCUMENT,2025-12-02T17:02:33Z
0.releases.1393.tender.documents.1,0.releases.1393,0,122025155124196-7dfa,tenderNotice,Beneficial ownership declaration ,2025-12-02T17:02:33Z
0.releases.1394.tender.documents.0,0.releases.1394,0,102025210231840-7ff2,tenderNotice,TENDER DOCUMENT-CONSULTANCY ON RISK MAPPING OF FEWS,2025-10-03T12:35:11Z
0.releases.1394.tender.documents.1,0.releases.1394,0,102025210231844-7ff1,tenderNotice,BENEFICIAL OWNERSHIP DISCLOSURE FORM,2025-10-03T12:35:11Z
0.releases.1395.tender.documents.0,0.releases.1395,0,112025120721280-7ff5,tenderNotice,DAO,2025-11-12T16:27:56Z
0.releases.1396.tender.documents.0,0.releases.1396,0,102025104401434-7fe7,tenderNotice,DAO for Airtime/Communication,2025-10-28T10:37:21Z
0.releases.1397.tender.documents.0,0.releases.1397,0,102024115902169-7c84,tenderNotice,TD,2024-10-10T12:08:12Z
0.releases.1398.tender.documents.0,0.releases.1398,0,012026165950170-4c1e,tenderNotice,BD for RP Restaurant and catering services ,2026-01-12T09:41:56Z
0.releases.1398.tender.documents.1,0.releases.1398,0,012026165950189-4c1d,tenderNotice,Beneficial ownership Discloser,2026-01-12T09:41:56Z
0.releases.1399.tender.documents.0,0.releases.1399,0,102025133333494-7bf5,tenderNotice,Tender document for Gym and Fitness Services,2025-10-30T14:13:35Z
0.releases.1400.tender.documents.0,0.releases.1400,0,112025225909714-7f96,tenderNotice,Tender Document,2025-11-17T12:02:44Z
0.releases.1400.tender.documents.1,0.releases.1400,0,112025225909722-7f95,tenderNotice,Technical Specifications,2025-11-17T12:02:44Z
0.releases.1401.tender.documents.0,0.releases.1401,0,122025143213981-7e62,tenderNotice,Tender Document ,2025-12-01T16:31:11Z
0.releases.1402.tender.documents.0,0.releases.1402,0,082025174532695-7c61,tenderNotice,RFP,2025-08-27T09:54:56Z
0.releases.1403.tender.documents.0,0.releases.1403,0,082025183504045-7fb4,tenderNotice,RFP,2025-08-27T09:55:31Z
0.releases.1403.tender.documents.1,0.releases.1403,0,082025183614152-7fb3,tenderNotice,Beneficial ownership disclosure form,2025-08-27T09:55:31Z
0.releases.1404.tender.documents.0,0.releases.1404,0,082025063210791-7c4a,tenderNotice,Beneficial ownership disclosure form,2025-08-29T15:27:09Z
0.releases.1404.tender.documents.1,0.releases.1404,0,082025180714983-7233,tenderNotice,Tender Document,2025-08-29T15:27:09Z
0.releases.1405.tender.documents.0,0.releases.1405,0,082025073234398-7ffd,tenderNotice,Tender document,2025-09-01T11:44:49Z
0.releases.1405.tender.documents.1,0.releases.1405,0,082025073234411-7ffc,tenderNotice,Beneficial ownership  disclosure,2025-09-01T11:44:49Z
0.releases.1405.tender.documents.2,0.releases.1405,0,082025114422758-7fe3,tenderNotice,AMENDED DAO,2025-09-01T11:44:49Z
0.releases.1405.tender.documents.3,0.releases.1405,0,092025112558186-7f97,tenderNotice,FIN AMENDED DAO,2025-09-01T11:44:49Z
0.releases.1405.tender.documents.4,0.releases.1405,0,092025113059407-7f96,tenderNotice,FIN AMENDED DAO,2025-09-01T11:44:49Z
0.releases.1406.tender.documents.0,0.releases.1406,0,122025174537375-7d6c,tenderNotice,TENDER DOCUMENT,2025-12-04T17:59:11Z
0.releases.1407.tender.documents.0,0.releases.1407,0,112025162418319-7fc3,tenderNotice,TD,2025-11-11T23:11:41Z
0.releases.1407.tender.documents.1,0.releases.1407,0,112025162418401-7fc2,tenderNotice,Beneficial ownership disclosure,2025-11-11T23:11:41Z
0.releases.1408.tender.documents.0,0.releases.1408,0,102025164747361-7fe9,tenderNotice,DAO,2025-10-15T15:22:17Z
0.releases.1409.tender.documents.0,0.releases.1409,0,112025120757045-78c8,tenderNotice,TENDER DOCUMENT,2025-11-26T22:23:22Z
0.releases.1411.tender.documents.0,0.releases.1411,0,062024161309888-7b1b,tenderNotice,RFP,2024-06-20T20:05:20Z
0.releases.1412.tender.documents.0,0.releases.1412,0,112025120757045-78c8,tenderNotice,TENDER DOCUMENT,2025-11-26T22:23:22Z
0.releases.1413.tender.documents.0,0.releases.1413,0,042022164202285-7fdc,tenderNotice,Tender document,2022-04-27T16:09:19Z
0.releases.1414.tender.documents.0,0.releases.1414,0,112023143454977-7e81,tenderNotice,TENDER DOCUMENT ,2023-11-01T18:24:01Z
0.releases.1415.tender.documents.0,0.releases.1415,0,102025133333494-7bf5,tenderNotice,Tender document for Gym and Fitness Services,2025-10-30T14:13:35Z
0.releases.1416.tender.documents.0,0.releases.1416,0,102025133333494-7bf5,tenderNotice,Tender document for Gym and Fitness Services,2025-10-30T14:13:35Z
0.releases.1417.tender.documents.0,0.releases.1417,0,112024170142981-70b3,tenderNotice,Tender document ,2024-11-08T15:18:50Z
0.releases.1418.tender.documents.0,0.releases.1418,0,112024170142981-70b3,tenderNotice,Tender document ,2024-11-08T15:18:50Z
0.releases.1419.tender.documents.0,0.releases.1419,0,112025132415068-7ffe,tenderNotice,TENDER DOCUMENT ,2025-11-18T16:51:23Z
0.releases.1419.tender.documents.1,0.releases.1419,0,112025132415083-7ffd,tenderNotice,Beneficial Ownership Form,2025-11-18T16:51:23Z
0.releases.1420.tender.documents.0,0.releases.1420,0,012026102311153-4bc4,tenderNotice,Tender Document,2026-01-12T23:35:25Z
0.releases.1422.tender.documents.0,0.releases.1422,0,102025100548154-7fe9,tenderNotice,Purchase ICT equipment and Maintenance of electrical materials,2025-10-23T19:09:59Z
0.releases.1423.tender.documents.0,0.releases.1423,0,092025132746003-7d43,tenderNotice,Terms of Reference ,2025-09-26T09:44:03Z
0.releases.1424.tender.documents.0,0.releases.1424,0,012026141723207-7b77,tenderNotice,DAO,2026-01-09T14:17:23Z
0.releases.1424.tender.documents.1,0.releases.1424,0,012026141723660-7b76,tenderNotice,Beneficial Ownership,2026-01-09T14:17:23Z
0.releases.1426.tender.documents.0,0.releases.1426,0,012026210137208-4c1a,tenderNotice,Hiring a technical advisor to support MINEMA on Flood Early warning system (FEWS) Readvertisement ,2026-01-12T10:31:36Z
0.releases.1428.tender.documents.0,0.releases.1428,0,012026141723207-7b77,tenderNotice,DAO,2026-01-09T14:17:23Z
0.releases.1428.tender.documents.1,0.releases.1428,0,012026141723660-7b76,tenderNotice,Beneficial Ownership,2026-01-09T14:17:23Z
0.releases.1429.tender.documents.0,0.releases.1429,0,042025112924982-68e2,tenderNotice,RFP,2025-04-15T14:47:34Z
0.releases.1430.tender.documents.0,0.releases.1430,0,042025112924982-68e2,tenderNotice,RFP,2025-04-15T14:47:34Z
0.releases.1431.tender.documents.0,0.releases.1431,0,012025143725830-6501,tenderNotice,RFP,2025-01-30T19:00:22Z
0.releases.1431.tender.documents.1,0.releases.1431,0,122024122545412-7dc6,tenderNotice,Terms of reference ,2024-12-30T09:49:12Z
0.releases.1432.tender.documents.0,0.releases.1432,0,012025143725830-6501,tenderNotice,RFP,2025-01-30T19:00:22Z
0.releases.1432.tender.documents.1,0.releases.1432,0,122024122545412-7dc6,tenderNotice,Terms of reference ,2024-12-30T09:49:12Z
0.releases.1433.tender.documents.0,0.releases.1433,0,012025143725830-6501,tenderNotice,RFP,2025-01-30T19:00:22Z
0.releases.1433.tender.documents.1,0.releases.1433,0,122024122545412-7dc6,tenderNotice,Terms of reference ,2024-12-30T09:49:12Z
0.releases.1434.tender.documents.0,0.releases.1434,0,012025143725830-6501,tenderNotice,RFP,2025-01-30T19:00:22Z
0.releases.1434.tender.documents.1,0.releases.1434,0,122024122545412-7dc6,tenderNotice,Terms of reference ,2024-12-30T09:49:12Z
0.releases.1435.tender.documents.0,0.releases.1435,0,112025123155474-7f54,tenderNotice,Bid Document-RFP,2025-11-26T17:39:57Z
0.releases.1436.tender.documents.0,0.releases.1436,0,112024113540549-7ea8,tenderNotice,TD,2024-11-11T17:05:33Z
0.releases.1437.tender.documents.0,0.releases.1437,0,052025114423783-d90,tenderNotice,Provision of architectural and engineering services,2025-06-05T17:51:40Z
0.releases.1437.tender.documents.1,0.releases.1437,0,062025171701170-1ff7,tenderNotice,AMENDED BID DOCUMENT,2025-06-05T17:51:40Z
0.releases.1438.tender.documents.0,0.releases.1438,0,112024115348296-7fe5,tenderNotice,DAO,2024-11-27T19:54:45Z
0.releases.1438.tender.documents.1,0.releases.1438,0,112024170351054-7e3c,tenderNotice,DAO Amended,2024-11-27T19:54:45Z
0.releases.1438.tender.documents.2,0.releases.1438,0,112024183815042-7fc4,tenderNotice,Beneficial Ownership Disclosure/Format ,2024-11-27T19:54:45Z
0.releases.1438.tender.documents.3,0.releases.1438,0,112024195130719-6586,tenderNotice,DAO Amended Final,2024-11-27T19:54:45Z
0.releases.1439.tender.documents.0,0.releases.1439,0,072025152103583-7a6f,tenderNotice,Request for proposals,2025-07-23T15:22:58Z
0.releases.1439.tender.documents.1,0.releases.1439,0,072025152103589-7a6e,tenderNotice,BENEFICIAL OWNERSHIP DISCLOSURE FORM,2025-07-23T15:22:58Z
0.releases.1440.tender.documents.0,0.releases.1440,0,112025111717394-7ff3,tenderNotice,Dao of Acquisition of a service Trolley in Use Cafetaria Canteen,2025-11-04T15:52:00Z
0.releases.1441.tender.documents.0,0.releases.1441,0,012026164519616-4c3a,tenderNotice,Tender document,2026-01-12T10:41:12Z
0.releases.1441.tender.documents.1,0.releases.1441,0,012026164519631-4c39,tenderNotice,Beneficial ownership disclosure form,2026-01-12T10:41:12Z
0.releases.1442.tender.documents.0,0.releases.1442,0,082024132101717-7e57,tenderNotice,Tender Document ,2024-08-21T12:45:18Z
0.releases.1443.tender.documents.0,0.releases.1443,0,122025163258912-7e51,tenderNotice,Tender document,2025-12-03T15:32:49Z
0.releases.1443.tender.documents.1,0.releases.1443,0,122025163258915-7e50,tenderNotice,Beneficial ownership disclosure form,2025-12-03T15:32:49Z
0.releases.1444.tender.documents.0,0.releases.1444,0,112025131036583-7ffb,tenderNotice,Tender document,2025-11-12T08:54:31Z
0.releases.1444.tender.documents.1,0.releases.1444,0,112025131036631-7ffa,tenderNotice,Declaration of Beneficial Ownership of the Company,2025-11-12T08:54:31Z
0.releases.1445.tender.documents.0,0.releases.1445,0,092025162209982-7f77,tenderNotice,Beneficial Oner,2025-09-26T09:44:21Z
0.releases.1445.tender.documents.1,0.releases.1445,0,092025163815425-7f75,tenderNotice,RFP,2025-09-26T09:44:21Z
0.releases.1446.tender.documents.0,0.releases.1446,0,102025095631413-7ffc,tenderNotice,AMENDED TENDER DOCUMENT FOR PAM VERSION I,2025-10-31T12:48:28Z
0.releases.1446.tender.documents.1,0.releases.1446,0,102025095631420-7ffb,tenderNotice,AMENDMENT NOTICE ,2025-10-31T12:48:28Z
0.releases.1446.tender.documents.2,0.releases.1446,0,102025152738066-7fe7,tenderNotice,Tender Document ,2025-10-31T12:48:28Z
0.releases.1446.tender.documents.3,0.releases.1446,0,102025152738077-7fe6,tenderNotice,Beneficial Ownership Declaration Form,2025-10-31T12:48:28Z
0.releases.1449.tender.documents.0,0.releases.1449,0,122025124319145-729b,tenderNotice,DAO,2025-12-11T12:47:51Z
0.releases.1450.tender.documents.0,0.releases.1450,0,082023175340951-7bc1,tenderNotice,ToR,2023-08-22T17:21:43Z
0.releases.1451.tender.documents.0,0.releases.1451,0,112023113742462-66e7,tenderNotice,ToR,2023-11-28T08:23:10Z
0.releases.1452.tender.documents.0,0.releases.1452,0,052023104535430-6e88,tenderNotice,ToR,2023-05-09T17:17:06Z
0.releases.1452.tender.documents.1,0.releases.1452,0,072023175109155-6671,tenderNotice,RFP,2023-07-14T20:55:22Z
0.releases.1453.tender.documents.0,0.releases.1453,0,052023104535430-6e88,tenderNotice,ToR,2023-05-09T17:17:06Z
0.releases.1453.tender.documents.1,0.releases.1453,0,072023175109155-6671,tenderNotice,RFP,2023-07-14T20:55:22Z
0.releases.1454.tender.documents.0,0.releases.1454,0,122025151408909-7fd5,tenderNotice,TENDER DOCUMENT ,2025-12-12T16:47:01Z
0.releases.1455.tender.documents.0,0.releases.1455,0,102025152741361-7fe2,tenderNotice,Tender document,2025-10-06T13:28:37Z
0.releases.1455.tender.documents.1,0.releases.1455,0,102025152741365-7fe1,tenderNotice,ToR,2025-10-06T13:28:37Z
0.releases.1456.tender.documents.0,0.releases.1456,0,102024163811579-6355,tenderNotice,Tender Document,2024-10-30T11:46:21Z
0.releases.1456.tender.documents.1,0.releases.1456,0,102024163811586-6354,tenderNotice,Beneficial ownership Disclosure form,2024-10-30T11:46:21Z
0.releases.1457.tender.documents.0,0.releases.1457,0,112025162047092-7ebf,tenderNotice,Tender Document,2025-12-18T14:25:16Z
0.releases.1457.tender.documents.1,0.releases.1457,0,092025150555872-6d93,tenderNotice,Tender Document,2025-09-12T15:05:55Z
0.releases.1458.tender.documents.0,0.releases.1458,0,102025115722056-7fe6,tenderNotice,Tender document,2025-10-28T16:20:15Z
0.releases.1458.tender.documents.1,0.releases.1458,0,102025115722065-7fe5,tenderNotice,Terms of references,2025-10-28T16:20:15Z
0.releases.1459.tender.documents.0,0.releases.1459,0,102025115722056-7fe6,tenderNotice,Tender document,2025-10-28T16:20:15Z
0.releases.1459.tender.documents.1,0.releases.1459,0,102025115722065-7fe5,tenderNotice,Terms of references,2025-10-28T16:20:15Z
0.releases.1460.tender.documents.0,0.releases.1460,0,072025152103583-7a6f,tenderNotice,Request for proposals,2025-07-23T15:22:58Z
0.releases.1460.tender.documents.1,0.releases.1460,0,072025152103589-7a6e,tenderNotice,BENEFICIAL OWNERSHIP DISCLOSURE FORM,2025-07-23T15:22:58Z
0.releases.1461.tender.documents.0,0.releases.1461,0,112024150154480-59b2,tenderNotice,Tender Document ,2024-11-01T15:22:12Z
0.releases.1462.tender.documents.0,0.releases.1462,0,112025171631816-75b5,tenderNotice,TENDER DOCUMENT ,2025-12-09T17:26:01Z
0.releases.1462.tender.documents.1,0.releases.1462,0,112025171631832-75b4,tenderNotice,Beneficial ownership disclosure form,2025-12-09T17:26:01Z
0.releases.1462.tender.documents.2,0.releases.1462,0,122025113040441-7fdb,tenderNotice,Amended Tender Document,2025-12-09T17:26:01Z
0.releases.1462.tender.documents.3,0.releases.1462,0,122025113040456-7fda,tenderNotice,Amendment notice ,2025-12-09T17:26:01Z
0.releases.1463.tender.documents.0,0.releases.1463,0,122025152310964-7fd0,tenderNotice,Tender document,2025-12-16T11:27:45Z
0.releases.1463.tender.documents.1,0.releases.1463,0,122025152310970-7fcf,tenderNotice,Beneficial ownership disclosure form,2025-12-16T11:27:45Z
0.releases.1464.tender.documents.0,0.releases.1464,0,112024150154480-59b2,tenderNotice,Tender Document ,2024-11-01T15:22:12Z
0.releases.1465.tender.documents.0,0.releases.1465,0,122025193124124-71cf,tenderNotice,Tender Document,2025-12-17T20:35:13Z
0.releases.1465.tender.documents.1,0.releases.1465,0,122025195826644-7edb,tenderNotice,Tender Document (Ammendment) ,2025-12-17T20:35:13Z
0.releases.1466.tender.documents.0,0.releases.1466,0,122025205745940-7e6b,tenderNotice,TENDER DOCUMENT,2025-12-09T20:57:47Z
0.releases.1467.tender.documents.0,0.releases.1467,0,102025115722056-7fe6,tenderNotice,Tender document,2025-10-28T16:20:15Z
0.releases.1467.tender.documents.1,0.releases.1467,0,102025115722065-7fe5,tenderNotice,Terms of references,2025-10-28T16:20:15Z
0.releases.1468.tender.documents.0,0.releases.1468,0,102025115722056-7fe6,tenderNotice,Tender document,2025-10-28T16:20:15Z
0.releases.1468.tender.documents.1,0.releases.1468,0,102025115722065-7fe5,tenderNotice,Terms of references,2025-10-28T16:20:15Z
0.releases.1469.tender.documents.0,0.releases.1469,0,102025115722056-7fe6,tenderNotice,Tender document,2025-10-28T16:20:15Z
0.releases.1469.tender.documents.1,0.releases.1469,0,102025115722065-7fe5,tenderNotice,Terms of references,2025-10-28T16:20:15Z
0.releases.1470.tender.documents.0,0.releases.1470,0,102025115722056-7fe6,tenderNotice,Tender document,2025-10-28T16:20:15Z
0.releases.1470.tender.documents.1,0.releases.1470,0,102025115722065-7fe5,tenderNotice,Terms of references,2025-10-28T16:20:15Z
0.releases.1471.tender.documents.0,0.releases.1471,0,102025115722056-7fe6,tenderNotice,Tender document,2025-10-28T16:20:15Z
0.releases.1471.tender.documents.1,0.releases.1471,0,102025115722065-7fe5,tenderNotice,Terms of references,2025-10-28T16:20:15Z
0.releases.1472.tender.documents.0,0.releases.1472,0,102025115722056-7fe6,tenderNotice,Tender document,2025-10-28T16:20:15Z
0.releases.1472.tender.documents.1,0.releases.1472,0,102025115722065-7fe5,tenderNotice,Terms of references,2025-10-28T16:20:15Z
0.releases.1473.tender.documents.0,0.releases.1473,0,122025152451037-7ae3,tenderNotice,TENDER DOCUMENT ,2025-12-12T16:47:42Z
0.releases.1474.tender.documents.0,0.releases.1474,0,112023155443872-79f0,tenderNotice,TOR,2023-11-15T18:25:34Z
0.releases.1475.tender.documents.0,0.releases.1475,0,012026162015750-50fe,tenderNotice,TENDER DOCUMENT,2026-01-07T16:20:15Z
0.releases.1476.tender.documents.0,0.releases.1476,0,112024162348782-7eb1,tenderNotice,TENDER DOCUMENT ,2024-11-26T10:25:15Z
0.releases.1477.tender.documents.0,0.releases.1477,0,122025185259856-71e7,tenderNotice,Tender Document,2025-12-19T15:45:44Z
0.releases.1478.tender.documents.0,0.releases.1478,0,122025205745940-7e6b,tenderNotice,TENDER DOCUMENT,2025-12-09T20:57:47Z
0.releases.1479.tender.documents.0,0.releases.1479,0,052023160022968-7a18,tenderNotice,ToR,2023-06-09T14:46:23Z
0.releases.1479.tender.documents.1,0.releases.1479,0,062023133129573-4e75,tenderNotice,Updated ToR,2023-06-09T14:46:23Z
0.releases.1480.tender.documents.0,0.releases.1480,0,092025142055743-7d51,tenderNotice,Bid Document,2025-10-20T14:36:58Z
0.releases.1480.tender.documents.1,0.releases.1480,0,102025143019968-7ff8,tenderNotice,IT Software ,2025-10-20T14:36:58Z
0.releases.1481.tender.documents.0,0.releases.1481,0,052025114423783-d90,tenderNotice,Provision of architectural and engineering services,2025-06-05T17:51:40Z
0.releases.1481.tender.documents.1,0.releases.1481,0,062025171701170-1ff7,tenderNotice,AMENDED BID DOCUMENT,2025-06-05T17:51:40Z
0.releases.1482.tender.documents.0,0.releases.1482,0,112025152054439-7bd6,tenderNotice,Tender Document,2025-11-17T16:57:46Z
0.releases.1482.tender.documents.1,0.releases.1482,0,112025163741194-7f71,tenderNotice,Amended Tender Document ,2025-11-17T16:57:46Z
0.releases.1483.tender.documents.0,0.releases.1483,0,012026161522527-52cc,tenderNotice,Tender Document,2026-01-07T07:56:18Z
0.releases.1484.tender.documents.0,0.releases.1484,0,092023120515613-7df5,tenderNotice,ToR,2023-09-05T13:13:29Z
0.releases.1485.tender.documents.0,0.releases.1485,0,012026113740533-4a63,tenderNotice,Tender document for maintenance of waste water treatment plant in Gacuriro real estate and IDP model Villages,2026-01-12T11:37:40Z
0.releases.1486.tender.documents.0,0.releases.1486,0,012026113740533-4a63,tenderNotice,Tender document for maintenance of waste water treatment plant in Gacuriro real estate and IDP model Villages,2026-01-12T11:37:40Z
0.releases.1487.tender.documents.0,0.releases.1487,0,012026114134456-7b1e,tenderNotice,Tender document,2026-01-12T11:41:34Z
0.releases.1488.tender.documents.0,0.releases.1488,0,012026114134456-7b1e,tenderNotice,Tender document,2026-01-12T11:41:34Z
0.releases.1489.tender.documents.0,0.releases.1489,0,112025101940233-7fa8,tenderNotice,amended TENDER DOCUMENT ,2025-11-25T16:55:38Z
0.releases.1489.tender.documents.1,0.releases.1489,0,112025110711436-7fef,tenderNotice,AMENDED TENDER DOCUMENT,2025-11-25T16:55:38Z
0.releases.1489.tender.documents.2,0.releases.1489,0,112025144813201-7bd9,tenderNotice,TENDER DOCUMENT ,2025-11-25T16:55:38Z
0.releases.1489.tender.documents.3,0.releases.1489,0,112025144816439-7bd8,tenderNotice,Beneficial Ownership Disclosure Declaration form,2025-11-25T16:55:38Z
0.releases.1489.tender.documents.4,0.releases.1489,0,112025160844899-7ddb,tenderNotice,amended TENDER DOCUMENT 2,2025-11-25T16:55:38Z
0.releases.1489.tender.documents.5,0.releases.1489,0,112025164157027-7f2f,tenderNotice,amended TENDER DOCUMENT ,2025-11-25T16:55:38Z
0.releases.1490.tender.documents.0,0.releases.1490,0,102023164900815-6024,tenderNotice,Tender document,2023-10-25T09:35:56Z
0.releases.1491.tender.documents.0,0.releases.1491,0,092025160508372-7fd6,tenderNotice,TD,2025-10-26T09:46:32Z
0.releases.1491.tender.documents.1,0.releases.1491,0,092025160508419-7fd5,tenderNotice,DODF,2025-10-26T09:46:32Z
0.releases.1491.tender.documents.2,0.releases.1491,0,102025153118624-7ff1,tenderNotice,Amended Tender Document Version II,2025-10-26T09:46:32Z
0.releases.1491.tender.documents.3,0.releases.1491,0,102025190410611-7f9c,tenderNotice,Amended Tender Document,2025-10-26T09:46:32Z
0.releases.1491.tender.documents.4,0.releases.1491,0,102025190410619-7f9b,tenderNotice,Amendment Notice,2025-10-26T09:46:32Z
0.releases.1492.tender.documents.0,0.releases.1492,0,102023164900815-6024,tenderNotice,Tender document,2023-10-25T09:35:56Z
0.releases.1493.tender.documents.0,0.releases.1493,0,112023184447078-71d6,tenderNotice,TENDER DOCUMENT,2023-11-24T10:08:40Z
0.releases.1494.tender.documents.0,0.releases.1494,0,112025173356818-7f29,tenderNotice,TD,2025-12-05T10:43:15Z
0.releases.1495.tender.documents.0,0.releases.1495,0,112025175353651-704f,tenderNotice,Tender document,2025-11-28T23:09:41Z
0.releases.1495.tender.documents.1,0.releases.1495,0,112025225558894-7f97,tenderNotice,Tender document,2025-11-28T23:09:41Z
0.releases.1496.tender.documents.0,0.releases.1496,0,102025144909837-7fb0,tenderNotice,DAO,2025-10-30T10:12:10Z
0.releases.1496.tender.documents.1,0.releases.1496,0,102025144909851-7faf,tenderNotice,Beneficial ownership,2025-10-30T10:12:10Z
0.releases.1497.tender.documents.0,0.releases.1497,0,112025162047092-7ebf,tenderNotice,Tender Document,2025-12-18T14:25:16Z
0.releases.1497.tender.documents.1,0.releases.1497,0,092025150555872-6d93,tenderNotice,Tender Document,2025-09-12T15:05:55Z
0.releases.1498.tender.documents.0,0.releases.1498,0,082025152105196-7fcf,tenderNotice,BID DOCUMENT,2025-08-29T17:36:57Z
0.releases.1498.tender.documents.1,0.releases.1498,0,082025152105213-7fce,tenderNotice,Declaration of beneficial ownership letter (well filled and signed).,2025-08-29T17:36:57Z
0.releases.1499.tender.documents.0,0.releases.1499,0,012026120238100-7b1a,tenderNotice,"TENDER DOCUMENT OF SUPPLY,FABRICATION,DESIGN,PRINTING,INSTALLATION AND MAINTENANCE OF HOSPITAL SIGNAGES",2026-01-12T12:02:38Z
0.releases.1499.tender.documents.1,0.releases.1499,0,012026120238111-7b19,tenderNotice,Beneficial ownership disclosure form,2026-01-12T12:02:38Z
0.releases.1500.tender.documents.0,0.releases.1500,0,012026120238100-7b1a,tenderNotice,"TENDER DOCUMENT OF SUPPLY,FABRICATION,DESIGN,PRINTING,INSTALLATION AND MAINTENANCE OF HOSPITAL SIGNAGES",2026-01-12T12:02:38Z
0.releases.1500.tender.documents.1,0.releases.1500,0,012026120238111-7b19,tenderNotice,Beneficial ownership disclosure form,2026-01-12T12:02:38Z
0.releases.1501.tender.documents.0,0.releases.1501,0,012026120359154-4a60,tenderNotice,TENDER DOCUMENT,2026-01-12T18:28:07Z
0.releases.1503.tender.documents.0,0.releases.1503,0,112025154500037-7fdf,tenderNotice,Tender Document ,2025-11-25T10:16:42Z
0.releases.1504.tender.documents.0,0.releases.1504,0,012026121300434-7b18,tenderNotice,TENDER DOCUMENT,2026-01-12T12:13:00Z
0.releases.1505.tender.documents.0,0.releases.1505,0,012026121300434-7b18,tenderNotice,TENDER DOCUMENT,2026-01-12T12:13:00Z
0.releases.1506.tender.documents.0,0.releases.1506,0,052024172929789-7fc1,tenderNotice,TENDER DOCUMENT,2024-05-06T17:33:42Z
0.releases.1507.tender.documents.0,0.releases.1507,0,092025171639864-7c96,tenderNotice,Request for Proposal,2025-09-24T08:18:02Z
0.releases.1507.tender.documents.1,0.releases.1507,0,092025171639871-7c95,tenderNotice,Beneficial Ownership Disclosure Declaration form (Well filled and signed),2025-09-24T08:18:02Z
0.releases.1508.tender.documents.0,0.releases.1508,0,112025103947178-78e6,tenderNotice,Amended TD,2025-11-25T12:06:10Z
0.releases.1508.tender.documents.1,0.releases.1508,0,112025114726612-7d35,tenderNotice,Beneficial Owneship disclosure Form,2025-11-25T12:06:10Z
0.releases.1508.tender.documents.2,0.releases.1508,0,112025145159082-7fca,tenderNotice,TD,2025-11-25T12:06:10Z
0.releases.1509.tender.documents.0,0.releases.1509,0,012026123551710-7b17,tenderNotice,Tender document,2026-01-12T19:20:35Z
0.releases.1511.tender.documents.0,0.releases.1511,0,012026123641137-7b16,tenderNotice,Tender Document,2026-01-12T12:36:41Z
0.releases.1511.tender.documents.1,0.releases.1511,0,012026123641171-7b15,tenderNotice,BoQ,2026-01-12T12:36:41Z
0.releases.1511.tender.documents.2,0.releases.1511,0,012026123641178-7b14,tenderNotice,Stand Specifications,2026-01-12T12:36:41Z
0.releases.1512.tender.documents.0,0.releases.1512,0,012026123641137-7b16,tenderNotice,Tender Document,2026-01-12T12:36:41Z
0.releases.1512.tender.documents.1,0.releases.1512,0,012026123641171-7b15,tenderNotice,BoQ,2026-01-12T12:36:41Z
0.releases.1512.tender.documents.2,0.releases.1512,0,012026123641178-7b14,tenderNotice,Stand Specifications,2026-01-12T12:36:41Z
0.releases.1513.tender.documents.0,0.releases.1513,0,122025171117754-7e47,tenderNotice,RFP,2025-12-01T17:55:15Z
0.releases.1513.tender.documents.1,0.releases.1513,0,102025112247140-7fdb,tenderNotice,EoI,2025-10-05T11:52:11Z
0.releases.1514.tender.documents.0,0.releases.1514,0,122025171117754-7e47,tenderNotice,RFP,2025-12-01T17:55:15Z
0.releases.1514.tender.documents.1,0.releases.1514,0,102025112247140-7fdb,tenderNotice,EoI,2025-10-05T11:52:11Z
0.releases.1515.tender.documents.0,0.releases.1515,0,102022120546096-718b,tenderNotice,Tender document,2022-10-24T12:09:02Z
0.releases.1516.tender.documents.0,0.releases.1516,0,102022120546096-718b,tenderNotice,Tender document,2022-10-24T12:09:02Z
0.releases.1517.tender.documents.0,0.releases.1517,0,042025113347026-6c07,tenderNotice,TORs,2025-04-16T14:10:05Z
0.releases.1517.tender.documents.1,0.releases.1517,0,042025113347063-6c06,tenderNotice,Expression of Interest,2025-04-16T14:10:05Z
0.releases.1517.tender.documents.2,0.releases.1517,0,042025113347083-6c05,tenderNotice,Beneficial Ownership Form,2025-04-16T14:10:05Z
0.releases.1517.tender.documents.3,0.releases.1517,0,042025115715029-6bfe,tenderNotice,ESIA,2025-04-16T14:10:05Z
0.releases.1517.tender.documents.4,0.releases.1517,0,042025115715040-6bfd,tenderNotice,RAP,2025-04-16T14:10:05Z
0.releases.1517.tender.documents.5,0.releases.1517,0,052025092227802-7fd9,tenderNotice,RFP,2025-05-23T21:30:58Z
0.releases.1517.tender.documents.6,0.releases.1517,0,052025092227806-7fd8,tenderNotice,ANEX I,2025-05-23T21:30:58Z
0.releases.1517.tender.documents.7,0.releases.1517,0,052025092227810-7fd7,tenderNotice,ANEX II,2025-05-23T21:30:58Z
0.releases.1517.tender.documents.8,0.releases.1517,0,052025092227813-7fd6,tenderNotice,ToRs,2025-05-23T21:30:58Z
0.releases.1518.tender.documents.0,0.releases.1518,0,042025113347026-6c07,tenderNotice,TORs,2025-04-16T14:10:05Z
0.releases.1518.tender.documents.1,0.releases.1518,0,042025113347063-6c06,tenderNotice,Expression of Interest,2025-04-16T14:10:05Z
0.releases.1518.tender.documents.2,0.releases.1518,0,042025113347083-6c05,tenderNotice,Beneficial Ownership Form,2025-04-16T14:10:05Z
0.releases.1518.tender.documents.3,0.releases.1518,0,042025115715029-6bfe,tenderNotice,ESIA,2025-04-16T14:10:05Z
0.releases.1518.tender.documents.4,0.releases.1518,0,042025115715040-6bfd,tenderNotice,RAP,2025-04-16T14:10:05Z
0.releases.1518.tender.documents.5,0.releases.1518,0,052025092227802-7fd9,tenderNotice,RFP,2025-05-23T21:30:58Z
0.releases.1518.tender.documents.6,0.releases.1518,0,052025092227806-7fd8,tenderNotice,ANEX I,2025-05-23T21:30:58Z
0.releases.1518.tender.documents.7,0.releases.1518,0,052025092227810-7fd7,tenderNotice,ANEX II,2025-05-23T21:30:58Z
0.releases.1518.tender.documents.8,0.releases.1518,0,052025092227813-7fd6,tenderNotice,ToRs,2025-05-23T21:30:58Z
0.releases.1519.tender.documents.0,0.releases.1519,0,102024164746157-600f,tenderNotice,TENDER DOCUMENT,2024-10-30T19:28:16Z
0.releases.1522.tender.documents.0,0.releases.1522,0,012022193343536-7d14,tenderNotice,Tender Document,2022-01-07T09:13:40Z
0.releases.1523.tender.documents.0,0.releases.1523,0,012022205644368-7d13,tenderNotice,Tender Document,2022-01-07T09:13:24Z
0.releases.1524.tender.documents.0,0.releases.1524,0,012022205644368-7d13,tenderNotice,Tender Document,2022-01-07T09:13:24Z
0.releases.1525.tender.documents.0,0.releases.1525,0,012025144922541-7559,tenderNotice,DAO,2025-01-20T15:25:03Z
0.releases.1525.tender.documents.1,0.releases.1525,0,012025144922545-7558,tenderNotice,Declaration form,2025-01-20T15:25:03Z
0.releases.1526.tender.documents.0,0.releases.1526,0,092025145814531-7b29,tenderNotice,Tender document for Supply of Stationaries and Printing Consumables,2025-09-02T10:35:49Z
0.releases.1527.tender.documents.0,0.releases.1527,0,112025112256768-79b7,tenderNotice,Technical Specification,2025-11-05T09:03:19Z
0.releases.1527.tender.documents.1,0.releases.1527,0,112025112256775-79b6,tenderNotice,Tender document,2025-11-05T09:03:19Z
0.releases.1527.tender.documents.2,0.releases.1527,0,112025112256781-79b5,tenderNotice,Beneficial ownership disclosure declaration form,2025-11-05T09:03:19Z
0.releases.1528.tender.documents.0,0.releases.1528,0,102025131804430-7fdb,tenderNotice,Beneficial Ownership Disclosure Declaration Form,2025-10-14T09:26:25Z
0.releases.1528.tender.documents.1,0.releases.1528,0,102025142212654-7ff9,tenderNotice,Tender Document for the supply of Sports Equipment,2025-10-14T09:26:25Z
0.releases.1531.tender.documents.0,0.releases.1531,0,102025083907971-7ff9,tenderNotice,Amended Tender Document,2025-10-17T13:28:43Z
0.releases.1531.tender.documents.1,0.releases.1531,0,102025114618878-7fca,tenderNotice,Tender Documents,2025-10-17T13:28:43Z
0.releases.1531.tender.documents.2,0.releases.1531,0,102025114618885-7fc9,tenderNotice,Beneficial ownership disclosure form to be filled and submitted,2025-10-17T13:28:43Z
0.releases.1532.tender.documents.0,0.releases.1532,0,102025191402460-7fff,tenderNotice,Beneficial ownership disclosure form,2025-11-04T17:01:43Z
0.releases.1532.tender.documents.1,0.releases.1532,0,102025191402503-7ffe,tenderNotice,Tender document,2025-11-04T17:01:43Z
0.releases.1533.tender.documents.0,0.releases.1533,0,102025083907971-7ff9,tenderNotice,Amended Tender Document,2025-10-17T13:28:43Z
0.releases.1533.tender.documents.1,0.releases.1533,0,102025114618878-7fca,tenderNotice,Tender Documents,2025-10-17T13:28:43Z
0.releases.1533.tender.documents.2,0.releases.1533,0,102025114618885-7fc9,tenderNotice,Beneficial ownership disclosure form to be filled and submitted,2025-10-17T13:28:43Z
0.releases.1534.tender.documents.0,0.releases.1534,0,082025065302817-77d0,tenderNotice,TD,2025-08-28T11:12:31Z
0.releases.1534.tender.documents.1,0.releases.1534,0,082025150557916-7e54,tenderNotice,beneficial ownership,2025-08-28T11:12:31Z
0.releases.1534.tender.documents.2,0.releases.1534,0,082025150557943-7e53,tenderNotice,Tender doc,2025-08-28T11:12:31Z
0.releases.1535.tender.documents.0,0.releases.1535,0,082025065302817-77d0,tenderNotice,TD,2025-08-28T11:12:31Z
0.releases.1535.tender.documents.1,0.releases.1535,0,082025150557916-7e54,tenderNotice,beneficial ownership,2025-08-28T11:12:31Z
0.releases.1535.tender.documents.2,0.releases.1535,0,082025150557943-7e53,tenderNotice,Tender doc,2025-08-28T11:12:31Z
0.releases.1536.tender.documents.0,0.releases.1536,0,022025172234359-7ffb,tenderNotice,TENDER DOCUMENT,2025-02-08T17:49:35Z
0.releases.1536.tender.documents.1,0.releases.1536,0,022025172234395-7ffa,tenderNotice,BENEFICIAL OWNERSHIP DISCLOSURE DECLARATION FORM,2025-02-08T17:49:35Z
0.releases.1536.tender.documents.2,0.releases.1536,0,022025172234406-7ff9,tenderNotice,ARCHITECTURAL DRAWINGS ,2025-02-08T17:49:35Z
0.releases.1536.tender.documents.3,0.releases.1536,0,022025172234438-7ff8,tenderNotice,DETAILED REPORT ON TOPOGRAPHIC SURVEYS,2025-02-08T17:49:35Z
0.releases.1537.tender.documents.0,0.releases.1537,0,082024150059839-7ec0,tenderNotice,DAO,2024-09-06T10:20:53Z
0.releases.1537.tender.documents.1,0.releases.1537,0,092024085443757-681d,tenderNotice,DAO FINAL,2024-09-06T10:20:53Z
0.releases.1537.tender.documents.2,0.releases.1537,0,092024103709405-7e9e,tenderNotice,Dao ikosoye,2024-09-06T10:20:53Z
0.releases.1539.tender.documents.0,0.releases.1539,0,102024092848853-7f58,tenderNotice,TD,2024-10-22T16:41:50Z
0.releases.1540.tender.documents.0,0.releases.1540,0,102025152320771-7f53,tenderNotice,Re-advertised TD,2025-11-11T09:49:42Z
0.releases.1540.tender.documents.1,0.releases.1540,0,102025152320786-7f52,tenderNotice,Beneficial ownership form,2025-11-11T09:49:42Z
0.releases.1541.tender.documents.0,0.releases.1541,0,012026134123449-7b11,tenderNotice,TENDER DOCUMENT,2026-01-12T13:41:23Z
0.releases.1542.tender.documents.0,0.releases.1542,0,012026134123449-7b11,tenderNotice,TENDER DOCUMENT,2026-01-12T13:41:23Z
0.releases.1543.tender.documents.0,0.releases.1543,0,112025113413731-7c28,tenderNotice,Tender Document,2025-11-11T17:21:11Z
0.releases.1544.tender.documents.0,0.releases.1544,0,062025154611443-7fdc,tenderNotice,Tender document,2025-06-23T08:24:40Z
0.releases.1544.tender.documents.1,0.releases.1544,0,062025154721461-7fdb,tenderNotice,Beneficial ownership Disclosure form,2025-06-23T08:24:40Z
0.releases.1545.tender.documents.0,0.releases.1545,0,012026163145128-50fd,tenderNotice,DAO,2026-01-12T13:51:54Z
0.releases.1547.tender.documents.0,0.releases.1547,0,012026135842869-4a20,tenderNotice,Beneficial ownership declaration form,2026-01-12T21:15:58Z
0.releases.1547.tender.documents.1,0.releases.1547,0,012026140413649-4a1f,tenderNotice,Tender document,2026-01-12T21:15:58Z
0.releases.1549.tender.documents.0,0.releases.1549,0,102024144655157-7faf,tenderNotice,Bidding document,2024-10-22T14:40:57Z
0.releases.1550.tender.documents.0,0.releases.1550,0,112023104035955-7f5c,tenderNotice,TENDER DOCUMENTS,2023-11-22T13:47:19Z
0.releases.1551.tender.documents.0,0.releases.1551,0,112023142703244-7619,tenderNotice,TENDER DOCUMENT,2023-11-22T13:47:33Z
0.releases.1552.tender.documents.0,0.releases.1552,0,082024104415034-7e14,tenderNotice,Tender Document,2024-08-05T12:51:24Z
0.releases.1553.tender.documents.0,0.releases.1553,0,112025120604685-7fe3,tenderNotice,Beneficial ownership ,2025-11-19T19:14:34Z
0.releases.1553.tender.documents.1,0.releases.1553,0,112025120604689-7fe2,tenderNotice,EXCEL,2025-11-19T19:14:34Z
0.releases.1553.tender.documents.2,0.releases.1553,0,112025124259582-7fdc,tenderNotice,SBD,2025-11-19T19:14:34Z
0.releases.1555.tender.documents.0,0.releases.1555,0,112025101515116-7ff1,tenderNotice,Tender document ,2025-11-10T12:07:09Z
0.releases.1556.tender.documents.0,0.releases.1556,0,092025100323237-7fd3,tenderNotice,Beneficial ownership,2025-09-20T20:59:52Z
0.releases.1556.tender.documents.1,0.releases.1556,0,092025101726644-7fcb,tenderNotice,Tender document,2025-09-20T20:59:52Z
0.releases.1557.tender.documents.0,0.releases.1557,0,092025100323237-7fd3,tenderNotice,Beneficial ownership,2025-09-20T20:59:52Z
0.releases.1557.tender.documents.1,0.releases.1557,0,092025101726644-7fcb,tenderNotice,Tender document,2025-09-20T20:59:52Z
0.releases.1558.tender.documents.0,0.releases.1558,0,092025100323237-7fd3,tenderNotice,Beneficial ownership,2025-09-20T20:59:52Z
0.releases.1558.tender.documents.1,0.releases.1558,0,092025101726644-7fcb,tenderNotice,Tender document,2025-09-20T20:59:52Z
0.releases.1559.tender.documents.0,0.releases.1559,0,092025100323237-7fd3,tenderNotice,Beneficial ownership,2025-09-20T20:59:52Z
0.releases.1559.tender.documents.1,0.releases.1559,0,092025101726644-7fcb,tenderNotice,Tender document,2025-09-20T20:59:52Z
0.releases.1560.tender.documents.0,0.releases.1560,0,092025100323237-7fd3,tenderNotice,Beneficial ownership,2025-09-20T20:59:52Z
0.releases.1560.tender.documents.1,0.releases.1560,0,092025101726644-7fcb,tenderNotice,Tender document,2025-09-20T20:59:52Z
0.releases.1561.tender.documents.0,0.releases.1561,0,102025110824145-7fef,tenderNotice,Standard Bidding Document for Koha Software for NISR Library,2025-10-14T09:25:43Z
0.releases.1561.tender.documents.1,0.releases.1561,0,102025110824149-7fee,tenderNotice,Beneficial Ownership Disclosure Declaration Form,2025-10-14T09:25:43Z
0.releases.1562.tender.documents.0,0.releases.1562,0,122025182005748-7f1e,tenderNotice,Tender document,2025-12-17T10:39:52Z
0.releases.1563.tender.documents.0,0.releases.1563,0,112025123227476-7fdf,tenderNotice,NENEFICIAL OWNERSHIP DISCLOSURE DECLARATION FORM ,2025-11-19T12:38:22Z
0.releases.1563.tender.documents.1,0.releases.1563,0,112025123227482-7fde,tenderNotice,TENDER DOCUMENT,2025-11-19T12:38:22Z
0.releases.1564.tender.documents.0,0.releases.1564,0,122025113636277-7e83,tenderNotice,Tender Document (DAO),2025-12-24T21:22:23Z
0.releases.1564.tender.documents.1,0.releases.1564,0,122025113636809-7e82,tenderNotice,Beneficial Ownership Disclosure Declaration Form,2025-12-24T21:22:23Z
0.releases.1564.tender.documents.2,0.releases.1564,0,122025175036607-66b8,tenderNotice,AMENDED TENDER DOCUMENT (DAO),2025-12-24T21:22:23Z
0.releases.1565.tender.documents.0,0.releases.1565,0,112025112510171-7fe6,tenderNotice,TD,2025-11-11T14:43:31Z
0.releases.1566.tender.documents.0,0.releases.1566,0,112025103947178-78e6,tenderNotice,Amended TD,2025-11-25T12:06:10Z
0.releases.1566.tender.documents.1,0.releases.1566,0,112025114726612-7d35,tenderNotice,Beneficial Owneship disclosure Form,2025-11-25T12:06:10Z
0.releases.1566.tender.documents.2,0.releases.1566,0,112025145159082-7fca,tenderNotice,TD,2025-11-25T12:06:10Z
0.releases.1567.tender.documents.0,0.releases.1567,0,122025113636277-7e83,tenderNotice,Tender Document (DAO),2025-12-24T21:22:23Z
0.releases.1567.tender.documents.1,0.releases.1567,0,122025113636809-7e82,tenderNotice,Beneficial Ownership Disclosure Declaration Form,2025-12-24T21:22:23Z
0.releases.1567.tender.documents.2,0.releases.1567,0,122025175036607-66b8,tenderNotice,AMENDED TENDER DOCUMENT (DAO),2025-12-24T21:22:23Z
0.releases.1568.tender.documents.0,0.releases.1568,0,122025171828735-6d14,tenderNotice,DAO,2025-12-04T12:22:25Z
0.releases.1569.tender.documents.0,0.releases.1569,0,112023073415984-7f35,tenderNotice,TENDER DOCUMENT,2023-11-15T07:19:29Z
0.releases.1570.tender.documents.0,0.releases.1570,0,022023110255706-5b14,tenderNotice,EXPRESSION OF INTEREST,2023-02-23T21:31:07Z
0.releases.1570.tender.documents.1,0.releases.1570,0,062023093845252-5c35,tenderNotice,RFP,2023-10-05T09:50:10Z
0.releases.1571.tender.documents.0,0.releases.1571,0,022023110255706-5b14,tenderNotice,EXPRESSION OF INTEREST,2023-02-23T21:31:07Z
0.releases.1571.tender.documents.1,0.releases.1571,0,062023093845252-5c35,tenderNotice,RFP,2023-10-05T09:50:10Z
0.releases.1572.tender.documents.0,0.releases.1572,0,102025160225740-7fec,tenderNotice,Acquisition of Offices tables,2025-10-24T15:31:23Z
0.releases.1573.tender.documents.0,0.releases.1573,0,082025131335981-7dfe,tenderNotice,Beneficial ownership declaration,2025-09-16T14:19:34Z
0.releases.1573.tender.documents.1,0.releases.1573,0,082025133313753-7c62,tenderNotice,Guard house drawings,2025-09-16T14:19:34Z
0.releases.1573.tender.documents.2,0.releases.1573,0,082025140337434-7c5d,tenderNotice,Drawings drainage,2025-09-16T14:19:34Z
0.releases.1573.tender.documents.3,0.releases.1573,0,082025142331602-7c5a,tenderNotice,FRONT Face1,2025-09-16T14:19:34Z
0.releases.1573.tender.documents.4,0.releases.1573,0,082025142804426-7c59,tenderNotice,FRONT FACE 2,2025-09-16T14:19:34Z
0.releases.1573.tender.documents.5,0.releases.1573,0,082025143056243-7c58,tenderNotice,Perspective view,2025-09-16T14:19:34Z
0.releases.1573.tender.documents.6,0.releases.1573,0,082025143351713-7c57,tenderNotice,Tender Document,2025-09-16T14:19:34Z
0.releases.1573.tender.documents.7,0.releases.1573,0,082025223837927-7fd9,tenderNotice,Drawings,2025-09-16T14:19:34Z
0.releases.1573.tender.documents.8,0.releases.1573,0,092025134641802-7c60,tenderNotice,NOTE TO TENDER ADDENDUM 16-09-2025,2025-09-16T14:19:34Z
0.releases.1573.tender.documents.9,0.releases.1573,0,092025150400976-7fc3,tenderNotice,NOTE TO TENDER ADDENDUM,2025-09-16T14:19:34Z
0.releases.1574.tender.documents.0,0.releases.1574,0,122025110455833-7622,tenderNotice,TENDER DOCUMENT,2025-12-17T09:19:57Z
0.releases.1575.tender.documents.0,0.releases.1575,0,102025103216681-7ff8,tenderNotice,TENDER DOCUMENT FOR TYIRES,2025-10-16T16:01:40Z
0.releases.1575.tender.documents.1,0.releases.1575,0,102025103216706-7ff7,tenderNotice,Beneficial Ownership Disclosure Declarationform (3).xlsx,2025-10-16T16:01:40Z
0.releases.1576.tender.documents.0,0.releases.1576,0,102025102715489-7ff0,tenderNotice,Tender document corrected,2025-10-31T13:48:38Z
0.releases.1576.tender.documents.1,0.releases.1576,0,102025102946015-7fef,tenderNotice,ownership disclosure declaration ,2025-10-31T13:48:38Z
0.releases.1577.tender.documents.0,0.releases.1577,0,102025102715489-7ff0,tenderNotice,Tender document corrected,2025-10-31T13:48:38Z
0.releases.1577.tender.documents.1,0.releases.1577,0,102025102946015-7fef,tenderNotice,ownership disclosure declaration ,2025-10-31T13:48:38Z
0.releases.1578.tender.documents.0,0.releases.1578,0,092025155444011-796e,tenderNotice,TENDER DOCUMENT FOR public markes radio.doc,2025-09-29T15:08:24Z
0.releases.1578.tender.documents.1,0.releases.1578,0,092025155444016-796d,tenderNotice,Beneficial Ownership Disclosure Declarationform (3),2025-09-29T15:08:24Z
0.releases.1579.tender.documents.0,0.releases.1579,0,122025162800851-7f41,tenderNotice,Bidding document,2025-12-15T00:01:02Z
0.releases.1580.tender.documents.0,0.releases.1580,0,092025102103876-7fb4,tenderNotice,TD,2025-10-02T14:51:37Z
0.releases.1581.tender.documents.0,0.releases.1581,0,122025100112534-7e32,tenderNotice,Letter,2025-12-05T15:37:40Z
0.releases.1581.tender.documents.1,0.releases.1581,0,122025133330189-7d7d,tenderNotice,Letter amended,2025-12-05T15:37:40Z
0.releases.1582.tender.documents.0,0.releases.1582,0,102025121354453-7fff,tenderNotice,Tender document,2025-11-07T17:50:46Z
0.releases.1582.tender.documents.1,0.releases.1582,0,102025162139103-7fe5,tenderNotice,Beneficial  ownership disclosure form,2025-11-07T17:50:46Z
0.releases.1583.tender.documents.0,0.releases.1583,0,102025095631413-7ffc,tenderNotice,AMENDED TENDER DOCUMENT FOR PAM VERSION I,2025-10-31T12:48:28Z
0.releases.1583.tender.documents.1,0.releases.1583,0,102025095631420-7ffb,tenderNotice,AMENDMENT NOTICE ,2025-10-31T12:48:28Z
0.releases.1583.tender.documents.2,0.releases.1583,0,102025152738066-7fe7,tenderNotice,Tender Document ,2025-10-31T12:48:28Z
0.releases.1583.tender.documents.3,0.releases.1583,0,102025152738077-7fe6,tenderNotice,Beneficial Ownership Declaration Form,2025-10-31T12:48:28Z
0.releases.1584.tender.documents.0,0.releases.1584,0,012026151748919-7b08,tenderNotice,TENDER DOCUMENT,2026-01-12T15:17:48Z
0.releases.1584.tender.documents.1,0.releases.1584,0,012026151748925-7b07,tenderNotice,Beneficial ownership disclosure,2026-01-12T15:17:48Z
0.releases.1585.tender.documents.0,0.releases.1585,0,012026151748919-7b08,tenderNotice,TENDER DOCUMENT,2026-01-12T15:17:48Z
0.releases.1585.tender.documents.1,0.releases.1585,0,012026151748925-7b07,tenderNotice,Beneficial ownership disclosure,2026-01-12T15:17:48Z
0.releases.1586.tender.documents.0,0.releases.1586,0,102024083640802-7ff9,tenderNotice,NEW TENDER DOCUMENT ,2024-10-10T20:40:09Z
0.releases.1586.tender.documents.1,0.releases.1586,0,102024092154853-7c67,tenderNotice,TENDER DOCUMENT ,2024-10-10T20:40:09Z
0.releases.1589.tender.documents.0,0.releases.1589,0,012025091006149-7d4f,tenderNotice,Request for Expressions of Interest ,2025-03-02T15:01:38Z
0.releases.1589.tender.documents.1,0.releases.1589,0,012025091006177-7d4e,tenderNotice,Terms of reference,2025-03-02T15:01:38Z
0.releases.1589.tender.documents.2,0.releases.1589,0,022025122847706-7eb2,tenderNotice,Amended-Terms of reference,2025-03-02T15:01:38Z
0.releases.1589.tender.documents.3,0.releases.1589,0,072025140157437-7d14,tenderNotice,REQUEST FOR PROPOSAL,2025-09-10T09:18:39Z
0.releases.1590.tender.documents.0,0.releases.1590,0,012025090328491-7d51,tenderNotice,Request for Expressions of Interest ,2025-03-02T15:00:52Z
0.releases.1590.tender.documents.1,0.releases.1590,0,012025090328500-7d50,tenderNotice,Terms of reference,2025-03-02T15:00:52Z
0.releases.1590.tender.documents.2,0.releases.1590,0,022025122721922-7eb3,tenderNotice,Amended-Terms of reference,2025-03-02T15:00:52Z
0.releases.1590.tender.documents.3,0.releases.1590,0,072025135002817-7d15,tenderNotice,REQUEST FOR PROPOSAL,2025-09-10T09:17:11Z
0.releases.1590.tender.documents.4,0.releases.1590,0,072025163029031-7ff1,tenderNotice,RFP,2025-09-10T09:17:11Z
0.releases.1591.tender.documents.0,0.releases.1591,0,012025091425719-7d4d,tenderNotice,Request for Expressions of Interest ,2025-03-02T15:04:49Z
0.releases.1591.tender.documents.1,0.releases.1591,0,012025091425731-7d4c,tenderNotice,Terms of reference,2025-03-02T15:04:49Z
0.releases.1591.tender.documents.2,0.releases.1591,0,022025122954796-7eb1,tenderNotice,Amended-Terms of reference ,2025-03-02T15:04:49Z
0.releases.1591.tender.documents.3,0.releases.1591,0,072025143237328-7d10,tenderNotice,REQUEST FOR PROPOSAL,2025-09-10T09:18:21Z
0.releases.1592.tender.documents.0,0.releases.1592,0,012025085733449-7d53,tenderNotice,Request for Expressions of Interest ,2025-03-02T15:03:39Z
0.releases.1592.tender.documents.1,0.releases.1592,0,012025085733460-7d52,tenderNotice,Terms of reference,2025-03-02T15:03:39Z
0.releases.1592.tender.documents.2,0.releases.1592,0,022025122550915-7eb4,tenderNotice,Amended-Terms of Reference,2025-03-02T15:03:39Z
0.releases.1592.tender.documents.3,0.releases.1592,0,072025134058770-7d16,tenderNotice,REQUEST FOR PROPOSAL,2025-09-10T09:17:46Z
0.releases.1592.tender.documents.4,0.releases.1592,0,072025162058721-7ff2,tenderNotice,RFP,2025-09-10T09:17:46Z
0.releases.1593.tender.documents.0,0.releases.1593,0,082025065302817-77d0,tenderNotice,TD,2025-08-28T11:12:31Z
0.releases.1593.tender.documents.1,0.releases.1593,0,082025150557916-7e54,tenderNotice,beneficial ownership,2025-08-28T11:12:31Z
0.releases.1593.tender.documents.2,0.releases.1593,0,082025150557943-7e53,tenderNotice,Tender doc,2025-08-28T11:12:31Z
0.releases.1594.tender.documents.0,0.releases.1594,0,092025131730509-7fe5,tenderNotice,Beneficial Ownership Declaration,2025-10-13T14:44:46Z
0.releases.1595.tender.documents.0,0.releases.1595,0,082025065302817-77d0,tenderNotice,TD,2025-08-28T11:12:31Z
0.releases.1595.tender.documents.1,0.releases.1595,0,082025150557916-7e54,tenderNotice,beneficial ownership,2025-08-28T11:12:31Z
0.releases.1595.tender.documents.2,0.releases.1595,0,082025150557943-7e53,tenderNotice,Tender doc,2025-08-28T11:12:31Z
0.releases.1596.tender.documents.0,0.releases.1596,0,092025131730509-7fe5,tenderNotice,Beneficial Ownership Declaration,2025-10-13T14:44:46Z
0.releases.1597.tender.documents.0,0.releases.1597,0,072024173604598-7f50,tenderNotice,Tender document,2024-08-17T18:26:24Z
0.releases.1597.tender.documents.1,0.releases.1597,0,082024134408811-7cfe,tenderNotice,Amended Tender document,2024-08-17T18:26:24Z
0.releases.1598.tender.documents.0,0.releases.1598,0,112023143712426-7de2,tenderNotice,Tender document ,2023-11-29T16:36:27Z
0.releases.1601.tender.documents.0,0.releases.1601,0,092025135736251-7ff1,tenderNotice,BODDF,2025-10-14T10:27:30Z
0.releases.1601.tender.documents.1,0.releases.1601,0,092025141000992-7ff0,tenderNotice,TD,2025-10-14T10:27:30Z
0.releases.1601.tender.documents.2,0.releases.1601,0,092025152251924-7c03,tenderNotice,AMENDED TD,2025-10-14T10:27:30Z
0.releases.1601.tender.documents.3,0.releases.1601,0,102025102619172-7ff3,tenderNotice,FINAL TENDER DOCUMENT TO BE USED ,2025-10-14T10:27:30Z
0.releases.1601.tender.documents.4,0.releases.1601,0,102025150018740-7e5a,tenderNotice,CONSIDER THIS AS FINAL,2025-10-14T10:27:30Z
0.releases.1601.tender.documents.5,0.releases.1601,0,102025214945765-7fd6,tenderNotice,LATTEST AND UPDATED TD AS PER 13  10  2025,2025-10-14T10:27:30Z
0.releases.1602.tender.documents.0,0.releases.1602,0,112025102951567-7e49,tenderNotice,Tender document,2025-11-24T12:33:28Z
0.releases.1602.tender.documents.1,0.releases.1602,0,112025120314592-7dcf,tenderNotice,Beneficial ownership declaration form,2025-11-24T12:33:28Z
0.releases.1603.tender.documents.0,0.releases.1603,0,102025115651176-7e95,tenderNotice,TD,2025-10-14T11:54:52Z
0.releases.1603.tender.documents.1,0.releases.1603,0,102025115651189-7e94,tenderNotice,Beneficial ownership declaration form,2025-10-14T11:54:52Z
0.releases.1604.tender.documents.0,0.releases.1604,0,102025152741361-7fe2,tenderNotice,Tender document,2025-10-06T13:28:37Z
0.releases.1604.tender.documents.1,0.releases.1604,0,102025152741365-7fe1,tenderNotice,ToR,2025-10-06T13:28:37Z
0.releases.1605.tender.documents.0,0.releases.1605,0,012025103528686-7e30,tenderNotice,TECHNICAL SPECIFICATIONS,2025-01-10T10:51:52Z
0.releases.1606.tender.documents.0,0.releases.1606,0,012025103528686-7e30,tenderNotice,TECHNICAL SPECIFICATIONS,2025-01-10T10:51:52Z
0.releases.1607.tender.documents.0,0.releases.1607,0,122025184444318-7d1e,tenderNotice,Request for quotation for supply of hand held metal detectors,2025-12-31T07:59:57Z
0.releases.1608.tender.documents.0,0.releases.1608,0,122025155345306-7ab6,tenderNotice,TD,2025-12-13T11:48:39Z
0.releases.1609.tender.documents.0,0.releases.1609,0,092025161038850-7fd4,tenderNotice,Tender Document,2025-09-30T16:30:13Z
0.releases.1609.tender.documents.1,0.releases.1609,0,092025161103535-7fd3,tenderNotice,Beneficial Ownership Disclosure Declaration,2025-09-30T16:30:13Z
0.releases.1610.tender.documents.0,0.releases.1610,0,122025214351301-7f1b,tenderNotice,Tender Document,2025-12-16T21:48:49Z
0.releases.1611.tender.documents.0,0.releases.1611,0,122024132537609-7eef,tenderNotice,TD,2024-12-05T15:13:34Z
0.releases.1611.tender.documents.1,0.releases.1611,0,122024184150665-7f7d,tenderNotice,Beneficial ownership form,2024-12-05T15:13:34Z
0.releases.1612.tender.documents.0,0.releases.1612,0,122024132537609-7eef,tenderNotice,TD,2024-12-05T15:13:34Z
0.releases.1612.tender.documents.1,0.releases.1612,0,122024184150665-7f7d,tenderNotice,Beneficial ownership form,2024-12-05T15:13:34Z
0.releases.1613.tender.documents.0,0.releases.1613,0,092025135612771-7fda,tenderNotice,RFP,2025-09-26T14:25:41Z
0.releases.1613.tender.documents.1,0.releases.1613,0,092025135612776-7fd9,tenderNotice,IFAD SELF CERTIFICATION FORM,2025-09-26T14:25:41Z
0.releases.1613.tender.documents.2,0.releases.1613,0,092025135612779-7fd8,tenderNotice,BENEFICIAL OWNERSHIP FORM,2025-09-26T14:25:41Z
0.releases.1614.tender.documents.0,0.releases.1614,0,122025171828735-6d14,tenderNotice,DAO,2025-12-04T12:22:25Z
0.releases.1615.tender.documents.0,0.releases.1615,0,092023135955578-7b0f,tenderNotice,DAO,2023-09-15T17:25:01Z
0.releases.1616.tender.documents.0,0.releases.1616,0,112025085709550-7ffb,tenderNotice,DAO FOR Insurance of Buildings and Equipment's Hospital,2025-11-13T20:13:07Z
0.releases.1617.tender.documents.0,0.releases.1617,0,122025123950714-7d80,tenderNotice,DAO,2025-12-04T17:02:57Z
0.releases.1618.tender.documents.0,0.releases.1618,0,122025170540283-69f0,tenderNotice,TENDER DOCUMENT,2026-01-05T12:09:59Z
0.releases.1618.tender.documents.1,0.releases.1618,0,122025170540291-69ef,tenderNotice,DRAWINGS ,2026-01-05T12:10:00Z
0.releases.1619.tender.documents.0,0.releases.1619,0,122025120026108-6961,tenderNotice,DAO,2025-12-04T17:02:27Z
0.releases.1620.tender.documents.0,0.releases.1620,0,102025084426961-7fff,tenderNotice,TENDER DOCUMENT,2025-11-03T18:14:10Z
0.releases.1620.tender.documents.1,0.releases.1620,0,102025084932660-7ffe,tenderNotice,REVISED TENDER DOCUMENT,2025-11-03T18:14:10Z
0.releases.1620.tender.documents.2,0.releases.1620,0,102025191116917-7fca,tenderNotice,BENEFITIAL OWNERSHIP DISCLOSURE FORM ,2025-11-03T18:14:10Z
0.releases.1620.tender.documents.3,0.releases.1620,0,112025180738435-7fa9,tenderNotice,SECOND REVISED TENDER DOCUMENT,2025-11-03T18:14:10Z
0.releases.1621.tender.documents.0,0.releases.1621,0,092024115358618-7ae6,tenderNotice,Tender document,2024-09-23T14:36:55Z
0.releases.1622.tender.documents.0,0.releases.1622,0,112025103237747-7e25,tenderNotice,Tender Document,2025-11-21T10:34:50Z
0.releases.1623.tender.documents.0,0.releases.1623,0,082025101228104-7912,tenderNotice,Tender document ,2025-09-18T16:21:14Z
0.releases.1623.tender.documents.1,0.releases.1623,0,092025163726231-7fed,tenderNotice,Amended Tender Document,2025-09-18T16:21:14Z
0.releases.1624.tender.documents.0,0.releases.1624,0,102025123959243-7c13,tenderNotice,DAO,2025-11-22T15:28:52Z
0.releases.1624.tender.documents.1,0.releases.1624,0,102025123959250-7c12,tenderNotice,DECLARATION OF BENEFICIAL OWNERSHIP OF THE C0MPANY,2025-11-22T15:28:52Z
0.releases.1624.tender.documents.2,0.releases.1624,0,112025100548892-7ff2,tenderNotice,DAO amendment,2025-11-22T15:28:52Z
0.releases.1625.tender.documents.0,0.releases.1625,0,042023164000396-745e,tenderNotice,TD,2023-05-20T10:19:13Z
0.releases.1625.tender.documents.1,0.releases.1625,0,052023155308612-7f9f,tenderNotice,TD,2023-05-20T10:19:13Z
0.releases.1626.tender.documents.0,0.releases.1626,0,052024175256357-568a,tenderNotice,TENDER DOCUMENT,2024-05-30T13:08:50Z
0.releases.1626.tender.documents.1,0.releases.1626,0,052024175256381-5689,tenderNotice,Drawings,2024-05-30T13:08:50Z
0.releases.1626.tender.documents.2,0.releases.1626,0,052024175256419-5688,tenderNotice,Beneficial Ownership Disclosure Form,2024-05-30T13:08:50Z
0.releases.1627.tender.documents.0,0.releases.1627,0,012026164619219-7aff,tenderNotice,Tender document,2026-01-12T21:15:03Z
0.releases.1627.tender.documents.1,0.releases.1627,0,012026164619222-7afe,tenderNotice,Beneficial Ownership declaration form,2026-01-12T21:15:03Z
0.releases.1629.tender.documents.0,0.releases.1629,0,112024091509417-6749,tenderNotice,DAO,2024-11-11T12:01:38Z
0.releases.1629.tender.documents.1,0.releases.1629,0,112024141702001-7ee4,tenderNotice,Beneficial ownership disclosure declaration form,2024-11-11T12:01:38Z
0.releases.1630.tender.documents.0,0.releases.1630,0,062025154611443-7fdc,tenderNotice,Tender document,2025-06-23T08:24:40Z
0.releases.1630.tender.documents.1,0.releases.1630,0,062025154721461-7fdb,tenderNotice,Beneficial ownership Disclosure form,2025-06-23T08:24:40Z
0.releases.1631.tender.documents.0,0.releases.1631,0,102025111431920-7ffa,tenderNotice,TERMS OF REFERENCE,2025-10-08T12:57:56Z
0.releases.1632.tender.documents.0,0.releases.1632,0,102025114805373-7fec,tenderNotice,CLEANING TENDER DOCUMENT,2025-10-31T13:39:13Z
0.releases.1632.tender.documents.1,0.releases.1632,0,102025114805629-7feb,tenderNotice,Beneficiary Ownership Disclosure Declaration form,2025-10-31T13:39:13Z
0.releases.1633.tender.documents.0,0.releases.1633,0,122025150649610-7fc8,tenderNotice,Tender document,2025-12-05T18:51:47Z
0.releases.1633.tender.documents.1,0.releases.1633,0,122025150649620-7fc7,tenderNotice,Beneficial Ownership Disclosure form,2025-12-05T18:51:47Z
0.releases.1634.tender.documents.0,0.releases.1634,0,082024115955031-7f31,tenderNotice,Beneficial Ownership Disclosure form,2024-08-26T17:37:12Z
0.releases.1634.tender.documents.1,0.releases.1634,0,082024172802979-7f09,tenderNotice,TBD,2024-08-26T17:37:12Z
0.releases.1635.tender.documents.0,0.releases.1635,0,082024154035085-7f11,tenderNotice,Tender document,2024-08-16T18:16:35Z
0.releases.1635.tender.documents.1,0.releases.1635,0,082024154035089-7f10,tenderNotice,Beneficial ownership form,2024-08-16T18:16:35Z
0.releases.1636.tender.documents.0,0.releases.1636,0,092023135955578-7b0f,tenderNotice,DAO,2023-09-15T17:25:01Z
0.releases.1637.tender.documents.0,0.releases.1637,0,112024085718412-7ff9,tenderNotice,Tender Document,2024-12-02T19:49:27Z
0.releases.1638.tender.documents.0,0.releases.1638,0,102025135043386-7feb,tenderNotice,Tender Document,2025-11-17T11:44:20Z
0.releases.1638.tender.documents.1,0.releases.1638,0,102025160644218-7fea,tenderNotice,Beneficial Ownership disclosure form,2025-11-17T11:44:20Z
0.releases.1639.tender.documents.0,0.releases.1639,0,092025105815722-7d21,tenderNotice,Notice of Amendment,2025-10-09T19:14:05Z
0.releases.1639.tender.documents.1,0.releases.1639,0,092025142213838-7fd7,tenderNotice,NOTICE OF AMENDEMENT,2025-10-09T19:14:05Z
0.releases.1639.tender.documents.2,0.releases.1639,0,092025172344439-7ffe,tenderNotice,NOTICE OF AMENDEMENT,2025-10-09T19:14:05Z
0.releases.1639.tender.documents.3,0.releases.1639,0,092025173420669-7d83,tenderNotice,Amended TD,2025-10-09T19:14:05Z
0.releases.1639.tender.documents.4,0.releases.1639,0,092025173420685-7d82,tenderNotice,Notice of Amendemnt,2025-10-09T19:14:05Z
0.releases.1639.tender.documents.5,0.releases.1639,0,092025180700568-7807,tenderNotice,TD,2025-10-09T19:14:05Z
0.releases.1639.tender.documents.6,0.releases.1639,0,092025180700591-7806,tenderNotice,Beneficial Ownership Disclosure Declarationform,2025-10-09T19:14:05Z
0.releases.1639.tender.documents.7,0.releases.1639,0,102025164204788-7fab,tenderNotice,Notice of Amendment,2025-10-09T19:14:05Z
0.releases.1639.tender.documents.8,0.releases.1639,0,102025171501290-7ace,tenderNotice,Notice of Amendment,2025-10-09T19:14:05Z
0.releases.1639.tender.documents.9,0.releases.1639,0,102025172802421-7fd4,tenderNotice,Notice of Amendment,2025-10-09T19:14:05Z
0.releases.1639.tender.documents.10,0.releases.1639,0,102025175215849-7fb4,tenderNotice,Notice of Amendment,2025-10-09T19:14:05Z
0.releases.1640.tender.documents.0,0.releases.1640,0,112024150154480-59b2,tenderNotice,Tender Document ,2024-11-01T15:22:12Z
0.releases.1641.tender.documents.0,0.releases.1641,0,112023111306295-7426,tenderNotice,Tender Document,2023-11-08T14:26:54Z
0.releases.1641.tender.documents.1,0.releases.1641,0,112023111306305-7425,tenderNotice,RPPA Authorization,2023-11-08T14:26:54Z
0.releases.1641.tender.documents.2,0.releases.1641,0,112023111306314-7424,tenderNotice,Accurate price schedule,2023-11-08T14:26:54Z
0.releases.1642.tender.documents.0,0.releases.1642,0,012026171125849-4a0d,tenderNotice,Tender Document,2026-01-12T17:11:25Z
0.releases.1642.tender.documents.1,0.releases.1642,0,012026171125853-4a0c,tenderNotice,Beneficial ownership disclosure form,2026-01-12T17:11:25Z
0.releases.1643.tender.documents.0,0.releases.1643,0,012026171125849-4a0d,tenderNotice,Tender Document,2026-01-12T17:11:25Z
0.releases.1643.tender.documents.1,0.releases.1643,0,012026171125853-4a0c,tenderNotice,Beneficial ownership disclosure form,2026-01-12T17:11:25Z
0.releases.1644.tender.documents.0,0.releases.1644,0,122025185259856-71e7,tenderNotice,Tender Document,2025-12-19T15:45:44Z
0.releases.1645.tender.documents.0,0.releases.1645,0,122025193124124-71cf,tenderNotice,Tender Document,2025-12-17T20:35:13Z
0.releases.1645.tender.documents.1,0.releases.1645,0,122025195826644-7edb,tenderNotice,Tender Document (Ammendment) ,2025-12-17T20:35:13Z
0.releases.1646.tender.documents.0,0.releases.1646,0,112025153418986-7fd4,tenderNotice,DAO,2025-11-04T10:43:23Z
0.releases.1647.tender.documents.0,0.releases.1647,0,022024192135691-7fff,tenderNotice,RFP,2024-02-15T08:59:56Z
0.releases.1647.tender.documents.1,0.releases.1647,0,122023173900737-7d25,tenderNotice,EoI,2023-12-21T11:20:55Z
0.releases.1648.tender.documents.0,0.releases.1648,0,022024192135691-7fff,tenderNotice,RFP,2024-02-15T08:59:56Z
0.releases.1648.tender.documents.1,0.releases.1648,0,122023173900737-7d25,tenderNotice,EoI,2023-12-21T11:20:55Z
0.releases.1649.tender.documents.0,0.releases.1649,0,122025185259856-71e7,tenderNotice,Tender Document,2025-12-19T15:45:44Z
0.releases.1650.tender.documents.0,0.releases.1650,0,112025125153730-7ffa,tenderNotice,TD,2025-11-11T15:00:45Z
0.releases.1652.tender.documents.0,0.releases.1652,0,052023092456228-7b1f,tenderNotice,Tender Document,2023-07-14T08:56:16Z
0.releases.1652.tender.documents.1,0.releases.1652,0,062023092929265-4901,tenderNotice,Amended tender document,2023-07-14T08:56:16Z
0.releases.1653.tender.documents.0,0.releases.1653,0,012026194137179-4c1c,tenderNotice,Tender Document,2026-01-11T19:41:37Z
0.releases.1653.tender.documents.1,0.releases.1653,0,012026194137200-4c1b,tenderNotice,Beneficial ownership disclosure declaration form ,2026-01-11T19:41:37Z
0.releases.1654.tender.documents.0,0.releases.1654,0,122025193124124-71cf,tenderNotice,Tender Document,2025-12-17T20:35:13Z
0.releases.1654.tender.documents.1,0.releases.1654,0,122025195826644-7edb,tenderNotice,Tender Document (Ammendment) ,2025-12-17T20:35:13Z
0.releases.1655.tender.documents.0,0.releases.1655,0,082022103744515-7f08,tenderNotice,dao cleanning services,2022-08-04T13:44:35Z
0.releases.1656.tender.documents.0,0.releases.1656,0,062022221055318-7fef,tenderNotice,TENDER DOCUMENT,2022-08-11T16:03:00Z
0.releases.1656.tender.documents.1,0.releases.1656,0,082022095057000-7fe5,tenderNotice,LATEST AMENDMENT,2022-08-11T16:03:00Z
0.releases.1656.tender.documents.2,0.releases.1656,0,082022202808529-7ff5,tenderNotice,AMENDED TENDER DOCUMENT,2022-08-11T16:03:00Z
0.releases.1657.tender.documents.0,0.releases.1657,0,122024151108418-735b,tenderNotice,TENDER DOCUMENT,2024-12-17T17:32:44Z
0.releases.1658.tender.documents.0,0.releases.1658,0,012025144922541-7559,tenderNotice,DAO,2025-01-20T15:25:03Z
0.releases.1658.tender.documents.1,0.releases.1658,0,012025144922545-7558,tenderNotice,Declaration form,2025-01-20T15:25:03Z
0.releases.1659.tender.documents.0,0.releases.1659,0,102025174942816-7fcd,tenderNotice,SECOND REVISED TENDER DOCUMENT,2025-10-29T18:14:02Z
0.releases.1659.tender.documents.1,0.releases.1659,0,102025180642326-7f3b,tenderNotice,TENDER DOCUMENT ,2025-10-29T18:14:02Z
0.releases.1659.tender.documents.2,0.releases.1659,0,102025180642335-7f3a,tenderNotice,BENEFICIAL OWNERSHIP DISCLOSURE FORM,2025-10-29T18:14:02Z
0.releases.1659.tender.documents.3,0.releases.1659,0,102025192733517-7ffe,tenderNotice,FIRST REVISED TENDER DOCUMENT ,2025-10-29T18:14:02Z
0.releases.1660.tender.documents.0,0.releases.1660,0,102025174942816-7fcd,tenderNotice,SECOND REVISED TENDER DOCUMENT,2025-10-29T18:14:02Z
0.releases.1660.tender.documents.1,0.releases.1660,0,102025180642326-7f3b,tenderNotice,TENDER DOCUMENT ,2025-10-29T18:14:02Z
0.releases.1660.tender.documents.2,0.releases.1660,0,102025180642335-7f3a,tenderNotice,BENEFICIAL OWNERSHIP DISCLOSURE FORM,2025-10-29T18:14:02Z
0.releases.1660.tender.documents.3,0.releases.1660,0,102025192733517-7ffe,tenderNotice,FIRST REVISED TENDER DOCUMENT ,2025-10-29T18:14:02Z
0.releases.1661.tender.documents.0,0.releases.1661,0,092025104013631-7d26,tenderNotice,RFP,2025-10-03T20:27:27Z
0.releases.1661.tender.documents.1,0.releases.1661,0,092025104013638-7d25,tenderNotice,Beneficial ownership disclosure declaration form,2025-10-03T20:27:27Z
0.releases.1661.tender.documents.2,0.releases.1661,0,102025164747316-7fd5,tenderNotice,Amended RFP,2025-10-03T20:27:27Z
0.releases.1661.tender.documents.3,0.releases.1661,0,102025164747321-7fd4,tenderNotice,AMENDED NOTICE,2025-10-03T20:27:27Z
0.releases.1662.tender.documents.0,0.releases.1662,0,012026175746192-7afa,tenderNotice,TD,2026-01-12T17:57:46Z
0.releases.1662.tender.documents.1,0.releases.1662,0,012026175746199-7af9,tenderNotice,BENEFICIAL OWNERSHIP DISCLOSURE DECLARATIONM FOARM,2026-01-12T17:57:46Z
0.releases.1663.tender.documents.0,0.releases.1663,0,012026175746192-7afa,tenderNotice,TD,2026-01-12T17:57:46Z
0.releases.1663.tender.documents.1,0.releases.1663,0,012026175746199-7af9,tenderNotice,BENEFICIAL OWNERSHIP DISCLOSURE DECLARATIONM FOARM,2026-01-12T17:57:46Z
0.releases.1664.tender.documents.0,0.releases.1664,0,012026175746192-7afa,tenderNotice,TD,2026-01-12T17:57:46Z
0.releases.1664.tender.documents.1,0.releases.1664,0,012026175746199-7af9,tenderNotice,BENEFICIAL OWNERSHIP DISCLOSURE DECLARATIONM FOARM,2026-01-12T17:57:46Z
0.releases.1665.tender.documents.0,0.releases.1665,0,112023164602198-7f47,tenderNotice,Re-advertised tender document for civil registration ,2024-01-29T17:36:01Z
0.releases.1666.tender.documents.0,0.releases.1666,0,112025095531263-7ff4,tenderNotice,RFP for Mwezi health center phase(2),2025-11-21T23:55:24Z
0.releases.1666.tender.documents.1,0.releases.1666,0,112025095531271-7ff3,tenderNotice,Beneficial ownership disclosure declaration form,2025-11-21T23:55:24Z
0.releases.1667.tender.documents.0,0.releases.1667,0,112023160239676-71ee,tenderNotice,TD,2023-11-27T08:24:14Z
0.releases.1668.tender.documents.0,0.releases.1668,0,082024115640911-7e5e,tenderNotice,Tender Document ,2024-08-21T12:53:08Z
0.releases.1669.tender.documents.0,0.releases.1669,0,082024115640911-7e5e,tenderNotice,Tender Document ,2024-08-21T12:53:08Z
0.releases.1670.tender.documents.0,0.releases.1670,0,112024085326848-7f9f,tenderNotice,Amended tender document,2024-11-15T13:06:55Z
0.releases.1670.tender.documents.1,0.releases.1670,0,112024144523742-629d,tenderNotice,Tender document,2024-11-15T13:06:55Z
0.releases.1670.tender.documents.2,0.releases.1670,0,112024144523756-629c,tenderNotice,LIst OF NCST ASSET,2024-11-15T13:06:55Z
0.releases.1670.tender.documents.3,0.releases.1670,0,112024144523773-629b,tenderNotice,Beneficial ownership form,2024-11-15T13:06:55Z
0.releases.1671.tender.documents.0,0.releases.1671,0,092025172619709-7e9a,tenderNotice,TENDER DOCUMENT,2025-09-17T10:03:27Z
0.releases.1671.tender.documents.1,0.releases.1671,0,092025172619725-7e99,tenderNotice,BENEFICIAL DISCLOSURE OWNESHIP FORM,2025-09-17T10:03:27Z
0.releases.1675.tender.documents.0,0.releases.1675,0,102024123332166-77de,tenderNotice,TD,2024-10-09T15:22:38Z
0.releases.1678.tender.documents.0,0.releases.1678,0,012026120359154-4a60,tenderNotice,TENDER DOCUMENT,2026-01-12T18:28:07Z
0.releases.1679.tender.documents.0,0.releases.1679,0,102025174942816-7fcd,tenderNotice,SECOND REVISED TENDER DOCUMENT,2025-10-29T18:14:02Z
0.releases.1679.tender.documents.1,0.releases.1679,0,102025180642326-7f3b,tenderNotice,TENDER DOCUMENT ,2025-10-29T18:14:02Z
0.releases.1679.tender.documents.2,0.releases.1679,0,102025180642335-7f3a,tenderNotice,BENEFICIAL OWNERSHIP DISCLOSURE FORM,2025-10-29T18:14:02Z
0.releases.1679.tender.documents.3,0.releases.1679,0,102025192733517-7ffe,tenderNotice,FIRST REVISED TENDER DOCUMENT ,2025-10-29T18:14:02Z
0.releases.1680.tender.documents.0,0.releases.1680,0,062023103125171-7e54,tenderNotice,RFP,2023-06-16T14:03:17Z
0.releases.1681.tender.documents.0,0.releases.1681,0,062023103125171-7e54,tenderNotice,RFP,2023-06-16T14:03:17Z
0.releases.1682.tender.documents.0,0.releases.1682,0,122023113110262-7c72,tenderNotice,RFP for Framework contract for design and supervision of urgent government construction projects,2023-12-26T22:30:53Z
0.releases.1682.tender.documents.1,0.releases.1682,0,122023113110273-7c71,tenderNotice,RPPA Guidance,2023-12-26T22:30:53Z
0.releases.1683.tender.documents.0,0.releases.1683,0,082025125022736-7e7e,tenderNotice,RFP,2025-09-08T17:33:34Z
0.releases.1683.tender.documents.1,0.releases.1683,0,082025125022746-7e7d,tenderNotice,ToRs,2025-09-08T17:33:34Z
0.releases.1685.tender.documents.0,0.releases.1685,0,072024173604598-7f50,tenderNotice,Tender document,2024-08-17T18:26:24Z
0.releases.1685.tender.documents.1,0.releases.1685,0,082024134408811-7cfe,tenderNotice,Amended Tender document,2024-08-17T18:26:24Z
0.releases.1686.tender.documents.0,0.releases.1686,0,012026123551710-7b17,tenderNotice,Tender document,2026-01-12T19:20:35Z
0.releases.1687.tender.documents.0,0.releases.1687,0,082024103218079-7f87,tenderNotice,DAO,2024-08-27T11:39:25Z
0.releases.1687.tender.documents.1,0.releases.1687,0,082024103218100-7f86,tenderNotice,Declaration of beneficial ownership Form,2024-08-27T11:39:25Z
0.releases.1688.tender.documents.0,0.releases.1688,0,102025115722056-7fe6,tenderNotice,Tender document,2025-10-28T16:20:15Z
0.releases.1688.tender.documents.1,0.releases.1688,0,102025115722065-7fe5,tenderNotice,Terms of references,2025-10-28T16:20:15Z
0.releases.1689.tender.documents.0,0.releases.1689,0,102024083640802-7ff9,tenderNotice,NEW TENDER DOCUMENT ,2024-10-10T20:40:09Z
0.releases.1689.tender.documents.1,0.releases.1689,0,102024092154853-7c67,tenderNotice,TENDER DOCUMENT ,2024-10-10T20:40:09Z
0.releases.1690.tender.documents.0,0.releases.1690,0,112024125116767-7f94,tenderNotice,DAO,2024-12-14T20:42:26Z
0.releases.1690.tender.documents.1,0.releases.1690,0,122024080343251-661d,tenderNotice,Tender Document ,2024-12-14T20:42:26Z
0.releases.1691.tender.documents.0,0.releases.1691,0,102025095240040-7ffb,tenderNotice,Beneficial ownership disclosure declaration form,2025-11-18T10:23:48Z
0.releases.1691.tender.documents.1,0.releases.1691,0,102025102842843-7ff9,tenderNotice,Terms of reference for Lot 1,2025-11-18T10:23:48Z
0.releases.1691.tender.documents.2,0.releases.1691,0,102025102842851-7ff8,tenderNotice,Terms of reference for Lot 2,2025-11-18T10:23:48Z
0.releases.1691.tender.documents.3,0.releases.1691,0,102025151318729-7ffa,tenderNotice,Tender document,2025-11-18T10:23:48Z
0.releases.1692.tender.documents.0,0.releases.1692,0,082025132852927-7fa4,tenderNotice,Tender Document ( RFP),2025-09-14T08:55:02Z
0.releases.1692.tender.documents.1,0.releases.1692,0,092025195820361-6c95,tenderNotice,beneficial ownership disclosure form,2025-09-14T08:55:02Z
0.releases.1693.tender.documents.0,0.releases.1693,0,052025193729838-7fe9,tenderNotice,RFP in word version for reference only,2025-05-28T18:27:09Z
0.releases.1693.tender.documents.1,0.releases.1693,0,052025194701100-7fe8,tenderNotice,IL & RFP signed and stamped (Official Document),2025-05-28T18:27:09Z
0.releases.1694.tender.documents.0,0.releases.1694,0,052025095001638-7ff5,tenderNotice,RFP in word version for reference only,2025-05-28T18:26:37Z
0.releases.1694.tender.documents.1,0.releases.1694,0,052025101646061-7fec,tenderNotice,IL & RFP signed and stamped (Official Document),2025-05-28T18:26:37Z
0.releases.1695.tender.documents.0,0.releases.1695,0,122025171828735-6d14,tenderNotice,DAO,2025-12-04T12:22:25Z
0.releases.1696.tender.documents.0,0.releases.1696,0,122025155345306-7ab6,tenderNotice,TD,2025-12-13T11:48:39Z
0.releases.1697.tender.documents.0,0.releases.1697,0,112025115609131-7e55,tenderNotice,Dao,2025-11-05T16:43:37Z
0.releases.1699.tender.documents.0,0.releases.1699,0,012026164619219-7aff,tenderNotice,Tender document,2026-01-12T21:15:03Z
0.releases.1699.tender.documents.1,0.releases.1699,0,012026164619222-7afe,tenderNotice,Beneficial Ownership declaration form,2026-01-12T21:15:03Z
0.releases.1700.tender.documents.0,0.releases.1700,0,102025151405603-7ff1,tenderNotice,Beneficial ownership disclosure declaration form,2025-11-05T09:02:47Z
0.releases.1700.tender.documents.1,0.releases.1700,0,112025105736731-7a43,tenderNotice,Tender document,2025-11-05T09:02:47Z
0.releases.1700.tender.documents.2,0.releases.1700,0,112025105736749-7a42,tenderNotice,Technical Specification,2025-11-05T09:02:47Z
0.releases.1701.tender.documents.0,0.releases.1701,0,012026135842869-4a20,tenderNotice,Beneficial ownership declaration form,2026-01-12T21:15:58Z
0.releases.1701.tender.documents.1,0.releases.1701,0,012026140413649-4a1f,tenderNotice,Tender document,2026-01-12T21:15:58Z
0.releases.1702.tender.documents.0,0.releases.1702,0,102024164746157-600f,tenderNotice,TENDER DOCUMENT,2024-10-30T19:28:16Z
0.releases.1703.tender.documents.0,0.releases.1703,0,102024110721768-7fcc,tenderNotice,TENDER DOCUMENT,2024-10-12T12:46:16Z
0.releases.1703.tender.documents.1,0.releases.1703,0,102024110721775-7fcb,tenderNotice,Technical specification,2024-10-12T12:46:16Z
0.releases.1703.tender.documents.2,0.releases.1703,0,102024110721781-7fca,tenderNotice,Beneficial Ownership Disclosure Declaration form,2024-10-12T12:46:16Z
0.releases.1704.tender.documents.0,0.releases.1704,0,102025092550539-7fe7,tenderNotice,TD,2025-10-03T17:24:09Z
0.releases.1704.tender.documents.1,0.releases.1704,0,102025092550549-7fe6,tenderNotice,Beneficial ownership declaration,2025-10-03T17:24:09Z
0.releases.1705.tender.documents.0,0.releases.1705,0,112025162418319-7fc3,tenderNotice,TD,2025-11-11T23:11:41Z
0.releases.1705.tender.documents.1,0.releases.1705,0,112025162418401-7fc2,tenderNotice,Beneficial ownership disclosure,2025-11-11T23:11:41Z
0.releases.1706.tender.documents.0,0.releases.1706,0,102024091645509-7ffb,tenderNotice,TD,2024-10-05T11:38:45Z
0.releases.1707.tender.documents.0,0.releases.1707,0,102025193009639-7fe3,tenderNotice,"Decoration and sonolisation services (location chairs,tents, Cameras).",2025-10-14T10:37:27Z
0.releases.1708.tender.documents.0,0.releases.1708,0,112025120017703-7fcc,tenderNotice,DAO,2025-11-19T17:59:01Z
0.releases.1708.tender.documents.1,0.releases.1708,0,112025161312319-7e19,tenderNotice,DAO RBA Amendment,2025-11-19T17:59:01Z
0.releases.1708.tender.documents.2,0.releases.1708,0,112025204924622-7fff,tenderNotice,DAO RBA Amendment,2025-11-19T17:59:01Z
0.releases.1709.tender.documents.0,0.releases.1709,0,062025171149803-1357,tenderNotice,EOI,2025-06-03T18:21:00Z
0.releases.1709.tender.documents.1,0.releases.1709,0,072025131316469-7ffb,tenderNotice,RFP,2025-07-15T18:11:10Z
0.releases.1710.tender.documents.0,0.releases.1710,0,062025171149803-1357,tenderNotice,EOI,2025-06-03T18:21:00Z
0.releases.1710.tender.documents.1,0.releases.1710,0,072025131316469-7ffb,tenderNotice,RFP,2025-07-15T18:11:10Z
0.releases.1711.tender.documents.0,0.releases.1711,0,082025113831067-79ad,tenderNotice, TENDER DOCUMENT,2025-08-13T08:58:37Z
0.releases.1711.tender.documents.1,0.releases.1711,0,082025113831078-79ac,tenderNotice,Beneficial Ownership disclosure form,2025-08-13T08:58:37Z
0.releases.1711.tender.documents.2,0.releases.1711,0,082025113831081-79ab,tenderNotice,DRAWINGS,2025-08-13T08:58:37Z
0.releases.1711.tender.documents.3,0.releases.1711,0,082025113831086-79aa,tenderNotice,PLAN AND PROFILES DRAWINGS,2025-08-13T08:58:37Z
0.releases.1711.tender.documents.4,0.releases.1711,0,082025113831091-79a9,tenderNotice,ROAD SECTIONS AND STRUCTURES,2025-08-13T08:58:37Z
0.releases.1712.tender.documents.0,0.releases.1712,0,112025160510605-7ec6,tenderNotice,Tender document,2025-11-28T10:28:18Z
0.releases.1712.tender.documents.1,0.releases.1712,0,112025160510612-7ec5,tenderNotice,Technical Specification,2025-11-28T10:28:18Z
0.releases.1712.tender.documents.2,0.releases.1712,0,112025160510615-7ec4,tenderNotice,Beneficial ownership disclosure declaration form,2025-11-28T10:28:18Z
0.releases.1713.tender.documents.0,0.releases.1713,0,112025120757045-78c8,tenderNotice,TENDER DOCUMENT,2025-11-26T22:23:22Z
0.releases.1714.tender.documents.0,0.releases.1714,0,082025152105196-7fcf,tenderNotice,BID DOCUMENT,2025-08-29T17:36:57Z
0.releases.1714.tender.documents.1,0.releases.1714,0,082025152105213-7fce,tenderNotice,Declaration of beneficial ownership letter (well filled and signed).,2025-08-29T17:36:57Z
0.releases.1715.tender.documents.0,0.releases.1715,0,012026232336275-49ec,tenderNotice,Tender document,2026-01-12T23:23:36Z
0.releases.1716.tender.documents.0,0.releases.1716,0,012026232336275-49ec,tenderNotice,Tender document,2026-01-12T23:23:36Z
0.releases.1717.tender.documents.0,0.releases.1717,0,012026102311153-4bc4,tenderNotice,Tender Document,2026-01-12T23:35:25Z
0.releases.1718.tender.documents.0,0.releases.1718,0,122025101855277-7f94,tenderNotice,TENDER DOCUMENT,2025-12-17T09:19:37Z
0.releases.1718.tender.documents.1,0.releases.1718,0,122025152018911-7fd3,tenderNotice,Lot I: DEATILED UNIT PRICE OF Maternal and Neonatal Care Equipment,2025-12-17T09:19:37Z
0.releases.1718.tender.documents.2,0.releases.1718,0,122025152018917-7fd2,tenderNotice,"Lot II: DEATILED UNIT PRICE OF Anesthesia, Ophthalmology & Critical Care Equipment",2025-12-17T09:19:37Z
0.releases.1718.tender.documents.3,0.releases.1718,0,122025152018922-7fd1,tenderNotice,"Lot III: DEATILED UNIT PRICE OF Surgical, Ophthalmology & Operating Theatre Equipment",2025-12-17T09:19:37Z
0.releases.1719.tender.documents.0,0.releases.1719,0,122025101855277-7f94,tenderNotice,TENDER DOCUMENT,2025-12-17T09:19:37Z
0.releases.1719.tender.documents.1,0.releases.1719,0,122025152018911-7fd3,tenderNotice,Lot I: DEATILED UNIT PRICE OF Maternal and Neonatal Care Equipment,2025-12-17T09:19:37Z
0.releases.1719.tender.documents.2,0.releases.1719,0,122025152018917-7fd2,tenderNotice,"Lot II: DEATILED UNIT PRICE OF Anesthesia, Ophthalmology & Critical Care Equipment",2025-12-17T09:19:37Z
0.releases.1719.tender.documents.3,0.releases.1719,0,122025152018922-7fd1,tenderNotice,"Lot III: DEATILED UNIT PRICE OF Surgical, Ophthalmology & Operating Theatre Equipment",2025-12-17T09:19:37Z
0.releases.1720.tender.documents.0,0.releases.1720,0,122025134724695-7ef9,tenderNotice,DROWINGS FOR Construction works of Canteen and Kitchen at Nyamasheke Correctional Facility,2025-12-17T16:47:08Z
0.releases.1720.tender.documents.1,0.releases.1720,0,122025162831596-720b,tenderNotice,Tender Document,2025-12-17T16:47:08Z
0.releases.1724.tender.documents.0,0.releases.1724,0,122025153932979-6740,tenderNotice,Tender document for Conduct preventive and curative maintenance of non- medical equipment and spare parts,2025-12-24T16:08:07Z
0.releases.1724.tender.documents.1,0.releases.1724,0,122025153932985-673f,tenderNotice,Beneficial ownership closure form,2025-12-24T16:08:07Z
0.releases.1725.tender.documents.0,0.releases.1725,0,112025094025162-7ff8,tenderNotice,TD,2025-11-19T11:34:06Z
0.releases.1729.tender.documents.0,0.releases.1729,0,122025130535631-6c76,tenderNotice,Tender Document,2025-12-19T13:22:12Z
0.releases.1729.tender.documents.1,0.releases.1729,0,102025155437111-7fa3,tenderNotice,Tender doc,2025-10-27T15:54:37Z
0.releases.1730.tender.documents.0,0.releases.1730,0,012026094023752-5293,tenderNotice,RFP,2026-01-08T16:07:16Z
0.releases.1730.tender.documents.1,0.releases.1730,0,052025170731230-7c4d,tenderNotice,Motif of amendment,2025-05-23T17:57:00Z
0.releases.1730.tender.documents.2,0.releases.1730,0,052025192205236-7ffe,tenderNotice,ToR,2025-05-23T17:57:00Z
0.releases.1731.tender.documents.0,0.releases.1731,0,012026093046377-5294,tenderNotice,RFP,2026-01-08T16:06:51Z
0.releases.1731.tender.documents.1,0.releases.1731,0,042025110258587-77a3,tenderNotice,ToR,2025-04-23T09:05:37Z
0.releases.1732.tender.documents.0,0.releases.1732,0,122025091909317-7f50,tenderNotice,Tender Document,2025-12-23T09:29:17Z
0.releases.1732.tender.documents.1,0.releases.1732,0,122025121710000-7e7d,tenderNotice,Amended Tender Document,2025-12-23T09:29:17Z
0.releases.1733.tender.documents.0,0.releases.1733,0,122025102643613-7e39,tenderNotice,Tender document,2025-12-24T10:15:42Z
0.releases.1738.tender.documents.0,0.releases.1738,0,012026181033547-7c1c,tenderNotice,Amended Tender document,2026-01-06T18:53:14Z
0.releases.1738.tender.documents.1,0.releases.1738,0,122025130440443-72f2,tenderNotice,Tender document,2026-01-06T18:53:14Z
0.releases.1738.tender.documents.2,0.releases.1738,0,122025130440457-72f1,tenderNotice,Beneficial ownership disclosure form,2026-01-06T18:53:14Z
0.releases.1741.tender.documents.0,0.releases.1741,0,122025105455462-6d89,tenderNotice,Beneficial Ownership Disclosure Declarationform ,2025-12-22T16:03:18Z
0.releases.1741.tender.documents.1,0.releases.1741,0,122025105909992-6d88,tenderNotice,TENDER DOCUMENT FOR ARCHIVE MATERIALS.doc,2025-12-22T16:03:18Z
0.releases.1742.tender.documents.0,0.releases.1742,0,122025133936251-695a,tenderNotice,Dao,2025-12-20T09:44:06Z
0.releases.1746.tender.documents.0,0.releases.1746,0,092025122838732-79f9,tenderNotice,Beneficial ownership declaration form,2025-10-07T20:39:12Z
0.releases.1746.tender.documents.1,0.releases.1746,0,092025122838737-79f8,tenderNotice,TD,2025-10-07T20:39:12Z
0.releases.1746.tender.documents.2,0.releases.1746,0,102025181530606-7ac6,tenderNotice,Amended Tender Document,2025-10-07T20:39:12Z
0.releases.1747.tender.documents.0,0.releases.1747,0,012026181033547-7c1c,tenderNotice,Amended Tender document,2026-01-06T18:53:14Z
0.releases.1747.tender.documents.1,0.releases.1747,0,122025130440443-72f2,tenderNotice,Tender document,2026-01-06T18:53:14Z
0.releases.1747.tender.documents.2,0.releases.1747,0,122025130440457-72f1,tenderNotice,Beneficial ownership disclosure form,2026-01-06T18:53:14Z
0.releases.1748.tender.documents.0,0.releases.1748,0,102025152741361-7fe2,tenderNotice,Tender document,2025-10-06T13:28:37Z
0.releases.1748.tender.documents.1,0.releases.1748,0,102025152741365-7fe1,tenderNotice,ToR,2025-10-06T13:28:37Z
0.releases.1749.tender.documents.0,0.releases.1749,0,122025142949615-66a5,tenderNotice,TENDER DOCUMENT ,2025-12-30T18:04:59Z
0.releases.1749.tender.documents.1,0.releases.1749,0,122025171422784-7dd2,tenderNotice,BENEFICIAL OWNERSHIP DISCLOSURE FORM,2025-12-30T18:04:59Z
0.releases.1749.tender.documents.2,0.releases.1749,0,122025175923115-7d24,tenderNotice,FIRST REVISED ,2025-12-30T18:04:59Z
0.releases.1750.tender.documents.0,0.releases.1750,0,122025174847961-66ba,tenderNotice,Tender document.,2025-12-25T11:59:55Z
0.releases.1750.tender.documents.1,0.releases.1750,0,122025174847969-66b9,tenderNotice,Beneficial Ownership disclosure form,2025-12-25T11:59:55Z
0.releases.1751.tender.documents.0,0.releases.1751,0,122025125707137-7f36,tenderNotice,Tender Document,2025-12-16T19:45:00Z
0.releases.1751.tender.documents.1,0.releases.1751,0,122025125707145-7f35,tenderNotice,Beneficial ownership disclosure form,2025-12-16T19:45:00Z
0.releases.1751.tender.documents.2,0.releases.1751,0,122025125707148-7f34,tenderNotice,drawing placard,2025-12-16T19:45:00Z
0.releases.1751.tender.documents.3,0.releases.1751,0,122025125707151-7f33,tenderNotice,drawing Teachers table,2025-12-16T19:45:00Z
0.releases.1751.tender.documents.4,0.releases.1751,0,122025125707154-7f32,tenderNotice,drawing Teachers chair,2025-12-16T19:45:00Z
0.releases.1751.tender.documents.5,0.releases.1751,0,122025125707158-7f31,tenderNotice,drawing doors and windows,2025-12-16T19:45:00Z
0.releases.1751.tender.documents.6,0.releases.1751,0,122025125707162-7f30,tenderNotice,drawing Desk,2025-12-16T19:45:00Z
0.releases.1752.tender.documents.0,0.releases.1752,0,122025170715355-68d2,tenderNotice,Tender Document for promotion,2025-12-24T19:24:24Z
0.releases.1752.tender.documents.1,0.releases.1752,0,122025170715412-68d1,tenderNotice,Declaration of Beneficial Ownership of the company with a full registration Certificate,2025-12-24T19:24:24Z
0.releases.1753.tender.documents.0,0.releases.1753,0,102025103023549-7fee,tenderNotice,SBD,2025-10-31T10:30:23Z
0.releases.1753.tender.documents.1,0.releases.1753,0,102025103023554-7fed,tenderNotice,Beneficial ownership ,2025-10-31T10:30:23Z
0.releases.1754.tender.documents.0,0.releases.1754,0,122025170715355-68d2,tenderNotice,Tender Document for promotion,2025-12-24T19:24:24Z
0.releases.1754.tender.documents.1,0.releases.1754,0,122025170715412-68d1,tenderNotice,Declaration of Beneficial Ownership of the company with a full registration Certificate,2025-12-24T19:24:24Z
0.releases.1759.tender.documents.0,0.releases.1759,0,082024075726230-6c19,tenderNotice,FINAL TENDER DOCUMENT,2024-08-28T23:13:17Z
0.releases.1759.tender.documents.1,0.releases.1759,0,082024212414465-6c23,tenderNotice,TENDER DOCUMENT,2024-08-28T23:13:17Z
0.releases.1759.tender.documents.2,0.releases.1759,0,082024212414499-6c22,tenderNotice,Beneficial ownership Disclosure,2024-08-28T23:13:17Z
0.releases.1760.tender.documents.0,0.releases.1760,0,102025104812902-7feb,tenderNotice,Beneficial ownership ,2025-10-31T10:48:12Z
0.releases.1760.tender.documents.1,0.releases.1760,0,102025104812906-7fea,tenderNotice,SBD,2025-10-31T10:48:12Z
0.releases.1762.tender.documents.0,0.releases.1762,0,102025121517147-7ffe,tenderNotice,TD,2025-11-01T10:24:41Z
0.releases.1763.tender.documents.0,0.releases.1763,0,122025120757605-7ce3,tenderNotice,RFP,2025-12-31T19:21:08Z
0.releases.1763.tender.documents.1,0.releases.1763,0,092025123106894-7fc4,tenderNotice,REOI,2025-09-02T16:42:14Z
0.releases.1764.tender.documents.0,0.releases.1764,0,102025121517147-7ffe,tenderNotice,TD,2025-11-01T10:24:41Z
0.releases.1765.tender.documents.0,0.releases.1765,0,062024111204010-7fb9,tenderNotice,TENDER DOCUMENT,2024-07-05T19:34:53Z
0.releases.1765.tender.documents.1,0.releases.1765,0,062024111204017-7fb8,tenderNotice,Statement of integrity,2024-07-05T19:34:53Z
0.releases.1765.tender.documents.2,0.releases.1765,0,062024111204022-7fb7,tenderNotice,Beneficial ownership form,2024-07-05T19:34:53Z
0.releases.1765.tender.documents.3,0.releases.1765,0,062024115119342-7fb2,tenderNotice,Drawings IPRC Karongi,2024-07-05T19:34:53Z
0.releases.1765.tender.documents.4,0.releases.1765,0,062024115208559-7fb1,tenderNotice,Drawings IPRC Kitabi,2024-07-05T19:34:53Z
0.releases.1766.tender.documents.0,0.releases.1766,0,072025200223766-7f8c,tenderNotice,REOI document,2025-09-09T18:39:16Z
0.releases.1766.tender.documents.1,0.releases.1766,0,092025134434555-7fd7,tenderNotice,Amendment N0 1 to the REOI,2025-09-09T18:39:16Z
0.releases.1766.tender.documents.2,0.releases.1766,0,092025134434559-7fd6,tenderNotice,Amended REOI,2025-09-09T18:39:16Z
0.releases.1767.tender.documents.0,0.releases.1767,0,122025142336772-7ea6,tenderNotice,Tender Document,2025-12-19T15:52:08Z
0.releases.1768.tender.documents.0,0.releases.1768,0,122025142336772-7ea6,tenderNotice,Tender Document,2025-12-19T15:52:08Z
0.releases.1769.tender.documents.0,0.releases.1769,0,122025142336772-7ea6,tenderNotice,Tender Document,2025-12-19T15:52:08Z
0.releases.1770.tender.documents.0,0.releases.1770,0,122025142336772-7ea6,tenderNotice,Tender Document,2025-12-19T15:52:08Z
0.releases.1771.tender.documents.0,0.releases.1771,0,122025120757605-7ce3,tenderNotice,RFP,2025-12-31T19:21:08Z
0.releases.1771.tender.documents.1,0.releases.1771,0,092025123106894-7fc4,tenderNotice,REOI,2025-09-02T16:42:14Z
0.releases.1773.tender.documents.0,0.releases.1773,0,102025112819226-7fe3,tenderNotice,TD,2025-11-20T07:43:23Z
0.releases.1773.tender.documents.1,0.releases.1773,0,112025113200154-7e48,tenderNotice,TD,2025-11-20T07:43:23Z
0.releases.1773.tender.documents.2,0.releases.1773,0,112025113200171-7e47,tenderNotice,FORM,2025-11-20T07:43:23Z
0.releases.1776.tender.documents.0,0.releases.1776,0,092025142100172-7fe9,tenderNotice,RFP,2025-09-06T11:43:23Z
0.releases.1779.tender.documents.0,0.releases.1779,0,112025145008489-7fa4,tenderNotice,TENDER DOCUMENT,2025-11-13T11:19:49Z
0.releases.1782.tender.documents.0,0.releases.1782,0,122025142336772-7ea6,tenderNotice,Tender Document,2025-12-19T15:52:08Z
0.releases.1785.tender.documents.0,0.releases.1785,0,122025063943684-7f9a,tenderNotice,Tender document,2025-12-09T07:40:13Z
0.releases.1789.tender.documents.0,0.releases.1789,0,102025104812902-7feb,tenderNotice,Beneficial ownership ,2025-10-31T10:48:12Z
0.releases.1789.tender.documents.1,0.releases.1789,0,102025104812906-7fea,tenderNotice,SBD,2025-10-31T10:48:12Z
0.releases.1791.tender.documents.0,0.releases.1791,0,012026133733058-4a23,tenderNotice,TD AMENDMENT ,2026-01-12T19:04:12Z
0.releases.1791.tender.documents.1,0.releases.1791,0,122025165916522-7dfd,tenderNotice,TD,2026-01-12T19:04:12Z
0.releases.1792.tender.documents.0,0.releases.1792,0,112025160627033-739b,tenderNotice,Tender document,2025-12-22T17:01:45Z
0.releases.1792.tender.documents.1,0.releases.1792,0,112025160627048-739a,tenderNotice,Beneficial ownership disclosure form,2025-12-22T17:01:45Z
0.releases.1792.tender.documents.2,0.releases.1792,0,122025104548890-7e55,tenderNotice,Ammendment notice,2025-12-22T17:01:45Z
0.releases.1792.tender.documents.3,0.releases.1792,0,112025160627033-739b,tenderNotice,Tender document,2025-11-28T16:05:38Z
0.releases.1792.tender.documents.4,0.releases.1792,0,112025160627048-739a,tenderNotice,Beneficial ownership disclosure form,2025-11-28T16:05:38Z
0.releases.1793.tender.documents.0,0.releases.1793,0,082024092333332-7d59,tenderNotice,RFP,2024-08-14T12:58:10Z
0.releases.1793.tender.documents.1,0.releases.1793,0,082024120037951-7fcd,tenderNotice,AMANDED ToRs,2024-08-14T12:58:10Z
0.releases.1793.tender.documents.2,0.releases.1793,0,082024125400526-78ac,tenderNotice,FINAL AMENDED RFP,2024-08-14T12:58:10Z
0.releases.1794.tender.documents.0,0.releases.1794,0,052025103855797-78c8,tenderNotice,REOI,2025-05-30T14:58:46Z
0.releases.1794.tender.documents.1,0.releases.1794,0,082025110804443-7c8c,tenderNotice,RFP,2025-09-09T12:55:02Z
0.releases.1794.tender.documents.2,0.releases.1794,0,082025133908238-7f72,tenderNotice,Ammended RFP,2025-09-09T12:55:02Z
0.releases.1794.tender.documents.3,0.releases.1794,0,092025091928778-7fd6,tenderNotice,Amended RFP,2025-09-09T12:55:02Z
0.releases.1795.tender.documents.0,0.releases.1795,0,102025104812902-7feb,tenderNotice,Beneficial ownership ,2025-10-31T10:48:12Z
0.releases.1795.tender.documents.1,0.releases.1795,0,102025104812906-7fea,tenderNotice,SBD,2025-10-31T10:48:12Z
0.releases.1796.tender.documents.0,0.releases.1796,0,102025104812902-7feb,tenderNotice,Beneficial ownership ,2025-10-31T10:48:12Z
0.releases.1796.tender.documents.1,0.releases.1796,0,102025104812906-7fea,tenderNotice,SBD,2025-10-31T10:48:12Z
0.releases.1797.tender.documents.0,0.releases.1797,0,122025174847961-66ba,tenderNotice,Tender document.,2025-12-25T11:59:55Z
0.releases.1797.tender.documents.1,0.releases.1797,0,122025174847969-66b9,tenderNotice,Beneficial Ownership disclosure form,2025-12-25T11:59:55Z
0.releases.1798.tender.documents.0,0.releases.1798,0,102025104812902-7feb,tenderNotice,Beneficial ownership ,2025-10-31T10:48:12Z
0.releases.1798.tender.documents.1,0.releases.1798,0,102025104812906-7fea,tenderNotice,SBD,2025-10-31T10:48:12Z
0.releases.1799.tender.documents.0,0.releases.1799,0,102025104812902-7feb,tenderNotice,Beneficial ownership ,2025-10-31T10:48:12Z
0.releases.1799.tender.documents.1,0.releases.1799,0,102025104812906-7fea,tenderNotice,SBD,2025-10-31T10:48:12Z
0.releases.1802.tender.documents.0,0.releases.1802,0,102025103023549-7fee,tenderNotice,SBD,2025-10-31T10:30:23Z
0.releases.1802.tender.documents.1,0.releases.1802,0,102025103023554-7fed,tenderNotice,Beneficial ownership ,2025-10-31T10:30:23Z
0.releases.1811.tender.documents.0,0.releases.1811,0,012026161613414-7c55,tenderNotice,TENDER DOCUMENT,2026-01-06T10:40:05Z
0.releases.1814.tender.documents.0,0.releases.1814,0,012026161613414-7c55,tenderNotice,TENDER DOCUMENT,2026-01-06T10:40:05Z
0.releases.1815.tender.documents.0,0.releases.1815,0,122025110455833-7622,tenderNotice,TENDER DOCUMENT,2025-12-17T09:19:57Z
0.releases.1817.tender.documents.0,0.releases.1817,0,122025102643613-7e39,tenderNotice,Tender document,2025-12-24T10:15:42Z
0.releases.1818.tender.documents.0,0.releases.1818,0,122025233645446-7ed4,tenderNotice,Tender document,2025-12-18T14:25:29Z
0.releases.1818.tender.documents.1,0.releases.1818,0,122025233645450-7ed3,tenderNotice,Beneficial ownership declaration form,2025-12-18T14:25:29Z
0.releases.1819.tender.documents.0,0.releases.1819,0,122025233645446-7ed4,tenderNotice,Tender document,2025-12-18T14:25:29Z
0.releases.1819.tender.documents.1,0.releases.1819,0,122025233645450-7ed3,tenderNotice,Beneficial ownership declaration form,2025-12-18T14:25:29Z
0.releases.1820.tender.documents.0,0.releases.1820,0,122025233645446-7ed4,tenderNotice,Tender document,2025-12-18T14:25:29Z
0.releases.1820.tender.documents.1,0.releases.1820,0,122025233645450-7ed3,tenderNotice,Beneficial ownership declaration form,2025-12-18T14:25:29Z
0.releases.1821.tender.documents.0,0.releases.1821,0,122025233645446-7ed4,tenderNotice,Tender document,2025-12-18T14:25:29Z
0.releases.1821.tender.documents.1,0.releases.1821,0,122025233645450-7ed3,tenderNotice,Beneficial ownership declaration form,2025-12-18T14:25:29Z
0.releases.1822.tender.documents.0,0.releases.1822,0,122025233645446-7ed4,tenderNotice,Tender document,2025-12-18T14:25:29Z
0.releases.1822.tender.documents.1,0.releases.1822,0,122025233645450-7ed3,tenderNotice,Beneficial ownership declaration form,2025-12-18T14:25:29Z
0.releases.1823.tender.documents.0,0.releases.1823,0,012026161613414-7c55,tenderNotice,TENDER DOCUMENT,2026-01-06T10:40:05Z
0.releases.1826.tender.documents.0,0.releases.1826,0,012025091006149-7d4f,tenderNotice,Request for Expressions of Interest ,2025-03-02T15:01:38Z
0.releases.1826.tender.documents.1,0.releases.1826,0,012025091006177-7d4e,tenderNotice,Terms of reference,2025-03-02T15:01:38Z
0.releases.1826.tender.documents.2,0.releases.1826,0,022025122847706-7eb2,tenderNotice,Amended-Terms of reference,2025-03-02T15:01:38Z
0.releases.1826.tender.documents.3,0.releases.1826,0,072025140157437-7d14,tenderNotice,REQUEST FOR PROPOSAL,2025-09-10T09:18:39Z
0.releases.1828.tender.documents.0,0.releases.1828,0,122025203034148-7ed9,tenderNotice,Tender document,2025-12-18T14:25:57Z
0.releases.1828.tender.documents.1,0.releases.1828,0,122025203034154-7ed8,tenderNotice,Beneficial Ownership Declaration Form,2025-12-18T14:25:57Z
0.releases.1829.tender.documents.0,0.releases.1829,0,082025123146741-7e1f,tenderNotice,Expression of interest,2025-08-14T13:04:42Z
0.releases.1829.tender.documents.1,0.releases.1829,0,082025123146746-7e1e,tenderNotice,Annex,2025-08-14T13:04:42Z
0.releases.1829.tender.documents.2,0.releases.1829,0,102025122703815-7ffd,tenderNotice,Request for Proposal,2025-11-25T10:36:05Z
0.releases.1830.tender.documents.0,0.releases.1830,0,112025091416405-7362,tenderNotice,tender document,2025-11-28T15:06:32Z
0.releases.1831.tender.documents.0,0.releases.1831,0,122025173955774-7e94,tenderNotice,Tender document.,2025-12-21T13:39:14Z
0.releases.1831.tender.documents.1,0.releases.1831,0,122025173955779-7e93,tenderNotice,Beneficial Ownership disclosure form,2025-12-21T13:39:14Z
0.releases.1831.tender.documents.2,0.releases.1831,0,122025173955794-7e92,tenderNotice,A bid securing declaration form,2025-12-21T13:39:14Z
0.releases.1833.tender.documents.0,0.releases.1833,0,012026170919422-7bbb,tenderNotice,TENDER DOCUMENT,2026-01-08T17:13:05Z
0.releases.1835.tender.documents.0,0.releases.1835,0,102025145539122-7af6,tenderNotice,Request for Expression of Intrest,2025-10-07T15:08:05Z
0.releases.1836.tender.documents.0,0.releases.1836,0,102025145539122-7af6,tenderNotice,Request for Expression of Intrest,2025-10-07T15:08:05Z
0.releases.1837.tender.documents.0,0.releases.1837,0,122025123616160-59c9,tenderNotice,RFP,2026-01-05T09:45:23Z
0.releases.1837.tender.documents.1,0.releases.1837,0,122025123616178-59c8,tenderNotice,RPPA authorization,2026-01-05T09:45:23Z
0.releases.1838.tender.documents.0,0.releases.1838,0,092025142100172-7fe9,tenderNotice,RFP,2025-09-06T11:43:23Z
0.releases.1843.tender.documents.0,0.releases.1843,0,122025102643613-7e39,tenderNotice,Tender document,2025-12-24T10:15:42Z
0.releases.1844.tender.documents.0,0.releases.1844,0,122025100308561-6b36,tenderNotice,Amendment (Tender Document),2025-12-22T12:47:12Z
0.releases.1844.tender.documents.1,0.releases.1844,0,122025182435282-7e6d,tenderNotice,Tender Document,2025-12-22T12:47:12Z
0.releases.1846.tender.documents.0,0.releases.1846,0,122025140509664-7f68,tenderNotice,BIDDING DOCUMENT DAO,2025-12-09T08:55:49Z
0.releases.1847.tender.documents.0,0.releases.1847,0,122025135749297-7fd6,tenderNotice,TENDER Document for Provision of transport services to CNRU 2026,2025-12-05T14:37:49Z
0.releases.1848.tender.documents.0,0.releases.1848,0,122025141218981-7ef8,tenderNotice,Tender Document,2025-12-17T16:47:46Z
0.releases.1856.tender.documents.0,0.releases.1856,0,102025140015531-7ff0,tenderNotice,TENDER DOCUMENT,2025-10-24T17:12:16Z
0.releases.1857.tender.documents.0,0.releases.1857,0,122025100308561-6b36,tenderNotice,Amendment (Tender Document),2025-12-22T12:47:12Z
0.releases.1857.tender.documents.1,0.releases.1857,0,122025182435282-7e6d,tenderNotice,Tender Document,2025-12-22T12:47:12Z
0.releases.1861.tender.documents.0,0.releases.1861,0,102023161901290-7dd0,tenderNotice,Tender document ,2023-10-20T23:03:10Z
0.releases.1862.tender.documents.0,0.releases.1862,0,112025215313848-7b1e,tenderNotice,Tender Document,2025-12-06T18:54:40Z
0.releases.1862.tender.documents.1,0.releases.1862,0,112025215313860-7b1d,tenderNotice,DECLARATION OF BENEFICIAL OWNERS OF PRIVATE C0MPANIES,2025-12-06T18:54:40Z
0.releases.1862.tender.documents.2,0.releases.1862,0,122025134152315-7fd8,tenderNotice,Amended Tender document,2025-12-06T18:54:40Z
0.releases.1881.tender.documents.0,0.releases.1881,0,092023124054187-5fcd,tenderNotice,Tender document,2023-09-05T19:26:01Z
0.releases.1881.tender.documents.1,0.releases.1881,0,092023153241350-7de0,tenderNotice,Tender document amended,2023-09-05T19:26:01Z
0.releases.1881.tender.documents.2,0.releases.1881,0,092023153241354-7ddf,tenderNotice,drawings,2023-09-05T19:26:01Z
0.releases.1882.tender.documents.0,0.releases.1882,0,122025142949615-66a5,tenderNotice,TENDER DOCUMENT ,2025-12-30T18:04:59Z
0.releases.1882.tender.documents.1,0.releases.1882,0,122025171422784-7dd2,tenderNotice,BENEFICIAL OWNERSHIP DISCLOSURE FORM,2025-12-30T18:04:59Z
0.releases.1882.tender.documents.2,0.releases.1882,0,122025175923115-7d24,tenderNotice,FIRST REVISED ,2025-12-30T18:04:59Z
0.releases.1883.tender.documents.0,0.releases.1883,0,122025144136080-7450,tenderNotice,TD,2025-12-09T16:15:35Z
0.releases.1883.tender.documents.1,0.releases.1883,0,122025144136096-744f,tenderNotice,"Beneficial ownership disclosure form (It should be well filled, signed and stamped by the bidder)",2025-12-09T16:15:35Z
0.releases.1884.tender.documents.0,0.releases.1884,0,042023234747811-28c4,tenderNotice,TENDER DOCUMENT,2023-05-24T22:02:29Z
0.releases.1884.tender.documents.1,0.releases.1884,0,052023114752480-7f06,tenderNotice,TENDER DOCUMENT AMANDED,2023-05-24T22:02:29Z
0.releases.1884.tender.documents.2,0.releases.1884,0,052023142936370-73f2,tenderNotice,Tender amended,2023-05-24T22:02:29Z
0.releases.1885.tender.documents.0,0.releases.1885,0,102025085741810-7ffd,tenderNotice,TENDER DOCUMENT,2025-11-01T17:52:29Z
0.releases.1888.tender.documents.0,0.releases.1888,0,092023124054187-5fcd,tenderNotice,Tender document,2023-09-05T19:26:01Z
0.releases.1888.tender.documents.1,0.releases.1888,0,092023153241350-7de0,tenderNotice,Tender document amended,2023-09-05T19:26:01Z
0.releases.1888.tender.documents.2,0.releases.1888,0,092023153241354-7ddf,tenderNotice,drawings,2023-09-05T19:26:01Z
0.releases.1889.tender.documents.0,0.releases.1889,0,042023234747811-28c4,tenderNotice,TENDER DOCUMENT,2023-05-24T22:02:29Z
0.releases.1889.tender.documents.1,0.releases.1889,0,052023114752480-7f06,tenderNotice,TENDER DOCUMENT AMANDED,2023-05-24T22:02:29Z
0.releases.1889.tender.documents.2,0.releases.1889,0,052023142936370-73f2,tenderNotice,Tender amended,2023-05-24T22:02:29Z
0.releases.1890.tender.documents.0,0.releases.1890,0,112025091416405-7362,tenderNotice,tender document,2025-11-28T15:06:32Z
0.releases.1891.tender.documents.0,0.releases.1891,0,012026190108886-4c2e,tenderNotice,Tender document amdment ,2026-01-09T19:35:46Z
0.releases.1891.tender.documents.1,0.releases.1891,0,122025114008416-7e51,tenderNotice,Declaration of Beneficial Ownership of the company with a full registration Certificate  ,2026-01-09T19:35:46Z
0.releases.1891.tender.documents.2,0.releases.1891,0,122025114449804-7e4d,tenderNotice,Tender document for office station,2026-01-09T19:35:46Z
0.releases.1892.tender.documents.0,0.releases.1892,0,012026190108886-4c2e,tenderNotice,Tender document amdment ,2026-01-09T19:35:46Z
0.releases.1892.tender.documents.1,0.releases.1892,0,122025114008416-7e51,tenderNotice,Declaration of Beneficial Ownership of the company with a full registration Certificate  ,2026-01-09T19:35:46Z
0.releases.1892.tender.documents.2,0.releases.1892,0,122025114449804-7e4d,tenderNotice,Tender document for office station,2026-01-09T19:35:46Z
0.releases.1893.tender.documents.0,0.releases.1893,0,092025132200106-7d59,tenderNotice,DAO,2025-10-01T23:47:34Z
0.releases.1893.tender.documents.1,0.releases.1893,0,092025132200114-7d58,tenderNotice,BoQ,2025-10-01T23:47:34Z
0.releases.1893.tender.documents.2,0.releases.1893,0,092025132200119-7d57,tenderNotice,Drawings,2025-10-01T23:47:34Z
0.releases.1893.tender.documents.3,0.releases.1893,0,092025132200122-7d56,tenderNotice,ESIA REPORT,2025-10-01T23:47:34Z
0.releases.1893.tender.documents.4,0.releases.1893,0,092025132200126-7d55,tenderNotice,Specific technical spec,2025-10-01T23:47:34Z
0.releases.1893.tender.documents.5,0.releases.1893,0,092025132200130-7d54,tenderNotice,General technical Spec,2025-10-01T23:47:34Z
0.releases.1893.tender.documents.6,0.releases.1893,0,092025132200134-7d53,tenderNotice,Beneficial Ownership,2025-10-01T23:47:34Z
0.releases.1894.tender.documents.0,0.releases.1894,0,012026133733058-4a23,tenderNotice,TD AMENDMENT ,2026-01-12T19:04:12Z
0.releases.1894.tender.documents.1,0.releases.1894,0,122025165916522-7dfd,tenderNotice,TD,2026-01-12T19:04:12Z
0.releases.1895.tender.documents.0,0.releases.1895,0,062025141955544-7f05,tenderNotice,Tender document,2025-06-30T12:11:59Z
0.releases.1895.tender.documents.1,0.releases.1895,0,062025141955556-7f04,tenderNotice,Beneficial ownership Disclosure form,2025-06-30T12:11:59Z
0.releases.1902.tender.documents.0,0.releases.1902,0,062025183827645-7d36,tenderNotice,DAO,2025-06-06T10:27:03Z
0.releases.1904.tender.documents.0,0.releases.1904,0,102025175449578-7f2d,tenderNotice,Tender document,2025-11-11T16:21:18Z
0.releases.1905.tender.documents.0,0.releases.1905,0,102025145539122-7af6,tenderNotice,Request for Expression of Intrest,2025-10-07T15:08:05Z
0.releases.1906.tender.documents.0,0.releases.1906,0,122025102745130-7da3,tenderNotice,Tender document,2025-12-29T11:43:24Z
0.releases.1907.tender.documents.0,0.releases.1907,0,122025135749297-7fd6,tenderNotice,TENDER Document for Provision of transport services to CNRU 2026,2025-12-05T14:37:49Z
0.releases.1911.tender.documents.0,0.releases.1911,0,112025153824912-7ecc,tenderNotice,Dao of Purchase of medical equipments,2025-11-28T12:08:12Z
0.releases.1911.tender.documents.1,0.releases.1911,0,112025153824922-7ecb,tenderNotice,Beneficial Ownership Disclosure form,2025-11-28T12:08:12Z
0.releases.1912.tender.documents.0,0.releases.1912,0,112025130711065-7def,tenderNotice,Tender Document,2025-11-20T15:07:58Z
0.releases.1913.tender.documents.0,0.releases.1913,0,122025145037056-7d7b,tenderNotice,Beneficial Ownership  disclosure form,2025-12-30T18:14:49Z
0.releases.1913.tender.documents.1,0.releases.1913,0,122025145315998-7d79,tenderNotice,Tender document,2025-12-30T18:14:49Z
0.releases.1914.tender.documents.0,0.releases.1914,0,102025111813857-7cda,tenderNotice,Tender document ,2025-10-16T11:14:30Z
0.releases.1917.tender.documents.0,0.releases.1917,0,042024141908772-7e0c,tenderNotice,TENDER DOCUMENT,2024-04-12T14:48:34Z
0.releases.1918.tender.documents.0,0.releases.1918,0,122025140509664-7f68,tenderNotice,BIDDING DOCUMENT DAO,2025-12-09T08:55:49Z
0.releases.1920.tender.documents.0,0.releases.1920,0,112025215313848-7b1e,tenderNotice,Tender Document,2025-12-06T18:54:40Z
0.releases.1920.tender.documents.1,0.releases.1920,0,112025215313860-7b1d,tenderNotice,DECLARATION OF BENEFICIAL OWNERS OF PRIVATE C0MPANIES,2025-12-06T18:54:40Z
0.releases.1920.tender.documents.2,0.releases.1920,0,122025134152315-7fd8,tenderNotice,Amended Tender document,2025-12-06T18:54:40Z
0.releases.1921.tender.documents.0,0.releases.1921,0,052025133432211-7d25,tenderNotice,TENDER DOCUMENT,2025-05-28T10:10:11Z
0.releases.1921.tender.documents.1,0.releases.1921,0,052025133432216-7d24,tenderNotice,Beneficial Ownership declaration form,2025-05-28T10:10:11Z
0.releases.1922.tender.documents.0,0.releases.1922,0,012026151739660-7b69,tenderNotice,Letter of Request ,2026-01-09T15:28:11Z
0.releases.1923.tender.documents.0,0.releases.1923,0,122025092215681-7fec,tenderNotice,Tender document,2025-12-12T09:43:07Z
0.releases.1928.tender.documents.0,0.releases.1928,0,122025100243551-6ae1,tenderNotice,T S,2025-12-22T21:34:38Z
0.releases.1928.tender.documents.1,0.releases.1928,0,122025110013667-6c09,tenderNotice,Tender Document,2025-12-22T21:34:38Z
0.releases.1928.tender.documents.2,0.releases.1928,0,122025110013681-6c08,tenderNotice,Beneficial Ownership,2025-12-22T21:34:38Z
0.releases.1928.tender.documents.3,0.releases.1928,0,122025142012045-7d7b,tenderNotice,After sales,2025-12-22T21:34:38Z
0.releases.1930.tender.documents.0,0.releases.1930,0,122025103701474-69b5,tenderNotice,TD,2025-12-23T17:57:04Z
0.releases.1930.tender.documents.1,0.releases.1930,0,122025103701480-69b4,tenderNotice,Beneficial ownership discosure form,2025-12-23T17:57:04Z
0.releases.1933.tender.documents.0,0.releases.1933,0,012026160721126-7bc1,tenderNotice,DAO,2026-01-08T16:42:30Z
0.releases.1933.tender.documents.1,0.releases.1933,0,012026160721261-7bc0,tenderNotice,Beneficial ,2026-01-08T16:42:30Z
0.releases.1936.tender.documents.0,0.releases.1936,0,112025162409055-7f77,tenderNotice,tender document,2025-11-12T17:03:18Z
0.releases.1936.tender.documents.1,0.releases.1936,0,112025162409069-7f76,tenderNotice,BENEFICIAL OWNERSHIP DISCLOSURE FORM,2025-11-12T17:03:18Z
0.releases.1938.tender.documents.0,0.releases.1938,0,112025114207523-7c46,tenderNotice,TENDER DOCUMENT,2025-11-17T11:45:58Z
0.releases.1943.tender.documents.0,0.releases.1943,0,012026112606246-7be2,tenderNotice,updated Tender document ,2026-01-09T15:31:06Z
0.releases.1943.tender.documents.1,0.releases.1943,0,122025141046719-7d7f,tenderNotice,Amendment Tender document ,2026-01-09T15:31:06Z
0.releases.1943.tender.documents.2,0.releases.1943,0,122025141046727-7d7e,tenderNotice,Amendment Note,2026-01-09T15:31:06Z
0.releases.1943.tender.documents.3,0.releases.1943,0,122025171615335-6b64,tenderNotice,Tender Document,2026-01-09T15:31:06Z
0.releases.1944.tender.documents.0,0.releases.1944,0,102025104837935-7ff2,tenderNotice,TD,2025-10-31T18:33:32Z
0.releases.1952.tender.documents.0,0.releases.1952,0,102025140946323-7fe0,tenderNotice,Tender Document,2025-12-22T21:34:49Z
0.releases.1952.tender.documents.1,0.releases.1952,0,102025143946235-7fff,tenderNotice,Beneficial Ownership Disclosure,2025-12-22T21:34:49Z
0.releases.1952.tender.documents.2,0.releases.1952,0,102025143946255-7ffe,tenderNotice,Form,2025-12-22T21:34:49Z
0.releases.1952.tender.documents.3,0.releases.1952,0,102025143946261-7ffd,tenderNotice,Form,2025-12-22T21:34:49Z
0.releases.1952.tender.documents.4,0.releases.1952,0,112025101119423-7fd1,tenderNotice,Amended Tender Document,2025-12-22T21:34:49Z
0.releases.1953.tender.documents.0,0.releases.1953,0,122025100808138-7e86,tenderNotice,Tender document,2025-12-21T13:32:56Z
0.releases.1956.tender.documents.0,0.releases.1956,0,122025135749297-7fd6,tenderNotice,TENDER Document for Provision of transport services to CNRU 2026,2025-12-05T14:37:49Z
0.releases.1961.tender.documents.0,0.releases.1961,0,012026104658650-7bea,tenderNotice,TENDER DOCUMENT,2026-01-09T17:15:20Z
0.releases.1962.tender.documents.0,0.releases.1962,0,122025122603185-7e0f,tenderNotice,Tender document,2025-12-23T18:02:22Z
0.releases.1963.tender.documents.0,0.releases.1963,0,092025103738692-7d84,tenderNotice,DAO for Supply of Pig feeds,2025-09-26T09:05:09Z
0.releases.1963.tender.documents.1,0.releases.1963,0,092025103738707-7d83,tenderNotice,Beneficial Ownership ,2025-09-26T09:05:09Z
0.releases.1965.tender.documents.0,0.releases.1965,0,102025140946323-7fe0,tenderNotice,Tender Document,2025-12-22T21:34:49Z
0.releases.1965.tender.documents.1,0.releases.1965,0,102025143946235-7fff,tenderNotice,Beneficial Ownership Disclosure,2025-12-22T21:34:49Z
0.releases.1965.tender.documents.2,0.releases.1965,0,102025143946255-7ffe,tenderNotice,Form,2025-12-22T21:34:49Z
0.releases.1965.tender.documents.3,0.releases.1965,0,102025143946261-7ffd,tenderNotice,Form,2025-12-22T21:34:49Z
0.releases.1965.tender.documents.4,0.releases.1965,0,112025101119423-7fd1,tenderNotice,Amended Tender Document,2025-12-22T21:34:49Z
0.releases.1966.tender.documents.0,0.releases.1966,0,102025065956823-7fb1,tenderNotice,TENDER DOCUMENT,2025-11-01T19:54:38Z
0.releases.1966.tender.documents.1,0.releases.1966,0,102025065956829-7fb0,tenderNotice,Beneficial Ownership,2025-11-01T19:54:38Z
0.releases.1967.tender.documents.0,0.releases.1967,0,012026190108886-4c2e,tenderNotice,Tender document amdment ,2026-01-09T19:35:46Z
0.releases.1967.tender.documents.1,0.releases.1967,0,122025114008416-7e51,tenderNotice,Declaration of Beneficial Ownership of the company with a full registration Certificate  ,2026-01-09T19:35:46Z
0.releases.1967.tender.documents.2,0.releases.1967,0,122025114449804-7e4d,tenderNotice,Tender document for office station,2026-01-09T19:35:46Z
0.releases.1968.tender.documents.0,0.releases.1968,0,102025121517147-7ffe,tenderNotice,TD,2025-11-01T10:24:41Z
0.releases.1969.tender.documents.0,0.releases.1969,0,102025112819226-7fe3,tenderNotice,TD,2025-11-20T07:43:23Z
0.releases.1969.tender.documents.1,0.releases.1969,0,112025113200154-7e48,tenderNotice,TD,2025-11-20T07:43:23Z
0.releases.1969.tender.documents.2,0.releases.1969,0,112025113200171-7e47,tenderNotice,FORM,2025-11-20T07:43:23Z
0.releases.1970.tender.documents.0,0.releases.1970,0,102025104812902-7feb,tenderNotice,Beneficial ownership ,2025-10-31T10:48:12Z
0.releases.1970.tender.documents.1,0.releases.1970,0,102025104812906-7fea,tenderNotice,SBD,2025-10-31T10:48:12Z
0.releases.1972.tender.documents.0,0.releases.1972,0,102025104812902-7feb,tenderNotice,Beneficial ownership ,2025-10-31T10:48:12Z
0.releases.1972.tender.documents.1,0.releases.1972,0,102025104812906-7fea,tenderNotice,SBD,2025-10-31T10:48:12Z
0.releases.1973.tender.documents.0,0.releases.1973,0,122025204900267-7263,tenderNotice,Beneficial ownership form,2025-12-11T11:54:43Z
0.releases.1973.tender.documents.1,0.releases.1973,0,122025210509905-7260,tenderNotice,Tender document,2025-12-11T11:54:43Z
0.releases.1974.tender.documents.0,0.releases.1974,0,112025144839355-7fe3,tenderNotice,BD for Decoration,2025-11-20T17:48:34Z
0.releases.1974.tender.documents.1,0.releases.1974,0,112025144839360-7fe2,tenderNotice,Beneficial Ownership discloser  form,2025-11-20T17:48:34Z
0.releases.1975.tender.documents.0,0.releases.1975,0,102025143043497-7fe9,tenderNotice,RE- ADVERTIZED TD :LOT2,2025-10-23T14:56:59Z
0.releases.1975.tender.documents.1,0.releases.1975,0,102025143043569-7fe8,tenderNotice,BODDF,2025-10-23T14:56:59Z
0.releases.1977.tender.documents.0,0.releases.1977,0,082025134750528-7cd4,tenderNotice,DAO,2025-10-01T16:20:09Z
0.releases.1977.tender.documents.1,0.releases.1977,0,082025143101795-7b1f,tenderNotice,BENEFICIAL OWNERS OF PRIVATE C0MPANY,2025-10-01T16:20:09Z
0.releases.1977.tender.documents.2,0.releases.1977,0,092025112944141-7f4e,tenderNotice,2nd amendments of DAO ,2025-10-01T16:20:09Z
0.releases.1977.tender.documents.3,0.releases.1977,0,092025120923259-7a01,tenderNotice,Amended DAO,2025-10-01T16:20:09Z
0.releases.1977.tender.documents.4,0.releases.1977,0,102025131109634-7fcf,tenderNotice,3rd amendment of DAO,2025-10-01T16:20:09Z
0.releases.1978.tender.documents.0,0.releases.1978,0,082025134750528-7cd4,tenderNotice,DAO,2025-10-01T16:20:09Z
0.releases.1978.tender.documents.1,0.releases.1978,0,082025143101795-7b1f,tenderNotice,BENEFICIAL OWNERS OF PRIVATE C0MPANY,2025-10-01T16:20:09Z
0.releases.1978.tender.documents.2,0.releases.1978,0,092025112944141-7f4e,tenderNotice,2nd amendments of DAO ,2025-10-01T16:20:09Z
0.releases.1978.tender.documents.3,0.releases.1978,0,092025120923259-7a01,tenderNotice,Amended DAO,2025-10-01T16:20:09Z
0.releases.1978.tender.documents.4,0.releases.1978,0,102025131109634-7fcf,tenderNotice,3rd amendment of DAO,2025-10-01T16:20:09Z
0.releases.1979.tender.documents.0,0.releases.1979,0,082025134750528-7cd4,tenderNotice,DAO,2025-10-01T16:20:09Z
0.releases.1979.tender.documents.1,0.releases.1979,0,082025143101795-7b1f,tenderNotice,BENEFICIAL OWNERS OF PRIVATE C0MPANY,2025-10-01T16:20:09Z
0.releases.1979.tender.documents.2,0.releases.1979,0,092025112944141-7f4e,tenderNotice,2nd amendments of DAO ,2025-10-01T16:20:09Z
0.releases.1979.tender.documents.3,0.releases.1979,0,092025120923259-7a01,tenderNotice,Amended DAO,2025-10-01T16:20:09Z
0.releases.1979.tender.documents.4,0.releases.1979,0,102025131109634-7fcf,tenderNotice,3rd amendment of DAO,2025-10-01T16:20:09Z
0.releases.1980.tender.documents.0,0.releases.1980,0,082025134750528-7cd4,tenderNotice,DAO,2025-10-01T16:20:09Z
0.releases.1980.tender.documents.1,0.releases.1980,0,082025143101795-7b1f,tenderNotice,BENEFICIAL OWNERS OF PRIVATE C0MPANY,2025-10-01T16:20:09Z
0.releases.1980.tender.documents.2,0.releases.1980,0,092025112944141-7f4e,tenderNotice,2nd amendments of DAO ,2025-10-01T16:20:09Z
0.releases.1980.tender.documents.3,0.releases.1980,0,092025120923259-7a01,tenderNotice,Amended DAO,2025-10-01T16:20:09Z
0.releases.1980.tender.documents.4,0.releases.1980,0,102025131109634-7fcf,tenderNotice,3rd amendment of DAO,2025-10-01T16:20:09Z
0.releases.1983.tender.documents.0,0.releases.1983,0,082025134750528-7cd4,tenderNotice,DAO,2025-10-01T16:20:09Z
0.releases.1983.tender.documents.1,0.releases.1983,0,082025143101795-7b1f,tenderNotice,BENEFICIAL OWNERS OF PRIVATE C0MPANY,2025-10-01T16:20:09Z
0.releases.1983.tender.documents.2,0.releases.1983,0,092025112944141-7f4e,tenderNotice,2nd amendments of DAO ,2025-10-01T16:20:09Z
0.releases.1983.tender.documents.3,0.releases.1983,0,092025120923259-7a01,tenderNotice,Amended DAO,2025-10-01T16:20:09Z
0.releases.1983.tender.documents.4,0.releases.1983,0,102025131109634-7fcf,tenderNotice,3rd amendment of DAO,2025-10-01T16:20:09Z
0.releases.1984.tender.documents.0,0.releases.1984,0,082025134750528-7cd4,tenderNotice,DAO,2025-10-01T16:20:09Z
0.releases.1984.tender.documents.1,0.releases.1984,0,082025143101795-7b1f,tenderNotice,BENEFICIAL OWNERS OF PRIVATE C0MPANY,2025-10-01T16:20:09Z
0.releases.1984.tender.documents.2,0.releases.1984,0,092025112944141-7f4e,tenderNotice,2nd amendments of DAO ,2025-10-01T16:20:09Z
0.releases.1984.tender.documents.3,0.releases.1984,0,092025120923259-7a01,tenderNotice,Amended DAO,2025-10-01T16:20:09Z
0.releases.1984.tender.documents.4,0.releases.1984,0,102025131109634-7fcf,tenderNotice,3rd amendment of DAO,2025-10-01T16:20:09Z
0.releases.1985.tender.documents.0,0.releases.1985,0,092025133511810-7fec,tenderNotice,TD,2025-09-04T22:11:01Z
0.releases.1986.tender.documents.0,0.releases.1986,0,122025102501499-7038,tenderNotice,TD,2025-12-01T15:26:46Z
0.releases.1987.tender.documents.0,0.releases.1987,0,122025124149810-7d41,tenderNotice,Tender Document,2025-12-31T04:13:24Z
0.releases.1988.tender.documents.0,0.releases.1988,0,102025104812902-7feb,tenderNotice,Beneficial ownership ,2025-10-31T10:48:12Z
0.releases.1988.tender.documents.1,0.releases.1988,0,102025104812906-7fea,tenderNotice,SBD,2025-10-31T10:48:12Z
0.releases.1989.tender.documents.0,0.releases.1989,0,122025122447063-7d42,tenderNotice,Tender Document,2025-12-31T04:13:57Z
0.releases.1991.tender.documents.0,0.releases.1991,0,082025134750528-7cd4,tenderNotice,DAO,2025-10-01T16:20:09Z
0.releases.1991.tender.documents.1,0.releases.1991,0,082025143101795-7b1f,tenderNotice,BENEFICIAL OWNERS OF PRIVATE C0MPANY,2025-10-01T16:20:09Z
0.releases.1991.tender.documents.2,0.releases.1991,0,092025112944141-7f4e,tenderNotice,2nd amendments of DAO ,2025-10-01T16:20:09Z
0.releases.1991.tender.documents.3,0.releases.1991,0,092025120923259-7a01,tenderNotice,Amended DAO,2025-10-01T16:20:09Z
0.releases.1991.tender.documents.4,0.releases.1991,0,102025131109634-7fcf,tenderNotice,3rd amendment of DAO,2025-10-01T16:20:09Z
0.releases.1992.tender.documents.0,0.releases.1992,0,122025145030419-7f7c,tenderNotice,TENDER DOCUMENT,2025-12-15T15:23:22Z
0.releases.1993.tender.documents.0,0.releases.1993,0,122025122603185-7e0f,tenderNotice,Tender document,2025-12-23T18:02:22Z
0.releases.1995.tender.documents.0,0.releases.1995,0,082025134750528-7cd4,tenderNotice,DAO,2025-10-01T16:20:09Z
0.releases.1995.tender.documents.1,0.releases.1995,0,082025143101795-7b1f,tenderNotice,BENEFICIAL OWNERS OF PRIVATE C0MPANY,2025-10-01T16:20:09Z
0.releases.1995.tender.documents.2,0.releases.1995,0,092025112944141-7f4e,tenderNotice,2nd amendments of DAO ,2025-10-01T16:20:09Z
0.releases.1995.tender.documents.3,0.releases.1995,0,092025120923259-7a01,tenderNotice,Amended DAO,2025-10-01T16:20:09Z
0.releases.1995.tender.documents.4,0.releases.1995,0,102025131109634-7fcf,tenderNotice,3rd amendment of DAO,2025-10-01T16:20:09Z
0.releases.1996.tender.documents.0,0.releases.1996,0,082025134750528-7cd4,tenderNotice,DAO,2025-10-01T16:20:09Z
0.releases.1996.tender.documents.1,0.releases.1996,0,082025143101795-7b1f,tenderNotice,BENEFICIAL OWNERS OF PRIVATE C0MPANY,2025-10-01T16:20:09Z
0.releases.1996.tender.documents.2,0.releases.1996,0,092025112944141-7f4e,tenderNotice,2nd amendments of DAO ,2025-10-01T16:20:09Z
0.releases.1996.tender.documents.3,0.releases.1996,0,092025120923259-7a01,tenderNotice,Amended DAO,2025-10-01T16:20:09Z
0.releases.1996.tender.documents.4,0.releases.1996,0,102025131109634-7fcf,tenderNotice,3rd amendment of DAO,2025-10-01T16:20:09Z
0.releases.1997.tender.documents.0,0.releases.1997,0,112025182057833-7fe4,tenderNotice,STANDARD BIDDING DOCUMENT,2025-11-18T18:29:36Z
0.releases.1997.tender.documents.1,0.releases.1997,0,112025182057838-7fe3,tenderNotice,BENEFICIAL OWNERSHIP DISCLOSURE,2025-11-18T18:29:36Z
0.releases.2001.tender.documents.0,0.releases.2001,0,122025151408909-7fd5,tenderNotice,TENDER DOCUMENT ,2025-12-12T16:47:01Z
0.releases.2003.tender.documents.0,0.releases.2003,0,012026131726660-7bd3,tenderNotice,TENDER DOCUMENT,2026-01-08T16:41:58Z
0.releases.2003.tender.documents.1,0.releases.2003,0,012026131726675-7bd2,tenderNotice,Beneficial ownership ,2026-01-08T16:41:58Z
0.releases.2004.tender.documents.0,0.releases.2004,0,112025165057266-7e10,tenderNotice,REOI Document-RWAMAGANA,2025-11-29T19:41:41Z
0.releases.2004.tender.documents.1,0.releases.2004,0,112025165057274-7e0f,tenderNotice,DECLARATION OF BENEFICIAL OWNERS OF PRIVATE C0MPANIES-TO BE WELL FILLED,2025-11-29T19:41:41Z
0.releases.2005.tender.documents.0,0.releases.2005,0,122025104154943-7e56,tenderNotice,TENDER DOCUMENT,2025-12-22T13:47:40Z
0.releases.2014.tender.documents.0,0.releases.2014,0,122025101855277-7f94,tenderNotice,TENDER DOCUMENT,2025-12-17T09:19:37Z
0.releases.2014.tender.documents.1,0.releases.2014,0,122025152018911-7fd3,tenderNotice,Lot I: DEATILED UNIT PRICE OF Maternal and Neonatal Care Equipment,2025-12-17T09:19:37Z
0.releases.2014.tender.documents.2,0.releases.2014,0,122025152018917-7fd2,tenderNotice,"Lot II: DEATILED UNIT PRICE OF Anesthesia, Ophthalmology & Critical Care Equipment",2025-12-17T09:19:37Z
0.releases.2014.tender.documents.3,0.releases.2014,0,122025152018922-7fd1,tenderNotice,"Lot III: DEATILED UNIT PRICE OF Surgical, Ophthalmology & Operating Theatre Equipment",2025-12-17T09:19:37Z
0.releases.2017.tender.documents.0,0.releases.2017,0,112025132331780-7ffa,tenderNotice,Tender document,2025-11-14T12:39:40Z
0.releases.2017.tender.documents.1,0.releases.2017,0,112025132332111-7ff9,tenderNotice,Beneficial ownership Disclosure form,2025-11-14T12:39:40Z
0.releases.2018.tender.documents.0,0.releases.2018,0,122025184240891-7044,tenderNotice,RFP,2025-12-15T11:39:17Z
0.releases.2018.tender.documents.1,0.releases.2018,0,122025184240898-7043,tenderNotice,Authorization from RPPA,2025-12-15T11:39:17Z
0.releases.2019.tender.documents.0,0.releases.2019,0,122025110455833-7622,tenderNotice,TENDER DOCUMENT,2025-12-17T09:19:57Z
0.releases.2020.tender.documents.0,0.releases.2020,0,092025121347069-7fa7,tenderNotice,DAO,2025-10-24T09:48:51Z
0.releases.2020.tender.documents.1,0.releases.2020,0,092025121347079-7fa6,tenderNotice,Beneficial owernership form,2025-10-24T09:48:51Z
0.releases.2021.tender.documents.0,0.releases.2021,0,122025102745130-7da3,tenderNotice,Tender document,2025-12-29T11:43:24Z
0.releases.2024.tender.documents.0,0.releases.2024,0,122025123558967-7e0e,tenderNotice,Update tender document ,2025-12-23T13:24:47Z
0.releases.2024.tender.documents.1,0.releases.2024,0,122025123903635-72f5,tenderNotice,Tender documents ,2025-12-23T13:24:47Z
0.releases.2024.tender.documents.2,0.releases.2024,0,122025123903645-72f4,tenderNotice,Beneficial ownership disclosure ,2025-12-23T13:24:47Z
0.releases.2027.tender.documents.0,0.releases.2027,0,122025115337121-6d55,tenderNotice,beneficial ownership disclosure form,2025-12-02T18:48:38Z
0.releases.2027.tender.documents.1,0.releases.2027,0,122025143505050-7e0c,tenderNotice,Tender Document,2025-12-02T18:48:38Z
0.releases.2029.tender.documents.0,0.releases.2029,0,122025123558967-7e0e,tenderNotice,Update tender document ,2025-12-23T13:24:47Z
0.releases.2029.tender.documents.1,0.releases.2029,0,122025123903635-72f5,tenderNotice,Tender documents ,2025-12-23T13:24:47Z
0.releases.2029.tender.documents.2,0.releases.2029,0,122025123903645-72f4,tenderNotice,Beneficial ownership disclosure ,2025-12-23T13:24:47Z
0.releases.2032.tender.documents.0,0.releases.2032,0,112023013050895-7f65,tenderNotice,RFP,2023-11-22T12:09:02Z
0.releases.2032.tender.documents.1,0.releases.2032,0,112023013050907-7f64,tenderNotice,Table of prices (should be filled and submitted in e-procurement system),2023-11-22T12:09:02Z
0.releases.2033.tender.documents.0,0.releases.2033,0,082025134750528-7cd4,tenderNotice,DAO,2025-10-01T16:20:09Z
0.releases.2033.tender.documents.1,0.releases.2033,0,082025143101795-7b1f,tenderNotice,BENEFICIAL OWNERS OF PRIVATE C0MPANY,2025-10-01T16:20:09Z
0.releases.2033.tender.documents.2,0.releases.2033,0,092025112944141-7f4e,tenderNotice,2nd amendments of DAO ,2025-10-01T16:20:09Z
0.releases.2033.tender.documents.3,0.releases.2033,0,092025120923259-7a01,tenderNotice,Amended DAO,2025-10-01T16:20:09Z
0.releases.2033.tender.documents.4,0.releases.2033,0,102025131109634-7fcf,tenderNotice,3rd amendment of DAO,2025-10-01T16:20:09Z
0.releases.2035.tender.documents.0,0.releases.2035,0,082025134750528-7cd4,tenderNotice,DAO,2025-10-01T16:20:09Z
0.releases.2035.tender.documents.1,0.releases.2035,0,082025143101795-7b1f,tenderNotice,BENEFICIAL OWNERS OF PRIVATE C0MPANY,2025-10-01T16:20:09Z
0.releases.2035.tender.documents.2,0.releases.2035,0,092025112944141-7f4e,tenderNotice,2nd amendments of DAO ,2025-10-01T16:20:09Z
0.releases.2035.tender.documents.3,0.releases.2035,0,092025120923259-7a01,tenderNotice,Amended DAO,2025-10-01T16:20:09Z
0.releases.2035.tender.documents.4,0.releases.2035,0,102025131109634-7fcf,tenderNotice,3rd amendment of DAO,2025-10-01T16:20:09Z
0.releases.2036.tender.documents.0,0.releases.2036,0,112025145008489-7fa4,tenderNotice,TENDER DOCUMENT,2025-11-13T11:19:49Z
0.releases.2037.tender.documents.0,0.releases.2037,0,122025104154943-7e56,tenderNotice,TENDER DOCUMENT,2025-12-22T13:47:40Z
0.releases.2038.tender.documents.0,0.releases.2038,0,082025060117366-7c50,tenderNotice,Beneficial ownership disclosure form,2025-08-29T15:27:32Z
0.releases.2038.tender.documents.1,0.releases.2038,0,082025181557860-7231,tenderNotice,Tender Document,2025-08-29T15:27:32Z
0.releases.2039.tender.documents.0,0.releases.2039,0,122025114416986-7f80,tenderNotice,DAO-Purchase of Laboratory Tools for CAFF,2025-12-08T12:17:29Z
0.releases.2039.tender.documents.1,0.releases.2039,0,122025122053527-7fe6,tenderNotice,Beneficial Ownership Disclosure Foarm,2025-12-08T12:17:29Z
0.releases.2041.tender.documents.0,0.releases.2041,0,082025134750528-7cd4,tenderNotice,DAO,2025-10-01T16:20:09Z
0.releases.2041.tender.documents.1,0.releases.2041,0,082025143101795-7b1f,tenderNotice,BENEFICIAL OWNERS OF PRIVATE C0MPANY,2025-10-01T16:20:09Z
0.releases.2041.tender.documents.2,0.releases.2041,0,092025112944141-7f4e,tenderNotice,2nd amendments of DAO ,2025-10-01T16:20:09Z
0.releases.2041.tender.documents.3,0.releases.2041,0,092025120923259-7a01,tenderNotice,Amended DAO,2025-10-01T16:20:09Z
0.releases.2041.tender.documents.4,0.releases.2041,0,102025131109634-7fcf,tenderNotice,3rd amendment of DAO,2025-10-01T16:20:09Z
0.releases.2045.tender.documents.0,0.releases.2045,0,122025121355650-7f7a,tenderNotice,TD For sport sevice ,2025-12-08T14:55:05Z
0.releases.2046.tender.documents.0,0.releases.2046,0,122025121355650-7f7a,tenderNotice,TD For sport sevice ,2025-12-08T14:55:05Z
0.releases.2047.tender.documents.0,0.releases.2047,0,122025121355650-7f7a,tenderNotice,TD For sport sevice ,2025-12-08T14:55:05Z
0.releases.2048.tender.documents.0,0.releases.2048,0,122025121355650-7f7a,tenderNotice,TD For sport sevice ,2025-12-08T14:55:05Z
0.releases.2049.tender.documents.0,0.releases.2049,0,122025121355650-7f7a,tenderNotice,TD For sport sevice ,2025-12-08T14:55:05Z
0.releases.2050.tender.documents.0,0.releases.2050,0,122025121355650-7f7a,tenderNotice,TD For sport sevice ,2025-12-08T14:55:05Z
0.releases.2051.tender.documents.0,0.releases.2051,0,122025121355650-7f7a,tenderNotice,TD For sport sevice ,2025-12-08T14:55:05Z
0.releases.2052.tender.documents.0,0.releases.2052,0,122025121355650-7f7a,tenderNotice,TD For sport sevice ,2025-12-08T14:55:05Z
0.releases.2053.tender.documents.0,0.releases.2053,0,122025121355650-7f7a,tenderNotice,TD For sport sevice ,2025-12-08T14:55:05Z
0.releases.2054.tender.documents.0,0.releases.2054,0,102023132409067-7b22,tenderNotice,Tender document,2023-11-09T15:24:30Z
0.releases.2054.tender.documents.1,0.releases.2054,0,112023145356508-7dc3,tenderNotice,Addendum,2023-11-09T15:24:30Z
0.releases.2054.tender.documents.2,0.releases.2054,0,112023145356519-7dc2,tenderNotice,Amended tender document,2023-11-09T15:24:30Z
0.releases.2055.tender.documents.0,0.releases.2055,0,102025101413510-7ff7,tenderNotice,BENEFICIAL OWNERSHIP DISCLODURE,2025-11-21T14:39:12Z
0.releases.2055.tender.documents.1,0.releases.2055,0,112025161246160-7fc5,tenderNotice,AMENDED CLEANING TENDER DOCUMENT,2025-11-21T14:39:12Z
0.releases.2055.tender.documents.2,0.releases.2055,0,112025171442258-7f8f,tenderNotice,TENDER DOCUMENT,2025-11-21T14:39:12Z
0.releases.2055.tender.documents.3,0.releases.2055,0,112025181806005-7f93,tenderNotice,AMENDED TENDER DOCUMENT FOR CLEANING SERVICE,2025-11-21T14:39:12Z
0.releases.2056.tender.documents.0,0.releases.2056,0,012026170919422-7bbb,tenderNotice,TENDER DOCUMENT,2026-01-08T17:13:05Z
0.releases.2057.tender.documents.0,0.releases.2057,0,112024092222986-7ff6,tenderNotice,Signed IL&RFP,2024-11-22T20:09:18Z
0.releases.2057.tender.documents.1,0.releases.2057,0,112024092223117-7ff5,tenderNotice,RFP in word version only for reference,2024-11-22T20:09:18Z
0.releases.2057.tender.documents.2,0.releases.2057,0,112024195853785-7f09,tenderNotice,clarifications to RFP,2024-11-22T20:09:18Z
0.releases.2058.tender.documents.0,0.releases.2058,0,082025060117366-7c50,tenderNotice,Beneficial ownership disclosure form,2025-08-29T15:27:32Z
0.releases.2058.tender.documents.1,0.releases.2058,0,082025181557860-7231,tenderNotice,Tender Document,2025-08-29T15:27:32Z
0.releases.2059.tender.documents.0,0.releases.2059,0,042025154809261-7a03,tenderNotice,Tender document,2025-04-18T21:45:09Z
0.releases.2059.tender.documents.1,0.releases.2059,0,042025154809459-7a02,tenderNotice,Disclosure of ownership form,2025-04-18T21:45:09Z
0.releases.2060.tender.documents.0,0.releases.2060,0,122025102745130-7da3,tenderNotice,Tender document,2025-12-29T11:43:24Z
0.releases.2062.tender.documents.0,0.releases.2062,0,092025142224910-7db7,tenderNotice,RE-ADVERTISED TENDER DOCUMENT,2025-09-30T09:08:02Z
0.releases.2066.tender.documents.0,0.releases.2066,0,042025160729496-79fa,tenderNotice,Tender document,2025-04-18T21:43:55Z
0.releases.2066.tender.documents.1,0.releases.2066,0,042025161103824-79f9,tenderNotice,Tender document,2025-04-18T21:43:55Z
0.releases.2070.tender.documents.0,0.releases.2070,0,122025204900267-7263,tenderNotice,Beneficial ownership form,2025-12-11T11:54:43Z
0.releases.2070.tender.documents.1,0.releases.2070,0,122025210509905-7260,tenderNotice,Tender document,2025-12-11T11:54:43Z
0.releases.2073.tender.documents.0,0.releases.2073,0,122025143229961-675e,tenderNotice,REoI,2025-12-24T20:20:45Z
0.releases.2073.tender.documents.1,0.releases.2073,0,122025143229968-675d,tenderNotice,ToRs,2025-12-24T20:20:45Z
0.releases.2076.tender.documents.0,0.releases.2076,0,112025073953066-7b24,tenderNotice,T o R,2025-11-15T09:42:03Z
0.releases.2079.tender.documents.0,0.releases.2079,0,122025114416986-7f80,tenderNotice,DAO-Purchase of Laboratory Tools for CAFF,2025-12-08T12:17:29Z
0.releases.2079.tender.documents.1,0.releases.2079,0,122025122053527-7fe6,tenderNotice,Beneficial Ownership Disclosure Foarm,2025-12-08T12:17:29Z
0.releases.2082.tender.documents.0,0.releases.2082,0,102025173339739-7fe0,tenderNotice,TD SPORTS FACILITATION ACTIVITIES,2025-10-29T15:16:28Z
0.releases.2083.tender.documents.0,0.releases.2083,0,102025173339739-7fe0,tenderNotice,TD SPORTS FACILITATION ACTIVITIES,2025-10-29T15:16:28Z
0.releases.2084.tender.documents.0,0.releases.2084,0,082025134750528-7cd4,tenderNotice,DAO,2025-10-01T16:20:09Z
0.releases.2084.tender.documents.1,0.releases.2084,0,082025143101795-7b1f,tenderNotice,BENEFICIAL OWNERS OF PRIVATE C0MPANY,2025-10-01T16:20:09Z
0.releases.2084.tender.documents.2,0.releases.2084,0,092025112944141-7f4e,tenderNotice,2nd amendments of DAO ,2025-10-01T16:20:09Z
0.releases.2084.tender.documents.3,0.releases.2084,0,092025120923259-7a01,tenderNotice,Amended DAO,2025-10-01T16:20:09Z
0.releases.2084.tender.documents.4,0.releases.2084,0,102025131109634-7fcf,tenderNotice,3rd amendment of DAO,2025-10-01T16:20:09Z
0.releases.2085.tender.documents.0,0.releases.2085,0,082025134750528-7cd4,tenderNotice,DAO,2025-10-01T16:20:09Z
0.releases.2085.tender.documents.1,0.releases.2085,0,082025143101795-7b1f,tenderNotice,BENEFICIAL OWNERS OF PRIVATE C0MPANY,2025-10-01T16:20:09Z
0.releases.2085.tender.documents.2,0.releases.2085,0,092025112944141-7f4e,tenderNotice,2nd amendments of DAO ,2025-10-01T16:20:09Z
0.releases.2085.tender.documents.3,0.releases.2085,0,092025120923259-7a01,tenderNotice,Amended DAO,2025-10-01T16:20:09Z
0.releases.2085.tender.documents.4,0.releases.2085,0,102025131109634-7fcf,tenderNotice,3rd amendment of DAO,2025-10-01T16:20:09Z
0.releases.2086.tender.documents.0,0.releases.2086,0,082025134750528-7cd4,tenderNotice,DAO,2025-10-01T16:20:09Z
0.releases.2086.tender.documents.1,0.releases.2086,0,082025143101795-7b1f,tenderNotice,BENEFICIAL OWNERS OF PRIVATE C0MPANY,2025-10-01T16:20:09Z
0.releases.2086.tender.documents.2,0.releases.2086,0,092025112944141-7f4e,tenderNotice,2nd amendments of DAO ,2025-10-01T16:20:09Z
0.releases.2086.tender.documents.3,0.releases.2086,0,092025120923259-7a01,tenderNotice,Amended DAO,2025-10-01T16:20:09Z
0.releases.2086.tender.documents.4,0.releases.2086,0,102025131109634-7fcf,tenderNotice,3rd amendment of DAO,2025-10-01T16:20:09Z
0.releases.2087.tender.documents.0,0.releases.2087,0,082025134750528-7cd4,tenderNotice,DAO,2025-10-01T16:20:09Z
0.releases.2087.tender.documents.1,0.releases.2087,0,082025143101795-7b1f,tenderNotice,BENEFICIAL OWNERS OF PRIVATE C0MPANY,2025-10-01T16:20:09Z
0.releases.2087.tender.documents.2,0.releases.2087,0,092025112944141-7f4e,tenderNotice,2nd amendments of DAO ,2025-10-01T16:20:09Z
0.releases.2087.tender.documents.3,0.releases.2087,0,092025120923259-7a01,tenderNotice,Amended DAO,2025-10-01T16:20:09Z
0.releases.2087.tender.documents.4,0.releases.2087,0,102025131109634-7fcf,tenderNotice,3rd amendment of DAO,2025-10-01T16:20:09Z
0.releases.2088.tender.documents.0,0.releases.2088,0,112024160448513-7efb,tenderNotice,Beneficial Ownership Disclosure Declaration form,2024-11-25T19:32:44Z
0.releases.2088.tender.documents.1,0.releases.2088,0,112024160737233-7ef9,tenderNotice,TD,2024-11-25T19:32:44Z
0.releases.2089.tender.documents.0,0.releases.2089,0,042025160729496-79fa,tenderNotice,Tender document,2025-04-18T21:43:55Z
0.releases.2089.tender.documents.1,0.releases.2089,0,042025161103824-79f9,tenderNotice,Tender document,2025-04-18T21:43:55Z
0.releases.2090.tender.documents.0,0.releases.2090,0,112023013050895-7f65,tenderNotice,RFP,2023-11-22T12:09:02Z
0.releases.2090.tender.documents.1,0.releases.2090,0,112023013050907-7f64,tenderNotice,Table of prices (should be filled and submitted in e-procurement system),2023-11-22T12:09:02Z
0.releases.2091.tender.documents.0,0.releases.2091,0,112025104325934-7ff8,tenderNotice,Tender Document,2025-11-19T10:48:03Z
0.releases.2092.tender.documents.0,0.releases.2092,0,112025104325934-7ff8,tenderNotice,Tender Document,2025-11-19T10:48:03Z
0.releases.2093.tender.documents.0,0.releases.2093,0,042025154809261-7a03,tenderNotice,Tender document,2025-04-18T21:45:09Z
0.releases.2093.tender.documents.1,0.releases.2093,0,042025154809459-7a02,tenderNotice,Disclosure of ownership form,2025-04-18T21:45:09Z
0.releases.2094.tender.documents.0,0.releases.2094,0,012026152109473-7bf8,tenderNotice,Tender Document,2026-01-09T09:40:02Z
0.releases.2095.tender.documents.0,0.releases.2095,0,082025191034849-7d45,tenderNotice,REQUEST FOR EXPRESSION OF INTEREST,2025-08-15T07:15:52Z
0.releases.2095.tender.documents.1,0.releases.2095,0,082025200347271-7f02,tenderNotice,Beneficial ownership declaration,2025-08-15T07:15:52Z
0.releases.2095.tender.documents.2,0.releases.2095,0,102025134906104-7ff7,tenderNotice,Note to the RFP Addendum date 17-10-2025,2025-10-29T15:00:50Z
0.releases.2095.tender.documents.3,0.releases.2095,0,102025134906119-7ff6,tenderNotice,Amended RFP Document,2025-10-29T15:00:50Z
0.releases.2095.tender.documents.4,0.releases.2095,0,102025144147997-7e3a,tenderNotice,RFP DOCUMENT,2025-10-29T15:00:50Z
0.releases.2096.tender.documents.0,0.releases.2096,0,082025191034849-7d45,tenderNotice,REQUEST FOR EXPRESSION OF INTEREST,2025-08-15T07:15:52Z
0.releases.2096.tender.documents.1,0.releases.2096,0,082025200347271-7f02,tenderNotice,Beneficial ownership declaration,2025-08-15T07:15:52Z
0.releases.2096.tender.documents.2,0.releases.2096,0,102025134906104-7ff7,tenderNotice,Note to the RFP Addendum date 17-10-2025,2025-10-29T15:00:50Z
0.releases.2096.tender.documents.3,0.releases.2096,0,102025134906119-7ff6,tenderNotice,Amended RFP Document,2025-10-29T15:00:50Z
0.releases.2096.tender.documents.4,0.releases.2096,0,102025144147997-7e3a,tenderNotice,RFP DOCUMENT,2025-10-29T15:00:50Z
0.releases.2098.tender.documents.0,0.releases.2098,0,112025100249428-7ffe,tenderNotice,Updated tender document,2025-11-14T14:17:19Z
0.releases.2098.tender.documents.1,0.releases.2098,0,112025133535750-7ffb,tenderNotice,Tender Document,2025-11-14T14:17:19Z
0.releases.2098.tender.documents.2,0.releases.2098,0,112025133535765-7ffa,tenderNotice,Declaration of Beneficial Ownership of the Company form,2025-11-14T14:17:19Z
0.releases.2101.tender.documents.0,0.releases.2101,0,022025102525105-7ed7,tenderNotice,Tender Document (DAO),2025-02-05T10:42:37Z
0.releases.2101.tender.documents.1,0.releases.2101,0,022025102525112-7ed6,tenderNotice,Techinical specifications,2025-02-05T10:42:37Z
0.releases.2101.tender.documents.2,0.releases.2101,0,022025102525120-7ed5,tenderNotice,Beneficial ownership declaration form,2025-02-05T10:42:37Z
0.releases.2102.tender.documents.0,0.releases.2102,0,042025142007084-7764,tenderNotice,REOI,2025-04-10T15:26:03Z
0.releases.2102.tender.documents.1,0.releases.2102,0,062025225036831-7e89,tenderNotice,RFP,2025-06-13T08:19:29Z
0.releases.2103.tender.documents.0,0.releases.2103,0,042025142007084-7764,tenderNotice,REOI,2025-04-10T15:26:03Z
0.releases.2103.tender.documents.1,0.releases.2103,0,062025225036831-7e89,tenderNotice,RFP,2025-06-13T08:19:29Z
0.releases.2104.tender.documents.0,0.releases.2104,0,122025131607913-7e65,tenderNotice,Tender document,2025-12-01T16:41:28Z
0.releases.2106.tender.documents.0,0.releases.2106,0,092023130533831-7ef5,tenderNotice,tender document,2023-09-26T16:20:28Z
0.releases.2107.tender.documents.0,0.releases.2107,0,092023130533831-7ef5,tenderNotice,tender document,2023-09-26T16:20:28Z
0.releases.2108.tender.documents.0,0.releases.2108,0,122025101717627-665a,tenderNotice,Tender document,2025-12-30T13:46:06Z
0.releases.2109.tender.documents.0,0.releases.2109,0,062024210809344-7f77,tenderNotice,TENDER DOCUMENT,2024-07-30T11:39:17Z
0.releases.2109.tender.documents.1,0.releases.2109,0,062024210809348-7f76,tenderNotice,Beneficial ownership disclosure form,2024-07-30T11:39:17Z
0.releases.2109.tender.documents.2,0.releases.2109,0,072024131617967-6c1d,tenderNotice,AMENDED TENDER DOCUMENT,2024-07-30T11:39:17Z
0.releases.2109.tender.documents.3,0.releases.2109,0,072024162242200-7e57,tenderNotice,Final TD,2024-07-30T11:39:17Z
0.releases.2110.tender.documents.0,0.releases.2110,0,062024210809344-7f77,tenderNotice,TENDER DOCUMENT,2024-07-30T11:39:17Z
0.releases.2110.tender.documents.1,0.releases.2110,0,062024210809348-7f76,tenderNotice,Beneficial ownership disclosure form,2024-07-30T11:39:17Z
0.releases.2110.tender.documents.2,0.releases.2110,0,072024131617967-6c1d,tenderNotice,AMENDED TENDER DOCUMENT,2024-07-30T11:39:17Z
0.releases.2110.tender.documents.3,0.releases.2110,0,072024162242200-7e57,tenderNotice,Final TD,2024-07-30T11:39:17Z
0.releases.2111.tender.documents.0,0.releases.2111,0,072024150453216-63d7,tenderNotice,TENDER DOCUMENT,2024-07-24T14:57:57Z
0.releases.2111.tender.documents.1,0.releases.2111,0,072024150453224-63d6,tenderNotice,Beneficial Ownership Disclosure Form,2024-07-24T14:57:57Z
0.releases.2112.tender.documents.0,0.releases.2112,0,112023123842436-7ee2,tenderNotice,Tender Document,2023-11-09T22:13:49Z
0.releases.2112.tender.documents.1,0.releases.2112,0,112023123842447-7ee1,tenderNotice,Accurate price schedule,2023-11-09T22:13:49Z
0.releases.2112.tender.documents.2,0.releases.2112,0,112023123842451-7ee0,tenderNotice,RPPA Authorization,2023-11-09T22:13:49Z
0.releases.2113.tender.documents.0,0.releases.2113,0,112025162009046-7f7c,tenderNotice,TENDER DOCUMENT,2025-11-14T09:08:50Z
0.releases.2115.tender.documents.0,0.releases.2115,0,112025153238668-7f39,tenderNotice,Tender document,2025-11-26T09:06:21Z
0.releases.2115.tender.documents.1,0.releases.2115,0,112025153238675-7f38,tenderNotice,Beneficial ownership form,2025-11-26T09:06:21Z
0.releases.2116.tender.documents.0,0.releases.2116,0,042023102252066-4dec,tenderNotice,EOI,2023-04-12T19:14:51Z
0.releases.2116.tender.documents.1,0.releases.2116,0,052023105415358-66e5,tenderNotice,Amended RFP,2023-06-26T17:40:29Z
0.releases.2116.tender.documents.2,0.releases.2116,0,052023144602792-7b58,tenderNotice,RFP,2023-06-26T17:40:29Z
0.releases.2116.tender.documents.3,0.releases.2116,0,062023121809192-1cb7,tenderNotice,Amended RFP,2023-06-26T17:40:29Z
0.releases.2117.tender.documents.0,0.releases.2117,0,042023102252066-4dec,tenderNotice,EOI,2023-04-12T19:14:51Z
0.releases.2117.tender.documents.1,0.releases.2117,0,052023105415358-66e5,tenderNotice,Amended RFP,2023-06-26T17:40:29Z
0.releases.2117.tender.documents.2,0.releases.2117,0,052023144602792-7b58,tenderNotice,RFP,2023-06-26T17:40:29Z
0.releases.2117.tender.documents.3,0.releases.2117,0,062023121809192-1cb7,tenderNotice,Amended RFP,2023-06-26T17:40:29Z
0.releases.2118.tender.documents.0,0.releases.2118,0,112025153824912-7ecc,tenderNotice,Dao of Purchase of medical equipments,2025-11-28T12:08:12Z
0.releases.2118.tender.documents.1,0.releases.2118,0,112025153824922-7ecb,tenderNotice,Beneficial Ownership Disclosure form,2025-11-28T12:08:12Z
0.releases.2122.tender.documents.0,0.releases.2122,0,112025171810842-77d4,tenderNotice,Tender document,2025-11-26T15:41:59Z
0.releases.2123.tender.documents.0,0.releases.2123,0,112025162409055-7f77,tenderNotice,tender document,2025-11-12T17:03:18Z
0.releases.2123.tender.documents.1,0.releases.2123,0,112025162409069-7f76,tenderNotice,BENEFICIAL OWNERSHIP DISCLOSURE FORM,2025-11-12T17:03:18Z
0.releases.2133.tender.documents.0,0.releases.2133,0,122025090905223-7f51,tenderNotice,Tender Document,2025-12-17T08:36:17Z
0.releases.2134.tender.documents.0,0.releases.2134,0,102025140946323-7fe0,tenderNotice,Tender Document,2025-12-22T21:34:49Z
0.releases.2134.tender.documents.1,0.releases.2134,0,102025143946235-7fff,tenderNotice,Beneficial Ownership Disclosure,2025-12-22T21:34:49Z
0.releases.2134.tender.documents.2,0.releases.2134,0,102025143946255-7ffe,tenderNotice,Form,2025-12-22T21:34:49Z
0.releases.2134.tender.documents.3,0.releases.2134,0,102025143946261-7ffd,tenderNotice,Form,2025-12-22T21:34:49Z
0.releases.2134.tender.documents.4,0.releases.2134,0,112025101119423-7fd1,tenderNotice,Amended Tender Document,2025-12-22T21:34:49Z
0.releases.2135.tender.documents.0,0.releases.2135,0,092025124420160-7c1d,tenderNotice,Tender document,2025-10-19T15:24:24Z
0.releases.2135.tender.documents.1,0.releases.2135,0,092025124420188-7c1c,tenderNotice,terms of reference,2025-10-19T15:24:24Z
0.releases.2135.tender.documents.2,0.releases.2135,0,092025124420204-7c1b,tenderNotice,Beneficial ownership disclosure declaration form,2025-10-19T15:24:24Z
0.releases.2135.tender.documents.3,0.releases.2135,0,092025151603527-7ed1,tenderNotice,Amended ToRs,2025-10-19T15:24:24Z
0.releases.2135.tender.documents.4,0.releases.2135,0,092025152230538-7683,tenderNotice,Amended ToRs,2025-10-19T15:24:24Z
0.releases.2136.tender.documents.0,0.releases.2136,0,102025140103081-7ff2,tenderNotice,TD,2025-10-29T12:13:46Z
0.releases.2136.tender.documents.1,0.releases.2136,0,102025140103094-7ff1,tenderNotice,DECLARATION OF BENEFICIAL OWNERSHIP,2025-10-29T12:13:46Z
0.releases.2139.tender.documents.0,0.releases.2139,0,122025143145841-6b5d,tenderNotice,Beneficial ownership Declaration,2025-12-07T11:46:30Z
0.releases.2139.tender.documents.1,0.releases.2139,0,122025145355692-6b56,tenderNotice,DAO,2025-12-07T11:46:30Z
0.releases.2143.tender.documents.0,0.releases.2143,0,122025170944415-7e48,tenderNotice,TENDER DOCUMENT,2025-12-01T17:16:03Z
0.releases.2144.tender.documents.0,0.releases.2144,0,012026170919422-7bbb,tenderNotice,TENDER DOCUMENT,2026-01-08T17:13:05Z
0.releases.2150.tender.documents.0,0.releases.2150,0,072025174115734-7ff2,tenderNotice,TD in word version only for reference,2025-07-29T18:13:33Z
0.releases.2150.tender.documents.1,0.releases.2150,0,072025174115741-7ff1,tenderNotice,TD,2025-07-29T18:13:33Z
0.releases.2150.tender.documents.2,0.releases.2150,0,072025174115810-7ff0,tenderNotice,Beneficial Ownership Disclosure Declaration form,2025-07-29T18:13:33Z
0.releases.2151.tender.documents.0,0.releases.2151,0,062025104745397-7ed7,tenderNotice,Tender Document in editable version for referenc eonly,2025-06-30T22:47:17Z
0.releases.2151.tender.documents.1,0.releases.2151,0,062025104745479-7ed6,tenderNotice,Beneficial Ownership Disclosure form to be well filled,2025-06-30T22:47:17Z
0.releases.2151.tender.documents.2,0.releases.2151,0,062025104945668-7ed5,tenderNotice,IL & RFP signed and stamped (Official Document),2025-06-30T22:47:17Z
0.releases.2152.tender.documents.0,0.releases.2152,0,072025110102279-7fad,tenderNotice,Signed TD,2025-07-29T18:13:17Z
0.releases.2152.tender.documents.1,0.releases.2152,0,072025110102386-7fac,tenderNotice,TD in word version only for reference,2025-07-29T18:13:17Z
0.releases.2152.tender.documents.2,0.releases.2152,0,072025110102391-7fab,tenderNotice,Beneficial Ownership Disclosure Declaration form,2025-07-29T18:13:17Z
0.releases.2153.tender.documents.0,0.releases.2153,0,112024092222986-7ff6,tenderNotice,Signed IL&RFP,2024-11-22T20:09:18Z
0.releases.2153.tender.documents.1,0.releases.2153,0,112024092223117-7ff5,tenderNotice,RFP in word version only for reference,2024-11-22T20:09:18Z
0.releases.2153.tender.documents.2,0.releases.2153,0,112024195853785-7f09,tenderNotice,clarifications to RFP,2024-11-22T20:09:18Z
0.releases.2154.tender.documents.0,0.releases.2154,0,102023081119876-7fe0,tenderNotice,Tender document,2023-10-17T15:51:02Z
0.releases.2154.tender.documents.1,0.releases.2154,0,102023114112174-7e8f,tenderNotice,AMENDED Tender document,2023-10-17T15:51:02Z
0.releases.2155.tender.documents.0,0.releases.2155,0,112025140756938-7f48,tenderNotice,DAO,2025-11-25T21:19:28Z
0.releases.2155.tender.documents.1,0.releases.2155,0,112025140756942-7f47,tenderNotice,Technical Specification,2025-11-25T21:19:28Z
0.releases.2155.tender.documents.2,0.releases.2155,0,112025140756945-7f46,tenderNotice,Beneficial Ownership Disclosure Declaration form,2025-11-25T21:19:28Z
0.releases.2156.tender.documents.0,0.releases.2156,0,112024214632806-7fc8,tenderNotice,TENDER DOCUMENT,2024-11-05T06:50:02Z
0.releases.2160.tender.documents.0,0.releases.2160,0,122025125707137-7f36,tenderNotice,Tender Document,2025-12-16T19:45:00Z
0.releases.2160.tender.documents.1,0.releases.2160,0,122025125707145-7f35,tenderNotice,Beneficial ownership disclosure form,2025-12-16T19:45:00Z
0.releases.2160.tender.documents.2,0.releases.2160,0,122025125707148-7f34,tenderNotice,drawing placard,2025-12-16T19:45:00Z
0.releases.2160.tender.documents.3,0.releases.2160,0,122025125707151-7f33,tenderNotice,drawing Teachers table,2025-12-16T19:45:00Z
0.releases.2160.tender.documents.4,0.releases.2160,0,122025125707154-7f32,tenderNotice,drawing Teachers chair,2025-12-16T19:45:00Z
0.releases.2160.tender.documents.5,0.releases.2160,0,122025125707158-7f31,tenderNotice,drawing doors and windows,2025-12-16T19:45:00Z
0.releases.2160.tender.documents.6,0.releases.2160,0,122025125707162-7f30,tenderNotice,drawing Desk,2025-12-16T19:45:00Z
0.releases.2161.tender.documents.0,0.releases.2161,0,032024180401502-7d20,tenderNotice,SIGNED &STAMPED ROEI& ToRs(OFFICIAL),2024-03-14T16:34:40Z
0.releases.2161.tender.documents.1,0.releases.2161,0,032024180401543-7d1f,tenderNotice,WORLD VERSION OF ROEI &ToRs ONLY FOR REFERENCE,2024-03-14T16:34:40Z
0.releases.2161.tender.documents.2,0.releases.2161,0,062024180533717-7e98,tenderNotice,Stamped and signed RFP (OFFICIAL),2024-06-26T18:17:09Z
0.releases.2161.tender.documents.3,0.releases.2161,0,062024180538222-7e97,tenderNotice,Stamped and signed Declaration of ownership,2024-06-26T18:17:09Z
0.releases.2161.tender.documents.4,0.releases.2161,0,062024180538248-7e96,tenderNotice,Editable declaration ownership  Form,2024-06-26T18:17:09Z
0.releases.2161.tender.documents.5,0.releases.2161,0,062024180538278-7e95,tenderNotice,Word version of RFP Only for Reference,2024-06-26T18:17:09Z
0.releases.2162.tender.documents.0,0.releases.2162,0,032024180401502-7d20,tenderNotice,SIGNED &STAMPED ROEI& ToRs(OFFICIAL),2024-03-14T16:34:40Z
0.releases.2162.tender.documents.1,0.releases.2162,0,032024180401543-7d1f,tenderNotice,WORLD VERSION OF ROEI &ToRs ONLY FOR REFERENCE,2024-03-14T16:34:40Z
0.releases.2162.tender.documents.2,0.releases.2162,0,062024180533717-7e98,tenderNotice,Stamped and signed RFP (OFFICIAL),2024-06-26T18:17:09Z
0.releases.2162.tender.documents.3,0.releases.2162,0,062024180538222-7e97,tenderNotice,Stamped and signed Declaration of ownership,2024-06-26T18:17:09Z
0.releases.2162.tender.documents.4,0.releases.2162,0,062024180538248-7e96,tenderNotice,Editable declaration ownership  Form,2024-06-26T18:17:09Z
0.releases.2162.tender.documents.5,0.releases.2162,0,062024180538278-7e95,tenderNotice,Word version of RFP Only for Reference,2024-06-26T18:17:09Z
0.releases.2163.tender.documents.0,0.releases.2163,0,092025161038850-7fd4,tenderNotice,Tender Document,2025-09-30T16:30:13Z
0.releases.2163.tender.documents.1,0.releases.2163,0,092025161103535-7fd3,tenderNotice,Beneficial Ownership Disclosure Declaration,2025-09-30T16:30:13Z
0.releases.2164.tender.documents.0,0.releases.2164,0,082025134750528-7cd4,tenderNotice,DAO,2025-10-01T16:20:09Z
0.releases.2164.tender.documents.1,0.releases.2164,0,082025143101795-7b1f,tenderNotice,BENEFICIAL OWNERS OF PRIVATE C0MPANY,2025-10-01T16:20:09Z
0.releases.2164.tender.documents.2,0.releases.2164,0,092025112944141-7f4e,tenderNotice,2nd amendments of DAO ,2025-10-01T16:20:09Z
0.releases.2164.tender.documents.3,0.releases.2164,0,092025120923259-7a01,tenderNotice,Amended DAO,2025-10-01T16:20:09Z
0.releases.2164.tender.documents.4,0.releases.2164,0,102025131109634-7fcf,tenderNotice,3rd amendment of DAO,2025-10-01T16:20:09Z
0.releases.2165.tender.documents.0,0.releases.2165,0,122025115345799-7f7f,tenderNotice,Final tender document,2025-12-10T15:18:17Z
0.releases.2166.tender.documents.0,0.releases.2166,0,012026134123449-7b11,tenderNotice,TENDER DOCUMENT,2026-01-12T13:41:23Z
0.releases.2167.tender.documents.0,0.releases.2167,0,122025131607913-7e65,tenderNotice,Tender document,2025-12-01T16:41:28Z
0.releases.2168.tender.documents.0,0.releases.2168,0,122025155850374-72e4,tenderNotice,DAO,2025-12-16T17:50:10Z
0.releases.2168.tender.documents.1,0.releases.2168,0,122025155850415-72e3,tenderNotice,Filling the Beneficial ownership disclosure ,2025-12-16T17:50:10Z
0.releases.2171.tender.documents.0,0.releases.2171,0,102025133239132-7fc4,tenderNotice,DAO,2025-10-29T10:01:23Z
0.releases.2171.tender.documents.1,0.releases.2171,0,102025133239771-7fc3,tenderNotice,BENEFICIAL OWNERS OF PRIVATE C0MPANY,2025-10-29T10:01:23Z
0.releases.2172.tender.documents.0,0.releases.2172,0,102023102145966-7fb5,tenderNotice,TENDER DOCUMENT,2023-10-16T16:01:22Z
0.releases.2172.tender.documents.1,0.releases.2172,0,102023155633271-7bbc,tenderNotice,AMENDED TENDER DOCUMENT,2023-10-16T16:01:22Z
0.releases.2177.tender.documents.0,0.releases.2177,0,122025103701474-69b5,tenderNotice,TD,2025-12-23T17:57:04Z
0.releases.2177.tender.documents.1,0.releases.2177,0,122025103701480-69b4,tenderNotice,Beneficial ownership discosure form,2025-12-23T17:57:04Z
0.releases.2185.tender.documents.0,0.releases.2185,0,112025124545742-7df5,tenderNotice,Tender document,2025-12-08T11:09:02Z
0.releases.2185.tender.documents.1,0.releases.2185,0,112025124545879-7df4,tenderNotice,Beneficial ownership disclosure,2025-12-08T11:09:02Z
0.releases.2188.tender.documents.0,0.releases.2188,0,042024141908772-7e0c,tenderNotice,TENDER DOCUMENT,2024-04-12T14:48:34Z
0.releases.2189.tender.documents.0,0.releases.2189,0,112024113208258-7fb1,tenderNotice,Beneficial Form,2024-12-04T14:34:20Z
0.releases.2189.tender.documents.1,0.releases.2189,0,112024114432139-7fac,tenderNotice,Drawings,2024-12-04T14:34:20Z
0.releases.2189.tender.documents.2,0.releases.2189,0,112024160410529-7fc0,tenderNotice,DAO,2024-12-04T14:34:20Z
0.releases.2189.tender.documents.3,0.releases.2189,0,122024122904902-777a,tenderNotice,DAO UPDATED FINAL,2024-12-04T14:34:20Z
0.releases.2190.tender.documents.0,0.releases.2190,0,112024113208258-7fb1,tenderNotice,Beneficial Form,2024-12-04T14:34:20Z
0.releases.2190.tender.documents.1,0.releases.2190,0,112024114432139-7fac,tenderNotice,Drawings,2024-12-04T14:34:20Z
0.releases.2190.tender.documents.2,0.releases.2190,0,112024160410529-7fc0,tenderNotice,DAO,2024-12-04T14:34:20Z
0.releases.2190.tender.documents.3,0.releases.2190,0,122024122904902-777a,tenderNotice,DAO UPDATED FINAL,2024-12-04T14:34:20Z
0.releases.2191.tender.documents.0,0.releases.2191,0,112024113208258-7fb1,tenderNotice,Beneficial Form,2024-12-04T14:34:20Z
0.releases.2191.tender.documents.1,0.releases.2191,0,112024114432139-7fac,tenderNotice,Drawings,2024-12-04T14:34:20Z
0.releases.2191.tender.documents.2,0.releases.2191,0,112024160410529-7fc0,tenderNotice,DAO,2024-12-04T14:34:20Z
0.releases.2191.tender.documents.3,0.releases.2191,0,122024122904902-777a,tenderNotice,DAO UPDATED FINAL,2024-12-04T14:34:20Z
0.releases.2192.tender.documents.0,0.releases.2192,0,112024113208258-7fb1,tenderNotice,Beneficial Form,2024-12-04T14:34:20Z
0.releases.2192.tender.documents.1,0.releases.2192,0,112024114432139-7fac,tenderNotice,Drawings,2024-12-04T14:34:20Z
0.releases.2192.tender.documents.2,0.releases.2192,0,112024160410529-7fc0,tenderNotice,DAO,2024-12-04T14:34:20Z
0.releases.2192.tender.documents.3,0.releases.2192,0,122024122904902-777a,tenderNotice,DAO UPDATED FINAL,2024-12-04T14:34:20Z
0.releases.2193.tender.documents.0,0.releases.2193,0,112024113208258-7fb1,tenderNotice,Beneficial Form,2024-12-04T14:34:20Z
0.releases.2193.tender.documents.1,0.releases.2193,0,112024114432139-7fac,tenderNotice,Drawings,2024-12-04T14:34:20Z
0.releases.2193.tender.documents.2,0.releases.2193,0,112024160410529-7fc0,tenderNotice,DAO,2024-12-04T14:34:20Z
0.releases.2193.tender.documents.3,0.releases.2193,0,122024122904902-777a,tenderNotice,DAO UPDATED FINAL,2024-12-04T14:34:20Z
0.releases.2194.tender.documents.0,0.releases.2194,0,112024113208258-7fb1,tenderNotice,Beneficial Form,2024-12-04T14:34:20Z
0.releases.2194.tender.documents.1,0.releases.2194,0,112024114432139-7fac,tenderNotice,Drawings,2024-12-04T14:34:20Z
0.releases.2194.tender.documents.2,0.releases.2194,0,112024160410529-7fc0,tenderNotice,DAO,2024-12-04T14:34:20Z
0.releases.2194.tender.documents.3,0.releases.2194,0,122024122904902-777a,tenderNotice,DAO UPDATED FINAL,2024-12-04T14:34:20Z
0.releases.2195.tender.documents.0,0.releases.2195,0,112024113208258-7fb1,tenderNotice,Beneficial Form,2024-12-04T14:34:20Z
0.releases.2195.tender.documents.1,0.releases.2195,0,112024114432139-7fac,tenderNotice,Drawings,2024-12-04T14:34:20Z
0.releases.2195.tender.documents.2,0.releases.2195,0,112024160410529-7fc0,tenderNotice,DAO,2024-12-04T14:34:20Z
0.releases.2195.tender.documents.3,0.releases.2195,0,122024122904902-777a,tenderNotice,DAO UPDATED FINAL,2024-12-04T14:34:20Z
0.releases.2196.tender.documents.0,0.releases.2196,0,112024113208258-7fb1,tenderNotice,Beneficial Form,2024-12-04T14:34:20Z
0.releases.2196.tender.documents.1,0.releases.2196,0,112024114432139-7fac,tenderNotice,Drawings,2024-12-04T14:34:20Z
0.releases.2196.tender.documents.2,0.releases.2196,0,112024160410529-7fc0,tenderNotice,DAO,2024-12-04T14:34:20Z
0.releases.2196.tender.documents.3,0.releases.2196,0,122024122904902-777a,tenderNotice,DAO UPDATED FINAL,2024-12-04T14:34:20Z
0.releases.2197.tender.documents.0,0.releases.2197,0,112024113208258-7fb1,tenderNotice,Beneficial Form,2024-12-04T14:34:20Z
0.releases.2197.tender.documents.1,0.releases.2197,0,112024114432139-7fac,tenderNotice,Drawings,2024-12-04T14:34:20Z
0.releases.2197.tender.documents.2,0.releases.2197,0,112024160410529-7fc0,tenderNotice,DAO,2024-12-04T14:34:20Z
0.releases.2197.tender.documents.3,0.releases.2197,0,122024122904902-777a,tenderNotice,DAO UPDATED FINAL,2024-12-04T14:34:20Z
0.releases.2198.tender.documents.0,0.releases.2198,0,112024113208258-7fb1,tenderNotice,Beneficial Form,2024-12-04T14:34:20Z
0.releases.2198.tender.documents.1,0.releases.2198,0,112024114432139-7fac,tenderNotice,Drawings,2024-12-04T14:34:20Z
0.releases.2198.tender.documents.2,0.releases.2198,0,112024160410529-7fc0,tenderNotice,DAO,2024-12-04T14:34:20Z
0.releases.2198.tender.documents.3,0.releases.2198,0,122024122904902-777a,tenderNotice,DAO UPDATED FINAL,2024-12-04T14:34:20Z
0.releases.2199.tender.documents.0,0.releases.2199,0,112024113208258-7fb1,tenderNotice,Beneficial Form,2024-12-04T14:34:20Z
0.releases.2199.tender.documents.1,0.releases.2199,0,112024114432139-7fac,tenderNotice,Drawings,2024-12-04T14:34:20Z
0.releases.2199.tender.documents.2,0.releases.2199,0,112024160410529-7fc0,tenderNotice,DAO,2024-12-04T14:34:20Z
0.releases.2199.tender.documents.3,0.releases.2199,0,122024122904902-777a,tenderNotice,DAO UPDATED FINAL,2024-12-04T14:34:20Z
0.releases.2200.tender.documents.0,0.releases.2200,0,112024113208258-7fb1,tenderNotice,Beneficial Form,2024-12-04T14:34:20Z
0.releases.2200.tender.documents.1,0.releases.2200,0,112024114432139-7fac,tenderNotice,Drawings,2024-12-04T14:34:20Z
0.releases.2200.tender.documents.2,0.releases.2200,0,112024160410529-7fc0,tenderNotice,DAO,2024-12-04T14:34:20Z
0.releases.2200.tender.documents.3,0.releases.2200,0,122024122904902-777a,tenderNotice,DAO UPDATED FINAL,2024-12-04T14:34:20Z
0.releases.2201.tender.documents.0,0.releases.2201,0,112024113208258-7fb1,tenderNotice,Beneficial Form,2024-12-04T14:34:20Z
0.releases.2201.tender.documents.1,0.releases.2201,0,112024114432139-7fac,tenderNotice,Drawings,2024-12-04T14:34:20Z
0.releases.2201.tender.documents.2,0.releases.2201,0,112024160410529-7fc0,tenderNotice,DAO,2024-12-04T14:34:20Z
0.releases.2201.tender.documents.3,0.releases.2201,0,122024122904902-777a,tenderNotice,DAO UPDATED FINAL,2024-12-04T14:34:20Z
0.releases.2202.tender.documents.0,0.releases.2202,0,112024113208258-7fb1,tenderNotice,Beneficial Form,2024-12-04T14:34:20Z
0.releases.2202.tender.documents.1,0.releases.2202,0,112024114432139-7fac,tenderNotice,Drawings,2024-12-04T14:34:20Z
0.releases.2202.tender.documents.2,0.releases.2202,0,112024160410529-7fc0,tenderNotice,DAO,2024-12-04T14:34:20Z
0.releases.2202.tender.documents.3,0.releases.2202,0,122024122904902-777a,tenderNotice,DAO UPDATED FINAL,2024-12-04T14:34:20Z
0.releases.2203.tender.documents.0,0.releases.2203,0,112024113208258-7fb1,tenderNotice,Beneficial Form,2024-12-04T14:34:20Z
0.releases.2203.tender.documents.1,0.releases.2203,0,112024114432139-7fac,tenderNotice,Drawings,2024-12-04T14:34:20Z
0.releases.2203.tender.documents.2,0.releases.2203,0,112024160410529-7fc0,tenderNotice,DAO,2024-12-04T14:34:20Z
0.releases.2203.tender.documents.3,0.releases.2203,0,122024122904902-777a,tenderNotice,DAO UPDATED FINAL,2024-12-04T14:34:20Z
0.releases.2204.tender.documents.0,0.releases.2204,0,112024113208258-7fb1,tenderNotice,Beneficial Form,2024-12-04T14:34:20Z
0.releases.2204.tender.documents.1,0.releases.2204,0,112024114432139-7fac,tenderNotice,Drawings,2024-12-04T14:34:20Z
0.releases.2204.tender.documents.2,0.releases.2204,0,112024160410529-7fc0,tenderNotice,DAO,2024-12-04T14:34:20Z
0.releases.2204.tender.documents.3,0.releases.2204,0,122024122904902-777a,tenderNotice,DAO UPDATED FINAL,2024-12-04T14:34:20Z
0.releases.2205.tender.documents.0,0.releases.2205,0,112024113208258-7fb1,tenderNotice,Beneficial Form,2024-12-04T14:34:20Z
0.releases.2205.tender.documents.1,0.releases.2205,0,112024114432139-7fac,tenderNotice,Drawings,2024-12-04T14:34:20Z
0.releases.2205.tender.documents.2,0.releases.2205,0,112024160410529-7fc0,tenderNotice,DAO,2024-12-04T14:34:20Z
0.releases.2205.tender.documents.3,0.releases.2205,0,122024122904902-777a,tenderNotice,DAO UPDATED FINAL,2024-12-04T14:34:20Z
0.releases.2206.tender.documents.0,0.releases.2206,0,112024113208258-7fb1,tenderNotice,Beneficial Form,2024-12-04T14:34:20Z
0.releases.2206.tender.documents.1,0.releases.2206,0,112024114432139-7fac,tenderNotice,Drawings,2024-12-04T14:34:20Z
0.releases.2206.tender.documents.2,0.releases.2206,0,112024160410529-7fc0,tenderNotice,DAO,2024-12-04T14:34:20Z
0.releases.2206.tender.documents.3,0.releases.2206,0,122024122904902-777a,tenderNotice,DAO UPDATED FINAL,2024-12-04T14:34:20Z
0.releases.2207.tender.documents.0,0.releases.2207,0,112024113208258-7fb1,tenderNotice,Beneficial Form,2024-12-04T14:34:20Z
0.releases.2207.tender.documents.1,0.releases.2207,0,112024114432139-7fac,tenderNotice,Drawings,2024-12-04T14:34:20Z
0.releases.2207.tender.documents.2,0.releases.2207,0,112024160410529-7fc0,tenderNotice,DAO,2024-12-04T14:34:20Z
0.releases.2207.tender.documents.3,0.releases.2207,0,122024122904902-777a,tenderNotice,DAO UPDATED FINAL,2024-12-04T14:34:20Z
0.releases.2209.tender.documents.0,0.releases.2209,0,122025101717627-665a,tenderNotice,Tender document,2025-12-30T13:46:06Z
0.releases.2210.tender.documents.0,0.releases.2210,0,122025103701474-69b5,tenderNotice,TD,2025-12-23T17:57:04Z
0.releases.2210.tender.documents.1,0.releases.2210,0,122025103701480-69b4,tenderNotice,Beneficial ownership discosure form,2025-12-23T17:57:04Z
0.releases.2211.tender.documents.0,0.releases.2211,0,112025131804473-7ff9,tenderNotice,Tender Document,2025-11-07T10:34:26Z
0.releases.2211.tender.documents.1,0.releases.2211,0,112025131804485-7ff8,tenderNotice,Beneficial Ownership Disclosure form,2025-11-07T10:34:26Z
0.releases.2212.tender.documents.0,0.releases.2212,0,122025121355650-7f7a,tenderNotice,TD For sport sevice ,2025-12-08T14:55:05Z
0.releases.2214.tender.documents.0,0.releases.2214,0,102025104812902-7feb,tenderNotice,Beneficial ownership ,2025-10-31T10:48:12Z
0.releases.2214.tender.documents.1,0.releases.2214,0,102025104812906-7fea,tenderNotice,SBD,2025-10-31T10:48:12Z
0.releases.2215.tender.documents.0,0.releases.2215,0,102025104812902-7feb,tenderNotice,Beneficial ownership ,2025-10-31T10:48:12Z
0.releases.2215.tender.documents.1,0.releases.2215,0,102025104812906-7fea,tenderNotice,SBD,2025-10-31T10:48:12Z
0.releases.2216.tender.documents.0,0.releases.2216,0,102025104812902-7feb,tenderNotice,Beneficial ownership ,2025-10-31T10:48:12Z
0.releases.2216.tender.documents.1,0.releases.2216,0,102025104812906-7fea,tenderNotice,SBD,2025-10-31T10:48:12Z
0.releases.2217.tender.documents.0,0.releases.2217,0,102025104812902-7feb,tenderNotice,Beneficial ownership ,2025-10-31T10:48:12Z
0.releases.2217.tender.documents.1,0.releases.2217,0,102025104812906-7fea,tenderNotice,SBD,2025-10-31T10:48:12Z
0.releases.2218.tender.documents.0,0.releases.2218,0,042025110525118-6ee1,tenderNotice,Terms of References,2025-04-15T15:24:52Z
0.releases.2220.tender.documents.0,0.releases.2220,0,112025153942331-7d16,tenderNotice,Tender document ,2025-11-13T17:06:06Z
0.releases.2223.tender.documents.0,0.releases.2223,0,122025095904941-7ffe,tenderNotice,"Beneficial ownership disclose form (It should be well filled, signed and stamped) ",2025-12-05T11:35:13Z
0.releases.2223.tender.documents.1,0.releases.2223,0,122025101158966-7fe0,tenderNotice,RFP Brokerage services ,2025-12-05T11:35:13Z
0.releases.2224.tender.documents.0,0.releases.2224,0,082025122853970-7e2d,tenderNotice,TD,2025-08-20T21:16:11Z
0.releases.2224.tender.documents.1,0.releases.2224,0,082025122853976-7e2c,tenderNotice,Form,2025-08-20T21:16:11Z
0.releases.2225.tender.documents.0,0.releases.2225,0,122025141851934-7453,tenderNotice,TD,2025-12-09T15:48:52Z
0.releases.2225.tender.documents.1,0.releases.2225,0,122025141851949-7452,tenderNotice,"Beneficial ownership disclosure form (It should be well filled, signed and stamped by the bidder)",2025-12-09T15:48:52Z
0.releases.2226.tender.documents.0,0.releases.2226,0,102025173339739-7fe0,tenderNotice,TD SPORTS FACILITATION ACTIVITIES,2025-10-29T15:16:28Z
0.releases.2227.tender.documents.0,0.releases.2227,0,112023125918529-7e16,tenderNotice,TENDER DOCUMENT,2023-11-28T15:51:21Z
0.releases.2228.tender.documents.0,0.releases.2228,0,122025144751460-6b58,tenderNotice,Beneficial ownership Declaration,2025-12-07T11:45:47Z
0.releases.2228.tender.documents.1,0.releases.2228,0,122025201307189-7d5b,tenderNotice,DAO,2025-12-07T11:45:47Z
0.releases.2229.tender.documents.0,0.releases.2229,0,122025143145841-6b5d,tenderNotice,Beneficial ownership Declaration,2025-12-07T11:46:30Z
0.releases.2229.tender.documents.1,0.releases.2229,0,122025145355692-6b56,tenderNotice,DAO,2025-12-07T11:46:30Z
0.releases.2230.tender.documents.0,0.releases.2230,0,092025131450914-7fa4,tenderNotice,DAO,2025-10-10T10:54:47Z
0.releases.2230.tender.documents.1,0.releases.2230,0,092025131450919-7fa3,tenderNotice,BENEFICIAL OWNERSHIP,2025-10-10T10:54:47Z
0.releases.2230.tender.documents.2,0.releases.2230,0,092025131450922-7fa2,tenderNotice,Technical specification,2025-10-10T10:54:47Z
0.releases.2230.tender.documents.3,0.releases.2230,0,102025104959367-7fef,tenderNotice,Last Amendment of Technical specification,2025-10-10T10:54:47Z
0.releases.2230.tender.documents.4,0.releases.2230,0,102025104959372-7fee,tenderNotice,Last notice of amendment,2025-10-10T10:54:47Z
0.releases.2230.tender.documents.5,0.releases.2230,0,102025124845527-7fb3,tenderNotice,Amended DAO,2025-10-10T10:54:47Z
0.releases.2230.tender.documents.6,0.releases.2230,0,102025124845536-7fb2,tenderNotice,Amended Technical specification,2025-10-10T10:54:47Z
0.releases.2230.tender.documents.7,0.releases.2230,0,102025124845541-7fb1,tenderNotice,Notice of Amendment,2025-10-10T10:54:47Z
0.releases.2232.tender.documents.0,0.releases.2232,0,102025173339739-7fe0,tenderNotice,TD SPORTS FACILITATION ACTIVITIES,2025-10-29T15:16:28Z
0.releases.2233.tender.documents.0,0.releases.2233,0,102025173339739-7fe0,tenderNotice,TD SPORTS FACILITATION ACTIVITIES,2025-10-29T15:16:28Z
0.releases.2234.tender.documents.0,0.releases.2234,0,102025173339739-7fe0,tenderNotice,TD SPORTS FACILITATION ACTIVITIES,2025-10-29T15:16:28Z
0.releases.2235.tender.documents.0,0.releases.2235,0,112024104214005-7a23,tenderNotice,TD,2024-11-16T17:53:11Z
0.releases.2235.tender.documents.1,0.releases.2235,0,112024104214025-7a22,tenderNotice,SPECIFICATIONS,2024-11-16T17:53:11Z
0.releases.2238.tender.documents.0,0.releases.2238,0,042025161114378-6d02,tenderNotice,TENDER DOCUMENT,2025-04-11T16:48:05Z
0.releases.2241.tender.documents.0,0.releases.2241,0,092025163139006-7b9d,tenderNotice,ToRs,2025-09-17T15:42:19Z
0.releases.2242.tender.documents.0,0.releases.2242,0,072025072458435-7abf,tenderNotice,Declaration of beneficial ownership disclosure_form,2025-08-12T09:33:42Z
0.releases.2242.tender.documents.1,0.releases.2242,0,072025153608289-7d02,tenderNotice,RFP,2025-08-12T09:33:42Z
0.releases.2242.tender.documents.2,0.releases.2242,0,082025131901007-7f98,tenderNotice,AMENDED RFP,2025-08-12T09:33:42Z
0.releases.2242.tender.documents.3,0.releases.2242,0,082025131901013-7f97,tenderNotice,ADDENDUM,2025-08-12T09:33:42Z
0.releases.2246.tender.documents.0,0.releases.2246,0,092025163139006-7b9d,tenderNotice,ToRs,2025-09-17T15:42:19Z
0.releases.2254.tender.documents.0,0.releases.2254,0,112023125918529-7e16,tenderNotice,TENDER DOCUMENT,2023-11-28T15:51:21Z
0.releases.2255.tender.documents.0,0.releases.2255,0,082025102711658-7fe9,tenderNotice,Expression of Interest,2025-08-12T11:24:49Z
0.releases.2255.tender.documents.1,0.releases.2255,0,082025102711663-7fe8,tenderNotice,Beneficial ownership,2025-08-12T11:24:49Z
0.releases.2255.tender.documents.2,0.releases.2255,0,082025102711669-7fe7,tenderNotice,Terms of reference,2025-08-12T11:24:49Z
0.releases.2255.tender.documents.3,0.releases.2255,0,092025151748611-7db5,tenderNotice,ToRs,2025-10-02T17:31:37Z
0.releases.2255.tender.documents.4,0.releases.2255,0,092025151748617-7db4,tenderNotice,RFP,2025-10-02T17:31:37Z
0.releases.2256.tender.documents.0,0.releases.2256,0,082025102711658-7fe9,tenderNotice,Expression of Interest,2025-08-12T11:24:49Z
0.releases.2256.tender.documents.1,0.releases.2256,0,082025102711663-7fe8,tenderNotice,Beneficial ownership,2025-08-12T11:24:49Z
0.releases.2256.tender.documents.2,0.releases.2256,0,082025102711669-7fe7,tenderNotice,Terms of reference,2025-08-12T11:24:49Z
0.releases.2256.tender.documents.3,0.releases.2256,0,092025151748611-7db5,tenderNotice,ToRs,2025-10-02T17:31:37Z
0.releases.2256.tender.documents.4,0.releases.2256,0,092025151748617-7db4,tenderNotice,RFP,2025-10-02T17:31:37Z
0.releases.2257.tender.documents.0,0.releases.2257,0,122025204625855-7264,tenderNotice,Beneficial Ownership declaration,2025-12-11T11:02:05Z
0.releases.2257.tender.documents.1,0.releases.2257,0,122025205427100-7261,tenderNotice,Tender document,2025-12-11T11:02:05Z
0.releases.2258.tender.documents.0,0.releases.2258,0,122025204625855-7264,tenderNotice,Beneficial Ownership declaration,2025-12-11T11:02:05Z
0.releases.2258.tender.documents.1,0.releases.2258,0,122025205427100-7261,tenderNotice,Tender document,2025-12-11T11:02:05Z
0.releases.2259.tender.documents.0,0.releases.2259,0,122025204625855-7264,tenderNotice,Beneficial Ownership declaration,2025-12-11T11:02:05Z
0.releases.2259.tender.documents.1,0.releases.2259,0,122025205427100-7261,tenderNotice,Tender document,2025-12-11T11:02:05Z
0.releases.2260.tender.documents.0,0.releases.2260,0,122025204625855-7264,tenderNotice,Beneficial Ownership declaration,2025-12-11T11:02:05Z
0.releases.2260.tender.documents.1,0.releases.2260,0,122025205427100-7261,tenderNotice,Tender document,2025-12-11T11:02:05Z
0.releases.2261.tender.documents.0,0.releases.2261,0,122025204625855-7264,tenderNotice,Beneficial Ownership declaration,2025-12-11T11:02:05Z
0.releases.2261.tender.documents.1,0.releases.2261,0,122025205427100-7261,tenderNotice,Tender document,2025-12-11T11:02:05Z
0.releases.2262.tender.documents.0,0.releases.2262,0,122025204625855-7264,tenderNotice,Beneficial Ownership declaration,2025-12-11T11:02:05Z
0.releases.2262.tender.documents.1,0.releases.2262,0,122025205427100-7261,tenderNotice,Tender document,2025-12-11T11:02:05Z
0.releases.2263.tender.documents.0,0.releases.2263,0,122025204625855-7264,tenderNotice,Beneficial Ownership declaration,2025-12-11T11:02:05Z
0.releases.2263.tender.documents.1,0.releases.2263,0,122025205427100-7261,tenderNotice,Tender document,2025-12-11T11:02:05Z
0.releases.2264.tender.documents.0,0.releases.2264,0,122025204625855-7264,tenderNotice,Beneficial Ownership declaration,2025-12-11T11:02:05Z
0.releases.2264.tender.documents.1,0.releases.2264,0,122025205427100-7261,tenderNotice,Tender document,2025-12-11T11:02:05Z
0.releases.2267.tender.documents.0,0.releases.2267,0,082025134750528-7cd4,tenderNotice,DAO,2025-10-01T16:20:09Z
0.releases.2267.tender.documents.1,0.releases.2267,0,082025143101795-7b1f,tenderNotice,BENEFICIAL OWNERS OF PRIVATE C0MPANY,2025-10-01T16:20:09Z
0.releases.2267.tender.documents.2,0.releases.2267,0,092025112944141-7f4e,tenderNotice,2nd amendments of DAO ,2025-10-01T16:20:09Z
0.releases.2267.tender.documents.3,0.releases.2267,0,092025120923259-7a01,tenderNotice,Amended DAO,2025-10-01T16:20:09Z
0.releases.2267.tender.documents.4,0.releases.2267,0,102025131109634-7fcf,tenderNotice,3rd amendment of DAO,2025-10-01T16:20:09Z
0.releases.2268.tender.documents.0,0.releases.2268,0,082025134750528-7cd4,tenderNotice,DAO,2025-10-01T16:20:09Z
0.releases.2268.tender.documents.1,0.releases.2268,0,082025143101795-7b1f,tenderNotice,BENEFICIAL OWNERS OF PRIVATE C0MPANY,2025-10-01T16:20:09Z
0.releases.2268.tender.documents.2,0.releases.2268,0,092025112944141-7f4e,tenderNotice,2nd amendments of DAO ,2025-10-01T16:20:09Z
0.releases.2268.tender.documents.3,0.releases.2268,0,092025120923259-7a01,tenderNotice,Amended DAO,2025-10-01T16:20:09Z
0.releases.2268.tender.documents.4,0.releases.2268,0,102025131109634-7fcf,tenderNotice,3rd amendment of DAO,2025-10-01T16:20:09Z
0.releases.2269.tender.documents.0,0.releases.2269,0,082025134750528-7cd4,tenderNotice,DAO,2025-10-01T16:20:09Z
0.releases.2269.tender.documents.1,0.releases.2269,0,082025143101795-7b1f,tenderNotice,BENEFICIAL OWNERS OF PRIVATE C0MPANY,2025-10-01T16:20:09Z
0.releases.2269.tender.documents.2,0.releases.2269,0,092025112944141-7f4e,tenderNotice,2nd amendments of DAO ,2025-10-01T16:20:09Z
0.releases.2269.tender.documents.3,0.releases.2269,0,092025120923259-7a01,tenderNotice,Amended DAO,2025-10-01T16:20:09Z
0.releases.2269.tender.documents.4,0.releases.2269,0,102025131109634-7fcf,tenderNotice,3rd amendment of DAO,2025-10-01T16:20:09Z
0.releases.2270.tender.documents.0,0.releases.2270,0,092025142100172-7fe9,tenderNotice,RFP,2025-09-06T11:43:23Z
0.releases.2271.tender.documents.0,0.releases.2271,0,082025134750528-7cd4,tenderNotice,DAO,2025-10-01T16:20:09Z
0.releases.2271.tender.documents.1,0.releases.2271,0,082025143101795-7b1f,tenderNotice,BENEFICIAL OWNERS OF PRIVATE C0MPANY,2025-10-01T16:20:09Z
0.releases.2271.tender.documents.2,0.releases.2271,0,092025112944141-7f4e,tenderNotice,2nd amendments of DAO ,2025-10-01T16:20:09Z
0.releases.2271.tender.documents.3,0.releases.2271,0,092025120923259-7a01,tenderNotice,Amended DAO,2025-10-01T16:20:09Z
0.releases.2271.tender.documents.4,0.releases.2271,0,102025131109634-7fcf,tenderNotice,3rd amendment of DAO,2025-10-01T16:20:09Z
0.releases.2272.tender.documents.0,0.releases.2272,0,082025134750528-7cd4,tenderNotice,DAO,2025-10-01T16:20:09Z
0.releases.2272.tender.documents.1,0.releases.2272,0,082025143101795-7b1f,tenderNotice,BENEFICIAL OWNERS OF PRIVATE C0MPANY,2025-10-01T16:20:09Z
0.releases.2272.tender.documents.2,0.releases.2272,0,092025112944141-7f4e,tenderNotice,2nd amendments of DAO ,2025-10-01T16:20:09Z
0.releases.2272.tender.documents.3,0.releases.2272,0,092025120923259-7a01,tenderNotice,Amended DAO,2025-10-01T16:20:09Z
0.releases.2272.tender.documents.4,0.releases.2272,0,102025131109634-7fcf,tenderNotice,3rd amendment of DAO,2025-10-01T16:20:09Z
0.releases.2273.tender.documents.0,0.releases.2273,0,102024173044426-7934,tenderNotice,Tender document,2024-10-31T10:52:21Z
0.releases.2274.tender.documents.0,0.releases.2274,0,082025134750528-7cd4,tenderNotice,DAO,2025-10-01T16:20:09Z
0.releases.2274.tender.documents.1,0.releases.2274,0,082025143101795-7b1f,tenderNotice,BENEFICIAL OWNERS OF PRIVATE C0MPANY,2025-10-01T16:20:09Z
0.releases.2274.tender.documents.2,0.releases.2274,0,092025112944141-7f4e,tenderNotice,2nd amendments of DAO ,2025-10-01T16:20:09Z
0.releases.2274.tender.documents.3,0.releases.2274,0,092025120923259-7a01,tenderNotice,Amended DAO,2025-10-01T16:20:09Z
0.releases.2274.tender.documents.4,0.releases.2274,0,102025131109634-7fcf,tenderNotice,3rd amendment of DAO,2025-10-01T16:20:09Z
0.releases.2275.tender.documents.0,0.releases.2275,0,012026134123449-7b11,tenderNotice,TENDER DOCUMENT,2026-01-12T13:41:23Z
0.releases.2276.tender.documents.0,0.releases.2276,0,082025134750528-7cd4,tenderNotice,DAO,2025-10-01T16:20:09Z
0.releases.2276.tender.documents.1,0.releases.2276,0,082025143101795-7b1f,tenderNotice,BENEFICIAL OWNERS OF PRIVATE C0MPANY,2025-10-01T16:20:09Z
0.releases.2276.tender.documents.2,0.releases.2276,0,092025112944141-7f4e,tenderNotice,2nd amendments of DAO ,2025-10-01T16:20:09Z
0.releases.2276.tender.documents.3,0.releases.2276,0,092025120923259-7a01,tenderNotice,Amended DAO,2025-10-01T16:20:09Z
0.releases.2276.tender.documents.4,0.releases.2276,0,102025131109634-7fcf,tenderNotice,3rd amendment of DAO,2025-10-01T16:20:09Z
0.releases.2277.tender.documents.0,0.releases.2277,0,122025133255091-7e78,tenderNotice,Addendum,2025-12-20T10:51:50Z
0.releases.2277.tender.documents.1,0.releases.2277,0,122025193138450-7edc,tenderNotice,TENDER DOCUMENT,2025-12-20T10:51:50Z
0.releases.2278.tender.documents.0,0.releases.2278,0,082025134750528-7cd4,tenderNotice,DAO,2025-10-01T16:20:09Z
0.releases.2278.tender.documents.1,0.releases.2278,0,082025143101795-7b1f,tenderNotice,BENEFICIAL OWNERS OF PRIVATE C0MPANY,2025-10-01T16:20:09Z
0.releases.2278.tender.documents.2,0.releases.2278,0,092025112944141-7f4e,tenderNotice,2nd amendments of DAO ,2025-10-01T16:20:09Z
0.releases.2278.tender.documents.3,0.releases.2278,0,092025120923259-7a01,tenderNotice,Amended DAO,2025-10-01T16:20:09Z
0.releases.2278.tender.documents.4,0.releases.2278,0,102025131109634-7fcf,tenderNotice,3rd amendment of DAO,2025-10-01T16:20:09Z
0.releases.2279.tender.documents.0,0.releases.2279,0,082025134750528-7cd4,tenderNotice,DAO,2025-10-01T16:20:09Z
0.releases.2279.tender.documents.1,0.releases.2279,0,082025143101795-7b1f,tenderNotice,BENEFICIAL OWNERS OF PRIVATE C0MPANY,2025-10-01T16:20:09Z
0.releases.2279.tender.documents.2,0.releases.2279,0,092025112944141-7f4e,tenderNotice,2nd amendments of DAO ,2025-10-01T16:20:09Z
0.releases.2279.tender.documents.3,0.releases.2279,0,092025120923259-7a01,tenderNotice,Amended DAO,2025-10-01T16:20:09Z
0.releases.2279.tender.documents.4,0.releases.2279,0,102025131109634-7fcf,tenderNotice,3rd amendment of DAO,2025-10-01T16:20:09Z
0.releases.2280.tender.documents.0,0.releases.2280,0,082025134750528-7cd4,tenderNotice,DAO,2025-10-01T16:20:09Z
0.releases.2280.tender.documents.1,0.releases.2280,0,082025143101795-7b1f,tenderNotice,BENEFICIAL OWNERS OF PRIVATE C0MPANY,2025-10-01T16:20:09Z
0.releases.2280.tender.documents.2,0.releases.2280,0,092025112944141-7f4e,tenderNotice,2nd amendments of DAO ,2025-10-01T16:20:09Z
0.releases.2280.tender.documents.3,0.releases.2280,0,092025120923259-7a01,tenderNotice,Amended DAO,2025-10-01T16:20:09Z
0.releases.2280.tender.documents.4,0.releases.2280,0,102025131109634-7fcf,tenderNotice,3rd amendment of DAO,2025-10-01T16:20:09Z
0.releases.2281.tender.documents.0,0.releases.2281,0,082025134750528-7cd4,tenderNotice,DAO,2025-10-01T16:20:09Z
0.releases.2281.tender.documents.1,0.releases.2281,0,082025143101795-7b1f,tenderNotice,BENEFICIAL OWNERS OF PRIVATE C0MPANY,2025-10-01T16:20:09Z
0.releases.2281.tender.documents.2,0.releases.2281,0,092025112944141-7f4e,tenderNotice,2nd amendments of DAO ,2025-10-01T16:20:09Z
0.releases.2281.tender.documents.3,0.releases.2281,0,092025120923259-7a01,tenderNotice,Amended DAO,2025-10-01T16:20:09Z
0.releases.2281.tender.documents.4,0.releases.2281,0,102025131109634-7fcf,tenderNotice,3rd amendment of DAO,2025-10-01T16:20:09Z
0.releases.2282.tender.documents.0,0.releases.2282,0,082025134750528-7cd4,tenderNotice,DAO,2025-10-01T16:20:09Z
0.releases.2282.tender.documents.1,0.releases.2282,0,082025143101795-7b1f,tenderNotice,BENEFICIAL OWNERS OF PRIVATE C0MPANY,2025-10-01T16:20:09Z
0.releases.2282.tender.documents.2,0.releases.2282,0,092025112944141-7f4e,tenderNotice,2nd amendments of DAO ,2025-10-01T16:20:09Z
0.releases.2282.tender.documents.3,0.releases.2282,0,092025120923259-7a01,tenderNotice,Amended DAO,2025-10-01T16:20:09Z
0.releases.2282.tender.documents.4,0.releases.2282,0,102025131109634-7fcf,tenderNotice,3rd amendment of DAO,2025-10-01T16:20:09Z
0.releases.2283.tender.documents.0,0.releases.2283,0,082025134750528-7cd4,tenderNotice,DAO,2025-10-01T16:20:09Z
0.releases.2283.tender.documents.1,0.releases.2283,0,082025143101795-7b1f,tenderNotice,BENEFICIAL OWNERS OF PRIVATE C0MPANY,2025-10-01T16:20:09Z
0.releases.2283.tender.documents.2,0.releases.2283,0,092025112944141-7f4e,tenderNotice,2nd amendments of DAO ,2025-10-01T16:20:09Z
0.releases.2283.tender.documents.3,0.releases.2283,0,092025120923259-7a01,tenderNotice,Amended DAO,2025-10-01T16:20:09Z
0.releases.2283.tender.documents.4,0.releases.2283,0,102025131109634-7fcf,tenderNotice,3rd amendment of DAO,2025-10-01T16:20:09Z
0.releases.2284.tender.documents.0,0.releases.2284,0,082025134750528-7cd4,tenderNotice,DAO,2025-10-01T16:20:09Z
0.releases.2284.tender.documents.1,0.releases.2284,0,082025143101795-7b1f,tenderNotice,BENEFICIAL OWNERS OF PRIVATE C0MPANY,2025-10-01T16:20:09Z
0.releases.2284.tender.documents.2,0.releases.2284,0,092025112944141-7f4e,tenderNotice,2nd amendments of DAO ,2025-10-01T16:20:09Z
0.releases.2284.tender.documents.3,0.releases.2284,0,092025120923259-7a01,tenderNotice,Amended DAO,2025-10-01T16:20:09Z
0.releases.2284.tender.documents.4,0.releases.2284,0,102025131109634-7fcf,tenderNotice,3rd amendment of DAO,2025-10-01T16:20:09Z
0.releases.2285.tender.documents.0,0.releases.2285,0,082025134750528-7cd4,tenderNotice,DAO,2025-10-01T16:20:09Z
0.releases.2285.tender.documents.1,0.releases.2285,0,082025143101795-7b1f,tenderNotice,BENEFICIAL OWNERS OF PRIVATE C0MPANY,2025-10-01T16:20:09Z
0.releases.2285.tender.documents.2,0.releases.2285,0,092025112944141-7f4e,tenderNotice,2nd amendments of DAO ,2025-10-01T16:20:09Z
0.releases.2285.tender.documents.3,0.releases.2285,0,092025120923259-7a01,tenderNotice,Amended DAO,2025-10-01T16:20:09Z
0.releases.2285.tender.documents.4,0.releases.2285,0,102025131109634-7fcf,tenderNotice,3rd amendment of DAO,2025-10-01T16:20:09Z
0.releases.2286.tender.documents.0,0.releases.2286,0,082025134750528-7cd4,tenderNotice,DAO,2025-10-01T16:20:09Z
0.releases.2286.tender.documents.1,0.releases.2286,0,082025143101795-7b1f,tenderNotice,BENEFICIAL OWNERS OF PRIVATE C0MPANY,2025-10-01T16:20:09Z
0.releases.2286.tender.documents.2,0.releases.2286,0,092025112944141-7f4e,tenderNotice,2nd amendments of DAO ,2025-10-01T16:20:09Z
0.releases.2286.tender.documents.3,0.releases.2286,0,092025120923259-7a01,tenderNotice,Amended DAO,2025-10-01T16:20:09Z
0.releases.2286.tender.documents.4,0.releases.2286,0,102025131109634-7fcf,tenderNotice,3rd amendment of DAO,2025-10-01T16:20:09Z
0.releases.2287.tender.documents.0,0.releases.2287,0,082025134750528-7cd4,tenderNotice,DAO,2025-10-01T16:20:09Z
0.releases.2287.tender.documents.1,0.releases.2287,0,082025143101795-7b1f,tenderNotice,BENEFICIAL OWNERS OF PRIVATE C0MPANY,2025-10-01T16:20:09Z
0.releases.2287.tender.documents.2,0.releases.2287,0,092025112944141-7f4e,tenderNotice,2nd amendments of DAO ,2025-10-01T16:20:09Z
0.releases.2287.tender.documents.3,0.releases.2287,0,092025120923259-7a01,tenderNotice,Amended DAO,2025-10-01T16:20:09Z
0.releases.2287.tender.documents.4,0.releases.2287,0,102025131109634-7fcf,tenderNotice,3rd amendment of DAO,2025-10-01T16:20:09Z
0.releases.2288.tender.documents.0,0.releases.2288,0,082025134750528-7cd4,tenderNotice,DAO,2025-10-01T16:20:09Z
0.releases.2288.tender.documents.1,0.releases.2288,0,082025143101795-7b1f,tenderNotice,BENEFICIAL OWNERS OF PRIVATE C0MPANY,2025-10-01T16:20:09Z
0.releases.2288.tender.documents.2,0.releases.2288,0,092025112944141-7f4e,tenderNotice,2nd amendments of DAO ,2025-10-01T16:20:09Z
0.releases.2288.tender.documents.3,0.releases.2288,0,092025120923259-7a01,tenderNotice,Amended DAO,2025-10-01T16:20:09Z
0.releases.2288.tender.documents.4,0.releases.2288,0,102025131109634-7fcf,tenderNotice,3rd amendment of DAO,2025-10-01T16:20:09Z
0.releases.2289.tender.documents.0,0.releases.2289,0,112025140756938-7f48,tenderNotice,DAO,2025-11-25T21:19:28Z
0.releases.2289.tender.documents.1,0.releases.2289,0,112025140756942-7f47,tenderNotice,Technical Specification,2025-11-25T21:19:28Z
0.releases.2289.tender.documents.2,0.releases.2289,0,112025140756945-7f46,tenderNotice,Beneficial Ownership Disclosure Declaration form,2025-11-25T21:19:28Z
0.releases.2290.tender.documents.0,0.releases.2290,0,122025092645104-6cfc,tenderNotice,GATONDE DH Building and assets insurances DAO ok,2025-12-03T14:27:30Z
0.releases.2290.tender.documents.1,0.releases.2290,0,122025222902173-6d09,tenderNotice,GATONDE DH Building and assets insurances DAO,2025-12-03T14:27:30Z
0.releases.2290.tender.documents.2,0.releases.2290,0,122025222902368-6d08,tenderNotice,Gatonde DH Building and List of Assets,2025-12-03T14:27:30Z
0.releases.2291.tender.documents.0,0.releases.2291,0,122025142021325-76cf,tenderNotice,Provision of garage services for RP Karongi College Vehicles under framework Contract,2025-12-08T18:09:30Z
0.releases.2296.tender.documents.0,0.releases.2296,0,062025113142962-2dad,tenderNotice,DAO,2025-06-11T15:34:28Z
0.releases.2297.tender.documents.0,0.releases.2297,0,122025141702159-7454,tenderNotice,TD,2025-12-09T14:36:33Z
0.releases.2298.tender.documents.0,0.releases.2298,0,102023102145966-7fb5,tenderNotice,TENDER DOCUMENT,2023-10-16T16:01:22Z
0.releases.2298.tender.documents.1,0.releases.2298,0,102023155633271-7bbc,tenderNotice,AMENDED TENDER DOCUMENT,2023-10-16T16:01:22Z
0.releases.2299.tender.documents.0,0.releases.2299,0,122025102529269-716e,tenderNotice,Amended tender document,2025-12-22T10:12:08Z
0.releases.2299.tender.documents.1,0.releases.2299,0,122025132142239-7f2e,tenderNotice,Tender Document,2025-12-22T10:12:08Z
0.releases.2300.tender.documents.0,0.releases.2300,0,112024214632806-7fc8,tenderNotice,TENDER DOCUMENT,2024-11-05T06:50:02Z
0.releases.2301.tender.documents.0,0.releases.2301,0,102023081119876-7fe0,tenderNotice,Tender document,2023-10-17T15:51:02Z
0.releases.2301.tender.documents.1,0.releases.2301,0,102023114112174-7e8f,tenderNotice,AMENDED Tender document,2023-10-17T15:51:02Z
0.releases.2302.tender.documents.0,0.releases.2302,0,112023181850588-6ea9,tenderNotice,DAO,2023-11-27T11:26:08Z
0.releases.2303.tender.documents.0,0.releases.2303,0,012026120632341-7c3d,tenderNotice,Amended tender document,2026-01-06T12:18:59Z
0.releases.2303.tender.documents.1,0.releases.2303,0,122025151813822-6a18,tenderNotice,Tender document,2026-01-06T12:18:59Z
0.releases.2304.tender.documents.0,0.releases.2304,0,012026120359154-4a60,tenderNotice,TENDER DOCUMENT,2026-01-12T18:28:07Z
0.releases.2307.tender.documents.0,0.releases.2307,0,122025133114605-7e43,tenderNotice,TENDER DOCUMENT SPECIAL NEEDS,2025-12-22T18:27:40Z
0.releases.2308.tender.documents.0,0.releases.2308,0,102024145407459-7953,tenderNotice,TENDER DOCUMENT,2024-10-27T08:42:49Z
0.releases.2309.tender.documents.0,0.releases.2309,0,122025141702159-7454,tenderNotice,TD,2025-12-09T14:36:33Z
0.releases.2311.tender.documents.0,0.releases.2311,0,122025223959751-6b59,tenderNotice,LIST OF PPEs,2025-12-20T13:38:49Z
0.releases.2311.tender.documents.1,0.releases.2311,0,112025180845899-7f86,tenderNotice,DRAWINGS 2,2025-12-20T13:38:49Z
0.releases.2311.tender.documents.2,0.releases.2311,0,112025180845902-7f85,tenderNotice,DRAWINGS 3,2025-12-20T13:38:49Z
0.releases.2311.tender.documents.3,0.releases.2311,0,112025180845908-7f84,tenderNotice,DRAWINGS 4,2025-12-20T13:38:49Z
0.releases.2311.tender.documents.4,0.releases.2311,0,112025180845912-7f83,tenderNotice,DRAWINGS 5,2025-12-20T13:38:49Z
0.releases.2311.tender.documents.5,0.releases.2311,0,112025183237199-7e87,tenderNotice,TENDER DOCUMENT,2025-12-20T13:38:49Z
0.releases.2311.tender.documents.6,0.releases.2311,0,122025223959726-6b5b,tenderNotice,NOTE TO TENDER ADDENDUM 19-12-2025,2025-12-20T13:38:49Z
0.releases.2311.tender.documents.7,0.releases.2311,0,122025223959742-6b5a,tenderNotice,ESHS CONTRACT OBLIGATION,2025-12-20T13:38:49Z
0.releases.2311.tender.documents.8,0.releases.2311,0,102025172159287-7fde,tenderNotice,Beneficial ownership declaration form,2025-12-20T13:38:49Z
0.releases.2311.tender.documents.9,0.releases.2311,0,112025180845891-7f87,tenderNotice,DRAWINGS 1,2025-12-20T13:38:49Z
0.releases.2311.tender.documents.10,0.releases.2311,0,112025180845891-7f87,tenderNotice,DRAWINGS 1,2025-11-29T18:52:31Z
0.releases.2311.tender.documents.11,0.releases.2311,0,112025180845899-7f86,tenderNotice,DRAWINGS 2,2025-11-29T18:52:31Z
0.releases.2311.tender.documents.12,0.releases.2311,0,112025180845902-7f85,tenderNotice,DRAWINGS 3,2025-11-29T18:52:31Z
0.releases.2311.tender.documents.13,0.releases.2311,0,112025180845908-7f84,tenderNotice,DRAWINGS 4,2025-11-29T18:52:31Z
0.releases.2311.tender.documents.14,0.releases.2311,0,112025180845912-7f83,tenderNotice,DRAWINGS 5,2025-11-29T18:52:31Z
0.releases.2311.tender.documents.15,0.releases.2311,0,112025183237199-7e87,tenderNotice,TENDER DOCUMENT,2025-11-29T18:52:31Z
0.releases.2311.tender.documents.16,0.releases.2311,0,102025172159287-7fde,tenderNotice,Beneficial ownership declaration form,2025-11-29T18:52:31Z
0.releases.2312.tender.documents.0,0.releases.2312,0,102024145407459-7953,tenderNotice,TENDER DOCUMENT,2024-10-27T08:42:49Z
0.releases.2313.tender.documents.0,0.releases.2313,0,122025223959751-6b59,tenderNotice,LIST OF PPEs,2025-12-20T13:38:49Z
0.releases.2313.tender.documents.1,0.releases.2313,0,112025180845899-7f86,tenderNotice,DRAWINGS 2,2025-12-20T13:38:49Z
0.releases.2313.tender.documents.2,0.releases.2313,0,112025180845902-7f85,tenderNotice,DRAWINGS 3,2025-12-20T13:38:49Z
0.releases.2313.tender.documents.3,0.releases.2313,0,112025180845908-7f84,tenderNotice,DRAWINGS 4,2025-12-20T13:38:49Z
0.releases.2313.tender.documents.4,0.releases.2313,0,112025180845912-7f83,tenderNotice,DRAWINGS 5,2025-12-20T13:38:49Z
0.releases.2313.tender.documents.5,0.releases.2313,0,112025183237199-7e87,tenderNotice,TENDER DOCUMENT,2025-12-20T13:38:49Z
0.releases.2313.tender.documents.6,0.releases.2313,0,122025223959726-6b5b,tenderNotice,NOTE TO TENDER ADDENDUM 19-12-2025,2025-12-20T13:38:49Z
0.releases.2313.tender.documents.7,0.releases.2313,0,122025223959742-6b5a,tenderNotice,ESHS CONTRACT OBLIGATION,2025-12-20T13:38:49Z
0.releases.2313.tender.documents.8,0.releases.2313,0,102025172159287-7fde,tenderNotice,Beneficial ownership declaration form,2025-12-20T13:38:49Z
0.releases.2313.tender.documents.9,0.releases.2313,0,112025180845891-7f87,tenderNotice,DRAWINGS 1,2025-12-20T13:38:49Z
0.releases.2313.tender.documents.10,0.releases.2313,0,112025180845891-7f87,tenderNotice,DRAWINGS 1,2025-11-29T18:52:31Z
0.releases.2313.tender.documents.11,0.releases.2313,0,112025180845899-7f86,tenderNotice,DRAWINGS 2,2025-11-29T18:52:31Z
0.releases.2313.tender.documents.12,0.releases.2313,0,112025180845902-7f85,tenderNotice,DRAWINGS 3,2025-11-29T18:52:31Z
0.releases.2313.tender.documents.13,0.releases.2313,0,112025180845908-7f84,tenderNotice,DRAWINGS 4,2025-11-29T18:52:31Z
0.releases.2313.tender.documents.14,0.releases.2313,0,112025180845912-7f83,tenderNotice,DRAWINGS 5,2025-11-29T18:52:31Z
0.releases.2313.tender.documents.15,0.releases.2313,0,112025183237199-7e87,tenderNotice,TENDER DOCUMENT,2025-11-29T18:52:31Z
0.releases.2313.tender.documents.16,0.releases.2313,0,102025172159287-7fde,tenderNotice,Beneficial ownership declaration form,2025-11-29T18:52:31Z
0.releases.2314.tender.documents.0,0.releases.2314,0,102025175449578-7f2d,tenderNotice,Tender document,2025-11-11T16:21:18Z
0.releases.2315.tender.documents.0,0.releases.2315,0,122025173652193-68d0,tenderNotice,TDR,2025-12-23T21:53:51Z
0.releases.2315.tender.documents.1,0.releases.2315,0,122025173652246-68cf,tenderNotice,FORM OF UNITS PRICES,2025-12-23T21:53:51Z
0.releases.2315.tender.documents.2,0.releases.2315,0,122025173652296-68ce,tenderNotice,FINANCIAL FORM,2025-12-23T21:53:51Z
0.releases.2315.tender.documents.3,0.releases.2315,0,122025173652343-68cd,tenderNotice,Tender document,2025-12-23T21:53:51Z
0.releases.2316.tender.documents.0,0.releases.2316,0,122025155850374-72e4,tenderNotice,DAO,2025-12-16T17:50:10Z
0.releases.2316.tender.documents.1,0.releases.2316,0,122025155850415-72e3,tenderNotice,Filling the Beneficial ownership disclosure ,2025-12-16T17:50:10Z
0.releases.2317.tender.documents.0,0.releases.2317,0,112025164215376-790e,tenderNotice,BIDDING DOCUMENT,2025-11-22T12:20:00Z
0.releases.2317.tender.documents.1,0.releases.2317,0,112025174645068-7ff9,tenderNotice,Bidding Document,2025-11-22T12:20:00Z
0.releases.2317.tender.documents.2,0.releases.2317,0,112025174645074-7ff8,tenderNotice,Declaration of beneficial ownership letter (well filled and signed),2025-11-22T12:20:00Z
0.releases.2318.tender.documents.0,0.releases.2318,0,012026094709935-4eb8,tenderNotice,TENDER DOCUMENT,2026-01-12T09:18:36Z
0.releases.2318.tender.documents.1,0.releases.2318,0,012026103750045-4d1b,tenderNotice,Beneficial ownership ,2026-01-12T09:18:36Z
0.releases.2318.tender.documents.2,0.releases.2318,0,012026123637193-4cd0,tenderNotice,Beneficial ownership form,2026-01-12T09:18:36Z
0.releases.2319.tender.documents.0,0.releases.2319,0,092025192815661-7f5e,tenderNotice,REQUEST FOR EXPRESSIONS OF INTERESIT,2025-09-11T11:15:46Z
0.releases.2319.tender.documents.1,0.releases.2319,0,092025192815666-7f5d,tenderNotice,TERMS OF REFERENCE,2025-09-11T11:15:46Z
0.releases.2322.tender.documents.0,0.releases.2322,0,122025191240728-6693,tenderNotice,Beneficial owneship declaration,2025-12-28T13:25:49Z
0.releases.2322.tender.documents.1,0.releases.2322,0,122025191240745-6692,tenderNotice,Tender document,2025-12-28T13:25:49Z
0.releases.2323.tender.documents.0,0.releases.2323,0,102025104812902-7feb,tenderNotice,Beneficial ownership ,2025-10-31T10:48:12Z
0.releases.2323.tender.documents.1,0.releases.2323,0,102025104812906-7fea,tenderNotice,SBD,2025-10-31T10:48:12Z
0.releases.2324.tender.documents.0,0.releases.2324,0,102025104812902-7feb,tenderNotice,Beneficial ownership ,2025-10-31T10:48:12Z
0.releases.2324.tender.documents.1,0.releases.2324,0,102025104812906-7fea,tenderNotice,SBD,2025-10-31T10:48:12Z
0.releases.2325.tender.documents.0,0.releases.2325,0,102025104812902-7feb,tenderNotice,Beneficial ownership ,2025-10-31T10:48:12Z
0.releases.2325.tender.documents.1,0.releases.2325,0,102025104812906-7fea,tenderNotice,SBD,2025-10-31T10:48:12Z
0.releases.2326.tender.documents.0,0.releases.2326,0,102025104812902-7feb,tenderNotice,Beneficial ownership ,2025-10-31T10:48:12Z
0.releases.2326.tender.documents.1,0.releases.2326,0,102025104812906-7fea,tenderNotice,SBD,2025-10-31T10:48:12Z
0.releases.2329.tender.documents.0,0.releases.2329,0,112025110546339-7e8c,tenderNotice,beneficial ownership form,2025-12-03T12:57:38Z
0.releases.2329.tender.documents.1,0.releases.2329,0,122025100315058-6ec6,tenderNotice,Tender document,2025-12-03T12:57:38Z
0.releases.2330.tender.documents.0,0.releases.2330,0,102025122126921-7fdf,tenderNotice, DECLARATION OF BENEFICIAL OWNERS OF PRIVATE C0MPANIES FORM ,2025-11-11T17:05:17Z
0.releases.2330.tender.documents.1,0.releases.2330,0,112025162437804-7fd1,tenderNotice,Tender Document,2025-11-11T17:05:17Z
0.releases.2330.tender.documents.2,0.releases.2330,0,112025163949130-7fbc,tenderNotice,Amended Tender document,2025-11-11T17:05:17Z
0.releases.2331.tender.documents.0,0.releases.2331,0,012026112322787-5683,tenderNotice,RFP,2026-01-06T17:11:27Z
0.releases.2331.tender.documents.1,0.releases.2331,0,012026112322818-5682,tenderNotice,Beneficial Ownership Disclosure form,2026-01-06T17:11:27Z
0.releases.2332.tender.documents.0,0.releases.2332,0,102024074759657-7f64,tenderNotice,Tender Document,2024-10-23T13:26:03Z
0.releases.2333.tender.documents.0,0.releases.2333,0,092023152402345-6111,tenderNotice,Tender document,2023-09-20T18:14:14Z
0.releases.2333.tender.documents.1,0.releases.2333,0,092023152917487-796b,tenderNotice,Amendment Notice,2023-09-20T18:14:14Z
0.releases.2333.tender.documents.2,0.releases.2333,0,092023152917499-796a,tenderNotice,Amended TD,2023-09-20T18:14:14Z
0.releases.2334.tender.documents.0,0.releases.2334,0,122025113342842-5a16,tenderNotice,Amendment Tender Document,2026-01-09T15:19:25Z
0.releases.2334.tender.documents.1,0.releases.2334,0,122025203248993-7ed7,tenderNotice,Tender Document,2026-01-09T15:19:25Z
0.releases.2335.tender.documents.0,0.releases.2335,0,102024095640123-7fe9,tenderNotice,Tender document,2024-11-11T18:43:38Z
0.releases.2335.tender.documents.1,0.releases.2335,0,102024095640146-7fe8,tenderNotice,Beneficial ownership disclosure form,2024-11-11T18:43:38Z
0.releases.2335.tender.documents.2,0.releases.2335,0,112024175320188-625f,tenderNotice,Amended Tender Document,2024-11-11T18:43:38Z
0.releases.2337.tender.documents.0,0.releases.2337,0,102024114346809-6892,tenderNotice,Tender document,2024-10-16T13:51:40Z
0.releases.2337.tender.documents.1,0.releases.2337,0,102024114346831-6891,tenderNotice,Beneficial Ownership Disclosure Declaration Form,2024-10-16T13:51:40Z
0.releases.2338.tender.documents.0,0.releases.2338,0,122025133114605-7e43,tenderNotice,TENDER DOCUMENT SPECIAL NEEDS,2025-12-22T18:27:40Z
0.releases.2339.tender.documents.0,0.releases.2339,0,102024142554858-7d13,tenderNotice,Tender document,2024-10-07T14:40:53Z
0.releases.2339.tender.documents.1,0.releases.2339,0,102024142554887-7d12,tenderNotice,Beneficial Ownership Disclosure Declaration Form,2024-10-07T14:40:53Z
0.releases.2340.tender.documents.0,0.releases.2340,0,102024132745533-7f80,tenderNotice,Tender document,2024-10-08T10:06:47Z
0.releases.2340.tender.documents.1,0.releases.2340,0,102024132745566-7f7f,tenderNotice,Beneficial Ownership Disclosure Declaration Form,2024-10-08T10:06:47Z
0.releases.2340.tender.documents.2,0.releases.2340,0,102024150616638-7d09,tenderNotice,Amended tender document,2024-10-08T10:06:47Z
0.releases.2341.tender.documents.0,0.releases.2341,0,122025133255091-7e78,tenderNotice,Addendum,2025-12-20T10:51:50Z
0.releases.2341.tender.documents.1,0.releases.2341,0,122025193138450-7edc,tenderNotice,TENDER DOCUMENT,2025-12-20T10:51:50Z
0.releases.2342.tender.documents.0,0.releases.2342,0,032021110914753-6a86,tenderNotice,Tender document,2021-05-17T10:38:17Z
0.releases.2342.tender.documents.1,0.releases.2342,0,042021083428472-7d89,tenderNotice,Amended tender document,2021-05-17T10:38:17Z
0.releases.2342.tender.documents.2,0.releases.2342,0,072021161438972-7ddc,tenderNotice,Tender document,2021-09-30T10:13:07Z
0.releases.2342.tender.documents.3,0.releases.2342,0,082021105815199-7788,tenderNotice,Amended tender document,2021-09-30T10:13:07Z
0.releases.2342.tender.documents.4,0.releases.2342,0,082021105815221-7787,tenderNotice,Compiled technical specifications,2021-09-30T10:13:07Z
0.releases.2342.tender.documents.5,0.releases.2342,0,092021092125203-7ead,tenderNotice,Final amended Tender document,2021-09-30T10:13:07Z
0.releases.2342.tender.documents.6,0.releases.2342,0,092021092125226-7eac,tenderNotice,Specifications,2021-09-30T10:13:07Z
0.releases.2342.tender.documents.7,0.releases.2342,0,092021103709252-79b4,tenderNotice,Amended tender document to be considered during preparation of bids,2021-09-30T10:13:07Z
0.releases.2342.tender.documents.8,0.releases.2342,0,092021103709282-79b3,tenderNotice,Amended technical specifications  to be considered during preparation of bids,2021-09-30T10:13:07Z
0.releases.2342.tender.documents.9,0.releases.2342,0,092021103709287-79b2,tenderNotice,Drawings and BoQs,2021-09-30T10:13:07Z
0.releases.2342.tender.documents.10,0.releases.2342,0,092021103857016-79b1,tenderNotice,Amended TD,2021-09-30T10:13:07Z
0.releases.2342.tender.documents.11,0.releases.2342,0,092021103857042-79b0,tenderNotice,Amended Technical specifications,2021-09-30T10:13:07Z
0.releases.2342.tender.documents.12,0.releases.2342,0,092021103857064-79af,tenderNotice,Drawings and BoQs,2021-09-30T10:13:07Z
0.releases.2343.tender.documents.0,0.releases.2343,0,032021110914753-6a86,tenderNotice,Tender document,2021-05-17T10:38:17Z
0.releases.2343.tender.documents.1,0.releases.2343,0,042021083428472-7d89,tenderNotice,Amended tender document,2021-05-17T10:38:17Z
0.releases.2343.tender.documents.2,0.releases.2343,0,072021161438972-7ddc,tenderNotice,Tender document,2021-09-30T10:13:07Z
0.releases.2343.tender.documents.3,0.releases.2343,0,082021105815199-7788,tenderNotice,Amended tender document,2021-09-30T10:13:07Z
0.releases.2343.tender.documents.4,0.releases.2343,0,082021105815221-7787,tenderNotice,Compiled technical specifications,2021-09-30T10:13:07Z
0.releases.2343.tender.documents.5,0.releases.2343,0,092021092125203-7ead,tenderNotice,Final amended Tender document,2021-09-30T10:13:07Z
0.releases.2343.tender.documents.6,0.releases.2343,0,092021092125226-7eac,tenderNotice,Specifications,2021-09-30T10:13:07Z
0.releases.2343.tender.documents.7,0.releases.2343,0,092021103709252-79b4,tenderNotice,Amended tender document to be considered during preparation of bids,2021-09-30T10:13:07Z
0.releases.2343.tender.documents.8,0.releases.2343,0,092021103709282-79b3,tenderNotice,Amended technical specifications  to be considered during preparation of bids,2021-09-30T10:13:07Z
0.releases.2343.tender.documents.9,0.releases.2343,0,092021103709287-79b2,tenderNotice,Drawings and BoQs,2021-09-30T10:13:07Z
0.releases.2343.tender.documents.10,0.releases.2343,0,092021103857016-79b1,tenderNotice,Amended TD,2021-09-30T10:13:07Z
0.releases.2343.tender.documents.11,0.releases.2343,0,092021103857042-79b0,tenderNotice,Amended Technical specifications,2021-09-30T10:13:07Z
0.releases.2343.tender.documents.12,0.releases.2343,0,092021103857064-79af,tenderNotice,Drawings and BoQs,2021-09-30T10:13:07Z
0.releases.2345.tender.documents.0,0.releases.2345,0,102024164421271-7fc2,tenderNotice,Tender document,2024-10-07T13:32:38Z
0.releases.2345.tender.documents.1,0.releases.2345,0,102024164421279-7fc1,tenderNotice,Beneficial Ownership Disclosure form,2024-10-07T13:32:38Z
0.releases.2346.tender.documents.0,0.releases.2346,0,122025104024256-7917,tenderNotice,Tender Document,2025-12-09T19:07:24Z
0.releases.2346.tender.documents.1,0.releases.2346,0,122025104024262-7916,tenderNotice,Beneficial Ownership,2025-12-09T19:07:24Z
0.releases.2348.tender.documents.0,0.releases.2348,0,102025173339739-7fe0,tenderNotice,TD SPORTS FACILITATION ACTIVITIES,2025-10-29T15:16:28Z
0.releases.2349.tender.documents.0,0.releases.2349,0,112025135743855-7fe5,tenderNotice,Tender Document,2025-11-14T12:40:24Z
0.releases.2349.tender.documents.1,0.releases.2349,0,112025135743870-7fe4,tenderNotice,Beneficial Ownership,2025-11-14T12:40:24Z
0.releases.2350.tender.documents.0,0.releases.2350,0,012026110740850-7be4,tenderNotice,Ammendment Tender document ,2026-01-09T15:21:50Z
0.releases.2350.tender.documents.1,0.releases.2350,0,122025190801879-71d2,tenderNotice,Tender document,2026-01-09T15:21:50Z
0.releases.2350.tender.documents.2,0.releases.2350,0,122025202958679-71cd,tenderNotice,Ammendment Tender document ,2026-01-09T15:21:50Z
0.releases.2365.tender.documents.0,0.releases.2365,0,102025115722056-7fe6,tenderNotice,Tender document,2025-10-28T16:20:15Z
0.releases.2365.tender.documents.1,0.releases.2365,0,102025115722065-7fe5,tenderNotice,Terms of references,2025-10-28T16:20:15Z
0.releases.2366.tender.documents.0,0.releases.2366,0,102025104812902-7feb,tenderNotice,Beneficial ownership ,2025-10-31T10:48:12Z
0.releases.2366.tender.documents.1,0.releases.2366,0,102025104812906-7fea,tenderNotice,SBD,2025-10-31T10:48:12Z
0.releases.2367.tender.documents.0,0.releases.2367,0,102025115722056-7fe6,tenderNotice,Tender document,2025-10-28T16:20:15Z
0.releases.2367.tender.documents.1,0.releases.2367,0,102025115722065-7fe5,tenderNotice,Terms of references,2025-10-28T16:20:15Z
0.releases.2370.tender.documents.0,0.releases.2370,0,102025104812902-7feb,tenderNotice,Beneficial ownership ,2025-10-31T10:48:12Z
0.releases.2370.tender.documents.1,0.releases.2370,0,102025104812906-7fea,tenderNotice,SBD,2025-10-31T10:48:12Z
0.releases.2371.tender.documents.0,0.releases.2371,0,102025104812902-7feb,tenderNotice,Beneficial ownership ,2025-10-31T10:48:12Z
0.releases.2371.tender.documents.1,0.releases.2371,0,102025104812906-7fea,tenderNotice,SBD,2025-10-31T10:48:12Z
0.releases.2372.tender.documents.0,0.releases.2372,0,122025113710691-7e2e,tenderNotice,TENDER DOCUMENT,2025-12-23T12:08:22Z
0.releases.2372.tender.documents.1,0.releases.2372,0,122025113710698-7e2d,tenderNotice,Declaration of Beneficial ownership form,2025-12-23T12:08:22Z
0.releases.2372.tender.documents.2,0.releases.2372,0,122025113710701-7e2c,tenderNotice,updated list of VSM companies ,2025-12-23T12:08:22Z
0.releases.2372.tender.documents.3,0.releases.2372,0,122025113710708-7e2b,tenderNotice,law,2025-12-23T12:08:22Z
0.releases.2373.tender.documents.0,0.releases.2373,0,082025064022095-7c48,tenderNotice,Beneficial ownership disclosure form,2025-08-29T15:26:40Z
0.releases.2373.tender.documents.1,0.releases.2373,0,082025175342482-7235,tenderNotice,Tender Document,2025-08-29T15:26:40Z
0.releases.2377.tender.documents.0,0.releases.2377,0,122025103701474-69b5,tenderNotice,TD,2025-12-23T17:57:04Z
0.releases.2377.tender.documents.1,0.releases.2377,0,122025103701480-69b4,tenderNotice,Beneficial ownership discosure form,2025-12-23T17:57:04Z
0.releases.2378.tender.documents.0,0.releases.2378,0,122025163014962-7d6e,tenderNotice,Be,2025-12-30T18:15:04Z
0.releases.2378.tender.documents.1,0.releases.2378,0,122025163533362-7d6c,tenderNotice,Tender document,2025-12-30T18:15:04Z
0.releases.2379.tender.documents.0,0.releases.2379,0,112024154146567-70c2,tenderNotice,TENDER DOCUMENT,2024-11-08T15:39:39Z
0.releases.2380.tender.documents.0,0.releases.2380,0,012024175757780-7fda,tenderNotice,TENDER DOCUMENT,2024-01-22T13:52:49Z
0.releases.2381.tender.documents.0,0.releases.2381,0,012024175757780-7fda,tenderNotice,TENDER DOCUMENT,2024-01-22T13:52:49Z
0.releases.2382.tender.documents.0,0.releases.2382,0,012024175757780-7fda,tenderNotice,TENDER DOCUMENT,2024-01-22T13:52:49Z
0.releases.2383.tender.documents.0,0.releases.2383,0,012024175757780-7fda,tenderNotice,TENDER DOCUMENT,2024-01-22T13:52:49Z
0.releases.2386.tender.documents.0,0.releases.2386,0,112024113208258-7fb1,tenderNotice,Beneficial Form,2024-12-04T14:34:20Z
0.releases.2386.tender.documents.1,0.releases.2386,0,112024114432139-7fac,tenderNotice,Drawings,2024-12-04T14:34:20Z
0.releases.2386.tender.documents.2,0.releases.2386,0,112024160410529-7fc0,tenderNotice,DAO,2024-12-04T14:34:20Z
0.releases.2386.tender.documents.3,0.releases.2386,0,122024122904902-777a,tenderNotice,DAO UPDATED FINAL,2024-12-04T14:34:20Z
0.releases.2389.tender.documents.0,0.releases.2389,0,122025110455891-7fe6,tenderNotice,Tender Document,2025-12-13T09:24:19Z
0.releases.2389.tender.documents.1,0.releases.2389,0,122025110455897-7fe5,tenderNotice,Beneficial ownership disclosure declaration for,2025-12-13T09:24:19Z
0.releases.2390.tender.documents.0,0.releases.2390,0,122025110455891-7fe6,tenderNotice,Tender Document,2025-12-13T09:24:19Z
0.releases.2390.tender.documents.1,0.releases.2390,0,122025110455897-7fe5,tenderNotice,Beneficial ownership disclosure declaration for,2025-12-13T09:24:19Z
0.releases.2393.tender.documents.0,0.releases.2393,0,012026120632341-7c3d,tenderNotice,Amended tender document,2026-01-06T12:18:59Z
0.releases.2393.tender.documents.1,0.releases.2393,0,122025151813822-6a18,tenderNotice,Tender document,2026-01-06T12:18:59Z
0.releases.2395.tender.documents.0,0.releases.2395,0,012026085112824-586a,tenderNotice,Beneficial,2026-01-05T10:13:20Z
0.releases.2395.tender.documents.1,0.releases.2395,0,122025143424972-7ae6,tenderNotice,Tender Document,2026-01-05T10:13:20Z
0.releases.2395.tender.documents.2,0.releases.2395,0,122025143424984-7ae5,tenderNotice,Drawing,2026-01-05T10:13:20Z
0.releases.2395.tender.documents.3,0.releases.2395,0,122025191021047-7a88,tenderNotice,DAOAmendment ,2026-01-05T10:13:20Z
0.releases.2396.tender.documents.0,0.releases.2396,0,102024105839489-7095,tenderNotice,EOI,2024-10-14T17:23:28Z
0.releases.2397.tender.documents.0,0.releases.2397,0,112025154058523-7f36,tenderNotice,Beneficial ownership disclosure declaration form,2025-11-25T18:06:01Z
0.releases.2397.tender.documents.1,0.releases.2397,0,112025154058526-7f35,tenderNotice,Tender document,2025-11-25T18:06:01Z
0.releases.2397.tender.documents.2,0.releases.2397,0,112025154058532-7f34,tenderNotice,Technical specifications,2025-11-25T18:06:01Z
0.releases.2398.tender.documents.0,0.releases.2398,0,112025112358508-7fe9,tenderNotice,DAO,2025-11-13T20:42:51Z
0.releases.2398.tender.documents.1,0.releases.2398,0,112025112358516-7fe8,tenderNotice,COMPLIANCE FORM,2025-11-13T20:42:51Z
0.releases.2398.tender.documents.2,0.releases.2398,0,112025112358522-7fe7,tenderNotice,BENEFICIAL OWNERSHIP DISCLOSURE FORM,2025-11-13T20:42:51Z
0.releases.2399.tender.documents.0,0.releases.2399,0,062025185642590-7c1b,tenderNotice,Dao,2025-06-06T10:26:12Z
0.releases.2400.tender.documents.0,0.releases.2400,0,072023124809276-56e2,tenderNotice,DAO,2023-07-22T21:41:13Z
0.releases.2401.tender.documents.0,0.releases.2401,0,112024154146567-70c2,tenderNotice,TENDER DOCUMENT,2024-11-08T15:39:39Z
0.releases.2402.tender.documents.0,0.releases.2402,0,092024175856346-7950,tenderNotice,Tender Document,2024-09-25T20:04:57Z
0.releases.2403.tender.documents.0,0.releases.2403,0,082025123146741-7e1f,tenderNotice,Expression of interest,2025-08-14T13:04:42Z
0.releases.2403.tender.documents.1,0.releases.2403,0,082025123146746-7e1e,tenderNotice,Annex,2025-08-14T13:04:42Z
0.releases.2403.tender.documents.2,0.releases.2403,0,102025122703815-7ffd,tenderNotice,Request for Proposal,2025-11-25T10:36:05Z
0.releases.2404.tender.documents.0,0.releases.2404,0,112023081008277-7fb2,tenderNotice,STRUCTURE DRAWING,2023-12-07T22:43:04Z
0.releases.2404.tender.documents.1,0.releases.2404,0,112023111911003-7f4e,tenderNotice,Tender document,2023-12-07T22:43:04Z
0.releases.2404.tender.documents.2,0.releases.2404,0,112023190827206-7ebb,tenderNotice,Rasano Drawing,2023-12-07T22:43:04Z
0.releases.2404.tender.documents.3,0.releases.2404,0,112023190827304-7eba,tenderNotice,Tender document Amended,2023-12-07T22:43:04Z
0.releases.2404.tender.documents.4,0.releases.2404,0,122023155235850-7c41,tenderNotice,Tender document Amended update,2023-12-07T22:43:04Z
0.releases.2405.tender.documents.0,0.releases.2405,0,102025104812902-7feb,tenderNotice,Beneficial ownership ,2025-10-31T10:48:12Z
0.releases.2405.tender.documents.1,0.releases.2405,0,102025104812906-7fea,tenderNotice,SBD,2025-10-31T10:48:12Z
0.releases.2406.tender.documents.0,0.releases.2406,0,112024104214005-7a23,tenderNotice,TD,2024-11-16T17:53:11Z
0.releases.2406.tender.documents.1,0.releases.2406,0,112024104214025-7a22,tenderNotice,SPECIFICATIONS,2024-11-16T17:53:11Z
0.releases.2407.tender.documents.0,0.releases.2407,0,012026134123449-7b11,tenderNotice,TENDER DOCUMENT,2026-01-12T13:41:23Z
0.releases.2408.tender.documents.0,0.releases.2408,0,122025234800139-6914,tenderNotice,Tender document,2025-12-05T10:56:30Z
0.releases.2408.tender.documents.1,0.releases.2408,0,122025234800147-6913,tenderNotice,Technical specification,2025-12-05T10:56:30Z
0.releases.2412.tender.documents.0,0.releases.2412,0,122025175812250-7201,tenderNotice,Tender document,2025-12-18T16:44:27Z
0.releases.2412.tender.documents.1,0.releases.2412,0,122025175812266-7200,tenderNotice,Technical specifications,2025-12-18T16:44:27Z
0.releases.2412.tender.documents.2,0.releases.2412,0,122025175812281-71ff,tenderNotice,"Filled, signed and stamped beneficial ownership discloser declaration",2025-12-18T16:44:27Z
0.releases.2413.tender.documents.0,0.releases.2413,0,122025175812250-7201,tenderNotice,Tender document,2025-12-18T16:44:27Z
0.releases.2413.tender.documents.1,0.releases.2413,0,122025175812266-7200,tenderNotice,Technical specifications,2025-12-18T16:44:27Z
0.releases.2413.tender.documents.2,0.releases.2413,0,122025175812281-71ff,tenderNotice,"Filled, signed and stamped beneficial ownership discloser declaration",2025-12-18T16:44:27Z
0.releases.2414.tender.documents.0,0.releases.2414,0,122025131259323-7d40,tenderNotice,RFP ,2025-12-30T16:53:25Z
0.releases.2414.tender.documents.1,0.releases.2414,0,122025131259333-7d3f,tenderNotice,Beneficial ownership disclosure form,2025-12-30T16:53:25Z
0.releases.2416.tender.documents.0,0.releases.2416,0,122025092215681-7fec,tenderNotice,Tender document,2025-12-12T09:43:07Z
0.releases.2417.tender.documents.0,0.releases.2417,0,102025173339739-7fe0,tenderNotice,TD SPORTS FACILITATION ACTIVITIES,2025-10-29T15:16:28Z
0.releases.2418.tender.documents.0,0.releases.2418,0,122025234800139-6914,tenderNotice,Tender document,2025-12-05T10:56:30Z
0.releases.2418.tender.documents.1,0.releases.2418,0,122025234800147-6913,tenderNotice,Technical specification,2025-12-05T10:56:30Z
0.releases.2419.tender.documents.0,0.releases.2419,0,122025175812250-7201,tenderNotice,Tender document,2025-12-18T16:44:27Z
0.releases.2419.tender.documents.1,0.releases.2419,0,122025175812266-7200,tenderNotice,Technical specifications,2025-12-18T16:44:27Z
0.releases.2419.tender.documents.2,0.releases.2419,0,122025175812281-71ff,tenderNotice,"Filled, signed and stamped beneficial ownership discloser declaration",2025-12-18T16:44:27Z
0.releases.2427.tender.documents.0,0.releases.2427,0,082025125214931-7fa8,tenderNotice,Tender document,2025-09-26T11:53:45Z
0.releases.2427.tender.documents.1,0.releases.2427,0,092025173505156-7d29,tenderNotice,Amended tender document,2025-09-26T11:53:45Z
0.releases.2429.tender.documents.0,0.releases.2429,0,122025113710691-7e2e,tenderNotice,TENDER DOCUMENT,2025-12-23T12:08:22Z
0.releases.2429.tender.documents.1,0.releases.2429,0,122025113710698-7e2d,tenderNotice,Declaration of Beneficial ownership form,2025-12-23T12:08:22Z
0.releases.2429.tender.documents.2,0.releases.2429,0,122025113710701-7e2c,tenderNotice,updated list of VSM companies ,2025-12-23T12:08:22Z
0.releases.2429.tender.documents.3,0.releases.2429,0,122025113710708-7e2b,tenderNotice,law,2025-12-23T12:08:22Z
0.releases.2432.tender.documents.0,0.releases.2432,0,082025123146741-7e1f,tenderNotice,Expression of interest,2025-08-14T13:04:42Z
0.releases.2432.tender.documents.1,0.releases.2432,0,082025123146746-7e1e,tenderNotice,Annex,2025-08-14T13:04:42Z
0.releases.2432.tender.documents.2,0.releases.2432,0,102025122703815-7ffd,tenderNotice,Request for Proposal,2025-11-25T10:36:05Z
0.releases.2439.tender.documents.0,0.releases.2439,0,112023191746156-6ea6,tenderNotice,Bidding Document ,2024-01-15T16:22:42Z
0.releases.2440.tender.documents.0,0.releases.2440,0,112023201445093-7eb9,tenderNotice,Bidding Document,2024-01-15T16:23:10Z
0.releases.2441.tender.documents.0,0.releases.2441,0,122025092215681-7fec,tenderNotice,Tender document,2025-12-12T09:43:07Z
0.releases.2442.tender.documents.0,0.releases.2442,0,012026085112824-586a,tenderNotice,Beneficial,2026-01-05T10:13:20Z
0.releases.2442.tender.documents.1,0.releases.2442,0,122025143424972-7ae6,tenderNotice,Tender Document,2026-01-05T10:13:20Z
0.releases.2442.tender.documents.2,0.releases.2442,0,122025143424984-7ae5,tenderNotice,Drawing,2026-01-05T10:13:20Z
0.releases.2442.tender.documents.3,0.releases.2442,0,122025191021047-7a88,tenderNotice,DAOAmendment ,2026-01-05T10:13:20Z
0.releases.2454.tender.documents.0,0.releases.2454,0,092025145307726-7f96,tenderNotice,DAO,2025-10-01T23:47:13Z
0.releases.2454.tender.documents.1,0.releases.2454,0,092025145307734-7f95,tenderNotice,Beneficial Ownership,2025-10-01T23:47:13Z
0.releases.2455.tender.documents.0,0.releases.2455,0,092025123604749-7fea,tenderNotice,DAO,2025-09-27T06:10:05Z
0.releases.2455.tender.documents.1,0.releases.2455,0,092025123604753-7fe9,tenderNotice,Beneficial Ownership,2025-09-27T06:10:05Z
0.releases.2456.tender.documents.0,0.releases.2456,0,122025110455891-7fe6,tenderNotice,Tender Document,2025-12-13T09:24:19Z
0.releases.2456.tender.documents.1,0.releases.2456,0,122025110455897-7fe5,tenderNotice,Beneficial ownership disclosure declaration for,2025-12-13T09:24:19Z
0.releases.2458.tender.documents.0,0.releases.2458,0,012026134123449-7b11,tenderNotice,TENDER DOCUMENT,2026-01-12T13:41:23Z
0.releases.2461.tender.documents.0,0.releases.2461,0,112024105217504-7f9d,tenderNotice,STANDARD BIDDING DOCUMENT,2024-11-21T13:31:30Z
0.releases.2464.tender.documents.0,0.releases.2464,0,082024151549095-7d6a,tenderNotice,Tender Document,2024-08-06T20:37:58Z
0.releases.2465.tender.documents.0,0.releases.2465,0,122025071251811-5ba7,tenderNotice,DAO STATIONERY,2025-12-31T13:48:31Z
0.releases.2465.tender.documents.1,0.releases.2465,0,122025071251822-5ba6,tenderNotice,Beneficial ownership,2025-12-31T13:48:31Z
0.releases.2466.tender.documents.0,0.releases.2466,0,112025123227476-7fdf,tenderNotice,NENEFICIAL OWNERSHIP DISCLOSURE DECLARATION FORM ,2025-11-19T12:38:22Z
0.releases.2466.tender.documents.1,0.releases.2466,0,112025123227482-7fde,tenderNotice,TENDER DOCUMENT,2025-11-19T12:38:22Z
0.releases.2470.tender.documents.0,0.releases.2470,0,122025115337121-6d55,tenderNotice,beneficial ownership disclosure form,2025-12-02T18:48:38Z
0.releases.2470.tender.documents.1,0.releases.2470,0,122025143505050-7e0c,tenderNotice,Tender Document,2025-12-02T18:48:38Z
0.releases.2475.tender.documents.0,0.releases.2475,0,122025125707137-7f36,tenderNotice,Tender Document,2025-12-16T19:45:00Z
0.releases.2475.tender.documents.1,0.releases.2475,0,122025125707145-7f35,tenderNotice,Beneficial ownership disclosure form,2025-12-16T19:45:00Z
0.releases.2475.tender.documents.2,0.releases.2475,0,122025125707148-7f34,tenderNotice,drawing placard,2025-12-16T19:45:00Z
0.releases.2475.tender.documents.3,0.releases.2475,0,122025125707151-7f33,tenderNotice,drawing Teachers table,2025-12-16T19:45:00Z
0.releases.2475.tender.documents.4,0.releases.2475,0,122025125707154-7f32,tenderNotice,drawing Teachers chair,2025-12-16T19:45:00Z
0.releases.2475.tender.documents.5,0.releases.2475,0,122025125707158-7f31,tenderNotice,drawing doors and windows,2025-12-16T19:45:00Z
0.releases.2475.tender.documents.6,0.releases.2475,0,122025125707162-7f30,tenderNotice,drawing Desk,2025-12-16T19:45:00Z
0.releases.2484.tender.documents.0,0.releases.2484,0,112023191746156-6ea6,tenderNotice,Bidding Document ,2024-01-15T16:22:42Z
0.releases.2486.tender.documents.0,0.releases.2486,0,112023201445093-7eb9,tenderNotice,Bidding Document,2024-01-15T16:23:10Z
0.releases.2487.tender.documents.0,0.releases.2487,0,102024173044426-7934,tenderNotice,Tender document,2024-10-31T10:52:21Z
0.releases.2488.tender.documents.0,0.releases.2488,0,102024173044426-7934,tenderNotice,Tender document,2024-10-31T10:52:21Z
0.releases.2490.tender.documents.0,0.releases.2490,0,102025085651255-7fe9,tenderNotice,TENDER DOCUMENT,2025-10-24T16:35:07Z
0.releases.2490.tender.documents.1,0.releases.2490,0,102025085651271-7fe8,tenderNotice,Beneficial ownership disclosure form,2025-10-24T16:35:07Z
0.releases.2490.tender.documents.2,0.releases.2490,0,102025155303666-7fb7,tenderNotice,FIRST REVISED TENDER DOCUMENT ,2025-10-24T16:35:07Z
0.releases.2491.tender.documents.0,0.releases.2491,0,102025104812902-7feb,tenderNotice,Beneficial ownership ,2025-10-31T10:48:12Z
0.releases.2491.tender.documents.1,0.releases.2491,0,102025104812906-7fea,tenderNotice,SBD,2025-10-31T10:48:12Z
0.releases.2499.tender.documents.0,0.releases.2499,0,122025180055424-71fe,tenderNotice,TENDER DOCUMENT,2025-12-18T09:18:41Z
0.releases.2499.tender.documents.1,0.releases.2499,0,122025180055437-71fd,tenderNotice,Beneficial Ownership Disclosure Declaration foam,2025-12-18T09:18:41Z
0.releases.2500.tender.documents.0,0.releases.2500,0,112024105217504-7f9d,tenderNotice,STANDARD BIDDING DOCUMENT,2024-11-21T13:31:30Z
0.releases.2502.tender.documents.0,0.releases.2502,0,092023135955578-7b0f,tenderNotice,DAO,2023-09-15T17:25:01Z
0.releases.2503.tender.documents.0,0.releases.2503,0,092023135008730-7b12,tenderNotice,DAO,2023-09-15T17:24:25Z
0.releases.2504.tender.documents.0,0.releases.2504,0,122025071251811-5ba7,tenderNotice,DAO STATIONERY,2025-12-31T13:48:31Z
0.releases.2504.tender.documents.1,0.releases.2504,0,122025071251822-5ba6,tenderNotice,Beneficial ownership,2025-12-31T13:48:31Z
0.releases.2505.tender.documents.0,0.releases.2505,0,092025123604749-7fea,tenderNotice,DAO,2025-09-27T06:10:05Z
0.releases.2505.tender.documents.1,0.releases.2505,0,092025123604753-7fe9,tenderNotice,Beneficial Ownership,2025-09-27T06:10:05Z
0.releases.2506.tender.documents.0,0.releases.2506,0,092025145307726-7f96,tenderNotice,DAO,2025-10-01T23:47:13Z
0.releases.2506.tender.documents.1,0.releases.2506,0,092025145307734-7f95,tenderNotice,Beneficial Ownership,2025-10-01T23:47:13Z
0.releases.2507.tender.documents.0,0.releases.2507,0,112025131804473-7ff9,tenderNotice,Tender Document,2025-11-07T10:34:26Z
0.releases.2507.tender.documents.1,0.releases.2507,0,112025131804485-7ff8,tenderNotice,Beneficial Ownership Disclosure form,2025-11-07T10:34:26Z
0.releases.2508.tender.documents.0,0.releases.2508,0,092025121347069-7fa7,tenderNotice,DAO,2025-10-24T09:48:51Z
0.releases.2508.tender.documents.1,0.releases.2508,0,092025121347079-7fa6,tenderNotice,Beneficial owernership form,2025-10-24T09:48:51Z
0.releases.2509.tender.documents.0,0.releases.2509,0,122025214548688-5bad,tenderNotice,Tender document ,2025-12-31T10:41:02Z
0.releases.2509.tender.documents.1,0.releases.2509,0,122025214548694-5bac,tenderNotice,Beneficial  owneship disclosure form ,2025-12-31T10:41:02Z
0.releases.2510.tender.documents.0,0.releases.2510,0,102024173044426-7934,tenderNotice,Tender document,2024-10-31T10:52:21Z
0.releases.2512.tender.documents.0,0.releases.2512,0,082025155243317-756b,tenderNotice,Request for Expression of Intrest,2025-08-29T14:02:33Z
0.releases.2513.tender.documents.0,0.releases.2513,0,082025155243317-756b,tenderNotice,Request for Expression of Intrest,2025-08-29T14:02:33Z
0.releases.2517.tender.documents.0,0.releases.2517,0,042025161114378-6d02,tenderNotice,TENDER DOCUMENT,2025-04-11T16:48:05Z
0.releases.2518.tender.documents.0,0.releases.2518,0,112025161650485-7e17,tenderNotice,Request for Expression of Intrest,2025-11-20T09:57:33Z
0.releases.2519.tender.documents.0,0.releases.2519,0,112025161650485-7e17,tenderNotice,Request for Expression of Intrest,2025-11-20T09:57:33Z
0.releases.2520.tender.documents.0,0.releases.2520,0,012024142447892-7fd7,tenderNotice,Tender Document,2024-01-04T12:28:43Z
0.releases.2521.tender.documents.0,0.releases.2521,0,092023130533831-7ef5,tenderNotice,tender document,2023-09-26T16:20:28Z
0.releases.2523.tender.documents.0,0.releases.2523,0,122025162800851-7f41,tenderNotice,Bidding document,2025-12-15T00:01:02Z
0.releases.2526.tender.documents.0,0.releases.2526,0,122025193124124-71cf,tenderNotice,Tender Document,2025-12-17T20:35:13Z
0.releases.2526.tender.documents.1,0.releases.2526,0,122025195826644-7edb,tenderNotice,Tender Document (Ammendment) ,2025-12-17T20:35:13Z
0.releases.2529.tender.documents.0,0.releases.2529,0,072024184812055-7f5d,tenderNotice,DAO/Lot 2,2024-07-05T10:09:46Z
0.releases.2529.tender.documents.1,0.releases.2529,0,072024185329417-7f5c,tenderNotice,DECLARATION OF BENEFICIAL OWNERS OF PRIVATE C0MPANIES/Form,2024-07-05T10:09:46Z
0.releases.2532.tender.documents.0,0.releases.2532,0,092024124237753-68c0,tenderNotice,Tender document,2024-09-18T17:44:47Z
0.releases.2533.tender.documents.0,0.releases.2533,0,102024095640123-7fe9,tenderNotice,Tender document,2024-11-11T18:43:38Z
0.releases.2533.tender.documents.1,0.releases.2533,0,102024095640146-7fe8,tenderNotice,Beneficial ownership disclosure form,2024-11-11T18:43:38Z
0.releases.2533.tender.documents.2,0.releases.2533,0,112024175320188-625f,tenderNotice,Amended Tender Document,2024-11-11T18:43:38Z
0.releases.2534.tender.documents.0,0.releases.2534,0,112024114022664-680e,tenderNotice,Tender document,2024-11-27T14:21:54Z
0.releases.2535.tender.documents.0,0.releases.2535,0,112024114022664-680e,tenderNotice,Tender document,2024-11-27T14:21:54Z
0.releases.2536.tender.documents.0,0.releases.2536,0,082023160538378-7f21,tenderNotice,TENDER DOCUMENT ,2023-08-30T16:07:14Z
0.releases.2536.tender.documents.1,0.releases.2536,0,082023160538387-7f20,tenderNotice,DETAILED LIST OF SPARE PARTS TO BE QUOTED,2023-08-30T16:07:14Z
0.releases.2537.tender.documents.0,0.releases.2537,0,062025173503434-7e8d,tenderNotice,Tender document,2025-08-05T19:00:04Z
0.releases.2537.tender.documents.1,0.releases.2537,0,062025173503475-7e8c,tenderNotice,Beneficial ownership template,2025-08-05T19:00:04Z
0.releases.2537.tender.documents.2,0.releases.2537,0,072025092229334-7eee,tenderNotice,Amended Tender document,2025-08-05T19:00:04Z
0.releases.2537.tender.documents.3,0.releases.2537,0,072025092229345-7eed,tenderNotice,Addendum,2025-08-05T19:00:04Z
0.releases.2537.tender.documents.4,0.releases.2537,0,072025100731132-7fc4,tenderNotice,Addendum 2,2025-08-05T19:00:04Z
0.releases.2537.tender.documents.5,0.releases.2537,0,082025151230207-7409,tenderNotice,Tender document 2,2025-08-05T19:00:04Z
0.releases.2537.tender.documents.6,0.releases.2537,0,082025151230213-7408,tenderNotice,Addendum 3,2025-08-05T19:00:04Z
0.releases.2538.tender.documents.0,0.releases.2538,0,102025173339739-7fe0,tenderNotice,TD SPORTS FACILITATION ACTIVITIES,2025-10-29T15:16:28Z
0.releases.2539.tender.documents.0,0.releases.2539,0,102025173339739-7fe0,tenderNotice,TD SPORTS FACILITATION ACTIVITIES,2025-10-29T15:16:28Z
0.releases.2540.tender.documents.0,0.releases.2540,0,102024105839489-7095,tenderNotice,EOI,2024-10-14T17:23:28Z
0.releases.2541.tender.documents.0,0.releases.2541,0,102025173339739-7fe0,tenderNotice,TD SPORTS FACILITATION ACTIVITIES,2025-10-29T15:16:28Z
0.releases.2542.tender.documents.0,0.releases.2542,0,082023160538378-7f21,tenderNotice,TENDER DOCUMENT ,2023-08-30T16:07:14Z
0.releases.2542.tender.documents.1,0.releases.2542,0,082023160538387-7f20,tenderNotice,DETAILED LIST OF SPARE PARTS TO BE QUOTED,2023-08-30T16:07:14Z
0.releases.2543.tender.documents.0,0.releases.2543,0,102025173339739-7fe0,tenderNotice,TD SPORTS FACILITATION ACTIVITIES,2025-10-29T15:16:28Z
0.releases.2544.tender.documents.0,0.releases.2544,0,112023081008277-7fb2,tenderNotice,STRUCTURE DRAWING,2023-12-07T22:43:04Z
0.releases.2544.tender.documents.1,0.releases.2544,0,112023111911003-7f4e,tenderNotice,Tender document,2023-12-07T22:43:04Z
0.releases.2544.tender.documents.2,0.releases.2544,0,112023190827206-7ebb,tenderNotice,Rasano Drawing,2023-12-07T22:43:04Z
0.releases.2544.tender.documents.3,0.releases.2544,0,112023190827304-7eba,tenderNotice,Tender document Amended,2023-12-07T22:43:04Z
0.releases.2544.tender.documents.4,0.releases.2544,0,122023155235850-7c41,tenderNotice,Tender document Amended update,2023-12-07T22:43:04Z
0.releases.2545.tender.documents.0,0.releases.2545,0,102025173339739-7fe0,tenderNotice,TD SPORTS FACILITATION ACTIVITIES,2025-10-29T15:16:28Z
0.releases.2546.tender.documents.0,0.releases.2546,0,102025173339739-7fe0,tenderNotice,TD SPORTS FACILITATION ACTIVITIES,2025-10-29T15:16:28Z
0.releases.2547.tender.documents.0,0.releases.2547,0,082023172735012-7f83,tenderNotice,Tender document,2023-08-21T17:46:31Z
0.releases.2547.tender.documents.1,0.releases.2547,0,082023172735020-7f82,tenderNotice,Excel sheet,2023-08-21T17:46:31Z
0.releases.2550.tender.documents.0,0.releases.2550,0,102025173339739-7fe0,tenderNotice,TD SPORTS FACILITATION ACTIVITIES,2025-10-29T15:16:28Z
0.releases.2552.tender.documents.0,0.releases.2552,0,102025173339739-7fe0,tenderNotice,TD SPORTS FACILITATION ACTIVITIES,2025-10-29T15:16:28Z
0.releases.2553.tender.documents.0,0.releases.2553,0,102024132745533-7f80,tenderNotice,Tender document,2024-10-08T10:06:47Z
0.releases.2553.tender.documents.1,0.releases.2553,0,102024132745566-7f7f,tenderNotice,Beneficial Ownership Disclosure Declaration Form,2024-10-08T10:06:47Z
0.releases.2553.tender.documents.2,0.releases.2553,0,102024150616638-7d09,tenderNotice,Amended tender document,2024-10-08T10:06:47Z
0.releases.2554.tender.documents.0,0.releases.2554,0,102024164421271-7fc2,tenderNotice,Tender document,2024-10-07T13:32:38Z
0.releases.2554.tender.documents.1,0.releases.2554,0,102024164421279-7fc1,tenderNotice,Beneficial Ownership Disclosure form,2024-10-07T13:32:38Z
0.releases.2555.tender.documents.0,0.releases.2555,0,102024142554858-7d13,tenderNotice,Tender document,2024-10-07T14:40:53Z
0.releases.2555.tender.documents.1,0.releases.2555,0,102024142554887-7d12,tenderNotice,Beneficial Ownership Disclosure Declaration Form,2024-10-07T14:40:53Z
0.releases.2556.tender.documents.0,0.releases.2556,0,102024114346809-6892,tenderNotice,Tender document,2024-10-16T13:51:40Z
0.releases.2556.tender.documents.1,0.releases.2556,0,102024114346831-6891,tenderNotice,Beneficial Ownership Disclosure Declaration Form,2024-10-16T13:51:40Z
0.releases.2557.tender.documents.0,0.releases.2557,0,082023172735012-7f83,tenderNotice,Tender document,2023-08-21T17:46:31Z
0.releases.2557.tender.documents.1,0.releases.2557,0,082023172735020-7f82,tenderNotice,Excel sheet,2023-08-21T17:46:31Z
0.releases.2559.tender.documents.0,0.releases.2559,0,102025120315715-7fce,tenderNotice,REQUEST FRO PROPOSAL,2025-10-29T10:03:51Z
0.releases.2559.tender.documents.1,0.releases.2559,0,102025201302412-7ffc,tenderNotice,BENEFICIAL OWNERSHIP DISCLOSURE FORM,2025-10-29T10:03:51Z
0.releases.2561.tender.documents.0,0.releases.2561,0,112025153238668-7f39,tenderNotice,Tender document,2025-11-26T09:06:21Z
0.releases.2561.tender.documents.1,0.releases.2561,0,112025153238675-7f38,tenderNotice,Beneficial ownership form,2025-11-26T09:06:21Z
0.releases.2562.tender.documents.0,0.releases.2562,0,102024102324893-6203,tenderNotice,Tender document,2024-10-30T13:52:19Z
0.releases.2563.tender.documents.0,0.releases.2563,0,102024102324893-6203,tenderNotice,Tender document,2024-10-30T13:52:19Z
0.releases.2564.tender.documents.0,0.releases.2564,0,092024175856346-7950,tenderNotice,Tender Document,2024-09-25T20:04:57Z
0.releases.2565.tender.documents.0,0.releases.2565,0,102024102324893-6203,tenderNotice,Tender document,2024-10-30T13:52:19Z
0.releases.2566.tender.documents.0,0.releases.2566,0,102024102324893-6203,tenderNotice,Tender document,2024-10-30T13:52:19Z
0.releases.2570.tender.documents.0,0.releases.2570,0,072024150453216-63d7,tenderNotice,TENDER DOCUMENT,2024-07-24T14:57:57Z
0.releases.2570.tender.documents.1,0.releases.2570,0,072024150453224-63d6,tenderNotice,Beneficial Ownership Disclosure Form,2024-07-24T14:57:57Z
0.releases.2571.tender.documents.0,0.releases.2571,0,122025102501499-7038,tenderNotice,TD,2025-12-01T15:26:46Z
0.releases.2572.tender.documents.0,0.releases.2572,0,112024185237638-7ffc,tenderNotice,TD for the Tender of Provision of Hotel services in Rusizi District,2024-11-13T10:04:42Z
0.releases.2572.tender.documents.1,0.releases.2572,0,112024185237651-7ffb,tenderNotice,Beneficial ownership disclosure declaration form,2024-11-13T10:04:42Z
0.releases.2573.tender.documents.0,0.releases.2573,0,092025133511810-7fec,tenderNotice,TD,2025-09-04T22:11:01Z
0.releases.2574.tender.documents.0,0.releases.2574,0,122025213810464-5ed3,tenderNotice,DAO,2025-12-30T09:53:52Z
0.releases.2575.tender.documents.0,0.releases.2575,0,102023171326547-626d,tenderNotice,Tender docuemnt,2023-11-03T16:39:39Z
0.releases.2575.tender.documents.1,0.releases.2575,0,112023085333893-7f7d,tenderNotice,Amended tender document,2023-11-03T16:39:39Z
0.releases.2576.tender.documents.0,0.releases.2576,0,112025123047108-7ffd,tenderNotice,TENDER DOCUMENT ,2025-11-11T16:39:02Z
0.releases.2579.tender.documents.0,0.releases.2579,0,122025181000307-7d67,tenderNotice,Tender Document,2025-12-29T18:26:35Z
0.releases.2579.tender.documents.1,0.releases.2579,0,122025181000314-7d66,tenderNotice,Beneficial ownership disclosure declaration form,2025-12-29T18:26:35Z
0.releases.2579.tender.documents.2,0.releases.2579,0,122025181000317-7d65,tenderNotice,Drawings,2025-12-29T18:26:35Z
0.releases.2587.tender.documents.0,0.releases.2587,0,112025125813819-7fd7,tenderNotice,Tender Document,2025-11-14T12:28:05Z
0.releases.2587.tender.documents.1,0.releases.2587,0,112025125813827-7fd6,tenderNotice,DECLARATION OF BENEFICIAL OWNERS OF PRIVATE C0MPANIES,2025-11-14T12:28:05Z
0.releases.2591.tender.documents.0,0.releases.2591,0,122025122603185-7e0f,tenderNotice,Tender document,2025-12-23T18:02:22Z
0.releases.2598.tender.documents.0,0.releases.2598,0,112025110546339-7e8c,tenderNotice,beneficial ownership form,2025-12-03T12:57:38Z
0.releases.2598.tender.documents.1,0.releases.2598,0,122025100315058-6ec6,tenderNotice,Tender document,2025-12-03T12:57:38Z
0.releases.2599.tender.documents.0,0.releases.2599,0,122025121028981-7e11,tenderNotice,DAO,2025-12-24T14:45:07Z
0.releases.2599.tender.documents.1,0.releases.2599,0,122025121028991-7e10,tenderNotice,DECLARATION OF BENEFICIAL OWNERSHIP OF THE C0MPANY,2025-12-24T14:45:07Z
0.releases.2603.tender.documents.0,0.releases.2603,0,102025151937017-7aef,tenderNotice,Tender Document,2025-10-11T13:32:11Z
0.releases.2603.tender.documents.1,0.releases.2603,0,102025151937026-7aee,tenderNotice,Beneficial ownership,2025-10-11T13:32:11Z
0.releases.2604.tender.documents.0,0.releases.2604,0,122025130531794-7dbd,tenderNotice,RFP amended,2025-12-10T12:00:43Z
0.releases.2604.tender.documents.1,0.releases.2604,0,122025183716004-7e3e,tenderNotice,RFP,2025-12-10T12:00:43Z
0.releases.2605.tender.documents.0,0.releases.2605,0,122025130011205-7214,tenderNotice,Tender document,2025-12-19T15:48:52Z
0.releases.2605.tender.documents.1,0.releases.2605,0,122025130011222-7213,tenderNotice,Declaration of Beneficial Ownership of the Company form,2025-12-19T15:48:52Z
0.releases.2608.tender.documents.0,0.releases.2608,0,102025204052967-7d6b,tenderNotice,Tender Document,2025-10-29T15:19:57Z
0.releases.2608.tender.documents.1,0.releases.2608,0,102025204052984-7d6a,tenderNotice,Beneficial ownership,2025-10-29T15:19:57Z
0.releases.2609.tender.documents.0,0.releases.2609,0,112023161302743-7f45,tenderNotice,TD for Maintenance and Rehabilitation services,2023-11-23T10:52:34Z
0.releases.2610.tender.documents.0,0.releases.2610,0,112025102111789-7fc9,tenderNotice,Tender document,2025-11-06T09:36:21Z
0.releases.2611.tender.documents.0,0.releases.2611,0,082024145519695-7fb5,tenderNotice,BIDDING DOCUMENT,2024-08-16T09:42:36Z
0.releases.2612.tender.documents.0,0.releases.2612,0,112023160011743-7f0a,tenderNotice,TD Maintenance of Hospital vihicles,2023-11-23T20:57:07Z
0.releases.2617.tender.documents.0,0.releases.2617,0,122025130048811-6921,tenderNotice,DECLARATION OF BENEFICIAL OWNERSHIP OF THE C0MPANY,2025-12-24T14:54:45Z
0.releases.2624.tender.documents.0,0.releases.2624,0,112025003117547-7045,tenderNotice,Amended Tender Document ,2025-11-29T17:04:10Z
0.releases.2624.tender.documents.1,0.releases.2624,0,112025112039465-744b,tenderNotice,Tender Document ,2025-11-29T17:04:10Z
0.releases.2627.tender.documents.0,0.releases.2627,0,072023124809276-56e2,tenderNotice,DAO,2023-07-22T21:41:13Z
0.releases.2628.tender.documents.0,0.releases.2628,0,092024124237753-68c0,tenderNotice,Tender document,2024-09-18T17:44:47Z
0.releases.2629.tender.documents.0,0.releases.2629,0,092025101019427-7fda,tenderNotice,T D,2025-09-19T11:36:22Z
0.releases.2629.tender.documents.1,0.releases.2629,0,092025153900206-7fdb,tenderNotice,TS,2025-09-19T11:36:22Z
0.releases.2629.tender.documents.2,0.releases.2629,0,092025153900210-7fda,tenderNotice,TS1,2025-09-19T11:36:22Z
0.releases.2629.tender.documents.3,0.releases.2629,0,092025153900213-7fd9,tenderNotice,AS,2025-09-19T11:36:22Z
0.releases.2629.tender.documents.4,0.releases.2629,0,092025153900216-7fd8,tenderNotice,Beneficial ownership,2025-09-19T11:36:22Z
0.releases.2630.tender.documents.0,0.releases.2630,0,092025095316098-7ff6,tenderNotice,Tender Document,2025-09-09T09:52:31Z
0.releases.2630.tender.documents.1,0.releases.2630,0,092025095316112-7ff5,tenderNotice,Technical Specification,2025-09-09T09:52:31Z
0.releases.2630.tender.documents.2,0.releases.2630,0,092025095316123-7ff4,tenderNotice,TS & Catalogue form,2025-09-09T09:52:31Z
0.releases.2630.tender.documents.3,0.releases.2630,0,092025095316136-7ff3,tenderNotice,A S,2025-09-09T09:52:31Z
0.releases.2630.tender.documents.4,0.releases.2630,0,092025095316147-7ff2,tenderNotice,Beneficial Ownership,2025-09-09T09:52:31Z
0.releases.2632.tender.documents.0,0.releases.2632,0,122025104910125-7f15,tenderNotice,Tender document,2025-12-17T22:13:16Z
0.releases.2632.tender.documents.1,0.releases.2632,0,122025104910148-7f14,tenderNotice,Technical Specification,2025-12-17T22:13:16Z
0.releases.2632.tender.documents.2,0.releases.2632,0,122025104910169-7f13,tenderNotice,Declaration of Beneficial Ownership of the Company form,2025-12-17T22:13:16Z
0.releases.2633.tender.documents.0,0.releases.2633,0,112025134605945-7ffc,tenderNotice,Tender Document,2025-11-18T16:51:41Z
0.releases.2634.tender.documents.0,0.releases.2634,0,082025102711658-7fe9,tenderNotice,Expression of Interest,2025-08-12T11:24:49Z
0.releases.2634.tender.documents.1,0.releases.2634,0,082025102711663-7fe8,tenderNotice,Beneficial ownership,2025-08-12T11:24:49Z
0.releases.2634.tender.documents.2,0.releases.2634,0,082025102711669-7fe7,tenderNotice,Terms of reference,2025-08-12T11:24:49Z
0.releases.2634.tender.documents.3,0.releases.2634,0,092025151748611-7db5,tenderNotice,ToRs,2025-10-02T17:31:37Z
0.releases.2634.tender.documents.4,0.releases.2634,0,092025151748617-7db4,tenderNotice,RFP,2025-10-02T17:31:37Z
0.releases.2635.tender.documents.0,0.releases.2635,0,082025102711658-7fe9,tenderNotice,Expression of Interest,2025-08-12T11:24:49Z
0.releases.2635.tender.documents.1,0.releases.2635,0,082025102711663-7fe8,tenderNotice,Beneficial ownership,2025-08-12T11:24:49Z
0.releases.2635.tender.documents.2,0.releases.2635,0,082025102711669-7fe7,tenderNotice,Terms of reference,2025-08-12T11:24:49Z
0.releases.2635.tender.documents.3,0.releases.2635,0,092025151748611-7db5,tenderNotice,ToRs,2025-10-02T17:31:37Z
0.releases.2635.tender.documents.4,0.releases.2635,0,092025151748617-7db4,tenderNotice,RFP,2025-10-02T17:31:37Z
0.releases.2636.tender.documents.0,0.releases.2636,0,082025131335981-7dfe,tenderNotice,Beneficial ownership declaration,2025-09-16T14:19:34Z
0.releases.2636.tender.documents.1,0.releases.2636,0,082025133313753-7c62,tenderNotice,Guard house drawings,2025-09-16T14:19:34Z
0.releases.2636.tender.documents.2,0.releases.2636,0,082025140337434-7c5d,tenderNotice,Drawings drainage,2025-09-16T14:19:34Z
0.releases.2636.tender.documents.3,0.releases.2636,0,082025142331602-7c5a,tenderNotice,FRONT Face1,2025-09-16T14:19:34Z
0.releases.2636.tender.documents.4,0.releases.2636,0,082025142804426-7c59,tenderNotice,FRONT FACE 2,2025-09-16T14:19:34Z
0.releases.2636.tender.documents.5,0.releases.2636,0,082025143056243-7c58,tenderNotice,Perspective view,2025-09-16T14:19:34Z
0.releases.2636.tender.documents.6,0.releases.2636,0,082025143351713-7c57,tenderNotice,Tender Document,2025-09-16T14:19:34Z
0.releases.2636.tender.documents.7,0.releases.2636,0,082025223837927-7fd9,tenderNotice,Drawings,2025-09-16T14:19:34Z
0.releases.2636.tender.documents.8,0.releases.2636,0,092025134641802-7c60,tenderNotice,NOTE TO TENDER ADDENDUM 16-09-2025,2025-09-16T14:19:34Z
0.releases.2636.tender.documents.9,0.releases.2636,0,092025150400976-7fc3,tenderNotice,NOTE TO TENDER ADDENDUM,2025-09-16T14:19:34Z
0.releases.2639.tender.documents.0,0.releases.2639,0,122025140617070-7dc8,tenderNotice,Beneficial ownership form,2025-12-11T14:06:17Z
0.releases.2640.tender.documents.0,0.releases.2640,0,122025211617425-725f,tenderNotice,Beneficial ownership form,2025-12-10T21:16:22Z
0.releases.2640.tender.documents.1,0.releases.2640,0,122025211622222-725e,tenderNotice,RFP  doc,2025-12-10T21:16:22Z
0.releases.2641.tender.documents.0,0.releases.2641,0,112025081132737-7b4e,tenderNotice,Tender document,2025-11-28T15:59:03Z
0.releases.2642.tender.documents.0,0.releases.2642,0,112025081132737-7b4e,tenderNotice,Tender document,2025-11-28T15:59:03Z
0.releases.2644.tender.documents.0,0.releases.2644,0,052025111501609-76c3,tenderNotice,AMENDED TENDER DOCUMENT 2,2025-06-11T17:20:13Z
0.releases.2644.tender.documents.1,0.releases.2644,0,052025115942155-7c65,tenderNotice,Amended tender document,2025-06-11T17:20:13Z
0.releases.2644.tender.documents.2,0.releases.2644,0,052025122644542-7d76,tenderNotice,Tender document,2025-06-11T17:20:13Z
0.releases.2644.tender.documents.3,0.releases.2644,0,062025111437491-7fce,tenderNotice,Amended tender document,2025-06-11T17:20:13Z
0.releases.2646.tender.documents.0,0.releases.2646,0,102025151126059-7ffb,tenderNotice,SECURITY TENDER DOCUMENT,2025-11-18T18:06:08Z
0.releases.2646.tender.documents.1,0.releases.2646,0,112025165503530-7fa6,tenderNotice,TENDER DOCUMENT AMENDED ( SOME ITEMS REMOVED),2025-11-18T18:06:08Z
0.releases.2646.tender.documents.2,0.releases.2646,0,112025171025386-7ffd,tenderNotice,SECURITY TENDER DOCUMENT AMENDED,2025-11-18T18:06:08Z
0.releases.2647.tender.documents.0,0.releases.2647,0,082025155108337-7e77,tenderNotice,Tender document,2025-08-14T20:50:33Z
0.releases.2647.tender.documents.1,0.releases.2647,0,082025155108352-7e76,tenderNotice,ownership,2025-08-14T20:50:33Z
0.releases.2648.tender.documents.0,0.releases.2648,0,112024134545399-7e51,tenderNotice,RFP in word version only for reference,2024-11-22T20:10:01Z
0.releases.2648.tender.documents.1,0.releases.2648,0,112024134545406-7e50,tenderNotice,Signed and Stamped IL & RFP,2024-11-22T20:10:01Z
0.releases.2648.tender.documents.2,0.releases.2648,0,112024200305384-7f04,tenderNotice,Clarifications to RFP,2024-11-22T20:10:01Z
0.releases.2649.tender.documents.0,0.releases.2649,0,102025150458211-7ff1,tenderNotice,Tender Document,2025-10-27T17:31:47Z
0.releases.2650.tender.documents.0,0.releases.2650,0,122025210601745-7cfd,tenderNotice,TENDER DOCUMENT,2025-12-30T21:47:34Z
0.releases.2651.tender.documents.0,0.releases.2651,0,012025160056195-7c80,tenderNotice,Tender Document,2025-01-17T09:44:55Z
0.releases.2651.tender.documents.1,0.releases.2651,0,012025210357377-7c5f,tenderNotice,New tender document,2025-01-17T09:44:55Z
0.releases.2652.tender.documents.0,0.releases.2652,0,122025115745760-7f7e,tenderNotice,Technical Specification,2025-12-15T10:24:08Z
0.releases.2652.tender.documents.1,0.releases.2652,0,122025115745765-7f7d,tenderNotice,Tender document,2025-12-15T10:24:08Z
0.releases.2652.tender.documents.2,0.releases.2652,0,122025115745770-7f7c,tenderNotice,Beneficial ownership disclosure declaration form,2025-12-15T10:24:08Z
0.releases.2652.tender.documents.3,0.releases.2652,0,122025213144579-7f2a,tenderNotice,Amended Tender document,2025-12-15T10:24:08Z
0.releases.2653.tender.documents.0,0.releases.2653,0,102024121638958-604c,tenderNotice,Tender document,2024-10-30T16:15:09Z
0.releases.2654.tender.documents.0,0.releases.2654,0,122025211617425-725f,tenderNotice,Beneficial ownership form,2025-12-10T21:16:22Z
0.releases.2654.tender.documents.1,0.releases.2654,0,122025211622222-725e,tenderNotice,RFP  doc,2025-12-10T21:16:22Z
0.releases.2655.tender.documents.0,0.releases.2655,0,112023150506598-7da9,tenderNotice,Tender Document,2023-12-04T08:39:39Z
0.releases.2655.tender.documents.1,0.releases.2655,0,112023150506631-7da8,tenderNotice,Technical specifications,2023-12-04T08:39:39Z
0.releases.2656.tender.documents.0,0.releases.2656,0,122025140617070-7dc8,tenderNotice,Beneficial ownership form,2025-12-11T14:06:17Z
0.releases.2659.tender.documents.0,0.releases.2659,0,122024122231832-7f5e,tenderNotice,TENDER DOCUMENT,2024-12-03T15:12:08Z
0.releases.2659.tender.documents.1,0.releases.2659,0,122024122231850-7f5d,tenderNotice,Declaration Beneficial ownership disclosure form,2024-12-03T15:12:08Z
0.releases.2664.tender.documents.0,0.releases.2664,0,122024135656778-7376,tenderNotice,Tender document,2024-12-13T14:26:15Z
0.releases.2673.tender.documents.0,0.releases.2673,0,092024161458777-6859,tenderNotice,Request for Proposal,2024-09-05T21:00:23Z
0.releases.2674.tender.documents.0,0.releases.2674,0,082023124555031-76e9,tenderNotice,ToR,2023-08-09T13:10:53Z
0.releases.2680.tender.documents.0,0.releases.2680,0,082024142014723-7ba8,tenderNotice,TENDER DOCUMENT,2024-08-30T15:09:17Z
0.releases.2680.tender.documents.1,0.releases.2680,0,082024142014747-7ba7,tenderNotice,Beneficial ownership Disclosure,2024-08-30T15:09:17Z
0.releases.2683.tender.documents.0,0.releases.2683,0,012024175757780-7fda,tenderNotice,TENDER DOCUMENT,2024-01-22T13:52:49Z
0.releases.2684.tender.documents.0,0.releases.2684,0,112024134545399-7e51,tenderNotice,RFP in word version only for reference,2024-11-22T20:10:01Z
0.releases.2684.tender.documents.1,0.releases.2684,0,112024134545406-7e50,tenderNotice,Signed and Stamped IL & RFP,2024-11-22T20:10:01Z
0.releases.2684.tender.documents.2,0.releases.2684,0,112024200305384-7f04,tenderNotice,Clarifications to RFP,2024-11-22T20:10:01Z
0.releases.2691.tender.documents.0,0.releases.2691,0,062025173503434-7e8d,tenderNotice,Tender document,2025-08-05T19:00:04Z
0.releases.2691.tender.documents.1,0.releases.2691,0,062025173503475-7e8c,tenderNotice,Beneficial ownership template,2025-08-05T19:00:04Z
0.releases.2691.tender.documents.2,0.releases.2691,0,072025092229334-7eee,tenderNotice,Amended Tender document,2025-08-05T19:00:04Z
0.releases.2691.tender.documents.3,0.releases.2691,0,072025092229345-7eed,tenderNotice,Addendum,2025-08-05T19:00:04Z
0.releases.2691.tender.documents.4,0.releases.2691,0,072025100731132-7fc4,tenderNotice,Addendum 2,2025-08-05T19:00:04Z
0.releases.2691.tender.documents.5,0.releases.2691,0,082025151230207-7409,tenderNotice,Tender document 2,2025-08-05T19:00:04Z
0.releases.2691.tender.documents.6,0.releases.2691,0,082025151230213-7408,tenderNotice,Addendum 3,2025-08-05T19:00:04Z
0.releases.2692.tender.documents.0,0.releases.2692,0,062025173503434-7e8d,tenderNotice,Tender document,2025-08-05T19:00:04Z
0.releases.2692.tender.documents.1,0.releases.2692,0,062025173503475-7e8c,tenderNotice,Beneficial ownership template,2025-08-05T19:00:04Z
0.releases.2692.tender.documents.2,0.releases.2692,0,072025092229334-7eee,tenderNotice,Amended Tender document,2025-08-05T19:00:04Z
0.releases.2692.tender.documents.3,0.releases.2692,0,072025092229345-7eed,tenderNotice,Addendum,2025-08-05T19:00:04Z
0.releases.2692.tender.documents.4,0.releases.2692,0,072025100731132-7fc4,tenderNotice,Addendum 2,2025-08-05T19:00:04Z
0.releases.2692.tender.documents.5,0.releases.2692,0,082025151230207-7409,tenderNotice,Tender document 2,2025-08-05T19:00:04Z
0.releases.2692.tender.documents.6,0.releases.2692,0,082025151230213-7408,tenderNotice,Addendum 3,2025-08-05T19:00:04Z
0.releases.2698.tender.documents.0,0.releases.2698,0,122025145030419-7f7c,tenderNotice,TENDER DOCUMENT,2025-12-15T15:23:22Z
0.releases.2699.tender.documents.0,0.releases.2699,0,122025145030419-7f7c,tenderNotice,TENDER DOCUMENT,2025-12-15T15:23:22Z
0.releases.2700.tender.documents.0,0.releases.2700,0,122025145030419-7f7c,tenderNotice,TENDER DOCUMENT,2025-12-15T15:23:22Z
0.releases.2701.tender.documents.0,0.releases.2701,0,122025145030419-7f7c,tenderNotice,TENDER DOCUMENT,2025-12-15T15:23:22Z
0.releases.2702.tender.documents.0,0.releases.2702,0,122025145030419-7f7c,tenderNotice,TENDER DOCUMENT,2025-12-15T15:23:22Z
0.releases.2703.tender.documents.0,0.releases.2703,0,122025145030419-7f7c,tenderNotice,TENDER DOCUMENT,2025-12-15T15:23:22Z
0.releases.2704.tender.documents.0,0.releases.2704,0,122025145030419-7f7c,tenderNotice,TENDER DOCUMENT,2025-12-15T15:23:22Z
0.releases.2705.tender.documents.0,0.releases.2705,0,122025145030419-7f7c,tenderNotice,TENDER DOCUMENT,2025-12-15T15:23:22Z
0.releases.2706.tender.documents.0,0.releases.2706,0,122025145030419-7f7c,tenderNotice,TENDER DOCUMENT,2025-12-15T15:23:22Z
0.releases.2707.tender.documents.0,0.releases.2707,0,122025145030419-7f7c,tenderNotice,TENDER DOCUMENT,2025-12-15T15:23:22Z
0.releases.2708.tender.documents.0,0.releases.2708,0,122025145030419-7f7c,tenderNotice,TENDER DOCUMENT,2025-12-15T15:23:22Z
0.releases.2709.tender.documents.0,0.releases.2709,0,122025145030419-7f7c,tenderNotice,TENDER DOCUMENT,2025-12-15T15:23:22Z
0.releases.2710.tender.documents.0,0.releases.2710,0,122025145030419-7f7c,tenderNotice,TENDER DOCUMENT,2025-12-15T15:23:22Z
0.releases.2711.tender.documents.0,0.releases.2711,0,122025145030419-7f7c,tenderNotice,TENDER DOCUMENT,2025-12-15T15:23:22Z
0.releases.2712.tender.documents.0,0.releases.2712,0,122025145030419-7f7c,tenderNotice,TENDER DOCUMENT,2025-12-15T15:23:22Z
0.releases.2713.tender.documents.0,0.releases.2713,0,122025145030419-7f7c,tenderNotice,TENDER DOCUMENT,2025-12-15T15:23:22Z
0.releases.2714.tender.documents.0,0.releases.2714,0,122025123616160-59c9,tenderNotice,RFP,2026-01-05T09:45:23Z
0.releases.2714.tender.documents.1,0.releases.2714,0,122025123616178-59c8,tenderNotice,RPPA authorization,2026-01-05T09:45:23Z
0.releases.2715.tender.documents.0,0.releases.2715,0,112025092452509-7ffb,tenderNotice,Tender Document,2025-11-21T14:08:45Z
0.releases.2715.tender.documents.1,0.releases.2715,0,112025092452527-7ffa,tenderNotice,Architectural Drawings,2025-11-21T14:08:45Z
0.releases.2715.tender.documents.2,0.releases.2715,0,112025092452537-7ff9,tenderNotice,beneficial ownership disclosure declaration form,2025-11-21T14:08:45Z
0.releases.2718.tender.documents.0,0.releases.2718,0,092024163101363-7a3b,tenderNotice,TBD,2024-10-03T21:53:33Z
0.releases.2718.tender.documents.1,0.releases.2718,0,102024111109377-706b,tenderNotice,Amended TBD,2024-10-03T21:53:33Z
0.releases.2719.tender.documents.0,0.releases.2719,0,092024163101363-7a3b,tenderNotice,TBD,2024-10-03T21:53:33Z
0.releases.2719.tender.documents.1,0.releases.2719,0,102024111109377-706b,tenderNotice,Amended TBD,2024-10-03T21:53:33Z
0.releases.2723.tender.documents.0,0.releases.2723,0,092024163101363-7a3b,tenderNotice,TBD,2024-10-03T21:53:33Z
0.releases.2723.tender.documents.1,0.releases.2723,0,102024111109377-706b,tenderNotice,Amended TBD,2024-10-03T21:53:33Z
0.releases.2725.tender.documents.0,0.releases.2725,0,092025113144351-7f90,tenderNotice,TENDER DOCUMENT ,2025-09-25T14:02:38Z
0.releases.2725.tender.documents.1,0.releases.2725,0,092025124632304-7feb,tenderNotice,AMENDED TENDER DOCUMENT ,2025-09-25T14:02:38Z
0.releases.2725.tender.documents.2,0.releases.2725,0,092025175858657-7d28,tenderNotice,AMENDED TENDER DOCUMENT ,2025-09-25T14:02:38Z
0.releases.2726.tender.documents.0,0.releases.2726,0,102025123042276-7fee,tenderNotice,Tender document,2025-10-29T21:31:49Z
0.releases.2726.tender.documents.1,0.releases.2726,0,102025123042283-7fed,tenderNotice,Beneficial ownership disclosure,2025-10-29T21:31:49Z
0.releases.2728.tender.documents.0,0.releases.2728,0,122024155200135-64cd,tenderNotice, TENDER DOCUMENT,2024-12-20T11:43:14Z
0.releases.2729.tender.documents.0,0.releases.2729,0,122025144903811-6a1c,tenderNotice,TENDER DOCUMENT,2025-12-24T16:05:09Z
0.releases.2729.tender.documents.1,0.releases.2729,0,122025144903827-6a1b,tenderNotice,Beneficial ownership disclosure form,2025-12-24T16:05:09Z
0.releases.2729.tender.documents.2,0.releases.2729,0,122025144903838-6a1a,tenderNotice,IMBONERAHAMWE Y'IBICIRO KU IBAGIRO RY'INGURUBE,2025-12-24T16:05:09Z
0.releases.2730.tender.documents.0,0.releases.2730,0,122025113445327-7f82,tenderNotice,TD,2025-12-08T14:55:23Z
0.releases.2731.tender.documents.0,0.releases.2731,0,122025113445327-7f82,tenderNotice,TD,2025-12-08T14:55:23Z
0.releases.2732.tender.documents.0,0.releases.2732,0,122025113445327-7f82,tenderNotice,TD,2025-12-08T14:55:23Z
0.releases.2733.tender.documents.0,0.releases.2733,0,122025113445327-7f82,tenderNotice,TD,2025-12-08T14:55:23Z
0.releases.2734.tender.documents.0,0.releases.2734,0,122025113445327-7f82,tenderNotice,TD,2025-12-08T14:55:23Z
0.releases.2735.tender.documents.0,0.releases.2735,0,122025113445327-7f82,tenderNotice,TD,2025-12-08T14:55:23Z
0.releases.2736.tender.documents.0,0.releases.2736,0,122025113445327-7f82,tenderNotice,TD,2025-12-08T14:55:23Z
0.releases.2737.tender.documents.0,0.releases.2737,0,122025113445327-7f82,tenderNotice,TD,2025-12-08T14:55:23Z
0.releases.2738.tender.documents.0,0.releases.2738,0,122025113445327-7f82,tenderNotice,TD,2025-12-08T14:55:23Z
0.releases.2739.tender.documents.0,0.releases.2739,0,122025113445327-7f82,tenderNotice,TD,2025-12-08T14:55:23Z
0.releases.2740.tender.documents.0,0.releases.2740,0,122025113445327-7f82,tenderNotice,TD,2025-12-08T14:55:23Z
0.releases.2741.tender.documents.0,0.releases.2741,0,122025113445327-7f82,tenderNotice,TD,2025-12-08T14:55:23Z
0.releases.2742.tender.documents.0,0.releases.2742,0,122025113445327-7f82,tenderNotice,TD,2025-12-08T14:55:23Z
0.releases.2743.tender.documents.0,0.releases.2743,0,122025113445327-7f82,tenderNotice,TD,2025-12-08T14:55:23Z
0.releases.2744.tender.documents.0,0.releases.2744,0,122025113445327-7f82,tenderNotice,TD,2025-12-08T14:55:23Z
0.releases.2745.tender.documents.0,0.releases.2745,0,122025113445327-7f82,tenderNotice,TD,2025-12-08T14:55:23Z
0.releases.2746.tender.documents.0,0.releases.2746,0,122025113445327-7f82,tenderNotice,TD,2025-12-08T14:55:23Z
0.releases.2748.tender.documents.0,0.releases.2748,0,112023160011743-7f0a,tenderNotice,TD Maintenance of Hospital vihicles,2023-11-23T20:57:07Z
0.releases.2749.tender.documents.0,0.releases.2749,0,122025191240728-6693,tenderNotice,Beneficial owneship declaration,2025-12-28T13:25:49Z
0.releases.2749.tender.documents.1,0.releases.2749,0,122025191240745-6692,tenderNotice,Tender document,2025-12-28T13:25:49Z
0.releases.2750.tender.documents.0,0.releases.2750,0,122025133652061-6d50,tenderNotice,TENDER DOCUMENT,2025-12-02T16:48:12Z
0.releases.2750.tender.documents.1,0.releases.2750,0,122025133652079-6d4f,tenderNotice,Beneficial ownership declaration form,2025-12-02T16:48:12Z
0.releases.2751.tender.documents.0,0.releases.2751,0,112023161302743-7f45,tenderNotice,TD for Maintenance and Rehabilitation services,2023-11-23T10:52:34Z
0.releases.2752.tender.documents.0,0.releases.2752,0,012026105809651-56a6,tenderNotice,Tender document,2026-01-12T11:24:17Z
0.releases.2752.tender.documents.1,0.releases.2752,0,122025205745940-7e6b,tenderNotice,TENDER DOCUMENT,2025-12-09T20:57:47Z
0.releases.2753.tender.documents.0,0.releases.2753,0,122025190611775-71d7,tenderNotice,TENDER DOCUMENT,2025-12-18T10:03:33Z
0.releases.2754.tender.documents.0,0.releases.2754,0,102023140026443-7dd4,tenderNotice,Tender document ,2023-10-20T23:02:52Z
0.releases.2755.tender.documents.0,0.releases.2755,0,112025141339907-77f2,tenderNotice,Tender document,2025-11-26T20:18:24Z
0.releases.2755.tender.documents.1,0.releases.2755,0,112025141340687-77f1,tenderNotice,Bill of quantities,2025-11-26T20:18:24Z
0.releases.2755.tender.documents.2,0.releases.2755,0,112025141340692-77f0,tenderNotice,Drawing,2025-11-26T20:18:24Z
0.releases.2757.tender.documents.0,0.releases.2757,0,122025145030419-7f7c,tenderNotice,TENDER DOCUMENT,2025-12-15T15:23:22Z
0.releases.2758.tender.documents.0,0.releases.2758,0,012026190108886-4c2e,tenderNotice,Tender document amdment ,2026-01-09T19:35:46Z
0.releases.2758.tender.documents.1,0.releases.2758,0,122025114008416-7e51,tenderNotice,Declaration of Beneficial Ownership of the company with a full registration Certificate  ,2026-01-09T19:35:46Z
0.releases.2758.tender.documents.2,0.releases.2758,0,122025114449804-7e4d,tenderNotice,Tender document for office station,2026-01-09T19:35:46Z
0.releases.2761.tender.documents.0,0.releases.2761,0,122024155200135-64cd,tenderNotice, TENDER DOCUMENT,2024-12-20T11:43:14Z
0.releases.2763.tender.documents.0,0.releases.2763,0,082024125018964-7d6d,tenderNotice,Tender Document,2024-08-06T20:36:30Z
0.releases.2765.tender.documents.0,0.releases.2765,0,012026190108886-4c2e,tenderNotice,Tender document amdment ,2026-01-09T19:35:46Z
0.releases.2765.tender.documents.1,0.releases.2765,0,122025114008416-7e51,tenderNotice,Declaration of Beneficial Ownership of the company with a full registration Certificate  ,2026-01-09T19:35:46Z
0.releases.2765.tender.documents.2,0.releases.2765,0,122025114449804-7e4d,tenderNotice,Tender document for office station,2026-01-09T19:35:46Z
0.releases.2766.tender.documents.0,0.releases.2766,0,012024155259480-7061,tenderNotice,Tender Document ,2024-01-19T09:46:39Z
0.releases.2766.tender.documents.1,0.releases.2766,0,012024155259485-7060,tenderNotice,Technical Specifications,2024-01-19T09:46:39Z
0.releases.2767.tender.documents.0,0.releases.2767,0,112023111401550-7ad2,tenderNotice,TD,2023-11-14T16:26:51Z
0.releases.2768.tender.documents.0,0.releases.2768,0,092025115053336-7dc0,tenderNotice,Re-advertised tender document,2025-09-30T09:13:27Z
0.releases.2769.tender.documents.0,0.releases.2769,0,092025142100172-7fe9,tenderNotice,RFP,2025-09-06T11:43:23Z
0.releases.2770.tender.documents.0,0.releases.2770,0,102024112833242-6e27,tenderNotice,TENDER DOCUMENT,2024-11-13T12:51:46Z
0.releases.2770.tender.documents.1,0.releases.2770,0,112024094545473-7fdf,tenderNotice,AMENDED TENDER DOCUMENT,2024-11-13T12:51:46Z
0.releases.2771.tender.documents.0,0.releases.2771,0,112023111401550-7ad2,tenderNotice,TD,2023-11-14T16:26:51Z
0.releases.2773.tender.documents.0,0.releases.2773,0,102024101046882-7f09,tenderNotice,TENDER DOCUMENT,2024-10-23T10:44:23Z
0.releases.2774.tender.documents.0,0.releases.2774,0,102024171850318-7e91,tenderNotice,Tender document,2024-10-23T10:41:14Z
0.releases.2775.tender.documents.0,0.releases.2775,0,122025213810464-5ed3,tenderNotice,DAO,2025-12-30T09:53:52Z
0.releases.2778.tender.documents.0,0.releases.2778,0,112024111914206-75fc,tenderNotice,TENDER DOCUMENT,2024-11-23T07:08:25Z
0.releases.2779.tender.documents.0,0.releases.2779,0,122025090810335-7ddc,tenderNotice,Tender document,2025-12-03T18:33:56Z
0.releases.2779.tender.documents.1,0.releases.2779,0,122025090810344-7ddb,tenderNotice,beneficial ownership disclosure form,2025-12-03T18:33:56Z
0.releases.2780.tender.documents.0,0.releases.2780,0,122025213810464-5ed3,tenderNotice,DAO,2025-12-30T09:53:52Z
0.releases.2781.tender.documents.0,0.releases.2781,0,082025122853970-7e2d,tenderNotice,TD,2025-08-20T21:16:11Z
0.releases.2781.tender.documents.1,0.releases.2781,0,082025122853976-7e2c,tenderNotice,Form,2025-08-20T21:16:11Z
0.releases.2782.tender.documents.0,0.releases.2782,0,102025191402460-7fff,tenderNotice,Beneficial ownership disclosure form,2025-11-04T17:01:43Z
0.releases.2782.tender.documents.1,0.releases.2782,0,102025191402503-7ffe,tenderNotice,Tender document,2025-11-04T17:01:43Z
0.releases.2784.tender.documents.0,0.releases.2784,0,122025122603185-7e0f,tenderNotice,Tender document,2025-12-23T18:02:22Z
0.releases.2785.tender.documents.0,0.releases.2785,0,112025130711065-7def,tenderNotice,Tender Document,2025-11-20T15:07:58Z
0.releases.2786.tender.documents.0,0.releases.2786,0,122023121000108-7ecd,tenderNotice,Tender doc,2023-12-15T13:23:08Z
0.releases.2790.tender.documents.0,0.releases.2790,0,062025201050217-7562,tenderNotice,Tender Document,2025-07-30T13:43:44Z
0.releases.2790.tender.documents.1,0.releases.2790,0,062025201518313-755f,tenderNotice,Drawings ,2025-07-30T13:43:44Z
0.releases.2790.tender.documents.2,0.releases.2790,0,062025201518329-755e,tenderNotice,Drawings,2025-07-30T13:43:44Z
0.releases.2790.tender.documents.3,0.releases.2790,0,062025201518343-755d,tenderNotice,Drawings,2025-07-30T13:43:44Z
0.releases.2790.tender.documents.4,0.releases.2790,0,072025065521034-7f47,tenderNotice,Revised drawings ,2025-07-30T13:43:44Z
0.releases.2790.tender.documents.5,0.releases.2790,0,072025065521051-7f46,tenderNotice,Revised drawings ,2025-07-30T13:43:44Z
0.releases.2790.tender.documents.6,0.releases.2790,0,072025065521065-7f45,tenderNotice,Motif of amendment,2025-07-30T13:43:44Z
0.releases.2790.tender.documents.7,0.releases.2790,0,072025110253861-7f58,tenderNotice,Second motif of amendment,2025-07-30T13:43:44Z
0.releases.2791.tender.documents.0,0.releases.2791,0,062025201050217-7562,tenderNotice,Tender Document,2025-07-30T13:43:44Z
0.releases.2791.tender.documents.1,0.releases.2791,0,062025201518313-755f,tenderNotice,Drawings ,2025-07-30T13:43:44Z
0.releases.2791.tender.documents.2,0.releases.2791,0,062025201518329-755e,tenderNotice,Drawings,2025-07-30T13:43:44Z
0.releases.2791.tender.documents.3,0.releases.2791,0,062025201518343-755d,tenderNotice,Drawings,2025-07-30T13:43:44Z
0.releases.2791.tender.documents.4,0.releases.2791,0,072025065521034-7f47,tenderNotice,Revised drawings ,2025-07-30T13:43:44Z
0.releases.2791.tender.documents.5,0.releases.2791,0,072025065521051-7f46,tenderNotice,Revised drawings ,2025-07-30T13:43:44Z
0.releases.2791.tender.documents.6,0.releases.2791,0,072025065521065-7f45,tenderNotice,Motif of amendment,2025-07-30T13:43:44Z
0.releases.2791.tender.documents.7,0.releases.2791,0,072025110253861-7f58,tenderNotice,Second motif of amendment,2025-07-30T13:43:44Z
0.releases.2792.tender.documents.0,0.releases.2792,0,062025201050217-7562,tenderNotice,Tender Document,2025-07-30T13:43:44Z
0.releases.2792.tender.documents.1,0.releases.2792,0,062025201518313-755f,tenderNotice,Drawings ,2025-07-30T13:43:44Z
0.releases.2792.tender.documents.2,0.releases.2792,0,062025201518329-755e,tenderNotice,Drawings,2025-07-30T13:43:44Z
0.releases.2792.tender.documents.3,0.releases.2792,0,062025201518343-755d,tenderNotice,Drawings,2025-07-30T13:43:44Z
0.releases.2792.tender.documents.4,0.releases.2792,0,072025065521034-7f47,tenderNotice,Revised drawings ,2025-07-30T13:43:44Z
0.releases.2792.tender.documents.5,0.releases.2792,0,072025065521051-7f46,tenderNotice,Revised drawings ,2025-07-30T13:43:44Z
0.releases.2792.tender.documents.6,0.releases.2792,0,072025065521065-7f45,tenderNotice,Motif of amendment,2025-07-30T13:43:44Z
0.releases.2792.tender.documents.7,0.releases.2792,0,072025110253861-7f58,tenderNotice,Second motif of amendment,2025-07-30T13:43:44Z
0.releases.2793.tender.documents.0,0.releases.2793,0,102023161901290-7dd0,tenderNotice,Tender document ,2023-10-20T23:03:10Z
0.releases.2796.tender.documents.0,0.releases.2796,0,102023140026443-7dd4,tenderNotice,Tender document ,2023-10-20T23:02:52Z
0.releases.2797.tender.documents.0,0.releases.2797,0,112025160319806-7f7e,tenderNotice,TENDER DOCUMENT ,2025-11-14T09:09:13Z
0.releases.2798.tender.documents.0,0.releases.2798,0,112025092452509-7ffb,tenderNotice,Tender Document,2025-11-21T14:08:45Z
0.releases.2798.tender.documents.1,0.releases.2798,0,112025092452527-7ffa,tenderNotice,Architectural Drawings,2025-11-21T14:08:45Z
0.releases.2798.tender.documents.2,0.releases.2798,0,112025092452537-7ff9,tenderNotice,beneficial ownership disclosure declaration form,2025-11-21T14:08:45Z
0.releases.2799.tender.documents.0,0.releases.2799,0,102025123042276-7fee,tenderNotice,Tender document,2025-10-29T21:31:49Z
0.releases.2799.tender.documents.1,0.releases.2799,0,102025123042283-7fed,tenderNotice,Beneficial ownership disclosure,2025-10-29T21:31:49Z
0.releases.2800.tender.documents.0,0.releases.2800,0,102025105015080-79e1,tenderNotice,Terms of reference,2025-10-23T16:17:27Z
0.releases.2801.tender.documents.0,0.releases.2801,0,122025193124124-71cf,tenderNotice,Tender Document,2025-12-17T20:35:13Z
0.releases.2801.tender.documents.1,0.releases.2801,0,122025195826644-7edb,tenderNotice,Tender Document (Ammendment) ,2025-12-17T20:35:13Z
0.releases.2803.tender.documents.0,0.releases.2803,0,122025145938558-7211,tenderNotice,TENDER DOCUMENT,2025-12-22T10:21:53Z
0.releases.2804.tender.documents.0,0.releases.2804,0,122025123616160-59c9,tenderNotice,RFP,2026-01-05T09:45:23Z
0.releases.2804.tender.documents.1,0.releases.2804,0,122025123616178-59c8,tenderNotice,RPPA authorization,2026-01-05T09:45:23Z
0.releases.2805.tender.documents.0,0.releases.2805,0,112025141339907-77f2,tenderNotice,Tender document,2025-11-26T20:18:24Z
0.releases.2805.tender.documents.1,0.releases.2805,0,112025141340687-77f1,tenderNotice,Bill of quantities,2025-11-26T20:18:24Z
0.releases.2805.tender.documents.2,0.releases.2805,0,112025141340692-77f0,tenderNotice,Drawing,2025-11-26T20:18:24Z
0.releases.2806.tender.documents.0,0.releases.2806,0,092023120832152-7f06,tenderNotice,DAO,2023-09-26T17:09:40Z
0.releases.2807.tender.documents.0,0.releases.2807,0,112025111003071-7ff6,tenderNotice,DAO FOR EVENT MANAGEMENT,2025-11-08T21:46:55Z
0.releases.2807.tender.documents.1,0.releases.2807,0,112025111003083-7ff5,tenderNotice,TECHNICAL SPECIFICATIONS,2025-11-08T21:46:55Z
0.releases.2807.tender.documents.2,0.releases.2807,0,112025111003090-7ff4,tenderNotice,Beneficial Ownership Disclosure Declaration form,2025-11-08T21:46:55Z
0.releases.2808.tender.documents.0,0.releases.2808,0,092025161038850-7fd4,tenderNotice,Tender Document,2025-09-30T16:30:13Z
0.releases.2808.tender.documents.1,0.releases.2808,0,092025161103535-7fd3,tenderNotice,Beneficial Ownership Disclosure Declaration,2025-09-30T16:30:13Z
0.releases.2809.tender.documents.0,0.releases.2809,0,112025003117547-7045,tenderNotice,Amended Tender Document ,2025-11-29T17:04:10Z
0.releases.2809.tender.documents.1,0.releases.2809,0,112025112039465-744b,tenderNotice,Tender Document ,2025-11-29T17:04:10Z
0.releases.2810.tender.documents.0,0.releases.2810,0,112025132415068-7ffe,tenderNotice,TENDER DOCUMENT ,2025-11-18T16:51:23Z
0.releases.2810.tender.documents.1,0.releases.2810,0,112025132415083-7ffd,tenderNotice,Beneficial Ownership Form,2025-11-18T16:51:23Z
0.releases.2811.tender.documents.0,0.releases.2811,0,122025125522846-7de9,tenderNotice,BENEFICIAL OWNERSHIP DISCLOSURE FORM ,2025-12-26T14:50:02Z
0.releases.2811.tender.documents.1,0.releases.2811,0,122025134958044-7dbb,tenderNotice,TENDER DOCUMENT,2025-12-26T14:50:02Z
0.releases.2812.tender.documents.0,0.releases.2812,0,012025160056195-7c80,tenderNotice,Tender Document,2025-01-17T09:44:55Z
0.releases.2812.tender.documents.1,0.releases.2812,0,012025210357377-7c5f,tenderNotice,New tender document,2025-01-17T09:44:55Z
0.releases.2813.tender.documents.0,0.releases.2813,0,122025105756034-7f04,tenderNotice,Tender document (DAO),2025-12-09T15:14:47Z
0.releases.2813.tender.documents.1,0.releases.2813,0,122025130121681-773d,tenderNotice,filled and signed beneficial ownership disclosure form,2025-12-09T15:14:47Z
0.releases.2814.tender.documents.0,0.releases.2814,0,102024121638958-604c,tenderNotice,Tender document,2024-10-30T16:15:09Z
0.releases.2815.tender.documents.0,0.releases.2815,0,122024135656778-7376,tenderNotice,Tender document,2024-12-13T14:26:15Z
0.releases.2816.tender.documents.0,0.releases.2816,0,052025111501609-76c3,tenderNotice,AMENDED TENDER DOCUMENT 2,2025-06-11T17:20:13Z
0.releases.2816.tender.documents.1,0.releases.2816,0,052025115942155-7c65,tenderNotice,Amended tender document,2025-06-11T17:20:13Z
0.releases.2816.tender.documents.2,0.releases.2816,0,052025122644542-7d76,tenderNotice,Tender document,2025-06-11T17:20:13Z
0.releases.2816.tender.documents.3,0.releases.2816,0,062025111437491-7fce,tenderNotice,Amended tender document,2025-06-11T17:20:13Z
0.releases.2820.tender.documents.0,0.releases.2820,0,102022092035719-7fe2,tenderNotice,DAO,2022-10-07T08:20:16Z
0.releases.2821.tender.documents.0,0.releases.2821,0,122025155048243-7e70,tenderNotice,Tender Document ,2025-12-19T19:45:02Z
0.releases.2822.tender.documents.0,0.releases.2822,0,092023120832152-7f06,tenderNotice,DAO,2023-09-26T17:09:40Z
0.releases.2831.tender.documents.0,0.releases.2831,0,102024102324893-6203,tenderNotice,Tender document,2024-10-30T13:52:19Z
0.releases.2832.tender.documents.0,0.releases.2832,0,102024102324893-6203,tenderNotice,Tender document,2024-10-30T13:52:19Z
0.releases.2833.tender.documents.0,0.releases.2833,0,122025184256318-7df9,tenderNotice,Tender document ,2025-12-24T16:03:57Z
0.releases.2833.tender.documents.1,0.releases.2833,0,122025184256325-7df8,tenderNotice,Beneficial ownership disclosure form,2025-12-24T16:03:57Z
0.releases.2834.tender.documents.0,0.releases.2834,0,122025172448786-7e14,tenderNotice,Tender document,2025-12-11T10:41:44Z
0.releases.2834.tender.documents.1,0.releases.2834,0,122025172448794-7e13,tenderNotice,Beneficial Ownership form,2025-12-11T10:41:44Z
0.releases.2835.tender.documents.0,0.releases.2835,0,012026124724409-7c63,tenderNotice,Tender Document,2026-01-06T10:37:57Z
0.releases.2835.tender.documents.1,0.releases.2835,0,012026124724419-7c62,tenderNotice,Drawings ,2026-01-06T10:37:57Z
0.releases.2836.tender.documents.0,0.releases.2836,0,102024102324893-6203,tenderNotice,Tender document,2024-10-30T13:52:19Z
0.releases.2837.tender.documents.0,0.releases.2837,0,102024102324893-6203,tenderNotice,Tender document,2024-10-30T13:52:19Z
0.releases.2838.tender.documents.0,0.releases.2838,0,112025081132737-7b4e,tenderNotice,Tender document,2025-11-28T15:59:03Z
0.releases.2839.tender.documents.0,0.releases.2839,0,122025111246041-74f2,tenderNotice,Tender Document,2025-12-15T13:45:01Z
0.releases.2840.tender.documents.0,0.releases.2840,0,122025123334692-7053,tenderNotice,Tender Document,2025-12-15T13:43:42Z
0.releases.2841.tender.documents.0,0.releases.2841,0,122025105756034-7f04,tenderNotice,Tender document (DAO),2025-12-09T15:14:47Z
0.releases.2841.tender.documents.1,0.releases.2841,0,122025130121681-773d,tenderNotice,filled and signed beneficial ownership disclosure form,2025-12-09T15:14:47Z
0.releases.2842.tender.documents.0,0.releases.2842,0,122025120757605-7ce3,tenderNotice,RFP,2025-12-31T19:21:08Z
0.releases.2842.tender.documents.1,0.releases.2842,0,092025123106894-7fc4,tenderNotice,REOI,2025-09-02T16:42:14Z
0.releases.2843.tender.documents.0,0.releases.2843,0,122025105354673-72cb,tenderNotice,Tender document,2025-12-15T13:43:59Z
0.releases.2845.tender.documents.0,0.releases.2845,0,122025102536654-7dd1,tenderNotice,Tender Document,2025-12-03T14:06:25Z
0.releases.2847.tender.documents.0,0.releases.2847,0,112025132813603-7d2b,tenderNotice,"DAO FORRehabilitation  and maintenance of hospital's damaged walls  (rigolet, current kitchen ,parking  , Hangar, windows, doors, mortuary , toilet  and other ground)",2025-12-01T16:45:25Z
0.releases.2847.tender.documents.1,0.releases.2847,0,122025152630888-7e5d,tenderNotice,"UPDATED DAO FOR Rehabilitation  and maintenance of hospital's damaged walls  (rigolet, current kitchen ,parking  , Hangar, windows, doors, mortuary , toilet  and other ground)",2025-12-01T16:45:25Z
0.releases.2848.tender.documents.0,0.releases.2848,0,102025133239132-7fc4,tenderNotice,DAO,2025-10-29T10:01:23Z
0.releases.2848.tender.documents.1,0.releases.2848,0,102025133239771-7fc3,tenderNotice,BENEFICIAL OWNERS OF PRIVATE C0MPANY,2025-10-29T10:01:23Z
0.releases.2849.tender.documents.0,0.releases.2849,0,122025130531794-7dbd,tenderNotice,RFP amended,2025-12-10T12:00:43Z
0.releases.2849.tender.documents.1,0.releases.2849,0,122025183716004-7e3e,tenderNotice,RFP,2025-12-10T12:00:43Z
0.releases.2850.tender.documents.0,0.releases.2850,0,102025110841292-7741,tenderNotice,TERMS OF REFERENCE,2025-10-23T16:18:04Z
0.releases.2851.tender.documents.0,0.releases.2851,0,012026130031373-7c8a,tenderNotice,Tender Document,2026-01-03T14:46:00Z
0.releases.2851.tender.documents.1,0.releases.2851,0,012026130031426-7c89,tenderNotice,BOQ,2026-01-03T14:46:00Z
0.releases.2851.tender.documents.2,0.releases.2851,0,012026130031434-7c88,tenderNotice,Beneficial ownership,2026-01-03T14:46:00Z
0.releases.2852.tender.documents.0,0.releases.2852,0,122025121658994-7ce2,tenderNotice,Tender Document ,2026-01-03T14:27:52Z
0.releases.2852.tender.documents.1,0.releases.2852,0,122025121658997-7ce1,tenderNotice,Technical specification,2026-01-03T14:27:52Z
0.releases.2852.tender.documents.2,0.releases.2852,0,122025121659000-7ce0,tenderNotice,Beneficial ownership,2026-01-03T14:27:52Z
0.releases.2854.tender.documents.0,0.releases.2854,0,112025125813819-7fd7,tenderNotice,Tender Document,2025-11-14T12:28:05Z
0.releases.2854.tender.documents.1,0.releases.2854,0,112025125813827-7fd6,tenderNotice,DECLARATION OF BENEFICIAL OWNERS OF PRIVATE C0MPANIES,2025-11-14T12:28:05Z
0.releases.2860.tender.documents.0,0.releases.2860,0,102025105015080-79e1,tenderNotice,Terms of reference,2025-10-23T16:17:27Z
0.releases.2861.tender.documents.0,0.releases.2861,0,102025110841292-7741,tenderNotice,TERMS OF REFERENCE,2025-10-23T16:18:04Z
0.releases.2862.tender.documents.0,0.releases.2862,0,112024154339590-7fc4,tenderNotice,TENDER DOCUMENT(DAO),2024-11-20T17:32:32Z
0.releases.2862.tender.documents.1,0.releases.2862,0,112024154339609-7fc3,tenderNotice,Declaration beneficial ownership disclosure form,2024-11-20T17:32:32Z
0.releases.2863.tender.documents.0,0.releases.2863,0,102025152102015-7fe7,tenderNotice,Tender Document,2025-10-23T11:12:00Z
0.releases.2864.tender.documents.0,0.releases.2864,0,102025152102015-7fe7,tenderNotice,Tender Document,2025-10-23T11:12:00Z
0.releases.2865.tender.documents.0,0.releases.2865,0,102025105015080-79e1,tenderNotice,Terms of reference,2025-10-23T16:17:27Z
0.releases.2866.tender.documents.0,0.releases.2866,0,122023103711247-7f83,tenderNotice,Provision of Printing Services and Promotional Materials,2023-12-22T11:48:09Z
0.releases.2867.tender.documents.0,0.releases.2867,0,102025152102015-7fe7,tenderNotice,Tender Document,2025-10-23T11:12:00Z
0.releases.2868.tender.documents.0,0.releases.2868,0,102025110841292-7741,tenderNotice,TERMS OF REFERENCE,2025-10-23T16:18:04Z
0.releases.2871.tender.documents.0,0.releases.2871,0,082024104415034-7e14,tenderNotice,Tender Document,2024-08-05T12:51:24Z
0.releases.2872.tender.documents.0,0.releases.2872,0,102025152741361-7fe2,tenderNotice,Tender document,2025-10-06T13:28:37Z
0.releases.2872.tender.documents.1,0.releases.2872,0,102025152741365-7fe1,tenderNotice,ToR,2025-10-06T13:28:37Z
0.releases.2873.tender.documents.0,0.releases.2873,0,102025152102015-7fe7,tenderNotice,Tender Document,2025-10-23T11:12:00Z
0.releases.2875.tender.documents.0,0.releases.2875,0,122025125520408-7d86,tenderNotice,BENEFICIAL OWNERSHIP DISCLOSURE FORM,2025-12-30T18:05:10Z
0.releases.2875.tender.documents.1,0.releases.2875,0,122025171300751-5bf9,tenderNotice,TENDER DOCUMENT  FOR SUPPLY OF DRUGS AND MEDICAL CONSUMABLES FOR FPU ROTATION,2025-12-30T18:05:10Z
0.releases.2876.tender.documents.0,0.releases.2876,0,122025115745760-7f7e,tenderNotice,Technical Specification,2025-12-15T10:24:08Z
0.releases.2876.tender.documents.1,0.releases.2876,0,122025115745765-7f7d,tenderNotice,Tender document,2025-12-15T10:24:08Z
0.releases.2876.tender.documents.2,0.releases.2876,0,122025115745770-7f7c,tenderNotice,Beneficial ownership disclosure declaration form,2025-12-15T10:24:08Z
0.releases.2876.tender.documents.3,0.releases.2876,0,122025213144579-7f2a,tenderNotice,Amended Tender document,2025-12-15T10:24:08Z
0.releases.2877.tender.documents.0,0.releases.2877,0,102023175349837-708f,tenderNotice,DAO,2023-10-16T18:11:53Z
0.releases.2878.tender.documents.0,0.releases.2878,0,102025152102015-7fe7,tenderNotice,Tender Document,2025-10-23T11:12:00Z
0.releases.2879.tender.documents.0,0.releases.2879,0,102024143849341-6f94,tenderNotice,EOI,2024-10-14T17:22:36Z
0.releases.2880.tender.documents.0,0.releases.2880,0,112025161257789-7f32,tenderNotice,Tender Document ,2025-11-25T18:35:21Z
0.releases.2880.tender.documents.1,0.releases.2880,0,112025161257963-7f31,tenderNotice,Beneficial ownership,2025-11-25T18:35:21Z
0.releases.2882.tender.documents.0,0.releases.2882,0,102024102324427-7f07,tenderNotice,EOI,2024-10-14T10:48:14Z
0.releases.2883.tender.documents.0,0.releases.2883,0,122025172448786-7e14,tenderNotice,Tender document,2025-12-11T10:41:44Z
0.releases.2883.tender.documents.1,0.releases.2883,0,122025172448794-7e13,tenderNotice,Beneficial Ownership form,2025-12-11T10:41:44Z
0.releases.2884.tender.documents.0,0.releases.2884,0,102025152102015-7fe7,tenderNotice,Tender Document,2025-10-23T11:12:00Z
0.releases.2885.tender.documents.0,0.releases.2885,0,122024122231832-7f5e,tenderNotice,TENDER DOCUMENT,2024-12-03T15:12:08Z
0.releases.2885.tender.documents.1,0.releases.2885,0,122024122231850-7f5d,tenderNotice,Declaration Beneficial ownership disclosure form,2024-12-03T15:12:08Z
0.releases.2886.tender.documents.0,0.releases.2886,0,112024154339590-7fc4,tenderNotice,TENDER DOCUMENT(DAO),2024-11-20T17:32:32Z
0.releases.2886.tender.documents.1,0.releases.2886,0,112024154339609-7fc3,tenderNotice,Declaration beneficial ownership disclosure form,2024-11-20T17:32:32Z
0.releases.2887.tender.documents.0,0.releases.2887,0,112025154058523-7f36,tenderNotice,Beneficial ownership disclosure declaration form,2025-11-25T18:06:01Z
0.releases.2887.tender.documents.1,0.releases.2887,0,112025154058526-7f35,tenderNotice,Tender document,2025-11-25T18:06:01Z
0.releases.2887.tender.documents.2,0.releases.2887,0,112025154058532-7f34,tenderNotice,Technical specifications,2025-11-25T18:06:01Z
0.releases.2890.tender.documents.0,0.releases.2890,0,082025154558317-7ffa,tenderNotice,DAO INSURANCE,2025-08-18T18:05:57Z
0.releases.2891.tender.documents.0,0.releases.2891,0,102025152102015-7fe7,tenderNotice,Tender Document,2025-10-23T11:12:00Z
0.releases.2892.tender.documents.0,0.releases.2892,0,112024153219145-7336,tenderNotice,DAO-Supply of office stationaries,2024-11-23T16:04:58Z
0.releases.2893.tender.documents.0,0.releases.2893,0,102025152102015-7fe7,tenderNotice,Tender Document,2025-10-23T11:12:00Z
0.releases.2894.tender.documents.0,0.releases.2894,0,102025152102015-7fe7,tenderNotice,Tender Document,2025-10-23T11:12:00Z
0.releases.2895.tender.documents.0,0.releases.2895,0,102025152102015-7fe7,tenderNotice,Tender Document,2025-10-23T11:12:00Z
0.releases.2896.tender.documents.0,0.releases.2896,0,102025152102015-7fe7,tenderNotice,Tender Document,2025-10-23T11:12:00Z
0.releases.2899.tender.documents.0,0.releases.2899,0,102025152102015-7fe7,tenderNotice,Tender Document,2025-10-23T11:12:00Z
0.releases.2900.tender.documents.0,0.releases.2900,0,102025152102015-7fe7,tenderNotice,Tender Document,2025-10-23T11:12:00Z
0.releases.2901.tender.documents.0,0.releases.2901,0,102025152102015-7fe7,tenderNotice,Tender Document,2025-10-23T11:12:00Z
0.releases.2902.tender.documents.0,0.releases.2902,0,102025152102015-7fe7,tenderNotice,Tender Document,2025-10-23T11:12:00Z
0.releases.2903.tender.documents.0,0.releases.2903,0,102025152102015-7fe7,tenderNotice,Tender Document,2025-10-23T11:12:00Z
0.releases.2904.tender.documents.0,0.releases.2904,0,102025152102015-7fe7,tenderNotice,Tender Document,2025-10-23T11:12:00Z
0.releases.2905.tender.documents.0,0.releases.2905,0,122025142447420-6687,tenderNotice,Beneficial securing declaration form,2025-12-29T19:28:55Z
0.releases.2905.tender.documents.1,0.releases.2905,0,122025154711106-6685,tenderNotice,RFP,2025-12-29T19:28:55Z
0.releases.2906.tender.documents.0,0.releases.2906,0,112025152603689-7fc8,tenderNotice,Tender Document ,2025-12-05T10:44:51Z
0.releases.2906.tender.documents.1,0.releases.2906,0,112025152603695-7fc7,tenderNotice,To be filled by the bidder,2025-12-05T10:44:51Z
0.releases.2906.tender.documents.2,0.releases.2906,0,122025135509093-6b7b,tenderNotice,"AMANDED SUPPLY OF LABORATORY REAGENTS, CONSUMABLES AND PRACTICALS AT CST (MOLECULAR BIOLOGY)",2025-12-05T10:44:51Z
0.releases.2907.tender.documents.0,0.releases.2907,0,082023165645065-63b3,tenderNotice,BIDING DOCUMENT,2023-08-17T16:41:46Z
0.releases.2911.tender.documents.0,0.releases.2911,0,122025154213561-6d20,tenderNotice,TENDER DOCUMENT,2025-12-02T16:53:18Z
0.releases.2912.tender.documents.0,0.releases.2912,0,102025152102015-7fe7,tenderNotice,Tender Document,2025-10-23T11:12:00Z
0.releases.2913.tender.documents.0,0.releases.2913,0,102025152102015-7fe7,tenderNotice,Tender Document,2025-10-23T11:12:00Z
0.releases.2914.tender.documents.0,0.releases.2914,0,102025121133462-7eb7,tenderNotice,Beneficial Form,2025-10-06T16:37:22Z
0.releases.2915.tender.documents.0,0.releases.2915,0,102025152102015-7fe7,tenderNotice,Tender Document,2025-10-23T11:12:00Z
0.releases.2916.tender.documents.0,0.releases.2916,0,112025081132737-7b4e,tenderNotice,Tender document,2025-11-28T15:59:03Z
0.releases.2918.tender.documents.0,0.releases.2918,0,102024165222817-7fe7,tenderNotice,TENDER DOCUMENT,2024-10-22T10:47:25Z
0.releases.2918.tender.documents.1,0.releases.2918,0,102024165222858-7fe6,tenderNotice,Beneficial Ownership,2024-10-22T10:47:25Z
0.releases.2922.tender.documents.0,0.releases.2922,0,122025174650183-66bb,tenderNotice,Tender document,2025-12-24T17:53:24Z
0.releases.2923.tender.documents.0,0.releases.2923,0,112025161257789-7f32,tenderNotice,Tender Document ,2025-11-25T18:35:21Z
0.releases.2923.tender.documents.1,0.releases.2923,0,112025161257963-7f31,tenderNotice,Beneficial ownership,2025-11-25T18:35:21Z
0.releases.2924.tender.documents.0,0.releases.2924,0,012026110740850-7be4,tenderNotice,Ammendment Tender document ,2026-01-09T15:21:50Z
0.releases.2924.tender.documents.1,0.releases.2924,0,122025190801879-71d2,tenderNotice,Tender document,2026-01-09T15:21:50Z
0.releases.2924.tender.documents.2,0.releases.2924,0,122025202958679-71cd,tenderNotice,Ammendment Tender document ,2026-01-09T15:21:50Z
0.releases.2925.tender.documents.0,0.releases.2925,0,122025120435021-6932,tenderNotice,DAO,2025-12-24T13:04:57Z
0.releases.2926.tender.documents.0,0.releases.2926,0,102025151937017-7aef,tenderNotice,Tender Document,2025-10-11T13:32:11Z
0.releases.2926.tender.documents.1,0.releases.2926,0,102025151937026-7aee,tenderNotice,Beneficial ownership,2025-10-11T13:32:11Z
0.releases.2927.tender.documents.0,0.releases.2927,0,012026144220944-7bfa,tenderNotice,Tender document ,2026-01-07T15:59:28Z
0.releases.2927.tender.documents.1,0.releases.2927,0,012026144220953-7bf9,tenderNotice,Beneficial ownership,2026-01-07T15:59:28Z
0.releases.2930.tender.documents.0,0.releases.2930,0,122025113445327-7f82,tenderNotice,TD,2025-12-08T14:55:23Z
0.releases.2931.tender.documents.0,0.releases.2931,0,092025141052989-7f8b,tenderNotice,TD,2025-10-10T18:12:32Z
0.releases.2931.tender.documents.1,0.releases.2931,0,092025141052993-7f8a,tenderNotice,FORM,2025-10-10T18:12:32Z
0.releases.2931.tender.documents.2,0.releases.2931,0,102025092002786-7ff9,tenderNotice,TD AMENDMENT ,2025-10-10T18:12:32Z
0.releases.2933.tender.documents.0,0.releases.2933,0,122025120757605-7ce3,tenderNotice,RFP,2025-12-31T19:21:08Z
0.releases.2933.tender.documents.1,0.releases.2933,0,092025123106894-7fc4,tenderNotice,REOI,2025-09-02T16:42:14Z
0.releases.2935.tender.documents.0,0.releases.2935,0,122025102536654-7dd1,tenderNotice,Tender Document,2025-12-03T14:06:25Z
0.releases.2936.tender.documents.0,0.releases.2936,0,122025091905726-6673,tenderNotice,DAO OF VEHICLE INSURANCE 2025-2026,2025-12-29T12:54:16Z
0.releases.2936.tender.documents.1,0.releases.2936,0,122025092932187-7f91,tenderNotice,Beneficial Ownership Disclosure form,2025-12-29T12:54:16Z
0.releases.2936.tender.documents.2,0.releases.2936,0,122025092932180-7f92,tenderNotice,DAO OF VEHICLE INSURANCE 2025-2026,2025-12-08T09:29:32Z
0.releases.2936.tender.documents.3,0.releases.2936,0,122025092932187-7f91,tenderNotice,Beneficial Ownership Disclosure form,2025-12-08T09:29:32Z
0.releases.2939.tender.documents.0,0.releases.2939,0,122025151408909-7fd5,tenderNotice,TENDER DOCUMENT ,2025-12-12T16:47:01Z
0.releases.2940.tender.documents.0,0.releases.2940,0,122022170846187-671c,tenderNotice,TD FOR PROVISION OF MEDICAL OXYGEN FOR KH,2022-12-16T07:54:44Z
0.releases.2941.tender.documents.0,0.releases.2941,0,122025152451037-7ae3,tenderNotice,TENDER DOCUMENT ,2025-12-12T16:47:42Z
0.releases.2942.tender.documents.0,0.releases.2942,0,102025150458211-7ff1,tenderNotice,Tender Document,2025-10-27T17:31:47Z
0.releases.2943.tender.documents.0,0.releases.2943,0,112025161650485-7e17,tenderNotice,Request for Expression of Intrest,2025-11-20T09:57:33Z
0.releases.2944.tender.documents.0,0.releases.2944,0,122025105354673-72cb,tenderNotice,Tender document,2025-12-15T13:43:59Z
0.releases.2945.tender.documents.0,0.releases.2945,0,122025123334692-7053,tenderNotice,Tender Document,2025-12-15T13:43:42Z
0.releases.2946.tender.documents.0,0.releases.2946,0,122025111246041-74f2,tenderNotice,Tender Document,2025-12-15T13:45:01Z
0.releases.2948.tender.documents.0,0.releases.2948,0,112025141239867-7ed6,tenderNotice,TENDER DOCUMENT,2025-12-17T16:16:19Z
0.releases.2948.tender.documents.1,0.releases.2948,0,122025115801254-7f0c,tenderNotice,Amendment note,2025-12-17T16:16:19Z
0.releases.2948.tender.documents.2,0.releases.2948,0,122025115801262-7f0b,tenderNotice,AMENDED TD,2025-12-17T16:16:19Z
0.releases.2948.tender.documents.3,0.releases.2948,0,112025141239867-7ed6,tenderNotice,TENDER DOCUMENT,2025-11-27T23:33:34Z
0.releases.2950.tender.documents.0,0.releases.2950,0,022025145003558-7f46,tenderNotice,DAO,2025-02-11T16:04:14Z
0.releases.2950.tender.documents.1,0.releases.2950,0,022025145811451-7f45,tenderNotice,Drawings,2025-02-11T16:04:14Z
0.releases.2950.tender.documents.2,0.releases.2950,0,022025145811455-7f44,tenderNotice,Drawings,2025-02-11T16:04:14Z
0.releases.2950.tender.documents.3,0.releases.2950,0,022025145811461-7f43,tenderNotice,Drawings,2025-02-11T16:04:14Z
0.releases.2950.tender.documents.4,0.releases.2950,0,022025145811466-7f42,tenderNotice,Drawings,2025-02-11T16:04:14Z
0.releases.2950.tender.documents.5,0.releases.2950,0,022025145811471-7f41,tenderNotice,Drawings,2025-02-11T16:04:14Z
0.releases.2950.tender.documents.6,0.releases.2950,0,022025145811474-7f40,tenderNotice,Drawings,2025-02-11T16:04:14Z
0.releases.2950.tender.documents.7,0.releases.2950,0,022025145811479-7f3f,tenderNotice,Drawings,2025-02-11T16:04:14Z
0.releases.2951.tender.documents.0,0.releases.2951,0,102025121133462-7eb7,tenderNotice,Beneficial Form,2025-10-06T16:37:22Z
0.releases.2952.tender.documents.0,0.releases.2952,0,082025155243317-756b,tenderNotice,Request for Expression of Intrest,2025-08-29T14:02:33Z
0.releases.2954.tender.documents.0,0.releases.2954,0,082025105248739-7f4b,tenderNotice,Request For Proposals,2025-08-19T10:45:38Z
0.releases.2954.tender.documents.1,0.releases.2954,0,082025105248751-7f4a,tenderNotice,Beneficial ownership disclosure form,2025-08-19T10:45:38Z
0.releases.2954.tender.documents.2,0.releases.2954,0,082025160320509-7ff4,tenderNotice,AMENDED Request For Proposals,2025-08-19T10:45:38Z
0.releases.2954.tender.documents.3,0.releases.2954,0,082025160320515-7ff3,tenderNotice,AMENDED Request For Proposals notice,2025-08-19T10:45:38Z
0.releases.2955.tender.documents.0,0.releases.2955,0,122025142447420-6687,tenderNotice,Beneficial securing declaration form,2025-12-29T19:28:55Z
0.releases.2955.tender.documents.1,0.releases.2955,0,122025154711106-6685,tenderNotice,RFP,2025-12-29T19:28:55Z
0.releases.2957.tender.documents.0,0.releases.2957,0,122025140755227-6b76,tenderNotice,Terms of References,2025-12-03T19:32:17Z
0.releases.2958.tender.documents.0,0.releases.2958,0,082025191034849-7d45,tenderNotice,REQUEST FOR EXPRESSION OF INTEREST,2025-08-15T07:15:52Z
0.releases.2958.tender.documents.1,0.releases.2958,0,082025200347271-7f02,tenderNotice,Beneficial ownership declaration,2025-08-15T07:15:52Z
0.releases.2958.tender.documents.2,0.releases.2958,0,102025134906104-7ff7,tenderNotice,Note to the RFP Addendum date 17-10-2025,2025-10-29T15:00:50Z
0.releases.2958.tender.documents.3,0.releases.2958,0,102025134906119-7ff6,tenderNotice,Amended RFP Document,2025-10-29T15:00:50Z
0.releases.2958.tender.documents.4,0.releases.2958,0,102025144147997-7e3a,tenderNotice,RFP DOCUMENT,2025-10-29T15:00:50Z
0.releases.2959.tender.documents.0,0.releases.2959,0,082025191034849-7d45,tenderNotice,REQUEST FOR EXPRESSION OF INTEREST,2025-08-15T07:15:52Z
0.releases.2959.tender.documents.1,0.releases.2959,0,082025200347271-7f02,tenderNotice,Beneficial ownership declaration,2025-08-15T07:15:52Z
0.releases.2959.tender.documents.2,0.releases.2959,0,102025134906104-7ff7,tenderNotice,Note to the RFP Addendum date 17-10-2025,2025-10-29T15:00:50Z
0.releases.2959.tender.documents.3,0.releases.2959,0,102025134906119-7ff6,tenderNotice,Amended RFP Document,2025-10-29T15:00:50Z
0.releases.2959.tender.documents.4,0.releases.2959,0,102025144147997-7e3a,tenderNotice,RFP DOCUMENT,2025-10-29T15:00:50Z
0.releases.2960.tender.documents.0,0.releases.2960,0,112024144444347-7fdb,tenderNotice,DAO 18112024 PROVISION OF HOTEL  SERVICES,2024-11-18T16:55:25Z
0.releases.2961.tender.documents.0,0.releases.2961,0,012026144220944-7bfa,tenderNotice,Tender document ,2026-01-07T15:59:28Z
0.releases.2961.tender.documents.1,0.releases.2961,0,012026144220953-7bf9,tenderNotice,Beneficial ownership,2026-01-07T15:59:28Z
0.releases.2963.tender.documents.0,0.releases.2963,0,092025141052989-7f8b,tenderNotice,TD,2025-10-10T18:12:32Z
0.releases.2963.tender.documents.1,0.releases.2963,0,092025141052993-7f8a,tenderNotice,FORM,2025-10-10T18:12:32Z
0.releases.2963.tender.documents.2,0.releases.2963,0,102025092002786-7ff9,tenderNotice,TD AMENDMENT ,2025-10-10T18:12:32Z
0.releases.2968.tender.documents.0,0.releases.2968,0,112025111003071-7ff6,tenderNotice,DAO FOR EVENT MANAGEMENT,2025-11-08T21:46:55Z
0.releases.2968.tender.documents.1,0.releases.2968,0,112025111003083-7ff5,tenderNotice,TECHNICAL SPECIFICATIONS,2025-11-08T21:46:55Z
0.releases.2968.tender.documents.2,0.releases.2968,0,112025111003090-7ff4,tenderNotice,Beneficial Ownership Disclosure Declaration form,2025-11-08T21:46:55Z
0.releases.2969.tender.documents.0,0.releases.2969,0,092025183055144-763e,tenderNotice,TENDER DOCUMENT,2025-10-10T12:44:21Z
0.releases.2969.tender.documents.1,0.releases.2969,0,102025122118957-7fe2,tenderNotice,TENDER DOCUMENT MODIFIED ,2025-10-10T12:44:21Z
0.releases.2970.tender.documents.0,0.releases.2970,0,112024123628926-7ec8,tenderNotice,Tender document ,2024-12-12T20:35:46Z
0.releases.2970.tender.documents.1,0.releases.2970,0,122024231543922-7fb3,tenderNotice,Addendum tender document ,2024-12-12T20:35:46Z
0.releases.2971.tender.documents.0,0.releases.2971,0,112024144444347-7fdb,tenderNotice,DAO 18112024 PROVISION OF HOTEL  SERVICES,2024-11-18T16:55:25Z
0.releases.2972.tender.documents.0,0.releases.2972,0,112025081132737-7b4e,tenderNotice,Tender document,2025-11-28T15:59:03Z
0.releases.2973.tender.documents.0,0.releases.2973,0,102025152102015-7fe7,tenderNotice,Tender Document,2025-10-23T11:12:00Z
0.releases.2974.tender.documents.0,0.releases.2974,0,102025152102015-7fe7,tenderNotice,Tender Document,2025-10-23T11:12:00Z
0.releases.2975.tender.documents.0,0.releases.2975,0,102025152102015-7fe7,tenderNotice,Tender Document,2025-10-23T11:12:00Z
0.releases.2977.tender.documents.0,0.releases.2977,0,102025152102015-7fe7,tenderNotice,Tender Document,2025-10-23T11:12:00Z
0.releases.2979.tender.documents.0,0.releases.2979,0,112024122954666-5fba,tenderNotice,Bidding document,2024-12-02T21:29:54Z
0.releases.2979.tender.documents.1,0.releases.2979,0,112024122954689-5fb9,tenderNotice,Beneficial Ownership Disclosure Declaration form,2024-12-02T21:29:54Z
0.releases.2979.tender.documents.2,0.releases.2979,0,122024174310893-7f91,tenderNotice,Bidding document-AMENDED,2024-12-02T21:29:54Z
0.releases.2979.tender.documents.3,0.releases.2979,0,122024174310911-7f90,tenderNotice,Tender notice,2024-12-02T21:29:54Z
0.releases.2980.tender.documents.0,0.releases.2980,0,092025160508372-7fd6,tenderNotice,TD,2025-10-26T09:46:32Z
0.releases.2980.tender.documents.1,0.releases.2980,0,092025160508419-7fd5,tenderNotice,DODF,2025-10-26T09:46:32Z
0.releases.2980.tender.documents.2,0.releases.2980,0,102025153118624-7ff1,tenderNotice,Amended Tender Document Version II,2025-10-26T09:46:32Z
0.releases.2980.tender.documents.3,0.releases.2980,0,102025190410611-7f9c,tenderNotice,Amended Tender Document,2025-10-26T09:46:32Z
0.releases.2980.tender.documents.4,0.releases.2980,0,102025190410619-7f9b,tenderNotice,Amendment Notice,2025-10-26T09:46:32Z
0.releases.2981.tender.documents.0,0.releases.2981,0,102025152102015-7fe7,tenderNotice,Tender Document,2025-10-23T11:12:00Z
0.releases.2982.tender.documents.0,0.releases.2982,0,082025105248739-7f4b,tenderNotice,Request For Proposals,2025-08-19T10:45:38Z
0.releases.2982.tender.documents.1,0.releases.2982,0,082025105248751-7f4a,tenderNotice,Beneficial ownership disclosure form,2025-08-19T10:45:38Z
0.releases.2982.tender.documents.2,0.releases.2982,0,082025160320509-7ff4,tenderNotice,AMENDED Request For Proposals,2025-08-19T10:45:38Z
0.releases.2982.tender.documents.3,0.releases.2982,0,082025160320515-7ff3,tenderNotice,AMENDED Request For Proposals notice,2025-08-19T10:45:38Z
0.releases.2983.tender.documents.0,0.releases.2983,0,102024102324427-7f07,tenderNotice,EOI,2024-10-14T10:48:14Z
0.releases.2985.tender.documents.0,0.releases.2985,0,102024143849341-6f94,tenderNotice,EOI,2024-10-14T17:22:36Z
0.releases.2986.tender.documents.0,0.releases.2986,0,112025122046403-7f04,tenderNotice,supply of office furniture,2025-11-26T13:49:38Z
0.releases.2987.tender.documents.0,0.releases.2987,0,012022193343536-7d14,tenderNotice,Tender Document,2022-01-07T09:13:40Z
0.releases.2989.tender.documents.0,0.releases.2989,0,122025090810335-7ddc,tenderNotice,Tender document,2025-12-03T18:33:56Z
0.releases.2989.tender.documents.1,0.releases.2989,0,122025090810344-7ddb,tenderNotice,beneficial ownership disclosure form,2025-12-03T18:33:56Z
0.releases.2990.tender.documents.0,0.releases.2990,0,122025102928464-5eb6,tenderNotice,Tender document ,2025-12-31T12:37:12Z
0.releases.2990.tender.documents.1,0.releases.2990,0,122025102928486-5eb5,tenderNotice,Beneficial Ownership ,2025-12-31T12:37:12Z
0.releases.2991.tender.documents.0,0.releases.2991,0,092025120919007-7f18,tenderNotice,TENDER DOCUMENT,2025-09-12T14:14:48Z
0.releases.2991.tender.documents.1,0.releases.2991,0,092025120919012-7f17,tenderNotice,TECHNICAL SPECIFICATIONS,2025-09-12T14:14:48Z
0.releases.2991.tender.documents.2,0.releases.2991,0,092025120919016-7f16,tenderNotice,BENEFICIAL OWNERSHIP DISCLOSURE DECLARATION FORM,2025-09-12T14:14:48Z
0.releases.2992.tender.documents.0,0.releases.2992,0,102023103123040-691b,tenderNotice,TD SECURITY,2023-10-20T17:11:43Z
0.releases.2993.tender.documents.0,0.releases.2993,0,122025151926515-7e0a,tenderNotice,TENDER DOCUMENT FOR RIB EVENTS,2025-12-23T16:46:08Z
0.releases.2993.tender.documents.1,0.releases.2993,0,122025151927352-7e09,tenderNotice,BENEFICIAL OWNERSHIP DECLARATION FORM,2025-12-23T16:46:08Z
0.releases.2994.tender.documents.0,0.releases.2994,0,112025111524451-7fee,tenderNotice,TD FOR HOTEL SERVICE,2025-11-18T16:15:46Z
0.releases.2995.tender.documents.0,0.releases.2995,0,062025115505858-7e0e,tenderNotice,TENDER DOCUMENT,2025-06-17T12:21:29Z
0.releases.2996.tender.documents.0,0.releases.2996,0,062025115505858-7e0e,tenderNotice,TENDER DOCUMENT,2025-06-17T12:21:29Z
0.releases.2997.tender.documents.0,0.releases.2997,0,062025115505858-7e0e,tenderNotice,TENDER DOCUMENT,2025-06-17T12:21:29Z
0.releases.2999.tender.documents.0,0.releases.2999,0,112025161004129-7f2e,tenderNotice,Tender document,2025-12-30T12:55:51Z
0.releases.2999.tender.documents.1,0.releases.2999,0,112025161004206-7f2d,tenderNotice,BOD,2025-12-30T12:55:51Z
0.releases.2999.tender.documents.2,0.releases.2999,0,112025161004129-7f2e,tenderNotice,Tender document,2025-12-04T17:49:25Z
0.releases.2999.tender.documents.3,0.releases.2999,0,112025161004206-7f2d,tenderNotice,BOD,2025-12-04T17:49:25Z
0.releases.3000.tender.documents.0,0.releases.3000,0,122025091905726-6673,tenderNotice,DAO OF VEHICLE INSURANCE 2025-2026,2025-12-29T12:54:16Z
0.releases.3000.tender.documents.1,0.releases.3000,0,122025092932187-7f91,tenderNotice,Beneficial Ownership Disclosure form,2025-12-29T12:54:16Z
0.releases.3000.tender.documents.2,0.releases.3000,0,122025092932180-7f92,tenderNotice,DAO OF VEHICLE INSURANCE 2025-2026,2025-12-08T09:29:32Z
0.releases.3000.tender.documents.3,0.releases.3000,0,122025092932187-7f91,tenderNotice,Beneficial Ownership Disclosure form,2025-12-08T09:29:32Z
0.releases.3003.tender.documents.0,0.releases.3003,0,112025100517128-7ffd,tenderNotice,Updated tender document,2025-11-15T18:54:10Z
0.releases.3003.tender.documents.1,0.releases.3003,0,112025222929388-7fc6,tenderNotice,Tender document,2025-11-15T18:54:10Z
0.releases.3003.tender.documents.2,0.releases.3003,0,112025222929395-7fc5,tenderNotice,Declaration of Beneficial Ownership of the Company,2025-11-15T18:54:10Z
0.releases.3006.tender.documents.0,0.releases.3006,0,102025152102015-7fe7,tenderNotice,Tender Document,2025-10-23T11:12:00Z
0.releases.3007.tender.documents.0,0.releases.3007,0,122025125538207-59bb,tenderNotice,Tender Document,2026-01-03T06:50:56Z
0.releases.3010.tender.documents.0,0.releases.3010,0,102024100701129-7e36,tenderNotice,Tender Document,2024-10-23T10:40:55Z
0.releases.3011.tender.documents.0,0.releases.3011,0,102025152102015-7fe7,tenderNotice,Tender Document,2025-10-23T11:12:00Z
0.releases.3012.tender.documents.0,0.releases.3012,0,012026130749256-52e5,tenderNotice,Amended Tender document,2026-01-07T16:01:23Z
0.releases.3012.tender.documents.1,0.releases.3012,0,122025170152417-7e9b,tenderNotice,Tender document,2026-01-07T16:01:23Z
0.releases.3012.tender.documents.2,0.releases.3012,0,122025170152460-7e9a,tenderNotice,Beneficial Ownership Disclosure,2026-01-07T16:01:23Z
0.releases.3013.tender.documents.0,0.releases.3013,0,012026110740850-7be4,tenderNotice,Ammendment Tender document ,2026-01-09T15:21:50Z
0.releases.3013.tender.documents.1,0.releases.3013,0,122025190801879-71d2,tenderNotice,Tender document,2026-01-09T15:21:50Z
0.releases.3013.tender.documents.2,0.releases.3013,0,122025202958679-71cd,tenderNotice,Ammendment Tender document ,2026-01-09T15:21:50Z
0.releases.3017.tender.documents.0,0.releases.3017,0,122025115529359-7f3f,tenderNotice,Revised tender document,2025-12-24T16:35:25Z
0.releases.3017.tender.documents.1,0.releases.3017,0,122025164555747-7da8,tenderNotice,Tender Document,2025-12-24T16:35:25Z
0.releases.3021.tender.documents.0,0.releases.3021,0,122023103859436-450b,tenderNotice,Tender documents,2023-12-11T11:53:46Z
0.releases.3022.tender.documents.0,0.releases.3022,0,092025155401070-6d23,tenderNotice,DAO,2025-09-16T14:38:14Z
0.releases.3023.tender.documents.0,0.releases.3023,0,102025105407828-7fe2,tenderNotice,TD,2025-10-27T16:05:08Z
0.releases.3023.tender.documents.1,0.releases.3023,0,102025120233170-7736,tenderNotice,Amended Tender Document,2025-10-27T16:05:08Z
0.releases.3024.tender.documents.0,0.releases.3024,0,112025133009347-7043,tenderNotice,Tender document,2025-12-17T13:07:45Z
0.releases.3024.tender.documents.1,0.releases.3024,0,122025110624163-7355,tenderNotice,Tender document,2025-12-17T13:07:45Z
0.releases.3025.tender.documents.0,0.releases.3025,0,122025085542128-7dde,tenderNotice,DAO OF GARAGE 2025-2026,2025-12-03T14:47:40Z
0.releases.3025.tender.documents.1,0.releases.3025,0,122025085542135-7ddd,tenderNotice,Beneficial Ownership Disclosure form,2025-12-03T14:47:40Z
0.releases.3028.tender.documents.0,0.releases.3028,0,102023121949765-7fce,tenderNotice,TENDER DOCUMENT,2023-10-13T12:37:53Z
0.releases.3029.tender.documents.0,0.releases.3029,0,092025155401070-6d23,tenderNotice,DAO,2025-09-16T14:38:14Z
0.releases.3030.tender.documents.0,0.releases.3030,0,122025154735819-7b71,tenderNotice,Expression of interest ,2025-12-08T08:46:43Z
0.releases.3030.tender.documents.1,0.releases.3030,0,122025154735828-7b70,tenderNotice,Revised Terms of Reference ,2025-12-08T08:46:43Z
0.releases.3031.tender.documents.0,0.releases.3031,0,122025160740716-7fc0,tenderNotice,Expression of interest ,2025-12-05T17:55:28Z
0.releases.3031.tender.documents.1,0.releases.3031,0,122025160740734-7fbf,tenderNotice,Terms of reference,2025-12-05T17:55:28Z
0.releases.3032.tender.documents.0,0.releases.3032,0,122025085542128-7dde,tenderNotice,DAO OF GARAGE 2025-2026,2025-12-03T14:47:40Z
0.releases.3032.tender.documents.1,0.releases.3032,0,122025085542135-7ddd,tenderNotice,Beneficial Ownership Disclosure form,2025-12-03T14:47:40Z
0.releases.3033.tender.documents.0,0.releases.3033,0,122025161901411-7b6c,tenderNotice,Expression of interest ,2025-12-08T08:46:29Z
0.releases.3033.tender.documents.1,0.releases.3033,0,122025161901420-7b6b,tenderNotice,Terms of reference,2025-12-08T08:46:29Z
0.releases.3035.tender.documents.0,0.releases.3035,0,122025162504113-7fbb,tenderNotice,Expression of interest ,2025-12-05T17:55:06Z
0.releases.3035.tender.documents.1,0.releases.3035,0,122025162504116-7fba,tenderNotice,Terms of reference ,2025-12-05T17:55:06Z
0.releases.3038.tender.documents.0,0.releases.3038,0,122025165016289-7af7,tenderNotice,Expression of interest ,2025-12-05T17:55:40Z
0.releases.3038.tender.documents.1,0.releases.3038,0,122025165016338-7af6,tenderNotice,Terms of reference,2025-12-05T17:55:40Z
0.releases.3039.tender.documents.0,0.releases.3039,0,122025172918133-7fb8,tenderNotice,Expression of interest ,2025-12-08T08:46:16Z
0.releases.3039.tender.documents.1,0.releases.3039,0,122025172918147-7fb7,tenderNotice,Terms of reference,2025-12-08T08:46:16Z
0.releases.3040.tender.documents.0,0.releases.3040,0,122025173756341-7aed,tenderNotice,Expression of interest ,2025-12-08T08:47:06Z
0.releases.3040.tender.documents.1,0.releases.3040,0,122025173756347-7aec,tenderNotice,Terms of reference ,2025-12-08T08:47:06Z
0.releases.3042.tender.documents.0,0.releases.3042,0,112025112826616-79b2,tenderNotice,Tender document,2025-11-04T11:42:47Z
0.releases.3043.tender.documents.0,0.releases.3043,0,112025100900751-7fef,tenderNotice,RFP,2025-11-12T11:24:54Z
0.releases.3047.tender.documents.0,0.releases.3047,0,042025142007084-7764,tenderNotice,REOI,2025-04-10T15:26:03Z
0.releases.3047.tender.documents.1,0.releases.3047,0,062025225036831-7e89,tenderNotice,RFP,2025-06-13T08:19:29Z
0.releases.3048.tender.documents.0,0.releases.3048,0,042025142007084-7764,tenderNotice,REOI,2025-04-10T15:26:03Z
0.releases.3048.tender.documents.1,0.releases.3048,0,062025225036831-7e89,tenderNotice,RFP,2025-06-13T08:19:29Z
0.releases.3051.tender.documents.0,0.releases.3051,0,102024121828880-7f14,tenderNotice,Tender document ,2024-10-22T13:46:19Z
0.releases.3051.tender.documents.1,0.releases.3051,0,102024121828887-7f13,tenderNotice,Beneficial ownership form to be filled by the bidder,2024-10-22T13:46:19Z
0.releases.3056.tender.documents.0,0.releases.3056,0,122023134713556-7c67,tenderNotice,Tender Document,2023-12-29T10:44:59Z
0.releases.3062.tender.documents.0,0.releases.3062,0,122025142140140-6b7e,tenderNotice,Tender Document,2025-12-19T21:31:38Z
0.releases.3062.tender.documents.1,0.releases.3062,0,122025142141538-6b7d,tenderNotice,Beneficial ownership disclosure form,2025-12-19T21:31:38Z
0.releases.3076.tender.documents.0,0.releases.3076,0,122025123950714-7d80,tenderNotice,DAO,2025-12-04T17:02:57Z
0.releases.3077.tender.documents.0,0.releases.3077,0,082024123734944-7e00,tenderNotice,TENDER DOCUMENT,2024-08-28T23:14:35Z
0.releases.3077.tender.documents.1,0.releases.3077,0,082024123734974-7dff,tenderNotice,Beneficial ownership Disclosure,2024-08-28T23:14:35Z
0.releases.3078.tender.documents.0,0.releases.3078,0,082024123734944-7e00,tenderNotice,TENDER DOCUMENT,2024-08-28T23:14:35Z
0.releases.3078.tender.documents.1,0.releases.3078,0,082024123734974-7dff,tenderNotice,Beneficial ownership Disclosure,2024-08-28T23:14:35Z
0.releases.3079.tender.documents.0,0.releases.3079,0,082024123734944-7e00,tenderNotice,TENDER DOCUMENT,2024-08-28T23:14:35Z
0.releases.3079.tender.documents.1,0.releases.3079,0,082024123734974-7dff,tenderNotice,Beneficial ownership Disclosure,2024-08-28T23:14:35Z
0.releases.3080.tender.documents.0,0.releases.3080,0,122025133402262-7f88,tenderNotice,DAO IT EQUIPMENT Re advertisement,2026-01-07T10:09:18Z
0.releases.3080.tender.documents.1,0.releases.3080,0,122025133402269-7f87,tenderNotice,Beneficial of ownership form ,2026-01-07T10:09:18Z
0.releases.3081.tender.documents.0,0.releases.3081,0,112025120757045-78c8,tenderNotice,TENDER DOCUMENT,2025-11-26T22:23:22Z
0.releases.3082.tender.documents.0,0.releases.3082,0,112024144444347-7fdb,tenderNotice,DAO 18112024 PROVISION OF HOTEL  SERVICES,2024-11-18T16:55:25Z
0.releases.3083.tender.documents.0,0.releases.3083,0,012026190108886-4c2e,tenderNotice,Tender document amdment ,2026-01-09T19:35:46Z
0.releases.3083.tender.documents.1,0.releases.3083,0,122025114008416-7e51,tenderNotice,Declaration of Beneficial Ownership of the company with a full registration Certificate  ,2026-01-09T19:35:46Z
0.releases.3083.tender.documents.2,0.releases.3083,0,122025114449804-7e4d,tenderNotice,Tender document for office station,2026-01-09T19:35:46Z
0.releases.3087.tender.documents.0,0.releases.3087,0,112024144444347-7fdb,tenderNotice,DAO 18112024 PROVISION OF HOTEL  SERVICES,2024-11-18T16:55:25Z
0.releases.3090.tender.documents.0,0.releases.3090,0,122025190611775-71d7,tenderNotice,TENDER DOCUMENT,2025-12-18T10:03:33Z
0.releases.3091.tender.documents.0,0.releases.3091,0,112025100900751-7fef,tenderNotice,RFP,2025-11-12T11:24:54Z
0.releases.3096.tender.documents.0,0.releases.3096,0,122025103701474-69b5,tenderNotice,TD,2025-12-23T17:57:04Z
0.releases.3096.tender.documents.1,0.releases.3096,0,122025103701480-69b4,tenderNotice,Beneficial ownership discosure form,2025-12-23T17:57:04Z
0.releases.3097.tender.documents.0,0.releases.3097,0,112024145649527-6b1d,tenderNotice,TD in word version only for reference,2024-11-25T20:07:08Z
0.releases.3097.tender.documents.1,0.releases.3097,0,112024155526082-6b14,tenderNotice,Signed TD,2024-11-25T20:07:08Z
0.releases.3098.tender.documents.0,0.releases.3098,0,112025162228373-79c8,tenderNotice,Beneficial Ownership Disclosure Format Declaration Commitment,2025-12-01T21:00:03Z
0.releases.3098.tender.documents.1,0.releases.3098,0,112025181219573-7ff6,tenderNotice,PTC ,2025-12-01T21:00:03Z
0.releases.3098.tender.documents.2,0.releases.3098,0,122025093013440-703b,tenderNotice,TBD,2025-12-01T21:00:03Z
0.releases.3099.tender.documents.0,0.releases.3099,0,102023123255747-7ddc,tenderNotice,DAO for Stationary and Computer Consumables,2023-10-20T15:05:52Z
0.releases.3100.tender.documents.0,0.releases.3100,0,112025081132737-7b4e,tenderNotice,Tender document,2025-11-28T15:59:03Z
0.releases.3101.tender.documents.0,0.releases.3101,0,102024144219231-5baa,tenderNotice,TENDER DOCUMENT,2024-11-01T10:42:30Z
0.releases.3101.tender.documents.1,0.releases.3101,0,102024144219234-5ba9,tenderNotice,SITE VISIT SCHEDULE,2024-11-01T10:42:30Z
0.releases.3102.tender.documents.0,0.releases.3102,0,102024144219231-5baa,tenderNotice,TENDER DOCUMENT,2024-11-01T10:42:30Z
0.releases.3102.tender.documents.1,0.releases.3102,0,102024144219234-5ba9,tenderNotice,SITE VISIT SCHEDULE,2024-11-01T10:42:30Z
0.releases.3103.tender.documents.0,0.releases.3103,0,112025122046403-7f04,tenderNotice,supply of office furniture,2025-11-26T13:49:38Z
0.releases.3104.tender.documents.0,0.releases.3104,0,122025151926515-7e0a,tenderNotice,TENDER DOCUMENT FOR RIB EVENTS,2025-12-23T16:46:08Z
0.releases.3104.tender.documents.1,0.releases.3104,0,122025151927352-7e09,tenderNotice,BENEFICIAL OWNERSHIP DECLARATION FORM,2025-12-23T16:46:08Z
0.releases.3105.tender.documents.0,0.releases.3105,0,112025151426788-7f3a,tenderNotice,AMENDED TENDER DOCUMENT,2025-12-01T10:01:34Z
0.releases.3105.tender.documents.1,0.releases.3105,0,112025155702954-7fc6,tenderNotice,BIDDING DOCUMENT,2025-12-01T10:01:34Z
0.releases.3105.tender.documents.2,0.releases.3105,0,122025092457341-7e78,tenderNotice,AMENDED TENDER DOCUMENT,2025-12-01T10:01:34Z
0.releases.3106.tender.documents.0,0.releases.3106,0,122024222111876-7fcb,tenderNotice,TD,2024-12-12T16:16:21Z
0.releases.3107.tender.documents.0,0.releases.3107,0,122025130048811-6921,tenderNotice,DECLARATION OF BENEFICIAL OWNERSHIP OF THE C0MPANY,2025-12-24T14:54:45Z
0.releases.3108.tender.documents.0,0.releases.3108,0,102025102127265-7fd5,tenderNotice,RFP,2025-10-24T10:07:31Z
0.releases.3108.tender.documents.1,0.releases.3108,0,102025105224492-7fe1,tenderNotice,Current amende RFP,2025-10-24T10:07:31Z
0.releases.3108.tender.documents.2,0.releases.3108,0,102025142009779-7ffa,tenderNotice,Amended RFP,2025-10-24T10:07:31Z
0.releases.3109.tender.documents.0,0.releases.3109,0,012026125123479-7b13,tenderNotice,"DAO Supply of Specialized equipment in poultry, pig, and Rabbit",2026-01-12T18:18:26Z
0.releases.3109.tender.documents.1,0.releases.3109,0,012026125123486-7b12,tenderNotice,Beneficial Ownership Disclosure Declaration form,2026-01-12T18:18:26Z
0.releases.3110.tender.documents.0,0.releases.3110,0,092025125845867-7e74,tenderNotice,RFP Hiring  a VSM firms to conduct Live animals’ inspection at Kigali International Airport,2025-10-11T11:00:47Z
0.releases.3110.tender.documents.1,0.releases.3110,0,092025125845872-7e73,tenderNotice,Beneficial Ownership Disclosure declaration form ,2025-10-11T11:00:47Z
0.releases.3110.tender.documents.2,0.releases.3110,0,102025155715348-7fbd,tenderNotice,Amended Tender Document ,2025-10-11T11:00:47Z
0.releases.3113.tender.documents.0,0.releases.3113,0,112024144444347-7fdb,tenderNotice,DAO 18112024 PROVISION OF HOTEL  SERVICES,2024-11-18T16:55:25Z
0.releases.3114.tender.documents.0,0.releases.3114,0,082025111006089-7efc,tenderNotice,Tender document,2025-09-26T20:43:12Z
0.releases.3114.tender.documents.1,0.releases.3114,0,082025111343759-7efa,tenderNotice,Orginal BoQs,2025-09-26T20:43:12Z
0.releases.3114.tender.documents.2,0.releases.3114,0,082025111343803-7ef9,tenderNotice,Architectrual Dwawings,2025-09-26T20:43:12Z
0.releases.3114.tender.documents.3,0.releases.3114,0,082025111344007-7ef8,tenderNotice,Electrical Drawings,2025-09-26T20:43:12Z
0.releases.3114.tender.documents.4,0.releases.3114,0,082025111344054-7ef7,tenderNotice,Mechanical Drawings,2025-09-26T20:43:12Z
0.releases.3114.tender.documents.5,0.releases.3114,0,082025111344102-7ef6,tenderNotice,Structural Drawings,2025-09-26T20:43:12Z
0.releases.3114.tender.documents.6,0.releases.3114,0,082025210633874-7221,tenderNotice,Amended Tender Document,2025-09-26T20:43:12Z
0.releases.3117.tender.documents.0,0.releases.3117,0,012026110048934-7c73,tenderNotice,Tender document,2026-01-07T15:49:35Z
0.releases.3117.tender.documents.1,0.releases.3117,0,012026110050048-7c72,tenderNotice,Beneficial ownership disclosure form,2026-01-07T15:49:35Z
0.releases.3118.tender.documents.0,0.releases.3118,0,082025103849135-7d7f,tenderNotice,RFP,2025-08-22T12:06:42Z
0.releases.3118.tender.documents.1,0.releases.3118,0,082025103849140-7d7e,tenderNotice,Beneficial ownership disclosure  form ,2025-08-22T12:06:42Z
0.releases.3119.tender.documents.0,0.releases.3119,0,122025121303062-5caf,tenderNotice,DAO Mobile Dryers,2025-12-31T13:58:45Z
0.releases.3119.tender.documents.1,0.releases.3119,0,122025121303076-5cae,tenderNotice,Beneficial Ownership,2025-12-31T13:58:45Z
0.releases.3119.tender.documents.2,0.releases.3119,0,122025154104943-7d37,tenderNotice,Amended DAO Mobile Dryers,2025-12-31T13:58:45Z
0.releases.3120.tender.documents.0,0.releases.3120,0,122025152320061-674c,tenderNotice,Develop sector level flood / storm contingency plans and develop response matrices at community level,2025-12-30T15:26:14Z
0.releases.3120.tender.documents.1,0.releases.3120,0,122025152320079-674b,tenderNotice,Develop sector level flood / storm contingency plans and develop response matrices at community level,2025-12-30T15:26:14Z
0.releases.3122.tender.documents.0,0.releases.3122,0,122025140022604-6b7a,tenderNotice,TENDER DOCUMENT ,2025-12-03T14:00:22Z
0.releases.3122.tender.documents.1,0.releases.3122,0,122025140022618-6b79,tenderNotice,11.	Beneficial Ownership Disclosure Declaration form signed and stamped by company.,2025-12-03T14:00:22Z
0.releases.3123.tender.documents.0,0.releases.3123,0,122025140022604-6b7a,tenderNotice,TENDER DOCUMENT ,2025-12-03T14:00:22Z
0.releases.3123.tender.documents.1,0.releases.3123,0,122025140022618-6b79,tenderNotice,11.	Beneficial Ownership Disclosure Declaration form signed and stamped by company.,2025-12-03T14:00:22Z
0.releases.3126.tender.documents.0,0.releases.3126,0,112024144444347-7fdb,tenderNotice,DAO 18112024 PROVISION OF HOTEL  SERVICES,2024-11-18T16:55:25Z
0.releases.3127.tender.documents.0,0.releases.3127,0,122025140022604-6b7a,tenderNotice,TENDER DOCUMENT ,2025-12-03T14:00:22Z
0.releases.3127.tender.documents.1,0.releases.3127,0,122025140022618-6b79,tenderNotice,11.	Beneficial Ownership Disclosure Declaration form signed and stamped by company.,2025-12-03T14:00:22Z
0.releases.3128.tender.documents.0,0.releases.3128,0,012026190108886-4c2e,tenderNotice,Tender document amdment ,2026-01-09T19:35:46Z
0.releases.3128.tender.documents.1,0.releases.3128,0,122025114008416-7e51,tenderNotice,Declaration of Beneficial Ownership of the company with a full registration Certificate  ,2026-01-09T19:35:46Z
0.releases.3128.tender.documents.2,0.releases.3128,0,122025114449804-7e4d,tenderNotice,Tender document for office station,2026-01-09T19:35:46Z
0.releases.3129.tender.documents.0,0.releases.3129,0,012026124724409-7c63,tenderNotice,Tender Document,2026-01-06T10:37:57Z
0.releases.3129.tender.documents.1,0.releases.3129,0,012026124724419-7c62,tenderNotice,Drawings ,2026-01-06T10:37:57Z
0.releases.3130.tender.documents.0,0.releases.3130,0,112024144444347-7fdb,tenderNotice,DAO 18112024 PROVISION OF HOTEL  SERVICES,2024-11-18T16:55:25Z
0.releases.3131.tender.documents.0,0.releases.3131,0,112024144444347-7fdb,tenderNotice,DAO 18112024 PROVISION OF HOTEL  SERVICES,2024-11-18T16:55:25Z
0.releases.3132.tender.documents.0,0.releases.3132,0,122025091909317-7f50,tenderNotice,Tender Document,2025-12-23T09:29:17Z
0.releases.3132.tender.documents.1,0.releases.3132,0,122025121710000-7e7d,tenderNotice,Amended Tender Document,2025-12-23T09:29:17Z
0.releases.3133.tender.documents.0,0.releases.3133,0,112025083347915-7ffc,tenderNotice,TD,2025-11-19T11:34:45Z
0.releases.3134.tender.documents.0,0.releases.3134,0,112025094025162-7ff8,tenderNotice,TD,2025-11-19T11:34:06Z
0.releases.3135.tender.documents.0,0.releases.3135,0,012026155821607-7c57,tenderNotice,Tender Document,2026-01-06T12:57:41Z
0.releases.3135.tender.documents.1,0.releases.3135,0,012026155821613-7c56,tenderNotice,Technical specifications ,2026-01-06T12:57:41Z
0.releases.3136.tender.documents.0,0.releases.3136,0,012024124921071-7f66,tenderNotice,Tender document ,2024-01-23T13:07:00Z
0.releases.3137.tender.documents.0,0.releases.3137,0,112024144444347-7fdb,tenderNotice,DAO 18112024 PROVISION OF HOTEL  SERVICES,2024-11-18T16:55:25Z
0.releases.3138.tender.documents.0,0.releases.3138,0,112024144444347-7fdb,tenderNotice,DAO 18112024 PROVISION OF HOTEL  SERVICES,2024-11-18T16:55:25Z
0.releases.3140.tender.documents.0,0.releases.3140,0,102025152102015-7fe7,tenderNotice,Tender Document,2025-10-23T11:12:00Z
0.releases.3143.tender.documents.0,0.releases.3143,0,092022074911454-7de7,tenderNotice,Tender Document,2022-11-07T18:22:27Z
0.releases.3143.tender.documents.1,0.releases.3143,0,112022113151781-7ff6,tenderNotice,Amended Tender Document,2022-11-07T18:22:27Z
0.releases.3144.tender.documents.0,0.releases.3144,0,112025081132737-7b4e,tenderNotice,Tender document,2025-11-28T15:59:03Z
0.releases.3147.tender.documents.0,0.releases.3147,0,102025152102015-7fe7,tenderNotice,Tender Document,2025-10-23T11:12:00Z
0.releases.3148.tender.documents.0,0.releases.3148,0,102025152102015-7fe7,tenderNotice,Tender Document,2025-10-23T11:12:00Z
0.releases.3149.tender.documents.0,0.releases.3149,0,102025152102015-7fe7,tenderNotice,Tender Document,2025-10-23T11:12:00Z
0.releases.3150.tender.documents.0,0.releases.3150,0,102025152102015-7fe7,tenderNotice,Tender Document,2025-10-23T11:12:00Z
0.releases.3151.tender.documents.0,0.releases.3151,0,102025152102015-7fe7,tenderNotice,Tender Document,2025-10-23T11:12:00Z
0.releases.3152.tender.documents.0,0.releases.3152,0,102025152102015-7fe7,tenderNotice,Tender Document,2025-10-23T11:12:00Z
0.releases.3153.tender.documents.0,0.releases.3153,0,102025152102015-7fe7,tenderNotice,Tender Document,2025-10-23T11:12:00Z
0.releases.3154.tender.documents.0,0.releases.3154,0,122025121028981-7e11,tenderNotice,DAO,2025-12-24T14:45:07Z
0.releases.3154.tender.documents.1,0.releases.3154,0,122025121028991-7e10,tenderNotice,DECLARATION OF BENEFICIAL OWNERSHIP OF THE C0MPANY,2025-12-24T14:45:07Z
0.releases.3155.tender.documents.0,0.releases.3155,0,102025152102015-7fe7,tenderNotice,Tender Document,2025-10-23T11:12:00Z
0.releases.3156.tender.documents.0,0.releases.3156,0,102025152102015-7fe7,tenderNotice,Tender Document,2025-10-23T11:12:00Z
0.releases.3157.tender.documents.0,0.releases.3157,0,102025152102015-7fe7,tenderNotice,Tender Document,2025-10-23T11:12:00Z
0.releases.3158.tender.documents.0,0.releases.3158,0,102025152102015-7fe7,tenderNotice,Tender Document,2025-10-23T11:12:00Z
0.releases.3159.tender.documents.0,0.releases.3159,0,102025152102015-7fe7,tenderNotice,Tender Document,2025-10-23T11:12:00Z
0.releases.3160.tender.documents.0,0.releases.3160,0,102025152102015-7fe7,tenderNotice,Tender Document,2025-10-23T11:12:00Z
0.releases.3161.tender.documents.0,0.releases.3161,0,102025152102015-7fe7,tenderNotice,Tender Document,2025-10-23T11:12:00Z
0.releases.3162.tender.documents.0,0.releases.3162,0,102025152102015-7fe7,tenderNotice,Tender Document,2025-10-23T11:12:00Z
0.releases.3163.tender.documents.0,0.releases.3163,0,102025152102015-7fe7,tenderNotice,Tender Document,2025-10-23T11:12:00Z
0.releases.3166.tender.documents.0,0.releases.3166,0,112025081132737-7b4e,tenderNotice,Tender document,2025-11-28T15:59:03Z
0.releases.3168.tender.documents.0,0.releases.3168,0,102025075558367-7fae,tenderNotice,Tender Document,2025-11-01T19:52:28Z
0.releases.3168.tender.documents.1,0.releases.3168,0,102025075558370-7fad,tenderNotice,Beneficial Ownership,2025-11-01T19:52:28Z
0.releases.3172.tender.documents.0,0.releases.3172,0,122025102928464-5eb6,tenderNotice,Tender document ,2025-12-31T12:37:12Z
0.releases.3172.tender.documents.1,0.releases.3172,0,122025102928486-5eb5,tenderNotice,Beneficial Ownership ,2025-12-31T12:37:12Z
0.releases.3176.tender.documents.0,0.releases.3176,0,112025141239867-7ed6,tenderNotice,TENDER DOCUMENT,2025-12-17T16:16:19Z
0.releases.3176.tender.documents.1,0.releases.3176,0,122025115801254-7f0c,tenderNotice,Amendment note,2025-12-17T16:16:19Z
0.releases.3176.tender.documents.2,0.releases.3176,0,122025115801262-7f0b,tenderNotice,AMENDED TD,2025-12-17T16:16:19Z
0.releases.3176.tender.documents.3,0.releases.3176,0,112025141239867-7ed6,tenderNotice,TENDER DOCUMENT,2025-11-27T23:33:34Z
0.releases.3177.tender.documents.0,0.releases.3177,0,092025155401070-6d23,tenderNotice,DAO,2025-09-16T14:38:14Z
0.releases.3178.tender.documents.0,0.releases.3178,0,012026102626965-5092,tenderNotice,EOI,2026-01-08T10:26:27Z
0.releases.3178.tender.documents.1,0.releases.3178,0,012026102626986-5091,tenderNotice,ToRs,2026-01-08T10:26:27Z
0.releases.3179.tender.documents.0,0.releases.3179,0,122025091909317-7f50,tenderNotice,Tender Document,2025-12-23T09:29:17Z
0.releases.3179.tender.documents.1,0.releases.3179,0,122025121710000-7e7d,tenderNotice,Amended Tender Document,2025-12-23T09:29:17Z
0.releases.3180.tender.documents.0,0.releases.3180,0,112025144735720-7f40,tenderNotice,Tender document,2025-11-27T17:33:35Z
0.releases.3180.tender.documents.1,0.releases.3180,0,112025144735726-7f3f,tenderNotice,Beneficial ownership disclosure form,2025-11-27T17:33:35Z
0.releases.3180.tender.documents.2,0.releases.3180,0,112025144735731-7f3e,tenderNotice,Technical Specification,2025-11-27T17:33:35Z
0.releases.3181.tender.documents.0,0.releases.3181,0,122025121512078-7d46,tenderNotice,DAO,2025-12-31T08:58:22Z
0.releases.3182.tender.documents.0,0.releases.3182,0,092025155401070-6d23,tenderNotice,DAO,2025-09-16T14:38:14Z
0.releases.3183.tender.documents.0,0.releases.3183,0,092025155401070-6d23,tenderNotice,DAO,2025-09-16T14:38:14Z
0.releases.3184.tender.documents.0,0.releases.3184,0,102025112350906-7fd2,tenderNotice,Technical Specification,2025-11-26T10:55:20Z
0.releases.3184.tender.documents.1,0.releases.3184,0,102025112350911-7fd1,tenderNotice,Technical Specification,2025-11-26T10:55:20Z
0.releases.3184.tender.documents.2,0.releases.3184,0,102025112350913-7fd0,tenderNotice,T S Glassware,2025-11-26T10:55:20Z
0.releases.3184.tender.documents.3,0.releases.3184,0,102025112350916-7fcf,tenderNotice,T S Loot 3,2025-11-26T10:55:20Z
0.releases.3184.tender.documents.4,0.releases.3184,0,102025112350920-7fce,tenderNotice,Technical Specification,2025-11-26T10:55:20Z
0.releases.3184.tender.documents.5,0.releases.3184,0,102025112350923-7fcd,tenderNotice,Technical Specification,2025-11-26T10:55:20Z
0.releases.3184.tender.documents.6,0.releases.3184,0,102025121803006-7fc7,tenderNotice,Tender 7,2025-11-26T10:55:20Z
0.releases.3184.tender.documents.7,0.releases.3184,0,112025110108125-78d5,tenderNotice,Amended Tender Document,2025-11-26T10:55:20Z
0.releases.3185.tender.documents.0,0.releases.3185,0,092025155401070-6d23,tenderNotice,DAO,2025-09-16T14:38:14Z
0.releases.3186.tender.documents.0,0.releases.3186,0,092025155401070-6d23,tenderNotice,DAO,2025-09-16T14:38:14Z
0.releases.3187.tender.documents.0,0.releases.3187,0,012026110048934-7c73,tenderNotice,Tender document,2026-01-07T15:49:35Z
0.releases.3187.tender.documents.1,0.releases.3187,0,012026110050048-7c72,tenderNotice,Beneficial ownership disclosure form,2026-01-07T15:49:35Z
0.releases.3188.tender.documents.0,0.releases.3188,0,092025155401070-6d23,tenderNotice,DAO,2025-09-16T14:38:14Z
0.releases.3189.tender.documents.0,0.releases.3189,0,102023161901290-7dd0,tenderNotice,Tender document ,2023-10-20T23:03:10Z
0.releases.3195.tender.documents.0,0.releases.3195,0,012026105809651-56a6,tenderNotice,Tender document,2026-01-12T11:24:17Z
0.releases.3195.tender.documents.1,0.releases.3195,0,122025205745940-7e6b,tenderNotice,TENDER DOCUMENT,2025-12-09T20:57:47Z
0.releases.3200.tender.documents.0,0.releases.3200,0,112025111717394-7ff3,tenderNotice,Dao of Acquisition of a service Trolley in Use Cafetaria Canteen,2025-11-04T15:52:00Z
0.releases.3201.tender.documents.0,0.releases.3201,0,122025173756341-7aed,tenderNotice,Expression of interest ,2025-12-08T08:47:06Z
0.releases.3201.tender.documents.1,0.releases.3201,0,122025173756347-7aec,tenderNotice,Terms of reference ,2025-12-08T08:47:06Z
0.releases.3202.tender.documents.0,0.releases.3202,0,122025172918133-7fb8,tenderNotice,Expression of interest ,2025-12-08T08:46:16Z
0.releases.3202.tender.documents.1,0.releases.3202,0,122025172918147-7fb7,tenderNotice,Terms of reference,2025-12-08T08:46:16Z
0.releases.3203.tender.documents.0,0.releases.3203,0,122025165016289-7af7,tenderNotice,Expression of interest ,2025-12-05T17:55:40Z
0.releases.3203.tender.documents.1,0.releases.3203,0,122025165016338-7af6,tenderNotice,Terms of reference,2025-12-05T17:55:40Z
0.releases.3204.tender.documents.0,0.releases.3204,0,122025162504113-7fbb,tenderNotice,Expression of interest ,2025-12-05T17:55:06Z
0.releases.3204.tender.documents.1,0.releases.3204,0,122025162504116-7fba,tenderNotice,Terms of reference ,2025-12-05T17:55:06Z
0.releases.3205.tender.documents.0,0.releases.3205,0,122025161901411-7b6c,tenderNotice,Expression of interest ,2025-12-08T08:46:29Z
0.releases.3205.tender.documents.1,0.releases.3205,0,122025161901420-7b6b,tenderNotice,Terms of reference,2025-12-08T08:46:29Z
0.releases.3206.tender.documents.0,0.releases.3206,0,122025160740716-7fc0,tenderNotice,Expression of interest ,2025-12-05T17:55:28Z
0.releases.3206.tender.documents.1,0.releases.3206,0,122025160740734-7fbf,tenderNotice,Terms of reference,2025-12-05T17:55:28Z
0.releases.3207.tender.documents.0,0.releases.3207,0,122025154735819-7b71,tenderNotice,Expression of interest ,2025-12-08T08:46:43Z
0.releases.3207.tender.documents.1,0.releases.3207,0,122025154735828-7b70,tenderNotice,Revised Terms of Reference ,2025-12-08T08:46:43Z
0.releases.3216.tender.documents.0,0.releases.3216,0,122025162922732-7f23,tenderNotice,communication strateg.,2025-12-16T16:29:22Z
0.releases.3217.tender.documents.0,0.releases.3217,0,092024122059369-7c66,tenderNotice,TENDER DOCUMENT,2024-09-13T11:08:18Z
0.releases.3217.tender.documents.1,0.releases.3217,0,092024122059376-7c65,tenderNotice,Beneficial ownership Disclosure,2024-09-13T11:08:18Z
0.releases.3218.tender.documents.0,0.releases.3218,0,112025152603689-7fc8,tenderNotice,Tender Document ,2025-12-05T10:44:51Z
0.releases.3218.tender.documents.1,0.releases.3218,0,112025152603695-7fc7,tenderNotice,To be filled by the bidder,2025-12-05T10:44:51Z
0.releases.3218.tender.documents.2,0.releases.3218,0,122025135509093-6b7b,tenderNotice,"AMANDED SUPPLY OF LABORATORY REAGENTS, CONSUMABLES AND PRACTICALS AT CST (MOLECULAR BIOLOGY)",2025-12-05T10:44:51Z
0.releases.3225.tender.documents.0,0.releases.3225,0,102025151431906-7fc2,tenderNotice,Tender Document,2025-10-15T11:44:29Z
0.releases.3226.tender.documents.0,0.releases.3226,0,102025151431906-7fc2,tenderNotice,Tender Document,2025-10-15T11:44:29Z
0.releases.3228.tender.documents.0,0.releases.3228,0,012026152109473-7bf8,tenderNotice,Tender Document,2026-01-09T09:40:02Z
0.releases.3229.tender.documents.0,0.releases.3229,0,102025102127265-7fd5,tenderNotice,RFP,2025-10-24T10:07:31Z
0.releases.3229.tender.documents.1,0.releases.3229,0,102025105224492-7fe1,tenderNotice,Current amende RFP,2025-10-24T10:07:31Z
0.releases.3229.tender.documents.2,0.releases.3229,0,102025142009779-7ffa,tenderNotice,Amended RFP,2025-10-24T10:07:31Z
0.releases.3230.tender.documents.0,0.releases.3230,0,122025111535129-6d22,tenderNotice,Amended DAO,2025-12-19T11:52:22Z
0.releases.3230.tender.documents.1,0.releases.3230,0,122025111535135-6d21,tenderNotice,Notice of Amendment,2025-12-19T11:52:22Z
0.releases.3230.tender.documents.2,0.releases.3230,0,122025111718209-6c03,tenderNotice,DAO,2025-12-19T11:52:22Z
0.releases.3230.tender.documents.3,0.releases.3230,0,122025111718225-6c02,tenderNotice,Beneficial ownership,2025-12-19T11:52:22Z
0.releases.3231.tender.documents.0,0.releases.3231,0,112025105906243-7fa6,tenderNotice,DAO,2025-12-03T17:11:58Z
0.releases.3231.tender.documents.1,0.releases.3231,0,112025105906518-7fa5,tenderNotice,Beneficial ownership,2025-12-03T17:11:58Z
0.releases.3231.tender.documents.2,0.releases.3231,0,122025113640776-6bf7,tenderNotice,Amended DAO,2025-12-03T17:11:58Z
0.releases.3231.tender.documents.3,0.releases.3231,0,122025113640787-6bf6,tenderNotice,Notice of Amendment,2025-12-03T17:11:58Z
0.releases.3232.tender.documents.0,0.releases.3232,0,082024151549095-7d6a,tenderNotice,Tender Document,2024-08-06T20:37:58Z
0.releases.3233.tender.documents.0,0.releases.3233,0,082024125018964-7d6d,tenderNotice,Tender Document,2024-08-06T20:36:30Z
0.releases.3234.tender.documents.0,0.releases.3234,0,102025140015531-7ff0,tenderNotice,TENDER DOCUMENT,2025-10-24T17:12:16Z
0.releases.3236.tender.documents.0,0.releases.3236,0,012026125123479-7b13,tenderNotice,"DAO Supply of Specialized equipment in poultry, pig, and Rabbit",2026-01-12T18:18:26Z
0.releases.3236.tender.documents.1,0.releases.3236,0,012026125123486-7b12,tenderNotice,Beneficial Ownership Disclosure Declaration form,2026-01-12T18:18:26Z
0.releases.3237.tender.documents.0,0.releases.3237,0,092025125845867-7e74,tenderNotice,RFP Hiring  a VSM firms to conduct Live animals’ inspection at Kigali International Airport,2025-10-11T11:00:47Z
0.releases.3237.tender.documents.1,0.releases.3237,0,092025125845872-7e73,tenderNotice,Beneficial Ownership Disclosure declaration form ,2025-10-11T11:00:47Z
0.releases.3237.tender.documents.2,0.releases.3237,0,102025155715348-7fbd,tenderNotice,Amended Tender Document ,2025-10-11T11:00:47Z
0.releases.3238.tender.documents.0,0.releases.3238,0,112024130305077-7948,tenderNotice,Tender document ,2024-11-21T15:16:51Z
0.releases.3240.tender.documents.0,0.releases.3240,0,092025151115741-7f83,tenderNotice,FORM,2025-10-18T09:35:02Z
0.releases.3240.tender.documents.1,0.releases.3240,0,092025173330471-77ef,tenderNotice,TD,2025-10-18T09:35:02Z
0.releases.3240.tender.documents.2,0.releases.3240,0,102025090931776-7fff,tenderNotice,TD,2025-10-18T09:35:02Z
0.releases.3241.tender.documents.0,0.releases.3241,0,112025140723301-7fd5,tenderNotice,Beneficial ownership disclosure form,2025-11-19T15:42:02Z
0.releases.3241.tender.documents.1,0.releases.3241,0,112025140723314-7fd4,tenderNotice,Tender document,2025-11-19T15:42:02Z
0.releases.3242.tender.documents.0,0.releases.3242,0,052024123059824-7f24,tenderNotice,TD,2024-06-03T21:12:05Z
0.releases.3242.tender.documents.1,0.releases.3242,0,062024175039046-7cc6,tenderNotice,Amended TD,2024-06-03T21:12:05Z
0.releases.3243.tender.documents.0,0.releases.3243,0,082025152105196-7fcf,tenderNotice,BID DOCUMENT,2025-08-29T17:36:57Z
0.releases.3243.tender.documents.1,0.releases.3243,0,082025152105213-7fce,tenderNotice,Declaration of beneficial ownership letter (well filled and signed).,2025-08-29T17:36:57Z
0.releases.3244.tender.documents.0,0.releases.3244,0,102023171326547-626d,tenderNotice,Tender docuemnt,2023-11-03T16:39:39Z
0.releases.3244.tender.documents.1,0.releases.3244,0,112023085333893-7f7d,tenderNotice,Amended tender document,2023-11-03T16:39:39Z
0.releases.3245.tender.documents.0,0.releases.3245,0,122025100808138-7e86,tenderNotice,Tender document,2025-12-21T13:32:56Z
0.releases.3246.tender.documents.0,0.releases.3246,0,082024154035085-7f11,tenderNotice,Tender document,2024-08-16T18:16:35Z
0.releases.3246.tender.documents.1,0.releases.3246,0,082024154035089-7f10,tenderNotice,Beneficial ownership form,2024-08-16T18:16:35Z
0.releases.3247.tender.documents.0,0.releases.3247,0,102025165231881-7f11,tenderNotice,DAO OF Acquisition of  SOFA  for  the Office  of  the  Parliament of Rwanda,2025-10-20T17:33:17Z
0.releases.3248.tender.documents.0,0.releases.3248,0,052024123059824-7f24,tenderNotice,TD,2024-06-03T21:12:05Z
0.releases.3248.tender.documents.1,0.releases.3248,0,062024175039046-7cc6,tenderNotice,Amended TD,2024-06-03T21:12:05Z
0.releases.3249.tender.documents.0,0.releases.3249,0,122023134713556-7c67,tenderNotice,Tender Document,2023-12-29T10:44:59Z
0.releases.3251.tender.documents.0,0.releases.3251,0,052024123059824-7f24,tenderNotice,TD,2024-06-03T21:12:05Z
0.releases.3251.tender.documents.1,0.releases.3251,0,062024175039046-7cc6,tenderNotice,Amended TD,2024-06-03T21:12:05Z
0.releases.3252.tender.documents.0,0.releases.3252,0,052024123059824-7f24,tenderNotice,TD,2024-06-03T21:12:05Z
0.releases.3252.tender.documents.1,0.releases.3252,0,062024175039046-7cc6,tenderNotice,Amended TD,2024-06-03T21:12:05Z
0.releases.3253.tender.documents.0,0.releases.3253,0,112024132752130-659c,tenderNotice,RFP,2024-11-27T15:36:44Z
0.releases.3254.tender.documents.0,0.releases.3254,0,042024180257618-7fde,tenderNotice,RFP,2024-04-18T08:20:08Z
0.releases.3258.tender.documents.0,0.releases.3258,0,122025120026108-6961,tenderNotice,DAO,2025-12-04T17:02:27Z
0.releases.3259.tender.documents.0,0.releases.3259,0,082025103849135-7d7f,tenderNotice,RFP,2025-08-22T12:06:42Z
0.releases.3259.tender.documents.1,0.releases.3259,0,082025103849140-7d7e,tenderNotice,Beneficial ownership disclosure  form ,2025-08-22T12:06:42Z
0.releases.3265.tender.documents.0,0.releases.3265,0,112023091847031-7ffe,tenderNotice,Tender Document,2023-11-21T12:23:49Z
0.releases.3266.tender.documents.0,0.releases.3266,0,092023120832152-7f06,tenderNotice,DAO,2023-09-26T17:09:40Z
0.releases.3269.tender.documents.0,0.releases.3269,0,122025125520408-7d86,tenderNotice,BENEFICIAL OWNERSHIP DISCLOSURE FORM,2025-12-30T18:05:10Z
0.releases.3269.tender.documents.1,0.releases.3269,0,122025171300751-5bf9,tenderNotice,TENDER DOCUMENT  FOR SUPPLY OF DRUGS AND MEDICAL CONSUMABLES FOR FPU ROTATION,2025-12-30T18:05:10Z
0.releases.3270.tender.documents.0,0.releases.3270,0,102025173339739-7fe0,tenderNotice,TD SPORTS FACILITATION ACTIVITIES,2025-10-29T15:16:28Z
0.releases.3272.tender.documents.0,0.releases.3272,0,122025080420233-6b58,tenderNotice,Dao,2025-12-20T19:04:51Z
0.releases.3273.tender.documents.0,0.releases.3273,0,042023113933519-7770,tenderNotice,Tender document,2023-06-05T14:26:51Z
0.releases.3273.tender.documents.1,0.releases.3273,0,052023125930342-1dba,tenderNotice,Amendment to the TD on BOQ section A,2023-06-05T14:26:51Z
0.releases.3275.tender.documents.0,0.releases.3275,0,122025100808138-7e86,tenderNotice,Tender document,2025-12-21T13:32:56Z
0.releases.3276.tender.documents.0,0.releases.3276,0,042023112648856-7771,tenderNotice,Tender document,2023-06-05T14:29:33Z
0.releases.3276.tender.documents.1,0.releases.3276,0,052023130351285-1da2,tenderNotice,Amendment to the TD on BOQ section A,2023-06-05T14:29:33Z
0.releases.3277.tender.documents.0,0.releases.3277,0,092024120152978-7d6e,tenderNotice,TD,2024-10-02T17:11:18Z
0.releases.3277.tender.documents.1,0.releases.3277,0,102024113718841-7f4e,tenderNotice,TD Supply of Cement for MINEDUC Amended,2024-10-02T17:11:18Z
0.releases.3285.tender.documents.0,0.releases.3285,0,012026153628528-7c5a,tenderNotice,Tender Document,2026-01-07T17:09:24Z
0.releases.3285.tender.documents.1,0.releases.3285,0,012026153628535-7c59,tenderNotice,Beneficial ownership disclosure form ,2026-01-07T17:09:24Z
0.releases.3288.tender.documents.0,0.releases.3288,0,012026153628528-7c5a,tenderNotice,Tender Document,2026-01-07T17:09:24Z
0.releases.3288.tender.documents.1,0.releases.3288,0,012026153628535-7c59,tenderNotice,Beneficial ownership disclosure form ,2026-01-07T17:09:24Z
0.releases.3289.tender.documents.0,0.releases.3289,0,122025152320061-674c,tenderNotice,Develop sector level flood / storm contingency plans and develop response matrices at community level,2025-12-30T15:26:14Z
0.releases.3289.tender.documents.1,0.releases.3289,0,122025152320079-674b,tenderNotice,Develop sector level flood / storm contingency plans and develop response matrices at community level,2025-12-30T15:26:14Z
0.releases.3290.tender.documents.0,0.releases.3290,0,102024153438846-6f86,tenderNotice,DAO,2024-10-30T15:56:43Z
0.releases.3291.tender.documents.0,0.releases.3291,0,102024153438846-6f86,tenderNotice,DAO,2024-10-30T15:56:43Z
0.releases.3294.tender.documents.0,0.releases.3294,0,122023191256648-7a99,tenderNotice,Supply of food for TSS under Framework Contract,2023-12-13T20:22:07Z
0.releases.3302.tender.documents.0,0.releases.3302,0,122025172615395-7d6a,tenderNotice,DAO,2025-12-31T15:10:55Z
0.releases.3302.tender.documents.1,0.releases.3302,0,122025172615408-7d69,tenderNotice,Beneficial Ownership,2025-12-31T15:10:55Z
0.releases.3305.tender.documents.0,0.releases.3305,0,092023140540653-774f,tenderNotice,Tender Document,2023-09-21T15:07:17Z
0.releases.3306.tender.documents.0,0.releases.3306,0,092023140540653-774f,tenderNotice,Tender Document,2023-09-21T15:07:17Z
0.releases.3307.tender.documents.0,0.releases.3307,0,022025140508889-7fc0,tenderNotice,Final tender document,2025-02-11T15:01:56Z
0.releases.3308.tender.documents.0,0.releases.3308,0,122025103414184-7377,tenderNotice,DAO,2025-12-18T13:53:08Z
0.releases.3311.tender.documents.0,0.releases.3311,0,062023154613423-7638,tenderNotice,DAO,2023-08-14T20:03:29Z
0.releases.3311.tender.documents.1,0.releases.3311,0,082023170828298-663c,tenderNotice,DAO,2023-08-14T20:03:29Z
0.releases.3312.tender.documents.0,0.releases.3312,0,112025093256651-7ffc,tenderNotice,DAO FOR Purchase of chairs and other non medical equipment,2025-11-13T20:12:34Z
0.releases.3313.tender.documents.0,0.releases.3313,0,102025193009639-7fe3,tenderNotice,"Decoration and sonolisation services (location chairs,tents, Cameras).",2025-10-14T10:37:27Z
0.releases.3315.tender.documents.0,0.releases.3315,0,112025132813603-7d2b,tenderNotice,"DAO FORRehabilitation  and maintenance of hospital's damaged walls  (rigolet, current kitchen ,parking  , Hangar, windows, doors, mortuary , toilet  and other ground)",2025-12-01T16:45:25Z
0.releases.3315.tender.documents.1,0.releases.3315,0,122025152630888-7e5d,tenderNotice,"UPDATED DAO FOR Rehabilitation  and maintenance of hospital's damaged walls  (rigolet, current kitchen ,parking  , Hangar, windows, doors, mortuary , toilet  and other ground)",2025-12-01T16:45:25Z
0.releases.3320.tender.documents.0,0.releases.3320,0,012026145525253-7bc8,tenderNotice,TENDER DOCUMENT,2026-01-09T18:04:31Z
0.releases.3320.tender.documents.1,0.releases.3320,0,012026145525258-7bc7,tenderNotice,Beneficial Ownership Disclosure ,2026-01-09T18:04:31Z
0.releases.3321.tender.documents.0,0.releases.3321,0,112024121852155-7f32,tenderNotice,Tender Document,2024-11-29T15:42:47Z
0.releases.3321.tender.documents.1,0.releases.3321,0,112024152337027-7ffd,tenderNotice,Amended tender document,2024-11-29T15:42:47Z
0.releases.3322.tender.documents.0,0.releases.3322,0,102024102324893-6203,tenderNotice,Tender document,2024-10-30T13:52:19Z
0.releases.3323.tender.documents.0,0.releases.3323,0,122025155048243-7e70,tenderNotice,Tender Document ,2025-12-19T19:45:02Z
0.releases.3328.tender.documents.0,0.releases.3328,0,012026181950436-7c52,tenderNotice,Tender document,2026-01-07T15:49:04Z
0.releases.3328.tender.documents.1,0.releases.3328,0,012026181950443-7c51,tenderNotice,Beneficial ownership disclosure form,2026-01-07T15:49:04Z
0.releases.3329.tender.documents.0,0.releases.3329,0,012026090404858-7c7a,tenderNotice,Supply of stationery,2026-01-05T11:19:41Z
0.releases.3332.tender.documents.0,0.releases.3332,0,122023134713556-7c67,tenderNotice,Tender Document,2023-12-29T10:44:59Z
0.releases.3333.tender.documents.0,0.releases.3333,0,102024102324893-6203,tenderNotice,Tender document,2024-10-30T13:52:19Z
0.releases.3336.tender.documents.0,0.releases.3336,0,102024102324893-6203,tenderNotice,Tender document,2024-10-30T13:52:19Z
0.releases.3337.tender.documents.0,0.releases.3337,0,102023103123040-691b,tenderNotice,TD SECURITY,2023-10-20T17:11:43Z
0.releases.3338.tender.documents.0,0.releases.3338,0,122025092103386-7d94,tenderNotice,Tender Document,2025-12-06T11:42:46Z
0.releases.3338.tender.documents.1,0.releases.3338,0,122025092103394-7d93,tenderNotice,Technical specifications ,2025-12-06T11:42:46Z
0.releases.3338.tender.documents.2,0.releases.3338,0,122025092103399-7d92,tenderNotice,Beneficial Ownership,2025-12-06T11:42:46Z
0.releases.3339.tender.documents.0,0.releases.3339,0,122025154213561-6d20,tenderNotice,TENDER DOCUMENT,2025-12-02T16:53:18Z
0.releases.3344.tender.documents.0,0.releases.3344,0,112025111717394-7ff3,tenderNotice,Dao of Acquisition of a service Trolley in Use Cafetaria Canteen,2025-11-04T15:52:00Z
0.releases.3347.tender.documents.0,0.releases.3347,0,122025124743972-606e,tenderNotice,AMENDED TD-Management of NYANZA BUS PARK DEC 2025,2025-12-30T10:36:38Z
0.releases.3347.tender.documents.1,0.releases.3347,0,122025172953286-740b,tenderNotice,TD-Management of Nyanza Bus Park DECEMBER 2025,2025-12-30T10:36:38Z
0.releases.3353.tender.documents.0,0.releases.3353,0,122025095609335-668c,tenderNotice,"Beneficial ownership disclosure form (It should be well filled, signed and stamped by the bidder)",2025-12-29T18:58:52Z
0.releases.3353.tender.documents.1,0.releases.3353,0,122025105802968-7d9d,tenderNotice,TD,2025-12-29T18:58:52Z
0.releases.3355.tender.documents.0,0.releases.3355,0,082025191034849-7d45,tenderNotice,REQUEST FOR EXPRESSION OF INTEREST,2025-08-15T07:15:52Z
0.releases.3355.tender.documents.1,0.releases.3355,0,082025200347271-7f02,tenderNotice,Beneficial ownership declaration,2025-08-15T07:15:52Z
0.releases.3355.tender.documents.2,0.releases.3355,0,102025134906104-7ff7,tenderNotice,Note to the RFP Addendum date 17-10-2025,2025-10-29T15:00:50Z
0.releases.3355.tender.documents.3,0.releases.3355,0,102025134906119-7ff6,tenderNotice,Amended RFP Document,2025-10-29T15:00:50Z
0.releases.3355.tender.documents.4,0.releases.3355,0,102025144147997-7e3a,tenderNotice,RFP DOCUMENT,2025-10-29T15:00:50Z
0.releases.3356.tender.documents.0,0.releases.3356,0,082025191034849-7d45,tenderNotice,REQUEST FOR EXPRESSION OF INTEREST,2025-08-15T07:15:52Z
0.releases.3356.tender.documents.1,0.releases.3356,0,082025200347271-7f02,tenderNotice,Beneficial ownership declaration,2025-08-15T07:15:52Z
0.releases.3356.tender.documents.2,0.releases.3356,0,102025134906104-7ff7,tenderNotice,Note to the RFP Addendum date 17-10-2025,2025-10-29T15:00:50Z
0.releases.3356.tender.documents.3,0.releases.3356,0,102025134906119-7ff6,tenderNotice,Amended RFP Document,2025-10-29T15:00:50Z
0.releases.3356.tender.documents.4,0.releases.3356,0,102025144147997-7e3a,tenderNotice,RFP DOCUMENT,2025-10-29T15:00:50Z
0.releases.3357.tender.documents.0,0.releases.3357,0,042025101215936-7fef,tenderNotice,Tender document,2025-05-21T13:32:42Z
0.releases.3357.tender.documents.1,0.releases.3357,0,042025101215944-7fee,tenderNotice,Declaration of Beneficial Ownership of the Company with a full registration certificate,2025-05-21T13:32:42Z
0.releases.3360.tender.documents.0,0.releases.3360,0,112024121852155-7f32,tenderNotice,Tender Document,2024-11-29T15:42:47Z
0.releases.3360.tender.documents.1,0.releases.3360,0,112024152337027-7ffd,tenderNotice,Amended tender document,2024-11-29T15:42:47Z
0.releases.3361.tender.documents.0,0.releases.3361,0,092024114153231-7e98,tenderNotice,tender document,2024-09-17T12:52:32Z
0.releases.3361.tender.documents.1,0.releases.3361,0,092024115643999-7fcc,tenderNotice,Beneficial Ownership form,2024-09-17T12:52:32Z
0.releases.3362.tender.documents.0,0.releases.3362,0,122023134713556-7c67,tenderNotice,Tender Document,2023-12-29T10:44:59Z
0.releases.3363.tender.documents.0,0.releases.3363,0,122023134713556-7c67,tenderNotice,Tender Document,2023-12-29T10:44:59Z
0.releases.3368.tender.documents.0,0.releases.3368,0,012024115955672-79ee,tenderNotice,Tender document,2024-01-26T17:29:35Z
0.releases.3369.tender.documents.0,0.releases.3369,0,062025115505858-7e0e,tenderNotice,TENDER DOCUMENT,2025-06-17T12:21:29Z
0.releases.3370.tender.documents.0,0.releases.3370,0,062025115505858-7e0e,tenderNotice,TENDER DOCUMENT,2025-06-17T12:21:29Z
0.releases.3373.tender.documents.0,0.releases.3373,0,112024152655093-7f79,tenderNotice,DAO,2024-11-25T12:31:01Z
0.releases.3374.tender.documents.0,0.releases.3374,0,012026104658650-7bea,tenderNotice,TENDER DOCUMENT,2026-01-09T17:15:20Z
0.releases.3375.tender.documents.0,0.releases.3375,0,012026160721126-7bc1,tenderNotice,DAO,2026-01-08T16:42:30Z
0.releases.3375.tender.documents.1,0.releases.3375,0,012026160721261-7bc0,tenderNotice,Beneficial ,2026-01-08T16:42:30Z
0.releases.3377.tender.documents.0,0.releases.3377,0,012026131726660-7bd3,tenderNotice,TENDER DOCUMENT,2026-01-08T16:41:58Z
0.releases.3377.tender.documents.1,0.releases.3377,0,012026131726675-7bd2,tenderNotice,Beneficial ownership ,2026-01-08T16:41:58Z
0.releases.3378.tender.documents.0,0.releases.3378,0,122024144325660-7ec2,tenderNotice,tender document ,2024-12-17T17:23:29Z
0.releases.3378.tender.documents.1,0.releases.3378,0,122024144325669-7ec1,tenderNotice,beneficial ownership disclosure ,2024-12-17T17:23:29Z
0.releases.3381.tender.documents.0,0.releases.3381,0,042023133835418-76ec,tenderNotice,Tender Document,2023-04-20T18:01:37Z
0.releases.3384.tender.documents.0,0.releases.3384,0,092025182708441-7e1d,tenderNotice,Tender Document for Supply of reagent for aeroponics and greenhouse,2025-09-26T09:05:34Z
0.releases.3384.tender.documents.1,0.releases.3384,0,092025182708447-7e1c,tenderNotice,Beneficial Ownership ,2025-09-26T09:05:34Z
0.releases.3387.tender.documents.0,0.releases.3387,0,102025152102015-7fe7,tenderNotice,Tender Document,2025-10-23T11:12:00Z
0.releases.3388.tender.documents.0,0.releases.3388,0,112025153411449-7fcb,tenderNotice,TENDER DOCUMENT,2025-11-20T13:24:18Z
0.releases.3394.tender.documents.0,0.releases.3394,0,102025152102015-7fe7,tenderNotice,Tender Document,2025-10-23T11:12:00Z
0.releases.3395.tender.documents.0,0.releases.3395,0,092025164155820-7b9c,tenderNotice,RFP,2025-09-17T19:32:41Z
0.releases.3395.tender.documents.1,0.releases.3395,0,092025164155827-7b9b,tenderNotice,Beneficial ownership disclosure form to be well filled,2025-09-17T19:32:41Z
0.releases.3396.tender.documents.0,0.releases.3396,0,012026125123479-7b13,tenderNotice,"DAO Supply of Specialized equipment in poultry, pig, and Rabbit",2026-01-12T18:18:26Z
0.releases.3396.tender.documents.1,0.releases.3396,0,012026125123486-7b12,tenderNotice,Beneficial Ownership Disclosure Declaration form,2026-01-12T18:18:26Z
0.releases.3397.tender.documents.0,0.releases.3397,0,122025113710691-7e2e,tenderNotice,TENDER DOCUMENT,2025-12-23T12:08:22Z
0.releases.3397.tender.documents.1,0.releases.3397,0,122025113710698-7e2d,tenderNotice,Declaration of Beneficial ownership form,2025-12-23T12:08:22Z
0.releases.3397.tender.documents.2,0.releases.3397,0,122025113710701-7e2c,tenderNotice,updated list of VSM companies ,2025-12-23T12:08:22Z
0.releases.3397.tender.documents.3,0.releases.3397,0,122025113710708-7e2b,tenderNotice,law,2025-12-23T12:08:22Z
0.releases.3398.tender.documents.0,0.releases.3398,0,122025170323704-7d27,tenderNotice,"Beneficial ownership disclosure form (It should be well filled, signed and stamped by the bidder)",2025-12-31T12:45:48Z
0.releases.3398.tender.documents.1,0.releases.3398,0,122025170725692-5bfa,tenderNotice,TD,2025-12-31T12:45:48Z
0.releases.3399.tender.documents.0,0.releases.3399,0,112025094723968-7ffb,tenderNotice,Tender document,2025-12-04T12:04:47Z
0.releases.3399.tender.documents.1,0.releases.3399,0,112025094723974-7ffa,tenderNotice,Beneficial Ownership Declaration Form,2025-12-04T12:04:47Z
0.releases.3399.tender.documents.2,0.releases.3399,0,122025113036197-69c1,tenderNotice,Tender document amended,2025-12-04T12:04:47Z
0.releases.3400.tender.documents.0,0.releases.3400,0,122025125520408-7d86,tenderNotice,BENEFICIAL OWNERSHIP DISCLOSURE FORM,2025-12-30T18:05:10Z
0.releases.3400.tender.documents.1,0.releases.3400,0,122025171300751-5bf9,tenderNotice,TENDER DOCUMENT  FOR SUPPLY OF DRUGS AND MEDICAL CONSUMABLES FOR FPU ROTATION,2025-12-30T18:05:10Z
0.releases.3404.tender.documents.0,0.releases.3404,0,102025142832879-7ff0,tenderNotice,Tender document,2025-11-01T19:40:21Z
0.releases.3404.tender.documents.1,0.releases.3404,0,102025142832886-7fef,tenderNotice,Beneficial ownership disclosure,2025-11-01T19:40:21Z
0.releases.3405.tender.documents.0,0.releases.3405,0,012026102626965-5092,tenderNotice,EOI,2026-01-08T10:26:27Z
0.releases.3405.tender.documents.1,0.releases.3405,0,012026102626986-5091,tenderNotice,ToRs,2026-01-08T10:26:27Z
0.releases.3406.tender.documents.0,0.releases.3406,0,122025142021325-76cf,tenderNotice,Provision of garage services for RP Karongi College Vehicles under framework Contract,2025-12-08T18:09:30Z
0.releases.3408.tender.documents.0,0.releases.3408,0,012026091018269-7c0d,tenderNotice,Tender Document,2026-01-07T10:16:02Z
0.releases.3414.tender.documents.0,0.releases.3414,0,122025090035902-7db8,tenderNotice,Reasons of amendment,2025-12-28T16:53:49Z
0.releases.3414.tender.documents.1,0.releases.3414,0,122025090035910-7db7,tenderNotice,Amended RFP,2025-12-28T16:53:49Z
0.releases.3414.tender.documents.2,0.releases.3414,0,122025173159057-7208,tenderNotice,RFP,2025-12-28T16:53:49Z
0.releases.3414.tender.documents.3,0.releases.3414,0,122025173159072-7207,tenderNotice,Beneficial ownership disclosure form to be filled,2025-12-28T16:53:49Z
0.releases.3415.tender.documents.0,0.releases.3415,0,122025153932979-6740,tenderNotice,Tender document for Conduct preventive and curative maintenance of non- medical equipment and spare parts,2025-12-24T16:08:07Z
0.releases.3415.tender.documents.1,0.releases.3415,0,122025153932985-673f,tenderNotice,Beneficial ownership closure form,2025-12-24T16:08:07Z
0.releases.3418.tender.documents.0,0.releases.3418,0,112025112827017-7ea9,tenderNotice,Tender document,2025-12-12T15:19:15Z
0.releases.3418.tender.documents.1,0.releases.3418,0,112025112827021-7ea8,tenderNotice,Beneficial ownership disclosure form,2025-12-12T15:19:15Z
0.releases.3418.tender.documents.2,0.releases.3418,0,122025140304548-7fdb,tenderNotice,Amended tender document to consider,2025-12-12T15:19:15Z
0.releases.3422.tender.documents.0,0.releases.3422,0,012026091519515-7c0c,tenderNotice,Tender Document,2026-01-08T19:35:41Z
0.releases.3424.tender.documents.0,0.releases.3424,0,092025102103876-7fb4,tenderNotice,TD,2025-10-02T14:51:37Z
0.releases.3425.tender.documents.0,0.releases.3425,0,012026160721126-7bc1,tenderNotice,DAO,2026-01-08T16:42:30Z
0.releases.3425.tender.documents.1,0.releases.3425,0,012026160721261-7bc0,tenderNotice,Beneficial ,2026-01-08T16:42:30Z
0.releases.3426.tender.documents.0,0.releases.3426,0,012026131726660-7bd3,tenderNotice,TENDER DOCUMENT,2026-01-08T16:41:58Z
0.releases.3426.tender.documents.1,0.releases.3426,0,012026131726675-7bd2,tenderNotice,Beneficial ownership ,2026-01-08T16:41:58Z
0.releases.3428.tender.documents.0,0.releases.3428,0,042025101215936-7fef,tenderNotice,Tender document,2025-05-21T13:32:42Z
0.releases.3428.tender.documents.1,0.releases.3428,0,042025101215944-7fee,tenderNotice,Declaration of Beneficial Ownership of the Company with a full registration certificate,2025-05-21T13:32:42Z
0.releases.3430.tender.documents.0,0.releases.3430,0,122025092726652-7df1,tenderNotice,TD,2025-12-24T09:59:58Z
0.releases.3437.tender.documents.0,0.releases.3437,0,012024115955672-79ee,tenderNotice,Tender document,2024-01-26T17:29:35Z
0.releases.3441.tender.documents.0,0.releases.3441,0,122025155048243-7e70,tenderNotice,Tender Document ,2025-12-19T19:45:02Z
0.releases.3442.tender.documents.0,0.releases.3442,0,122025113710691-7e2e,tenderNotice,TENDER DOCUMENT,2025-12-23T12:08:22Z
0.releases.3442.tender.documents.1,0.releases.3442,0,122025113710698-7e2d,tenderNotice,Declaration of Beneficial ownership form,2025-12-23T12:08:22Z
0.releases.3442.tender.documents.2,0.releases.3442,0,122025113710701-7e2c,tenderNotice,updated list of VSM companies ,2025-12-23T12:08:22Z
0.releases.3442.tender.documents.3,0.releases.3442,0,122025113710708-7e2b,tenderNotice,law,2025-12-23T12:08:22Z
0.releases.3459.tender.documents.0,0.releases.3459,0,122025143521429-675b,tenderNotice,Procure and install 5 new AWS stations and 5 Rain Gauges over the Volcanoes region including spare parts and servers ( Re-advertisement,2025-12-31T10:41:19Z
0.releases.3459.tender.documents.1,0.releases.3459,0,122025215653340-7cf9,tenderNotice,Procure and install 5 new AWS stations and 5 Rain Gauges over the Volcanoes region including spare parts and servers ( Re-advertisement,2025-12-31T10:41:19Z
0.releases.3460.tender.documents.0,0.releases.3460,0,072024150453216-63d7,tenderNotice,TENDER DOCUMENT,2024-07-24T14:57:57Z
0.releases.3460.tender.documents.1,0.releases.3460,0,072024150453224-63d6,tenderNotice,Beneficial Ownership Disclosure Form,2024-07-24T14:57:57Z
0.releases.3461.tender.documents.0,0.releases.3461,0,072024150453216-63d7,tenderNotice,TENDER DOCUMENT,2024-07-24T14:57:57Z
0.releases.3461.tender.documents.1,0.releases.3461,0,072024150453224-63d6,tenderNotice,Beneficial Ownership Disclosure Form,2024-07-24T14:57:57Z
0.releases.3467.tender.documents.0,0.releases.3467,0,082025122853970-7e2d,tenderNotice,TD,2025-08-20T21:16:11Z
0.releases.3467.tender.documents.1,0.releases.3467,0,082025122853976-7e2c,tenderNotice,Form,2025-08-20T21:16:11Z
0.releases.3468.tender.documents.0,0.releases.3468,0,122025151045403-6950,tenderNotice,Beneficial Ownership Disclosure Form,2025-12-09T17:07:38Z
0.releases.3468.tender.documents.1,0.releases.3468,0,122025151640619-694f,tenderNotice,RFP,2025-12-09T17:07:38Z
0.releases.3468.tender.documents.2,0.releases.3468,0,102025120038869-7e98,tenderNotice,REOI,2025-10-14T10:11:39Z
0.releases.3469.tender.documents.0,0.releases.3469,0,062025115505858-7e0e,tenderNotice,TENDER DOCUMENT,2025-06-17T12:21:29Z
0.releases.3470.tender.documents.0,0.releases.3470,0,062025115505858-7e0e,tenderNotice,TENDER DOCUMENT,2025-06-17T12:21:29Z
0.releases.3471.tender.documents.0,0.releases.3471,0,062025115505858-7e0e,tenderNotice,TENDER DOCUMENT,2025-06-17T12:21:29Z
0.releases.3472.tender.documents.0,0.releases.3472,0,092023140540653-774f,tenderNotice,Tender Document,2023-09-21T15:07:17Z
0.releases.3473.tender.documents.0,0.releases.3473,0,042023133835418-76ec,tenderNotice,Tender Document,2023-04-20T18:01:37Z
0.releases.3474.tender.documents.0,0.releases.3474,0,012026124724409-7c63,tenderNotice,Tender Document,2026-01-06T10:37:57Z
0.releases.3474.tender.documents.1,0.releases.3474,0,012026124724419-7c62,tenderNotice,Drawings ,2026-01-06T10:37:57Z
0.releases.3475.tender.documents.0,0.releases.3475,0,092025164155820-7b9c,tenderNotice,RFP,2025-09-17T19:32:41Z
0.releases.3475.tender.documents.1,0.releases.3475,0,092025164155827-7b9b,tenderNotice,Beneficial ownership disclosure form to be well filled,2025-09-17T19:32:41Z
0.releases.3476.tender.documents.0,0.releases.3476,0,122025170323704-7d27,tenderNotice,"Beneficial ownership disclosure form (It should be well filled, signed and stamped by the bidder)",2025-12-31T12:45:48Z
0.releases.3476.tender.documents.1,0.releases.3476,0,122025170725692-5bfa,tenderNotice,TD,2025-12-31T12:45:48Z
0.releases.3477.tender.documents.0,0.releases.3477,0,122025095609335-668c,tenderNotice,"Beneficial ownership disclosure form (It should be well filled, signed and stamped by the bidder)",2025-12-29T18:58:52Z
0.releases.3477.tender.documents.1,0.releases.3477,0,122025105802968-7d9d,tenderNotice,TD,2025-12-29T18:58:52Z
0.releases.3478.tender.documents.0,0.releases.3478,0,092022074911454-7de7,tenderNotice,Tender Document,2022-11-07T18:22:27Z
0.releases.3478.tender.documents.1,0.releases.3478,0,112022113151781-7ff6,tenderNotice,Amended Tender Document,2022-11-07T18:22:27Z
0.releases.3479.tender.documents.0,0.releases.3479,0,062025173503434-7e8d,tenderNotice,Tender document,2025-08-05T19:00:04Z
0.releases.3479.tender.documents.1,0.releases.3479,0,062025173503475-7e8c,tenderNotice,Beneficial ownership template,2025-08-05T19:00:04Z
0.releases.3479.tender.documents.2,0.releases.3479,0,072025092229334-7eee,tenderNotice,Amended Tender document,2025-08-05T19:00:04Z
0.releases.3479.tender.documents.3,0.releases.3479,0,072025092229345-7eed,tenderNotice,Addendum,2025-08-05T19:00:04Z
0.releases.3479.tender.documents.4,0.releases.3479,0,072025100731132-7fc4,tenderNotice,Addendum 2,2025-08-05T19:00:04Z
0.releases.3479.tender.documents.5,0.releases.3479,0,082025151230207-7409,tenderNotice,Tender document 2,2025-08-05T19:00:04Z
0.releases.3479.tender.documents.6,0.releases.3479,0,082025151230213-7408,tenderNotice,Addendum 3,2025-08-05T19:00:04Z
0.releases.3480.tender.documents.0,0.releases.3480,0,062025173503434-7e8d,tenderNotice,Tender document,2025-08-05T19:00:04Z
0.releases.3480.tender.documents.1,0.releases.3480,0,062025173503475-7e8c,tenderNotice,Beneficial ownership template,2025-08-05T19:00:04Z
0.releases.3480.tender.documents.2,0.releases.3480,0,072025092229334-7eee,tenderNotice,Amended Tender document,2025-08-05T19:00:04Z
0.releases.3480.tender.documents.3,0.releases.3480,0,072025092229345-7eed,tenderNotice,Addendum,2025-08-05T19:00:04Z
0.releases.3480.tender.documents.4,0.releases.3480,0,072025100731132-7fc4,tenderNotice,Addendum 2,2025-08-05T19:00:04Z
0.releases.3480.tender.documents.5,0.releases.3480,0,082025151230207-7409,tenderNotice,Tender document 2,2025-08-05T19:00:04Z
0.releases.3480.tender.documents.6,0.releases.3480,0,082025151230213-7408,tenderNotice,Addendum 3,2025-08-05T19:00:04Z
0.releases.3481.tender.documents.0,0.releases.3481,0,062025173503434-7e8d,tenderNotice,Tender document,2025-08-05T19:00:04Z
0.releases.3481.tender.documents.1,0.releases.3481,0,062025173503475-7e8c,tenderNotice,Beneficial ownership template,2025-08-05T19:00:04Z
0.releases.3481.tender.documents.2,0.releases.3481,0,072025092229334-7eee,tenderNotice,Amended Tender document,2025-08-05T19:00:04Z
0.releases.3481.tender.documents.3,0.releases.3481,0,072025092229345-7eed,tenderNotice,Addendum,2025-08-05T19:00:04Z
0.releases.3481.tender.documents.4,0.releases.3481,0,072025100731132-7fc4,tenderNotice,Addendum 2,2025-08-05T19:00:04Z
0.releases.3481.tender.documents.5,0.releases.3481,0,082025151230207-7409,tenderNotice,Tender document 2,2025-08-05T19:00:04Z
0.releases.3481.tender.documents.6,0.releases.3481,0,082025151230213-7408,tenderNotice,Addendum 3,2025-08-05T19:00:04Z
0.releases.3482.tender.documents.0,0.releases.3482,0,042025145830645-6d1e,tenderNotice,RFP in word version for reference only,2025-06-03T17:34:50Z
0.releases.3482.tender.documents.1,0.releases.3482,0,042025163509792-6cf8,tenderNotice,Signed IL & RFP for works (Official Document),2025-06-03T17:34:50Z
0.releases.3482.tender.documents.2,0.releases.3482,0,062025140132176-1e33,tenderNotice,Response to requested clarifications,2025-06-03T17:34:50Z
0.releases.3484.tender.documents.0,0.releases.3484,0,122025104227463-7914,tenderNotice,Layout plan,2025-12-12T16:23:54Z
0.releases.3484.tender.documents.1,0.releases.3484,0,122025104227472-7913,tenderNotice,Beneficial  ownership disclosure form,2025-12-12T16:23:54Z
0.releases.3484.tender.documents.2,0.releases.3484,0,122025112607974-7748,tenderNotice,Tender document,2025-12-12T16:23:54Z
0.releases.3484.tender.documents.3,0.releases.3484,0,122025152614820-7fce,tenderNotice,amended tender document,2025-12-12T16:23:54Z
0.releases.3485.tender.documents.0,0.releases.3485,0,012026145525253-7bc8,tenderNotice,TENDER DOCUMENT,2026-01-09T18:04:31Z
0.releases.3485.tender.documents.1,0.releases.3485,0,012026145525258-7bc7,tenderNotice,Beneficial Ownership Disclosure ,2026-01-09T18:04:31Z
0.releases.3486.tender.documents.0,0.releases.3486,0,122025104227463-7914,tenderNotice,Layout plan,2025-12-12T16:23:54Z
0.releases.3486.tender.documents.1,0.releases.3486,0,122025104227472-7913,tenderNotice,Beneficial  ownership disclosure form,2025-12-12T16:23:54Z
0.releases.3486.tender.documents.2,0.releases.3486,0,122025112607974-7748,tenderNotice,Tender document,2025-12-12T16:23:54Z
0.releases.3486.tender.documents.3,0.releases.3486,0,122025152614820-7fce,tenderNotice,amended tender document,2025-12-12T16:23:54Z
0.releases.3490.tender.documents.0,0.releases.3490,0,122025103414184-7377,tenderNotice,DAO,2025-12-18T13:53:08Z
0.releases.3491.tender.documents.0,0.releases.3491,0,072024150453216-63d7,tenderNotice,TENDER DOCUMENT,2024-07-24T14:57:57Z
0.releases.3491.tender.documents.1,0.releases.3491,0,072024150453224-63d6,tenderNotice,Beneficial Ownership Disclosure Form,2024-07-24T14:57:57Z
0.releases.3494.tender.documents.0,0.releases.3494,0,012026104658650-7bea,tenderNotice,TENDER DOCUMENT,2026-01-09T17:15:20Z
0.releases.3495.tender.documents.0,0.releases.3495,0,012024155259480-7061,tenderNotice,Tender Document ,2024-01-19T09:46:39Z
0.releases.3495.tender.documents.1,0.releases.3495,0,012024155259485-7060,tenderNotice,Technical Specifications,2024-01-19T09:46:39Z
0.releases.3496.tender.documents.0,0.releases.3496,0,102025191815759-7f5e,tenderNotice,Tender Document,2025-11-01T19:42:01Z
0.releases.3496.tender.documents.1,0.releases.3496,0,102025191815797-7f5d,tenderNotice,Benefial Ownership Disclosure Form,2025-11-01T19:42:01Z
0.releases.3497.tender.documents.0,0.releases.3497,0,102025175648398-7f67,tenderNotice,Tender document,2025-11-01T19:49:31Z
0.releases.3497.tender.documents.1,0.releases.3497,0,102025175648404-7f66,tenderNotice,Beneficial Ownership disclosure form,2025-11-01T19:49:31Z
0.releases.3498.tender.documents.0,0.releases.3498,0,102025210231840-7ff2,tenderNotice,TENDER DOCUMENT-CONSULTANCY ON RISK MAPPING OF FEWS,2025-10-03T12:35:11Z
0.releases.3498.tender.documents.1,0.releases.3498,0,102025210231844-7ff1,tenderNotice,BENEFICIAL OWNERSHIP DISCLOSURE FORM,2025-10-03T12:35:11Z
0.releases.3499.tender.documents.0,0.releases.3499,0,102025210231840-7ff2,tenderNotice,TENDER DOCUMENT-CONSULTANCY ON RISK MAPPING OF FEWS,2025-10-03T12:35:11Z
0.releases.3499.tender.documents.1,0.releases.3499,0,102025210231844-7ff1,tenderNotice,BENEFICIAL OWNERSHIP DISCLOSURE FORM,2025-10-03T12:35:11Z
0.releases.3500.tender.documents.0,0.releases.3500,0,122023103859436-450b,tenderNotice,Tender documents,2023-12-11T11:53:46Z
0.releases.3501.tender.documents.0,0.releases.3501,0,102024074759657-7f64,tenderNotice,Tender Document,2024-10-23T13:26:03Z
0.releases.3502.tender.documents.0,0.releases.3502,0,092024114153231-7e98,tenderNotice,tender document,2024-09-17T12:52:32Z
0.releases.3502.tender.documents.1,0.releases.3502,0,092024115643999-7fcc,tenderNotice,Beneficial Ownership form,2024-09-17T12:52:32Z
0.releases.3503.tender.documents.0,0.releases.3503,0,062023154613423-7638,tenderNotice,DAO,2023-08-14T20:03:29Z
0.releases.3503.tender.documents.1,0.releases.3503,0,082023170828298-663c,tenderNotice,DAO,2023-08-14T20:03:29Z
0.releases.3504.tender.documents.0,0.releases.3504,0,072025151332208-7ff9,tenderNotice,TENDER DOCUMENT,2025-07-23T17:15:11Z
0.releases.3505.tender.documents.0,0.releases.3505,0,082025124517541-7ced,tenderNotice,AMENDED TENDER DOCUMENT,2025-08-22T17:18:10Z
0.releases.3505.tender.documents.1,0.releases.3505,0,082025140510174-7c5c,tenderNotice,TENDER DOCUMENT,2025-08-22T17:18:10Z
0.releases.3505.tender.documents.2,0.releases.3505,0,082025140510231-7c5b,tenderNotice,Beneficial ownwership form,2025-08-22T17:18:10Z
0.releases.3507.tender.documents.0,0.releases.3507,0,122025170540283-69f0,tenderNotice,TENDER DOCUMENT,2026-01-05T12:09:59Z
0.releases.3507.tender.documents.1,0.releases.3507,0,122025170540291-69ef,tenderNotice,DRAWINGS ,2026-01-05T12:10:00Z
0.releases.3508.tender.documents.0,0.releases.3508,0,122025151926515-7e0a,tenderNotice,TENDER DOCUMENT FOR RIB EVENTS,2025-12-23T16:46:08Z
0.releases.3508.tender.documents.1,0.releases.3508,0,122025151927352-7e09,tenderNotice,BENEFICIAL OWNERSHIP DECLARATION FORM,2025-12-23T16:46:08Z
0.releases.3509.tender.documents.0,0.releases.3509,0,112025090924541-7ffa,tenderNotice,TD,2025-11-19T11:34:32Z
0.releases.3510.tender.documents.0,0.releases.3510,0,122023143508479-7cb2,tenderNotice,Tender document,2023-12-11T14:17:44Z
0.releases.3511.tender.documents.0,0.releases.3511,0,042025101215936-7fef,tenderNotice,Tender document,2025-05-21T13:32:42Z
0.releases.3511.tender.documents.1,0.releases.3511,0,042025101215944-7fee,tenderNotice,Declaration of Beneficial Ownership of the Company with a full registration certificate,2025-05-21T13:32:42Z
0.releases.3512.tender.documents.0,0.releases.3512,0,122025161527166-6d1c,tenderNotice,TD,2025-12-02T20:05:33Z
0.releases.3520.tender.documents.0,0.releases.3520,0,112025081132737-7b4e,tenderNotice,Tender document,2025-11-28T15:59:03Z
0.releases.3521.tender.documents.0,0.releases.3521,0,112025081132737-7b4e,tenderNotice,Tender document,2025-11-28T15:59:03Z
0.releases.3522.tender.documents.0,0.releases.3522,0,072025160514459-7a70,tenderNotice,TENDER DOCUMENT,2025-07-23T17:14:33Z
0.releases.3523.tender.documents.0,0.releases.3523,0,022023103451831-7d16,tenderNotice,ROEI ,2023-03-02T15:37:48Z
0.releases.3523.tender.documents.1,0.releases.3523,0,022023103452042-7d15,tenderNotice,ROEI Word version for reference only,2023-03-02T15:37:48Z
0.releases.3523.tender.documents.2,0.releases.3523,0,082023150023676-7873,tenderNotice,Signed and stamped LOI & RFP,2023-08-02T23:04:17Z
0.releases.3523.tender.documents.3,0.releases.3523,0,082023150023813-7872,tenderNotice,Word Version LOI&RFP (Only for reference),2023-08-02T23:04:17Z
0.releases.3524.tender.documents.0,0.releases.3524,0,022023103451831-7d16,tenderNotice,ROEI ,2023-03-02T15:37:48Z
0.releases.3524.tender.documents.1,0.releases.3524,0,022023103452042-7d15,tenderNotice,ROEI Word version for reference only,2023-03-02T15:37:48Z
0.releases.3524.tender.documents.2,0.releases.3524,0,082023150023676-7873,tenderNotice,Signed and stamped LOI & RFP,2023-08-02T23:04:17Z
0.releases.3524.tender.documents.3,0.releases.3524,0,082023150023813-7872,tenderNotice,Word Version LOI&RFP (Only for reference),2023-08-02T23:04:17Z
0.releases.3525.tender.documents.0,0.releases.3525,0,092024115358618-7ae6,tenderNotice,Tender document,2024-09-23T14:36:55Z
0.releases.3526.tender.documents.0,0.releases.3526,0,122023134713556-7c67,tenderNotice,Tender Document,2023-12-29T10:44:59Z
0.releases.3527.tender.documents.0,0.releases.3527,0,122025210601745-7cfd,tenderNotice,TENDER DOCUMENT,2025-12-30T21:47:34Z
0.releases.3528.tender.documents.0,0.releases.3528,0,012026093046377-5294,tenderNotice,RFP,2026-01-08T16:06:51Z
0.releases.3528.tender.documents.1,0.releases.3528,0,042025110258587-77a3,tenderNotice,ToR,2025-04-23T09:05:37Z
0.releases.3530.tender.documents.0,0.releases.3530,0,112025081132737-7b4e,tenderNotice,Tender document,2025-11-28T15:59:03Z
0.releases.3531.tender.documents.0,0.releases.3531,0,122024144325660-7ec2,tenderNotice,tender document ,2024-12-17T17:23:29Z
0.releases.3531.tender.documents.1,0.releases.3531,0,122024144325669-7ec1,tenderNotice,beneficial ownership disclosure ,2024-12-17T17:23:29Z
0.releases.3532.tender.documents.0,0.releases.3532,0,112025081132737-7b4e,tenderNotice,Tender document,2025-11-28T15:59:03Z
0.releases.3533.tender.documents.0,0.releases.3533,0,112025081132737-7b4e,tenderNotice,Tender document,2025-11-28T15:59:03Z
0.releases.3534.tender.documents.0,0.releases.3534,0,112025081132737-7b4e,tenderNotice,Tender document,2025-11-28T15:59:03Z
0.releases.3535.tender.documents.0,0.releases.3535,0,112025081132737-7b4e,tenderNotice,Tender document,2025-11-28T15:59:03Z
0.releases.3536.tender.documents.0,0.releases.3536,0,112025081132737-7b4e,tenderNotice,Tender document,2025-11-28T15:59:03Z
0.releases.3537.tender.documents.0,0.releases.3537,0,122025210601745-7cfd,tenderNotice,TENDER DOCUMENT,2025-12-30T21:47:34Z
0.releases.3539.tender.documents.0,0.releases.3539,0,082025102703069-7fef,tenderNotice,Beneficial ownership disclosure declaration form,2025-08-22T14:23:32Z
0.releases.3539.tender.documents.1,0.releases.3539,0,082025185244169-7d46,tenderNotice,Tender document,2025-08-22T14:23:32Z
0.releases.3540.tender.documents.0,0.releases.3540,0,012025182138906-69fa,tenderNotice,TD for Decoration and related services,2025-01-08T21:16:49Z
0.releases.3540.tender.documents.1,0.releases.3540,0,012025182138917-69f9,tenderNotice,Beneficial  ownership declaration form to be fulfilled by Bidder,2025-01-08T21:16:49Z
0.releases.3541.tender.documents.0,0.releases.3541,0,092024163101363-7a3b,tenderNotice,TBD,2024-10-03T21:53:33Z
0.releases.3541.tender.documents.1,0.releases.3541,0,102024111109377-706b,tenderNotice,Amended TBD,2024-10-03T21:53:33Z
0.releases.3542.tender.documents.0,0.releases.3542,0,112025094723968-7ffb,tenderNotice,Tender document,2025-12-04T12:04:47Z
0.releases.3542.tender.documents.1,0.releases.3542,0,112025094723974-7ffa,tenderNotice,Beneficial Ownership Declaration Form,2025-12-04T12:04:47Z
0.releases.3542.tender.documents.2,0.releases.3542,0,122025113036197-69c1,tenderNotice,Tender document amended,2025-12-04T12:04:47Z
0.releases.3543.tender.documents.0,0.releases.3543,0,102023145913525-7d0d,tenderNotice,Tender Documents,2023-10-05T18:49:37Z
0.releases.3546.tender.documents.0,0.releases.3546,0,122025143148072-7277,tenderNotice,Tender document ,2025-12-11T08:43:29Z
0.releases.3551.tender.documents.0,0.releases.3551,0,122025204517423-7e6a,tenderNotice,TENDER DOCUMENT ,2025-12-19T21:23:22Z
0.releases.3552.tender.documents.0,0.releases.3552,0,112024145649527-6b1d,tenderNotice,TD in word version only for reference,2024-11-25T20:07:08Z
0.releases.3552.tender.documents.1,0.releases.3552,0,112024155526082-6b14,tenderNotice,Signed TD,2024-11-25T20:07:08Z
0.releases.3553.tender.documents.0,0.releases.3553,0,122025170540283-69f0,tenderNotice,TENDER DOCUMENT,2026-01-05T12:09:59Z
0.releases.3553.tender.documents.1,0.releases.3553,0,122025170540291-69ef,tenderNotice,DRAWINGS ,2026-01-05T12:10:00Z
0.releases.3555.tender.documents.0,0.releases.3555,0,012026131413018-7c3a,tenderNotice,TENDER DOCUMENT,2026-01-07T10:41:12Z
0.releases.3556.tender.documents.0,0.releases.3556,0,122023134713556-7c67,tenderNotice,Tender Document,2023-12-29T10:44:59Z
0.releases.3557.tender.documents.0,0.releases.3557,0,122025143521429-675b,tenderNotice,Procure and install 5 new AWS stations and 5 Rain Gauges over the Volcanoes region including spare parts and servers ( Re-advertisement,2025-12-31T10:41:19Z
0.releases.3557.tender.documents.1,0.releases.3557,0,122025215653340-7cf9,tenderNotice,Procure and install 5 new AWS stations and 5 Rain Gauges over the Volcanoes region including spare parts and servers ( Re-advertisement,2025-12-31T10:41:19Z
0.releases.3561.tender.documents.0,0.releases.3561,0,102025210231840-7ff2,tenderNotice,TENDER DOCUMENT-CONSULTANCY ON RISK MAPPING OF FEWS,2025-10-03T12:35:11Z
0.releases.3561.tender.documents.1,0.releases.3561,0,102025210231844-7ff1,tenderNotice,BENEFICIAL OWNERSHIP DISCLOSURE FORM,2025-10-03T12:35:11Z
0.releases.3568.tender.documents.0,0.releases.3568,0,122025140755227-6b76,tenderNotice,Terms of References,2025-12-03T19:32:17Z
0.releases.3572.tender.documents.0,0.releases.3572,0,102024101046882-7f09,tenderNotice,TENDER DOCUMENT,2024-10-23T10:44:23Z
0.releases.3573.tender.documents.0,0.releases.3573,0,102024171850318-7e91,tenderNotice,Tender document,2024-10-23T10:41:14Z
0.releases.3575.tender.documents.0,0.releases.3575,0,122023124510586-7d49,tenderNotice,TERMS OF REFERENCE,2023-12-02T17:55:55Z
0.releases.3576.tender.documents.0,0.releases.3576,0,112022195335924-7ce8,tenderNotice,TENDER DOCUMENT,2022-11-17T16:57:44Z
0.releases.3577.tender.documents.0,0.releases.3577,0,052024145313811-7e18,tenderNotice,RFP,2024-05-25T15:01:37Z
0.releases.3578.tender.documents.0,0.releases.3578,0,122023170345344-7d00,tenderNotice,Tender Document,2024-01-04T12:50:17Z
0.releases.3579.tender.documents.0,0.releases.3579,0,012026063308729-7c7c,tenderNotice,TENDER DOCUMENT,2026-01-05T08:53:23Z
0.releases.3579.tender.documents.1,0.releases.3579,0,012026063308742-7c7b,tenderNotice,DISCLOSE OWNERSHIP,2026-01-05T08:53:23Z
0.releases.3581.tender.documents.0,0.releases.3581,0,112022195335924-7ce8,tenderNotice,TENDER DOCUMENT,2022-11-17T16:57:44Z
0.releases.3582.tender.documents.0,0.releases.3582,0,012025182138906-69fa,tenderNotice,TD for Decoration and related services,2025-01-08T21:16:49Z
0.releases.3582.tender.documents.1,0.releases.3582,0,012025182138917-69f9,tenderNotice,Beneficial  ownership declaration form to be fulfilled by Bidder,2025-01-08T21:16:49Z
0.releases.3583.tender.documents.0,0.releases.3583,0,122025143148072-7277,tenderNotice,Tender document ,2025-12-11T08:43:29Z
0.releases.3585.tender.documents.0,0.releases.3585,0,122025080420233-6b58,tenderNotice,Dao,2025-12-20T19:04:51Z
0.releases.3587.tender.documents.0,0.releases.3587,0,012026173401963-7c53,tenderNotice,Amendment to tender,2026-01-05T17:59:25Z
0.releases.3587.tender.documents.1,0.releases.3587,0,122025110440906-6d25,tenderNotice,Request for proposal ,2026-01-05T17:59:25Z
0.releases.3587.tender.documents.2,0.releases.3587,0,122025110440926-6d24,tenderNotice,Terms of reference ,2026-01-05T17:59:25Z
0.releases.3587.tender.documents.3,0.releases.3587,0,112025165457263-7fc2,tenderNotice,Request for expression of interest,2025-11-11T12:15:35Z
0.releases.3588.tender.documents.0,0.releases.3588,0,012026104828141-56a9,tenderNotice,RFP,2026-01-05T14:53:29Z
0.releases.3588.tender.documents.1,0.releases.3588,0,012026104829036-56a8,tenderNotice,Beneficial ownership Disclosure to be signed,2026-01-05T14:53:29Z
0.releases.3589.tender.documents.0,0.releases.3589,0,102024102324893-6203,tenderNotice,Tender document,2024-10-30T13:52:19Z
0.releases.3590.tender.documents.0,0.releases.3590,0,102024102324893-6203,tenderNotice,Tender document,2024-10-30T13:52:19Z
0.releases.3591.tender.documents.0,0.releases.3591,0,102025013213797-7fb9,tenderNotice,DAO,2025-10-28T21:14:35Z
0.releases.3592.tender.documents.0,0.releases.3592,0,012026173401963-7c53,tenderNotice,Amendment to tender,2026-01-05T17:59:25Z
0.releases.3592.tender.documents.1,0.releases.3592,0,122025110440906-6d25,tenderNotice,Request for proposal ,2026-01-05T17:59:25Z
0.releases.3592.tender.documents.2,0.releases.3592,0,122025110440926-6d24,tenderNotice,Terms of reference ,2026-01-05T17:59:25Z
0.releases.3592.tender.documents.3,0.releases.3592,0,112025165457263-7fc2,tenderNotice,Request for expression of interest,2025-11-11T12:15:35Z
0.releases.3595.tender.documents.0,0.releases.3595,0,102025103057697-7fe9,tenderNotice,Amended TD,2025-10-22T11:13:33Z
0.releases.3595.tender.documents.1,0.releases.3595,0,102025165020070-7fe9,tenderNotice,Tender document ,2025-10-22T11:13:33Z
0.releases.3595.tender.documents.2,0.releases.3595,0,102025165020079-7fe8,tenderNotice,Drawings 1,2025-10-22T11:13:33Z
0.releases.3595.tender.documents.3,0.releases.3595,0,102025165020087-7fe7,tenderNotice,Drawings 2 ,2025-10-22T11:13:33Z
0.releases.3597.tender.documents.0,0.releases.3597,0,122025130535631-6c76,tenderNotice,Tender Document,2025-12-19T13:22:12Z
0.releases.3597.tender.documents.1,0.releases.3597,0,102025155437111-7fa3,tenderNotice,Tender doc,2025-10-27T15:54:37Z
0.releases.3598.tender.documents.0,0.releases.3598,0,102025102854670-7f9f,tenderNotice,Tender document ,2025-10-24T19:29:47Z
0.releases.3600.tender.documents.0,0.releases.3600,0,102023121949765-7fce,tenderNotice,TENDER DOCUMENT,2023-10-13T12:37:53Z
0.releases.3601.tender.documents.0,0.releases.3601,0,012024115955672-79ee,tenderNotice,Tender document,2024-01-26T17:29:35Z
0.releases.3602.tender.documents.0,0.releases.3602,0,032021110914753-6a86,tenderNotice,Tender document,2021-05-17T10:38:17Z
0.releases.3602.tender.documents.1,0.releases.3602,0,042021083428472-7d89,tenderNotice,Amended tender document,2021-05-17T10:38:17Z
0.releases.3602.tender.documents.2,0.releases.3602,0,072021161438972-7ddc,tenderNotice,Tender document,2021-09-30T10:13:07Z
0.releases.3602.tender.documents.3,0.releases.3602,0,082021105815199-7788,tenderNotice,Amended tender document,2021-09-30T10:13:07Z
0.releases.3602.tender.documents.4,0.releases.3602,0,082021105815221-7787,tenderNotice,Compiled technical specifications,2021-09-30T10:13:07Z
0.releases.3602.tender.documents.5,0.releases.3602,0,092021092125203-7ead,tenderNotice,Final amended Tender document,2021-09-30T10:13:07Z
0.releases.3602.tender.documents.6,0.releases.3602,0,092021092125226-7eac,tenderNotice,Specifications,2021-09-30T10:13:07Z
0.releases.3602.tender.documents.7,0.releases.3602,0,092021103709252-79b4,tenderNotice,Amended tender document to be considered during preparation of bids,2021-09-30T10:13:07Z
0.releases.3602.tender.documents.8,0.releases.3602,0,092021103709282-79b3,tenderNotice,Amended technical specifications  to be considered during preparation of bids,2021-09-30T10:13:07Z
0.releases.3602.tender.documents.9,0.releases.3602,0,092021103709287-79b2,tenderNotice,Drawings and BoQs,2021-09-30T10:13:07Z
0.releases.3602.tender.documents.10,0.releases.3602,0,092021103857016-79b1,tenderNotice,Amended TD,2021-09-30T10:13:07Z
0.releases.3602.tender.documents.11,0.releases.3602,0,092021103857042-79b0,tenderNotice,Amended Technical specifications,2021-09-30T10:13:07Z
0.releases.3602.tender.documents.12,0.releases.3602,0,092021103857064-79af,tenderNotice,Drawings and BoQs,2021-09-30T10:13:07Z
0.releases.3603.tender.documents.0,0.releases.3603,0,032021110914753-6a86,tenderNotice,Tender document,2021-05-17T10:38:17Z
0.releases.3603.tender.documents.1,0.releases.3603,0,042021083428472-7d89,tenderNotice,Amended tender document,2021-05-17T10:38:17Z
0.releases.3603.tender.documents.2,0.releases.3603,0,072021161438972-7ddc,tenderNotice,Tender document,2021-09-30T10:13:07Z
0.releases.3603.tender.documents.3,0.releases.3603,0,082021105815199-7788,tenderNotice,Amended tender document,2021-09-30T10:13:07Z
0.releases.3603.tender.documents.4,0.releases.3603,0,082021105815221-7787,tenderNotice,Compiled technical specifications,2021-09-30T10:13:07Z
0.releases.3603.tender.documents.5,0.releases.3603,0,092021092125203-7ead,tenderNotice,Final amended Tender document,2021-09-30T10:13:07Z
0.releases.3603.tender.documents.6,0.releases.3603,0,092021092125226-7eac,tenderNotice,Specifications,2021-09-30T10:13:07Z
0.releases.3603.tender.documents.7,0.releases.3603,0,092021103709252-79b4,tenderNotice,Amended tender document to be considered during preparation of bids,2021-09-30T10:13:07Z
0.releases.3603.tender.documents.8,0.releases.3603,0,092021103709282-79b3,tenderNotice,Amended technical specifications  to be considered during preparation of bids,2021-09-30T10:13:07Z
0.releases.3603.tender.documents.9,0.releases.3603,0,092021103709287-79b2,tenderNotice,Drawings and BoQs,2021-09-30T10:13:07Z
0.releases.3603.tender.documents.10,0.releases.3603,0,092021103857016-79b1,tenderNotice,Amended TD,2021-09-30T10:13:07Z
0.releases.3603.tender.documents.11,0.releases.3603,0,092021103857042-79b0,tenderNotice,Amended Technical specifications,2021-09-30T10:13:07Z
0.releases.3603.tender.documents.12,0.releases.3603,0,092021103857064-79af,tenderNotice,Drawings and BoQs,2021-09-30T10:13:07Z
0.releases.3604.tender.documents.0,0.releases.3604,0,112025112827017-7ea9,tenderNotice,Tender document,2025-12-12T15:19:15Z
0.releases.3604.tender.documents.1,0.releases.3604,0,112025112827021-7ea8,tenderNotice,Beneficial ownership disclosure form,2025-12-12T15:19:15Z
0.releases.3604.tender.documents.2,0.releases.3604,0,122025140304548-7fdb,tenderNotice,Amended tender document to consider,2025-12-12T15:19:15Z
0.releases.3607.tender.documents.0,0.releases.3607,0,012026093046377-5294,tenderNotice,RFP,2026-01-08T16:06:51Z
0.releases.3607.tender.documents.1,0.releases.3607,0,042025110258587-77a3,tenderNotice,ToR,2025-04-23T09:05:37Z
0.releases.3609.tender.documents.0,0.releases.3609,0,112023111145638-7ff1,tenderNotice,Tender Document,2023-12-07T18:29:01Z
0.releases.3609.tender.documents.1,0.releases.3609,0,122023104526253-7c76,tenderNotice,Tender Document amended,2023-12-07T18:29:01Z
0.releases.3611.tender.documents.0,0.releases.3611,0,082025152105196-7fcf,tenderNotice,BID DOCUMENT,2025-08-29T17:36:57Z
0.releases.3611.tender.documents.1,0.releases.3611,0,082025152105213-7fce,tenderNotice,Declaration of beneficial ownership letter (well filled and signed).,2025-08-29T17:36:57Z
0.releases.3613.tender.documents.0,0.releases.3613,0,122025145938558-7211,tenderNotice,TENDER DOCUMENT,2025-12-22T10:21:53Z
0.releases.3616.tender.documents.0,0.releases.3616,0,122025145037056-7d7b,tenderNotice,Beneficial Ownership  disclosure form,2025-12-30T18:14:49Z
0.releases.3616.tender.documents.1,0.releases.3616,0,122025145315998-7d79,tenderNotice,Tender document,2025-12-30T18:14:49Z
0.releases.3617.tender.documents.0,0.releases.3617,0,112025114135741-7c53,tenderNotice,STANDARD BIDDING DOCUMENT,2025-11-24T17:21:54Z
0.releases.3617.tender.documents.1,0.releases.3617,0,112025114135753-7c52,tenderNotice,BENEFICIAL OWNERSHIP DISCLOSURE,2025-11-24T17:21:54Z
0.releases.3622.tender.documents.0,0.releases.3622,0,122023083343242-7b4c,tenderNotice,DAO,2023-12-12T18:04:33Z
0.releases.3623.tender.documents.0,0.releases.3623,0,042024162407739-7ffc,tenderNotice,Request for proposal,2024-04-17T16:38:58Z
0.releases.3623.tender.documents.1,0.releases.3623,0,122023103024049-7c04,tenderNotice,Request for Expression of Interesit,2023-12-22T13:34:46Z
0.releases.3623.tender.documents.2,0.releases.3623,0,122023103024053-7c03,tenderNotice,Terms of reference,2023-12-22T13:34:46Z
0.releases.3624.tender.documents.0,0.releases.3624,0,042024162407739-7ffc,tenderNotice,Request for proposal,2024-04-17T16:38:58Z
0.releases.3624.tender.documents.1,0.releases.3624,0,122023103024049-7c04,tenderNotice,Request for Expression of Interesit,2023-12-22T13:34:46Z
0.releases.3624.tender.documents.2,0.releases.3624,0,122023103024053-7c03,tenderNotice,Terms of reference,2023-12-22T13:34:46Z
0.releases.3625.tender.documents.0,0.releases.3625,0,112025131036583-7ffb,tenderNotice,Tender document,2025-11-12T08:54:31Z
0.releases.3625.tender.documents.1,0.releases.3625,0,112025131036631-7ffa,tenderNotice,Declaration of Beneficial Ownership of the Company,2025-11-12T08:54:31Z
0.releases.3626.tender.documents.0,0.releases.3626,0,012026094023752-5293,tenderNotice,RFP,2026-01-08T16:07:16Z
0.releases.3626.tender.documents.1,0.releases.3626,0,052025170731230-7c4d,tenderNotice,Motif of amendment,2025-05-23T17:57:00Z
0.releases.3626.tender.documents.2,0.releases.3626,0,052025192205236-7ffe,tenderNotice,ToR,2025-05-23T17:57:00Z
0.releases.3627.tender.documents.0,0.releases.3627,0,122025130121994-7e2c,tenderNotice,TENDER DOCUMENT ,2025-12-12T09:53:28Z
0.releases.3627.tender.documents.1,0.releases.3627,0,122025130122000-7e2b,tenderNotice,BENEFICIAL OWNERSHIP D FORM,2025-12-12T09:53:28Z
0.releases.3628.tender.documents.0,0.releases.3628,0,112025123155474-7f54,tenderNotice,Bid Document-RFP,2025-11-26T17:39:57Z
0.releases.3629.tender.documents.0,0.releases.3629,0,102024110555090-7835,tenderNotice,Tender document,2024-11-04T11:32:48Z
0.releases.3630.tender.documents.0,0.releases.3630,0,102024110555090-7835,tenderNotice,Tender document,2024-11-04T11:32:48Z
0.releases.3634.tender.documents.0,0.releases.3634,0,122025145938558-7211,tenderNotice,TENDER DOCUMENT,2025-12-22T10:21:53Z
0.releases.3637.tender.documents.0,0.releases.3637,0,122025151045403-6950,tenderNotice,Beneficial Ownership Disclosure Form,2025-12-09T17:07:38Z
0.releases.3637.tender.documents.1,0.releases.3637,0,122025151640619-694f,tenderNotice,RFP,2025-12-09T17:07:38Z
0.releases.3637.tender.documents.2,0.releases.3637,0,102025120038869-7e98,tenderNotice,REOI,2025-10-14T10:11:39Z
0.releases.3639.tender.documents.0,0.releases.3639,0,112025114135741-7c53,tenderNotice,STANDARD BIDDING DOCUMENT,2025-11-24T17:21:54Z
0.releases.3639.tender.documents.1,0.releases.3639,0,112025114135753-7c52,tenderNotice,BENEFICIAL OWNERSHIP DISCLOSURE,2025-11-24T17:21:54Z
0.releases.3640.tender.documents.0,0.releases.3640,0,112025121434593-7f57,tenderNotice,Tender document,2025-11-25T14:33:51Z
0.releases.3640.tender.documents.1,0.releases.3640,0,112025121434605-7f56,tenderNotice,Signed technical specification,2025-11-25T14:33:51Z
0.releases.3640.tender.documents.2,0.releases.3640,0,112025121434613-7f55,tenderNotice,Beneficial ownership disclosure declaration,2025-11-25T14:33:51Z
0.releases.3641.tender.documents.0,0.releases.3641,0,102023230535523-7ef8,tenderNotice,DAO,2023-11-06T10:22:05Z
0.releases.3641.tender.documents.1,0.releases.3641,0,112023100425220-78fc,tenderNotice,DAO,2023-11-06T10:22:05Z
0.releases.3643.tender.documents.0,0.releases.3643,0,012026155821607-7c57,tenderNotice,Tender Document,2026-01-06T12:57:41Z
0.releases.3643.tender.documents.1,0.releases.3643,0,012026155821613-7c56,tenderNotice,Technical specifications ,2026-01-06T12:57:41Z
0.releases.3644.tender.documents.0,0.releases.3644,0,122025145037056-7d7b,tenderNotice,Beneficial Ownership  disclosure form,2025-12-30T18:14:49Z
0.releases.3644.tender.documents.1,0.releases.3644,0,122025145315998-7d79,tenderNotice,Tender document,2025-12-30T18:14:49Z
0.releases.3648.tender.documents.0,0.releases.3648,0,122025163014962-7d6e,tenderNotice,Be,2025-12-30T18:15:04Z
0.releases.3648.tender.documents.1,0.releases.3648,0,122025163533362-7d6c,tenderNotice,Tender document,2025-12-30T18:15:04Z
0.releases.3649.tender.documents.0,0.releases.3649,0,112025120608877-7c8d,tenderNotice,Amended Bidding Document,2025-11-07T13:58:42Z
0.releases.3649.tender.documents.1,0.releases.3649,0,112025143641326-7905,tenderNotice,Bidding Document,2025-11-07T13:58:42Z
0.releases.3649.tender.documents.2,0.releases.3649,0,112025143641840-7904,tenderNotice,Beneficial Ownership Disclosure Form,2025-11-07T13:58:42Z
0.releases.3650.tender.documents.0,0.releases.3650,0,092025102833215-7b56,tenderNotice,TENDER DOCUMENT,2025-09-18T11:51:23Z
0.releases.3651.tender.documents.0,0.releases.3651,0,102024163356307-7ee0,tenderNotice,Tender document,2024-10-16T16:40:42Z
0.releases.3652.tender.documents.0,0.releases.3652,0,102025103057697-7fe9,tenderNotice,Amended TD,2025-10-22T11:13:33Z
0.releases.3652.tender.documents.1,0.releases.3652,0,102025165020070-7fe9,tenderNotice,Tender document ,2025-10-22T11:13:33Z
0.releases.3652.tender.documents.2,0.releases.3652,0,102025165020079-7fe8,tenderNotice,Drawings 1,2025-10-22T11:13:33Z
0.releases.3652.tender.documents.3,0.releases.3652,0,102025165020087-7fe7,tenderNotice,Drawings 2 ,2025-10-22T11:13:33Z
0.releases.3653.tender.documents.0,0.releases.3653,0,102024134859504-6d5d,tenderNotice,Tender document,2024-10-16T16:41:00Z
0.releases.3654.tender.documents.0,0.releases.3654,0,102024134859504-6d5d,tenderNotice,Tender document,2024-10-16T16:41:00Z
0.releases.3658.tender.documents.0,0.releases.3658,0,062025171943122-7b2e,tenderNotice,RFP,2025-06-21T19:35:13Z
0.releases.3658.tender.documents.1,0.releases.3658,0,062025173546192-7b2c,tenderNotice,Beneficial Ownership Disclosure/Form,2025-06-21T19:35:13Z
0.releases.3660.tender.documents.0,0.releases.3660,0,122025130535631-6c76,tenderNotice,Tender Document,2025-12-19T13:22:12Z
0.releases.3660.tender.documents.1,0.releases.3660,0,102025155437111-7fa3,tenderNotice,Tender doc,2025-10-27T15:54:37Z
0.releases.3662.tender.documents.0,0.releases.3662,0,112024170142981-70b3,tenderNotice,Tender document ,2024-11-08T15:18:50Z
0.releases.3663.tender.documents.0,0.releases.3663,0,062025171943122-7b2e,tenderNotice,RFP,2025-06-21T19:35:13Z
0.releases.3663.tender.documents.1,0.releases.3663,0,062025173546192-7b2c,tenderNotice,Beneficial Ownership Disclosure/Form,2025-06-21T19:35:13Z
0.releases.3665.tender.documents.0,0.releases.3665,0,102025151431906-7fc2,tenderNotice,Tender Document,2025-10-15T11:44:29Z
0.releases.3666.tender.documents.0,0.releases.3666,0,122025101117303-7636,tenderNotice,Supply of Stationeries and cartridges,2025-12-09T10:55:43Z
0.releases.3669.tender.documents.0,0.releases.3669,0,092024120152978-7d6e,tenderNotice,TD,2024-10-02T17:11:18Z
0.releases.3669.tender.documents.1,0.releases.3669,0,102024113718841-7f4e,tenderNotice,TD Supply of Cement for MINEDUC Amended,2024-10-02T17:11:18Z
0.releases.3670.tender.documents.0,0.releases.3670,0,112025140723301-7fd5,tenderNotice,Beneficial ownership disclosure form,2025-11-19T15:42:02Z
0.releases.3670.tender.documents.1,0.releases.3670,0,112025140723314-7fd4,tenderNotice,Tender document,2025-11-19T15:42:02Z
0.releases.3674.tender.documents.0,0.releases.3674,0,062025201050217-7562,tenderNotice,Tender Document,2025-07-30T13:43:44Z
0.releases.3674.tender.documents.1,0.releases.3674,0,062025201518313-755f,tenderNotice,Drawings ,2025-07-30T13:43:44Z
0.releases.3674.tender.documents.2,0.releases.3674,0,062025201518329-755e,tenderNotice,Drawings,2025-07-30T13:43:44Z
0.releases.3674.tender.documents.3,0.releases.3674,0,062025201518343-755d,tenderNotice,Drawings,2025-07-30T13:43:44Z
0.releases.3674.tender.documents.4,0.releases.3674,0,072025065521034-7f47,tenderNotice,Revised drawings ,2025-07-30T13:43:44Z
0.releases.3674.tender.documents.5,0.releases.3674,0,072025065521051-7f46,tenderNotice,Revised drawings ,2025-07-30T13:43:44Z
0.releases.3674.tender.documents.6,0.releases.3674,0,072025065521065-7f45,tenderNotice,Motif of amendment,2025-07-30T13:43:44Z
0.releases.3674.tender.documents.7,0.releases.3674,0,072025110253861-7f58,tenderNotice,Second motif of amendment,2025-07-30T13:43:44Z
0.releases.3675.tender.documents.0,0.releases.3675,0,112025133009347-7043,tenderNotice,Tender document,2025-12-17T13:07:45Z
0.releases.3675.tender.documents.1,0.releases.3675,0,122025110624163-7355,tenderNotice,Tender document,2025-12-17T13:07:45Z
0.releases.3676.tender.documents.0,0.releases.3676,0,032023160345324-772a,tenderNotice,Terms of Reference,2023-03-27T18:21:18Z
0.releases.3676.tender.documents.1,0.releases.3676,0,052023164330384-5e3a,tenderNotice,RFP,2023-05-31T18:43:51Z
0.releases.3677.tender.documents.0,0.releases.3677,0,032023160345324-772a,tenderNotice,Terms of Reference,2023-03-27T18:21:18Z
0.releases.3677.tender.documents.1,0.releases.3677,0,052023164330384-5e3a,tenderNotice,RFP,2023-05-31T18:43:51Z
0.releases.3678.tender.documents.0,0.releases.3678,0,032023160345324-772a,tenderNotice,Terms of Reference,2023-03-27T18:21:18Z
0.releases.3678.tender.documents.1,0.releases.3678,0,052023164330384-5e3a,tenderNotice,RFP,2023-05-31T18:43:51Z
0.releases.3679.tender.documents.0,0.releases.3679,0,032023160345324-772a,tenderNotice,Terms of Reference,2023-03-27T18:21:18Z
0.releases.3679.tender.documents.1,0.releases.3679,0,052023164330384-5e3a,tenderNotice,RFP,2023-05-31T18:43:51Z
0.releases.3686.tender.documents.0,0.releases.3686,0,112025120608877-7c8d,tenderNotice,Amended Bidding Document,2025-11-07T13:58:42Z
0.releases.3686.tender.documents.1,0.releases.3686,0,112025143641326-7905,tenderNotice,Bidding Document,2025-11-07T13:58:42Z
0.releases.3686.tender.documents.2,0.releases.3686,0,112025143641840-7904,tenderNotice,Beneficial Ownership Disclosure Form,2025-11-07T13:58:42Z
0.releases.3687.tender.documents.0,0.releases.3687,0,122025130531794-7dbd,tenderNotice,RFP amended,2025-12-10T12:00:43Z
0.releases.3687.tender.documents.1,0.releases.3687,0,122025183716004-7e3e,tenderNotice,RFP,2025-12-10T12:00:43Z
0.releases.3689.tender.documents.0,0.releases.3689,0,122025130531794-7dbd,tenderNotice,RFP amended,2025-12-10T12:00:43Z
0.releases.3689.tender.documents.1,0.releases.3689,0,122025183716004-7e3e,tenderNotice,RFP,2025-12-10T12:00:43Z
0.releases.3690.tender.documents.0,0.releases.3690,0,012026155821607-7c57,tenderNotice,Tender Document,2026-01-06T12:57:41Z
0.releases.3690.tender.documents.1,0.releases.3690,0,012026155821613-7c56,tenderNotice,Technical specifications ,2026-01-06T12:57:41Z
0.releases.3694.tender.documents.0,0.releases.3694,0,102025151431906-7fc2,tenderNotice,Tender Document,2025-10-15T11:44:29Z
0.releases.3695.tender.documents.0,0.releases.3695,0,112025102111789-7fc9,tenderNotice,Tender document,2025-11-06T09:36:21Z
0.releases.3696.tender.documents.0,0.releases.3696,0,012026094023752-5293,tenderNotice,RFP,2026-01-08T16:07:16Z
0.releases.3696.tender.documents.1,0.releases.3696,0,052025170731230-7c4d,tenderNotice,Motif of amendment,2025-05-23T17:57:00Z
0.releases.3696.tender.documents.2,0.releases.3696,0,052025192205236-7ffe,tenderNotice,ToR,2025-05-23T17:57:00Z
0.releases.3700.tender.documents.0,0.releases.3700,0,122025153932979-6740,tenderNotice,Tender document for Conduct preventive and curative maintenance of non- medical equipment and spare parts,2025-12-24T16:08:07Z
0.releases.3700.tender.documents.1,0.releases.3700,0,122025153932985-673f,tenderNotice,Beneficial ownership closure form,2025-12-24T16:08:07Z
0.releases.3701.tender.documents.0,0.releases.3701,0,122025181644318-71fc,tenderNotice,Tender document.,2025-12-18T14:41:26Z
0.releases.3701.tender.documents.1,0.releases.3701,0,122025181644337-71fb,tenderNotice,Beneficial Ownership disclosure form,2025-12-18T14:41:26Z
0.releases.3704.tender.documents.0,0.releases.3704,0,112025121434593-7f57,tenderNotice,Tender document,2025-11-25T14:33:51Z
0.releases.3704.tender.documents.1,0.releases.3704,0,112025121434605-7f56,tenderNotice,Signed technical specification,2025-11-25T14:33:51Z
0.releases.3704.tender.documents.2,0.releases.3704,0,112025121434613-7f55,tenderNotice,Beneficial ownership disclosure declaration,2025-11-25T14:33:51Z
0.releases.3705.tender.documents.0,0.releases.3705,0,122025181644318-71fc,tenderNotice,Tender document.,2025-12-18T14:41:26Z
0.releases.3705.tender.documents.1,0.releases.3705,0,122025181644337-71fb,tenderNotice,Beneficial Ownership disclosure form,2025-12-18T14:41:26Z
0.releases.3706.tender.documents.0,0.releases.3706,0,122025173955774-7e94,tenderNotice,Tender document.,2025-12-21T13:39:14Z
0.releases.3706.tender.documents.1,0.releases.3706,0,122025173955779-7e93,tenderNotice,Beneficial Ownership disclosure form,2025-12-21T13:39:14Z
0.releases.3706.tender.documents.2,0.releases.3706,0,122025173955794-7e92,tenderNotice,A bid securing declaration form,2025-12-21T13:39:14Z
0.releases.3707.tender.documents.0,0.releases.3707,0,122025094449794-7da5,tenderNotice,Tender Document update,2025-12-31T08:55:48Z
0.releases.3707.tender.documents.1,0.releases.3707,0,122025101111972-6b34,tenderNotice,Amendment (Tender Document),2025-12-31T08:55:48Z
0.releases.3707.tender.documents.2,0.releases.3707,0,122025110623538-7eb8,tenderNotice,Tender Document,2025-12-31T08:55:48Z
0.releases.3708.tender.documents.0,0.releases.3708,0,122025174847961-66ba,tenderNotice,Tender document.,2025-12-25T11:59:55Z
0.releases.3708.tender.documents.1,0.releases.3708,0,122025174847969-66b9,tenderNotice,Beneficial Ownership disclosure form,2025-12-25T11:59:55Z
0.releases.3709.tender.documents.0,0.releases.3709,0,122025174847961-66ba,tenderNotice,Tender document.,2025-12-25T11:59:55Z
0.releases.3709.tender.documents.1,0.releases.3709,0,122025174847969-66b9,tenderNotice,Beneficial Ownership disclosure form,2025-12-25T11:59:55Z
0.releases.3710.tender.documents.0,0.releases.3710,0,122025173955774-7e94,tenderNotice,Tender document.,2025-12-21T13:39:14Z
0.releases.3710.tender.documents.1,0.releases.3710,0,122025173955779-7e93,tenderNotice,Beneficial Ownership disclosure form,2025-12-21T13:39:14Z
0.releases.3710.tender.documents.2,0.releases.3710,0,122025173955794-7e92,tenderNotice,A bid securing declaration form,2025-12-21T13:39:14Z
0.releases.3713.tender.documents.0,0.releases.3713,0,012026035141805-4c27,tenderNotice,Beneficial ownership declaration,2026-01-12T18:27:59Z
0.releases.3713.tender.documents.1,0.releases.3713,0,012026182043053-7af7,tenderNotice,TENDER DOCUMENT,2026-01-12T18:27:59Z
0.releases.3717.tender.documents.0,0.releases.3717,0,012026035141805-4c27,tenderNotice,Beneficial ownership declaration,2026-01-12T18:27:59Z
0.releases.3717.tender.documents.1,0.releases.3717,0,012026182043053-7af7,tenderNotice,TENDER DOCUMENT,2026-01-12T18:27:59Z
0.releases.3718.tender.documents.0,0.releases.3718,0,102025122429965-7ffd,tenderNotice,TD,2025-10-23T14:57:10Z
0.releases.3718.tender.documents.1,0.releases.3718,0,102025122429972-7ffc,tenderNotice,BODDF,2025-10-23T14:57:10Z
0.releases.3722.tender.documents.0,0.releases.3722,0,122025163850893-7a5b,tenderNotice,Beneficial Ownership declaration Form,2025-12-15T21:04:45Z
0.releases.3722.tender.documents.1,0.releases.3722,0,122025175748259-7a4d,tenderNotice,Tender document,2025-12-15T21:04:45Z
0.releases.3724.tender.documents.0,0.releases.3724,0,122023144843982-7d61,tenderNotice,"BD of Electrical, Electronics, Telecommunication and Biomedical",2023-12-01T17:36:59Z
0.releases.3724.tender.documents.1,0.releases.3724,0,122023144843988-7d60,tenderNotice,Beneficial owner ship form (complete it and upload),2023-12-01T17:36:59Z
0.releases.3725.tender.documents.0,0.releases.3725,0,122023103711247-7f83,tenderNotice,Provision of Printing Services and Promotional Materials,2023-12-22T11:48:09Z
0.releases.3726.tender.documents.0,0.releases.3726,0,122025130531794-7dbd,tenderNotice,RFP amended,2025-12-10T12:00:43Z
0.releases.3726.tender.documents.1,0.releases.3726,0,122025183716004-7e3e,tenderNotice,RFP,2025-12-10T12:00:43Z
0.releases.3732.tender.documents.0,0.releases.3732,0,082025134544851-7fcb,tenderNotice,BODDF,2025-08-22T15:41:39Z
0.releases.3732.tender.documents.1,0.releases.3732,0,082025143050199-7c95,tenderNotice,TD,2025-08-22T15:41:39Z
0.releases.3733.tender.documents.0,0.releases.3733,0,122025151025145-7e20,tenderNotice,REOI,2026-01-05T12:43:12Z
0.releases.3733.tender.documents.1,0.releases.3733,0,122025151025598-7e1f,tenderNotice, Beneficial ownership disclosure form.,2026-01-05T12:43:12Z
0.releases.3738.tender.documents.0,0.releases.3738,0,122025130121994-7e2c,tenderNotice,TENDER DOCUMENT ,2025-12-12T09:53:28Z
0.releases.3738.tender.documents.1,0.releases.3738,0,122025130122000-7e2b,tenderNotice,BENEFICIAL OWNERSHIP D FORM,2025-12-12T09:53:28Z
0.releases.3741.tender.documents.0,0.releases.3741,0,072025160514459-7a70,tenderNotice,TENDER DOCUMENT,2025-07-23T17:14:33Z
0.releases.3742.tender.documents.0,0.releases.3742,0,112023212242034-7dd3,tenderNotice,DAO,2023-12-07T22:11:14Z
0.releases.3742.tender.documents.1,0.releases.3742,0,122023192050153-4d94,tenderNotice,DAO,2023-12-07T22:11:14Z
0.releases.3743.tender.documents.0,0.releases.3743,0,082024123734944-7e00,tenderNotice,TENDER DOCUMENT,2024-08-28T23:14:35Z
0.releases.3743.tender.documents.1,0.releases.3743,0,082024123734974-7dff,tenderNotice,Beneficial ownership Disclosure,2024-08-28T23:14:35Z
0.releases.3744.tender.documents.0,0.releases.3744,0,112025145823277-7fc9,tenderNotice,DAO,2025-11-13T20:42:35Z
0.releases.3744.tender.documents.1,0.releases.3744,0,112025145823281-7fc8,tenderNotice,BENRFICIAL OWNERSHIP DISCLOSURE FORM,2025-11-13T20:42:35Z
0.releases.3747.tender.documents.0,0.releases.3747,0,112025151426788-7f3a,tenderNotice,AMENDED TENDER DOCUMENT,2025-12-01T10:01:34Z
0.releases.3747.tender.documents.1,0.releases.3747,0,112025155702954-7fc6,tenderNotice,BIDDING DOCUMENT,2025-12-01T10:01:34Z
0.releases.3747.tender.documents.2,0.releases.3747,0,122025092457341-7e78,tenderNotice,AMENDED TENDER DOCUMENT,2025-12-01T10:01:34Z
0.releases.3749.tender.documents.0,0.releases.3749,0,122025124743972-606e,tenderNotice,AMENDED TD-Management of NYANZA BUS PARK DEC 2025,2025-12-30T10:36:38Z
0.releases.3749.tender.documents.1,0.releases.3749,0,122025172953286-740b,tenderNotice,TD-Management of Nyanza Bus Park DECEMBER 2025,2025-12-30T10:36:38Z
0.releases.3750.tender.documents.0,0.releases.3750,0,102024134859504-6d5d,tenderNotice,Tender document,2024-10-16T16:41:00Z
0.releases.3751.tender.documents.0,0.releases.3751,0,102024163356307-7ee0,tenderNotice,Tender document,2024-10-16T16:40:42Z
0.releases.3752.tender.documents.0,0.releases.3752,0,092025183055144-763e,tenderNotice,TENDER DOCUMENT,2025-10-10T12:44:21Z
0.releases.3752.tender.documents.1,0.releases.3752,0,102025122118957-7fe2,tenderNotice,TENDER DOCUMENT MODIFIED ,2025-10-10T12:44:21Z
0.releases.3753.tender.documents.0,0.releases.3753,0,012026183021831-7bf2,tenderNotice,TENDER DOCUMENT ,2026-01-08T14:36:37Z
0.releases.3753.tender.documents.1,0.releases.3753,0,012026183021853-7bf1,tenderNotice,Well filled beneficial ownership declaration form ,2026-01-08T14:36:37Z
0.releases.3754.tender.documents.0,0.releases.3754,0,122025110237478-7d49,tenderNotice,TD in English,2025-12-30T14:04:39Z
0.releases.3754.tender.documents.1,0.releases.3754,0,122025110237482-7d48,tenderNotice,DAO in French,2025-12-30T14:04:39Z
0.releases.3755.tender.documents.0,0.releases.3755,0,052022172331571-7f8a,tenderNotice,Tender document,2022-05-17T18:23:10Z
0.releases.3758.tender.documents.0,0.releases.3758,0,112023212242034-7dd3,tenderNotice,DAO,2023-12-07T22:11:14Z
0.releases.3758.tender.documents.1,0.releases.3758,0,122023192050153-4d94,tenderNotice,DAO,2023-12-07T22:11:14Z
0.releases.3759.tender.documents.0,0.releases.3759,0,122025163850893-7a5b,tenderNotice,Beneficial Ownership declaration Form,2025-12-15T21:04:45Z
0.releases.3759.tender.documents.1,0.releases.3759,0,122025175748259-7a4d,tenderNotice,Tender document,2025-12-15T21:04:45Z
0.releases.3760.tender.documents.0,0.releases.3760,0,122025110237478-7d49,tenderNotice,TD in English,2025-12-30T14:04:39Z
0.releases.3760.tender.documents.1,0.releases.3760,0,122025110237482-7d48,tenderNotice,DAO in French,2025-12-30T14:04:39Z
