_link,_link_releases,_link_main,id,title,description,status,value_amount,value_currency,submissionTerms_electronicSubmissionPolicy
0.releases.1.tender.lots.0,0.releases.1,0,1,LOCATION CANTINE,LOCATION CANTINE,active,300000,RWF,allowed
0.releases.2.tender.lots.0,0.releases.2,0,1,Refreshment of hospital staff and visitors,Refreshment of hospital staff and visitors,active,8400000,RWF,allowed
0.releases.3.tender.lots.0,0.releases.3,0,1,Re-Advertising of Cleaning services,Cleaning services,active,129000000,RWF,allowed
0.releases.4.tender.lots.0,0.releases.4,0,1,LotNo1,,active,,,allowed
0.releases.5.tender.lots.0,0.releases.5,0,1,LotNo1,,active,,,allowed
0.releases.5.tender.lots.1,0.releases.5,0,1,Hiring a Consultancy firm for preparation of Resettlement Action Plan (RAP) report for Bugarama marshland,RAP Bugarama marshland,active,27900000,RWF,allowed
0.releases.6.tender.lots.0,0.releases.6,0,1,LotNo1,,active,,,allowed
0.releases.6.tender.lots.1,0.releases.6,0,1,Hiring a Consultancy firm for preparation of Resettlement Action Plan (RAP) report for Bugarama marshland,RAP Bugarama marshland,active,27900000,RWF,allowed
0.releases.7.tender.lots.0,0.releases.7,0,1,Rehabilitation works for Muvumba 8 (1500ha),Rehabilitation works for Muvumba 8 (1500ha),active,3105371162,RWF,allowed
0.releases.9.tender.lots.0,0.releases.9,0,1,LotNo1,,active,,,allowed
0.releases.9.tender.lots.1,0.releases.9,0,1,"Hiring consulting firm to conduct feasibility studies for the development of a Tannery Park Special Economic Zone, including an Environmental Impact Assessment and engineering designs for the SEZ.","Hiring consulting firm to conduct feasibility studies for the development of a Tannery Park Special Economic Zone, including an Environmental Impact Assessment and engineering designs for the SEZ",active,480700500,RWF,allowed
0.releases.10.tender.lots.0,0.releases.10,0,1,LotNo1,,active,,,allowed
0.releases.10.tender.lots.1,0.releases.10,0,1,"Hiring consulting firm to conduct feasibility studies for the development of a Tannery Park Special Economic Zone, including an Environmental Impact Assessment and engineering designs for the SEZ.","Hiring consulting firm to conduct feasibility studies for the development of a Tannery Park Special Economic Zone, including an Environmental Impact Assessment and engineering designs for the SEZ",active,480700500,RWF,allowed
0.releases.11.tender.lots.0,0.releases.11,0,1,LotNo1,,active,,,allowed
0.releases.12.tender.lots.0,0.releases.12,0,1,LotNo1,,active,,,allowed
0.releases.14.tender.lots.0,0.releases.14,0,1,Rehabilitation of Teachers Hostel,Rehabilitation of Teachers Hostel,active,26310540,RWF,allowed
0.releases.14.tender.lots.1,0.releases.14,0,1,Rehabilitation of Teachers Hostel,Rehabilitation of Teachers Hostel,active,26310540,RWF,allowed
0.releases.15.tender.lots.0,0.releases.15,0,1,"Provision of Sports and Recreational Facilities for RFI Staff: Access to Gym, Aerobics, Sauna, and Swimming","Provision of Sports and Recreational Facilities for RFI Staff: Access to Gym, Aerobics, Sauna, and Swimming",active,12000000,RWF,allowed
0.releases.17.tender.lots.0,0.releases.17,0,1,"Provision of Sports and Recreational Facilities for RFI Staff: Access to Gym, Aerobics, Sauna, and Swimming","Provision of Sports and Recreational Facilities for RFI Staff: Access to Gym, Aerobics, Sauna, and Swimming",active,12000000,RWF,allowed
0.releases.18.tender.lots.0,0.releases.18,0,1,"Tender for conception, design and printing of documents and other material for MINUBUMWE 's events( Certificates,  Umbrellas , pull-up banners, branded t-shirts,….","Tender for conception, design and printing of documents and other material for MINUBUMWE 's events( Certificates,  Umbrellas , pull-up banners, branded t-shirts,….",active,200000000,RWF,allowed
0.releases.19.tender.lots.0,0.releases.19,0,1,"Provision of Sports and Recreational Facilities for RFI Staff: Access to Gym, Aerobics, Sauna, and Swimming","Provision of Sports and Recreational Facilities for RFI Staff: Access to Gym, Aerobics, Sauna, and Swimming",active,12000000,RWF,allowed
0.releases.20.tender.lots.0,0.releases.20,0,1,"Provision of Sports and Recreational Facilities for RFI Staff: Access to Gym, Aerobics, Sauna, and Swimming","Provision of Sports and Recreational Facilities for RFI Staff: Access to Gym, Aerobics, Sauna, and Swimming",active,12000000,RWF,allowed
0.releases.21.tender.lots.0,0.releases.21,0,1,UPPLY OF FUEL FOR FPU TRAINING,,active,2190916945,RWF,allowed
0.releases.23.tender.lots.0,0.releases.23,0,1,"SUPPLY OF SPORT WEAR FOR POLICE ATHLETICS, KARATE AND TAEKWONDO CLUBS",,active,60030000,RWF,allowed
0.releases.25.tender.lots.0,0.releases.25,0,1,Management of Gicumbi District slaughter located in Byumba sector ,Management of Gicumbi District slaughter located in Byumba sector per month,active,1,RWF,allowed
0.releases.26.tender.lots.0,0.releases.26,0,1,Hire a company to provide TV weather presenters outfit,Hire a company to provide TV weather presenters outfit,active,25600000,RWF,allowed
0.releases.27.tender.lots.0,0.releases.27,0,1,Hire a company to provide TV weather presenters outfit,Hire a company to provide TV weather presenters outfit,active,25600000,RWF,allowed
0.releases.32.tender.lots.0,0.releases.32,0,1,LotNo1,,active,,,allowed
0.releases.32.tender.lots.1,0.releases.32,0,1,Consultancy Services to provide Contract Management and Construction Supervision for the Gatenga Informal Settlements Upgrading Works,Consultancy Services to provide Contract Management and Construction Supervision for the Gatenga Informal Settlements Upgrading Works,active,1940000000,RWF,allowed
0.releases.33.tender.lots.0,0.releases.33,0,1,LotNo1,,active,,,allowed
0.releases.33.tender.lots.1,0.releases.33,0,1,Consultancy Services to provide Contract Management and Construction Supervision for the Gatenga Informal Settlements Upgrading Works,Consultancy Services to provide Contract Management and Construction Supervision for the Gatenga Informal Settlements Upgrading Works,active,1940000000,RWF,allowed
0.releases.34.tender.lots.0,0.releases.34,0,1,LotNo1,,active,,,allowed
0.releases.34.tender.lots.1,0.releases.34,0,1,TA for consultancy services for storm-water management master plan  in the COK,TA for consultancy services for storm-water management master plan  in the COK,active,1000000000,RWF,allowed
0.releases.35.tender.lots.0,0.releases.35,0,1,LotNo1,,active,,,allowed
0.releases.35.tender.lots.1,0.releases.35,0,1,TA for consultancy services for storm-water management master plan  in the COK,TA for consultancy services for storm-water management master plan  in the COK,active,1000000000,RWF,allowed
0.releases.36.tender.lots.0,0.releases.36,0,1,Periodic maintenance of roads in NYAMAGABE DISTRICT,Periodic maintenance of roads in NYAMAGABE DISTRICT,active,50677101,RWF,allowed
0.releases.37.tender.lots.0,0.releases.37,0,1,Supply of laboratory gases on a framework contract,,active,8000000,RWF,allowed
0.releases.37.tender.lots.1,0.releases.37,0,2,Supply of laboratory gases on a framework contract,,active,10000000,RWF,allowed
0.releases.38.tender.lots.0,0.releases.38,0,1,Supply of laboratory gases on a framework contract,,active,8000000,RWF,allowed
0.releases.38.tender.lots.1,0.releases.38,0,2,Supply of laboratory gases on a framework contract,,active,10000000,RWF,allowed
0.releases.39.tender.lots.0,0.releases.39,0,1,Maintenance and repair of assets at Nyamagabe Rehabilitation Center,Maintenance and repair of assets at Nyamagabe Rehabilitation Center,active,8502840,RWF,allowed
0.releases.40.tender.lots.0,0.releases.40,0,1,Tender For Cleaning Services of Public Places In Byimana and Mbuye Sectors,Tender For Cleaning Services of Public Places In Byimana and Mbuye Sectors,active,10000000,RWF,allowed
0.releases.41.tender.lots.0,0.releases.41,0,1,Sport services,Sport services,active,20000000,RWF,allowed
0.releases.42.tender.lots.0,0.releases.42,0,1,"Operationalization of Home Based ECD(HBECD)/porridge for 251HBECD (Gasab0:187, Kicukiro:19; Nyarugenge:45)",,active,108432000,RWF,allowed
0.releases.43.tender.lots.0,0.releases.43,0,1,Supply of chalk in all districts on framework contract,,active,1081046213,RWF,allowed
0.releases.44.tender.lots.0,0.releases.44,0,1,LotNo1,,active,,,allowed
0.releases.44.tender.lots.1,0.releases.44,0,1,TA for consultancy services for storm-water management master plan  in the COK,TA for consultancy services for storm-water management master plan  in the COK,active,1000000000,RWF,allowed
0.releases.45.tender.lots.0,0.releases.45,0,1,LotNo1,,active,,,allowed
0.releases.45.tender.lots.1,0.releases.45,0,1,TA for consultancy services for storm-water management master plan  in the COK,TA for consultancy services for storm-water management master plan  in the COK,active,1000000000,RWF,allowed
0.releases.46.tender.lots.0,0.releases.46,0,1,LotNo1,,active,,,allowed
0.releases.46.tender.lots.1,0.releases.46,0,1,Consultancy Services to provide Contract Management and Construction Supervision for the Gatenga Informal Settlements Upgrading Works,Consultancy Services to provide Contract Management and Construction Supervision for the Gatenga Informal Settlements Upgrading Works,active,1940000000,RWF,allowed
0.releases.47.tender.lots.0,0.releases.47,0,1,LotNo1,,active,,,allowed
0.releases.47.tender.lots.1,0.releases.47,0,1,Consultancy Services to provide Contract Management and Construction Supervision for the Gatenga Informal Settlements Upgrading Works,Consultancy Services to provide Contract Management and Construction Supervision for the Gatenga Informal Settlements Upgrading Works,active,1940000000,RWF,allowed
0.releases.48.tender.lots.0,0.releases.48,0,1,SPORT SHOES,,active,16000000,RWF,allowed
0.releases.48.tender.lots.1,0.releases.48,0,2,"SPORT WEARS FOR FOOTBALL, HANDBALL, VOLLEYBALL AND BASKETBALL",,active,16000000,RWF,allowed
0.releases.48.tender.lots.2,0.releases.48,0,3,OTHER SPORT EQUIPMENT,,active,18000000,RWF,allowed
0.releases.50.tender.lots.0,0.releases.50,0,1, supply of office furniture,,active,100000000,RWF,allowed
0.releases.52.tender.lots.0,0.releases.52,0,1,Equipping RMF meeting rooms,,active,6000000,RWF,allowed
0.releases.54.tender.lots.0,0.releases.54,0,1,Maintenance and/or Repairs of Kigeme Hospital Buildings,Maintenance and/or Repairs of Kigeme Hospital Buildings,active,25000000,RWF,allowed
0.releases.56.tender.lots.0,0.releases.56,0,1,Supply of Vehicle Tyres,,active,16730000,RWF,allowed
0.releases.57.tender.lots.0,0.releases.57,0,1,Conducting a full feasibility study of bridges in Rulindo District,Conducting a full feasibility study of bridges in Rulindo District,active,30000000,RWF,allowed
0.releases.58.tender.lots.0,0.releases.58,0,1,Conducting a full feasibility study of bridges in Rulindo District,Conducting a full feasibility study of bridges in Rulindo District,active,30000000,RWF,allowed
0.releases.59.tender.lots.0,0.releases.59,0,1,Conducting a full feasibility study of bridges in Rulindo District,Conducting a full feasibility study of bridges in Rulindo District,active,30000000,RWF,allowed
0.releases.61.tender.lots.0,0.releases.61,0,1,Conducting a full feasibility study of bridges in Rulindo District,Conducting a full feasibility study of bridges in Rulindo District,active,30000000,RWF,allowed
0.releases.63.tender.lots.0,0.releases.63,0,1,Supply of tyres for Kigeme District Hospital's motor vehicles,,active,12000000,RWF,allowed
0.releases.64.tender.lots.0,0.releases.64,0,1,Maintenance and/or Repairs of Kigeme Hospital Buildings,Maintenance and/or Repairs of Kigeme Hospital Buildings,active,25000000,RWF,allowed
0.releases.65.tender.lots.0,0.releases.65,0,1,"Provision of Sports and Recreational Facilities for RFI Staff: Access to Gym, Aerobics, Sauna, and Swimming","Provision of Sports and Recreational Facilities for RFI Staff: Access to Gym, Aerobics, Sauna, and Swimming",active,12000000,RWF,allowed
0.releases.66.tender.lots.0,0.releases.66,0,1,Supply of Drugs& Medical Consumables,,active,12000000,RWF,allowed
0.releases.66.tender.lots.1,0.releases.66,0,2,Supply of Laboratory Reagents & Consumables,,active,6000000,RWF,allowed
0.releases.66.tender.lots.2,0.releases.66,0,3,Supply of Dental Consumables,,active,6000000,RWF,allowed
0.releases.67.tender.lots.0,0.releases.67,0,1,Construction of Ambulance Parking Facility and Electrical Utility Building,Construction of Ambulance Parking Facility and Electrical Utility Building,active,4000000,RWF,allowed
0.releases.68.tender.lots.0,0.releases.68,0,1,Pay the hardware materials supplied for electricity maintenance,,active,5000000,RWF,allowed
0.releases.69.tender.lots.0,0.releases.69,0,1,Providing codification of MINUBUMWE Assets,Providing codification of MINUBUMWE Assets,active,10000000,RWF,allowed
0.releases.70.tender.lots.0,0.releases.70,0,1,"Tender for conception, design and printing of documents and other material for MINUBUMWE 's events( Certificates,  Umbrellas , pull-up banners, branded t-shirts,….","Tender for conception, design and printing of documents and other material for MINUBUMWE 's events( Certificates,  Umbrellas , pull-up banners, branded t-shirts,….",active,200000000,RWF,allowed
0.releases.71.tender.lots.0,0.releases.71,0,1,"Tender for decoration, Flags, and Supply of Banners in event of Gisagara District ( Framework Contract)",Decoration,active,15000000,RWF,allowed
0.releases.72.tender.lots.0,0.releases.72,0,1,"Tender for conception, design and printing of documents and other material for MINUBUMWE 's events( Certificates,  Umbrellas , pull-up banners, branded t-shirts,….","Tender for conception, design and printing of documents and other material for MINUBUMWE 's events( Certificates,  Umbrellas , pull-up banners, branded t-shirts,….",active,200000000,RWF,allowed
0.releases.73.tender.lots.0,0.releases.73,0,1,"Tender for conception, design and printing of documents and other material for MINUBUMWE 's events( Certificates,  Umbrellas , pull-up banners, branded t-shirts,….","Tender for conception, design and printing of documents and other material for MINUBUMWE 's events( Certificates,  Umbrellas , pull-up banners, branded t-shirts,….",active,200000000,RWF,allowed
0.releases.74.tender.lots.0,0.releases.74,0,1,"Tender for conception, design and printing of documents and other material for MINUBUMWE 's events( Certificates,  Umbrellas , pull-up banners, branded t-shirts,….","Tender for conception, design and printing of documents and other material for MINUBUMWE 's events( Certificates,  Umbrellas , pull-up banners, branded t-shirts,….",active,200000000,RWF,allowed
0.releases.75.tender.lots.0,0.releases.75,0,1,"Tender for conception, design and printing of documents and other material for MINUBUMWE 's events( Certificates,  Umbrellas , pull-up banners, branded t-shirts,….","Tender for conception, design and printing of documents and other material for MINUBUMWE 's events( Certificates,  Umbrellas , pull-up banners, branded t-shirts,….",active,200000000,RWF,allowed
0.releases.76.tender.lots.0,0.releases.76,0,1,"Tender for conception, design and printing of documents and other material for MINUBUMWE 's events( Certificates,  Umbrellas , pull-up banners, branded t-shirts,….","Tender for conception, design and printing of documents and other material for MINUBUMWE 's events( Certificates,  Umbrellas , pull-up banners, branded t-shirts,….",active,200000000,RWF,allowed
0.releases.77.tender.lots.0,0.releases.77,0,1,Purchase and supply of Productive asset transfer for vulnerable households,,active,80000000,RWF,allowed
0.releases.78.tender.lots.0,0.releases.78,0,1,Purchase and supply of Productive asset transfer for vulnerable households,,active,80000000,RWF,allowed
0.releases.79.tender.lots.0,0.releases.79,0,1,Provision of Two and three STAR hotel services on annual basis,HOTEL,active,100000000,RWF,allowed
0.releases.80.tender.lots.0,0.releases.80,0,1,Annual provisions of sports services,,active,32000000,RWF,allowed
0.releases.81.tender.lots.0,0.releases.81,0,1,Annual provisions of sports services,,active,32000000,RWF,allowed
0.releases.82.tender.lots.0,0.releases.82,0,1,Annual provisions of sports services,,active,32000000,RWF,allowed
0.releases.83.tender.lots.0,0.releases.83,0,1,"Tender for decoration, Flags, and Supply of Banners in event of Gisagara District ( Framework Contract)",Decoration,active,15000000,RWF,allowed
0.releases.84.tender.lots.0,0.releases.84,0,1,REHABILITATION OF GATONDE HC-KAMONYI-NYUNDO-RUREMBO-GATABA-KIBAYA-MASHYA AND BITOVU-MURAMBI-RUHANGO-NYANGE ROADS PHASE I,REHABILITATION OF GATONDE HC-KAMONYI-NYUNDO-RUREMBO-GATABA-KIBAYA-MASHYA AND BITOVU-MURAMBI-RUHANGO-NYANGE ROADS PHASE I,active,1974717026,RWF,allowed
0.releases.85.tender.lots.0,0.releases.85,0,1,Provision of Insurance services cover for Administration Office Complex Building( AOC),Provision of Insurance services cover for Administration Office Complex Building( AOC),active,60000000,RWF,allowed
0.releases.87.tender.lots.0,0.releases.87,0,1,"Service of gym, swimming, sauna, massage, playground and related sports facilities within the city of kigali",sport facilities,active,5000000,RWF,allowed
0.releases.88.tender.lots.0,0.releases.88,0,1,LotNo1,,active,,,allowed
0.releases.88.tender.lots.1,0.releases.88,0,1,"Hiring consulting firm to conduct feasibility studies for the development of a Tannery Park Special Economic Zone, including an Environmental Impact Assessment and engineering designs for the SEZ.","Hiring consulting firm to conduct feasibility studies for the development of a Tannery Park Special Economic Zone, including an Environmental Impact Assessment and engineering designs for the SEZ",active,480700500,RWF,allowed
0.releases.89.tender.lots.0,0.releases.89,0,1,LotNo1,,active,,,allowed
0.releases.89.tender.lots.1,0.releases.89,0,1,"Hiring consulting firm to conduct feasibility studies for the development of a Tannery Park Special Economic Zone, including an Environmental Impact Assessment and engineering designs for the SEZ.","Hiring consulting firm to conduct feasibility studies for the development of a Tannery Park Special Economic Zone, including an Environmental Impact Assessment and engineering designs for the SEZ",active,480700500,RWF,allowed
0.releases.90.tender.lots.0,0.releases.90,0,3,Supply of Cleaning& Hygiene materials ( LOT 3),,active,68094208,RWF,allowed
0.releases.90.tender.lots.1,0.releases.90,0,1,Supply of Cleaning& Hygiene materials (LOT 1),,active,30000000,RWF,allowed
0.releases.90.tender.lots.2,0.releases.90,0,2,Supply of Cleaning& Hygiene materials ( LOT 2),,active,90000000,RWF,allowed
0.releases.90.tender.lots.3,0.releases.90,0,3,Supply of Cleaning& Hygiene materials ( LOT 3),,active,68094208,RWF,allowed
0.releases.91.tender.lots.0,0.releases.91,0,1,"Provision of Sports and Recreational Facilities for RFI Staff: Access to Gym, Aerobics, Sauna, and Swimming","Provision of Sports and Recreational Facilities for RFI Staff: Access to Gym, Aerobics, Sauna, and Swimming",active,12000000,RWF,allowed
0.releases.92.tender.lots.0,0.releases.92,0,1,LotNo1,,active,,,allowed
0.releases.92.tender.lots.1,0.releases.92,0,1,"Consultancy Services to provide Design Review, Contract Management and Construction Supervision for the 6 Flood Risk Hotspots Rehabilitation Works","Consultancy Services to provide Design Review, Contract Management and Construction Supervision for the 6 Flood Risk Hotspots Rehabilitation Works",active,1200000000,RWF,allowed
0.releases.93.tender.lots.0,0.releases.93,0,1,LotNo1,,active,,,allowed
0.releases.93.tender.lots.1,0.releases.93,0,1,"Consultancy Services to provide Design Review, Contract Management and Construction Supervision for the 6 Flood Risk Hotspots Rehabilitation Works","Consultancy Services to provide Design Review, Contract Management and Construction Supervision for the 6 Flood Risk Hotspots Rehabilitation Works",active,1200000000,RWF,allowed
0.releases.96.tender.lots.0,0.releases.96,0,1,LotNo1,,active,,,allowed
0.releases.96.tender.lots.1,0.releases.96,0,1,"Consultancy Services to provide Design Review, Contract Management and Construction Supervision for the 6 Flood Risk Hotspots Rehabilitation Works","Consultancy Services to provide Design Review, Contract Management and Construction Supervision for the 6 Flood Risk Hotspots Rehabilitation Works",active,1200000000,RWF,allowed
0.releases.97.tender.lots.0,0.releases.97,0,1,LotNo1,,active,,,allowed
0.releases.97.tender.lots.1,0.releases.97,0,1,"Consultancy Services to provide Design Review, Contract Management and Construction Supervision for the 6 Flood Risk Hotspots Rehabilitation Works","Consultancy Services to provide Design Review, Contract Management and Construction Supervision for the 6 Flood Risk Hotspots Rehabilitation Works",active,1200000000,RWF,allowed
0.releases.98.tender.lots.0,0.releases.98,0,1,TENDER OF  FRAMEWORK AGREEMENT FOR  SUPPLY  FUEL ,,active,72000000,RWF,allowed
0.releases.99.tender.lots.0,0.releases.99,0,1,Providing codification of MINUBUMWE Assets,Providing codification of MINUBUMWE Assets,active,10000000,RWF,allowed
0.releases.100.tender.lots.0,0.releases.100,0,1,Supply of office furniture,,active,55000000,RWF,allowed
0.releases.101.tender.lots.0,0.releases.101,0,1,Tender of purchase Mineral water for staff and others,,active,12456,RWF,allowed
0.releases.103.tender.lots.0,0.releases.103,0,1,Supply and installation of air conditioners,,active,6200000,RWF,allowed
0.releases.105.tender.lots.0,0.releases.105,0,1,Tender for maintenance of waste water treatment plant in Gacuriro real estate and IDP models,Tender for maintenance of waste water treatment plant in Gacuriro real estate and IDP models,active,153000000,RWF,allowed
0.releases.106.tender.lots.0,0.releases.106,0,1,Transport services for civil servants across the country,LOT 1,active,20000000,RWF,allowed
0.releases.106.tender.lots.1,0.releases.106,0,2,Transport services for civil servants across the country,LOT 2,active,30000000,RWF,allowed
0.releases.106.tender.lots.2,0.releases.106,0,3,Transport services for civil servants across the country,LOT 3,active,50000000,RWF,allowed
0.releases.108.tender.lots.0,0.releases.108,0,1,Supply and installation of air conditioners,,active,6200000,RWF,allowed
0.releases.109.tender.lots.0,0.releases.109,0,1,Supply of stationary,,active,8445000,RWF,allowed
0.releases.112.tender.lots.0,0.releases.112,0,1,cleaning & gardening services at RBA headquarters,Head quarters kacyiru,active,44518800,RWF,allowed
0.releases.112.tender.lots.1,0.releases.112,0,2,"cleaning services at RBA transmission sites (17 site), community Radios (5) and Regional information centers (2)","Upcountry radios, offices & transmission sites",active,35000000,RWF,allowed
0.releases.113.tender.lots.0,0.releases.113,0,1,"Supply, installation and Commissioning Microwave Plasma Atomic Emission    Spectrometer MPAES and its accessories",,active,200000000,RWF,allowed
0.releases.114.tender.lots.0,0.releases.114,0,1,Tailoring consumables for Musanze cf,,active,8606800,RWF,allowed
0.releases.114.tender.lots.1,0.releases.114,0,2,Hairdressing consumable for Musanze cf,,active,10630500,RWF,allowed
0.releases.114.tender.lots.2,0.releases.114,0,3,Construction consumables for Ngoma cf,,active,12036700,RWF,allowed
0.releases.114.tender.lots.3,0.releases.114,0,4,construction consumables for Nyagatare cf,,active,7616000,RWF,allowed
0.releases.114.tender.lots.4,0.releases.114,0,5,Hairdressing consumables for Nyagatare cf,,active,5600900,RWF,allowed
0.releases.114.tender.lots.5,0.releases.114,0,6,Tailoring consumables for Ngoma cf,,active,5213400,RWF,allowed
0.releases.114.tender.lots.6,0.releases.114,0,7,Veterenary consumables for Nyamagabe cf ,,active,6482000,RWF,allowed
0.releases.114.tender.lots.7,0.releases.114,0,8,Tailoring consumables for Rusizi cf,,active,3712500,RWF,allowed
0.releases.114.tender.lots.8,0.releases.114,0,9,Construction consumables for Gicumbi cf,,active,7709800,RWF,allowed
0.releases.114.tender.lots.9,0.releases.114,0,10,Agriculture consumables for Nyamagabe cf,,active,4740000,RWF,allowed
0.releases.114.tender.lots.10,0.releases.114,0,11,Welding consumables for Muhanaga cf,,active,15360800,RWF,allowed
0.releases.114.tender.lots.11,0.releases.114,0,12,Construction consumables for Muhanga cf,,active,7576600,RWF,allowed
0.releases.114.tender.lots.12,0.releases.114,0,13,Tailoring consumables for Nyagatare cf,,active,5213400,RWF,allowed
0.releases.114.tender.lots.13,0.releases.114,0,14,Welding consumables for Nyagatare cf,,active,6547800,RWF,allowed
0.releases.114.tender.lots.14,0.releases.114,0,15,Crpentery consumables for  Nyagatare cf ,,active,1675000,RWF,allowed
0.releases.115.tender.lots.0,0.releases.115,0,1,Tailoring consumables for Musanze cf,,active,8606800,RWF,allowed
0.releases.115.tender.lots.1,0.releases.115,0,2,Hairdressing consumable for Musanze cf,,active,10630500,RWF,allowed
0.releases.115.tender.lots.2,0.releases.115,0,3,Construction consumables for Ngoma cf,,active,12036700,RWF,allowed
0.releases.115.tender.lots.3,0.releases.115,0,4,construction consumables for Nyagatare cf,,active,7616000,RWF,allowed
0.releases.115.tender.lots.4,0.releases.115,0,5,Hairdressing consumables for Nyagatare cf,,active,5600900,RWF,allowed
0.releases.115.tender.lots.5,0.releases.115,0,6,Tailoring consumables for Ngoma cf,,active,5213400,RWF,allowed
0.releases.115.tender.lots.6,0.releases.115,0,7,Veterenary consumables for Nyamagabe cf ,,active,6482000,RWF,allowed
0.releases.115.tender.lots.7,0.releases.115,0,8,Tailoring consumables for Rusizi cf,,active,3712500,RWF,allowed
0.releases.115.tender.lots.8,0.releases.115,0,9,Construction consumables for Gicumbi cf,,active,7709800,RWF,allowed
0.releases.115.tender.lots.9,0.releases.115,0,10,Agriculture consumables for Nyamagabe cf,,active,4740000,RWF,allowed
0.releases.115.tender.lots.10,0.releases.115,0,11,Welding consumables for Muhanaga cf,,active,15360800,RWF,allowed
0.releases.115.tender.lots.11,0.releases.115,0,12,Construction consumables for Muhanga cf,,active,7576600,RWF,allowed
0.releases.115.tender.lots.12,0.releases.115,0,13,Tailoring consumables for Nyagatare cf,,active,5213400,RWF,allowed
0.releases.115.tender.lots.13,0.releases.115,0,14,Welding consumables for Nyagatare cf,,active,6547800,RWF,allowed
0.releases.115.tender.lots.14,0.releases.115,0,15,Crpentery consumables for  Nyagatare cf ,,active,1675000,RWF,allowed
0.releases.116.tender.lots.0,0.releases.116,0,1,Acquisition of Protocol staff clothes,,active,25000000,RWF,allowed
0.releases.117.tender.lots.0,0.releases.117,0,1,Supply of stationeries and other supplies in Nyamasheke District,,active,24000000,RWF,allowed
0.releases.118.tender.lots.0,0.releases.118,0,1,LotNo1,,active,,,allowed
0.releases.120.tender.lots.0,0.releases.120,0,1,Supervision of proposed beautifications at Amahoro Stadium,Supervision of proposed beautifications at Amahoro Stadium,active,84234541,RWF,allowed
0.releases.121.tender.lots.0,0.releases.121,0,1,"Provision of Sports and Recreational Facilities for RFI Staff: Access to Gym, Aerobics, Sauna, and Swimming","Provision of Sports and Recreational Facilities for RFI Staff: Access to Gym, Aerobics, Sauna, and Swimming",active,12000000,RWF,allowed
0.releases.122.tender.lots.0,0.releases.122,0,1,Tender for purchase of medical equipments,,active,30000000,RWF,allowed
0.releases.123.tender.lots.0,0.releases.123,0,1,Provide Services of codification and engraving of RPPA Assets,Provide Services of codification and engraving of RPPA Assets,active,6000000,RWF,allowed
0.releases.124.tender.lots.0,0.releases.124,0,1,Tender for annual provision of sport services and recreational facilities for MININFRA Staff.,Tender for annual provision of sport services and recreational facilities for MININFRA Staff.,active,15000000,RWF,allowed
0.releases.125.tender.lots.0,0.releases.125,0,1,Supply of charcoal and wood wastes,,active,25000000,RWF,allowed
0.releases.125.tender.lots.1,0.releases.125,0,1,Supply of charcoal and wood wastes,,active,25000000,RWF,allowed
0.releases.126.tender.lots.0,0.releases.126,0,1,Tender for annual provision of sport services and recreational facilities for MININFRA Staff.,Tender for annual provision of sport services and recreational facilities for MININFRA Staff.,active,15000000,RWF,allowed
0.releases.127.tender.lots.0,0.releases.127,0,1,Tender for annual provision of sport services and recreational facilities for MININFRA Staff.,Tender for annual provision of sport services and recreational facilities for MININFRA Staff.,active,15000000,RWF,allowed
0.releases.128.tender.lots.0,0.releases.128,0,1,Tender for annual provision of sport services and recreational facilities for MININFRA Staff.,Tender for annual provision of sport services and recreational facilities for MININFRA Staff.,active,15000000,RWF,allowed
0.releases.129.tender.lots.0,0.releases.129,0,1,Provision of Insurance services cover for Administration Office Complex Building( AOC),Provision of Insurance services cover for Administration Office Complex Building( AOC),active,60000000,RWF,allowed
0.releases.130.tender.lots.0,0.releases.130,0,1,Hiring a poverty dynamics analysis expert to provide technical assistance to support the design and analysis of the EICV8.,Consultant services,active,81577020,RWF,allowed
0.releases.131.tender.lots.0,0.releases.131,0,1,Provision of  vehicle Insurance GR 709D,Provision of  vehicle Insurance ,active,2000000,RWF,allowed
0.releases.134.tender.lots.0,0.releases.134,0,1,Rehabilitate Gaseke-Muyanza chipseal road (9.4km) by construction of bridges in Phase II in Gicumbi District,Rehabilitate Gaseke-Muyanza chipseal road (9.4km) by construction of bridges in Phase II in Gicumbi District,active,251216494,RWF,allowed
0.releases.136.tender.lots.0,0.releases.136,0,1,Tender for annual provision of sport services and recreational facilities for MININFRA Staff.,Tender for annual provision of sport services and recreational facilities for MININFRA Staff.,active,15000000,RWF,allowed
0.releases.137.tender.lots.0,0.releases.137,0,1,Supply for Office Furniture,,active,20175000,RWF,allowed
0.releases.137.tender.lots.1,0.releases.137,0,1,Supply for Office Furniture,,active,20175000,RWF,allowed
0.releases.138.tender.lots.0,0.releases.138,0,1,Tailoring consumables for Musanze cf,,active,8606800,RWF,allowed
0.releases.138.tender.lots.1,0.releases.138,0,2,Hairdressing consumable for Musanze cf,,active,10630500,RWF,allowed
0.releases.138.tender.lots.2,0.releases.138,0,3,Construction consumables for Ngoma cf,,active,12036700,RWF,allowed
0.releases.138.tender.lots.3,0.releases.138,0,4,construction consumables for Nyagatare cf,,active,7616000,RWF,allowed
0.releases.138.tender.lots.4,0.releases.138,0,5,Hairdressing consumables for Nyagatare cf,,active,5600900,RWF,allowed
0.releases.138.tender.lots.5,0.releases.138,0,6,Tailoring consumables for Ngoma cf,,active,5213400,RWF,allowed
0.releases.138.tender.lots.6,0.releases.138,0,7,Veterenary consumables for Nyamagabe cf ,,active,6482000,RWF,allowed
0.releases.138.tender.lots.7,0.releases.138,0,8,Tailoring consumables for Rusizi cf,,active,3712500,RWF,allowed
0.releases.138.tender.lots.8,0.releases.138,0,9,Construction consumables for Gicumbi cf,,active,7709800,RWF,allowed
0.releases.138.tender.lots.9,0.releases.138,0,10,Agriculture consumables for Nyamagabe cf,,active,4740000,RWF,allowed
0.releases.138.tender.lots.10,0.releases.138,0,11,Welding consumables for Muhanaga cf,,active,15360800,RWF,allowed
0.releases.138.tender.lots.11,0.releases.138,0,12,Construction consumables for Muhanga cf,,active,7576600,RWF,allowed
0.releases.138.tender.lots.12,0.releases.138,0,13,Tailoring consumables for Nyagatare cf,,active,5213400,RWF,allowed
0.releases.138.tender.lots.13,0.releases.138,0,14,Welding consumables for Nyagatare cf,,active,6547800,RWF,allowed
0.releases.138.tender.lots.14,0.releases.138,0,15,Crpentery consumables for  Nyagatare cf ,,active,1675000,RWF,allowed
0.releases.140.tender.lots.0,0.releases.140,0,1,Annual subscription to digital library,"200,000,000",active,200000000,RWF,allowed
0.releases.141.tender.lots.0,0.releases.141,0,1,Supervision of Rehabilitation MCCs,Consultant Services,active,912000000,RWF,allowed
0.releases.145.tender.lots.0,0.releases.145,0,1,UPPLY OF FUEL FOR FPU TRAINING,,active,2190916945,RWF,allowed
0.releases.146.tender.lots.0,0.releases.146,0,1,"Provision of Printing services (Banners, Books, Booklets and different binding documents..)",Printing services ,active,6800000,RWF,allowed
0.releases.147.tender.lots.0,0.releases.147,0,1,Feasibility study for clean water pipelines for universal coverage,easibility study for clean water pipelines for universal coverage,active,14419761,RWF,allowed
0.releases.147.tender.lots.1,0.releases.147,0,1,Feasibility study for clean water pipelines for universal coverage,easibility study for clean water pipelines for universal coverage,active,14419761,RWF,allowed
0.releases.150.tender.lots.0,0.releases.150,0,1,"Provision of Sports and Recreational Facilities for RFI Staff: Access to Gym, Aerobics, Sauna, and Swimming","Provision of Sports and Recreational Facilities for RFI Staff: Access to Gym, Aerobics, Sauna, and Swimming",active,12000000,RWF,allowed
0.releases.151.tender.lots.0,0.releases.151,0,1,Supervision of Rehabilitation MCPs,Consultant Services,active,480000000,RWF,allowed
0.releases.153.tender.lots.0,0.releases.153,0,1,ICT training Consumables ,,active,50000000,RWF,allowed
0.releases.154.tender.lots.0,0.releases.154,0,1,"Supply of sugar, coffee and tea made in Rwanda",,active,1985000,RWF,allowed
0.releases.156.tender.lots.0,0.releases.156,0,1,Maintain vehicles and motorcycles of the hospital,Maintain vehicles and motorcycles of the hospital,active,200000002,RWF,allowed
0.releases.158.tender.lots.0,0.releases.158,0,1,"Annual supply and installation of office furnitures to RRA (Meeting, Discussion and Conference Furnitures) (Framework contract).  ",,active,500000000,RWF,allowed
0.releases.160.tender.lots.0,0.releases.160,0,1,"Supply of chairs,tables, desks and closing placard for new classrooms constructed  at different schools of Gicumbi District  under PPD Basket Fund",,active,32224170,RWF,allowed
0.releases.161.tender.lots.0,0.releases.161,0,1,Recruiting Consultants for Sector Specialists under call down consultancy,Recruiting Consultants for Sector Specialists under call down consultancy,active,60000000,RWF,allowed
0.releases.162.tender.lots.0,0.releases.162,0,1,Recruiting Consultants for Sector Specialists under call down consultancy,Recruiting Consultants for Sector Specialists under call down consultancy,active,60000000,RWF,allowed
0.releases.163.tender.lots.0,0.releases.163,0,1,Provision for insurance services for Burera District buildings and movable assets (Framework contract),Provision for insurance services for Burera District buildings and movable assets (Framework contract),active,14000000,RWF,allowed
0.releases.164.tender.lots.0,0.releases.164,0,1,Supply electricity cash power,,active,15000000,RWF,allowed
0.releases.165.tender.lots.0,0.releases.165,0,1,"Revised Electrical installation works for RMI G+2 hostels building and lighting, including the upgrade of the main Electrical Distribution System at RMI Murambi Campus for period of 4 months",F,active,50000000,RWF,allowed
0.releases.168.tender.lots.0,0.releases.168,0,1,Supply of fuel,,active,457600000,RWF,allowed
0.releases.169.tender.lots.0,0.releases.169,0,1,Provision of Two and three STAR hotel services on annual basis,HOTEL,active,100000000,RWF,allowed
0.releases.170.tender.lots.0,0.releases.170,0,1,Supply of fuel,,active,457600000,RWF,allowed
0.releases.171.tender.lots.0,0.releases.171,0,1,Rehabilitation of Kibirizi Health Center,Buildings,active,1204765429,RWF,allowed
0.releases.172.tender.lots.0,0.releases.172,0,1,Supervision of Rehabilitation of Kibirizi Health Center,Supervision of Rehabilitation of Kibirizi Health Center,active,45000000,RWF,allowed
0.releases.173.tender.lots.0,0.releases.173,0,1,Acquisition of printers for TVET Centers,,active,2000000,RWF,allowed
0.releases.173.tender.lots.1,0.releases.173,0,1,Acquisition of printers for TVET Centers,,active,1950000,RWF,allowed
0.releases.174.tender.lots.0,0.releases.174,0,1,Provision of decoration services to NCDA in City of Kigali and Provinces,Provision of decoration services to NCDA in City of Kigali and Provinces,active,5000000,RWF,allowed
0.releases.175.tender.lots.0,0.releases.175,0,1,Supply of Metrology laboratory consumables,,active,5000000,RWF,allowed
0.releases.175.tender.lots.1,0.releases.175,0,2,-	Supply of Flow analyzer and dosimeter consumables and accessories,,active,5000000,RWF,allowed
0.releases.176.tender.lots.0,0.releases.176,0,1,Supply of stationary,,active,8445000,RWF,allowed
0.releases.178.tender.lots.0,0.releases.178,0,1,Supply of Metrology laboratory consumables,,active,5000000,RWF,allowed
0.releases.178.tender.lots.1,0.releases.178,0,2,-	Supply of Flow analyzer and dosimeter consumables and accessories,,active,5000000,RWF,allowed
0.releases.179.tender.lots.0,0.releases.179,0,1,supply of exotic rabbits,,active,49000000,RWF,allowed
0.releases.181.tender.lots.0,0.releases.181,0,1,"on boarding of an external auditing firm for an annual audit of Ireme Invest funded projects (DANIDA funds) for year ended December 31st, 2025","on boarding of an external auditing firm for an annual audit of Ireme Invest funded projects (DANIDA funds) for year ended December 31st, 2025",active,10000000,RWF,allowed
0.releases.183.tender.lots.0,0.releases.183,0,1,"Supplying, installing, testing, commissioning and maintenance of Solar Water Heating systems in residential and non-residential sector under framework contracts (Recruitment of additional suppliers)",,active,349583333,RWF,allowed
0.releases.184.tender.lots.0,0.releases.184,0,1,"Tender for conception, design and printing of documents and other material for MINUBUMWE 's events( Certificates,  Umbrellas , pull-up banners, branded t-shirts,….","Tender for conception, design and printing of documents and other material for MINUBUMWE 's events( Certificates,  Umbrellas , pull-up banners, branded t-shirts,….",active,200000000,RWF,allowed
0.releases.187.tender.lots.0,0.releases.187,0,1,LotNo1,,active,,,allowed
0.releases.187.tender.lots.1,0.releases.187,0,1,Consultancy services for  development of CHUB Mater plan,Consultancy Services,active,101600000,RWF,allowed
0.releases.188.tender.lots.0,0.releases.188,0,1,LotNo1,,active,,,allowed
0.releases.188.tender.lots.1,0.releases.188,0,1,Consultancy services for  development of CHUB Mater plan,Consultancy Services,active,101600000,RWF,allowed
0.releases.190.tender.lots.0,0.releases.190,0,1,Motel/Resort/Guest Houses sourcing service during twelve months Lot2,Motel/Resort/Guest Houses sourcing service during twelve months Lot2,active,42000000,RWF,allowed
0.releases.191.tender.lots.0,0.releases.191,0,1,Hotel services (3 star),Hotel services (3 star),active,42166667,RWF,allowed
0.releases.191.tender.lots.1,0.releases.191,0,2,Hotels services (Town hotel),Hotels services (Town hotel),active,42166667,RWF,allowed
0.releases.191.tender.lots.2,0.releases.191,0,3,Motel services,Motel services,active,42166666,RWF,allowed
0.releases.192.tender.lots.0,0.releases.192,0,1,Recruiting Consultants for Sector Specialists under call down consultancy,Recruiting Consultants for Sector Specialists under call down consultancy,active,60000000,RWF,allowed
0.releases.196.tender.lots.0,0.releases.196,0,1,Supply of beverages for NCDA staff ( Supply of kitchen materials),,active,1500000,RWF,allowed
0.releases.197.tender.lots.0,0.releases.197,0,1,Acquisition of CUG (AIRTEL RWANDA) for Rwanda Correctional Service staff,Acquisition of CUG (AIRTEL RWANDA) for Rwanda Correctional Service staff,active,19500000,RWF,allowed
0.releases.198.tender.lots.0,0.releases.198,0,1,Supply of chalk in all districts on framework contract,,active,1081046213,RWF,allowed
0.releases.199.tender.lots.0,0.releases.199,0,1,supply of sports wear for minaffet,,active,40000000,RWF,allowed
0.releases.200.tender.lots.0,0.releases.200,0,1,CEMENT FOR RCS HQs AND CORRECTIONAL FACILITIES,,active,623000000,RWF,allowed
0.releases.203.tender.lots.0,0.releases.203,0,1,Hiring an individual consultant for EICV8 fieldwork coordination,Consultant services,active,74900000,RWF,allowed
0.releases.204.tender.lots.0,0.releases.204,0,1,Supply of animal feeds,,active,30000000,RWF,allowed
0.releases.204.tender.lots.1,0.releases.204,0,1,Supply of animal feeds,,active,30000000,RWF,allowed
0.releases.206.tender.lots.0,0.releases.206,0,1,Supply of pig feeds,,active,40000000,RWF,allowed
0.releases.206.tender.lots.1,0.releases.206,0,1,Supply of pig feeds,,active,40000000,RWF,allowed
0.releases.207.tender.lots.0,0.releases.207,0,1,Supply of cement of MUZO IDP Model Village under framework contract (Re advert),,active,305250000,RWF,allowed
0.releases.207.tender.lots.1,0.releases.207,0,2,"Supply of roofing, ridge covers, Gutters and Nails for roofing of MUZO IDP Model Village under framework contract (Re advert) ",,active,63244000,RWF,allowed
0.releases.207.tender.lots.2,0.releases.207,0,3,Supply of Tubes and Plain metallic sheets of MUZO IDP Model Village under framework contract (Re advert),,active,17306000,RWF,allowed
0.releases.207.tender.lots.3,0.releases.207,0,4,steel bars of MUZO IDP Model Village under framework contract (Re advert),,active,114200000,RWF,allowed
0.releases.208.tender.lots.0,0.releases.208,0,1,Annual framework tender for providing the sevice of sonorization in Huye district,Annual framework tender for providing the sevice of sonorization in Huye district,active,10000000,RWF,allowed
0.releases.209.tender.lots.0,0.releases.209,0,1,Supply of cement of MUZO IDP Model Village under framework contract (Re advert),,active,305250000,RWF,allowed
0.releases.209.tender.lots.1,0.releases.209,0,2,"Supply of roofing, ridge covers, Gutters and Nails for roofing of MUZO IDP Model Village under framework contract (Re advert) ",,active,63244000,RWF,allowed
0.releases.209.tender.lots.2,0.releases.209,0,3,Supply of Tubes and Plain metallic sheets of MUZO IDP Model Village under framework contract (Re advert),,active,17306000,RWF,allowed
0.releases.209.tender.lots.3,0.releases.209,0,4,steel bars of MUZO IDP Model Village under framework contract (Re advert),,active,114200000,RWF,allowed
0.releases.210.tender.lots.0,0.releases.210,0,1,Tender of purchase Mineral water for staff and others,,active,12456,RWF,allowed
0.releases.211.tender.lots.0,0.releases.211,0,1,Hiring of two (2) floating consulting Engineers to give a technical support to RUDP II,Hiring of two (2) floating consulting Engineers to give a technical support to RUDP II,active,99999000,RWF,allowed
0.releases.212.tender.lots.0,0.releases.212,0,1,Supply and fix windows and doors in Classrooms with house furniture,,active,61657416,RWF,allowed
0.releases.215.tender.lots.0,0.releases.215,0,1,LotNo1,,active,,,allowed
0.releases.215.tender.lots.1,0.releases.215,0,1,"Supervision Services for Construction of the Food Court/Park Project, Focusing on Green Building Initiatives and Environmental Sustainability in Musanze District","Supervision Services for Construction of the Food Court/Park Project, Focusing on Green Building Initiatives and Environmental Sustainability in Musanze District",active,130000000,RWF,allowed
0.releases.216.tender.lots.0,0.releases.216,0,1,LotNo1,,active,,,allowed
0.releases.216.tender.lots.1,0.releases.216,0,1,"Supervision Services for Construction of the Food Court/Park Project, Focusing on Green Building Initiatives and Environmental Sustainability in Musanze District","Supervision Services for Construction of the Food Court/Park Project, Focusing on Green Building Initiatives and Environmental Sustainability in Musanze District",active,130000000,RWF,allowed
0.releases.217.tender.lots.0,0.releases.217,0,1,Security service,Provision of security service to Southern Province,active,11597040,RWF,allowed
0.releases.218.tender.lots.0,0.releases.218,0,1,Installation of water purification system for safe water for drinking,Price schedule,active,6500000,RWF,allowed
0.releases.220.tender.lots.0,0.releases.220,0,1, supply of office furniture,,active,100000000,RWF,allowed
0.releases.221.tender.lots.0,0.releases.221,0,1,Equipping RMF meeting rooms,,active,6000000,RWF,allowed
0.releases.222.tender.lots.0,0.releases.222,0,1,SPORT SHOES,,active,16000000,RWF,allowed
0.releases.222.tender.lots.1,0.releases.222,0,2,"SPORT WEARS FOR FOOTBALL, HANDBALL, VOLLEYBALL AND BASKETBALL",,active,16000000,RWF,allowed
0.releases.222.tender.lots.2,0.releases.222,0,3,OTHER SPORT EQUIPMENT,,active,18000000,RWF,allowed
0.releases.223.tender.lots.0,0.releases.223,0,1,Supply of Drugs& Medical Consumables,,active,12000000,RWF,allowed
0.releases.223.tender.lots.1,0.releases.223,0,2,Supply of Laboratory Reagents & Consumables,,active,6000000,RWF,allowed
0.releases.223.tender.lots.2,0.releases.223,0,3,Supply of Dental Consumables,,active,6000000,RWF,allowed
0.releases.224.tender.lots.0,0.releases.224,0,1,Supply of MCS equipment's to be  used in Rwandan  Lakes,,active,200000000,RWF,allowed
0.releases.226.tender.lots.0,0.releases.226,0,1,Provision of Insurance services cover for Administration Office Complex Building( AOC),Provision of Insurance services cover for Administration Office Complex Building( AOC),active,60000000,RWF,allowed
0.releases.227.tender.lots.0,0.releases.227,0,1,Provision of Insurance services cover for Administration Office Complex Building( AOC),Provision of Insurance services cover for Administration Office Complex Building( AOC),active,60000000,RWF,allowed
0.releases.228.tender.lots.0,0.releases.228,0,1,Tender for annual provision of sport services and recreational facilities for MININFRA Staff.,Tender for annual provision of sport services and recreational facilities for MININFRA Staff.,active,15000000,RWF,allowed
0.releases.229.tender.lots.0,0.releases.229,0,1,Tender for annual provision of sport services and recreational facilities for MININFRA Staff.,Tender for annual provision of sport services and recreational facilities for MININFRA Staff.,active,15000000,RWF,allowed
0.releases.230.tender.lots.0,0.releases.230,0,1,Tender for annual provision of sport services and recreational facilities for MININFRA Staff.,Tender for annual provision of sport services and recreational facilities for MININFRA Staff.,active,15000000,RWF,allowed
0.releases.231.tender.lots.0,0.releases.231,0,1,Tender for annual provision of sport services and recreational facilities for MININFRA Staff.,Tender for annual provision of sport services and recreational facilities for MININFRA Staff.,active,15000000,RWF,allowed
0.releases.232.tender.lots.0,0.releases.232,0,1,Tender for Security Service,Tender for Security Service,active,16200180,RWF,allowed
0.releases.233.tender.lots.0,0.releases.233,0,1,Tender for annual provision of sport services and recreational facilities for MININFRA Staff.,Tender for annual provision of sport services and recreational facilities for MININFRA Staff.,active,15000000,RWF,allowed
0.releases.234.tender.lots.0,0.releases.234,0,1,Supply of charcoal and wood wastes,,active,25000000,RWF,allowed
0.releases.234.tender.lots.1,0.releases.234,0,1,Supply of charcoal and wood wastes,,active,25000000,RWF,allowed
0.releases.235.tender.lots.0,0.releases.235,0,1,Provision of sports services to MINAFFET staff,Provision of sports services to MINAFFET staff,active,20000000,RWF,allowed
0.releases.236.tender.lots.0,0.releases.236,0,1,Provision of sports services to MINAFFET staff,Provision of sports services to MINAFFET staff,active,20000000,RWF,allowed
0.releases.237.tender.lots.0,0.releases.237,0,1,Provision of sports services to MINAFFET staff,Provision of sports services to MINAFFET staff,active,20000000,RWF,allowed
0.releases.238.tender.lots.0,0.releases.238,0,1,Provision of sports services to MINAFFET staff,Provision of sports services to MINAFFET staff,active,20000000,RWF,allowed
0.releases.239.tender.lots.0,0.releases.239,0,1,Provision of sports services to MINAFFET staff,Provision of sports services to MINAFFET staff,active,20000000,RWF,allowed
0.releases.241.tender.lots.0,0.releases.241,0,1,Tender for cleaning services of public places in Kinazi sector,Tender for cleaning services of public places in Kinazi sector,active,10500000,RWF,allowed
0.releases.242.tender.lots.0,0.releases.242,0,1,Lot 1: Supply and installation of office chairs,,active,92039366,RWF,allowed
0.releases.242.tender.lots.1,0.releases.242,0,2,Lot 2: Supply and installation of office table,,active,111106656,RWF,allowed
0.releases.243.tender.lots.0,0.releases.243,0,1,Tender for office supply and stationary,,active,35150000,RWF,allowed
0.releases.244.tender.lots.0,0.releases.244,0,1,Supply of office Beverages,,active,15000000,RWF,allowed
0.releases.245.tender.lots.0,0.releases.245,0,1,"Hiring service provider to provide technical assistance for readiness to certification for agricultural export products (Coffee, Tea and Horticulture)",Consultant Services,active,41200000,RWF,allowed
0.releases.246.tender.lots.0,0.releases.246,0,1,Supply of fuel,,active,457600000,RWF,allowed
0.releases.247.tender.lots.0,0.releases.247,0,1,Recruitment of a Bailiff (Retendered),Recruitment of a Bailiff (Retendered),active,2000000,RWF,allowed
0.releases.247.tender.lots.1,0.releases.247,0,1,Recruitment of a Bailiff (Retendered),Recruitment of a Bailiff (Retendered),active,2000000,RWF,allowed
0.releases.248.tender.lots.0,0.releases.248,0,1,Supply of Wall Charts to Non-Formal ECD Centers,,active,69281706,RWF,allowed
0.releases.250.tender.lots.0,0.releases.250,0,1,Provision of insurance services for City of  Kigali Assets,Provision of insurance services for City of Kigali Assets,active,8734800,RWF,allowed
0.releases.251.tender.lots.0,0.releases.251,0,1,MAINTENANCE AND REPAIRS OF GENERAL ELECTRIC IMAGING EQUIPMENT AND THEIR ACCESSORIES,Maintenance services,active,907731200,RWF,allowed
0.releases.252.tender.lots.0,0.releases.252,0,1,Supervision of Rehabilitation MCPs,Consultant Services,active,480000000,RWF,allowed
0.releases.254.tender.lots.0,0.releases.254,0,1,"Rehabilitation and extension of Nyakagezi-Gikonko,  Murambi-Save Water supply system",Drinking Water,active,1307352833,RWF,allowed
0.releases.255.tender.lots.0,0.releases.255,0,1,Supply of Electricity,,active,24170502,RWF,allowed
0.releases.257.tender.lots.0,0.releases.257,0,1,Supply of materials for Transit Center ,,active,20000000,RWF,allowed
0.releases.257.tender.lots.1,0.releases.257,0,2,Supply of food  for Transit Center ,,active,30000000,RWF,allowed
0.releases.257.tender.lots.2,0.releases.257,0,1,Supply of materials for Transit Center ,,active,20000000,RWF,allowed
0.releases.257.tender.lots.3,0.releases.257,0,2,Supply of food  for Transit Center ,,active,30000000,RWF,allowed
0.releases.258.tender.lots.0,0.releases.258,0,1,Feasibility study for clean water pipelines for universal coverage,easibility study for clean water pipelines for universal coverage,active,14419761,RWF,allowed
0.releases.258.tender.lots.1,0.releases.258,0,1,Feasibility study for clean water pipelines for universal coverage,easibility study for clean water pipelines for universal coverage,active,14419761,RWF,allowed
0.releases.259.tender.lots.0,0.releases.259,0,1,Tender of maintenance and repair IT equipment,Tender of maintenance and repair IT equipment,active,8500000,RWF,allowed
0.releases.261.tender.lots.0,0.releases.261,0,1,Recruitment of an Individual consultant to scale up of vermicompost and animal protein feeds production,Recruitment of an Individual consultant to scale up of vermicompost and animal protein feeds production,active,20000000,RWF,allowed
0.releases.262.tender.lots.0,0.releases.262,0,1,Supply of materials for Transit Center ,,active,20000000,RWF,allowed
0.releases.262.tender.lots.1,0.releases.262,0,2,Supply of food  for Transit Center ,,active,30000000,RWF,allowed
0.releases.262.tender.lots.2,0.releases.262,0,1,Supply of materials for Transit Center ,,active,20000000,RWF,allowed
0.releases.262.tender.lots.3,0.releases.262,0,2,Supply of food  for Transit Center ,,active,30000000,RWF,allowed
0.releases.263.tender.lots.0,0.releases.263,0,1,Annual provisions of weather stations consummables,,active,34579950,RWF,allowed
0.releases.264.tender.lots.0,0.releases.264,0,1,Supply of materials for Transit Center ,,active,20000000,RWF,allowed
0.releases.264.tender.lots.1,0.releases.264,0,2,Supply of food  for Transit Center ,,active,30000000,RWF,allowed
0.releases.264.tender.lots.2,0.releases.264,0,1,Supply of materials for Transit Center ,,active,20000000,RWF,allowed
0.releases.264.tender.lots.3,0.releases.264,0,2,Supply of food  for Transit Center ,,active,30000000,RWF,allowed
0.releases.265.tender.lots.0,0.releases.265,0,1,supply of exotic rabbits,,active,49000000,RWF,allowed
0.releases.267.tender.lots.0,0.releases.267,0,1,Tender for supervision of works of rehabilitation of Mutagata and Musenge water pumps and connected water networks,Tender for supervision of works of rehabilitation of Mutagata and Musenge water pumps and connected water networks,active,20000000,RWF,allowed
0.releases.268.tender.lots.0,0.releases.268,0,1,Hiring Insurance for other RDB IT equipments,Hiring Insurance for other RDB IT equipments,active,20000000,RWF,allowed
0.releases.269.tender.lots.0,0.releases.269,0,1,Annual Maintenance of RRA Data Center (Frame work Contract),LOT1: COOLING SYSTEM AND ELECTRICAL MATERIALS ,active,101000000,RWF,allowed
0.releases.269.tender.lots.1,0.releases.269,0,2,Annual Maintenance of RRA Data Center (Frame work Contract),Lot 2: FIRE DETECTION AND SUPPRESSION SYSTEM ,active,49000000,RWF,allowed
0.releases.271.tender.lots.0,0.releases.271,0,1,Supply of Sound system,,active,13000000,RWF,allowed
0.releases.271.tender.lots.1,0.releases.271,0,1,Supply of Sound system,,active,13000000,RWF,allowed
0.releases.273.tender.lots.0,0.releases.273,0,1,Maintenance of Electrical equipment(Re-advertised),Maintenance of Electrical equipment(Re-advertised),active,15000000,RWF,allowed
0.releases.274.tender.lots.0,0.releases.274,0,1,Supply of Sound system,,active,13000000,RWF,allowed
0.releases.274.tender.lots.1,0.releases.274,0,1,Supply of Sound system,,active,13000000,RWF,allowed
0.releases.275.tender.lots.0,0.releases.275,0,2,"Tender for airing Radio/TV programs, and adverts, and announcement",Airing TV Spot and TV Programs,active,345680000,RWF,allowed
0.releases.276.tender.lots.0,0.releases.276,0,2,"Tender for airing Radio/TV programs, and adverts, and announcement",Airing TV Spot and TV Programs,active,345680000,RWF,allowed
0.releases.277.tender.lots.0,0.releases.277,0,1,Construction works of the High Level Isolation Unit,works,active,3693075251,RWF,allowed
0.releases.278.tender.lots.0,0.releases.278,0,2,"Tender for airing Radio/TV programs, and adverts, and announcement",Airing TV Spot and TV Programs,active,345680000,RWF,allowed
0.releases.280.tender.lots.0,0.releases.280,0,1,Provision of Veterinary Service through Veterinary Sanitary Mandate Animal Insemination and Vaccination Campaign,Sanitary Mandate,active,18000000,RWF,allowed
0.releases.282.tender.lots.0,0.releases.282,0,1,Hiring of local media outlets' services for REMA,LOT 1: TV STATIONS,active,40000000,RWF,allowed
0.releases.282.tender.lots.1,0.releases.282,0,3,Hiring of local media outlets' services for REMA,LOT 3: NATIONAL ONLINE MEDIA DAILY NEWSPAPERS,active,15000000,RWF,allowed
0.releases.283.tender.lots.0,0.releases.283,0,1,Hiring of local media outlets' services for REMA,LOT 1: TV STATIONS,active,40000000,RWF,allowed
0.releases.283.tender.lots.1,0.releases.283,0,3,Hiring of local media outlets' services for REMA,LOT 3: NATIONAL ONLINE MEDIA DAILY NEWSPAPERS,active,15000000,RWF,allowed
0.releases.284.tender.lots.0,0.releases.284,0,1,"Hiring broadcasting media houses to provide NESA with Radio ,television and online services ( Under Framework contract)",Radio services ,active,2000000,RWF,allowed
0.releases.284.tender.lots.1,0.releases.284,0,2,"Hiring broadcasting media houses to provide NESA with Radio ,television and online services",Television services ,active,2000000,RWF,allowed
0.releases.284.tender.lots.2,0.releases.284,0,3,"Hiring broadcasting media houses to provide NESA with Radio ,television and online services",Online Media house services ,active,1000000,RWF,allowed
0.releases.285.tender.lots.0,0.releases.285,0,1,Hiring of local media outlets' services for REMA,LOT 1: TV STATIONS,active,40000000,RWF,allowed
0.releases.285.tender.lots.1,0.releases.285,0,3,Hiring of local media outlets' services for REMA,LOT 3: NATIONAL ONLINE MEDIA DAILY NEWSPAPERS,active,15000000,RWF,allowed
0.releases.286.tender.lots.0,0.releases.286,0,1,SUPPLY OF OFFICE FURNITURE,,active,25000000,RWF,allowed
0.releases.288.tender.lots.0,0.releases.288,0,1,Hiring of local media outlets' services for REMA,LOT 1: TV STATIONS,active,40000000,RWF,allowed
0.releases.288.tender.lots.1,0.releases.288,0,3,Hiring of local media outlets' services for REMA,LOT 3: NATIONAL ONLINE MEDIA DAILY NEWSPAPERS,active,15000000,RWF,allowed
0.releases.289.tender.lots.0,0.releases.289,0,1,Urgent works of rehabilitation /Repair of damaged Road Sections Located on Kamuhanda-Kabuga-Ngamba-Rukoma -Gacurabwenge Unpaved District  Road under Design and Build Approach,Urgent works of rehabilitation /Repair of damaged Road Sections Located on Kamuhanda-Kabuga-Ngamba-Rukoma -Gacurabwenge Unpaved District  Road under Design and Build Approach,active,5820318285,RWF,allowed
0.releases.291.tender.lots.0,0.releases.291,0,1,Annual provisions of weather stations spare parts,,active,45622454,RWF,allowed
0.releases.292.tender.lots.0,0.releases.292,0,1,Supply of pig feeds,,active,40000000,RWF,allowed
0.releases.292.tender.lots.1,0.releases.292,0,1,Supply of pig feeds,,active,40000000,RWF,allowed
0.releases.293.tender.lots.0,0.releases.293,0,1,"Purchase of Non-Medical Equipment(uniforms of nurse and Midwife,driver,tables,curtins,alezes,rideaux.....)",,active,7000000,RWF,allowed
0.releases.295.tender.lots.0,0.releases.295,0,1,Supply of Electricity,,active,24170502,RWF,allowed
0.releases.297.tender.lots.0,0.releases.297,0,1,Hiring service provider for Maintenance and Repairs of Vehicles (Garage services) under framework contract,Hiring service provider for Maintenance and Repairs of Vehicles (Garage services) under framework contract,active,50000000,RWF,allowed
0.releases.298.tender.lots.0,0.releases.298,0,1,Supply of fuel,,active,20400000,RWF,allowed
0.releases.301.tender.lots.0,0.releases.301,0,1,Supply of animal feeds,,active,30000000,RWF,allowed
0.releases.301.tender.lots.1,0.releases.301,0,1,Supply of animal feeds,,active,30000000,RWF,allowed
0.releases.302.tender.lots.0,0.releases.302,0,1,"Supply and Installation of Curtains at Mugano, Nyarwungo and Nyamagabe Maternity",,active,21000000,RWF,allowed
0.releases.305.tender.lots.0,0.releases.305,0,1,Location véhicule et Moto pour le personnel du District de Nyanza,Location véhicule et Moto pour le personnel du District de Nyanza,active,55000000,RWF,allowed
0.releases.306.tender.lots.0,0.releases.306,0,1,Provision of Two and three STAR hotel services on annual basis,HOTEL,active,100000000,RWF,allowed
0.releases.307.tender.lots.0,0.releases.307,0,1,Provision of Two and three STAR hotel services on annual basis,HOTEL,active,100000000,RWF,allowed
0.releases.308.tender.lots.0,0.releases.308,0,1,Supply of cows(Re-advertised),,active,20000000,RWF,allowed
0.releases.308.tender.lots.1,0.releases.308,0,1,Supply of cows(Re-advertised),,active,20000000,RWF,allowed
0.releases.309.tender.lots.0,0.releases.309,0,1,LotNo1,,active,,,allowed
0.releases.309.tender.lots.1,0.releases.309,0,1,"Supervision Services for Construction of the Food Court/Park Project, Focusing on Green Building Initiatives and Environmental Sustainability in Musanze District","Supervision Services for Construction of the Food Court/Park Project, Focusing on Green Building Initiatives and Environmental Sustainability in Musanze District",active,130000000,RWF,allowed
0.releases.310.tender.lots.0,0.releases.310,0,1,LotNo1,,active,,,allowed
0.releases.310.tender.lots.1,0.releases.310,0,1,"Supervision Services for Construction of the Food Court/Park Project, Focusing on Green Building Initiatives and Environmental Sustainability in Musanze District","Supervision Services for Construction of the Food Court/Park Project, Focusing on Green Building Initiatives and Environmental Sustainability in Musanze District",active,130000000,RWF,allowed
0.releases.311.tender.lots.0,0.releases.311,0,1,LotNo1,,active,,,allowed
0.releases.312.tender.lots.0,0.releases.312,0,1,SUPPLY AND COMMISSIONING TYRES FOR RDB’S VEHICLES AND MOTORCYCLES UNDER A FRAMEWORK CONTRACT,,active,80000000,RWF,allowed
0.releases.314.tender.lots.0,0.releases.314,0,1,Supply of office stationeries,,active,18000000,RWF,allowed
0.releases.315.tender.lots.0,0.releases.315,0,1,Tender for supervision of works of rehabilitation of Mutagata and Musenge water pumps and connected water networks,Tender for supervision of works of rehabilitation of Mutagata and Musenge water pumps and connected water networks,active,20000000,RWF,allowed
0.releases.316.tender.lots.0,0.releases.316,0,1,"Printing, Binding, Sewing, Packaging and Distribution of Primary and Secondary Textbooks",TEXTBOOKS,active,824130034,RWF,allowed
0.releases.316.tender.lots.1,0.releases.316,0,2,"Printing, Binding, Sewing, Packaging and Distribution of Primary and Secondary Textbooks",TEXTBOOKS,active,824130034,RWF,allowed
0.releases.316.tender.lots.2,0.releases.316,0,4,"Printing, Binding, Sewing, Packaging and Distribution of Primary and Secondary Textbooks",TEXTBOOKS,active,824130034,RWF,allowed
0.releases.317.tender.lots.0,0.releases.317,0,1,"Printing, Binding, Sewing, Packaging and Distribution of Primary and Secondary Textbooks",TEXTBOOKS,active,824130034,RWF,allowed
0.releases.317.tender.lots.1,0.releases.317,0,2,"Printing, Binding, Sewing, Packaging and Distribution of Primary and Secondary Textbooks",TEXTBOOKS,active,824130034,RWF,allowed
0.releases.317.tender.lots.2,0.releases.317,0,4,"Printing, Binding, Sewing, Packaging and Distribution of Primary and Secondary Textbooks",TEXTBOOKS,active,824130034,RWF,allowed
0.releases.318.tender.lots.0,0.releases.318,0,1,LotNo1,,active,,,allowed
0.releases.320.tender.lots.0,0.releases.320,0,1,LotNo1,,active,,,allowed
0.releases.321.tender.lots.0,0.releases.321,0,1,"Supplying, installing, testing, commissioning and maintenance of Solar Water Heating systems in residential and non-residential sector under framework contracts (Recruitment of additional suppliers)",,active,349583333,RWF,allowed
0.releases.322.tender.lots.0,0.releases.322,0,1,"Provision of Sports and Recreational Facilities for RFI Staff: Access to Gym, Aerobics, Sauna, and Swimming","Provision of Sports and Recreational Facilities for RFI Staff: Access to Gym, Aerobics, Sauna, and Swimming",active,12000000,RWF,allowed
0.releases.324.tender.lots.0,0.releases.324,0,1,Rehabilitation of Teachers Hostel,Rehabilitation of Teachers Hostel,active,26310540,RWF,allowed
0.releases.324.tender.lots.1,0.releases.324,0,1,Rehabilitation of Teachers Hostel,Rehabilitation of Teachers Hostel,active,26310540,RWF,allowed
0.releases.325.tender.lots.0,0.releases.325,0,1,"Provision of Sports and Recreational Facilities for RFI Staff: Access to Gym, Aerobics, Sauna, and Swimming","Provision of Sports and Recreational Facilities for RFI Staff: Access to Gym, Aerobics, Sauna, and Swimming",active,12000000,RWF,allowed
0.releases.326.tender.lots.0,0.releases.326,0,1,"Provision of Sports and Recreational Facilities for RFI Staff: Access to Gym, Aerobics, Sauna, and Swimming","Provision of Sports and Recreational Facilities for RFI Staff: Access to Gym, Aerobics, Sauna, and Swimming",active,12000000,RWF,allowed
0.releases.327.tender.lots.0,0.releases.327,0,1,"Supply and Installation of Curtains at Mugano, Nyarwungo and Nyamagabe Maternity",,active,21000000,RWF,allowed
0.releases.328.tender.lots.0,0.releases.328,0,1,Periodic maintenance of roads in NYAMAGABE DISTRICT,Periodic maintenance of roads in NYAMAGABE DISTRICT,active,50677101,RWF,allowed
0.releases.329.tender.lots.0,0.releases.329,0,1,Provision of Maintenance and repair of vehicles in RUSIZI for RRA (Framework contract). ,Provision of Maintenance and repair of vehicles in RUSIZI for RRA (Framework contract). ,active,7000000,RWF,allowed
0.releases.331.tender.lots.0,0.releases.331,0,1,Re- advertising To extend The network Connection in the hospital.,Re- advertising To extend The network Connection in the hospital.,active,3600000,RWF,allowed
0.releases.332.tender.lots.0,0.releases.332,0,1,Supply of cows(Re-advertised),,active,20000000,RWF,allowed
0.releases.332.tender.lots.1,0.releases.332,0,1,Supply of cows(Re-advertised),,active,20000000,RWF,allowed
0.releases.333.tender.lots.0,0.releases.333,0,1,Annual provision of security services,Annual provision of security services,active,92394000,RWF,allowed
0.releases.336.tender.lots.0,0.releases.336,0,1,Supply of laboratory gases on a framework contract,,active,8000000,RWF,allowed
0.releases.336.tender.lots.1,0.releases.336,0,2,Supply of laboratory gases on a framework contract,,active,10000000,RWF,allowed
0.releases.338.tender.lots.0,0.releases.338,0,1,Supply and installation of spare parts for maintenance of Kaduha Hospital Vehicles & Motorcycles,Supply and installation of spare parts for maintenance of Kaduha Hospital Vehicles & Motorcycles,active,24000000,RWF,allowed
0.releases.338.tender.lots.1,0.releases.338,0,1,Supply and installation of spare parts for maintenance of Kaduha Hospital Vehicles & Motorcycles,Supply and installation of spare parts for maintenance of Kaduha Hospital Vehicles & Motorcycles,active,24000000,RWF,allowed
0.releases.339.tender.lots.0,0.releases.339,0,1,Supply and installation of spare parts for maintenance of Kaduha Hospital Vehicles & Motorcycles,Supply and installation of spare parts for maintenance of Kaduha Hospital Vehicles & Motorcycles,active,24000000,RWF,allowed
0.releases.339.tender.lots.1,0.releases.339,0,1,Supply and installation of spare parts for maintenance of Kaduha Hospital Vehicles & Motorcycles,Supply and installation of spare parts for maintenance of Kaduha Hospital Vehicles & Motorcycles,active,24000000,RWF,allowed
0.releases.340.tender.lots.0,0.releases.340,0,1,Re-advertised Maintenance and repair of ICT Equipment,KPH,active,2500000,RWF,allowed
0.releases.341.tender.lots.0,0.releases.341,0,1,LotNo1,,active,,,allowed
0.releases.342.tender.lots.0,0.releases.342,0,1,LotNo1,,active,,,allowed
0.releases.343.tender.lots.0,0.releases.343,0,1,SUPPLY OF PLUMBING MATERIALS,,active,10000000,RWF,allowed
0.releases.343.tender.lots.1,0.releases.343,0,1,SUPPLY OF PLUMBING MATERIALS,,active,10000000,RWF,allowed
0.releases.344.tender.lots.0,0.releases.344,0,1,Annual provisions of sports services,,active,32000000,RWF,allowed
0.releases.345.tender.lots.0,0.releases.345,0,1,Hire a company to provide TV weather presenters outfit,Hire a company to provide TV weather presenters outfit,active,25600000,RWF,allowed
0.releases.346.tender.lots.0,0.releases.346,0,1,Provision of rental services for RRA staff accommodation-A in RUSIZI District (framework contract),Provision of rental services for RRA staff accommodation-A in RUSIZI District (framework contract),active,15000000,RWF,allowed
0.releases.347.tender.lots.0,0.releases.347,0,1,SUPPLY OF PLUMBING MATERIALS,,active,10000000,RWF,allowed
0.releases.347.tender.lots.1,0.releases.347,0,1,SUPPLY OF PLUMBING MATERIALS,,active,10000000,RWF,allowed
0.releases.348.tender.lots.0,0.releases.348,0,1,Provision of annual repair and maintenance of RRA Water dispensers (framework contract).,Provision of annual repair and maintenance of RRA Water dispensers (framework contract).,active,30000000,RWF,allowed
0.releases.349.tender.lots.0,0.releases.349,0,1,Re advertisement Annual provision of communication services (CUG),Re advertisement Annual provision of communication services (CUG),active,15240000,RWF,allowed
0.releases.351.tender.lots.0,0.releases.351,0,1,Location véhicule et Moto pour le personnel du District de Nyanza,Location véhicule et Moto pour le personnel du District de Nyanza,active,55000000,RWF,allowed
0.releases.352.tender.lots.0,0.releases.352,0,1,"ISOKO RYO GUCUNGA IKIMOTERI CYA NYANZA,GUTWARA IMYANDA(COLLECTION)YO MU MUJYI WA NYANZA NO GUSUKURA IMIHANDA","ISOKO RYO GUCUNGA IKIMOTERI CYA NYANZA,GUTWARA IMYANDA(COLLECTION)YO MU MUJYI WA NYANZA NO GUSUKURA IMIHANDA",active,18000000,RWF,allowed
0.releases.353.tender.lots.0,0.releases.353,0,1,PROVISION OF ANNUAL AIRTIME SPACE ON TELEVISION AND RADIOS FOR PUBLIC AWARENESS ON FRAMEWORK AGREEMENT.,PROVISION OF ANNUAL AIRTIME SPACE,active,26139288,RWF,allowed
0.releases.355.tender.lots.0,0.releases.355,0,1,Supply of Electrical and plumbing  materials under framework agreements(re advertised),,active,16000000,RWF,allowed
0.releases.356.tender.lots.0,0.releases.356,0,1,"Hiring service provider to provide technical assistance for readiness to certification for agricultural export products (Coffee, Tea and Horticulture)",Consultant Services,active,41200000,RWF,allowed
0.releases.357.tender.lots.0,0.releases.357,0,1,provision of coding services for MINAFFET assets,provision of coding services for MINAFFET assets,active,20000000,RWF,allowed
0.releases.358.tender.lots.0,0.releases.358,0,1,"Provision of Hotel, catering and decoration services (southern province) ","Provision of Hotel, Decoration, and Catering Services for Meetings, Events and Dialogues organized by GMO in southern province under Framework agreement ",active,3000000,RWF,allowed
0.releases.358.tender.lots.1,0.releases.358,0,2,"Provision of Hotel, catering and decoration services (Western province) ","Provision of Hotel, Decoration, and Catering Services for Meetings, Events and Dialogues organized by GMO in Western Province under Framework agreement",active,3000000,RWF,allowed
0.releases.358.tender.lots.2,0.releases.358,0,3,"Provision of Hotel, catering and decoration services (Northern province) ","Provision of Hotel, Decoration, and Catering Services for Meetings, Events and Dialogues organized by GMO in Northern Province under Framework agreement",active,3000000,RWF,allowed
0.releases.358.tender.lots.3,0.releases.358,0,4,"Provision of Hotel, catering and decoration services (Eastern province) ","Provision of Hotel, Decoration, and Catering Services for Meetings, Events and Dialogues organized by GMO in Easthern Province under Framework agreement",active,3000000,RWF,allowed
0.releases.358.tender.lots.4,0.releases.358,0,5,"Provision of Hotel, catering and decoration services (City of Kigali) ","Provision of Hotel, Decoration, and Catering Services for Meetings, Events and Dialogues organized by GMO in The City of Kigali under Framework agreement",active,3000000,RWF,allowed
0.releases.359.tender.lots.0,0.releases.359,0,1,"Provision of Hotel, catering and decoration services (southern province) ","Provision of Hotel, Decoration, and Catering Services for Meetings, Events and Dialogues organized by GMO in southern province under Framework agreement ",active,3000000,RWF,allowed
0.releases.359.tender.lots.1,0.releases.359,0,2,"Provision of Hotel, catering and decoration services (Western province) ","Provision of Hotel, Decoration, and Catering Services for Meetings, Events and Dialogues organized by GMO in Western Province under Framework agreement",active,3000000,RWF,allowed
0.releases.359.tender.lots.2,0.releases.359,0,3,"Provision of Hotel, catering and decoration services (Northern province) ","Provision of Hotel, Decoration, and Catering Services for Meetings, Events and Dialogues organized by GMO in Northern Province under Framework agreement",active,3000000,RWF,allowed
0.releases.359.tender.lots.3,0.releases.359,0,4,"Provision of Hotel, catering and decoration services (Eastern province) ","Provision of Hotel, Decoration, and Catering Services for Meetings, Events and Dialogues organized by GMO in Easthern Province under Framework agreement",active,3000000,RWF,allowed
0.releases.359.tender.lots.4,0.releases.359,0,5,"Provision of Hotel, catering and decoration services (City of Kigali) ","Provision of Hotel, Decoration, and Catering Services for Meetings, Events and Dialogues organized by GMO in The City of Kigali under Framework agreement",active,3000000,RWF,allowed
0.releases.360.tender.lots.0,0.releases.360,0,1,"Provision of Hotel, catering and decoration services (southern province) ","Provision of Hotel, Decoration, and Catering Services for Meetings, Events and Dialogues organized by GMO in southern province under Framework agreement ",active,3000000,RWF,allowed
0.releases.360.tender.lots.1,0.releases.360,0,2,"Provision of Hotel, catering and decoration services (Western province) ","Provision of Hotel, Decoration, and Catering Services for Meetings, Events and Dialogues organized by GMO in Western Province under Framework agreement",active,3000000,RWF,allowed
0.releases.360.tender.lots.2,0.releases.360,0,3,"Provision of Hotel, catering and decoration services (Northern province) ","Provision of Hotel, Decoration, and Catering Services for Meetings, Events and Dialogues organized by GMO in Northern Province under Framework agreement",active,3000000,RWF,allowed
0.releases.360.tender.lots.3,0.releases.360,0,4,"Provision of Hotel, catering and decoration services (Eastern province) ","Provision of Hotel, Decoration, and Catering Services for Meetings, Events and Dialogues organized by GMO in Easthern Province under Framework agreement",active,3000000,RWF,allowed
0.releases.360.tender.lots.4,0.releases.360,0,5,"Provision of Hotel, catering and decoration services (City of Kigali) ","Provision of Hotel, Decoration, and Catering Services for Meetings, Events and Dialogues organized by GMO in The City of Kigali under Framework agreement",active,3000000,RWF,allowed
0.releases.361.tender.lots.0,0.releases.361,0,1,"Provision of Hotel, catering and decoration services (southern province) ","Provision of Hotel, Decoration, and Catering Services for Meetings, Events and Dialogues organized by GMO in southern province under Framework agreement ",active,3000000,RWF,allowed
0.releases.361.tender.lots.1,0.releases.361,0,2,"Provision of Hotel, catering and decoration services (Western province) ","Provision of Hotel, Decoration, and Catering Services for Meetings, Events and Dialogues organized by GMO in Western Province under Framework agreement",active,3000000,RWF,allowed
0.releases.361.tender.lots.2,0.releases.361,0,3,"Provision of Hotel, catering and decoration services (Northern province) ","Provision of Hotel, Decoration, and Catering Services for Meetings, Events and Dialogues organized by GMO in Northern Province under Framework agreement",active,3000000,RWF,allowed
0.releases.361.tender.lots.3,0.releases.361,0,4,"Provision of Hotel, catering and decoration services (Eastern province) ","Provision of Hotel, Decoration, and Catering Services for Meetings, Events and Dialogues organized by GMO in Easthern Province under Framework agreement",active,3000000,RWF,allowed
0.releases.361.tender.lots.4,0.releases.361,0,5,"Provision of Hotel, catering and decoration services (City of Kigali) ","Provision of Hotel, Decoration, and Catering Services for Meetings, Events and Dialogues organized by GMO in The City of Kigali under Framework agreement",active,3000000,RWF,allowed
0.releases.364.tender.lots.0,0.releases.364,0,1,Tender for maintenance of vehicles  and moto vehicles,Tender for maintenance of vehicles  and moto vehicles,active,11000000,RWF,allowed
0.releases.365.tender.lots.0,0.releases.365,0,1,Insurance for NEC movable assets,Insurance for NEC movable assets,active,16000000,RWF,allowed
0.releases.365.tender.lots.1,0.releases.365,0,1,Insurance for NEC movable assets,Insurance for NEC movable assets,active,16000000,RWF,allowed
0.releases.366.tender.lots.0,0.releases.366,0,1,SUPPLY AND MAINTENANCE OF MEDICAL EQUIPMENTS,,active,81600000,RWF,allowed
0.releases.367.tender.lots.0,0.releases.367,0,1,refreshment products ,,active,6000000,RWF,allowed
0.releases.368.tender.lots.0,0.releases.368,0,1,"Lot 1: Radio stations (public, private, community, confessional)","Radio stations (public, private, community, confessional)",active,47027564,RWF,allowed
0.releases.368.tender.lots.1,0.releases.368,0,2,"Lot 2: TV stations (public, private, community, confessional)","TV stations (public, private, community, confessional)",active,40535962,RWF,allowed
0.releases.368.tender.lots.2,0.releases.368,0,3,Lot 3: Internet / online media, Internet / online media,active,12101490,RWF,allowed
0.releases.369.tender.lots.0,0.releases.369,0,1,"Lot 1: Radio stations (public, private, community, confessional)","Radio stations (public, private, community, confessional)",active,47027564,RWF,allowed
0.releases.369.tender.lots.1,0.releases.369,0,2,"Lot 2: TV stations (public, private, community, confessional)","TV stations (public, private, community, confessional)",active,40535962,RWF,allowed
0.releases.369.tender.lots.2,0.releases.369,0,3,Lot 3: Internet / online media, Internet / online media,active,12101490,RWF,allowed
0.releases.371.tender.lots.0,0.releases.371,0,1,Supply of Kitchen Materials,,active,10708651,RWF,allowed
0.releases.371.tender.lots.1,0.releases.371,0,1,Supply of Kitchen Materials,,active,10708651,RWF,allowed
0.releases.373.tender.lots.0,0.releases.373,0,1,Tender of supply of vehicles tyres,,active,242907745,RWF,allowed
0.releases.373.tender.lots.1,0.releases.373,0,1,Tender of supply of vehicles tyres,,active,242907745,RWF,allowed
0.releases.374.tender.lots.0,0.releases.374,0,1,PROVISION OF RESTAURANT AND CATERING SERVICES TO BUSOGO CAMPUS - RE-ADVERTISED,PROVISION OF RESTAURANT AND CATERING SERVICES TO BUSOGO CAMPUS - RE-ADVERTISED,active,51000000,RWF,allowed
0.releases.376.tender.lots.0,0.releases.376,0,1,Supervision of Completion of the construction works of two workshops and Construction of classrooms at Mutobo VTC in Musanze District,Supervision of Completion of the construction works of two workshops and Construction of classrooms at Mutobo VTC in Musanze District,active,62497723,RWF,allowed
0.releases.377.tender.lots.0,0.releases.377,0,1,Framework contract for maintenance of Fab-Lab equipment and accessories,Framework contract for maintenance of Fab-Lab equipment and accessories,active,60000000,RWF,allowed
0.releases.378.tender.lots.0,0.releases.378,0,1,Supervision services on upgrading works for coffee warehouse and parking yard for NAEB,Supervision services on upgrading works for coffee warehouse and parking yard for NAEB,active,98794399,RWF,allowed
0.releases.379.tender.lots.0,0.releases.379,0,1,Tender Supply of Agricultural Inputs ,,active,82000000,RWF,allowed
0.releases.380.tender.lots.0,0.releases.380,0,1,Providing Support to Community Home based-ECDs operational in parallel with VUP expanded public works,,active,38088000,RWF,allowed
0.releases.380.tender.lots.1,0.releases.380,0,1,Providing Support to Community Home based-ECDs operational in parallel with VUP expanded public works,,active,38088000,RWF,allowed
0.releases.382.tender.lots.0,0.releases.382,0,1,Detailed study update and subsequent supervision for construction works of Rubengera Meteo Weather Station,Detailed study update and subsequent supervision for construction works of Rubengera Meteo Weather Station,active,12400000,RWF,allowed
0.releases.383.tender.lots.0,0.releases.383,0,1,"Provision of Hotel, catering and decoration services (southern province) ","Provision of Hotel, Decoration, and Catering Services for Meetings, Events and Dialogues organized by GMO in southern province under Framework agreement ",active,3000000,RWF,allowed
0.releases.383.tender.lots.1,0.releases.383,0,2,"Provision of Hotel, catering and decoration services (Western province) ","Provision of Hotel, Decoration, and Catering Services for Meetings, Events and Dialogues organized by GMO in Western Province under Framework agreement",active,3000000,RWF,allowed
0.releases.383.tender.lots.2,0.releases.383,0,3,"Provision of Hotel, catering and decoration services (Northern province) ","Provision of Hotel, Decoration, and Catering Services for Meetings, Events and Dialogues organized by GMO in Northern Province under Framework agreement",active,3000000,RWF,allowed
0.releases.383.tender.lots.3,0.releases.383,0,4,"Provision of Hotel, catering and decoration services (Eastern province) ","Provision of Hotel, Decoration, and Catering Services for Meetings, Events and Dialogues organized by GMO in Easthern Province under Framework agreement",active,3000000,RWF,allowed
0.releases.383.tender.lots.4,0.releases.383,0,5,"Provision of Hotel, catering and decoration services (City of Kigali) ","Provision of Hotel, Decoration, and Catering Services for Meetings, Events and Dialogues organized by GMO in The City of Kigali under Framework agreement",active,3000000,RWF,allowed
0.releases.384.tender.lots.0,0.releases.384,0,1,Providing Support to Community Home based-ECDs operational in parallel with VUP expanded public works,,active,38088000,RWF,allowed
0.releases.384.tender.lots.1,0.releases.384,0,1,Providing Support to Community Home based-ECDs operational in parallel with VUP expanded public works,,active,38088000,RWF,allowed
0.releases.385.tender.lots.0,0.releases.385,0,1,Supply and fix windows and doors in Classrooms with house furniture,,active,61657416,RWF,allowed
0.releases.386.tender.lots.0,0.releases.386,0,1,SUPPLY OF OFFICE FURNITURE,,active,25000000,RWF,allowed
0.releases.387.tender.lots.0,0.releases.387,0,1,"Lot 1: Radio stations (public, private, community, confessional)","Radio stations (public, private, community, confessional)",active,47027564,RWF,allowed
0.releases.387.tender.lots.1,0.releases.387,0,2,"Lot 2: TV stations (public, private, community, confessional)","TV stations (public, private, community, confessional)",active,40535962,RWF,allowed
0.releases.387.tender.lots.2,0.releases.387,0,3,Lot 3: Internet / online media, Internet / online media,active,12101490,RWF,allowed
0.releases.388.tender.lots.0,0.releases.388,0,1,TV ( Pre recoded talkshows and success stories covered by the Media Houses),TV ( Pre recoded talkshows and success stories covered by the Media Houses),active,2000000,RWF,allowed
0.releases.389.tender.lots.0,0.releases.389,0,1,Privatization of Management of Kabarore Guest House,Privatization of Management of Kabarore Guest House,active,3600000,RWF,allowed
0.releases.390.tender.lots.0,0.releases.390,0,1,Graduation Gowns and Hoods with their cleaning services,,active,142963600,RWF,allowed
0.releases.391.tender.lots.0,0.releases.391,0,1,Hiring vehicle for transport services ,Hiring vehicle for transport services ,active,35520002,RWF,allowed
0.releases.393.tender.lots.0,0.releases.393,0,1,Supply of Audio visual Services,Supply of Audio visual Services,active,30000000,RWF,allowed
0.releases.393.tender.lots.1,0.releases.393,0,1,Supply of Audio visual Services,Supply of Audio visual Services,active,30000000,RWF,allowed
0.releases.394.tender.lots.0,0.releases.394,0,1,Power supply Motor Pump for Amahoro Stadium,,active,42763301,RWF,allowed
0.releases.395.tender.lots.0,0.releases.395,0,1,Provision of hotel services,Provision of hotel services,active,18000000,RWF,allowed
0.releases.398.tender.lots.0,0.releases.398,0,1,Provision of broadcasting services on Radio,Provision of broadcasting services on Radio,active,70000000,RWF,allowed
0.releases.398.tender.lots.1,0.releases.398,0,2,Provision of broadcasting services on TV,Provision of broadcasting services on TV,active,50000000,RWF,allowed
0.releases.398.tender.lots.2,0.releases.398,0,3,Provision of broadcasting services through Community Radios ,Provision of broadcasting services through Community Radios ,active,21000000,RWF,allowed
0.releases.399.tender.lots.0,0.releases.399,0,1,"Lot 1: Radio stations (public, private, community, confessional)","Radio stations (public, private, community, confessional)",active,47027564,RWF,allowed
0.releases.399.tender.lots.1,0.releases.399,0,2,"Lot 2: TV stations (public, private, community, confessional)","TV stations (public, private, community, confessional)",active,40535962,RWF,allowed
0.releases.399.tender.lots.2,0.releases.399,0,3,Lot 3: Internet / online media, Internet / online media,active,12101490,RWF,allowed
0.releases.400.tender.lots.0,0.releases.400,0,1,Provision of broadcasting services on Radio,Provision of broadcasting services on Radio,active,70000000,RWF,allowed
0.releases.400.tender.lots.1,0.releases.400,0,2,Provision of broadcasting services on TV,Provision of broadcasting services on TV,active,50000000,RWF,allowed
0.releases.400.tender.lots.2,0.releases.400,0,3,Provision of broadcasting services through Community Radios ,Provision of broadcasting services through Community Radios ,active,21000000,RWF,allowed
0.releases.402.tender.lots.0,0.releases.402,0,1,Provision of decoration services,Provision of decoration services,active,40000000,RWF,allowed
0.releases.403.tender.lots.0,0.releases.403,0,1,"Lot 1: Radio stations (public, private, community, confessional)","Radio stations (public, private, community, confessional)",active,47027564,RWF,allowed
0.releases.403.tender.lots.1,0.releases.403,0,2,"Lot 2: TV stations (public, private, community, confessional)","TV stations (public, private, community, confessional)",active,40535962,RWF,allowed
0.releases.403.tender.lots.2,0.releases.403,0,3,Lot 3: Internet / online media, Internet / online media,active,12101490,RWF,allowed
0.releases.404.tender.lots.0,0.releases.404,0,1,"Lot 1: Radio stations (public, private, community, confessional)","Radio stations (public, private, community, confessional)",active,47027564,RWF,allowed
0.releases.404.tender.lots.1,0.releases.404,0,2,"Lot 2: TV stations (public, private, community, confessional)","TV stations (public, private, community, confessional)",active,40535962,RWF,allowed
0.releases.404.tender.lots.2,0.releases.404,0,3,Lot 3: Internet / online media, Internet / online media,active,12101490,RWF,allowed
0.releases.405.tender.lots.0,0.releases.405,0,1,"Maintence of all ambulances, others vehicules and motocycles and spare parts",Non consultant services,active,37840000,RWF,allowed
0.releases.406.tender.lots.0,0.releases.406,0,1,Decoration services for Nyamasheke District events,Decoration services for Nyamasheke District events,active,2430560,RWF,allowed
0.releases.407.tender.lots.0,0.releases.407,0,1,Supply of chalk in all districts on framework contract,,active,1081046213,RWF,allowed
0.releases.408.tender.lots.0,0.releases.408,0,1,Supply of kitchenware materials and other refreshment items,,active,20000000,RWF,allowed
0.releases.410.tender.lots.0,0.releases.410,0,1,Provision of Veterinary Service through Veterinary Sanitary Mandate Animal Insemination and Vaccination Campaign,Sanitary Mandate,active,18000000,RWF,allowed
0.releases.412.tender.lots.0,0.releases.412,0,1,"Supplying, installing, testing, commissioning and maintenance of Solar Water Heating systems in residential and non-residential sector under framework contracts (Recruitment of additional suppliers)",,active,349583333,RWF,allowed
0.releases.413.tender.lots.0,0.releases.413,0,1,Provision of refreshment to staff of judiciary, In different Court ,active,45000000,RWF,allowed
0.releases.413.tender.lots.1,0.releases.413,0,2,Provision of refreshment to staff of judiciary, In different Court ,active,35000000,RWF,allowed
0.releases.415.tender.lots.0,0.releases.415,0,1,Supply and installation of complete 11 push bars for fire resistant and exit Doors     ,,active,9867000,RWF,allowed
0.releases.416.tender.lots.0,0.releases.416,0,1,Provision for insurance services for Burera District buildings and movable assets (Framework contract),Provision for insurance services for Burera District buildings and movable assets (Framework contract),active,14000000,RWF,allowed
0.releases.417.tender.lots.0,0.releases.417,0,1,Supply electricity cash power,,active,15000000,RWF,allowed
0.releases.418.tender.lots.0,0.releases.418,0,1,Terms of reference for Hiring a consultancy firm to conduct the feasibility study for upgrading Kiyanzi Warehouse Facility for Regional Logistics Hub Development,Terms of reference for Hiring a consultancy firm to conduct the feasibility study for upgrading Kiyanzi Warehouse Facility for Regional Logistics Hub Development,active,172766400,RWF,allowed
0.releases.418.tender.lots.1,0.releases.418,0,1,Terms of reference for Hiring a consultancy firm to conduct the feasibility study for upgrading Kiyanzi Warehouse Facility for Regional Logistics Hub Development,Terms of reference for Hiring a consultancy firm to conduct the feasibility study for upgrading Kiyanzi Warehouse Facility for Regional Logistics Hub Development,active,172766400,RWF,allowed
0.releases.418.tender.lots.2,0.releases.418,0,1,LotNo1,,active,,,allowed
0.releases.420.tender.lots.0,0.releases.420,0,1,"Lot 1: Radio stations (public, private, community, confessional)","Radio stations (public, private, community, confessional)",active,47027564,RWF,allowed
0.releases.420.tender.lots.1,0.releases.420,0,2,"Lot 2: TV stations (public, private, community, confessional)","TV stations (public, private, community, confessional)",active,40535962,RWF,allowed
0.releases.420.tender.lots.2,0.releases.420,0,3,Lot 3: Internet / online media, Internet / online media,active,12101490,RWF,allowed
0.releases.421.tender.lots.0,0.releases.421,0,1,"Lot 1: Radio stations (public, private, community, confessional)","Radio stations (public, private, community, confessional)",active,47027564,RWF,allowed
0.releases.421.tender.lots.1,0.releases.421,0,2,"Lot 2: TV stations (public, private, community, confessional)","TV stations (public, private, community, confessional)",active,40535962,RWF,allowed
0.releases.421.tender.lots.2,0.releases.421,0,3,Lot 3: Internet / online media, Internet / online media,active,12101490,RWF,allowed
0.releases.422.tender.lots.0,0.releases.422,0,1,Purchase and supply of Equipmemts of ECD model,,active,13500000,RWF,allowed
0.releases.423.tender.lots.0,0.releases.423,0,1,Privatization of management of Rwanteru Slaugther House,Privatization of management of Rwanteru Slaugther House,active,1,RWF,allowed
0.releases.423.tender.lots.1,0.releases.423,0,1,Privatization of management of Rwanteru Slaugther House,Privatization of management of Rwanteru Slaugther House,active,1,RWF,allowed
0.releases.424.tender.lots.0,0.releases.424,0,1,"Lot 1: Radio stations (public, private, community, confessional)","Radio stations (public, private, community, confessional)",active,47027564,RWF,allowed
0.releases.424.tender.lots.1,0.releases.424,0,2,"Lot 2: TV stations (public, private, community, confessional)","TV stations (public, private, community, confessional)",active,40535962,RWF,allowed
0.releases.424.tender.lots.2,0.releases.424,0,3,Lot 3: Internet / online media, Internet / online media,active,12101490,RWF,allowed
0.releases.425.tender.lots.0,0.releases.425,0,1,"Lot 1: Radio stations (public, private, community, confessional)","Radio stations (public, private, community, confessional)",active,47027564,RWF,allowed
0.releases.425.tender.lots.1,0.releases.425,0,2,"Lot 2: TV stations (public, private, community, confessional)","TV stations (public, private, community, confessional)",active,40535962,RWF,allowed
0.releases.425.tender.lots.2,0.releases.425,0,3,Lot 3: Internet / online media, Internet / online media,active,12101490,RWF,allowed
0.releases.426.tender.lots.0,0.releases.426,0,1,Maintenance of Speed governors for RCS Vehicles,Maintenance of Speed governors for RCS Vehicles,active,4590000,RWF,allowed
0.releases.427.tender.lots.0,0.releases.427,0,1,Tender for Security Service,Tender for Security Service,active,16200180,RWF,allowed
0.releases.428.tender.lots.0,0.releases.428,0,1,Tender for insurance of vehicle,Tender for insurance of vehicle,active,4000000,RWF,allowed
0.releases.428.tender.lots.1,0.releases.428,0,1,Tender for insurance of vehicle,Tender for insurance of vehicle,active,4000000,RWF,allowed
0.releases.432.tender.lots.0,0.releases.432,0,1,Provision of insurance service under framework contract (insurance for EDCL linesmen),Insurance service,active,50000000,RWF,allowed
0.releases.434.tender.lots.0,0.releases.434,0,1,Provision of Annual Catering services for OAG staff (Framework Tender),Provision of Annual Catering services for OAG staff (Framework Tender),active,20000000,RWF,allowed
0.releases.434.tender.lots.1,0.releases.434,0,1,Provision of Annual Catering services for OAG staff (Framework Tender),Provision of Annual Catering services for OAG staff (Framework Tender),active,20000000,RWF,allowed
0.releases.434.tender.lots.2,0.releases.434,0,1,Provision of Annual Catering services for OAG staff (Framework Tender),Provision of Annual Catering services for OAG staff (Framework Tender),active,20000000,RWF,allowed
0.releases.435.tender.lots.0,0.releases.435,0,1,Acquisition of Tyres for OBVANS,,active,20000000,RWF,allowed
0.releases.436.tender.lots.0,0.releases.436,0,1,Supply of office stationeries,,active,18000000,RWF,allowed
0.releases.437.tender.lots.0,0.releases.437,0,1,Lot 2:Rehabilitation of 300 Ha of Degraded Private Forest Through PFMU approach in Rutsiro District,Lot 2:Rehabilitation of 300 Ha of Degraded Private Forest Through PFMU approach in Rutsiro District,active,300000000,RWF,allowed
0.releases.438.tender.lots.0,0.releases.438,0,1,Supply of tools and training consumables for Masonry in RP Gishari College,,active,30000000,RWF,allowed
0.releases.439.tender.lots.0,0.releases.439,0,1,Consultancy services to develop professional capabilities through trainings and Certification in the chartered Director Programme,Consultancy services to develop professional capabilities through trainings and Certification in the chartered Director Programme,active,200000000,RWF,allowed
0.releases.439.tender.lots.1,0.releases.439,0,1,LotNo1,,active,,,allowed
0.releases.439.tender.lots.2,0.releases.439,0,1,Consultancy services to develop professional capabilities through trainings and Certification in the chartered Director Programme,Consultancy services to develop professional capabilities through trainings and Certification in the chartered Director Programme,active,200000000,RWF,allowed
0.releases.440.tender.lots.0,0.releases.440,0,1,Acquisition of Gas for RCS Training School,,active,13956400,RWF,allowed
0.releases.443.tender.lots.0,0.releases.443,0,1,Insurance for NEC movable assets,Insurance for NEC movable assets,active,16000000,RWF,allowed
0.releases.443.tender.lots.1,0.releases.443,0,1,Insurance for NEC movable assets,Insurance for NEC movable assets,active,16000000,RWF,allowed
0.releases.444.tender.lots.0,0.releases.444,0,1,Supply personal protective equipments PPEs at new classrooms construction under PPD Basket Fund,,active,14322000,RWF,allowed
0.releases.445.tender.lots.0,0.releases.445,0,1,Construction and Upgrading of Gihengeri water Treatment Plant in Gatsibo District,Works,active,1815743773,RWF,allowed
0.releases.446.tender.lots.0,0.releases.446,0,1,Hiring cars for staff local transportation ,Hiring at least 3 cars,active,25000000,RWF,allowed
0.releases.447.tender.lots.0,0.releases.447,0,1,Acquisition of IFMIS Software Development Tools and Infrastructure Support and Maintenance,,active,507500000,RWF,allowed
0.releases.449.tender.lots.0,0.releases.449,0,1,Annual subscription to digital library,"200,000,000",active,200000000,RWF,allowed
0.releases.450.tender.lots.0,0.releases.450,0,1,Power supply Motor Pump for Amahoro Stadium,,active,42763301,RWF,allowed
0.releases.451.tender.lots.0,0.releases.451,0,1,Maintenance of cars and generators,Maintenance of cars and generators,active,30000000,RWF,allowed
0.releases.454.tender.lots.0,0.releases.454,0,1,Tender of Supply Hygien Materials,,active,11386065,RWF,allowed
0.releases.455.tender.lots.0,0.releases.455,0,1,Hiring individual consultant to train NEC staff on Elections,Hiring individual consultant to train NEC staff on Elections,active,20000000,RWF,allowed
0.releases.456.tender.lots.0,0.releases.456,0,1,Consultancy services to develop professional capabilities through trainings and Certification in the chartered Director Programme,Consultancy services to develop professional capabilities through trainings and Certification in the chartered Director Programme,active,200000000,RWF,allowed
0.releases.456.tender.lots.1,0.releases.456,0,1,LotNo1,,active,,,allowed
0.releases.456.tender.lots.2,0.releases.456,0,1,Consultancy services to develop professional capabilities through trainings and Certification in the chartered Director Programme,Consultancy services to develop professional capabilities through trainings and Certification in the chartered Director Programme,active,200000000,RWF,allowed
0.releases.457.tender.lots.0,0.releases.457,0,1,Acquisition of IFMIS Software Development Tools and Infrastructure Support and Maintenance,,active,507500000,RWF,allowed
0.releases.458.tender.lots.0,0.releases.458,0,1,"ISOKO RYO GUCUNGA IKIMOTERI CYA NYANZA,GUTWARA IMYANDA(COLLECTION)YO MU MUJYI WA NYANZA NO GUSUKURA IMIHANDA","ISOKO RYO GUCUNGA IKIMOTERI CYA NYANZA,GUTWARA IMYANDA(COLLECTION)YO MU MUJYI WA NYANZA NO GUSUKURA IMIHANDA",active,18000000,RWF,allowed
0.releases.459.tender.lots.0,0.releases.459,0,1,Supply of fuel,,active,20400000,RWF,allowed
0.releases.460.tender.lots.0,0.releases.460,0,1,Hiring of the Construction Company to Construct Basic Infrastructure in Muhanga Industrial Park,Hiring of the Construction Company to Construct Basic Infrastructure in Muhanga Industrial Park,active,940000000,RWF,allowed
0.releases.462.tender.lots.0,0.releases.462,0,1,Insurance Services for Supreme Court Vehicles,Insurance services,active,15000000,RWF,allowed
0.releases.465.tender.lots.0,0.releases.465,0,1,Urgent works of rehabilitation /Repair of damaged Road Sections Located on Kamuhanda-Kabuga-Ngamba-Rukoma -Gacurabwenge Unpaved District  Road under Design and Build Approach,Urgent works of rehabilitation /Repair of damaged Road Sections Located on Kamuhanda-Kabuga-Ngamba-Rukoma -Gacurabwenge Unpaved District  Road under Design and Build Approach,active,5820318285,RWF,allowed
0.releases.466.tender.lots.0,0.releases.466,0,1,AIRTIME AND SPACE ON TAXI PARK AND PUBLIC MARKETS RADIOS ACROSS THE COUNTRY,RWANDA FDA,active,20000000,RWF,allowed
0.releases.467.tender.lots.0,0.releases.467,0,2,PROVISION OF DECORATION SERVICES FOR CHENO EVENTS ,Decoration services ,active,15000000,RWF,allowed
0.releases.467.tender.lots.1,0.releases.467,0,3,PHOTOS AND CAMERA SERVICES FOR CHENO EVENTS,Photo and camera services ,active,15000000,RWF,allowed
0.releases.467.tender.lots.2,0.releases.467,0,4,Provision of the service of installation  and deinstallations of National flags in different strategic places of the City of Kigali to announce National celebrations,mast umwamba cleaning and  paint,active,3000000,RWF,allowed
0.releases.469.tender.lots.0,0.releases.469,0,1,Rental of residential building to accommodate Ambassador of Guinee Conakry(Re-advert),Non consultancy,active,132793107,RWF,allowed
0.releases.470.tender.lots.0,0.releases.470,0,1,Supply of small tools and consumables in Electrical Department,,active,27000000,RWF,allowed
0.releases.471.tender.lots.0,0.releases.471,0,1,Supply of office stationary,,active,72539110,RWF,allowed
0.releases.472.tender.lots.0,0.releases.472,0,1,Supply of stationeries and other supplies in Nyamasheke District,,active,24000000,RWF,allowed
0.releases.473.tender.lots.0,0.releases.473,0,1,Provision of Hotel and Restaurant services for workshops and conferences,Provision of Hotel and Restaurant services for workshops and conferences,active,24725583,RWF,allowed
0.releases.474.tender.lots.0,0.releases.474,0,1,Supply of chalk in all districts on framework contract,,active,1081046213,RWF,allowed
0.releases.476.tender.lots.0,0.releases.476,0,1,Annual provisions of SSL certificates,Annual provisions of SSL certificates,active,1920000,RWF,allowed
0.releases.477.tender.lots.0,0.releases.477,0,1,Provision of designing and printing services,Provision of designing and printing services,active,10000000,RWF,allowed
0.releases.478.tender.lots.0,0.releases.478,0,1,Re- advertising To extend The network Connection in the hospital.,Re- advertising To extend The network Connection in the hospital.,active,3600000,RWF,allowed
0.releases.479.tender.lots.0,0.releases.479,0,1,SUPPLY AND MAINTENANCE OF MEDICAL EQUIPMENTS,,active,81600000,RWF,allowed
0.releases.480.tender.lots.0,0.releases.480,0,1,Supply of hygienic materilas,,active,72578182,RWF,allowed
0.releases.482.tender.lots.0,0.releases.482,0,1,ACQUISITION MATERIALS FOR ISOLATION FOR RCS 2024-2025,,active,9306000,RWF,allowed
0.releases.483.tender.lots.0,0.releases.483,0,1,LotNo1,,active,,,allowed
0.releases.484.tender.lots.0,0.releases.484,0,1,"Lot 1: Radio stations (public, private, community, confessional)","Radio stations (public, private, community, confessional)",active,47027564,RWF,allowed
0.releases.484.tender.lots.1,0.releases.484,0,2,"Lot 2: TV stations (public, private, community, confessional)","TV stations (public, private, community, confessional)",active,40535962,RWF,allowed
0.releases.484.tender.lots.2,0.releases.484,0,3,Lot 3: Internet / online media, Internet / online media,active,12101490,RWF,allowed
0.releases.485.tender.lots.0,0.releases.485,0,1,"on boarding of an external auditing firm for an annual audit of Ireme Invest funded projects (DANIDA funds) for year ended December 31st, 2025","on boarding of an external auditing firm for an annual audit of Ireme Invest funded projects (DANIDA funds) for year ended December 31st, 2025",active,10000000,RWF,allowed
0.releases.486.tender.lots.0,0.releases.486,0,1,Tender of hiring the insurer to cover District vehicles and buildings,Tender of hiring the insurer to cover District vehicles and buildings,active,29487461,RWF,allowed
0.releases.487.tender.lots.0,0.releases.487,0,1,"Lot 1: Radio stations (public, private, community, confessional)","Radio stations (public, private, community, confessional)",active,47027564,RWF,allowed
0.releases.487.tender.lots.1,0.releases.487,0,2,"Lot 2: TV stations (public, private, community, confessional)","TV stations (public, private, community, confessional)",active,40535962,RWF,allowed
0.releases.487.tender.lots.2,0.releases.487,0,3,Lot 3: Internet / online media, Internet / online media,active,12101490,RWF,allowed
0.releases.488.tender.lots.0,0.releases.488,0,1,LotNo1,,active,,,allowed
0.releases.490.tender.lots.0,0.releases.490,0,1,Annual provision of security services,Annual provision of security services,active,92394000,RWF,allowed
0.releases.491.tender.lots.0,0.releases.491,0,1,Provision of annual technical maintenance and prosupport service for the dell core equipments and software (framework contract) to RRA,,active,800000000,RWF,allowed
0.releases.492.tender.lots.0,0.releases.492,0,1,Hotel services (3 star),Hotel services (3 star),active,42166667,RWF,allowed
0.releases.492.tender.lots.1,0.releases.492,0,2,Hotels services (Town hotel),Hotels services (Town hotel),active,42166667,RWF,allowed
0.releases.492.tender.lots.2,0.releases.492,0,3,Motel services,Motel services,active,42166666,RWF,allowed
0.releases.493.tender.lots.0,0.releases.493,0,1,"Lot 1: Radio stations (public, private, community, confessional)","Radio stations (public, private, community, confessional)",active,47027564,RWF,allowed
0.releases.493.tender.lots.1,0.releases.493,0,2,"Lot 2: TV stations (public, private, community, confessional)","TV stations (public, private, community, confessional)",active,40535962,RWF,allowed
0.releases.493.tender.lots.2,0.releases.493,0,3,Lot 3: Internet / online media, Internet / online media,active,12101490,RWF,allowed
0.releases.494.tender.lots.0,0.releases.494,0,1,Supervision of Construction of Nyamata health center,Supervision of Construction of Nyamata health center,active,130000000,RWF,allowed
0.releases.494.tender.lots.1,0.releases.494,0,1,Supervision of Construction of Nyamata health center,Supervision of Construction of Nyamata health center,active,130000000,RWF,allowed
0.releases.494.tender.lots.2,0.releases.494,0,1,Supervision of Construction of Nyamata health center,Supervision of Construction of Nyamata health center,active,130000000,RWF,allowed
0.releases.494.tender.lots.3,0.releases.494,0,1,LotNo1,,active,,,allowed
0.releases.495.tender.lots.0,0.releases.495,0,3,Provision of entrepreneurship hub,Provision of entrepreneurship hub,active,90000000,RWF,allowed
0.releases.496.tender.lots.0,0.releases.496,0,3,Provision of entrepreneurship hub,Provision of entrepreneurship hub,active,90000000,RWF,allowed
0.releases.497.tender.lots.0,0.releases.497,0,1,Design and Build for Renovation of Podium Gallery located at Plenary Hall of the Chamber of Deputies at the Parliament of Rwanda (re advert),Design and Build for Renovation of Podium Gallery located at Plenary Hall of the Chamber of Deputies at the Parliament of Rwanda (re advert),active,800000000,RWF,allowed
0.releases.499.tender.lots.0,0.releases.499,0,1,Maintenance of District water infrastructures and extensions,Maintenance of District water infrastructures and extensions,active,160000000,RWF,allowed
0.releases.501.tender.lots.0,0.releases.501,0,1,Tender of hiring the insurer to cover District vehicles and buildings,Tender of hiring the insurer to cover District vehicles and buildings,active,29487461,RWF,allowed
0.releases.502.tender.lots.0,0.releases.502,0,1,CONSTRUCTION OF 12 LATRINES AND ONE ACCESSIBLE TOILET AT EP KARAMA IN JANJA SECTOR,CONSTRUCTION OF 12 LATRINES AND ONE ACCESSIBLE TOILET AT EP KARAMA IN JANJA SECTOR,active,26520731,RWF,allowed
0.releases.503.tender.lots.0,0.releases.503,0,1,Supply and Installation of New Air conditioners,,active,6000000,RWF,allowed
0.releases.504.tender.lots.0,0.releases.504,0,1,"Provision of Sports and Recreational Facilities for RFI Staff: Access to Gym, Aerobics, Sauna, and Swimming","Provision of Sports and Recreational Facilities for RFI Staff: Access to Gym, Aerobics, Sauna, and Swimming",active,12000000,RWF,allowed
0.releases.505.tender.lots.0,0.releases.505,0,1,"Provision of Sports and Recreational Facilities for RFI Staff: Access to Gym, Aerobics, Sauna, and Swimming","Provision of Sports and Recreational Facilities for RFI Staff: Access to Gym, Aerobics, Sauna, and Swimming",active,12000000,RWF,allowed
0.releases.506.tender.lots.0,0.releases.506,0,1,"Provision of Sports and Recreational Facilities for RFI Staff: Access to Gym, Aerobics, Sauna, and Swimming","Provision of Sports and Recreational Facilities for RFI Staff: Access to Gym, Aerobics, Sauna, and Swimming",active,12000000,RWF,allowed
0.releases.507.tender.lots.0,0.releases.507,0,1,"Provision of Sports and Recreational Facilities for RFI Staff: Access to Gym, Aerobics, Sauna, and Swimming","Provision of Sports and Recreational Facilities for RFI Staff: Access to Gym, Aerobics, Sauna, and Swimming",active,12000000,RWF,allowed
0.releases.508.tender.lots.0,0.releases.508,0,1,"Provision of Sports and Recreational Facilities for RFI Staff: Access to Gym, Aerobics, Sauna, and Swimming","Provision of Sports and Recreational Facilities for RFI Staff: Access to Gym, Aerobics, Sauna, and Swimming",active,12000000,RWF,allowed
0.releases.509.tender.lots.0,0.releases.509,0,1,"Provision of Sports and Recreational Facilities for RFI Staff: Access to Gym, Aerobics, Sauna, and Swimming","Provision of Sports and Recreational Facilities for RFI Staff: Access to Gym, Aerobics, Sauna, and Swimming",active,12000000,RWF,allowed
0.releases.510.tender.lots.0,0.releases.510,0,1,"Provision of Sports and Recreational Facilities for RFI Staff: Access to Gym, Aerobics, Sauna, and Swimming","Provision of Sports and Recreational Facilities for RFI Staff: Access to Gym, Aerobics, Sauna, and Swimming",active,12000000,RWF,allowed
0.releases.511.tender.lots.0,0.releases.511,0,1,"Provision of Sports and Recreational Facilities for RFI Staff: Access to Gym, Aerobics, Sauna, and Swimming","Provision of Sports and Recreational Facilities for RFI Staff: Access to Gym, Aerobics, Sauna, and Swimming",active,12000000,RWF,allowed
0.releases.512.tender.lots.0,0.releases.512,0,1,"Provision of Sports and Recreational Facilities for RFI Staff: Access to Gym, Aerobics, Sauna, and Swimming","Provision of Sports and Recreational Facilities for RFI Staff: Access to Gym, Aerobics, Sauna, and Swimming",active,12000000,RWF,allowed
0.releases.513.tender.lots.0,0.releases.513,0,1,"Provision of Sports and Recreational Facilities for RFI Staff: Access to Gym, Aerobics, Sauna, and Swimming","Provision of Sports and Recreational Facilities for RFI Staff: Access to Gym, Aerobics, Sauna, and Swimming",active,12000000,RWF,allowed
0.releases.514.tender.lots.0,0.releases.514,0,1,"Provision of Sports and Recreational Facilities for RFI Staff: Access to Gym, Aerobics, Sauna, and Swimming","Provision of Sports and Recreational Facilities for RFI Staff: Access to Gym, Aerobics, Sauna, and Swimming",active,12000000,RWF,allowed
0.releases.515.tender.lots.0,0.releases.515,0,1,"Hiring broadcasting media houses to provide NESA with Radio ,television and online services ( Under Framework contract)",Radio services ,active,2000000,RWF,allowed
0.releases.515.tender.lots.1,0.releases.515,0,2,"Hiring broadcasting media houses to provide NESA with Radio ,television and online services",Television services ,active,2000000,RWF,allowed
0.releases.515.tender.lots.2,0.releases.515,0,3,"Hiring broadcasting media houses to provide NESA with Radio ,television and online services",Online Media house services ,active,1000000,RWF,allowed
0.releases.516.tender.lots.0,0.releases.516,0,1,"Hiring broadcasting media houses to provide NESA with Radio ,television and online services ( Under Framework contract)",Radio services ,active,2000000,RWF,allowed
0.releases.516.tender.lots.1,0.releases.516,0,2,"Hiring broadcasting media houses to provide NESA with Radio ,television and online services",Television services ,active,2000000,RWF,allowed
0.releases.516.tender.lots.2,0.releases.516,0,3,"Hiring broadcasting media houses to provide NESA with Radio ,television and online services",Online Media house services ,active,1000000,RWF,allowed
0.releases.517.tender.lots.0,0.releases.517,0,1,Maintenance of cars and generators,Maintenance of cars and generators,active,30000000,RWF,allowed
0.releases.518.tender.lots.0,0.releases.518,0,1,Tender for security service,Tender for security service,active,22939200,RWF,allowed
0.releases.519.tender.lots.0,0.releases.519,0,1,Supply and Installation of New Air conditioners,,active,6000000,RWF,allowed
0.releases.520.tender.lots.0,0.releases.520,0,1,Terms of reference for Hiring a consultancy firm to conduct the feasibility study for upgrading Kiyanzi Warehouse Facility for Regional Logistics Hub Development,Terms of reference for Hiring a consultancy firm to conduct the feasibility study for upgrading Kiyanzi Warehouse Facility for Regional Logistics Hub Development,active,172766400,RWF,allowed
0.releases.520.tender.lots.1,0.releases.520,0,1,Terms of reference for Hiring a consultancy firm to conduct the feasibility study for upgrading Kiyanzi Warehouse Facility for Regional Logistics Hub Development,Terms of reference for Hiring a consultancy firm to conduct the feasibility study for upgrading Kiyanzi Warehouse Facility for Regional Logistics Hub Development,active,172766400,RWF,allowed
0.releases.520.tender.lots.2,0.releases.520,0,1,LotNo1,,active,,,allowed
0.releases.521.tender.lots.0,0.releases.521,0,1,LotNo1,,active,,,allowed
0.releases.522.tender.lots.0,0.releases.522,0,1,Supply of Audio visual Services,Supply of Audio visual Services,active,30000000,RWF,allowed
0.releases.522.tender.lots.1,0.releases.522,0,1,Supply of Audio visual Services,Supply of Audio visual Services,active,30000000,RWF,allowed
0.releases.523.tender.lots.0,0.releases.523,0,1,Acquisition of Gas for RCS Training School,,active,13956400,RWF,allowed
0.releases.525.tender.lots.0,0.releases.525,0,1,Purchase non medical supplies,,active,40158462,RWF,allowed
0.releases.525.tender.lots.1,0.releases.525,0,1,Purchase non medical supplies,,active,40158462,RWF,allowed
0.releases.527.tender.lots.0,0.releases.527,0,1,Supply of office stationaries,,active,26000000,RWF,allowed
0.releases.528.tender.lots.0,0.releases.528,0,1,Design and Build for Renovation of Podium Gallery located at Plenary Hall of the Chamber of Deputies at the Parliament of Rwanda (re advert),Design and Build for Renovation of Podium Gallery located at Plenary Hall of the Chamber of Deputies at the Parliament of Rwanda (re advert),active,800000000,RWF,allowed
0.releases.529.tender.lots.0,0.releases.529,0,1,"Service of gym, swimming, sauna, massage, playground and related sports facilities within the city of kigali",sport facilities,active,5000000,RWF,allowed
0.releases.530.tender.lots.0,0.releases.530,0,1,"Service of gym, swimming, sauna, massage, playground and related sports facilities within the city of kigali",sport facilities,active,5000000,RWF,allowed
0.releases.531.tender.lots.0,0.releases.531,0,1,"Service of gym, swimming, sauna, massage, playground and related sports facilities within the city of kigali",sport facilities,active,5000000,RWF,allowed
0.releases.532.tender.lots.0,0.releases.532,0,1,"Service of gym, swimming, sauna, massage, playground and related sports facilities within the city of kigali",sport facilities,active,5000000,RWF,allowed
0.releases.533.tender.lots.0,0.releases.533,0,1,"Service of gym, swimming, sauna, massage, playground and related sports facilities within the city of kigali",sport facilities,active,5000000,RWF,allowed
0.releases.534.tender.lots.0,0.releases.534,0,1,"Service of gym, swimming, sauna, massage, playground and related sports facilities within the city of kigali",sport facilities,active,5000000,RWF,allowed
0.releases.536.tender.lots.0,0.releases.536,0,1,Hiring of the Construction Company to Construct Basic Infrastructure in Muhanga Industrial Park,Hiring of the Construction Company to Construct Basic Infrastructure in Muhanga Industrial Park,active,940000000,RWF,allowed
0.releases.537.tender.lots.0,0.releases.537,0,1,Supply of IT training consumables,,active,25000000,RWF,allowed
0.releases.540.tender.lots.0,0.releases.540,0,1,Tender Supply of Agricultural Inputs ,,active,82000000,RWF,allowed
0.releases.541.tender.lots.0,0.releases.541,0,1,LotNo1,,active,,,allowed
0.releases.543.tender.lots.0,0.releases.543,0,1,Tender for security service,Tender for security service,active,22939200,RWF,allowed
0.releases.544.tender.lots.0,0.releases.544,0,1,Rental of residential building to accommodate Ambassador of Guinee Conakry(Re-advert),Non consultancy,active,132793107,RWF,allowed
0.releases.545.tender.lots.0,0.releases.545,0,1,LotNo1,,active,,,allowed
0.releases.547.tender.lots.0,0.releases.547,0,1,CONSULTANCY SERVICE FOR HIRING PROFESSIONAL BAILIFF (UMUHESHA W'INKIKO W'UMWUGA),CONSULTANCY SERVICE FOR HIRING PROFESSIONAL BAILIFF (UMUHESHA W'INKIKO W'UMWUGA),active,6000000,RWF,allowed
0.releases.549.tender.lots.0,0.releases.549,0,1,Supply of refreshment,,active,29214560,RWF,allowed
0.releases.550.tender.lots.0,0.releases.550,0,1,LotNo1,,active,,,allowed
0.releases.551.tender.lots.0,0.releases.551,0,1,PROVISION OF RESTAURANT AND CATERING SERVICES TO BUSOGO CAMPUS - RE-ADVERTISED,PROVISION OF RESTAURANT AND CATERING SERVICES TO BUSOGO CAMPUS - RE-ADVERTISED,active,51000000,RWF,allowed
0.releases.553.tender.lots.0,0.releases.553,0,1,Construction works of the High Level Isolation Unit,works,active,3693075251,RWF,allowed
0.releases.554.tender.lots.0,0.releases.554,0,1,"Supplying, installing, testing, commissioning and maintenance of Solar Water Heating systems in residential and non-residential sector under framework contracts (Recruitment of additional suppliers)",,active,349583333,RWF,allowed
0.releases.555.tender.lots.0,0.releases.555,0,1,Broadcasting of Judicial Talk-Shows Live or Pre-Recorded,Broadcasting of Judicial Talk-Shows Live or Pre-Recorded,active,6500000,RWF,allowed
0.releases.556.tender.lots.0,0.releases.556,0,1,LOT 1:  SUPPLY OF NEW ACCOMODATION EQUIPMENT FOR CTTC MAYANGE ,,active,42533500,RWF,allowed
0.releases.556.tender.lots.1,0.releases.556,0,2,Lot 2: SUPPLY OF NEW ACCOMMODATION EQUIPMENT FOR NPC,,active,85044000,RWF,allowed
0.releases.556.tender.lots.2,0.releases.556,0,1,LOT 1:  SUPPLY OF NEW ACCOMODATION EQUIPMENT FOR CTTC MAYANGE ,,active,42533500,RWF,allowed
0.releases.556.tender.lots.3,0.releases.556,0,2,Lot 2: SUPPLY OF NEW ACCOMMODATION EQUIPMENT FOR NPC,,active,85044000,RWF,allowed
0.releases.557.tender.lots.0,0.releases.557,0,1,Supply of IT equipment under VCRP (Re advertisement),,active,18000000,RWF,allowed
0.releases.559.tender.lots.0,0.releases.559,0,1,Supply of Office Furniture to RISA,,active,200000000,RWF,allowed
0.releases.562.tender.lots.0,0.releases.562,0,1,LOT 1:  SUPPLY OF NEW ACCOMODATION EQUIPMENT FOR CTTC MAYANGE ,,active,42533500,RWF,allowed
0.releases.562.tender.lots.1,0.releases.562,0,2,Lot 2: SUPPLY OF NEW ACCOMMODATION EQUIPMENT FOR NPC,,active,85044000,RWF,allowed
0.releases.562.tender.lots.2,0.releases.562,0,1,LOT 1:  SUPPLY OF NEW ACCOMODATION EQUIPMENT FOR CTTC MAYANGE ,,active,42533500,RWF,allowed
0.releases.562.tender.lots.3,0.releases.562,0,2,Lot 2: SUPPLY OF NEW ACCOMMODATION EQUIPMENT FOR NPC,,active,85044000,RWF,allowed
0.releases.563.tender.lots.0,0.releases.563,0,1,Maintenance of District water infrastructures and extensions,Maintenance of District water infrastructures and extensions,active,160000000,RWF,allowed
0.releases.565.tender.lots.0,0.releases.565,0,1,"Hiring broadcasting media houses to provide NESA with Radio ,television and online services ( Under Framework contract)",Radio services ,active,2000000,RWF,allowed
0.releases.565.tender.lots.1,0.releases.565,0,2,"Hiring broadcasting media houses to provide NESA with Radio ,television and online services",Television services ,active,2000000,RWF,allowed
0.releases.565.tender.lots.2,0.releases.565,0,3,"Hiring broadcasting media houses to provide NESA with Radio ,television and online services",Online Media house services ,active,1000000,RWF,allowed
0.releases.567.tender.lots.0,0.releases.567,0,1,Tender of maintenance and repair IT equipment,Tender of maintenance and repair IT equipment,active,8500000,RWF,allowed
0.releases.568.tender.lots.0,0.releases.568,0,1,Sport Services,Sport Services,active,4000000,RWF,allowed
0.releases.569.tender.lots.0,0.releases.569,0,2,SERVICE FOR ADVERTISEMENT IN A LOCAL DAILY ELECTRONIC MAGAZINE ON FRAMEWORK AGREEMENT,SERVICE FOR ADVERTISEMENT IN A LOCAL DAILY KINYARWANDA MAGAZINE,active,3150000,RWF,allowed
0.releases.569.tender.lots.1,0.releases.569,0,3,SERVICE FOR ADVERTISEMENT IN A LOCAL DAILY ELECTRONIC MAGAZINE ON FRAMEWORK AGREEMENT,SERVICE FOR RENTING BILLBOARDS,active,1500000,RWF,allowed
0.releases.569.tender.lots.2,0.releases.569,0,1,SERVICE FOR ADVERTISEMENT IN A LOCAL DAILY ELECTRONIC MAGAZINE ON FRAMEWORK AGREEMENT,SERVICE FOR ADVERTISEMENT IN A LOCAL DAILY ENGLISH MAGAZINE,active,3150000,RWF,allowed
0.releases.569.tender.lots.3,0.releases.569,0,2,SERVICE FOR ADVERTISEMENT IN A LOCAL DAILY ELECTRONIC MAGAZINE ON FRAMEWORK AGREEMENT,SERVICE FOR ADVERTISEMENT IN A LOCAL DAILY KINYARWANDA MAGAZINE,active,3150000,RWF,allowed
0.releases.569.tender.lots.4,0.releases.569,0,3,SERVICE FOR ADVERTISEMENT IN A LOCAL DAILY ELECTRONIC MAGAZINE ON FRAMEWORK AGREEMENT,SERVICE FOR RENTING BILLBOARDS,active,1500000,RWF,allowed
0.releases.570.tender.lots.0,0.releases.570,0,2,SERVICE FOR ADVERTISEMENT IN A LOCAL DAILY ELECTRONIC MAGAZINE ON FRAMEWORK AGREEMENT,SERVICE FOR ADVERTISEMENT IN A LOCAL DAILY KINYARWANDA MAGAZINE,active,3150000,RWF,allowed
0.releases.570.tender.lots.1,0.releases.570,0,3,SERVICE FOR ADVERTISEMENT IN A LOCAL DAILY ELECTRONIC MAGAZINE ON FRAMEWORK AGREEMENT,SERVICE FOR RENTING BILLBOARDS,active,1500000,RWF,allowed
0.releases.570.tender.lots.2,0.releases.570,0,1,SERVICE FOR ADVERTISEMENT IN A LOCAL DAILY ELECTRONIC MAGAZINE ON FRAMEWORK AGREEMENT,SERVICE FOR ADVERTISEMENT IN A LOCAL DAILY ENGLISH MAGAZINE,active,3150000,RWF,allowed
0.releases.570.tender.lots.3,0.releases.570,0,2,SERVICE FOR ADVERTISEMENT IN A LOCAL DAILY ELECTRONIC MAGAZINE ON FRAMEWORK AGREEMENT,SERVICE FOR ADVERTISEMENT IN A LOCAL DAILY KINYARWANDA MAGAZINE,active,3150000,RWF,allowed
0.releases.570.tender.lots.4,0.releases.570,0,3,SERVICE FOR ADVERTISEMENT IN A LOCAL DAILY ELECTRONIC MAGAZINE ON FRAMEWORK AGREEMENT,SERVICE FOR RENTING BILLBOARDS,active,1500000,RWF,allowed
0.releases.571.tender.lots.0,0.releases.571,0,2,"Supply, installation and training on RSB Laboratory Management System for metrology laboratories and upgrading existing system for testing laboratories","Lot2.Supply, installation and training on RSB Laboratory Management System for metrology laboratories ",active,437223400,RWF,allowed
0.releases.571.tender.lots.1,0.releases.571,0,3,"Supply, installation and training on RSB Laboratory Management System for metrology laboratories and upgrading existing system for testing laboratories","Lot1. Supply, installation and training and upgrading existing system for testing laboratories",active,432776600,RWF,allowed
0.releases.573.tender.lots.0,0.releases.573,0,1,"Operationalization of Home Based ECD(HBECD)/porridge for 251HBECD (Gasab0:187, Kicukiro:19; Nyarugenge:45)",,active,108432000,RWF,allowed
0.releases.574.tender.lots.0,0.releases.574,0,1,Codification of SGF Assets,Codification of SGF Assets,active,2000000,RWF,allowed
0.releases.577.tender.lots.0,0.releases.577,0,1,Provision of refreshment to staff of judiciary, In different Court ,active,45000000,RWF,allowed
0.releases.577.tender.lots.1,0.releases.577,0,2,Provision of refreshment to staff of judiciary, In different Court ,active,35000000,RWF,allowed
0.releases.578.tender.lots.0,0.releases.578,0,1,Insurance Services for Supreme Court Vehicles,Insurance services,active,15000000,RWF,allowed
0.releases.579.tender.lots.0,0.releases.579,0,1,supply of uniforms for staff,,active,4000000,RWF,allowed
0.releases.580.tender.lots.0,0.releases.580,0,1,Renting of vehicles  for IRS  activities and for others activities,Renting of vehicles  for IRS  activities and for others activities,active,95610480,RWF,allowed
0.releases.580.tender.lots.1,0.releases.580,0,1,Renting of vehicles  for IRS  activities and for others activities,Renting of vehicles  for IRS  activities and for others activities,active,95610480,RWF,allowed
0.releases.582.tender.lots.0,0.releases.582,0,1,"Feasibility and technical study for Rehabilitation and upgrading of 5Health centers Mucubira,nyamiyaga,Gatagara,Mweya and Hanika at different Sector in Nyanza District","Feasibility and technical study for Rehabilitation and upgrading of 5Health centers Mucubira,nyamiyaga,Gatagara,Mweya and Hanika at different Sector in Nyanza District",active,45000000,RWF,allowed
0.releases.583.tender.lots.0,0.releases.583,0,1,Consultancy Services for Supervision of Execution Works of Periodic Maintenance of Huye- Kibeho-Ndago-Munini & Ndago-Ngoma (68.219Km) Paved Road,Consultancy Services for Supervision of Execution Works of Periodic Maintenance of Huye- Kibeho-Ndago-Munini & Ndago-Ngoma (68.219Km) Paved Road,active,154849694,RWF,allowed
0.releases.583.tender.lots.1,0.releases.583,0,1,LotNo1,,active,,,allowed
0.releases.584.tender.lots.0,0.releases.584,0,1,LotNo1,,active,,,allowed
0.releases.585.tender.lots.0,0.releases.585,0,1,Supply of furniture  at Ntare Louisenlund School,,active,16270000,RWF,allowed
0.releases.586.tender.lots.0,0.releases.586,0,1,Supply of furniture  at Ntare Louisenlund School,,active,16270000,RWF,allowed
0.releases.587.tender.lots.0,0.releases.587,0,1,Supply of furniture  at Ntare Louisenlund School,,active,16270000,RWF,allowed
0.releases.589.tender.lots.0,0.releases.589,0,1,Supply of furniture  at Ntare Louisenlund School,,active,16270000,RWF,allowed
0.releases.590.tender.lots.0,0.releases.590,0,1,Tender for Supply of Mobile devices on behalf of all Government Institutions,,active,200000000,RWF,allowed
0.releases.593.tender.lots.0,0.releases.593,0,1,Insemination and vaccination and other related services,Insemination and vaccination and other related services,active,101171168,RWF,allowed
0.releases.595.tender.lots.0,0.releases.595,0,1,LotNo1,,active,,,allowed
0.releases.596.tender.lots.0,0.releases.596,0,1,LotNo1,,active,,,allowed
0.releases.598.tender.lots.0,0.releases.598,0,1,LOT 1:  SUPPLY OF NEW ACCOMODATION EQUIPMENT FOR CTTC MAYANGE ,,active,42533500,RWF,allowed
0.releases.598.tender.lots.1,0.releases.598,0,2,Lot 2: SUPPLY OF NEW ACCOMMODATION EQUIPMENT FOR NPC,,active,85044000,RWF,allowed
0.releases.598.tender.lots.2,0.releases.598,0,1,LOT 1:  SUPPLY OF NEW ACCOMODATION EQUIPMENT FOR CTTC MAYANGE ,,active,42533500,RWF,allowed
0.releases.598.tender.lots.3,0.releases.598,0,2,Lot 2: SUPPLY OF NEW ACCOMMODATION EQUIPMENT FOR NPC,,active,85044000,RWF,allowed
0.releases.599.tender.lots.0,0.releases.599,0,1,Acquisition of CUG (AIRTEL RWANDA) for Rwanda Correctional Service staff,Acquisition of CUG (AIRTEL RWANDA) for Rwanda Correctional Service staff,active,19500000,RWF,allowed
0.releases.600.tender.lots.0,0.releases.600,0,1,Provision of necessary needs to Transit center,,active,93951823,RWF,allowed
0.releases.600.tender.lots.1,0.releases.600,0,1,Provision of necessary needs to Transit center,,active,93951823,RWF,allowed
0.releases.602.tender.lots.0,0.releases.602,0,1,Supply of office stationeries,,active,18000000,RWF,allowed
0.releases.603.tender.lots.0,0.releases.603,0,1,"Supply of sugar, coffee and tea made in Rwanda",,active,1985000,RWF,allowed
0.releases.604.tender.lots.0,0.releases.604,0,1,Acquisition of Tyres for OBVANS,,active,20000000,RWF,allowed
0.releases.605.tender.lots.0,0.releases.605,0,1,Vehicle and Motos insurance,"9,500,000",active,9500000,RWF,allowed
0.releases.608.tender.lots.0,0.releases.608,0,1,Acquisition of Tyres for OBVANS,,active,20000000,RWF,allowed
0.releases.609.tender.lots.0,0.releases.609,0,1,supply of office stationaries,,active,10000000,RWF,allowed
0.releases.609.tender.lots.1,0.releases.609,0,1,supply of office stationaries,,active,10000000,RWF,allowed
0.releases.610.tender.lots.0,0.releases.610,0,1,supply of office stationaries,,active,10000000,RWF,allowed
0.releases.610.tender.lots.1,0.releases.610,0,1,supply of office stationaries,,active,10000000,RWF,allowed
0.releases.611.tender.lots.0,0.releases.611,0,1,supply of office stationaries,,active,10000000,RWF,allowed
0.releases.611.tender.lots.1,0.releases.611,0,1,supply of office stationaries,,active,10000000,RWF,allowed
0.releases.612.tender.lots.0,0.releases.612,0,1,supply of office stationaries,,active,10000000,RWF,allowed
0.releases.612.tender.lots.1,0.releases.612,0,1,supply of office stationaries,,active,10000000,RWF,allowed
0.releases.613.tender.lots.0,0.releases.613,0,1,supply of office stationaries,,active,10000000,RWF,allowed
0.releases.613.tender.lots.1,0.releases.613,0,1,supply of office stationaries,,active,10000000,RWF,allowed
0.releases.614.tender.lots.0,0.releases.614,0,1,Provision of Sports and recreation facilities to NRS Staffs,Provision of Sports and recreation facilities to NRS Staffs,active,54447,RWF,allowed
0.releases.615.tender.lots.0,0.releases.615,0,1,Provision of Sports and recreation facilities to NRS Staffs,Provision of Sports and recreation facilities to NRS Staffs,active,54447,RWF,allowed
0.releases.616.tender.lots.0,0.releases.616,0,1,Provision of Sports and recreation facilities to NRS Staffs,Provision of Sports and recreation facilities to NRS Staffs,active,54447,RWF,allowed
0.releases.617.tender.lots.0,0.releases.617,0,1,Provision of Sports and recreation facilities to NRS Staffs,Provision of Sports and recreation facilities to NRS Staffs,active,54447,RWF,allowed
0.releases.618.tender.lots.0,0.releases.618,0,1,Provision of Sports and recreation facilities to NRS Staffs,Provision of Sports and recreation facilities to NRS Staffs,active,54447,RWF,allowed
0.releases.619.tender.lots.0,0.releases.619,0,1,Provision of Sports and recreation facilities to NRS Staffs,Provision of Sports and recreation facilities to NRS Staffs,active,54447,RWF,allowed
0.releases.620.tender.lots.0,0.releases.620,0,1,Provision of Sports and recreation facilities to NRS Staffs,Provision of Sports and recreation facilities to NRS Staffs,active,54447,RWF,allowed
0.releases.622.tender.lots.0,0.releases.622,0,1,Supply of asset transfer (ToolKits) under Framework contract.,,active,60000000,RWF,allowed
0.releases.623.tender.lots.0,0.releases.623,0,1,Provision of Sport services,Sport facilities ,active,2000000,RWF,allowed
0.releases.625.tender.lots.0,0.releases.625,0,1,Supply of  office Beverage,,active,13000000,RWF,allowed
0.releases.626.tender.lots.0,0.releases.626,0,1,Provision of Sport services,Sport facilities ,active,2000000,RWF,allowed
0.releases.627.tender.lots.0,0.releases.627,0,1,Tender for renovation works of Gashonga Preliminary rehabilitation Center in Rusizi District,Buildings,active,39303810,RWF,allowed
0.releases.628.tender.lots.0,0.releases.628,0,1,PROVISION OF INTERNET SERVICES AND MSS PACKAGE CHARHAGES,INTERNET SERVICES,active,8500000,RWF,allowed
0.releases.629.tender.lots.0,0.releases.629,0,1,Hiring a local transportation Company for RMI Staff for period of one year,Hiring a local transportation Company for RMI Staff for period of one year,active,6983168,RWF,allowed
0.releases.630.tender.lots.0,0.releases.630,0,1,Renovation of Muhima HC Maternity,Renovation of Muhima HC Maternity,active,11833756,RWF,allowed
0.releases.631.tender.lots.0,0.releases.631,0,2,Lot 2: SUPPLY OF DIFFERENT EQUIPMENT FOR MINUSCA/UNMISS FPUs,,active,40750000,RWF,allowed
0.releases.631.tender.lots.1,0.releases.631,0,5,SUPPLY OF ELECTRICAL AND CONSTRUCTION MATERIALS,,active,68127000,RWF,allowed
0.releases.631.tender.lots.2,0.releases.631,0,3,SUPPLY OF REEFER CONTAINER,,active,130000000,RWF,allowed
0.releases.631.tender.lots.3,0.releases.631,0,1,SUPPLY OF GENERATORS (STATIONARY AND MOBILE),,active,309300000,RWF,allowed
0.releases.631.tender.lots.4,0.releases.631,0,5,SUPPLY OF ELECTRICAL AND CONSTRUCTION MATERIALS,,active,68127000,RWF,allowed
0.releases.631.tender.lots.5,0.releases.631,0,4,SUPPLY OF GYM EQUIPMENT,,active,93960000,RWF,allowed
0.releases.631.tender.lots.6,0.releases.631,0,2,Lot 2: SUPPLY OF DIFFERENT EQUIPMENT FOR MINUSCA/UNMISS FPUs,,active,40750000,RWF,allowed
0.releases.632.tender.lots.0,0.releases.632,0,1,Consultant for Construction Supervision of Nyabisindu rehousing project works (Construction Supervision of 2 housing blocks for Nyabisindu Compensation in Kind for road 13),Consultant for Construction Supervision of Nyabisindu rehousing project works (Construction Supervision of 2 housing blocks for Nyabisindu Compensation in Kind for road 13),active,285000000,RWF,allowed
0.releases.633.tender.lots.0,0.releases.633,0,1,Supply of asset transfer (ToolKits) under Framework contract.,,active,60000000,RWF,allowed
0.releases.634.tender.lots.0,0.releases.634,0,1,Lot 1: Construction works of Model ECDs Centers of EP Ngoma Cath in Huye District,Works,active,207842417,RWF,allowed
0.releases.634.tender.lots.1,0.releases.634,0,2,Lot 2: Construction of EDC Center of GC Nyarubande in Rubavu District,Works,active,226676289,RWF,allowed
0.releases.634.tender.lots.2,0.releases.634,0,3,Lot 3: Construction of EDC Center of Gihundwe in District,Works,active,218293294,RWF,allowed
0.releases.635.tender.lots.0,0.releases.635,0,1,Acquisition of Survey to Go questionnaires ,Acquisition of Survey to Go questionnaires ,active,5000000,RWF,allowed
0.releases.636.tender.lots.0,0.releases.636,0,1,Supply of Stationaries and Printing Consumables,,active,9000000,RWF,allowed
0.releases.637.tender.lots.0,0.releases.637,0,1,SUPPLY AND INSTALLATION  OF DRAINAGE CHANNEL COVERS  ON PLAYGROUND FACILITIES FOR 4 TVET SCHOOLS ON BORDERS IN NYAGATARE AND GICUMBI DISTRICT,SUPPLY AND INSTALLATION  OF DRAINAGE CHANNEL COVERS  ON PLAYGROUND FACILITIES FOR 4 TVET SCHOOLS ON BORDERS IN NYAGATARE AND GICUMBI DISTRICT,active,14575600,RWF,allowed
0.releases.639.tender.lots.0,0.releases.639,0,1,Hiring a consultant firm to perform the actuarial valuation of Medical Insurance schemes (CBHI and RAMA). ,Hiring a consultant firm to perform the actuarial valuation of Medical Insurance schemes (CBHI and RAMA). ,active,150000000,RWF,allowed
0.releases.640.tender.lots.0,0.releases.640,0,1,supply and installation of security system and items,supply and installation of security system and items,active,400000000,RWF,allowed
0.releases.641.tender.lots.0,0.releases.641,0,3,Supply of lime grade 1,,active,400000000,RWF,allowed
0.releases.641.tender.lots.1,0.releases.641,0,1,Supply of lime grade 1,,active,226666667,RWF,allowed
0.releases.641.tender.lots.2,0.releases.641,0,2,Supply of lime grade 1,,active,400000000,RWF,allowed
0.releases.641.tender.lots.3,0.releases.641,0,3,Supply of lime grade 1,,active,400000000,RWF,allowed
0.releases.641.tender.lots.4,0.releases.641,0,4,Supply of lime grade 1,,active,226666667,RWF,allowed
0.releases.641.tender.lots.5,0.releases.641,0,5,Supply of lime grade 1,,active,226666667,RWF,allowed
0.releases.642.tender.lots.0,0.releases.642,0,1,Tender for design and beautification of MINAFFET conference rooms.,Tender for design and beautification of MINAFFET conference rooms.,active,150000000,RWF,allowed
0.releases.643.tender.lots.0,0.releases.643,0,1,PLUMBING DEVICES  ,,active,12000000,RWF,allowed
0.releases.643.tender.lots.1,0.releases.643,0,2,Supply and Install Backup Water Pump and Related Accessories,,active,21060000,RWF,allowed
0.releases.643.tender.lots.2,0.releases.643,0,1,PLUMBING DEVICES  ,,active,12000000,RWF,allowed
0.releases.643.tender.lots.3,0.releases.643,0,2,Supply and Install Backup Water Pump and Related Accessories,,active,21060000,RWF,allowed
0.releases.644.tender.lots.0,0.releases.644,0,1,Hiring a local transportation Company for RMI Staff for period of one year,Hiring a local transportation Company for RMI Staff for period of one year,active,6983168,RWF,allowed
0.releases.645.tender.lots.0,0.releases.645,0,1,Design and Build proposed beautifications at Amahoro Stadium,A,active,842345414,RWF,allowed
0.releases.648.tender.lots.0,0.releases.648,0,1,Provision of Hotel and Restaurant services for workshops and conferences,Provision of Hotel and Restaurant services for workshops and conferences,active,24725583,RWF,allowed
0.releases.649.tender.lots.0,0.releases.649,0,1,Framework contract for Provision of Hospital Vehicle Maintenance Service,Framework contract for Provision of Hospital Vehicle Maintenance Service,active,107340002,RWF,allowed
0.releases.653.tender.lots.0,0.releases.653,0,1,Provision of Maintenance and repair of vehicles in RUSIZI for RRA (Framework contract). ,Provision of Maintenance and repair of vehicles in RUSIZI for RRA (Framework contract). ,active,7000000,RWF,allowed
0.releases.654.tender.lots.0,0.releases.654,0,1,"Annual supply and installation of office furnitures to RRA (Meeting, Discussion and Conference Furnitures) (Framework contract).  ",,active,500000000,RWF,allowed
0.releases.656.tender.lots.0,0.releases.656,0,1,Lot 1: Karongi-Rutsiro,"Construction of  Latrines for Schools, Public places and Health facilities",active,717519475,RWF,allowed
0.releases.656.tender.lots.1,0.releases.656,0,2,Lot 2: Gatsibo-Kayonza,"Construction of  Latrines for Schools, Public places and Health facilities",active,717519475,RWF,allowed
0.releases.656.tender.lots.2,0.releases.656,0,3,Lot 3: Huye-Gisagara,"Construction of  Latrines for Schools, Public places and Health facilities",active,717519475,RWF,allowed
0.releases.656.tender.lots.3,0.releases.656,0,4,Lot 4: Gicumbi-Nyaruguru,"Construction of  Latrines for Schools, Public places and Health facilities",active,717519475,RWF,allowed
0.releases.657.tender.lots.0,0.releases.657,0,1,Provision of necessary needs to Transit center,,active,93951823,RWF,allowed
0.releases.657.tender.lots.1,0.releases.657,0,1,Provision of necessary needs to Transit center,,active,93951823,RWF,allowed
0.releases.658.tender.lots.0,0.releases.658,0,1,"Supply of construction materials, which includes the installation of electrical equipment and water tanks in schools of Gasabo District",,active,39041627,RWF,allowed
0.releases.658.tender.lots.1,0.releases.658,0,2,"Supply of construction materials, which includes the installation of electrical equipment and water tanks in schools of Kicukiro District",,active,52055503,RWF,allowed
0.releases.658.tender.lots.2,0.releases.658,0,3,"Supply of construction materials, which includes the installation of electrical equipment and water tanks in schools of Nyarugenge District",,active,115414043,RWF,allowed
0.releases.658.tender.lots.3,0.releases.658,0,1,"Supply of construction materials, which includes the installation of electrical equipment and water tanks in schools of Gasabo District",,active,39041627,RWF,allowed
0.releases.658.tender.lots.4,0.releases.658,0,2,"Supply of construction materials, which includes the installation of electrical equipment and water tanks in schools of Kicukiro District",,active,52055503,RWF,allowed
0.releases.658.tender.lots.5,0.releases.658,0,3,"Supply of construction materials, which includes the installation of electrical equipment and water tanks in schools of Nyarugenge District",,active,115414043,RWF,allowed
0.releases.659.tender.lots.0,0.releases.659,0,1,SUPPLY AND INSTALLATION  OF DRAINAGE CHANNEL COVERS  ON PLAYGROUND FACILITIES FOR 4 TVET SCHOOLS ON BORDERS IN NYAGATARE AND GICUMBI DISTRICT,SUPPLY AND INSTALLATION  OF DRAINAGE CHANNEL COVERS  ON PLAYGROUND FACILITIES FOR 4 TVET SCHOOLS ON BORDERS IN NYAGATARE AND GICUMBI DISTRICT,active,14575600,RWF,allowed
0.releases.660.tender.lots.0,0.releases.660,0,1,Maintenance of Laboratory information system at NRL,Maintenance of Laboratory information system at NRL,active,50000000,RWF,allowed
0.releases.661.tender.lots.0,0.releases.661,0,1,Purchase of Office Equipments,,active,1930000,RWF,allowed
0.releases.662.tender.lots.0,0.releases.662,0,1,Provision of advertising and media services to promote GoR activities(COMMUNICATION MEDIA AND CREATIVE AGENCY SERVICES),Provision of advertising and media services to promote GoR activities(COMMUNICATION MEDIA AND CREATIVE AGENCY SERVICES),active,2250000000,RWF,allowed
0.releases.663.tender.lots.0,0.releases.663,0,1,Supply of kitchenware materials and other refreshment items,,active,20000000,RWF,allowed
0.releases.664.tender.lots.0,0.releases.664,0,1,Maintenance of Speed governors for RCS Vehicles,Maintenance of Speed governors for RCS Vehicles,active,4590000,RWF,allowed
0.releases.665.tender.lots.0,0.releases.665,0,1,ACQUISITION MATERIALS FOR ISOLATION FOR RCS 2024-2025,,active,9306000,RWF,allowed
0.releases.666.tender.lots.0,0.releases.666,0,1,Supply of office stationary and consumables,,active,8000000,RWF,allowed
0.releases.667.tender.lots.0,0.releases.667,0,2,"Tender for airing Radio/TV programs, and adverts, and announcement",Airing TV Spot and TV Programs,active,345680000,RWF,allowed
0.releases.669.tender.lots.0,0.releases.669,0,2,"Tender for airing Radio/TV programs, and adverts, and announcement",Airing TV Spot and TV Programs,active,345680000,RWF,allowed
0.releases.670.tender.lots.0,0.releases.670,0,1,Tailoring consumables for Musanze cf,,active,8606800,RWF,allowed
0.releases.670.tender.lots.1,0.releases.670,0,2,Hairdressing consumable for Musanze cf,,active,10630500,RWF,allowed
0.releases.670.tender.lots.2,0.releases.670,0,3,Construction consumables for Ngoma cf,,active,12036700,RWF,allowed
0.releases.670.tender.lots.3,0.releases.670,0,4,construction consumables for Nyagatare cf,,active,7616000,RWF,allowed
0.releases.670.tender.lots.4,0.releases.670,0,5,Hairdressing consumables for Nyagatare cf,,active,5600900,RWF,allowed
0.releases.670.tender.lots.5,0.releases.670,0,6,Tailoring consumables for Ngoma cf,,active,5213400,RWF,allowed
0.releases.670.tender.lots.6,0.releases.670,0,7,Veterenary consumables for Nyamagabe cf ,,active,6482000,RWF,allowed
0.releases.670.tender.lots.7,0.releases.670,0,8,Tailoring consumables for Rusizi cf,,active,3712500,RWF,allowed
0.releases.670.tender.lots.8,0.releases.670,0,9,Construction consumables for Gicumbi cf,,active,7709800,RWF,allowed
0.releases.670.tender.lots.9,0.releases.670,0,10,Agriculture consumables for Nyamagabe cf,,active,4740000,RWF,allowed
0.releases.670.tender.lots.10,0.releases.670,0,11,Welding consumables for Muhanaga cf,,active,15360800,RWF,allowed
0.releases.670.tender.lots.11,0.releases.670,0,12,Construction consumables for Muhanga cf,,active,7576600,RWF,allowed
0.releases.670.tender.lots.12,0.releases.670,0,13,Tailoring consumables for Nyagatare cf,,active,5213400,RWF,allowed
0.releases.670.tender.lots.13,0.releases.670,0,14,Welding consumables for Nyagatare cf,,active,6547800,RWF,allowed
0.releases.670.tender.lots.14,0.releases.670,0,15,Crpentery consumables for  Nyagatare cf ,,active,1675000,RWF,allowed
0.releases.671.tender.lots.0,0.releases.671,0,1,Purchase of milk for sectors employees,,active,50000000,RWF,allowed
0.releases.672.tender.lots.0,0.releases.672,0,1,Purchase of milk for sectors employees,,active,50000000,RWF,allowed
0.releases.673.tender.lots.0,0.releases.673,0,2,"Tender for airing Radio/TV programs, and adverts, and announcement",Airing TV Spot and TV Programs,active,345680000,RWF,allowed
0.releases.674.tender.lots.0,0.releases.674,0,1,Tailoring consumables for Musanze cf,,active,8606800,RWF,allowed
0.releases.674.tender.lots.1,0.releases.674,0,2,Hairdressing consumable for Musanze cf,,active,10630500,RWF,allowed
0.releases.674.tender.lots.2,0.releases.674,0,3,Construction consumables for Ngoma cf,,active,12036700,RWF,allowed
0.releases.674.tender.lots.3,0.releases.674,0,4,construction consumables for Nyagatare cf,,active,7616000,RWF,allowed
0.releases.674.tender.lots.4,0.releases.674,0,5,Hairdressing consumables for Nyagatare cf,,active,5600900,RWF,allowed
0.releases.674.tender.lots.5,0.releases.674,0,6,Tailoring consumables for Ngoma cf,,active,5213400,RWF,allowed
0.releases.674.tender.lots.6,0.releases.674,0,7,Veterenary consumables for Nyamagabe cf ,,active,6482000,RWF,allowed
0.releases.674.tender.lots.7,0.releases.674,0,8,Tailoring consumables for Rusizi cf,,active,3712500,RWF,allowed
0.releases.674.tender.lots.8,0.releases.674,0,9,Construction consumables for Gicumbi cf,,active,7709800,RWF,allowed
0.releases.674.tender.lots.9,0.releases.674,0,10,Agriculture consumables for Nyamagabe cf,,active,4740000,RWF,allowed
0.releases.674.tender.lots.10,0.releases.674,0,11,Welding consumables for Muhanaga cf,,active,15360800,RWF,allowed
0.releases.674.tender.lots.11,0.releases.674,0,12,Construction consumables for Muhanga cf,,active,7576600,RWF,allowed
0.releases.674.tender.lots.12,0.releases.674,0,13,Tailoring consumables for Nyagatare cf,,active,5213400,RWF,allowed
0.releases.674.tender.lots.13,0.releases.674,0,14,Welding consumables for Nyagatare cf,,active,6547800,RWF,allowed
0.releases.674.tender.lots.14,0.releases.674,0,15,Crpentery consumables for  Nyagatare cf ,,active,1675000,RWF,allowed
0.releases.675.tender.lots.0,0.releases.675,0,1,Provision of television services to Nyabibu District,Provision of television services to Nyabibu District,active,9300000,RWF,allowed
0.releases.675.tender.lots.1,0.releases.675,0,2,Provision of radio services to Nyabihu District ,Provision of radio services to Nyabihu District ,active,9300000,RWF,allowed
0.releases.676.tender.lots.0,0.releases.676,0,1,Supervision of construction works  of Parliament Commissions’ Block,Consultancy Services,active,350000000,RWF,allowed
0.releases.677.tender.lots.0,0.releases.677,0,1,Tender for Construction of livestock market Giheke sector in Rusizi District,Buildings,active,49798450,RWF,allowed
0.releases.678.tender.lots.0,0.releases.678,0,1,Tailoring consumables for Musanze cf,,active,8606800,RWF,allowed
0.releases.678.tender.lots.1,0.releases.678,0,2,Hairdressing consumable for Musanze cf,,active,10630500,RWF,allowed
0.releases.678.tender.lots.2,0.releases.678,0,3,Construction consumables for Ngoma cf,,active,12036700,RWF,allowed
0.releases.678.tender.lots.3,0.releases.678,0,4,construction consumables for Nyagatare cf,,active,7616000,RWF,allowed
0.releases.678.tender.lots.4,0.releases.678,0,5,Hairdressing consumables for Nyagatare cf,,active,5600900,RWF,allowed
0.releases.678.tender.lots.5,0.releases.678,0,6,Tailoring consumables for Ngoma cf,,active,5213400,RWF,allowed
0.releases.678.tender.lots.6,0.releases.678,0,7,Veterenary consumables for Nyamagabe cf ,,active,6482000,RWF,allowed
0.releases.678.tender.lots.7,0.releases.678,0,8,Tailoring consumables for Rusizi cf,,active,3712500,RWF,allowed
0.releases.678.tender.lots.8,0.releases.678,0,9,Construction consumables for Gicumbi cf,,active,7709800,RWF,allowed
0.releases.678.tender.lots.9,0.releases.678,0,10,Agriculture consumables for Nyamagabe cf,,active,4740000,RWF,allowed
0.releases.678.tender.lots.10,0.releases.678,0,11,Welding consumables for Muhanaga cf,,active,15360800,RWF,allowed
0.releases.678.tender.lots.11,0.releases.678,0,12,Construction consumables for Muhanga cf,,active,7576600,RWF,allowed
0.releases.678.tender.lots.12,0.releases.678,0,13,Tailoring consumables for Nyagatare cf,,active,5213400,RWF,allowed
0.releases.678.tender.lots.13,0.releases.678,0,14,Welding consumables for Nyagatare cf,,active,6547800,RWF,allowed
0.releases.678.tender.lots.14,0.releases.678,0,15,Crpentery consumables for  Nyagatare cf ,,active,1675000,RWF,allowed
0.releases.679.tender.lots.0,0.releases.679,0,1,Framework contract for transportation and management of medical and non medical waste,Framework contract for transportation and management of medical and non medical waste,active,15063400,RWF,allowed
0.releases.681.tender.lots.0,0.releases.681,0,1,Framework contract for regular maintenance of all Government Buildings located countrywide (Lot9: Storied Building (G+2) and above /Nothern Province),D,active,300000000,RWF,allowed
0.releases.683.tender.lots.0,0.releases.683,0,2,"Tender for airing Radio/TV programs, and adverts, and announcement",Airing TV Spot and TV Programs,active,345680000,RWF,allowed
0.releases.684.tender.lots.0,0.releases.684,0,2,"Tender for airing Radio/TV programs, and adverts, and announcement",Airing TV Spot and TV Programs,active,345680000,RWF,allowed
0.releases.685.tender.lots.0,0.releases.685,0,2,"Tender for airing Radio/TV programs, and adverts, and announcement",Airing TV Spot and TV Programs,active,345680000,RWF,allowed
0.releases.686.tender.lots.0,0.releases.686,0,2,"Tender for airing Radio/TV programs, and adverts, and announcement",Airing TV Spot and TV Programs,active,345680000,RWF,allowed
0.releases.687.tender.lots.0,0.releases.687,0,1,Supply of IT training consumables,,active,25000000,RWF,allowed
0.releases.687.tender.lots.1,0.releases.687,0,1,Supply of IT training consumables,,active,25000000,RWF,allowed
0.releases.688.tender.lots.0,0.releases.688,0,2,"Tender for airing Radio/TV programs, and adverts, and announcement",Airing TV Spot and TV Programs,active,345680000,RWF,allowed
0.releases.689.tender.lots.0,0.releases.689,0,2,"Tender for airing Radio/TV programs, and adverts, and announcement",Airing TV Spot and TV Programs,active,345680000,RWF,allowed
0.releases.691.tender.lots.0,0.releases.691,0,2,"Tender for airing Radio/TV programs, and adverts, and announcement",Airing TV Spot and TV Programs,active,345680000,RWF,allowed
0.releases.692.tender.lots.0,0.releases.692,0,1,Maintenance of public lightings in Gatsibo District,Works ,active,60000000,RWF,allowed
0.releases.693.tender.lots.0,0.releases.693,0,1,Tender for maintenance of waste water treatment plant in Gacuriro real estate and IDP models,Tender for maintenance of waste water treatment plant in Gacuriro real estate and IDP models,active,153000000,RWF,allowed
0.releases.694.tender.lots.0,0.releases.694,0,3,Supply of Cleaning& Hygiene materials ( LOT 3),,active,68094208,RWF,allowed
0.releases.694.tender.lots.1,0.releases.694,0,1,Supply of Cleaning& Hygiene materials (LOT 1),,active,30000000,RWF,allowed
0.releases.694.tender.lots.2,0.releases.694,0,2,Supply of Cleaning& Hygiene materials ( LOT 2),,active,90000000,RWF,allowed
0.releases.694.tender.lots.3,0.releases.694,0,3,Supply of Cleaning& Hygiene materials ( LOT 3),,active,68094208,RWF,allowed
0.releases.695.tender.lots.0,0.releases.695,0,1,Supply of sand for construction of retaining walls in schools on framework contract of Gasabo District,,active,186377478,RWF,allowed
0.releases.695.tender.lots.1,0.releases.695,0,2,Supply of sand for construction of retaining walls in schools on framework contract of Kicukiro District,,active,27353427,RWF,allowed
0.releases.695.tender.lots.2,0.releases.695,0,3,Supply of sand for construction of retaining walls in schools on framework contract of Nyarugenge District,,active,37610962,RWF,allowed
0.releases.695.tender.lots.3,0.releases.695,0,1,Supply of sand for construction of retaining walls in schools on framework contract of Gasabo District,,active,186377478,RWF,allowed
0.releases.695.tender.lots.4,0.releases.695,0,2,Supply of sand for construction of retaining walls in schools on framework contract of Kicukiro District,,active,27353427,RWF,allowed
0.releases.695.tender.lots.5,0.releases.695,0,3,Supply of sand for construction of retaining walls in schools on framework contract of Nyarugenge District,,active,37610962,RWF,allowed
0.releases.697.tender.lots.0,0.releases.697,0,1,Annual Maintenance of RRA Data Center (Frame work Contract),LOT1: COOLING SYSTEM AND ELECTRICAL MATERIALS ,active,101000000,RWF,allowed
0.releases.697.tender.lots.1,0.releases.697,0,2,Annual Maintenance of RRA Data Center (Frame work Contract),Lot 2: FIRE DETECTION AND SUPPRESSION SYSTEM ,active,49000000,RWF,allowed
0.releases.698.tender.lots.0,0.releases.698,0,1,"Provision of Printing services (Banners, Books, Booklets and different binding documents..)",Printing services ,active,6800000,RWF,allowed
0.releases.699.tender.lots.0,0.releases.699,0,1,Supply of sand for construction of retaining walls in schools on framework contract of Gasabo District,,active,186377478,RWF,allowed
0.releases.699.tender.lots.1,0.releases.699,0,2,Supply of sand for construction of retaining walls in schools on framework contract of Kicukiro District,,active,27353427,RWF,allowed
0.releases.699.tender.lots.2,0.releases.699,0,3,Supply of sand for construction of retaining walls in schools on framework contract of Nyarugenge District,,active,37610962,RWF,allowed
0.releases.699.tender.lots.3,0.releases.699,0,1,Supply of sand for construction of retaining walls in schools on framework contract of Gasabo District,,active,186377478,RWF,allowed
0.releases.699.tender.lots.4,0.releases.699,0,2,Supply of sand for construction of retaining walls in schools on framework contract of Kicukiro District,,active,27353427,RWF,allowed
0.releases.699.tender.lots.5,0.releases.699,0,3,Supply of sand for construction of retaining walls in schools on framework contract of Nyarugenge District,,active,37610962,RWF,allowed
0.releases.700.tender.lots.0,0.releases.700,0,2,PROVISION OF DECORATION SERVICES FOR CHENO EVENTS ,Decoration services ,active,15000000,RWF,allowed
0.releases.700.tender.lots.1,0.releases.700,0,3,PHOTOS AND CAMERA SERVICES FOR CHENO EVENTS,Photo and camera services ,active,15000000,RWF,allowed
0.releases.700.tender.lots.2,0.releases.700,0,4,Provision of the service of installation  and deinstallations of National flags in different strategic places of the City of Kigali to announce National celebrations,mast umwamba cleaning and  paint,active,3000000,RWF,allowed
0.releases.701.tender.lots.0,0.releases.701,0,1,Sport Services,Sport Services,active,4000000,RWF,allowed
0.releases.703.tender.lots.0,0.releases.703,0,1,Vehicle and Motos insurance,"9,500,000",active,9500000,RWF,allowed
0.releases.706.tender.lots.0,0.releases.706,0,1,Supply of sand for construction of retaining walls in schools on framework contract of Gasabo District,,active,186377478,RWF,allowed
0.releases.706.tender.lots.1,0.releases.706,0,2,Supply of sand for construction of retaining walls in schools on framework contract of Kicukiro District,,active,27353427,RWF,allowed
0.releases.706.tender.lots.2,0.releases.706,0,3,Supply of sand for construction of retaining walls in schools on framework contract of Nyarugenge District,,active,37610962,RWF,allowed
0.releases.706.tender.lots.3,0.releases.706,0,1,Supply of sand for construction of retaining walls in schools on framework contract of Gasabo District,,active,186377478,RWF,allowed
0.releases.706.tender.lots.4,0.releases.706,0,2,Supply of sand for construction of retaining walls in schools on framework contract of Kicukiro District,,active,27353427,RWF,allowed
0.releases.706.tender.lots.5,0.releases.706,0,3,Supply of sand for construction of retaining walls in schools on framework contract of Nyarugenge District,,active,37610962,RWF,allowed
0.releases.708.tender.lots.0,0.releases.708,0,1,Tender for Garden and Palm trees fumigation,Tender for Garden and Palm trees fumigation,active,55000000,RWF,allowed
0.releases.708.tender.lots.1,0.releases.708,0,1,Tender for Garden and Palm trees fumigation,Tender for Garden and Palm trees fumigation,active,55000000,RWF,allowed
0.releases.709.tender.lots.0,0.releases.709,0,1,Advert and Announcement,Advert and Announcement,active,20000000,RWF,allowed
0.releases.710.tender.lots.0,0.releases.710,0,1,Providing internet connectivity services at KIIWP offices,Internet connectivity services at KIIWP offices located at Kayonza,active,12000000,RWF,allowed
0.releases.711.tender.lots.0,0.releases.711,0,1,Provision of Vehicles and Motorcycles Maintenance and repair,Provision of Vehicles and Motorcycles Maintenance and repair,active,78499620,RWF,allowed
0.releases.713.tender.lots.0,0.releases.713,0,1,Tender for the accreditation services for the Specialized Export Quality Infrastructure (SEQI)(Re-advert),Tender for the accreditation services for the Specialized Export Quality Infrastructure (SEQI)(Re-advert),active,45590950,RWF,allowed
0.releases.713.tender.lots.1,0.releases.713,0,1,Tender for the accreditation services for the Specialized Export Quality Infrastructure (SEQI)(Re-advert),Tender for the accreditation services for the Specialized Export Quality Infrastructure (SEQI)(Re-advert),active,45590950,RWF,allowed
0.releases.715.tender.lots.0,0.releases.715,0,1,Hiring of local media outlets' services for REMA,LOT 1: TV STATIONS,active,40000000,RWF,allowed
0.releases.715.tender.lots.1,0.releases.715,0,3,Hiring of local media outlets' services for REMA,LOT 3: NATIONAL ONLINE MEDIA DAILY NEWSPAPERS,active,15000000,RWF,allowed
0.releases.716.tender.lots.0,0.releases.716,0,1,Renovation of Muhima HC Maternity,Renovation of Muhima HC Maternity,active,11833756,RWF,allowed
0.releases.717.tender.lots.0,0.releases.717,0,1,Hiring of local media outlets' services for REMA,LOT 1: TV STATIONS,active,40000000,RWF,allowed
0.releases.717.tender.lots.1,0.releases.717,0,3,Hiring of local media outlets' services for REMA,LOT 3: NATIONAL ONLINE MEDIA DAILY NEWSPAPERS,active,15000000,RWF,allowed
0.releases.718.tender.lots.0,0.releases.718,0,1,Provision of broadcasting services on Radio,Provision of broadcasting services on Radio,active,70000000,RWF,allowed
0.releases.718.tender.lots.1,0.releases.718,0,2,Provision of broadcasting services on TV,Provision of broadcasting services on TV,active,50000000,RWF,allowed
0.releases.718.tender.lots.2,0.releases.718,0,3,Provision of broadcasting services through Community Radios ,Provision of broadcasting services through Community Radios ,active,21000000,RWF,allowed
0.releases.719.tender.lots.0,0.releases.719,0,1,Tender of supply of vehicles tyres,,active,242907745,RWF,allowed
0.releases.719.tender.lots.1,0.releases.719,0,1,Tender of supply of vehicles tyres,,active,242907745,RWF,allowed
0.releases.720.tender.lots.0,0.releases.720,0,1,Supply of Kitchen Materials,,active,10708651,RWF,allowed
0.releases.720.tender.lots.1,0.releases.720,0,1,Supply of Kitchen Materials,,active,10708651,RWF,allowed
0.releases.721.tender.lots.0,0.releases.721,0,3,Supply of lime grade 1,,active,400000000,RWF,allowed
0.releases.721.tender.lots.1,0.releases.721,0,1,Supply of lime grade 1,,active,226666667,RWF,allowed
0.releases.721.tender.lots.2,0.releases.721,0,2,Supply of lime grade 1,,active,400000000,RWF,allowed
0.releases.721.tender.lots.3,0.releases.721,0,3,Supply of lime grade 1,,active,400000000,RWF,allowed
0.releases.721.tender.lots.4,0.releases.721,0,4,Supply of lime grade 1,,active,226666667,RWF,allowed
0.releases.721.tender.lots.5,0.releases.721,0,5,Supply of lime grade 1,,active,226666667,RWF,allowed
0.releases.722.tender.lots.0,0.releases.722,0,1,"Lot 1 Hotel provision  of reception services of Burera District during meeting, training, workshop and other events under framework agreement",LOT1 Hotel,active,35000000,RWF,allowed
0.releases.722.tender.lots.1,0.releases.722,0,2,"Lot 2 Motel provision  of reception services of Burera District during meeting, training, workshop and other events under framework agreement",Lot 2 Motel,active,30000000,RWF,allowed
0.releases.723.tender.lots.0,0.releases.723,0,1,Maintenance of road in Burera District,Maintenance of road in Burera District,active,62000000,RWF,allowed
0.releases.725.tender.lots.0,0.releases.725,0,1,supervision of Construction of Akayanza ( Nyagisozi Sector) and Rukonja ( Cyahinda Sector) Bridges,Supervision of bridges,active,15000000,RWF,allowed
0.releases.726.tender.lots.0,0.releases.726,0,1,Supply of MCS equipment's to be  used in Rwandan  Lakes,,active,200000000,RWF,allowed
0.releases.728.tender.lots.0,0.releases.728,0,1,"Hiring broadcasting media houses to provide NESA with Radio ,television and online services ( Under Framework contract)",Radio services ,active,2000000,RWF,allowed
0.releases.728.tender.lots.1,0.releases.728,0,2,"Hiring broadcasting media houses to provide NESA with Radio ,television and online services",Television services ,active,2000000,RWF,allowed
0.releases.728.tender.lots.2,0.releases.728,0,3,"Hiring broadcasting media houses to provide NESA with Radio ,television and online services",Online Media house services ,active,1000000,RWF,allowed
0.releases.729.tender.lots.0,0.releases.729,0,1,"Printing National Examination question papers ,answer booklets and other assessment materials of period three years",,active,3600000000,RWF,allowed
0.releases.730.tender.lots.0,0.releases.730,0,1,Supply of sand for construction of retaining walls in schools on framework contract of Gasabo District,,active,186377478,RWF,allowed
0.releases.730.tender.lots.1,0.releases.730,0,2,Supply of sand for construction of retaining walls in schools on framework contract of Kicukiro District,,active,27353427,RWF,allowed
0.releases.730.tender.lots.2,0.releases.730,0,3,Supply of sand for construction of retaining walls in schools on framework contract of Nyarugenge District,,active,37610962,RWF,allowed
0.releases.730.tender.lots.3,0.releases.730,0,1,Supply of sand for construction of retaining walls in schools on framework contract of Gasabo District,,active,186377478,RWF,allowed
0.releases.730.tender.lots.4,0.releases.730,0,2,Supply of sand for construction of retaining walls in schools on framework contract of Kicukiro District,,active,27353427,RWF,allowed
0.releases.730.tender.lots.5,0.releases.730,0,3,Supply of sand for construction of retaining walls in schools on framework contract of Nyarugenge District,,active,37610962,RWF,allowed
0.releases.731.tender.lots.0,0.releases.731,0,1,Supply of sand for construction of retaining walls in schools on framework contract of Gasabo District,,active,186377478,RWF,allowed
0.releases.731.tender.lots.1,0.releases.731,0,2,Supply of sand for construction of retaining walls in schools on framework contract of Kicukiro District,,active,27353427,RWF,allowed
0.releases.731.tender.lots.2,0.releases.731,0,3,Supply of sand for construction of retaining walls in schools on framework contract of Nyarugenge District,,active,37610962,RWF,allowed
0.releases.731.tender.lots.3,0.releases.731,0,1,Supply of sand for construction of retaining walls in schools on framework contract of Gasabo District,,active,186377478,RWF,allowed
0.releases.731.tender.lots.4,0.releases.731,0,2,Supply of sand for construction of retaining walls in schools on framework contract of Kicukiro District,,active,27353427,RWF,allowed
0.releases.731.tender.lots.5,0.releases.731,0,3,Supply of sand for construction of retaining walls in schools on framework contract of Nyarugenge District,,active,37610962,RWF,allowed
0.releases.732.tender.lots.0,0.releases.732,0,1,Provision of insurance services for City of  Kigali Assets,Provision of insurance services for City of Kigali Assets,active,8734800,RWF,allowed
0.releases.732.tender.lots.1,0.releases.732,0,1,Provision of insurance services for City of  Kigali Assets,Provision of insurance services for City of Kigali Assets,active,8734800,RWF,allowed
0.releases.733.tender.lots.0,0.releases.733,0,1,Supply of sand for construction of retaining walls in schools on framework contract of Gasabo District,,active,186377478,RWF,allowed
0.releases.733.tender.lots.1,0.releases.733,0,2,Supply of sand for construction of retaining walls in schools on framework contract of Kicukiro District,,active,27353427,RWF,allowed
0.releases.733.tender.lots.2,0.releases.733,0,3,Supply of sand for construction of retaining walls in schools on framework contract of Nyarugenge District,,active,37610962,RWF,allowed
0.releases.733.tender.lots.3,0.releases.733,0,1,Supply of sand for construction of retaining walls in schools on framework contract of Gasabo District,,active,186377478,RWF,allowed
0.releases.733.tender.lots.4,0.releases.733,0,2,Supply of sand for construction of retaining walls in schools on framework contract of Kicukiro District,,active,27353427,RWF,allowed
0.releases.733.tender.lots.5,0.releases.733,0,3,Supply of sand for construction of retaining walls in schools on framework contract of Nyarugenge District,,active,37610962,RWF,allowed
0.releases.734.tender.lots.0,0.releases.734,0,1,"Supply of construction materials, which includes the installation of electrical equipment and water tanks in schools of Gasabo District",,active,39041627,RWF,allowed
0.releases.734.tender.lots.1,0.releases.734,0,2,"Supply of construction materials, which includes the installation of electrical equipment and water tanks in schools of Kicukiro District",,active,52055503,RWF,allowed
0.releases.734.tender.lots.2,0.releases.734,0,3,"Supply of construction materials, which includes the installation of electrical equipment and water tanks in schools of Nyarugenge District",,active,115414043,RWF,allowed
0.releases.734.tender.lots.3,0.releases.734,0,1,"Supply of construction materials, which includes the installation of electrical equipment and water tanks in schools of Gasabo District",,active,39041627,RWF,allowed
0.releases.734.tender.lots.4,0.releases.734,0,2,"Supply of construction materials, which includes the installation of electrical equipment and water tanks in schools of Kicukiro District",,active,52055503,RWF,allowed
0.releases.734.tender.lots.5,0.releases.734,0,3,"Supply of construction materials, which includes the installation of electrical equipment and water tanks in schools of Nyarugenge District",,active,115414043,RWF,allowed
0.releases.735.tender.lots.0,0.releases.735,0,1,"Operationalization of Home Based ECD(HBECD)/porridge for 251HBECD (Gasab0:187, Kicukiro:19; Nyarugenge:45)",,active,108432000,RWF,allowed
0.releases.736.tender.lots.0,0.releases.736,0,1,Acquisition of Survey to Go questionnaires ,Acquisition of Survey to Go questionnaires ,active,5000000,RWF,allowed
0.releases.737.tender.lots.0,0.releases.737,0,1,LotNo1,,active,,,allowed
0.releases.738.tender.lots.0,0.releases.738,0,1,LotNo1,,active,,,allowed
0.releases.739.tender.lots.0,0.releases.739,0,1,Supply of IT training consumables,,active,25000000,RWF,allowed
0.releases.739.tender.lots.1,0.releases.739,0,1,Supply of IT training consumables,,active,25000000,RWF,allowed
0.releases.740.tender.lots.0,0.releases.740,0,1,Annual supply of IT materials used in network installation and day to day work to RRA (Framework Cotract),,active,250000000,RWF,allowed
0.releases.741.tender.lots.0,0.releases.741,0,1,"Framework contract for horticultural crop protection materials, tools and inputs",,active,30000000,RWF,allowed
0.releases.742.tender.lots.0,0.releases.742,0,1,Maintenance and repair of air conditioners and Refrigerators of Kibuye referral Hospital,Estimated cost,active,5000000,RWF,allowed
0.releases.744.tender.lots.0,0.releases.744,0,1,Providing internet connectivity services at KIIWP offices,Internet connectivity services at KIIWP offices located at Kayonza,active,12000000,RWF,allowed
0.releases.746.tender.lots.0,0.releases.746,0,1,Acquisition of CUG (AIRTEL RWANDA) for Rwanda Correctional Service staff,Acquisition of CUG (AIRTEL RWANDA) for Rwanda Correctional Service staff,active,19500000,RWF,allowed
0.releases.747.tender.lots.0,0.releases.747,0,1,Audit of TSSS Project,Audit of TSSS Project,active,13046049,RWF,allowed
0.releases.747.tender.lots.1,0.releases.747,0,1,Audit of TSSS Project,Audit of TSSS Project,active,13046049,RWF,allowed
0.releases.748.tender.lots.0,0.releases.748,0,1,Provision of Rental services for RRA staff accommodation  in RUBAVU-A (framework contract),Provision of Rental services for RRA staff accommodation  in RUBAVU-A (framework contract),active,6000000,RWF,allowed
0.releases.749.tender.lots.0,0.releases.749,0,1,"Annual provision of Insurance of RRA movable and immovable assets (Fire and Allied Perils, Machinery breakdown and General liability) to RRA(Framework contract)", Lot 1: Machinery Breakdown,active,80000000,RWF,allowed
0.releases.749.tender.lots.1,0.releases.749,0,2,"Annual provision of Insurance of RRA movable and immovable assets (Fire and Allied Perils, Machinery breakdown and General liability) to RRA(Framework contract)",Lot 2: General Liability Insurance ,active,30000000,RWF,allowed
0.releases.750.tender.lots.0,0.releases.750,0,1,Maintenance and repair of air conditioners and Refrigerators of Kibuye referral Hospital,Estimated cost,active,5000000,RWF,allowed
0.releases.751.tender.lots.0,0.releases.751,0,1,Supply and installation of Air conditioners to RRA Offices(Framework contract),,active,200000000,RWF,allowed
0.releases.752.tender.lots.0,0.releases.752,0,1,Annual supply of IT materials used in network installation and day to day work to RRA (Framework Cotract),,active,250000000,RWF,allowed
0.releases.753.tender.lots.0,0.releases.753,0,1,Maintenance services of IT equipment ,,active,2800000,RWF,allowed
0.releases.754.tender.lots.0,0.releases.754,0,1,"Diplomatic bags, seals and stickers.",,active,100000000,RWF,allowed
0.releases.755.tender.lots.0,0.releases.755,0,1,Supply of Hemodialysis consumables for NIPPRO Machines/ Medical consumables (Retendered),,active,110000000,RWF,allowed
0.releases.755.tender.lots.1,0.releases.755,0,1,Supply of Hemodialysis consumables for NIPPRO Machines/ Medical consumables (Retendered),,active,110000000,RWF,allowed
0.releases.756.tender.lots.0,0.releases.756,0,1,"Hiring a company for the installation, customization and configuration of Koha Software and its DSpace for the NISR Library",Bid Security,active,6170000,RWF,allowed
0.releases.757.tender.lots.0,0.releases.757,0,1,"Lot1: . Supervision of construction works of ECD centers in Nyamagabe, Nyaruguru, Ruhango, Kayonza, Gakenke and Bugesera Districts.",". Supervision of construction works of ECD centers in Nyamagabe, Nyaruguru, Ruhango, Kayonza, Gakenke and Bugesera Districts.",active,68629433,RWF,allowed
0.releases.757.tender.lots.1,0.releases.757,0,2,"Lot 2 Supervision of construction works of ECD centers in Rusizi, Karongi, Rutsiro, Rubavu, Nyabihu and Ngororero Districts","Lot 2 Supervision of construction works of ECD centers in Rusizi, Karongi, Rutsiro, Rubavu, Nyabihu and Ngororero Districts",active,68629434,RWF,allowed
0.releases.759.tender.lots.0,0.releases.759,0,1,Purchase of Refrigerators and Cooler Boxes,,active,5800000,RWF,allowed
0.releases.760.tender.lots.0,0.releases.760,0,1,New goods classifications for Gym,New goods classifications for Gym,active,15000000,RWF,allowed
0.releases.760.tender.lots.1,0.releases.760,0,1,New goods classifications for Gym,New goods classifications for Gym,active,15000000,RWF,allowed
0.releases.761.tender.lots.0,0.releases.761,0,1,Consultant for Construction Supervision of Nyabisindu rehousing project works (Construction Supervision of 2 housing blocks for Nyabisindu Compensation in Kind for road 13),Consultant for Construction Supervision of Nyabisindu rehousing project works (Construction Supervision of 2 housing blocks for Nyabisindu Compensation in Kind for road 13),active,285000000,RWF,allowed
0.releases.762.tender.lots.0,0.releases.762,0,1,New goods classifications for Gym,New goods classifications for Gym,active,15000000,RWF,allowed
0.releases.762.tender.lots.1,0.releases.762,0,1,New goods classifications for Gym,New goods classifications for Gym,active,15000000,RWF,allowed
0.releases.763.tender.lots.0,0.releases.763,0,1,New goods classifications for Gym,New goods classifications for Gym,active,15000000,RWF,allowed
0.releases.763.tender.lots.1,0.releases.763,0,1,New goods classifications for Gym,New goods classifications for Gym,active,15000000,RWF,allowed
0.releases.764.tender.lots.0,0.releases.764,0,1,Provide transport service for Gicumbi District staff,Provide transport service for Gicumbi District staff,active,260732307,RWF,allowed
0.releases.765.tender.lots.0,0.releases.765,0,1,New goods classifications for Gym,New goods classifications for Gym,active,15000000,RWF,allowed
0.releases.765.tender.lots.1,0.releases.765,0,1,New goods classifications for Gym,New goods classifications for Gym,active,15000000,RWF,allowed
0.releases.766.tender.lots.0,0.releases.766,0,1,Annual  framework  for supply  of construction  materials   in Huye  district,,active,130000000,RWF,allowed
0.releases.767.tender.lots.0,0.releases.767,0,1,Purchase non medical supplies,,active,40158462,RWF,allowed
0.releases.767.tender.lots.1,0.releases.767,0,1,Purchase non medical supplies,,active,40158462,RWF,allowed
0.releases.768.tender.lots.0,0.releases.768,0,1,Purchase ICT equipment and Maintenance of electrical materials,Purchase ICT equipment and Maintenance of electrical materials,active,15000000,RWF,allowed
0.releases.769.tender.lots.0,0.releases.769,0,1,Upgrading of Cyuve Informal Settlement in Musanze City by Execution Works of Asphalt Roads.,Upgrading of Cyuve Informal Settlement in Musanze City by Execution Works of Asphalt Roads.,active,4500000000,RWF,allowed
0.releases.770.tender.lots.0,0.releases.770,0,1,Provision of Insurance Packages for UR Long Term Assets,Provision of Insurance Packages for UR Long Term Assets,active,500000000,RWF,allowed
0.releases.772.tender.lots.0,0.releases.772,0,1,"Lot 1 Hotel provision  of reception services of Burera District during meeting, training, workshop and other events under framework agreement",LOT1 Hotel,active,35000000,RWF,allowed
0.releases.772.tender.lots.1,0.releases.772,0,2,"Lot 2 Motel provision  of reception services of Burera District during meeting, training, workshop and other events under framework agreement",Lot 2 Motel,active,30000000,RWF,allowed
0.releases.773.tender.lots.0,0.releases.773,0,1,New goods classifications for Gym,New goods classifications for Gym,active,15000000,RWF,allowed
0.releases.773.tender.lots.1,0.releases.773,0,1,New goods classifications for Gym,New goods classifications for Gym,active,15000000,RWF,allowed
0.releases.774.tender.lots.0,0.releases.774,0,1,Framework Agreement for 3-Star Hotel Services,Framework Agreement for 3-Star Hotel Services,active,22567895,RWF,allowed
0.releases.775.tender.lots.0,0.releases.775,0,1,"Framework contract for horticultural crop protection materials, tools and inputs",,active,30000000,RWF,allowed
0.releases.777.tender.lots.0,0.releases.777,0,1,New goods classifications for Gym,New goods classifications for Gym,active,15000000,RWF,allowed
0.releases.777.tender.lots.1,0.releases.777,0,1,New goods classifications for Gym,New goods classifications for Gym,active,15000000,RWF,allowed
0.releases.778.tender.lots.0,0.releases.778,0,1,New goods classifications for Gym,New goods classifications for Gym,active,15000000,RWF,allowed
0.releases.778.tender.lots.1,0.releases.778,0,1,New goods classifications for Gym,New goods classifications for Gym,active,15000000,RWF,allowed
0.releases.779.tender.lots.0,0.releases.779,0,1,Hiring a custodian for RSSB securuties,Hiring a custodian for RSSB securuties,active,45000000,RWF,allowed
0.releases.780.tender.lots.0,0.releases.780,0,1,Supervision of remaining works for construction works of G+3 school project in Gasabo District,Supervision of remaining works for construction works of G+3 school project in Gasabo District,active,164120300,RWF,allowed
0.releases.781.tender.lots.0,0.releases.781,0,1,LotNo1,,active,,,allowed
0.releases.782.tender.lots.0,0.releases.782,0,1,LotNo1,,active,,,allowed
0.releases.784.tender.lots.0,0.releases.784,0,1,Acquisition of GPS in RAB vehicles,,active,19000000,RWF,allowed
0.releases.785.tender.lots.0,0.releases.785,0,1,Supply of IT equipment under VCRP (Re advertisement),,active,18000000,RWF,allowed
0.releases.787.tender.lots.0,0.releases.787,0,1,Tender for the accreditation services for the Specialized Export Quality Infrastructure (SEQI)(Re-advert),Tender for the accreditation services for the Specialized Export Quality Infrastructure (SEQI)(Re-advert),active,45590950,RWF,allowed
0.releases.787.tender.lots.1,0.releases.787,0,1,Tender for the accreditation services for the Specialized Export Quality Infrastructure (SEQI)(Re-advert),Tender for the accreditation services for the Specialized Export Quality Infrastructure (SEQI)(Re-advert),active,45590950,RWF,allowed
0.releases.788.tender.lots.0,0.releases.788,0,1,"Provision of IT infrastructure and Cyber-security review, enhancement, automation of the DR site configurations and implementations of recommendations, advisory and trainings(framework contract)","Provision of IT infrastructure and Cyber-security review, enhancement, automation of the DR site configurations and implementations of recommendations, advisory and trainings(framework contract)",active,700000000,RWF,allowed
0.releases.788.tender.lots.1,0.releases.788,0,1,"Provision of IT infrastructure and Cyber-security review, enhancement, automation of the DR site configurations and implementations of recommendations, advisory and trainings(framework contract)","Provision of IT infrastructure and Cyber-security review, enhancement, automation of the DR site configurations and implementations of recommendations, advisory and trainings(framework contract)",active,700000000,RWF,allowed
0.releases.789.tender.lots.0,0.releases.789,0,1,Recruitment of an Individual Consultant to support the development of a Virtual Property and Building Addressing System.,Recruitment of an Individual Consultant to support the development of a Virtual Property and Building Addressing System.,active,60000000,RWF,allowed
0.releases.791.tender.lots.0,0.releases.791,0,1,"Lot 1 Hotel provision  of reception services of Burera District during meeting, training, workshop and other events under framework agreement",LOT1 Hotel,active,35000000,RWF,allowed
0.releases.791.tender.lots.1,0.releases.791,0,2,"Lot 2 Motel provision  of reception services of Burera District during meeting, training, workshop and other events under framework agreement",Lot 2 Motel,active,30000000,RWF,allowed
0.releases.793.tender.lots.0,0.releases.793,0,1,"Purchase uniform, curtain labelling and sport equipment",,active,13250000,RWF,allowed
0.releases.795.tender.lots.0,0.releases.795,0,1,Conduct full feasibility study of marshlands rehabilitation in Nyamagabe District,Conduct full feasibility study of marshlands rehabilitation in Nyamagabe District,active,30000000,RWF,allowed
0.releases.798.tender.lots.0,0.releases.798,0,1,Hiring of the Construction Company to Construct Basic Infrastructure in Musanze Industrial Park,Hiring of the Construction Company to Construct Basic Infrastructure in Musanze Industrial Park,active,1910000000,RWF,allowed
0.releases.800.tender.lots.0,0.releases.800,0,1,TV services Lot one,TV services Lot one,active,3000000,RWF,allowed
0.releases.800.tender.lots.1,0.releases.800,0,2,Radio services Lot two,Radio services Lot two,active,2000000,RWF,allowed
0.releases.800.tender.lots.2,0.releases.800,0,3,Community radios lot three,Community radios lot three,active,2000000,RWF,allowed
0.releases.800.tender.lots.3,0.releases.800,0,4,News paper and Magazine lot four,News paper and Magazine lot four,active,2000000,RWF,allowed
0.releases.800.tender.lots.4,0.releases.800,0,5,On line Media services Lot 5,On line Media services Lot 5,active,2000000,RWF,allowed
0.releases.800.tender.lots.5,0.releases.800,0,6,Live streaming services lot 6,Live streaming services lot 6,active,1000000,RWF,allowed
0.releases.802.tender.lots.0,0.releases.802,0,1,Provision of Cleaning services for MINECOFIN buildings,Provision of Cleaning services for MINECOFIN buildings,active,157000000,RWF,allowed
0.releases.803.tender.lots.0,0.releases.803,0,1,Provision of Cleaning Services to Ruli DH,Provision of Cleaning Services,active,48952800,RWF,allowed
0.releases.805.tender.lots.0,0.releases.805,0,1,Execution works for Rehabilitation and upgrading Yove Health Center,Execution work for Rehabilitation and upgrading Yove Health Center,active,1797657822,RWF,allowed
0.releases.807.tender.lots.0,0.releases.807,0,1,Supervision for construction of 21 classrooms and supply of equipment,Supervision for construction of 21 classrooms and supply of equipment,active,35999000,RWF,allowed
0.releases.807.tender.lots.1,0.releases.807,0,1,Supervision for construction of 21 classrooms and supply of equipment,Supervision for construction of 21 classrooms and supply of equipment,active,35999000,RWF,allowed
0.releases.809.tender.lots.0,0.releases.809,0,1,Supervision of Rehabilitation and construction of Cyanika health center,Supervision of Rehabilitation and construction of Cyanika health center,active,21500000,RWF,allowed
0.releases.809.tender.lots.1,0.releases.809,0,1,Supervision of Rehabilitation and construction of Cyanika health center,Supervision of Rehabilitation and construction of Cyanika health center,active,21500000,RWF,allowed
0.releases.811.tender.lots.0,0.releases.811,0,1,"Service of gym, swimming, sauna, massage, playground and related sports facilities within the city of kigali",sport facilities,active,5000000,RWF,allowed
0.releases.812.tender.lots.0,0.releases.812,0,1,"Service of gym, swimming, sauna, massage, playground and related sports facilities within the city of kigali",sport facilities,active,5000000,RWF,allowed
0.releases.814.tender.lots.0,0.releases.814,0,1,"Service of gym, swimming, sauna, massage, playground and related sports facilities within the city of kigali",sport facilities,active,5000000,RWF,allowed
0.releases.815.tender.lots.0,0.releases.815,0,1,"Service of gym, swimming, sauna, massage, playground and related sports facilities within the city of kigali",sport facilities,active,5000000,RWF,allowed
0.releases.816.tender.lots.0,0.releases.816,0,1,Provision of Vehicles and Motorcycles Maintenance and repair,Provision of Vehicles and Motorcycles Maintenance and repair,active,78499620,RWF,allowed
0.releases.817.tender.lots.0,0.releases.817,0,1,"Service of gym, swimming, sauna, massage, playground and related sports facilities within the city of kigali",sport facilities,active,5000000,RWF,allowed
0.releases.818.tender.lots.0,0.releases.818,0,1,"Service of gym, swimming, sauna, massage, playground and related sports facilities within the city of kigali",sport facilities,active,5000000,RWF,allowed
0.releases.820.tender.lots.0,0.releases.820,0,1,Supply and installation of smart water tank,,active,4000000,RWF,allowed
0.releases.823.tender.lots.0,0.releases.823,0,1,Office building,Non Consultancy,active,182113920,RWF,allowed
0.releases.823.tender.lots.1,0.releases.823,0,2,Residential building,Non Consultancy,active,4725900,RWF,allowed
0.releases.823.tender.lots.2,0.releases.823,0,3,Hotel building,Non Consultancy,active,17473594,RWF,allowed
0.releases.823.tender.lots.3,0.releases.823,0,4,Storage building,Non Consultancy,active,6032931,RWF,allowed
0.releases.824.tender.lots.0,0.releases.824,0,1,Maintenance and repair of photocopying machines,repair and maintenance,active,5000000,RWF,allowed
0.releases.825.tender.lots.0,0.releases.825,0,1,Supplying and installation of conference screen monitor,,active,140000000,RWF,allowed
0.releases.826.tender.lots.0,0.releases.826,0,1,Lot 1: Construction works of Model ECDs Centers of EP Ngoma Cath in Huye District,Works,active,207842417,RWF,allowed
0.releases.826.tender.lots.1,0.releases.826,0,2,Lot 2: Construction of EDC Center of GC Nyarubande in Rubavu District,Works,active,226676289,RWF,allowed
0.releases.826.tender.lots.2,0.releases.826,0,3,Lot 3: Construction of EDC Center of Gihundwe in District,Works,active,218293294,RWF,allowed
0.releases.827.tender.lots.0,0.releases.827,0,1,Lot 1: Construction works of Model ECDs Centers of EP Ngoma Cath in Huye District,Works,active,207842417,RWF,allowed
0.releases.827.tender.lots.1,0.releases.827,0,2,Lot 2: Construction of EDC Center of GC Nyarubande in Rubavu District,Works,active,226676289,RWF,allowed
0.releases.827.tender.lots.2,0.releases.827,0,3,Lot 3: Construction of EDC Center of Gihundwe in District,Works,active,218293294,RWF,allowed
0.releases.828.tender.lots.0,0.releases.828,0,1,Office building,Non Consultancy,active,182113920,RWF,allowed
0.releases.828.tender.lots.1,0.releases.828,0,2,Residential building,Non Consultancy,active,4725900,RWF,allowed
0.releases.828.tender.lots.2,0.releases.828,0,3,Hotel building,Non Consultancy,active,17473594,RWF,allowed
0.releases.828.tender.lots.3,0.releases.828,0,4,Storage building,Non Consultancy,active,6032931,RWF,allowed
0.releases.829.tender.lots.0,0.releases.829,0,1,"Provision of Venue for Meetings, Conferences and Accommodation",LOT 1 for 3 stars Hotel ,active,21000000,RWF,allowed
0.releases.829.tender.lots.1,0.releases.829,0,2,"Provision of Venue for Meetings, Conferences and Accommodation",LOT 2 for 2 stars Hotel ,active,15000000,RWF,allowed
0.releases.829.tender.lots.2,0.releases.829,0,3,"Provision of Venue for Meetings, Conferences and Accommodation",LOT 3 for 1 star Hotel ,active,14000000,RWF,allowed
0.releases.830.tender.lots.0,0.releases.830,0,1,CONSULTANCY SERVICE FOR HIRING PROFESSIONAL BAILIFF (UMUHESHA W'INKIKO W'UMWUGA),CONSULTANCY SERVICE FOR HIRING PROFESSIONAL BAILIFF (UMUHESHA W'INKIKO W'UMWUGA),active,6000000,RWF,allowed
0.releases.831.tender.lots.0,0.releases.831,0,1,SPORTS AND RECREATION SERVICES,SPORTS AND RECREATION SERVICES,active,5000000,RWF,allowed
0.releases.832.tender.lots.0,0.releases.832,0,1,SPORTS AND RECREATION SERVICES,SPORTS AND RECREATION SERVICES,active,5000000,RWF,allowed
0.releases.833.tender.lots.0,0.releases.833,0,1,Tender for hiring a Consulting  Firm to audit disposition funds for the ICT facility project,Tender for hiring a Consulting  Firm to audit disposition funds for the ICT facility project,active,14000000,RWF,allowed
0.releases.834.tender.lots.0,0.releases.834,0,1,"Lot1: . Supervision of construction works of ECD centers in Nyamagabe, Nyaruguru, Ruhango, Kayonza, Gakenke and Bugesera Districts.",". Supervision of construction works of ECD centers in Nyamagabe, Nyaruguru, Ruhango, Kayonza, Gakenke and Bugesera Districts.",active,68629433,RWF,allowed
0.releases.834.tender.lots.1,0.releases.834,0,2,"Lot 2 Supervision of construction works of ECD centers in Rusizi, Karongi, Rutsiro, Rubavu, Nyabihu and Ngororero Districts","Lot 2 Supervision of construction works of ECD centers in Rusizi, Karongi, Rutsiro, Rubavu, Nyabihu and Ngororero Districts",active,68629434,RWF,allowed
0.releases.835.tender.lots.0,0.releases.835,0,1,SERVICE FOR MAINTENANCE OF ELEVATOR  FOR RNP ON FRAMEWORK AGREEMENT,LOT 1: SUPPLY OF SPARE PARTS FOR ELEVATORS,active,97000000,RWF,allowed
0.releases.836.tender.lots.0,0.releases.836,0,1,"Hiring broadcasting media houses to provide NESA with Radio ,television and online services ( Under Framework contract)",Radio services ,active,2000000,RWF,allowed
0.releases.836.tender.lots.1,0.releases.836,0,2,"Hiring broadcasting media houses to provide NESA with Radio ,television and online services",Television services ,active,2000000,RWF,allowed
0.releases.836.tender.lots.2,0.releases.836,0,3,"Hiring broadcasting media houses to provide NESA with Radio ,television and online services",Online Media house services ,active,1000000,RWF,allowed
0.releases.837.tender.lots.0,0.releases.837,0,1,"Lot1: . Supervision of construction works of ECD centers in Nyamagabe, Nyaruguru, Ruhango, Kayonza, Gakenke and Bugesera Districts.",". Supervision of construction works of ECD centers in Nyamagabe, Nyaruguru, Ruhango, Kayonza, Gakenke and Bugesera Districts.",active,68629433,RWF,allowed
0.releases.837.tender.lots.1,0.releases.837,0,2,"Lot 2 Supervision of construction works of ECD centers in Rusizi, Karongi, Rutsiro, Rubavu, Nyabihu and Ngororero Districts","Lot 2 Supervision of construction works of ECD centers in Rusizi, Karongi, Rutsiro, Rubavu, Nyabihu and Ngororero Districts",active,68629434,RWF,allowed
0.releases.838.tender.lots.0,0.releases.838,0,1,SUPPLY OF SOLAR HOME SYSTEMS & ACCESSORIES AND INSTALLATION ON FRAMEWORK AGREEMENT RE-LAUNCH,,active,100000000,RWF,allowed
0.releases.839.tender.lots.0,0.releases.839,0,1,PROVISION OF  AWARENESS MEDIA SERVICES  ON FRAMEWORK AGREEMENT,"Lot 1: Content creation, Advertisement and Supplement",active,27353611,RWF,allowed
0.releases.839.tender.lots.1,0.releases.839,0,2,PROVISION OF  AWARENESS MEDIA SERVICES  ON FRAMEWORK AGREEMENT,Lot 2: Provision of branded materials,active,27353611,RWF,allowed
0.releases.840.tender.lots.0,0.releases.840,0,1,"Hiring broadcasting media houses to provide NESA with Radio ,television and online services ( Under Framework contract)",Radio services ,active,2000000,RWF,allowed
0.releases.840.tender.lots.1,0.releases.840,0,2,"Hiring broadcasting media houses to provide NESA with Radio ,television and online services",Television services ,active,2000000,RWF,allowed
0.releases.840.tender.lots.2,0.releases.840,0,3,"Hiring broadcasting media houses to provide NESA with Radio ,television and online services",Online Media house services ,active,1000000,RWF,allowed
0.releases.841.tender.lots.0,0.releases.841,0,1,"Hiring broadcasting media houses to provide NESA with Radio ,television and online services ( Under Framework contract)",Radio services ,active,2000000,RWF,allowed
0.releases.841.tender.lots.1,0.releases.841,0,2,"Hiring broadcasting media houses to provide NESA with Radio ,television and online services",Television services ,active,2000000,RWF,allowed
0.releases.841.tender.lots.2,0.releases.841,0,3,"Hiring broadcasting media houses to provide NESA with Radio ,television and online services",Online Media house services ,active,1000000,RWF,allowed
0.releases.842.tender.lots.0,0.releases.842,0,1,Hotel services,Hotel services,active,18638785,RWF,allowed
0.releases.843.tender.lots.0,0.releases.843,0,1,"Hiring broadcasting media houses to provide NESA with Radio ,television and online services ( Under Framework contract)",Radio services ,active,2000000,RWF,allowed
0.releases.843.tender.lots.1,0.releases.843,0,2,"Hiring broadcasting media houses to provide NESA with Radio ,television and online services",Television services ,active,2000000,RWF,allowed
0.releases.843.tender.lots.2,0.releases.843,0,3,"Hiring broadcasting media houses to provide NESA with Radio ,television and online services",Online Media house services ,active,1000000,RWF,allowed
0.releases.845.tender.lots.0,0.releases.845,0,1,Rehabilitation buildings,Rehabilitation buildings,active,30436750,RWF,allowed
0.releases.846.tender.lots.0,0.releases.846,0,1,Construction of 3 ECD Classroom and Rehabilitation of 1 ECD Classroom under Revenue sharing Program,Construction of 3 ECD Classroom and Rehabilitation of 1 ECD Classroom under Revenue sharing Program,active,54929873,RWF,allowed
0.releases.847.tender.lots.0,0.releases.847,0,1,Supply and installation of smart water tank,,active,4000000,RWF,allowed
0.releases.847.tender.lots.1,0.releases.847,0,1,Supply and installation of smart water tank,,active,4000000,RWF,allowed
0.releases.848.tender.lots.0,0.releases.848,0,1,RE- ADVERTIEMENT OF SWIMMING SUBSCRIPTION SERVICES FOR TEACHING PHYSICAL EDUCATION AND SPORTS,SWIMMING SUBSCRIPTION SERVICES ,active,25000000,RWF,allowed
0.releases.848.tender.lots.1,0.releases.848,0,1,RE- ADVERTIEMENT OF SWIMMING SUBSCRIPTION SERVICES FOR TEACHING PHYSICAL EDUCATION AND SPORTS,SWIMMING SUBSCRIPTION SERVICES ,active,25000000,RWF,allowed
0.releases.849.tender.lots.0,0.releases.849,0,1,TV services Lot one,TV services Lot one,active,3000000,RWF,allowed
0.releases.849.tender.lots.1,0.releases.849,0,2,Radio services Lot two,Radio services Lot two,active,2000000,RWF,allowed
0.releases.849.tender.lots.2,0.releases.849,0,3,Community radios lot three,Community radios lot three,active,2000000,RWF,allowed
0.releases.849.tender.lots.3,0.releases.849,0,4,News paper and Magazine lot four,News paper and Magazine lot four,active,2000000,RWF,allowed
0.releases.849.tender.lots.4,0.releases.849,0,5,On line Media services Lot 5,On line Media services Lot 5,active,2000000,RWF,allowed
0.releases.849.tender.lots.5,0.releases.849,0,6,Live streaming services lot 6,Live streaming services lot 6,active,1000000,RWF,allowed
0.releases.850.tender.lots.0,0.releases.850,0,1,TV services Lot one,TV services Lot one,active,3000000,RWF,allowed
0.releases.850.tender.lots.1,0.releases.850,0,2,Radio services Lot two,Radio services Lot two,active,2000000,RWF,allowed
0.releases.850.tender.lots.2,0.releases.850,0,3,Community radios lot three,Community radios lot three,active,2000000,RWF,allowed
0.releases.850.tender.lots.3,0.releases.850,0,4,News paper and Magazine lot four,News paper and Magazine lot four,active,2000000,RWF,allowed
0.releases.850.tender.lots.4,0.releases.850,0,5,On line Media services Lot 5,On line Media services Lot 5,active,2000000,RWF,allowed
0.releases.850.tender.lots.5,0.releases.850,0,6,Live streaming services lot 6,Live streaming services lot 6,active,1000000,RWF,allowed
0.releases.851.tender.lots.0,0.releases.851,0,1,TV services Lot one,TV services Lot one,active,3000000,RWF,allowed
0.releases.851.tender.lots.1,0.releases.851,0,2,Radio services Lot two,Radio services Lot two,active,2000000,RWF,allowed
0.releases.851.tender.lots.2,0.releases.851,0,3,Community radios lot three,Community radios lot three,active,2000000,RWF,allowed
0.releases.851.tender.lots.3,0.releases.851,0,4,News paper and Magazine lot four,News paper and Magazine lot four,active,2000000,RWF,allowed
0.releases.851.tender.lots.4,0.releases.851,0,5,On line Media services Lot 5,On line Media services Lot 5,active,2000000,RWF,allowed
0.releases.851.tender.lots.5,0.releases.851,0,6,Live streaming services lot 6,Live streaming services lot 6,active,1000000,RWF,allowed
0.releases.852.tender.lots.0,0.releases.852,0,1,TV services Lot one,TV services Lot one,active,3000000,RWF,allowed
0.releases.852.tender.lots.1,0.releases.852,0,2,Radio services Lot two,Radio services Lot two,active,2000000,RWF,allowed
0.releases.852.tender.lots.2,0.releases.852,0,3,Community radios lot three,Community radios lot three,active,2000000,RWF,allowed
0.releases.852.tender.lots.3,0.releases.852,0,4,News paper and Magazine lot four,News paper and Magazine lot four,active,2000000,RWF,allowed
0.releases.852.tender.lots.4,0.releases.852,0,5,On line Media services Lot 5,On line Media services Lot 5,active,2000000,RWF,allowed
0.releases.852.tender.lots.5,0.releases.852,0,6,Live streaming services lot 6,Live streaming services lot 6,active,1000000,RWF,allowed
0.releases.853.tender.lots.0,0.releases.853,0,1,TV services Lot one,TV services Lot one,active,3000000,RWF,allowed
0.releases.853.tender.lots.1,0.releases.853,0,2,Radio services Lot two,Radio services Lot two,active,2000000,RWF,allowed
0.releases.853.tender.lots.2,0.releases.853,0,3,Community radios lot three,Community radios lot three,active,2000000,RWF,allowed
0.releases.853.tender.lots.3,0.releases.853,0,4,News paper and Magazine lot four,News paper and Magazine lot four,active,2000000,RWF,allowed
0.releases.853.tender.lots.4,0.releases.853,0,5,On line Media services Lot 5,On line Media services Lot 5,active,2000000,RWF,allowed
0.releases.853.tender.lots.5,0.releases.853,0,6,Live streaming services lot 6,Live streaming services lot 6,active,1000000,RWF,allowed
0.releases.854.tender.lots.0,0.releases.854,0,1,TV services Lot one,TV services Lot one,active,3000000,RWF,allowed
0.releases.854.tender.lots.1,0.releases.854,0,2,Radio services Lot two,Radio services Lot two,active,2000000,RWF,allowed
0.releases.854.tender.lots.2,0.releases.854,0,3,Community radios lot three,Community radios lot three,active,2000000,RWF,allowed
0.releases.854.tender.lots.3,0.releases.854,0,4,News paper and Magazine lot four,News paper and Magazine lot four,active,2000000,RWF,allowed
0.releases.854.tender.lots.4,0.releases.854,0,5,On line Media services Lot 5,On line Media services Lot 5,active,2000000,RWF,allowed
0.releases.854.tender.lots.5,0.releases.854,0,6,Live streaming services lot 6,Live streaming services lot 6,active,1000000,RWF,allowed
0.releases.855.tender.lots.0,0.releases.855,0,1,TV services Lot one,TV services Lot one,active,3000000,RWF,allowed
0.releases.855.tender.lots.1,0.releases.855,0,2,Radio services Lot two,Radio services Lot two,active,2000000,RWF,allowed
0.releases.855.tender.lots.2,0.releases.855,0,3,Community radios lot three,Community radios lot three,active,2000000,RWF,allowed
0.releases.855.tender.lots.3,0.releases.855,0,4,News paper and Magazine lot four,News paper and Magazine lot four,active,2000000,RWF,allowed
0.releases.855.tender.lots.4,0.releases.855,0,5,On line Media services Lot 5,On line Media services Lot 5,active,2000000,RWF,allowed
0.releases.855.tender.lots.5,0.releases.855,0,6,Live streaming services lot 6,Live streaming services lot 6,active,1000000,RWF,allowed
0.releases.857.tender.lots.0,0.releases.857,0,1,Provision of sport and recreation facilities services,Provision of sport and recreation facilities services,active,3000000,RWF,allowed
0.releases.858.tender.lots.0,0.releases.858,0,1,Provision of sport and recreation facilities services,Provision of sport and recreation facilities services,active,3000000,RWF,allowed
0.releases.859.tender.lots.0,0.releases.859,0,1,TV services Lot one,TV services Lot one,active,3000000,RWF,allowed
0.releases.859.tender.lots.1,0.releases.859,0,2,Radio services Lot two,Radio services Lot two,active,2000000,RWF,allowed
0.releases.859.tender.lots.2,0.releases.859,0,3,Community radios lot three,Community radios lot three,active,2000000,RWF,allowed
0.releases.859.tender.lots.3,0.releases.859,0,4,News paper and Magazine lot four,News paper and Magazine lot four,active,2000000,RWF,allowed
0.releases.859.tender.lots.4,0.releases.859,0,5,On line Media services Lot 5,On line Media services Lot 5,active,2000000,RWF,allowed
0.releases.859.tender.lots.5,0.releases.859,0,6,Live streaming services lot 6,Live streaming services lot 6,active,1000000,RWF,allowed
0.releases.860.tender.lots.0,0.releases.860,0,1,TV services Lot one,TV services Lot one,active,3000000,RWF,allowed
0.releases.860.tender.lots.1,0.releases.860,0,2,Radio services Lot two,Radio services Lot two,active,2000000,RWF,allowed
0.releases.860.tender.lots.2,0.releases.860,0,3,Community radios lot three,Community radios lot three,active,2000000,RWF,allowed
0.releases.860.tender.lots.3,0.releases.860,0,4,News paper and Magazine lot four,News paper and Magazine lot four,active,2000000,RWF,allowed
0.releases.860.tender.lots.4,0.releases.860,0,5,On line Media services Lot 5,On line Media services Lot 5,active,2000000,RWF,allowed
0.releases.860.tender.lots.5,0.releases.860,0,6,Live streaming services lot 6,Live streaming services lot 6,active,1000000,RWF,allowed
0.releases.861.tender.lots.0,0.releases.861,0,1,Provision of sport and recreation facilities services,Provision of sport and recreation facilities services,active,3000000,RWF,allowed
0.releases.863.tender.lots.0,0.releases.863,0,1,Tender for Acquisition of gifts,,active,1000000,RWF,allowed
0.releases.863.tender.lots.1,0.releases.863,0,2,Tender for acquisition of awards,,active,1000000,RWF,allowed
0.releases.864.tender.lots.0,0.releases.864,0,1,Tender for Acquisition of gifts,,active,1000000,RWF,allowed
0.releases.864.tender.lots.1,0.releases.864,0,2,Tender for acquisition of awards,,active,1000000,RWF,allowed
0.releases.865.tender.lots.0,0.releases.865,0,1,"Hiring broadcasting media houses to provide NESA with Radio ,television and online services ( Under Framework contract)",Radio services ,active,2000000,RWF,allowed
0.releases.865.tender.lots.1,0.releases.865,0,2,"Hiring broadcasting media houses to provide NESA with Radio ,television and online services",Television services ,active,2000000,RWF,allowed
0.releases.865.tender.lots.2,0.releases.865,0,3,"Hiring broadcasting media houses to provide NESA with Radio ,television and online services",Online Media house services ,active,1000000,RWF,allowed
0.releases.866.tender.lots.0,0.releases.866,0,1,"Hiring broadcasting media houses to provide NESA with Radio ,television and online services ( Under Framework contract)",Radio services ,active,2000000,RWF,allowed
0.releases.866.tender.lots.1,0.releases.866,0,2,"Hiring broadcasting media houses to provide NESA with Radio ,television and online services",Television services ,active,2000000,RWF,allowed
0.releases.866.tender.lots.2,0.releases.866,0,3,"Hiring broadcasting media houses to provide NESA with Radio ,television and online services",Online Media house services ,active,1000000,RWF,allowed
0.releases.867.tender.lots.0,0.releases.867,0,1, FRAMEWORK AGREEMENT FOR SUPPLY CONSUMMABLES and PRINTING.,,active,17088331,RWF,allowed
0.releases.868.tender.lots.0,0.releases.868,0,1,Supply of small tools and consumables in Irrigation and drainage  Technology departmen Lot 1: Agricuture Input,,active,15600000,RWF,allowed
0.releases.871.tender.lots.0,0.releases.871,0,1,Inyange products,,active,8000000,RWF,allowed
0.releases.872.tender.lots.0,0.releases.872,0,1,"Supervision of Production of quality tree seedlings, Afforestation, Reforestation, Agroforestry plantation and Fruit seedlings supply to the community in GAKENKE DISTRICT","Supervision of Production of quality tree seedlings, Afforestation, Reforestation, Agroforestry plantation and Fruit seedlings supply to the community in GAKENKE DISTRICT",active,15876099,RWF,allowed
0.releases.873.tender.lots.0,0.releases.873,0,1,Supervision for construction of 21 classrooms and supply of equipment,Supervision for construction of 21 classrooms and supply of equipment,active,35999000,RWF,allowed
0.releases.873.tender.lots.1,0.releases.873,0,1,Supervision for construction of 21 classrooms and supply of equipment,Supervision for construction of 21 classrooms and supply of equipment,active,35999000,RWF,allowed
0.releases.874.tender.lots.0,0.releases.874,0,1,Provision of sport and recreation facilities services,Provision of sport and recreation facilities services,active,3000000,RWF,allowed
0.releases.875.tender.lots.0,0.releases.875,0,1,Recruiting consultant to carry out feasibility and detailed design study for rehabilitation and improvement of Nyarubogo marshland (150ha),detailed design study for rehabilitation and improvement of Nyarubogo marshland (150ha),active,308400000,RWF,allowed
0.releases.875.tender.lots.1,0.releases.875,0,1,LotNo1,,active,,,allowed
0.releases.876.tender.lots.0,0.releases.876,0,1,Recruiting consultant to carry out feasibility and detailed design study for rehabilitation and improvement of Nyarubogo marshland (150ha),detailed design study for rehabilitation and improvement of Nyarubogo marshland (150ha),active,308400000,RWF,allowed
0.releases.876.tender.lots.1,0.releases.876,0,1,LotNo1,,active,,,allowed
0.releases.877.tender.lots.0,0.releases.877,0,1,HIRING A COMPANY FOR TRANSLATION SERVICES ,HIRING A COMPANY FOR TRANSLATION SERVICES ,active,5000000,RWF,allowed
0.releases.878.tender.lots.0,0.releases.878,0,1,NCPD Cleaning services,NCPD Cleaning services,active,3200000,RWF,allowed
0.releases.880.tender.lots.0,0.releases.880,0,1,Re-advertised of Decoration services for Nyamasheke District events,Re-advertised of Decoration services for Nyamasheke District events,active,2430560,RWF,allowed
0.releases.881.tender.lots.0,0.releases.881,0,1,Re-advertised of Decoration services for Nyamasheke District events,Re-advertised of Decoration services for Nyamasheke District events,active,2430560,RWF,allowed
0.releases.882.tender.lots.0,0.releases.882,0,1,Transport services for staff,Transport services for staff,active,120000000,RWF,allowed
0.releases.882.tender.lots.1,0.releases.882,0,1,Transport services for staff,Transport services for staff,active,120000000,RWF,allowed
0.releases.883.tender.lots.0,0.releases.883,0,1,Supply of Inclusive educational materials  for students with disabilities. ,,active,400000000,RWF,allowed
0.releases.884.tender.lots.0,0.releases.884,0,1,Supply of Inclusive educational materials  for students with disabilities. ,,active,400000000,RWF,allowed
0.releases.886.tender.lots.0,0.releases.886,0,1,RE- ADVERTIEMENT OF SWIMMING SUBSCRIPTION SERVICES FOR TEACHING PHYSICAL EDUCATION AND SPORTS,SWIMMING SUBSCRIPTION SERVICES ,active,25000000,RWF,allowed
0.releases.886.tender.lots.1,0.releases.886,0,1,RE- ADVERTIEMENT OF SWIMMING SUBSCRIPTION SERVICES FOR TEACHING PHYSICAL EDUCATION AND SPORTS,SWIMMING SUBSCRIPTION SERVICES ,active,25000000,RWF,allowed
0.releases.887.tender.lots.0,0.releases.887,0,1,Provision of Insurance Packages for UR Long Term Assets,Provision of Insurance Packages for UR Long Term Assets,active,500000000,RWF,allowed
0.releases.889.tender.lots.0,0.releases.889,0,1,Supply of office stationary,,active,7231000,RWF,allowed
0.releases.889.tender.lots.1,0.releases.889,0,1,Supply of office stationary,,active,7231000,RWF,allowed
0.releases.890.tender.lots.0,0.releases.890,0,1,"Provision of cleaning, dry cleaning, and fumigation services under framework Contract","Provision of cleaning, dry cleaning, and fumigation services under framework Contract",active,59045096,RWF,allowed
0.releases.891.tender.lots.0,0.releases.891,0,1,Construction of 3 ECD Classroom and Rehabilitation of 1 ECD Classroom under Revenue sharing Program,Construction of 3 ECD Classroom and Rehabilitation of 1 ECD Classroom under Revenue sharing Program,active,54929873,RWF,allowed
0.releases.892.tender.lots.0,0.releases.892,0,1,Maintenance of road in Burera District,Maintenance of road in Burera District,active,62000000,RWF,allowed
0.releases.893.tender.lots.0,0.releases.893,0,1,"Tender for Supply of refreshments and beverages to RPPA(clean drinking water, milk and juice)",,active,5293000,RWF,allowed
0.releases.894.tender.lots.0,0.releases.894,0,1,Tender for Acquisition of office refreshment,Tender for Acquisition of office refreshment,active,1000000,RWF,allowed
0.releases.895.tender.lots.0,0.releases.895,0,1,Hiring vehicle for transport services ,Hiring vehicle for transport services ,active,35520002,RWF,allowed
0.releases.897.tender.lots.0,0.releases.897,0,1,500lph Drinking Water Purification Plant,500lph Drinking Water Purification Plant,active,6000000,RWF,allowed
0.releases.897.tender.lots.1,0.releases.897,0,1,500lph Drinking Water Purification Plant,500lph Drinking Water Purification Plant,active,6000000,RWF,allowed
0.releases.898.tender.lots.0,0.releases.898,0,1,Re-advertised Supply of MINUBUMWE Stationary under framework contract,,active,100000000,RWF,allowed
0.releases.900.tender.lots.0,0.releases.900,0,1,Urgent works of rehabilitation /Repair of damaged Road Sections Located on Kitabi -Shaba-Muganza Tea Factory and Muganza Tea Factory -Kibeho Unpaved District  Road under Design and Build Approach,Urgent works of rehabilitation /Repair of damaged Road Sections Located on Kitabi -Shaba-Muganza Tea Factory and Muganza Tea Factory -Kibeho Unpaved District  Road under Design and Build Approach,active,5175880080,RWF,allowed
0.releases.901.tender.lots.0,0.releases.901,0,1,Supervision of Rehabilitation and construction of Cyanika health center,Supervision of Rehabilitation and construction of Cyanika health center,active,21500000,RWF,allowed
0.releases.901.tender.lots.1,0.releases.901,0,1,Supervision of Rehabilitation and construction of Cyanika health center,Supervision of Rehabilitation and construction of Cyanika health center,active,21500000,RWF,allowed
0.releases.902.tender.lots.0,0.releases.902,0,1,Maintenance of Sound system,Maintenance of Sound system,active,3000000,RWF,allowed
0.releases.904.tender.lots.0,0.releases.904,0,2,"Tender for airing Radio/TV programs, and adverts, and announcement",Airing TV Spot and TV Programs,active,345680000,RWF,allowed
0.releases.905.tender.lots.0,0.releases.905,0,1,Insurance of minaffet vip cars,Insurance of minaffet vip cars,active,32000000,RWF,allowed
0.releases.906.tender.lots.0,0.releases.906,0,2,"Tender for airing Radio/TV programs, and adverts, and announcement",Airing TV Spot and TV Programs,active,345680000,RWF,allowed
0.releases.907.tender.lots.0,0.releases.907,0,2,"Tender for airing Radio/TV programs, and adverts, and announcement",Airing TV Spot and TV Programs,active,345680000,RWF,allowed
0.releases.908.tender.lots.0,0.releases.908,0,2,"Tender for airing Radio/TV programs, and adverts, and announcement",Airing TV Spot and TV Programs,active,345680000,RWF,allowed
0.releases.909.tender.lots.0,0.releases.909,0,2,"Tender for airing Radio/TV programs, and adverts, and announcement",Airing TV Spot and TV Programs,active,345680000,RWF,allowed
0.releases.910.tender.lots.0,0.releases.910,0,2,"Tender for airing Radio/TV programs, and adverts, and announcement",Airing TV Spot and TV Programs,active,345680000,RWF,allowed
0.releases.911.tender.lots.0,0.releases.911,0,1,Supply of Hemodialysis consumables for NIPPRO Machines/ Medical consumables (Retendered),,active,110000000,RWF,allowed
0.releases.911.tender.lots.1,0.releases.911,0,1,Supply of Hemodialysis consumables for NIPPRO Machines/ Medical consumables (Retendered),,active,110000000,RWF,allowed
0.releases.912.tender.lots.0,0.releases.912,0,2,"Tender for airing Radio/TV programs, and adverts, and announcement",Airing TV Spot and TV Programs,active,345680000,RWF,allowed
0.releases.913.tender.lots.0,0.releases.913,0,2,"Tender for airing Radio/TV programs, and adverts, and announcement",Airing TV Spot and TV Programs,active,345680000,RWF,allowed
0.releases.914.tender.lots.0,0.releases.914,0,1,"Acquisition of curtain Nyarugenge CF, Nyamasheke CF and Nyamagabe CF",,active,11170000,RWF,allowed
0.releases.916.tender.lots.0,0.releases.916,0,1,Acquisition of water pump for RCS Headquarters,,active,12000000,RWF,allowed
0.releases.917.tender.lots.0,0.releases.917,0,1,Framework agreement to supply all in one desktops,,active,2000000000,RWF,allowed
0.releases.918.tender.lots.0,0.releases.918,0,1,"A framework contract for supplying Uninterruptible Power Supplies (UPSs of 1KVA, 6KVA and 60KVA) for Government institutions",,active,5000000000,RWF,allowed
0.releases.919.tender.lots.0,0.releases.919,0,1,TV services Lot one,TV services Lot one,active,3000000,RWF,allowed
0.releases.919.tender.lots.1,0.releases.919,0,2,Radio services Lot two,Radio services Lot two,active,2000000,RWF,allowed
0.releases.919.tender.lots.2,0.releases.919,0,3,Community radios lot three,Community radios lot three,active,2000000,RWF,allowed
0.releases.919.tender.lots.3,0.releases.919,0,4,News paper and Magazine lot four,News paper and Magazine lot four,active,2000000,RWF,allowed
0.releases.919.tender.lots.4,0.releases.919,0,5,On line Media services Lot 5,On line Media services Lot 5,active,2000000,RWF,allowed
0.releases.919.tender.lots.5,0.releases.919,0,6,Live streaming services lot 6,Live streaming services lot 6,active,1000000,RWF,allowed
0.releases.920.tender.lots.0,0.releases.920,0,1,TV services Lot one,TV services Lot one,active,3000000,RWF,allowed
0.releases.920.tender.lots.1,0.releases.920,0,2,Radio services Lot two,Radio services Lot two,active,2000000,RWF,allowed
0.releases.920.tender.lots.2,0.releases.920,0,3,Community radios lot three,Community radios lot three,active,2000000,RWF,allowed
0.releases.920.tender.lots.3,0.releases.920,0,4,News paper and Magazine lot four,News paper and Magazine lot four,active,2000000,RWF,allowed
0.releases.920.tender.lots.4,0.releases.920,0,5,On line Media services Lot 5,On line Media services Lot 5,active,2000000,RWF,allowed
0.releases.920.tender.lots.5,0.releases.920,0,6,Live streaming services lot 6,Live streaming services lot 6,active,1000000,RWF,allowed
0.releases.921.tender.lots.0,0.releases.921,0,1,"Providing insurance of assets of Nyabihu District (Motorcycles, motor vehicles & buildings","Providing insurance of assets of Nyabihu District (Motorcycles, motor vehicles & buildings",active,45000000,RWF,allowed
0.releases.922.tender.lots.0,0.releases.922,0,1,"Providing insurance of assets of Nyabihu District (Motorcycles, motor vehicles & buildings","Providing insurance of assets of Nyabihu District (Motorcycles, motor vehicles & buildings",active,45000000,RWF,allowed
0.releases.923.tender.lots.0,0.releases.923,0,1,"Providing insurance of assets of Nyabihu District (Motorcycles, motor vehicles & buildings","Providing insurance of assets of Nyabihu District (Motorcycles, motor vehicles & buildings",active,45000000,RWF,allowed
0.releases.924.tender.lots.0,0.releases.924,0,1,"Providing insurance of assets of Nyabihu District (Motorcycles, motor vehicles & buildings","Providing insurance of assets of Nyabihu District (Motorcycles, motor vehicles & buildings",active,45000000,RWF,allowed
0.releases.925.tender.lots.0,0.releases.925,0,1,Office building,Non Consultancy,active,182113920,RWF,allowed
0.releases.925.tender.lots.1,0.releases.925,0,2,Residential building,Non Consultancy,active,4725900,RWF,allowed
0.releases.925.tender.lots.2,0.releases.925,0,3,Hotel building,Non Consultancy,active,17473594,RWF,allowed
0.releases.925.tender.lots.3,0.releases.925,0,4,Storage building,Non Consultancy,active,6032931,RWF,allowed
0.releases.926.tender.lots.0,0.releases.926,0,1,"Supervision  for Construction works of 16 latrines for schools, public places and health facilities in  Karongi, Rutsiro,Gatsibo,Kayonza  Districts","Supervision  for Construction works of 16 latrines for schools, public places and health facilities in  Karongi, Rutsiro,Gatsibo,Kayonza  Districts",active,86101257,RWF,allowed
0.releases.926.tender.lots.1,0.releases.926,0,1,"Supervision  for Construction works of 16 latrines for schools, public places and health facilities in  Karongi, Rutsiro,Gatsibo,Kayonza  Districts","Supervision  for Construction works of 16 latrines for schools, public places and health facilities in  Karongi, Rutsiro,Gatsibo,Kayonza  Districts",active,86101257,RWF,allowed
0.releases.927.tender.lots.0,0.releases.927,0,1,"Supervision  for Construction works of 16 latrines for schools, public places and health facilities in Huye,Gisagara,Nyaruguru, Gicumbi  Districts","Supervision  for Construction works of 16 latrines for schools, public places and health facilities in Huye,Gisagara,Nyaruguru, Gicumbi  Districts",active,86101257,RWF,allowed
0.releases.927.tender.lots.1,0.releases.927,0,1,"Supervision  for Construction works of 16 latrines for schools, public places and health facilities in Huye,Gisagara,Nyaruguru, Gicumbi  Districts","Supervision  for Construction works of 16 latrines for schools, public places and health facilities in Huye,Gisagara,Nyaruguru, Gicumbi  Districts",active,86101257,RWF,allowed
0.releases.928.tender.lots.0,0.releases.928,0,1,Provision of cleaning services and gardening ,Provision of cleaning services and gardening ,active,34000000,RWF,allowed
0.releases.928.tender.lots.1,0.releases.928,0,1,Provision of cleaning services and gardening ,Provision of cleaning services and gardening ,active,34000000,RWF,allowed
0.releases.929.tender.lots.0,0.releases.929,0,1,Supply water meters under RTSWS,,active,720000000,RWF,allowed
0.releases.931.tender.lots.0,0.releases.931,0,1,Provision of  vehicle Insurance GR 709D,Provision of  vehicle Insurance ,active,2000000,RWF,allowed
0.releases.932.tender.lots.0,0.releases.932,0,1,Provision of Online Media Services to RTB,Provision of Online Media Services to RTB,active,22800000,RWF,allowed
0.releases.933.tender.lots.0,0.releases.933,0,1,Repair and replacement of car shelter tents,Repair and replacement of car shelter tents,active,10806000,RWF,allowed
0.releases.934.tender.lots.0,0.releases.934,0,1,Provision of Online Media Services to RTB,Provision of Online Media Services to RTB,active,22800000,RWF,allowed
0.releases.935.tender.lots.0,0.releases.935,0,1,Repair and replacement of car shelter tents,Repair and replacement of car shelter tents,active,10806000,RWF,allowed
0.releases.936.tender.lots.0,0.releases.936,0,1,Upgrading of Cyuve Informal Settlement in Musanze City by Execution Works of Asphalt Roads.,Upgrading of Cyuve Informal Settlement in Musanze City by Execution Works of Asphalt Roads.,active,4500000000,RWF,allowed
0.releases.937.tender.lots.0,0.releases.937,0,1,Insemination and vaccination and other related services,Insemination and vaccination and other related services,active,101171168,RWF,allowed
0.releases.938.tender.lots.0,0.releases.938,0,1,SUPPLY OF UNIFORMS FOR RDB’ STAFF IN A FRAMEWORK CONTRACT,,active,100000000,RWF,allowed
0.releases.939.tender.lots.0,0.releases.939,0,1,HIRING A GYM COACH FOR MINECOFIN STAFF,HIRING A GYM COACH FOR MINECOFIN STAFF,active,43000000,RWF,allowed
0.releases.940.tender.lots.0,0.releases.940,0,1,Feasibility and Detailed Design for the Rehabilitation and Upgrading of Kimisagara WTP,Feasibility and Detailed Design for the Rehabilitation and Upgrading of Kimisagara WTP,active,518500000,RWF,allowed
0.releases.940.tender.lots.1,0.releases.940,0,1,LotNo1,,active,,,allowed
0.releases.941.tender.lots.0,0.releases.941,0,1,"Feasibility Study and Detailed Design For The Rehabilitation of Gihuma, Gisuma, Muhazi and Cyunyu Water Treatment Plants","Feasibility Study and Detailed Design For The Rehabilitation of Gihuma, Gisuma, Muhazi and Cyunyu Water Treatment Plants",active,950000000,RWF,allowed
0.releases.941.tender.lots.1,0.releases.941,0,1,LotNo1,,active,,,allowed
0.releases.942.tender.lots.0,0.releases.942,0,1,Supply of small tools and consumables in Agri Mechanization Technology department,,active,10000000,RWF,allowed
0.releases.944.tender.lots.0,0.releases.944,0,1,TV services Lot one,TV services Lot one,active,3000000,RWF,allowed
0.releases.944.tender.lots.1,0.releases.944,0,2,Radio services Lot two,Radio services Lot two,active,2000000,RWF,allowed
0.releases.944.tender.lots.2,0.releases.944,0,3,Community radios lot three,Community radios lot three,active,2000000,RWF,allowed
0.releases.944.tender.lots.3,0.releases.944,0,4,News paper and Magazine lot four,News paper and Magazine lot four,active,2000000,RWF,allowed
0.releases.944.tender.lots.4,0.releases.944,0,5,On line Media services Lot 5,On line Media services Lot 5,active,2000000,RWF,allowed
0.releases.944.tender.lots.5,0.releases.944,0,6,Live streaming services lot 6,Live streaming services lot 6,active,1000000,RWF,allowed
0.releases.945.tender.lots.0,0.releases.945,0,1,Supply of tools and training consumables for Masonry in RP Gishari College,,active,30000000,RWF,allowed
0.releases.945.tender.lots.1,0.releases.945,0,1,Supply of tools and training consumables for Masonry in RP Gishari College,,active,30000000,RWF,allowed
0.releases.946.tender.lots.0,0.releases.946,0,2,SERVICE FOR ADVERTISEMENT IN A LOCAL DAILY ELECTRONIC MAGAZINE ON FRAMEWORK AGREEMENT,SERVICE FOR ADVERTISEMENT IN A LOCAL DAILY KINYARWANDA MAGAZINE,active,3150000,RWF,allowed
0.releases.946.tender.lots.1,0.releases.946,0,3,SERVICE FOR ADVERTISEMENT IN A LOCAL DAILY ELECTRONIC MAGAZINE ON FRAMEWORK AGREEMENT,SERVICE FOR RENTING BILLBOARDS,active,1500000,RWF,allowed
0.releases.946.tender.lots.2,0.releases.946,0,1,SERVICE FOR ADVERTISEMENT IN A LOCAL DAILY ELECTRONIC MAGAZINE ON FRAMEWORK AGREEMENT,SERVICE FOR ADVERTISEMENT IN A LOCAL DAILY ENGLISH MAGAZINE,active,3150000,RWF,allowed
0.releases.946.tender.lots.3,0.releases.946,0,2,SERVICE FOR ADVERTISEMENT IN A LOCAL DAILY ELECTRONIC MAGAZINE ON FRAMEWORK AGREEMENT,SERVICE FOR ADVERTISEMENT IN A LOCAL DAILY KINYARWANDA MAGAZINE,active,3150000,RWF,allowed
0.releases.946.tender.lots.4,0.releases.946,0,3,SERVICE FOR ADVERTISEMENT IN A LOCAL DAILY ELECTRONIC MAGAZINE ON FRAMEWORK AGREEMENT,SERVICE FOR RENTING BILLBOARDS,active,1500000,RWF,allowed
0.releases.947.tender.lots.0,0.releases.947,0,1,"Tender for Supply of refreshments and beverages to RPPA(clean drinking water, milk and juice)",,active,5293000,RWF,allowed
0.releases.948.tender.lots.0,0.releases.948,0,1,Provide Services of codification and engraving of RPPA Assets,Provide Services of codification and engraving of RPPA Assets,active,6000000,RWF,allowed
0.releases.949.tender.lots.0,0.releases.949,0,1,Maintenance and repair of photocopying machines,repair and maintenance,active,5000000,RWF,allowed
0.releases.951.tender.lots.0,0.releases.951,0,1,Construction and Upgrading of Gihengeri water Treatment Plant in Gatsibo District,Works,active,1815743773,RWF,allowed
0.releases.952.tender.lots.0,0.releases.952,0,1,Hotel services Lot 1 (in Rwamagana District ) ,Hotel services Lot 1 (in Rwamagana District,active,2000000,RWF,allowed
0.releases.952.tender.lots.1,0.releases.952,0,2,Hotel services Lot 2 (MUHAZI Beach),Hotel services Lot 2 (MUHAZI Beach,active,2000000,RWF,allowed
0.releases.954.tender.lots.0,0.releases.954,0,1,Provision of sport and recreation facilities services,Provision of sport and recreation facilities services,active,3000000,RWF,allowed
0.releases.955.tender.lots.0,0.releases.955,0,1,Annual framework tender for supply of food stuffs and other materials for transit center in Rusizi District,,active,50000000,RWF,allowed
0.releases.956.tender.lots.0,0.releases.956,0,1,Construction of Adeper GS Muhoza Bralirwa asphalt road,Construction of Adeper GS Muhoza Bralirwa asphalt road,active,418513139,RWF,allowed
0.releases.957.tender.lots.0,0.releases.957,0,1,Annual framework tender for supply of food stuffs and other materials for transit center in Rusizi District,,active,50000000,RWF,allowed
0.releases.958.tender.lots.0,0.releases.958,0,1,Construction of Nyamata Health Center,BUILDINGS,active,2956354222,RWF,allowed
0.releases.959.tender.lots.0,0.releases.959,0,1,Supply of tools and training consumables for Masonry in RP Gishari College,,active,30000000,RWF,allowed
0.releases.959.tender.lots.1,0.releases.959,0,1,Supply of tools and training consumables for Masonry in RP Gishari College,,active,30000000,RWF,allowed
0.releases.960.tender.lots.0,0.releases.960,0,1,Supplying and installation of conference screen monitor,,active,140000000,RWF,allowed
0.releases.961.tender.lots.0,0.releases.961,0,1,Hotel services Lot 1 (in Rwamagana District ) ,Hotel services Lot 1 (in Rwamagana District,active,2000000,RWF,allowed
0.releases.961.tender.lots.1,0.releases.961,0,2,Hotel services Lot 2 (MUHAZI Beach),Hotel services Lot 2 (MUHAZI Beach,active,2000000,RWF,allowed
0.releases.962.tender.lots.0,0.releases.962,0,1,Supply of small tools and consumables in Irrigation and drainage  Technology departmen Lot 1: Agricuture Input,,active,15600000,RWF,allowed
0.releases.963.tender.lots.0,0.releases.963,0,1,Supply of small tools and consumables in Agri Mechanization Technology department,,active,10000000,RWF,allowed
0.releases.964.tender.lots.0,0.releases.964,0,1,SERVICE FOR MAINTENANCE OF ELEVATOR  FOR RNP ON FRAMEWORK AGREEMENT,LOT 1: SUPPLY OF SPARE PARTS FOR ELEVATORS,active,97000000,RWF,allowed
0.releases.965.tender.lots.0,0.releases.965,0,1,"Tender for Supply and installation of acoustic Solution,security checking equipment, outdoor display screen, remoted curtains, projectors and HVAC Systems in Rubavu District Hal",,active,50000000,RWF,allowed
0.releases.966.tender.lots.0,0.releases.966,0,1, FRAMEWORK AGREEMENT FOR SUPPLY CONSUMMABLES and PRINTING.,,active,17088331,RWF,allowed
0.releases.966.tender.lots.1,0.releases.966,0,1, FRAMEWORK AGREEMENT FOR SUPPLY CONSUMMABLES and PRINTING.,,active,17088331,RWF,allowed
0.releases.967.tender.lots.0,0.releases.967,0,1,Provision of cleaning services and gardening ,Provision of cleaning services and gardening ,active,34000000,RWF,allowed
0.releases.967.tender.lots.1,0.releases.967,0,1,Provision of cleaning services and gardening ,Provision of cleaning services and gardening ,active,34000000,RWF,allowed
0.releases.968.tender.lots.0,0.releases.968,0,1,"purchase materials for hospital infrastructure maintenance and rehabilitation (construction,electrical and plumbing)","purchase materials for hospital infrastructure maintenance and rehabilitation (construction,electrical and plumbing)",active,20833280,RWF,allowed
0.releases.968.tender.lots.1,0.releases.968,0,1,"purchase materials for hospital infrastructure maintenance and rehabilitation (construction,electrical and plumbing)","purchase materials for hospital infrastructure maintenance and rehabilitation (construction,electrical and plumbing)",active,20833280,RWF,allowed
0.releases.969.tender.lots.0,0.releases.969,0,1,Construction of Adeper GS Muhoza Bralirwa asphalt road,Construction of Adeper GS Muhoza Bralirwa asphalt road,active,418513139,RWF,allowed
0.releases.970.tender.lots.0,0.releases.970,0,1,Maintenance and repair ,"Maintenance and repair of air conditioners, hospital fridge and mortuary fridge",active,3958600,RWF,allowed
0.releases.972.tender.lots.0,0.releases.972,0,1,Vaccination and Insemination of Animals in Ngoma District.,Classification,active,64835020,RWF,allowed
0.releases.974.tender.lots.0,0.releases.974,0,1,Maintenance and repair ,"Maintenance and repair of air conditioners, hospital fridge and mortuary fridge",active,3958600,RWF,allowed
0.releases.975.tender.lots.0,0.releases.975,0,1,Supply of office stationary,,active,72539110,RWF,allowed
0.releases.976.tender.lots.0,0.releases.976,0,1,Provision of Codification Services to RTB Assets and Equipment,Provision of Codification Services to RTB Assets and Equipment,active,2500000,RWF,allowed
0.releases.977.tender.lots.0,0.releases.977,0,1,Hiring of Private Lawyer of Nyagatare District,Hiring of Private Lawyer of Nyagatare District,active,6000000,RWF,allowed
0.releases.979.tender.lots.0,0.releases.979,0,1,Fixed Asset Inventory Update & Coding,Fixed Asset Inventory Update & Coding,active,15000000,RWF,allowed
0.releases.980.tender.lots.0,0.releases.980,0,1,MAINTENANCE OF FIVE 100 KVA AUTOMATIC VOLTAGE REGULATORS (STABILIZERS) AND SUPPLY OF SPARE PARTS ,Stabilisers maintenance,active,30000000,RWF,allowed
0.releases.981.tender.lots.0,0.releases.981,0,1,"Provision of Venue for Meetings, Conferences and Accommodation",LOT 1 for 3 stars Hotel ,active,21000000,RWF,allowed
0.releases.981.tender.lots.1,0.releases.981,0,2,"Provision of Venue for Meetings, Conferences and Accommodation",LOT 2 for 2 stars Hotel ,active,15000000,RWF,allowed
0.releases.981.tender.lots.2,0.releases.981,0,3,"Provision of Venue for Meetings, Conferences and Accommodation",LOT 3 for 1 star Hotel ,active,14000000,RWF,allowed
0.releases.982.tender.lots.0,0.releases.982,0,1,Provision of Cleaning services for MINECOFIN buildings,Provision of Cleaning services for MINECOFIN buildings,active,157000000,RWF,allowed
0.releases.983.tender.lots.0,0.releases.983,0,1,"Lot 1: Radio stations (public, private, community, confessional)","Radio stations (public, private, community, confessional)",active,47027564,RWF,allowed
0.releases.983.tender.lots.1,0.releases.983,0,2,"Lot 2: TV stations (public, private, community, confessional)","TV stations (public, private, community, confessional)",active,40535962,RWF,allowed
0.releases.983.tender.lots.2,0.releases.983,0,3,Lot 3: Internet / online media, Internet / online media,active,12101490,RWF,allowed
0.releases.984.tender.lots.0,0.releases.984,0,1,"Lot 1: Radio stations (public, private, community, confessional)","Radio stations (public, private, community, confessional)",active,47027564,RWF,allowed
0.releases.984.tender.lots.1,0.releases.984,0,2,"Lot 2: TV stations (public, private, community, confessional)","TV stations (public, private, community, confessional)",active,40535962,RWF,allowed
0.releases.984.tender.lots.2,0.releases.984,0,3,Lot 3: Internet / online media, Internet / online media,active,12101490,RWF,allowed
0.releases.985.tender.lots.0,0.releases.985,0,1,Irrigation development for Mahama 2,Irrigation,active,26000000000,RWF,allowed
0.releases.986.tender.lots.0,0.releases.986,0,1,Individual consultant to conduct the 2025/26 User Satisfaction Survey.,Bid security,active,47525000,RWF,allowed
0.releases.986.tender.lots.1,0.releases.986,0,1,Individual consultant to conduct the 2025/26 User Satisfaction Survey.,Bid security,active,47525000,RWF,allowed
0.releases.987.tender.lots.0,0.releases.987,0,1,500lph Drinking Water Purification Plant,500lph Drinking Water Purification Plant,active,6000000,RWF,allowed
0.releases.987.tender.lots.1,0.releases.987,0,1,500lph Drinking Water Purification Plant,500lph Drinking Water Purification Plant,active,6000000,RWF,allowed
0.releases.988.tender.lots.0,0.releases.988,0,1,Purchase and Supply of  Dental Materials,,active,13000000,RWF,allowed
0.releases.988.tender.lots.1,0.releases.988,0,1,Purchase and Supply of  Dental Materials,,active,13000000,RWF,allowed
0.releases.989.tender.lots.0,0.releases.989,0,1,Feasibility study for clean water pipelines for universal coverage,easibility study for clean water pipelines for universal coverage,active,14419761,RWF,allowed
0.releases.989.tender.lots.1,0.releases.989,0,1,Feasibility study for clean water pipelines for universal coverage,easibility study for clean water pipelines for universal coverage,active,14419761,RWF,allowed
0.releases.992.tender.lots.0,0.releases.992,0,1,Supply of office stationary and consumables,,active,8000000,RWF,allowed
0.releases.993.tender.lots.0,0.releases.993,0,1,TENDER FOR INSURANCE OF BUILDINGS AND ASSETS OF NYANZA DISTRICT HOSPITAL,TENDER FOR INSURANCE OF BUILDINGS AND ASSETS OF NYANZA DISTRICT HOSPITAL,active,11727321,RWF,allowed
0.releases.993.tender.lots.1,0.releases.993,0,1,TENDER FOR INSURANCE OF BUILDINGS AND ASSETS OF NYANZA DISTRICT HOSPITAL,TENDER FOR INSURANCE OF BUILDINGS AND ASSETS OF NYANZA DISTRICT HOSPITAL,active,11727321,RWF,allowed
0.releases.994.tender.lots.0,0.releases.994,0,1,Purchase and supply of Equipmemts of ECD model,,active,13500000,RWF,allowed
0.releases.995.tender.lots.0,0.releases.995,0,1,Privatization of management of Rwanteru Slaugther House,Privatization of management of Rwanteru Slaugther House,active,1,RWF,allowed
0.releases.995.tender.lots.1,0.releases.995,0,1,Privatization of management of Rwanteru Slaugther House,Privatization of management of Rwanteru Slaugther House,active,1,RWF,allowed
0.releases.997.tender.lots.0,0.releases.997,0,1,"Purchase of Non-Medical Equipment(uniforms of nurse and Midwife,driver,tables,curtins,alezes,rideaux.....)",,active,7000000,RWF,allowed
0.releases.998.tender.lots.0,0.releases.998,0,1,"Rehabilitation of non-functional rural water supply systems in Kirehe, Kayonza and Rwamagana Districts","Rehabilitation of non-functional rural water supply systems in Kirehe, Kayonza and Rwamagana Districts",active,696517247,RWF,allowed
0.releases.1000.tender.lots.0,0.releases.1000,0,1,LotNo1,,active,,,allowed
0.releases.1000.tender.lots.1,0.releases.1000,0,1,CONSULTANCY SERVICES FOR THE SUPERVISION OF CONSTRUCTION WORKS OF RWANDA CODING ACADEMY NEW CAMPUS,CONSULTANCY SERVICES FOR THE SUPERVISION OF CONSTRUCTION WORKS OF RWANDA CODING ACADEMY NEW CAMPUS,active,187956161,RWF,allowed
0.releases.1001.tender.lots.0,0.releases.1001,0,1,LotNo1,,active,,,allowed
0.releases.1001.tender.lots.1,0.releases.1001,0,1,CONSULTANCY SERVICES FOR THE SUPERVISION OF CONSTRUCTION WORKS OF RWANDA CODING ACADEMY NEW CAMPUS,CONSULTANCY SERVICES FOR THE SUPERVISION OF CONSTRUCTION WORKS OF RWANDA CODING ACADEMY NEW CAMPUS,active,187956161,RWF,allowed
0.releases.1002.tender.lots.0,0.releases.1002,0,1,Providing Support to Community Home based-ECDs operational in parallel with VUP expanded public works,,active,38088000,RWF,allowed
0.releases.1002.tender.lots.1,0.releases.1002,0,1,Providing Support to Community Home based-ECDs operational in parallel with VUP expanded public works,,active,38088000,RWF,allowed
0.releases.1003.tender.lots.0,0.releases.1003,0,1,Tender to supply of  Access Controls ( Centralized),,active,500000000,RWF,allowed
0.releases.1004.tender.lots.0,0.releases.1004,0,1,"Provision of Sports and Recreational Facilities for RFI Staff: Access to Gym, Aerobics, Sauna, and Swimming","Provision of Sports and Recreational Facilities for RFI Staff: Access to Gym, Aerobics, Sauna, and Swimming",active,12000000,RWF,allowed
0.releases.1005.tender.lots.0,0.releases.1005,0,1,"Provision of Sports and Recreational Facilities for RFI Staff: Access to Gym, Aerobics, Sauna, and Swimming","Provision of Sports and Recreational Facilities for RFI Staff: Access to Gym, Aerobics, Sauna, and Swimming",active,12000000,RWF,allowed
0.releases.1006.tender.lots.0,0.releases.1006,0,1,Purchase and Supply of  Dental Materials,,active,13000000,RWF,allowed
0.releases.1006.tender.lots.1,0.releases.1006,0,1,Purchase and Supply of  Dental Materials,,active,13000000,RWF,allowed
0.releases.1007.tender.lots.0,0.releases.1007,0,1,Execution works for construction of science laboratory at Inyange Girls school,Execution works for construction of science laboratory at Inyange Girls school,active,236192387,RWF,allowed
0.releases.1007.tender.lots.1,0.releases.1007,0,1,Execution works for construction of science laboratory at Inyange Girls school,Execution works for construction of science laboratory at Inyange Girls school,active,236192387,RWF,allowed
0.releases.1008.tender.lots.0,0.releases.1008,0,1,Execution works for construction of science laboratory at Inyange Girls school,Execution works for construction of science laboratory at Inyange Girls school,active,236192387,RWF,allowed
0.releases.1008.tender.lots.1,0.releases.1008,0,1,Execution works for construction of science laboratory at Inyange Girls school,Execution works for construction of science laboratory at Inyange Girls school,active,236192387,RWF,allowed
0.releases.1009.tender.lots.0,0.releases.1009,0,1,Providing Support to Community Home based-ECDs operational in parallel with VUP expanded public works,,active,38088000,RWF,allowed
0.releases.1009.tender.lots.1,0.releases.1009,0,1,Providing Support to Community Home based-ECDs operational in parallel with VUP expanded public works,,active,38088000,RWF,allowed
0.releases.1010.tender.lots.0,0.releases.1010,0,1,Supervision of Rehabilitation MCCs,Consultant Services,active,912000000,RWF,allowed
0.releases.1011.tender.lots.0,0.releases.1011,0,1,Office building,Non Consultancy,active,182113920,RWF,allowed
0.releases.1011.tender.lots.1,0.releases.1011,0,2,Residential building,Non Consultancy,active,4725900,RWF,allowed
0.releases.1011.tender.lots.2,0.releases.1011,0,3,Hotel building,Non Consultancy,active,17473594,RWF,allowed
0.releases.1011.tender.lots.3,0.releases.1011,0,4,Storage building,Non Consultancy,active,6032931,RWF,allowed
0.releases.1012.tender.lots.0,0.releases.1012,0,1,"Supply of Fuel to NPPA Vehicles, Motorcycles and Generator/Framework Contract/Re-Advertised",,active,45200000,RWF,allowed
0.releases.1013.tender.lots.0,0.releases.1013,0,1,Supply and installation of SOCLass licenses (Framework contract),,active,200000000,RWF,allowed
0.releases.1014.tender.lots.0,0.releases.1014,0,1,Recruitment of a Business Analyst to support IPSAS implementation in IFMIS,Recruitment of a Business Analyst to support IPSAS implementation in IFMIS,active,144000000,RWF,allowed
0.releases.1015.tender.lots.0,0.releases.1015,0,1,Recruiting consultant to carry out feasibility and detailed design study for rehabilitation and improvement of Nyarubogo marshland (150ha),detailed design study for rehabilitation and improvement of Nyarubogo marshland (150ha),active,308400000,RWF,allowed
0.releases.1015.tender.lots.1,0.releases.1015,0,1,LotNo1,,active,,,allowed
0.releases.1016.tender.lots.0,0.releases.1016,0,1,Recruiting consultant to carry out feasibility and detailed design study for rehabilitation and improvement of Nyarubogo marshland (150ha),detailed design study for rehabilitation and improvement of Nyarubogo marshland (150ha),active,308400000,RWF,allowed
0.releases.1016.tender.lots.1,0.releases.1016,0,1,LotNo1,,active,,,allowed
0.releases.1017.tender.lots.0,0.releases.1017,0,1,Provision of Clearing and Forwarding Services for RFI Goods,Provision of Clearing and Forwarding Services for RFI Goods,active,1000000,RWF,allowed
0.releases.1018.tender.lots.0,0.releases.1018,0,1,Rehabilitation of the TGI Ngoma Court Building,Rehabilitation of the TGI Ngoma Court Building,active,298897142,RWF,allowed
0.releases.1018.tender.lots.1,0.releases.1018,0,1,Rehabilitation of the TGI Ngoma Court Building,Rehabilitation of the TGI Ngoma Court Building,active,298897142,RWF,allowed
0.releases.1018.tender.lots.2,0.releases.1018,0,1,Rehabilitation of the TGI Ngoma Court Building,Rehabilitation of the TGI Ngoma Court Building,active,298897142,RWF,allowed
0.releases.1019.tender.lots.0,0.releases.1019,0,1,Hiring of the Construction Company to Construct Basic Infrastructure in Musanze Industrial Park,Hiring of the Construction Company to Construct Basic Infrastructure in Musanze Industrial Park,active,1910000000,RWF,allowed
0.releases.1020.tender.lots.0,0.releases.1020,0,1,Office building,Non Consultancy,active,182113920,RWF,allowed
0.releases.1020.tender.lots.1,0.releases.1020,0,2,Residential building,Non Consultancy,active,4725900,RWF,allowed
0.releases.1020.tender.lots.2,0.releases.1020,0,3,Hotel building,Non Consultancy,active,17473594,RWF,allowed
0.releases.1020.tender.lots.3,0.releases.1020,0,4,Storage building,Non Consultancy,active,6032931,RWF,allowed
0.releases.1021.tender.lots.0,0.releases.1021,0,1,Construction of public pit latrines in hospitalisation,Buildings,active,10000000,RWF,allowed
0.releases.1021.tender.lots.1,0.releases.1021,0,1,Construction of public pit latrines in hospitalisation,Buildings,active,10000000,RWF,allowed
0.releases.1022.tender.lots.0,0.releases.1022,0,1,Office building,Non Consultancy,active,182113920,RWF,allowed
0.releases.1022.tender.lots.1,0.releases.1022,0,2,Residential building,Non Consultancy,active,4725900,RWF,allowed
0.releases.1022.tender.lots.2,0.releases.1022,0,3,Hotel building,Non Consultancy,active,17473594,RWF,allowed
0.releases.1022.tender.lots.3,0.releases.1022,0,4,Storage building,Non Consultancy,active,6032931,RWF,allowed
0.releases.1023.tender.lots.0,0.releases.1023,0,1,Provision of sport and recreation facilities services,Provision of sport and recreation facilities services,active,3000000,RWF,allowed
0.releases.1024.tender.lots.0,0.releases.1024,0,1,Office building,Non Consultancy,active,182113920,RWF,allowed
0.releases.1024.tender.lots.1,0.releases.1024,0,2,Residential building,Non Consultancy,active,4725900,RWF,allowed
0.releases.1024.tender.lots.2,0.releases.1024,0,3,Hotel building,Non Consultancy,active,17473594,RWF,allowed
0.releases.1024.tender.lots.3,0.releases.1024,0,4,Storage building,Non Consultancy,active,6032931,RWF,allowed
0.releases.1025.tender.lots.0,0.releases.1025,0,1,Provision of sport and recreation facilities services,Provision of sport and recreation facilities services,active,3000000,RWF,allowed
0.releases.1026.tender.lots.0,0.releases.1026,0,1,Provision of sport and recreation facilities services,Provision of sport and recreation facilities services,active,3000000,RWF,allowed
0.releases.1027.tender.lots.0,0.releases.1027,0,1,Office building,Non Consultancy,active,182113920,RWF,allowed
0.releases.1027.tender.lots.1,0.releases.1027,0,2,Residential building,Non Consultancy,active,4725900,RWF,allowed
0.releases.1027.tender.lots.2,0.releases.1027,0,3,Hotel building,Non Consultancy,active,17473594,RWF,allowed
0.releases.1027.tender.lots.3,0.releases.1027,0,4,Storage building,Non Consultancy,active,6032931,RWF,allowed
0.releases.1028.tender.lots.0,0.releases.1028,0,1,Provision of sport and recreation facilities services,Provision of sport and recreation facilities services,active,3000000,RWF,allowed
0.releases.1029.tender.lots.0,0.releases.1029,0,1,ender for ICT MAINTENANCE AND SUPPLY OF ACCESSORIES,ender for ICT MAINTENANCE AND SUPPLY OF ACCESSORIES,active,14867000,RWF,allowed
0.releases.1030.tender.lots.0,0.releases.1030,0,1,Office building,Non Consultancy,active,182113920,RWF,allowed
0.releases.1030.tender.lots.1,0.releases.1030,0,2,Residential building,Non Consultancy,active,4725900,RWF,allowed
0.releases.1030.tender.lots.2,0.releases.1030,0,3,Hotel building,Non Consultancy,active,17473594,RWF,allowed
0.releases.1030.tender.lots.3,0.releases.1030,0,4,Storage building,Non Consultancy,active,6032931,RWF,allowed
0.releases.1031.tender.lots.0,0.releases.1031,0,1,Provision of sport and recreation facilities services,Provision of sport and recreation facilities services,active,3000000,RWF,allowed
0.releases.1032.tender.lots.0,0.releases.1032,0,1,Tender for security of VIP,Tender for security of VIP,active,9000000,RWF,allowed
0.releases.1033.tender.lots.0,0.releases.1033,0,1,Maintenance of furnitures and Materials,Maintenance of furnitures and Materials,active,5000000,RWF,allowed
0.releases.1034.tender.lots.0,0.releases.1034,0,1,Provision of call center connectivity services,Provision of call center connectivity services,active,1200000,RWF,allowed
0.releases.1035.tender.lots.0,0.releases.1035,0,1,"Lot 1: Radio stations (public, private, community, confessional)","Radio stations (public, private, community, confessional)",active,47027564,RWF,allowed
0.releases.1035.tender.lots.1,0.releases.1035,0,2,"Lot 2: TV stations (public, private, community, confessional)","TV stations (public, private, community, confessional)",active,40535962,RWF,allowed
0.releases.1035.tender.lots.2,0.releases.1035,0,3,Lot 3: Internet / online media, Internet / online media,active,12101490,RWF,allowed
0.releases.1036.tender.lots.0,0.releases.1036,0,1,Provision of call center connectivity services,Provision of call center connectivity services,active,1200000,RWF,allowed
0.releases.1038.tender.lots.0,0.releases.1038,0,1,TENDER FOR INSURANCE OF BUILDINGS AND ASSETS OF NYANZA DISTRICT HOSPITAL,TENDER FOR INSURANCE OF BUILDINGS AND ASSETS OF NYANZA DISTRICT HOSPITAL,active,11727321,RWF,allowed
0.releases.1038.tender.lots.1,0.releases.1038,0,1,TENDER FOR INSURANCE OF BUILDINGS AND ASSETS OF NYANZA DISTRICT HOSPITAL,TENDER FOR INSURANCE OF BUILDINGS AND ASSETS OF NYANZA DISTRICT HOSPITAL,active,11727321,RWF,allowed
0.releases.1039.tender.lots.0,0.releases.1039,0,1,"Lot 1: Radio stations (public, private, community, confessional)","Radio stations (public, private, community, confessional)",active,47027564,RWF,allowed
0.releases.1039.tender.lots.1,0.releases.1039,0,2,"Lot 2: TV stations (public, private, community, confessional)","TV stations (public, private, community, confessional)",active,40535962,RWF,allowed
0.releases.1039.tender.lots.2,0.releases.1039,0,3,Lot 3: Internet / online media, Internet / online media,active,12101490,RWF,allowed
0.releases.1040.tender.lots.0,0.releases.1040,0,1,Construction of RUDP II phase 4 Asphalt Road in the City of Muhanga,Roads,active,3791885012,RWF,allowed
0.releases.1041.tender.lots.0,0.releases.1041,0,1,supply of uniforms for staff,,active,4000000,RWF,allowed
0.releases.1042.tender.lots.0,0.releases.1042,0,1,Annual provisions of SSL certificates,Annual provisions of SSL certificates,active,1920000,RWF,allowed
0.releases.1043.tender.lots.0,0.releases.1043,0,1,Re-advertised Tender for Construction of Snakes Cages and Shelter,Re-advertised Tender for Construction of Snakes Cages and Shelter,active,33305100,RWF,allowed
0.releases.1043.tender.lots.1,0.releases.1043,0,1,Re-advertised Tender for Construction of Snakes Cages and Shelter,Re-advertised Tender for Construction of Snakes Cages and Shelter,active,33305100,RWF,allowed
0.releases.1044.tender.lots.0,0.releases.1044,0,1,Design and Build proposed beautifications at Amahoro Stadium,A,active,842345414,RWF,allowed
0.releases.1045.tender.lots.0,0.releases.1045,0,1,Framework contract for regular maintenance of all Government Buildings located countrywide (Lot9: Storied Building (G+2) and above /Nothern Province),D,active,300000000,RWF,allowed
0.releases.1047.tender.lots.0,0.releases.1047,0,1,"Hiring service provider to provide technical assistance for readiness to certification for agricultural export products (Coffee, Tea and Horticulture)",Consultant Services,active,41200000,RWF,allowed
0.releases.1048.tender.lots.0,0.releases.1048,0,1,LotNo1,,active,,,allowed
0.releases.1048.tender.lots.1,0.releases.1048,0,1,Design and supervision of urgent Government construction projects located in City of Kigali,Design and supervision of urgent Government construction projects located in City of Kigali; ,active,712643635,RWF,allowed
0.releases.1048.tender.lots.2,0.releases.1048,0,2,Design and supervision of urgent Government construction projects located in Southern and Western Provinces,Design and supervision of urgent Government construction projects located in Southern and Western Provinces,active,712643635,RWF,allowed
0.releases.1048.tender.lots.3,0.releases.1048,0,3,Design and supervision of urgent Government construction projects located in Eastern and Northern Province,Design and supervision of urgent Government construction projects located in Easter and Northern Province,active,712643635,RWF,allowed
0.releases.1049.tender.lots.0,0.releases.1049,0,1,LotNo1,,active,,,allowed
0.releases.1049.tender.lots.1,0.releases.1049,0,1,Design and supervision of urgent Government construction projects located in City of Kigali,Design and supervision of urgent Government construction projects located in City of Kigali; ,active,712643635,RWF,allowed
0.releases.1049.tender.lots.2,0.releases.1049,0,2,Design and supervision of urgent Government construction projects located in Southern and Western Provinces,Design and supervision of urgent Government construction projects located in Southern and Western Provinces,active,712643635,RWF,allowed
0.releases.1049.tender.lots.3,0.releases.1049,0,3,Design and supervision of urgent Government construction projects located in Eastern and Northern Province,Design and supervision of urgent Government construction projects located in Easter and Northern Province,active,712643635,RWF,allowed
0.releases.1050.tender.lots.0,0.releases.1050,0,1,"printing of promotional materials services(banners,flyers,badges,business cards)","printing of promotional materials services(banners,flyers,badges,business cards)",active,40000000,RWF,allowed
0.releases.1051.tender.lots.0,0.releases.1051,0,1,Provision of internet services in RAEB offices,Provision of internet services in RAEB offices,active,9000000,RWF,allowed
0.releases.1053.tender.lots.0,0.releases.1053,0,1,Framework agreement (centralized) to supply and installation of display equipment,,active,2000000000,RWF,allowed
0.releases.1053.tender.lots.1,0.releases.1053,0,1,Framework agreement (centralized) to supply and installation of display equipment,,active,2000000000,RWF,allowed
0.releases.1053.tender.lots.2,0.releases.1053,0,1,Framework agreement (centralized) to supply and installation of display equipment,,active,2000000000,RWF,allowed
0.releases.1054.tender.lots.0,0.releases.1054,0,1,"A framework agreement for ICT equipment maintenance, support, and spare parts supply to governemt institutions",,active,5000000000,RWF,allowed
0.releases.1055.tender.lots.0,0.releases.1055,0,1,Tender to supply of  Access Controls ( Centralized),,active,500000000,RWF,allowed
0.releases.1056.tender.lots.0,0.releases.1056,0,1,Centralized framework agreement for supplying USSD and SMS services to government entities.,Centralized framework agreement for supplying USSD and SMS services to government entities.,active,10000000,RWF,allowed
0.releases.1058.tender.lots.0,0.releases.1058,0,1,Provision of media services and printed news papers,Provision of media services and printed news papers,active,2250000000,RWF,allowed
0.releases.1059.tender.lots.0,0.releases.1059,0,1,"SUPERVISION OF EXTERNAL WORKS, PLAYGROUNDS AND FENCING ON 2 TVET SCHOOLS ON BORDER IN GICUMBI DISTRICT","SUPERVISION OF EXTERNAL WORKS, PLAYGROUNDS AND FENCING ON 2 TVET SCHOOLS ON BORDER IN GICUMBI DISTRICT",active,21000000,RWF,allowed
0.releases.1060.tender.lots.0,0.releases.1060,0,1,Production of Knowledge Management and Communication services in English,communication services in English,active,23391000,RWF,allowed
0.releases.1060.tender.lots.1,0.releases.1060,0,2,Production of Knowledge Management and Communication services in Kinyarwanda and French,communication services in Kinyarwanda and French,active,23391000,RWF,allowed
0.releases.1060.tender.lots.2,0.releases.1060,0,3,Hiring a consultancy company for audio-visual production and airtime services,Visual production and airtime services,active,23391000,RWF,allowed
0.releases.1061.tender.lots.0,0.releases.1061,0,1,"Annual framework tender for maintenance and assembly service of office equipments,chairs,table for Huye District","Annual framework tender for maintenance and assembly service of office equipments,chairs,table for Huye District",active,20000000,RWF,allowed
0.releases.1062.tender.lots.0,0.releases.1062,0,1,Re-tendering tender for purchase of Hospital Drapes,,active,5910000,RWF,allowed
0.releases.1062.tender.lots.1,0.releases.1062,0,1,Re-tendering tender for purchase of Hospital Drapes,,active,5910000,RWF,allowed
0.releases.1063.tender.lots.0,0.releases.1063,0,1,ICT training Consumables ,,active,50000000,RWF,allowed
0.releases.1064.tender.lots.0,0.releases.1064,0,1,Tender for purchase of medical equipments,,active,30000000,RWF,allowed
0.releases.1064.tender.lots.1,0.releases.1064,0,1,Tender for purchase of medical equipments,,active,30000000,RWF,allowed
0.releases.1065.tender.lots.0,0.releases.1065,0,1,Supply and delivery of Mechanical Training Materials at Ngarama Rehabilitation Center ,,active,8114771,RWF,allowed
0.releases.1065.tender.lots.1,0.releases.1065,0,2,Supply and delivery Hairdressing Training Materials at Ngarama Rehabilitation Center,,active,4055149,RWF,allowed
0.releases.1065.tender.lots.2,0.releases.1065,0,1,Supply and delivery of Mechanical Training Materials at Ngarama Rehabilitation Center ,,active,8114771,RWF,allowed
0.releases.1065.tender.lots.3,0.releases.1065,0,2,Supply and delivery Hairdressing Training Materials at Ngarama Rehabilitation Center,,active,4055149,RWF,allowed
0.releases.1066.tender.lots.0,0.releases.1066,0,1,"Provision of hotel services (hiring of conference halls, workshops, trainings, accommodations, restaurants and receptions outside of Kigali (framework contract)","Provision of hotel services (hiring of conference halls, workshops, trainings, accommodations, restaurants and receptions outside of Kigali (framework contract)",active,18000000,RWF,allowed
0.releases.1066.tender.lots.1,0.releases.1066,0,1,"Provision of hotel services (hiring of conference halls, workshops, trainings, accommodations, restaurants and receptions outside of Kigali (framework contract)","Provision of hotel services (hiring of conference halls, workshops, trainings, accommodations, restaurants and receptions outside of Kigali (framework contract)",active,18000000,RWF,allowed
0.releases.1067.tender.lots.0,0.releases.1067,0,1,"Provision of hotel services (hiring of conference halls, workshops, trainings, accommodations, restaurants and receptions outside of Kigali (framework contract)","Provision of hotel services (hiring of conference halls, workshops, trainings, accommodations, restaurants and receptions outside of Kigali (framework contract)",active,18000000,RWF,allowed
0.releases.1067.tender.lots.1,0.releases.1067,0,1,"Provision of hotel services (hiring of conference halls, workshops, trainings, accommodations, restaurants and receptions outside of Kigali (framework contract)","Provision of hotel services (hiring of conference halls, workshops, trainings, accommodations, restaurants and receptions outside of Kigali (framework contract)",active,18000000,RWF,allowed
0.releases.1068.tender.lots.0,0.releases.1068,0,1,"Provision of hotel services (hiring of conference halls, workshops, trainings, accommodations, restaurants and receptions outside of Kigali (framework contract)","Provision of hotel services (hiring of conference halls, workshops, trainings, accommodations, restaurants and receptions outside of Kigali (framework contract)",active,18000000,RWF,allowed
0.releases.1068.tender.lots.1,0.releases.1068,0,1,"Provision of hotel services (hiring of conference halls, workshops, trainings, accommodations, restaurants and receptions outside of Kigali (framework contract)","Provision of hotel services (hiring of conference halls, workshops, trainings, accommodations, restaurants and receptions outside of Kigali (framework contract)",active,18000000,RWF,allowed
0.releases.1069.tender.lots.0,0.releases.1069,0,1,"Provision of hotel services (hiring of conference halls, workshops, trainings, accommodations, restaurants and receptions outside of Kigali (framework contract)","Provision of hotel services (hiring of conference halls, workshops, trainings, accommodations, restaurants and receptions outside of Kigali (framework contract)",active,18000000,RWF,allowed
0.releases.1069.tender.lots.1,0.releases.1069,0,1,"Provision of hotel services (hiring of conference halls, workshops, trainings, accommodations, restaurants and receptions outside of Kigali (framework contract)","Provision of hotel services (hiring of conference halls, workshops, trainings, accommodations, restaurants and receptions outside of Kigali (framework contract)",active,18000000,RWF,allowed
0.releases.1070.tender.lots.0,0.releases.1070,0,1,"Provision of hotel services (hiring of conference halls, workshops, trainings, accommodations, restaurants and receptions outside of Kigali (framework contract)","Provision of hotel services (hiring of conference halls, workshops, trainings, accommodations, restaurants and receptions outside of Kigali (framework contract)",active,18000000,RWF,allowed
0.releases.1070.tender.lots.1,0.releases.1070,0,1,"Provision of hotel services (hiring of conference halls, workshops, trainings, accommodations, restaurants and receptions outside of Kigali (framework contract)","Provision of hotel services (hiring of conference halls, workshops, trainings, accommodations, restaurants and receptions outside of Kigali (framework contract)",active,18000000,RWF,allowed
0.releases.1071.tender.lots.0,0.releases.1071,0,1,"Provision of hotel services (hiring of conference halls, workshops, trainings, accommodations, restaurants and receptions outside of Kigali (framework contract)","Provision of hotel services (hiring of conference halls, workshops, trainings, accommodations, restaurants and receptions outside of Kigali (framework contract)",active,18000000,RWF,allowed
0.releases.1071.tender.lots.1,0.releases.1071,0,1,"Provision of hotel services (hiring of conference halls, workshops, trainings, accommodations, restaurants and receptions outside of Kigali (framework contract)","Provision of hotel services (hiring of conference halls, workshops, trainings, accommodations, restaurants and receptions outside of Kigali (framework contract)",active,18000000,RWF,allowed
0.releases.1072.tender.lots.0,0.releases.1072,0,1,"Provision of hotel services (hiring of conference halls, workshops, trainings, accommodations, restaurants and receptions outside of Kigali (framework contract)","Provision of hotel services (hiring of conference halls, workshops, trainings, accommodations, restaurants and receptions outside of Kigali (framework contract)",active,18000000,RWF,allowed
0.releases.1072.tender.lots.1,0.releases.1072,0,1,"Provision of hotel services (hiring of conference halls, workshops, trainings, accommodations, restaurants and receptions outside of Kigali (framework contract)","Provision of hotel services (hiring of conference halls, workshops, trainings, accommodations, restaurants and receptions outside of Kigali (framework contract)",active,18000000,RWF,allowed
0.releases.1073.tender.lots.0,0.releases.1073,0,1,"Provision of hotel services (hiring of conference halls, workshops, trainings, accommodations, restaurants and receptions outside of Kigali (framework contract)","Provision of hotel services (hiring of conference halls, workshops, trainings, accommodations, restaurants and receptions outside of Kigali (framework contract)",active,18000000,RWF,allowed
0.releases.1073.tender.lots.1,0.releases.1073,0,1,"Provision of hotel services (hiring of conference halls, workshops, trainings, accommodations, restaurants and receptions outside of Kigali (framework contract)","Provision of hotel services (hiring of conference halls, workshops, trainings, accommodations, restaurants and receptions outside of Kigali (framework contract)",active,18000000,RWF,allowed
0.releases.1074.tender.lots.0,0.releases.1074,0,1,"Provision of hotel services (hiring of conference halls, workshops, trainings, accommodations, restaurants and receptions outside of Kigali (framework contract)","Provision of hotel services (hiring of conference halls, workshops, trainings, accommodations, restaurants and receptions outside of Kigali (framework contract)",active,18000000,RWF,allowed
0.releases.1074.tender.lots.1,0.releases.1074,0,1,"Provision of hotel services (hiring of conference halls, workshops, trainings, accommodations, restaurants and receptions outside of Kigali (framework contract)","Provision of hotel services (hiring of conference halls, workshops, trainings, accommodations, restaurants and receptions outside of Kigali (framework contract)",active,18000000,RWF,allowed
0.releases.1075.tender.lots.0,0.releases.1075,0,1,"Provision of hotel services (hiring of conference halls, workshops, trainings, accommodations, restaurants and receptions outside of Kigali (framework contract)","Provision of hotel services (hiring of conference halls, workshops, trainings, accommodations, restaurants and receptions outside of Kigali (framework contract)",active,18000000,RWF,allowed
0.releases.1075.tender.lots.1,0.releases.1075,0,1,"Provision of hotel services (hiring of conference halls, workshops, trainings, accommodations, restaurants and receptions outside of Kigali (framework contract)","Provision of hotel services (hiring of conference halls, workshops, trainings, accommodations, restaurants and receptions outside of Kigali (framework contract)",active,18000000,RWF,allowed
0.releases.1076.tender.lots.0,0.releases.1076,0,1,"Provision of hotel services (hiring of conference halls, workshops, trainings, accommodations, restaurants and receptions outside of Kigali (framework contract)","Provision of hotel services (hiring of conference halls, workshops, trainings, accommodations, restaurants and receptions outside of Kigali (framework contract)",active,18000000,RWF,allowed
0.releases.1076.tender.lots.1,0.releases.1076,0,1,"Provision of hotel services (hiring of conference halls, workshops, trainings, accommodations, restaurants and receptions outside of Kigali (framework contract)","Provision of hotel services (hiring of conference halls, workshops, trainings, accommodations, restaurants and receptions outside of Kigali (framework contract)",active,18000000,RWF,allowed
0.releases.1077.tender.lots.0,0.releases.1077,0,1,"Provision of hotel services (hiring of conference halls, workshops, trainings, accommodations, restaurants and receptions outside of Kigali (framework contract)","Provision of hotel services (hiring of conference halls, workshops, trainings, accommodations, restaurants and receptions outside of Kigali (framework contract)",active,18000000,RWF,allowed
0.releases.1077.tender.lots.1,0.releases.1077,0,1,"Provision of hotel services (hiring of conference halls, workshops, trainings, accommodations, restaurants and receptions outside of Kigali (framework contract)","Provision of hotel services (hiring of conference halls, workshops, trainings, accommodations, restaurants and receptions outside of Kigali (framework contract)",active,18000000,RWF,allowed
0.releases.1078.tender.lots.0,0.releases.1078,0,1,"Provision of hotel services (hiring of conference halls, workshops, trainings, accommodations, restaurants and receptions outside of Kigali (framework contract)","Provision of hotel services (hiring of conference halls, workshops, trainings, accommodations, restaurants and receptions outside of Kigali (framework contract)",active,18000000,RWF,allowed
0.releases.1078.tender.lots.1,0.releases.1078,0,1,"Provision of hotel services (hiring of conference halls, workshops, trainings, accommodations, restaurants and receptions outside of Kigali (framework contract)","Provision of hotel services (hiring of conference halls, workshops, trainings, accommodations, restaurants and receptions outside of Kigali (framework contract)",active,18000000,RWF,allowed
0.releases.1079.tender.lots.0,0.releases.1079,0,1,"Provision of hotel services (hiring of conference halls, workshops, trainings, accommodations, restaurants and receptions outside of Kigali (framework contract)","Provision of hotel services (hiring of conference halls, workshops, trainings, accommodations, restaurants and receptions outside of Kigali (framework contract)",active,18000000,RWF,allowed
0.releases.1079.tender.lots.1,0.releases.1079,0,1,"Provision of hotel services (hiring of conference halls, workshops, trainings, accommodations, restaurants and receptions outside of Kigali (framework contract)","Provision of hotel services (hiring of conference halls, workshops, trainings, accommodations, restaurants and receptions outside of Kigali (framework contract)",active,18000000,RWF,allowed
0.releases.1080.tender.lots.0,0.releases.1080,0,1,"Provision of hotel services (hiring of conference halls, workshops, trainings, accommodations, restaurants and receptions outside of Kigali (framework contract)","Provision of hotel services (hiring of conference halls, workshops, trainings, accommodations, restaurants and receptions outside of Kigali (framework contract)",active,18000000,RWF,allowed
0.releases.1080.tender.lots.1,0.releases.1080,0,1,"Provision of hotel services (hiring of conference halls, workshops, trainings, accommodations, restaurants and receptions outside of Kigali (framework contract)","Provision of hotel services (hiring of conference halls, workshops, trainings, accommodations, restaurants and receptions outside of Kigali (framework contract)",active,18000000,RWF,allowed
0.releases.1081.tender.lots.0,0.releases.1081,0,1,"Provision of hotel services (hiring of conference halls, workshops, trainings, accommodations, restaurants and receptions outside of Kigali (framework contract)","Provision of hotel services (hiring of conference halls, workshops, trainings, accommodations, restaurants and receptions outside of Kigali (framework contract)",active,18000000,RWF,allowed
0.releases.1081.tender.lots.1,0.releases.1081,0,1,"Provision of hotel services (hiring of conference halls, workshops, trainings, accommodations, restaurants and receptions outside of Kigali (framework contract)","Provision of hotel services (hiring of conference halls, workshops, trainings, accommodations, restaurants and receptions outside of Kigali (framework contract)",active,18000000,RWF,allowed
0.releases.1082.tender.lots.0,0.releases.1082,0,1,"Provision of hotel services (hiring of conference halls, workshops, trainings, accommodations, restaurants and receptions outside of Kigali (framework contract)","Provision of hotel services (hiring of conference halls, workshops, trainings, accommodations, restaurants and receptions outside of Kigali (framework contract)",active,18000000,RWF,allowed
0.releases.1082.tender.lots.1,0.releases.1082,0,1,"Provision of hotel services (hiring of conference halls, workshops, trainings, accommodations, restaurants and receptions outside of Kigali (framework contract)","Provision of hotel services (hiring of conference halls, workshops, trainings, accommodations, restaurants and receptions outside of Kigali (framework contract)",active,18000000,RWF,allowed
0.releases.1083.tender.lots.0,0.releases.1083,0,1,"Provision of hotel services (hiring of conference halls, workshops, trainings, accommodations, restaurants and receptions outside of Kigali (framework contract)","Provision of hotel services (hiring of conference halls, workshops, trainings, accommodations, restaurants and receptions outside of Kigali (framework contract)",active,18000000,RWF,allowed
0.releases.1083.tender.lots.1,0.releases.1083,0,1,"Provision of hotel services (hiring of conference halls, workshops, trainings, accommodations, restaurants and receptions outside of Kigali (framework contract)","Provision of hotel services (hiring of conference halls, workshops, trainings, accommodations, restaurants and receptions outside of Kigali (framework contract)",active,18000000,RWF,allowed
0.releases.1084.tender.lots.0,0.releases.1084,0,1,Supply of construction materials (iron sheets) for vulnerable people in all districts of Southern province,,active,10,RWF,allowed
0.releases.1084.tender.lots.1,0.releases.1084,0,2,Supply of construction materials (iron sheets) for vulnerable people in all districts of Northern province and City of Kigali ,,active,10,RWF,allowed
0.releases.1084.tender.lots.2,0.releases.1084,0,3,Supply of construction materials (iron sheets) for vulnerable people in all districts of Eastern province province,,active,10,RWF,allowed
0.releases.1084.tender.lots.3,0.releases.1084,0,4,Supply of construction materials (iron sheets) for vulnerable people in all districts of Western province ,,active,10,RWF,allowed
0.releases.1085.tender.lots.0,0.releases.1085,0,1,Supply of construction materials (iron sheets) for vulnerable people in all districts of Southern province,,active,10,RWF,allowed
0.releases.1085.tender.lots.1,0.releases.1085,0,2,Supply of construction materials (iron sheets) for vulnerable people in all districts of Northern province and City of Kigali ,,active,10,RWF,allowed
0.releases.1085.tender.lots.2,0.releases.1085,0,3,Supply of construction materials (iron sheets) for vulnerable people in all districts of Eastern province province,,active,10,RWF,allowed
0.releases.1085.tender.lots.3,0.releases.1085,0,4,Supply of construction materials (iron sheets) for vulnerable people in all districts of Western province ,,active,10,RWF,allowed
0.releases.1086.tender.lots.0,0.releases.1086,0,1,Supply of construction materials (iron sheets) for vulnerable people in all districts of Southern province,,active,10,RWF,allowed
0.releases.1086.tender.lots.1,0.releases.1086,0,2,Supply of construction materials (iron sheets) for vulnerable people in all districts of Northern province and City of Kigali ,,active,10,RWF,allowed
0.releases.1086.tender.lots.2,0.releases.1086,0,3,Supply of construction materials (iron sheets) for vulnerable people in all districts of Eastern province province,,active,10,RWF,allowed
0.releases.1086.tender.lots.3,0.releases.1086,0,4,Supply of construction materials (iron sheets) for vulnerable people in all districts of Western province ,,active,10,RWF,allowed
0.releases.1087.tender.lots.0,0.releases.1087,0,1,Supply of construction materials (iron sheets) for vulnerable people in all districts of Southern province,,active,10,RWF,allowed
0.releases.1087.tender.lots.1,0.releases.1087,0,2,Supply of construction materials (iron sheets) for vulnerable people in all districts of Northern province and City of Kigali ,,active,10,RWF,allowed
0.releases.1087.tender.lots.2,0.releases.1087,0,3,Supply of construction materials (iron sheets) for vulnerable people in all districts of Eastern province province,,active,10,RWF,allowed
0.releases.1087.tender.lots.3,0.releases.1087,0,4,Supply of construction materials (iron sheets) for vulnerable people in all districts of Western province ,,active,10,RWF,allowed
0.releases.1088.tender.lots.0,0.releases.1088,0,1,Tender for hiring  furnished tents  and generators at District level  ( framework ),Hiring of  furnished tents,active,316000000,RWF,allowed
0.releases.1088.tender.lots.1,0.releases.1088,0,2,Tender for hiring  furnished tents  and generators at District level  ( framework ),Hiring of Generators,active,100000000,RWF,allowed
0.releases.1088.tender.lots.2,0.releases.1088,0,1,Tender for hiring  furnished tents  and generators at District level  ( framework ),Hiring of  furnished tents,active,316000000,RWF,allowed
0.releases.1088.tender.lots.3,0.releases.1088,0,1,Tender for hiring  furnished tents  and generators at District level  ( framework ),Hiring of  furnished tents,active,316000000,RWF,allowed
0.releases.1088.tender.lots.4,0.releases.1088,0,2,Tender for hiring  furnished tents  and generators at District level  ( framework ),Hiring of Generators,active,100000000,RWF,allowed
0.releases.1089.tender.lots.0,0.releases.1089,0,1,Tender for hiring  furnished tents  and generators at District level  ( framework ),Hiring of  furnished tents,active,316000000,RWF,allowed
0.releases.1089.tender.lots.1,0.releases.1089,0,2,Tender for hiring  furnished tents  and generators at District level  ( framework ),Hiring of Generators,active,100000000,RWF,allowed
0.releases.1089.tender.lots.2,0.releases.1089,0,1,Tender for hiring  furnished tents  and generators at District level  ( framework ),Hiring of  furnished tents,active,316000000,RWF,allowed
0.releases.1089.tender.lots.3,0.releases.1089,0,1,Tender for hiring  furnished tents  and generators at District level  ( framework ),Hiring of  furnished tents,active,316000000,RWF,allowed
0.releases.1089.tender.lots.4,0.releases.1089,0,2,Tender for hiring  furnished tents  and generators at District level  ( framework ),Hiring of Generators,active,100000000,RWF,allowed
0.releases.1090.tender.lots.0,0.releases.1090,0,1,TV services Lot one,TV services Lot one,active,3000000,RWF,allowed
0.releases.1090.tender.lots.1,0.releases.1090,0,2,Radio services Lot two,Radio services Lot two,active,2000000,RWF,allowed
0.releases.1090.tender.lots.2,0.releases.1090,0,3,Community radios lot three,Community radios lot three,active,2000000,RWF,allowed
0.releases.1090.tender.lots.3,0.releases.1090,0,4,News paper and Magazine lot four,News paper and Magazine lot four,active,2000000,RWF,allowed
0.releases.1090.tender.lots.4,0.releases.1090,0,5,On line Media services Lot 5,On line Media services Lot 5,active,2000000,RWF,allowed
0.releases.1090.tender.lots.5,0.releases.1090,0,6,Live streaming services lot 6,Live streaming services lot 6,active,1000000,RWF,allowed
0.releases.1091.tender.lots.0,0.releases.1091,0,1,Supply and delivery of Mechanical Training Materials at Ngarama Rehabilitation Center ,,active,8114771,RWF,allowed
0.releases.1091.tender.lots.1,0.releases.1091,0,2,Supply and delivery Hairdressing Training Materials at Ngarama Rehabilitation Center,,active,4055149,RWF,allowed
0.releases.1091.tender.lots.2,0.releases.1091,0,1,Supply and delivery of Mechanical Training Materials at Ngarama Rehabilitation Center ,,active,8114771,RWF,allowed
0.releases.1091.tender.lots.3,0.releases.1091,0,2,Supply and delivery Hairdressing Training Materials at Ngarama Rehabilitation Center,,active,4055149,RWF,allowed
0.releases.1092.tender.lots.0,0.releases.1092,0,1,TV services Lot one,TV services Lot one,active,3000000,RWF,allowed
0.releases.1092.tender.lots.1,0.releases.1092,0,2,Radio services Lot two,Radio services Lot two,active,2000000,RWF,allowed
0.releases.1092.tender.lots.2,0.releases.1092,0,3,Community radios lot three,Community radios lot three,active,2000000,RWF,allowed
0.releases.1092.tender.lots.3,0.releases.1092,0,4,News paper and Magazine lot four,News paper and Magazine lot four,active,2000000,RWF,allowed
0.releases.1092.tender.lots.4,0.releases.1092,0,5,On line Media services Lot 5,On line Media services Lot 5,active,2000000,RWF,allowed
0.releases.1092.tender.lots.5,0.releases.1092,0,6,Live streaming services lot 6,Live streaming services lot 6,active,1000000,RWF,allowed
0.releases.1093.tender.lots.0,0.releases.1093,0,1,TV services Lot one,TV services Lot one,active,3000000,RWF,allowed
0.releases.1093.tender.lots.1,0.releases.1093,0,2,Radio services Lot two,Radio services Lot two,active,2000000,RWF,allowed
0.releases.1093.tender.lots.2,0.releases.1093,0,3,Community radios lot three,Community radios lot three,active,2000000,RWF,allowed
0.releases.1093.tender.lots.3,0.releases.1093,0,4,News paper and Magazine lot four,News paper and Magazine lot four,active,2000000,RWF,allowed
0.releases.1093.tender.lots.4,0.releases.1093,0,5,On line Media services Lot 5,On line Media services Lot 5,active,2000000,RWF,allowed
0.releases.1093.tender.lots.5,0.releases.1093,0,6,Live streaming services lot 6,Live streaming services lot 6,active,1000000,RWF,allowed
0.releases.1094.tender.lots.0,0.releases.1094,0,1,Tender for hiring  furnished tents  and generators at District level  ( framework ),Hiring of  furnished tents,active,316000000,RWF,allowed
0.releases.1094.tender.lots.1,0.releases.1094,0,2,Tender for hiring  furnished tents  and generators at District level  ( framework ),Hiring of Generators,active,100000000,RWF,allowed
0.releases.1094.tender.lots.2,0.releases.1094,0,1,Tender for hiring  furnished tents  and generators at District level  ( framework ),Hiring of  furnished tents,active,316000000,RWF,allowed
0.releases.1094.tender.lots.3,0.releases.1094,0,1,Tender for hiring  furnished tents  and generators at District level  ( framework ),Hiring of  furnished tents,active,316000000,RWF,allowed
0.releases.1094.tender.lots.4,0.releases.1094,0,2,Tender for hiring  furnished tents  and generators at District level  ( framework ),Hiring of Generators,active,100000000,RWF,allowed
0.releases.1095.tender.lots.0,0.releases.1095,0,1,Tender for hiring  furnished tents  and generators at District level  ( framework ),Hiring of  furnished tents,active,316000000,RWF,allowed
0.releases.1095.tender.lots.1,0.releases.1095,0,2,Tender for hiring  furnished tents  and generators at District level  ( framework ),Hiring of Generators,active,100000000,RWF,allowed
0.releases.1095.tender.lots.2,0.releases.1095,0,1,Tender for hiring  furnished tents  and generators at District level  ( framework ),Hiring of  furnished tents,active,316000000,RWF,allowed
0.releases.1095.tender.lots.3,0.releases.1095,0,1,Tender for hiring  furnished tents  and generators at District level  ( framework ),Hiring of  furnished tents,active,316000000,RWF,allowed
0.releases.1095.tender.lots.4,0.releases.1095,0,2,Tender for hiring  furnished tents  and generators at District level  ( framework ),Hiring of Generators,active,100000000,RWF,allowed
0.releases.1096.tender.lots.0,0.releases.1096,0,1,Tender for hiring  furnished tents  and generators at District level  ( framework ),Hiring of  furnished tents,active,316000000,RWF,allowed
0.releases.1096.tender.lots.1,0.releases.1096,0,2,Tender for hiring  furnished tents  and generators at District level  ( framework ),Hiring of Generators,active,100000000,RWF,allowed
0.releases.1096.tender.lots.2,0.releases.1096,0,1,Tender for hiring  furnished tents  and generators at District level  ( framework ),Hiring of  furnished tents,active,316000000,RWF,allowed
0.releases.1096.tender.lots.3,0.releases.1096,0,1,Tender for hiring  furnished tents  and generators at District level  ( framework ),Hiring of  furnished tents,active,316000000,RWF,allowed
0.releases.1096.tender.lots.4,0.releases.1096,0,2,Tender for hiring  furnished tents  and generators at District level  ( framework ),Hiring of Generators,active,100000000,RWF,allowed
0.releases.1097.tender.lots.0,0.releases.1097,0,1,TV services Lot one,TV services Lot one,active,3000000,RWF,allowed
0.releases.1097.tender.lots.1,0.releases.1097,0,2,Radio services Lot two,Radio services Lot two,active,2000000,RWF,allowed
0.releases.1097.tender.lots.2,0.releases.1097,0,3,Community radios lot three,Community radios lot three,active,2000000,RWF,allowed
0.releases.1097.tender.lots.3,0.releases.1097,0,4,News paper and Magazine lot four,News paper and Magazine lot four,active,2000000,RWF,allowed
0.releases.1097.tender.lots.4,0.releases.1097,0,5,On line Media services Lot 5,On line Media services Lot 5,active,2000000,RWF,allowed
0.releases.1097.tender.lots.5,0.releases.1097,0,6,Live streaming services lot 6,Live streaming services lot 6,active,1000000,RWF,allowed
0.releases.1098.tender.lots.0,0.releases.1098,0,1,TV services Lot one,TV services Lot one,active,3000000,RWF,allowed
0.releases.1098.tender.lots.1,0.releases.1098,0,2,Radio services Lot two,Radio services Lot two,active,2000000,RWF,allowed
0.releases.1098.tender.lots.2,0.releases.1098,0,3,Community radios lot three,Community radios lot three,active,2000000,RWF,allowed
0.releases.1098.tender.lots.3,0.releases.1098,0,4,News paper and Magazine lot four,News paper and Magazine lot four,active,2000000,RWF,allowed
0.releases.1098.tender.lots.4,0.releases.1098,0,5,On line Media services Lot 5,On line Media services Lot 5,active,2000000,RWF,allowed
0.releases.1098.tender.lots.5,0.releases.1098,0,6,Live streaming services lot 6,Live streaming services lot 6,active,1000000,RWF,allowed
0.releases.1099.tender.lots.0,0.releases.1099,0,1,TV services Lot one,TV services Lot one,active,3000000,RWF,allowed
0.releases.1099.tender.lots.1,0.releases.1099,0,2,Radio services Lot two,Radio services Lot two,active,2000000,RWF,allowed
0.releases.1099.tender.lots.2,0.releases.1099,0,3,Community radios lot three,Community radios lot three,active,2000000,RWF,allowed
0.releases.1099.tender.lots.3,0.releases.1099,0,4,News paper and Magazine lot four,News paper and Magazine lot four,active,2000000,RWF,allowed
0.releases.1099.tender.lots.4,0.releases.1099,0,5,On line Media services Lot 5,On line Media services Lot 5,active,2000000,RWF,allowed
0.releases.1099.tender.lots.5,0.releases.1099,0,6,Live streaming services lot 6,Live streaming services lot 6,active,1000000,RWF,allowed
0.releases.1100.tender.lots.0,0.releases.1100,0,1,TV services Lot one,TV services Lot one,active,3000000,RWF,allowed
0.releases.1100.tender.lots.1,0.releases.1100,0,2,Radio services Lot two,Radio services Lot two,active,2000000,RWF,allowed
0.releases.1100.tender.lots.2,0.releases.1100,0,3,Community radios lot three,Community radios lot three,active,2000000,RWF,allowed
0.releases.1100.tender.lots.3,0.releases.1100,0,4,News paper and Magazine lot four,News paper and Magazine lot four,active,2000000,RWF,allowed
0.releases.1100.tender.lots.4,0.releases.1100,0,5,On line Media services Lot 5,On line Media services Lot 5,active,2000000,RWF,allowed
0.releases.1100.tender.lots.5,0.releases.1100,0,6,Live streaming services lot 6,Live streaming services lot 6,active,1000000,RWF,allowed
0.releases.1101.tender.lots.0,0.releases.1101,0,1,TV services Lot one,TV services Lot one,active,3000000,RWF,allowed
0.releases.1101.tender.lots.1,0.releases.1101,0,2,Radio services Lot two,Radio services Lot two,active,2000000,RWF,allowed
0.releases.1101.tender.lots.2,0.releases.1101,0,3,Community radios lot three,Community radios lot three,active,2000000,RWF,allowed
0.releases.1101.tender.lots.3,0.releases.1101,0,4,News paper and Magazine lot four,News paper and Magazine lot four,active,2000000,RWF,allowed
0.releases.1101.tender.lots.4,0.releases.1101,0,5,On line Media services Lot 5,On line Media services Lot 5,active,2000000,RWF,allowed
0.releases.1101.tender.lots.5,0.releases.1101,0,6,Live streaming services lot 6,Live streaming services lot 6,active,1000000,RWF,allowed
0.releases.1102.tender.lots.0,0.releases.1102,0,1,TV services Lot one,TV services Lot one,active,3000000,RWF,allowed
0.releases.1102.tender.lots.1,0.releases.1102,0,2,Radio services Lot two,Radio services Lot two,active,2000000,RWF,allowed
0.releases.1102.tender.lots.2,0.releases.1102,0,3,Community radios lot three,Community radios lot three,active,2000000,RWF,allowed
0.releases.1102.tender.lots.3,0.releases.1102,0,4,News paper and Magazine lot four,News paper and Magazine lot four,active,2000000,RWF,allowed
0.releases.1102.tender.lots.4,0.releases.1102,0,5,On line Media services Lot 5,On line Media services Lot 5,active,2000000,RWF,allowed
0.releases.1102.tender.lots.5,0.releases.1102,0,6,Live streaming services lot 6,Live streaming services lot 6,active,1000000,RWF,allowed
0.releases.1103.tender.lots.0,0.releases.1103,0,1,TV services Lot one,TV services Lot one,active,3000000,RWF,allowed
0.releases.1103.tender.lots.1,0.releases.1103,0,2,Radio services Lot two,Radio services Lot two,active,2000000,RWF,allowed
0.releases.1103.tender.lots.2,0.releases.1103,0,3,Community radios lot three,Community radios lot three,active,2000000,RWF,allowed
0.releases.1103.tender.lots.3,0.releases.1103,0,4,News paper and Magazine lot four,News paper and Magazine lot four,active,2000000,RWF,allowed
0.releases.1103.tender.lots.4,0.releases.1103,0,5,On line Media services Lot 5,On line Media services Lot 5,active,2000000,RWF,allowed
0.releases.1103.tender.lots.5,0.releases.1103,0,6,Live streaming services lot 6,Live streaming services lot 6,active,1000000,RWF,allowed
0.releases.1104.tender.lots.0,0.releases.1104,0,1,TV services Lot one,TV services Lot one,active,3000000,RWF,allowed
0.releases.1104.tender.lots.1,0.releases.1104,0,2,Radio services Lot two,Radio services Lot two,active,2000000,RWF,allowed
0.releases.1104.tender.lots.2,0.releases.1104,0,3,Community radios lot three,Community radios lot three,active,2000000,RWF,allowed
0.releases.1104.tender.lots.3,0.releases.1104,0,4,News paper and Magazine lot four,News paper and Magazine lot four,active,2000000,RWF,allowed
0.releases.1104.tender.lots.4,0.releases.1104,0,5,On line Media services Lot 5,On line Media services Lot 5,active,2000000,RWF,allowed
0.releases.1104.tender.lots.5,0.releases.1104,0,6,Live streaming services lot 6,Live streaming services lot 6,active,1000000,RWF,allowed
0.releases.1105.tender.lots.0,0.releases.1105,0,1,TV services Lot one,TV services Lot one,active,3000000,RWF,allowed
0.releases.1105.tender.lots.1,0.releases.1105,0,2,Radio services Lot two,Radio services Lot two,active,2000000,RWF,allowed
0.releases.1105.tender.lots.2,0.releases.1105,0,3,Community radios lot three,Community radios lot three,active,2000000,RWF,allowed
0.releases.1105.tender.lots.3,0.releases.1105,0,4,News paper and Magazine lot four,News paper and Magazine lot four,active,2000000,RWF,allowed
0.releases.1105.tender.lots.4,0.releases.1105,0,5,On line Media services Lot 5,On line Media services Lot 5,active,2000000,RWF,allowed
0.releases.1105.tender.lots.5,0.releases.1105,0,6,Live streaming services lot 6,Live streaming services lot 6,active,1000000,RWF,allowed
0.releases.1106.tender.lots.0,0.releases.1106,0,1,TV services Lot one,TV services Lot one,active,3000000,RWF,allowed
0.releases.1106.tender.lots.1,0.releases.1106,0,2,Radio services Lot two,Radio services Lot two,active,2000000,RWF,allowed
0.releases.1106.tender.lots.2,0.releases.1106,0,3,Community radios lot three,Community radios lot three,active,2000000,RWF,allowed
0.releases.1106.tender.lots.3,0.releases.1106,0,4,News paper and Magazine lot four,News paper and Magazine lot four,active,2000000,RWF,allowed
0.releases.1106.tender.lots.4,0.releases.1106,0,5,On line Media services Lot 5,On line Media services Lot 5,active,2000000,RWF,allowed
0.releases.1106.tender.lots.5,0.releases.1106,0,6,Live streaming services lot 6,Live streaming services lot 6,active,1000000,RWF,allowed
0.releases.1107.tender.lots.0,0.releases.1107,0,1,TV services Lot one,TV services Lot one,active,3000000,RWF,allowed
0.releases.1107.tender.lots.1,0.releases.1107,0,2,Radio services Lot two,Radio services Lot two,active,2000000,RWF,allowed
0.releases.1107.tender.lots.2,0.releases.1107,0,3,Community radios lot three,Community radios lot three,active,2000000,RWF,allowed
0.releases.1107.tender.lots.3,0.releases.1107,0,4,News paper and Magazine lot four,News paper and Magazine lot four,active,2000000,RWF,allowed
0.releases.1107.tender.lots.4,0.releases.1107,0,5,On line Media services Lot 5,On line Media services Lot 5,active,2000000,RWF,allowed
0.releases.1107.tender.lots.5,0.releases.1107,0,6,Live streaming services lot 6,Live streaming services lot 6,active,1000000,RWF,allowed
0.releases.1108.tender.lots.0,0.releases.1108,0,1,TV services Lot one,TV services Lot one,active,3000000,RWF,allowed
0.releases.1108.tender.lots.1,0.releases.1108,0,2,Radio services Lot two,Radio services Lot two,active,2000000,RWF,allowed
0.releases.1108.tender.lots.2,0.releases.1108,0,3,Community radios lot three,Community radios lot three,active,2000000,RWF,allowed
0.releases.1108.tender.lots.3,0.releases.1108,0,4,News paper and Magazine lot four,News paper and Magazine lot four,active,2000000,RWF,allowed
0.releases.1108.tender.lots.4,0.releases.1108,0,5,On line Media services Lot 5,On line Media services Lot 5,active,2000000,RWF,allowed
0.releases.1108.tender.lots.5,0.releases.1108,0,6,Live streaming services lot 6,Live streaming services lot 6,active,1000000,RWF,allowed
0.releases.1109.tender.lots.0,0.releases.1109,0,1,"Consultancy Services for Supervision of Urgent Works of Rehabilitation/Repair of Selected Damaged Unpaved Roads in Nyamasheke, Nyamagabe and Nyaruguru districts, Rwanda.","Consultancy Services for Supervision of Urgent Works of Rehabilitation/Repair of Selected Damaged Unpaved Roads in Nyamasheke, Nyamagabe and Nyaruguru districts, Rwanda.",active,778492736,RWF,allowed
0.releases.1110.tender.lots.0,0.releases.1110,0,1,TV services Lot one,TV services Lot one,active,3000000,RWF,allowed
0.releases.1110.tender.lots.1,0.releases.1110,0,2,Radio services Lot two,Radio services Lot two,active,2000000,RWF,allowed
0.releases.1110.tender.lots.2,0.releases.1110,0,3,Community radios lot three,Community radios lot three,active,2000000,RWF,allowed
0.releases.1110.tender.lots.3,0.releases.1110,0,4,News paper and Magazine lot four,News paper and Magazine lot four,active,2000000,RWF,allowed
0.releases.1110.tender.lots.4,0.releases.1110,0,5,On line Media services Lot 5,On line Media services Lot 5,active,2000000,RWF,allowed
0.releases.1110.tender.lots.5,0.releases.1110,0,6,Live streaming services lot 6,Live streaming services lot 6,active,1000000,RWF,allowed
0.releases.1111.tender.lots.0,0.releases.1111,0,1,TV services Lot one,TV services Lot one,active,3000000,RWF,allowed
0.releases.1111.tender.lots.1,0.releases.1111,0,2,Radio services Lot two,Radio services Lot two,active,2000000,RWF,allowed
0.releases.1111.tender.lots.2,0.releases.1111,0,3,Community radios lot three,Community radios lot three,active,2000000,RWF,allowed
0.releases.1111.tender.lots.3,0.releases.1111,0,4,News paper and Magazine lot four,News paper and Magazine lot four,active,2000000,RWF,allowed
0.releases.1111.tender.lots.4,0.releases.1111,0,5,On line Media services Lot 5,On line Media services Lot 5,active,2000000,RWF,allowed
0.releases.1111.tender.lots.5,0.releases.1111,0,6,Live streaming services lot 6,Live streaming services lot 6,active,1000000,RWF,allowed
0.releases.1112.tender.lots.0,0.releases.1112,0,1,TV services Lot one,TV services Lot one,active,3000000,RWF,allowed
0.releases.1112.tender.lots.1,0.releases.1112,0,2,Radio services Lot two,Radio services Lot two,active,2000000,RWF,allowed
0.releases.1112.tender.lots.2,0.releases.1112,0,3,Community radios lot three,Community radios lot three,active,2000000,RWF,allowed
0.releases.1112.tender.lots.3,0.releases.1112,0,4,News paper and Magazine lot four,News paper and Magazine lot four,active,2000000,RWF,allowed
0.releases.1112.tender.lots.4,0.releases.1112,0,5,On line Media services Lot 5,On line Media services Lot 5,active,2000000,RWF,allowed
0.releases.1112.tender.lots.5,0.releases.1112,0,6,Live streaming services lot 6,Live streaming services lot 6,active,1000000,RWF,allowed
0.releases.1113.tender.lots.0,0.releases.1113,0,1,TV services Lot one,TV services Lot one,active,3000000,RWF,allowed
0.releases.1113.tender.lots.1,0.releases.1113,0,2,Radio services Lot two,Radio services Lot two,active,2000000,RWF,allowed
0.releases.1113.tender.lots.2,0.releases.1113,0,3,Community radios lot three,Community radios lot three,active,2000000,RWF,allowed
0.releases.1113.tender.lots.3,0.releases.1113,0,4,News paper and Magazine lot four,News paper and Magazine lot four,active,2000000,RWF,allowed
0.releases.1113.tender.lots.4,0.releases.1113,0,5,On line Media services Lot 5,On line Media services Lot 5,active,2000000,RWF,allowed
0.releases.1113.tender.lots.5,0.releases.1113,0,6,Live streaming services lot 6,Live streaming services lot 6,active,1000000,RWF,allowed
0.releases.1114.tender.lots.0,0.releases.1114,0,1,TV services Lot one,TV services Lot one,active,3000000,RWF,allowed
0.releases.1114.tender.lots.1,0.releases.1114,0,2,Radio services Lot two,Radio services Lot two,active,2000000,RWF,allowed
0.releases.1114.tender.lots.2,0.releases.1114,0,3,Community radios lot three,Community radios lot three,active,2000000,RWF,allowed
0.releases.1114.tender.lots.3,0.releases.1114,0,4,News paper and Magazine lot four,News paper and Magazine lot four,active,2000000,RWF,allowed
0.releases.1114.tender.lots.4,0.releases.1114,0,5,On line Media services Lot 5,On line Media services Lot 5,active,2000000,RWF,allowed
0.releases.1114.tender.lots.5,0.releases.1114,0,6,Live streaming services lot 6,Live streaming services lot 6,active,1000000,RWF,allowed
0.releases.1115.tender.lots.0,0.releases.1115,0,1,Supply of office stationeries,,active,18000000,RWF,allowed
0.releases.1116.tender.lots.0,0.releases.1116,0,1,Recruitment of IFMIS software architect to support IPSAS implementation,Recruitment of IFMIS software architect to support IPSAS implementation,active,216000000,RWF,allowed
0.releases.1117.tender.lots.0,0.releases.1117,0,1,"Tender for framework contract for supply and installation of spare parts, repair and maintenance of color sorter machine and accessories (Re-advert)",,active,30000000,RWF,allowed
0.releases.1117.tender.lots.1,0.releases.1117,0,1,"Tender for framework contract for supply and installation of spare parts, repair and maintenance of color sorter machine and accessories (Re-advert)",,active,30000000,RWF,allowed
0.releases.1118.tender.lots.0,0.releases.1118,0,1,Hiring a custodian for RSSB securuties,Hiring a custodian for RSSB securuties,active,45000000,RWF,allowed
0.releases.1122.tender.lots.0,0.releases.1122,0,1,"Consultancy Services for Supervision of Urgent Works of Rehabilitation/Repair of Selected Damaged Unpaved Roads in Nyanza, Gisagara, Ruhango and Kamonyi districts in Rwanda.","Consultancy Services for Supervision of Urgent Works of Rehabilitation/Repair of Selected Damaged Unpaved Roads in Nyanza, Gisagara, Ruhango and Kamonyi districts in Rwanda.",active,778492736,RWF,allowed
0.releases.1123.tender.lots.0,0.releases.1123,0,1,Establishment of Framework agreement for Clearing Services-Retender 2,clearing  services,active,12673527,RWF,allowed
0.releases.1123.tender.lots.1,0.releases.1123,0,1,Establishment of Framework agreement for Clearing Services-Retender 2,clearing  services,active,12673527,RWF,allowed
0.releases.1124.tender.lots.0,0.releases.1124,0,1,supply of hand held metal detectors,,active,3277500,RWF,allowed
0.releases.1125.tender.lots.0,0.releases.1125,0,1,"Supply and installation of CCTV Cameras, supply and installation of control room equipment, and its maintenance of CCTV cameras and control room equipment",,active,189261155,RWF,allowed
0.releases.1125.tender.lots.1,0.releases.1125,0,1,"Supply and installation of CCTV Cameras, supply and installation of control room equipment, and its maintenance of CCTV cameras and control room equipment",,active,189261155,RWF,allowed
0.releases.1126.tender.lots.0,0.releases.1126,0,1,"Supply and installation of CCTV Cameras, supply and installation of control room equipment, and its maintenance of CCTV cameras and control room equipment",,active,189261155,RWF,allowed
0.releases.1126.tender.lots.1,0.releases.1126,0,1,"Supply and installation of CCTV Cameras, supply and installation of control room equipment, and its maintenance of CCTV cameras and control room equipment",,active,189261155,RWF,allowed
0.releases.1127.tender.lots.0,0.releases.1127,0,1,Construction works of Canteen and Kitchen at Nyamasheke Correctional Facility,Construction works,active,498340635,RWF,allowed
0.releases.1128.tender.lots.0,0.releases.1128,0,1,SPORTS AND RECREATION SERVICES,SPORTS AND RECREATION SERVICES,active,5000000,RWF,allowed
0.releases.1129.tender.lots.0,0.releases.1129,0,1,Tender for purchase of medical equipments,,active,30000000,RWF,allowed
0.releases.1129.tender.lots.1,0.releases.1129,0,1,Tender for purchase of medical equipments,,active,30000000,RWF,allowed
0.releases.1130.tender.lots.0,0.releases.1130,0,1,"Provision of Venue for Meetings, Conferences and Accommodation",LOT 1 for 3 stars Hotel ,active,21000000,RWF,allowed
0.releases.1130.tender.lots.1,0.releases.1130,0,2,"Provision of Venue for Meetings, Conferences and Accommodation",LOT 2 for 2 stars Hotel ,active,15000000,RWF,allowed
0.releases.1130.tender.lots.2,0.releases.1130,0,3,"Provision of Venue for Meetings, Conferences and Accommodation",LOT 3 for 1 star Hotel ,active,14000000,RWF,allowed
0.releases.1131.tender.lots.0,0.releases.1131,0,1,SPORTS AND RECREATION SERVICES,SPORTS AND RECREATION SERVICES,active,5000000,RWF,allowed
0.releases.1132.tender.lots.0,0.releases.1132,0,1,Re-tendering tender for purchase of Hospital Drapes,,active,5910000,RWF,allowed
0.releases.1132.tender.lots.1,0.releases.1132,0,1,Re-tendering tender for purchase of Hospital Drapes,,active,5910000,RWF,allowed
0.releases.1133.tender.lots.0,0.releases.1133,0,1,Provision of insurance of Senate properties,insurance of asset,active,3000000,RWF,allowed
0.releases.1134.tender.lots.0,0.releases.1134,0,1,Provision of insurance of Senate properties,insurance of asset,active,3000000,RWF,allowed
0.releases.1135.tender.lots.0,0.releases.1135,0,1,Tender for acquisition of Tires for Byumba Level Two Teaching Hospital Vehicles and Motorcycles ,,active,14462000,RWF,allowed
0.releases.1135.tender.lots.1,0.releases.1135,0,1,Tender for acquisition of Tires for Byumba Level Two Teaching Hospital Vehicles and Motorcycles ,,active,14462000,RWF,allowed
0.releases.1136.tender.lots.0,0.releases.1136,0,1,Supply of construction materials (iron sheets) for vulnerable people in all districts of Southern province,,active,10,RWF,allowed
0.releases.1136.tender.lots.1,0.releases.1136,0,2,Supply of construction materials (iron sheets) for vulnerable people in all districts of Northern province and City of Kigali ,,active,10,RWF,allowed
0.releases.1136.tender.lots.2,0.releases.1136,0,3,Supply of construction materials (iron sheets) for vulnerable people in all districts of Eastern province province,,active,10,RWF,allowed
0.releases.1136.tender.lots.3,0.releases.1136,0,4,Supply of construction materials (iron sheets) for vulnerable people in all districts of Western province ,,active,10,RWF,allowed
0.releases.1137.tender.lots.0,0.releases.1137,0,1,Tender for acquisition of Tires for Byumba Level Two Teaching Hospital Vehicles and Motorcycles ,,active,14462000,RWF,allowed
0.releases.1137.tender.lots.1,0.releases.1137,0,1,Tender for acquisition of Tires for Byumba Level Two Teaching Hospital Vehicles and Motorcycles ,,active,14462000,RWF,allowed
0.releases.1138.tender.lots.0,0.releases.1138,0,1,Location coaster et Bus,Location coaster et Bus,active,35000000,RWF,allowed
0.releases.1138.tender.lots.1,0.releases.1138,0,2,"Location camion,minibus,jeep, camionnette ,voiture et moto","Location camion,minibus,jeep, camionnette ,voiture et moto",active,35000000,RWF,allowed
0.releases.1139.tender.lots.0,0.releases.1139,0,1,Supply of construction materials (iron sheets) for vulnerable people in all districts of Southern province,,active,10,RWF,allowed
0.releases.1139.tender.lots.1,0.releases.1139,0,2,Supply of construction materials (iron sheets) for vulnerable people in all districts of Northern province and City of Kigali ,,active,10,RWF,allowed
0.releases.1139.tender.lots.2,0.releases.1139,0,3,Supply of construction materials (iron sheets) for vulnerable people in all districts of Eastern province province,,active,10,RWF,allowed
0.releases.1139.tender.lots.3,0.releases.1139,0,4,Supply of construction materials (iron sheets) for vulnerable people in all districts of Western province ,,active,10,RWF,allowed
0.releases.1140.tender.lots.0,0.releases.1140,0,1,Supply of construction materials (iron sheets) for vulnerable people in all districts of Southern province,,active,10,RWF,allowed
0.releases.1140.tender.lots.1,0.releases.1140,0,2,Supply of construction materials (iron sheets) for vulnerable people in all districts of Northern province and City of Kigali ,,active,10,RWF,allowed
0.releases.1140.tender.lots.2,0.releases.1140,0,3,Supply of construction materials (iron sheets) for vulnerable people in all districts of Eastern province province,,active,10,RWF,allowed
0.releases.1140.tender.lots.3,0.releases.1140,0,4,Supply of construction materials (iron sheets) for vulnerable people in all districts of Western province ,,active,10,RWF,allowed
0.releases.1141.tender.lots.0,0.releases.1141,0,1,Provision of Cleaning  Services to NPPA NYARUGUNGA  OFFICES (KICUKIRO Primary Level)/Under Framework Contract,DAO,active,3200000,RWF,allowed
0.releases.1142.tender.lots.0,0.releases.1142,0,1,Supply of construction materials (iron sheets) for vulnerable people in all districts of Southern province,,active,10,RWF,allowed
0.releases.1142.tender.lots.1,0.releases.1142,0,2,Supply of construction materials (iron sheets) for vulnerable people in all districts of Northern province and City of Kigali ,,active,10,RWF,allowed
0.releases.1142.tender.lots.2,0.releases.1142,0,3,Supply of construction materials (iron sheets) for vulnerable people in all districts of Eastern province province,,active,10,RWF,allowed
0.releases.1142.tender.lots.3,0.releases.1142,0,4,Supply of construction materials (iron sheets) for vulnerable people in all districts of Western province ,,active,10,RWF,allowed
0.releases.1143.tender.lots.0,0.releases.1143,0,2,Construction of Nyagashanga cell in Karangazi Sector,Construction of Nyagashanga cell in Karangazi Sector,active,50000000,RWF,allowed
0.releases.1144.tender.lots.0,0.releases.1144,0,1,Annual  framework  for supply  of construction  materials   in Huye  district,,active,130000000,RWF,allowed
0.releases.1145.tender.lots.0,0.releases.1145,0,1,SUPPLY OF SPARE PARTS FOR INFRASTRUCTURE MAINTENANCE,,active,6000000,RWF,allowed
0.releases.1146.tender.lots.0,0.releases.1146,0,1,LotNo1,,active,,,allowed
0.releases.1147.tender.lots.0,0.releases.1147,0,1,TV services Lot one,TV services Lot one,active,3000000,RWF,allowed
0.releases.1147.tender.lots.1,0.releases.1147,0,2,Radio services Lot two,Radio services Lot two,active,2000000,RWF,allowed
0.releases.1147.tender.lots.2,0.releases.1147,0,3,Community radios lot three,Community radios lot three,active,2000000,RWF,allowed
0.releases.1147.tender.lots.3,0.releases.1147,0,4,News paper and Magazine lot four,News paper and Magazine lot four,active,2000000,RWF,allowed
0.releases.1147.tender.lots.4,0.releases.1147,0,5,On line Media services Lot 5,On line Media services Lot 5,active,2000000,RWF,allowed
0.releases.1147.tender.lots.5,0.releases.1147,0,6,Live streaming services lot 6,Live streaming services lot 6,active,1000000,RWF,allowed
0.releases.1148.tender.lots.0,0.releases.1148,0,1,TV services Lot one,TV services Lot one,active,3000000,RWF,allowed
0.releases.1148.tender.lots.1,0.releases.1148,0,2,Radio services Lot two,Radio services Lot two,active,2000000,RWF,allowed
0.releases.1148.tender.lots.2,0.releases.1148,0,3,Community radios lot three,Community radios lot three,active,2000000,RWF,allowed
0.releases.1148.tender.lots.3,0.releases.1148,0,4,News paper and Magazine lot four,News paper and Magazine lot four,active,2000000,RWF,allowed
0.releases.1148.tender.lots.4,0.releases.1148,0,5,On line Media services Lot 5,On line Media services Lot 5,active,2000000,RWF,allowed
0.releases.1148.tender.lots.5,0.releases.1148,0,6,Live streaming services lot 6,Live streaming services lot 6,active,1000000,RWF,allowed
0.releases.1149.tender.lots.0,0.releases.1149,0,1,TV services Lot one,TV services Lot one,active,3000000,RWF,allowed
0.releases.1149.tender.lots.1,0.releases.1149,0,2,Radio services Lot two,Radio services Lot two,active,2000000,RWF,allowed
0.releases.1149.tender.lots.2,0.releases.1149,0,3,Community radios lot three,Community radios lot three,active,2000000,RWF,allowed
0.releases.1149.tender.lots.3,0.releases.1149,0,4,News paper and Magazine lot four,News paper and Magazine lot four,active,2000000,RWF,allowed
0.releases.1149.tender.lots.4,0.releases.1149,0,5,On line Media services Lot 5,On line Media services Lot 5,active,2000000,RWF,allowed
0.releases.1149.tender.lots.5,0.releases.1149,0,6,Live streaming services lot 6,Live streaming services lot 6,active,1000000,RWF,allowed
0.releases.1150.tender.lots.0,0.releases.1150,0,1,TV services Lot one,TV services Lot one,active,3000000,RWF,allowed
0.releases.1150.tender.lots.1,0.releases.1150,0,2,Radio services Lot two,Radio services Lot two,active,2000000,RWF,allowed
0.releases.1150.tender.lots.2,0.releases.1150,0,3,Community radios lot three,Community radios lot three,active,2000000,RWF,allowed
0.releases.1150.tender.lots.3,0.releases.1150,0,4,News paper and Magazine lot four,News paper and Magazine lot four,active,2000000,RWF,allowed
0.releases.1150.tender.lots.4,0.releases.1150,0,5,On line Media services Lot 5,On line Media services Lot 5,active,2000000,RWF,allowed
0.releases.1150.tender.lots.5,0.releases.1150,0,6,Live streaming services lot 6,Live streaming services lot 6,active,1000000,RWF,allowed
0.releases.1151.tender.lots.0,0.releases.1151,0,1,TV services Lot one,TV services Lot one,active,3000000,RWF,allowed
0.releases.1151.tender.lots.1,0.releases.1151,0,2,Radio services Lot two,Radio services Lot two,active,2000000,RWF,allowed
0.releases.1151.tender.lots.2,0.releases.1151,0,3,Community radios lot three,Community radios lot three,active,2000000,RWF,allowed
0.releases.1151.tender.lots.3,0.releases.1151,0,4,News paper and Magazine lot four,News paper and Magazine lot four,active,2000000,RWF,allowed
0.releases.1151.tender.lots.4,0.releases.1151,0,5,On line Media services Lot 5,On line Media services Lot 5,active,2000000,RWF,allowed
0.releases.1151.tender.lots.5,0.releases.1151,0,6,Live streaming services lot 6,Live streaming services lot 6,active,1000000,RWF,allowed
0.releases.1152.tender.lots.0,0.releases.1152,0,1,TV services Lot one,TV services Lot one,active,3000000,RWF,allowed
0.releases.1152.tender.lots.1,0.releases.1152,0,2,Radio services Lot two,Radio services Lot two,active,2000000,RWF,allowed
0.releases.1152.tender.lots.2,0.releases.1152,0,3,Community radios lot three,Community radios lot three,active,2000000,RWF,allowed
0.releases.1152.tender.lots.3,0.releases.1152,0,4,News paper and Magazine lot four,News paper and Magazine lot four,active,2000000,RWF,allowed
0.releases.1152.tender.lots.4,0.releases.1152,0,5,On line Media services Lot 5,On line Media services Lot 5,active,2000000,RWF,allowed
0.releases.1152.tender.lots.5,0.releases.1152,0,6,Live streaming services lot 6,Live streaming services lot 6,active,1000000,RWF,allowed
0.releases.1153.tender.lots.0,0.releases.1153,0,1,TV services Lot one,TV services Lot one,active,3000000,RWF,allowed
0.releases.1153.tender.lots.1,0.releases.1153,0,2,Radio services Lot two,Radio services Lot two,active,2000000,RWF,allowed
0.releases.1153.tender.lots.2,0.releases.1153,0,3,Community radios lot three,Community radios lot three,active,2000000,RWF,allowed
0.releases.1153.tender.lots.3,0.releases.1153,0,4,News paper and Magazine lot four,News paper and Magazine lot four,active,2000000,RWF,allowed
0.releases.1153.tender.lots.4,0.releases.1153,0,5,On line Media services Lot 5,On line Media services Lot 5,active,2000000,RWF,allowed
0.releases.1153.tender.lots.5,0.releases.1153,0,6,Live streaming services lot 6,Live streaming services lot 6,active,1000000,RWF,allowed
0.releases.1154.tender.lots.0,0.releases.1154,0,1,LotNo1,,active,,,allowed
0.releases.1155.tender.lots.0,0.releases.1155,0,1,TV services Lot one,TV services Lot one,active,3000000,RWF,allowed
0.releases.1155.tender.lots.1,0.releases.1155,0,2,Radio services Lot two,Radio services Lot two,active,2000000,RWF,allowed
0.releases.1155.tender.lots.2,0.releases.1155,0,3,Community radios lot three,Community radios lot three,active,2000000,RWF,allowed
0.releases.1155.tender.lots.3,0.releases.1155,0,4,News paper and Magazine lot four,News paper and Magazine lot four,active,2000000,RWF,allowed
0.releases.1155.tender.lots.4,0.releases.1155,0,5,On line Media services Lot 5,On line Media services Lot 5,active,2000000,RWF,allowed
0.releases.1155.tender.lots.5,0.releases.1155,0,6,Live streaming services lot 6,Live streaming services lot 6,active,1000000,RWF,allowed
0.releases.1156.tender.lots.0,0.releases.1156,0,1,TV services Lot one,TV services Lot one,active,3000000,RWF,allowed
0.releases.1156.tender.lots.1,0.releases.1156,0,2,Radio services Lot two,Radio services Lot two,active,2000000,RWF,allowed
0.releases.1156.tender.lots.2,0.releases.1156,0,3,Community radios lot three,Community radios lot three,active,2000000,RWF,allowed
0.releases.1156.tender.lots.3,0.releases.1156,0,4,News paper and Magazine lot four,News paper and Magazine lot four,active,2000000,RWF,allowed
0.releases.1156.tender.lots.4,0.releases.1156,0,5,On line Media services Lot 5,On line Media services Lot 5,active,2000000,RWF,allowed
0.releases.1156.tender.lots.5,0.releases.1156,0,6,Live streaming services lot 6,Live streaming services lot 6,active,1000000,RWF,allowed
0.releases.1157.tender.lots.0,0.releases.1157,0,1,Consultancy service for  urban design services in the City of Kigali and other districts.,Consultancy service for  urban design services in the City of Kigali and other districts.,active,200000000,RWF,allowed
0.releases.1158.tender.lots.0,0.releases.1158,0,1,LotNo1,,active,,,allowed
0.releases.1160.tender.lots.0,0.releases.1160,0,1,TV services Lot one,TV services Lot one,active,3000000,RWF,allowed
0.releases.1160.tender.lots.1,0.releases.1160,0,2,Radio services Lot two,Radio services Lot two,active,2000000,RWF,allowed
0.releases.1160.tender.lots.2,0.releases.1160,0,3,Community radios lot three,Community radios lot three,active,2000000,RWF,allowed
0.releases.1160.tender.lots.3,0.releases.1160,0,4,News paper and Magazine lot four,News paper and Magazine lot four,active,2000000,RWF,allowed
0.releases.1160.tender.lots.4,0.releases.1160,0,5,On line Media services Lot 5,On line Media services Lot 5,active,2000000,RWF,allowed
0.releases.1160.tender.lots.5,0.releases.1160,0,6,Live streaming services lot 6,Live streaming services lot 6,active,1000000,RWF,allowed
0.releases.1161.tender.lots.0,0.releases.1161,0,1,TV services Lot one,TV services Lot one,active,3000000,RWF,allowed
0.releases.1161.tender.lots.1,0.releases.1161,0,2,Radio services Lot two,Radio services Lot two,active,2000000,RWF,allowed
0.releases.1161.tender.lots.2,0.releases.1161,0,3,Community radios lot three,Community radios lot three,active,2000000,RWF,allowed
0.releases.1161.tender.lots.3,0.releases.1161,0,4,News paper and Magazine lot four,News paper and Magazine lot four,active,2000000,RWF,allowed
0.releases.1161.tender.lots.4,0.releases.1161,0,5,On line Media services Lot 5,On line Media services Lot 5,active,2000000,RWF,allowed
0.releases.1161.tender.lots.5,0.releases.1161,0,6,Live streaming services lot 6,Live streaming services lot 6,active,1000000,RWF,allowed
0.releases.1162.tender.lots.0,0.releases.1162,0,1,TV services Lot one,TV services Lot one,active,3000000,RWF,allowed
0.releases.1162.tender.lots.1,0.releases.1162,0,2,Radio services Lot two,Radio services Lot two,active,2000000,RWF,allowed
0.releases.1162.tender.lots.2,0.releases.1162,0,3,Community radios lot three,Community radios lot three,active,2000000,RWF,allowed
0.releases.1162.tender.lots.3,0.releases.1162,0,4,News paper and Magazine lot four,News paper and Magazine lot four,active,2000000,RWF,allowed
0.releases.1162.tender.lots.4,0.releases.1162,0,5,On line Media services Lot 5,On line Media services Lot 5,active,2000000,RWF,allowed
0.releases.1162.tender.lots.5,0.releases.1162,0,6,Live streaming services lot 6,Live streaming services lot 6,active,1000000,RWF,allowed
0.releases.1163.tender.lots.0,0.releases.1163,0,1,TV services Lot one,TV services Lot one,active,3000000,RWF,allowed
0.releases.1163.tender.lots.1,0.releases.1163,0,2,Radio services Lot two,Radio services Lot two,active,2000000,RWF,allowed
0.releases.1163.tender.lots.2,0.releases.1163,0,3,Community radios lot three,Community radios lot three,active,2000000,RWF,allowed
0.releases.1163.tender.lots.3,0.releases.1163,0,4,News paper and Magazine lot four,News paper and Magazine lot four,active,2000000,RWF,allowed
0.releases.1163.tender.lots.4,0.releases.1163,0,5,On line Media services Lot 5,On line Media services Lot 5,active,2000000,RWF,allowed
0.releases.1163.tender.lots.5,0.releases.1163,0,6,Live streaming services lot 6,Live streaming services lot 6,active,1000000,RWF,allowed
0.releases.1164.tender.lots.0,0.releases.1164,0,1,refreshment products ,,active,6000000,RWF,allowed
0.releases.1165.tender.lots.0,0.releases.1165,0,1,TV services Lot one,TV services Lot one,active,3000000,RWF,allowed
0.releases.1165.tender.lots.1,0.releases.1165,0,2,Radio services Lot two,Radio services Lot two,active,2000000,RWF,allowed
0.releases.1165.tender.lots.2,0.releases.1165,0,3,Community radios lot three,Community radios lot three,active,2000000,RWF,allowed
0.releases.1165.tender.lots.3,0.releases.1165,0,4,News paper and Magazine lot four,News paper and Magazine lot four,active,2000000,RWF,allowed
0.releases.1165.tender.lots.4,0.releases.1165,0,5,On line Media services Lot 5,On line Media services Lot 5,active,2000000,RWF,allowed
0.releases.1165.tender.lots.5,0.releases.1165,0,6,Live streaming services lot 6,Live streaming services lot 6,active,1000000,RWF,allowed
0.releases.1166.tender.lots.0,0.releases.1166,0,1,TV services Lot one,TV services Lot one,active,3000000,RWF,allowed
0.releases.1166.tender.lots.1,0.releases.1166,0,2,Radio services Lot two,Radio services Lot two,active,2000000,RWF,allowed
0.releases.1166.tender.lots.2,0.releases.1166,0,3,Community radios lot three,Community radios lot three,active,2000000,RWF,allowed
0.releases.1166.tender.lots.3,0.releases.1166,0,4,News paper and Magazine lot four,News paper and Magazine lot four,active,2000000,RWF,allowed
0.releases.1166.tender.lots.4,0.releases.1166,0,5,On line Media services Lot 5,On line Media services Lot 5,active,2000000,RWF,allowed
0.releases.1166.tender.lots.5,0.releases.1166,0,6,Live streaming services lot 6,Live streaming services lot 6,active,1000000,RWF,allowed
0.releases.1168.tender.lots.0,0.releases.1168,0,1,Supply of pregnant heifers One Cow Per Poor  Family Program,,active,27500000,RWF,allowed
0.releases.1169.tender.lots.0,0.releases.1169,0,1,TV services Lot one,TV services Lot one,active,3000000,RWF,allowed
0.releases.1169.tender.lots.1,0.releases.1169,0,2,Radio services Lot two,Radio services Lot two,active,2000000,RWF,allowed
0.releases.1169.tender.lots.2,0.releases.1169,0,3,Community radios lot three,Community radios lot three,active,2000000,RWF,allowed
0.releases.1169.tender.lots.3,0.releases.1169,0,4,News paper and Magazine lot four,News paper and Magazine lot four,active,2000000,RWF,allowed
0.releases.1169.tender.lots.4,0.releases.1169,0,5,On line Media services Lot 5,On line Media services Lot 5,active,2000000,RWF,allowed
0.releases.1169.tender.lots.5,0.releases.1169,0,6,Live streaming services lot 6,Live streaming services lot 6,active,1000000,RWF,allowed
0.releases.1170.tender.lots.0,0.releases.1170,0,1,TV services Lot one,TV services Lot one,active,3000000,RWF,allowed
0.releases.1170.tender.lots.1,0.releases.1170,0,2,Radio services Lot two,Radio services Lot two,active,2000000,RWF,allowed
0.releases.1170.tender.lots.2,0.releases.1170,0,3,Community radios lot three,Community radios lot three,active,2000000,RWF,allowed
0.releases.1170.tender.lots.3,0.releases.1170,0,4,News paper and Magazine lot four,News paper and Magazine lot four,active,2000000,RWF,allowed
0.releases.1170.tender.lots.4,0.releases.1170,0,5,On line Media services Lot 5,On line Media services Lot 5,active,2000000,RWF,allowed
0.releases.1170.tender.lots.5,0.releases.1170,0,6,Live streaming services lot 6,Live streaming services lot 6,active,1000000,RWF,allowed
0.releases.1171.tender.lots.0,0.releases.1171,0,1,TV services Lot one,TV services Lot one,active,3000000,RWF,allowed
0.releases.1171.tender.lots.1,0.releases.1171,0,2,Radio services Lot two,Radio services Lot two,active,2000000,RWF,allowed
0.releases.1171.tender.lots.2,0.releases.1171,0,3,Community radios lot three,Community radios lot three,active,2000000,RWF,allowed
0.releases.1171.tender.lots.3,0.releases.1171,0,4,News paper and Magazine lot four,News paper and Magazine lot four,active,2000000,RWF,allowed
0.releases.1171.tender.lots.4,0.releases.1171,0,5,On line Media services Lot 5,On line Media services Lot 5,active,2000000,RWF,allowed
0.releases.1171.tender.lots.5,0.releases.1171,0,6,Live streaming services lot 6,Live streaming services lot 6,active,1000000,RWF,allowed
0.releases.1172.tender.lots.0,0.releases.1172,0,1,TV services Lot one,TV services Lot one,active,3000000,RWF,allowed
0.releases.1172.tender.lots.1,0.releases.1172,0,2,Radio services Lot two,Radio services Lot two,active,2000000,RWF,allowed
0.releases.1172.tender.lots.2,0.releases.1172,0,3,Community radios lot three,Community radios lot three,active,2000000,RWF,allowed
0.releases.1172.tender.lots.3,0.releases.1172,0,4,News paper and Magazine lot four,News paper and Magazine lot four,active,2000000,RWF,allowed
0.releases.1172.tender.lots.4,0.releases.1172,0,5,On line Media services Lot 5,On line Media services Lot 5,active,2000000,RWF,allowed
0.releases.1172.tender.lots.5,0.releases.1172,0,6,Live streaming services lot 6,Live streaming services lot 6,active,1000000,RWF,allowed
0.releases.1173.tender.lots.0,0.releases.1173,0,1,TV services Lot one,TV services Lot one,active,3000000,RWF,allowed
0.releases.1173.tender.lots.1,0.releases.1173,0,2,Radio services Lot two,Radio services Lot two,active,2000000,RWF,allowed
0.releases.1173.tender.lots.2,0.releases.1173,0,3,Community radios lot three,Community radios lot three,active,2000000,RWF,allowed
0.releases.1173.tender.lots.3,0.releases.1173,0,4,News paper and Magazine lot four,News paper and Magazine lot four,active,2000000,RWF,allowed
0.releases.1173.tender.lots.4,0.releases.1173,0,5,On line Media services Lot 5,On line Media services Lot 5,active,2000000,RWF,allowed
0.releases.1173.tender.lots.5,0.releases.1173,0,6,Live streaming services lot 6,Live streaming services lot 6,active,1000000,RWF,allowed
0.releases.1174.tender.lots.0,0.releases.1174,0,1,Supply and delivery of Mechanical Training Materials at Ngarama Rehabilitation Center ,,active,8114771,RWF,allowed
0.releases.1174.tender.lots.1,0.releases.1174,0,2,Supply and delivery Hairdressing Training Materials at Ngarama Rehabilitation Center,,active,4055149,RWF,allowed
0.releases.1174.tender.lots.2,0.releases.1174,0,1,Supply and delivery of Mechanical Training Materials at Ngarama Rehabilitation Center ,,active,8114771,RWF,allowed
0.releases.1174.tender.lots.3,0.releases.1174,0,2,Supply and delivery Hairdressing Training Materials at Ngarama Rehabilitation Center,,active,4055149,RWF,allowed
0.releases.1175.tender.lots.0,0.releases.1175,0,1,Provision of codification service,Provision of codification service,active,21000000,RWF,allowed
0.releases.1176.tender.lots.0,0.releases.1176,0,1,SERVICE OF PURCHASE OF FUEL OF NGOMA DISTRICT,,active,28500000,RWF,allowed
0.releases.1178.tender.lots.0,0.releases.1178,0,1,Transport of NCPD Staff in Kigali,Transport of NCPD Staff in Kigali,active,2500000,RWF,allowed
0.releases.1179.tender.lots.0,0.releases.1179,0,1,Supply of Refreshments to NCPD,,active,4500000,RWF,allowed
0.releases.1180.tender.lots.0,0.releases.1180,0,1,Consultancy Services for Supervision of Execution Works of Periodic Maintenance of Huye- Kibeho-Ndago-Munini & Ndago-Ngoma (68.219Km) Paved Road,Consultancy Services for Supervision of Execution Works of Periodic Maintenance of Huye- Kibeho-Ndago-Munini & Ndago-Ngoma (68.219Km) Paved Road,active,154849694,RWF,allowed
0.releases.1180.tender.lots.1,0.releases.1180,0,1,LotNo1,,active,,,allowed
0.releases.1182.tender.lots.0,0.releases.1182,0,1,Hotel services (3 star),Hotel services (3 star),active,42166667,RWF,allowed
0.releases.1182.tender.lots.1,0.releases.1182,0,2,Hotels services (Town hotel),Hotels services (Town hotel),active,42166667,RWF,allowed
0.releases.1182.tender.lots.2,0.releases.1182,0,3,Motel services,Motel services,active,42166666,RWF,allowed
0.releases.1183.tender.lots.0,0.releases.1183,0,1,PLUMBING DEVICES  ,,active,12000000,RWF,allowed
0.releases.1183.tender.lots.1,0.releases.1183,0,2,Supply and Install Backup Water Pump and Related Accessories,,active,21060000,RWF,allowed
0.releases.1183.tender.lots.2,0.releases.1183,0,1,PLUMBING DEVICES  ,,active,12000000,RWF,allowed
0.releases.1183.tender.lots.3,0.releases.1183,0,2,Supply and Install Backup Water Pump and Related Accessories,,active,21060000,RWF,allowed
0.releases.1184.tender.lots.0,0.releases.1184,0,1,"Provision of online media services on on RSB Standardization, Metrology and conformity assessment services (Framework) (Re-advertised).","Advertising in Kinyarwanda, online media services",active,3000000,RWF,allowed
0.releases.1184.tender.lots.1,0.releases.1184,0,2,"Provision of online media services on on RSB Standardization, Metrology and conformity assessment services (Framework) (Re-advertised).","Advertising in English, online media services",active,5000000,RWF,allowed
0.releases.1185.tender.lots.0,0.releases.1185,0,1,Supply of Refreshment to Nyabihu District,,active,18000000,RWF,allowed
0.releases.1186.tender.lots.0,0.releases.1186,0,1,Supply of Refreshment to Nyabihu District,,active,18000000,RWF,allowed
0.releases.1187.tender.lots.0,0.releases.1187,0,1,Rehabilitation of non-functional rural water supply systems in Gakenke District.,Rehabilitation of non-functional rural water supply systems in Gakenke District.,active,1058429058,RWF,allowed
0.releases.1189.tender.lots.0,0.releases.1189,0,1,Supply of Refreshment to Nyabihu District,,active,18000000,RWF,allowed
0.releases.1190.tender.lots.0,0.releases.1190,0,1,Request for quotations for  maintenance and repair HEC's assets,Request for quotations for  maintenance and repair HEC's assets,active,5000000,RWF,allowed
0.releases.1190.tender.lots.1,0.releases.1190,0,1,Request for quotations for  maintenance and repair HEC's assets,Request for quotations for  maintenance and repair HEC's assets,active,5000000,RWF,allowed
0.releases.1191.tender.lots.0,0.releases.1191,0,1,"Supply of construction materials, which includes the installation of electrical equipment and water tanks in schools of Gasabo District",,active,39041627,RWF,allowed
0.releases.1191.tender.lots.1,0.releases.1191,0,2,"Supply of construction materials, which includes the installation of electrical equipment and water tanks in schools of Kicukiro District",,active,52055503,RWF,allowed
0.releases.1191.tender.lots.2,0.releases.1191,0,3,"Supply of construction materials, which includes the installation of electrical equipment and water tanks in schools of Nyarugenge District",,active,115414043,RWF,allowed
0.releases.1191.tender.lots.3,0.releases.1191,0,1,"Supply of construction materials, which includes the installation of electrical equipment and water tanks in schools of Gasabo District",,active,39041627,RWF,allowed
0.releases.1191.tender.lots.4,0.releases.1191,0,2,"Supply of construction materials, which includes the installation of electrical equipment and water tanks in schools of Kicukiro District",,active,52055503,RWF,allowed
0.releases.1191.tender.lots.5,0.releases.1191,0,3,"Supply of construction materials, which includes the installation of electrical equipment and water tanks in schools of Nyarugenge District",,active,115414043,RWF,allowed
0.releases.1193.tender.lots.0,0.releases.1193,0,1,"Tender  for the Purchase of office furniture (Desks, chairs,..) for KISUP team",,active,20000012,RWF,allowed
0.releases.1194.tender.lots.0,0.releases.1194,0,1,"Provision of online media services on on RSB Standardization, Metrology and conformity assessment services (Framework) (Re-advertised).","Advertising in Kinyarwanda, online media services",active,3000000,RWF,allowed
0.releases.1194.tender.lots.1,0.releases.1194,0,2,"Provision of online media services on on RSB Standardization, Metrology and conformity assessment services (Framework) (Re-advertised).","Advertising in English, online media services",active,5000000,RWF,allowed
0.releases.1195.tender.lots.0,0.releases.1195,0,1,Supply of Branding and Promotional materials under framework Contract,,active,13523100,RWF,allowed
0.releases.1196.tender.lots.0,0.releases.1196,0,1,"Consultancy Services for Supervision of Urgent Works of Rehabilitation/Repair of Selected Damaged Unpaved Roads in Nyabihu, Musanze & Muhanga Districts, Rwanda.","Consultancy Services for Supervision of Urgent Works of Rehabilitation/Repair of Selected Damaged Unpaved Roads in Nyabihu, Musanze & Muhanga Districts, Rwanda.",active,775503083,RWF,allowed
0.releases.1197.tender.lots.0,0.releases.1197,0,1,Maintenance and Rehabilitation of electricity infrastructures,Maintenance and Rehabilitation of electricity infrastructures,active,8000000,RWF,allowed
0.releases.1197.tender.lots.1,0.releases.1197,0,1,Maintenance and Rehabilitation of electricity infrastructures,Maintenance and Rehabilitation of electricity infrastructures,active,8000000,RWF,allowed
0.releases.1198.tender.lots.0,0.releases.1198,0,1,Supply of Foodstuff (Porridge) for HBECD Gisagara District,,active,60791716,RWF,allowed
0.releases.1198.tender.lots.1,0.releases.1198,0,1,Supply of Foodstuff (Porridge) for HBECD Gisagara District,,active,60791716,RWF,allowed
0.releases.1199.tender.lots.0,0.releases.1199,0,1,Vaccination and Insemination of Animals in Ngoma District.,Classification,active,64835020,RWF,allowed
0.releases.1200.tender.lots.0,0.releases.1200,0,1,Consultancy services for supervision of Construction works to upgrade GS Uwinkomo and TTC Mbuga in Nyamagabe District,Supervision,active,94299521,RWF,allowed
0.releases.1200.tender.lots.1,0.releases.1200,0,1,LotNo1,,active,,,allowed
0.releases.1201.tender.lots.0,0.releases.1201,0,1,Consultancy services for supervision of Construction works to upgrade GS Uwinkomo and TTC Mbuga in Nyamagabe District,Supervision,active,94299521,RWF,allowed
0.releases.1201.tender.lots.1,0.releases.1201,0,1,LotNo1,,active,,,allowed
0.releases.1203.tender.lots.0,0.releases.1203,0,1,Provision of Codification Services to RTB Assets and Equipment,Provision of Codification Services to RTB Assets and Equipment,active,2500000,RWF,allowed
0.releases.1204.tender.lots.0,0.releases.1204,0,1,SERVICE OF PURCHASE OF FUEL OF NGOMA DISTRICT,,active,28500000,RWF,allowed
0.releases.1205.tender.lots.0,0.releases.1205,0,1,Construction works of Canteen and Kitchen at Nyamasheke Correctional Facility,Construction works,active,498340635,RWF,allowed
0.releases.1206.tender.lots.0,0.releases.1206,0,1,Framework contract for Provision of security services for REMA,Framework contract for Provision of security services for REMA,active,16000000,RWF,allowed
0.releases.1207.tender.lots.0,0.releases.1207,0,1,ANIMAL INSEMINATION AND VACCINATION CAMPAIGN THROUGH VETERINARY SANITARY MANDATE,ANIMAL INSEMINATION AND VACCINATION CAMPAIGN THROUGH VETERINARY SANITARY MANDATE,active,82058403,RWF,allowed
0.releases.1207.tender.lots.1,0.releases.1207,0,1,ANIMAL INSEMINATION AND VACCINATION CAMPAIGN THROUGH VETERINARY SANITARY MANDATE,ANIMAL INSEMINATION AND VACCINATION CAMPAIGN THROUGH VETERINARY SANITARY MANDATE,active,82058403,RWF,allowed
0.releases.1207.tender.lots.2,0.releases.1207,0,1,ANIMAL INSEMINATION AND VACCINATION CAMPAIGN THROUGH VETERINARY SANITARY MANDATE,ANIMAL INSEMINATION AND VACCINATION CAMPAIGN THROUGH VETERINARY SANITARY MANDATE,active,82058403,RWF,allowed
0.releases.1207.tender.lots.3,0.releases.1207,0,1,ANIMAL INSEMINATION AND VACCINATION CAMPAIGN THROUGH VETERINARY SANITARY MANDATE,ANIMAL INSEMINATION AND VACCINATION CAMPAIGN THROUGH VETERINARY SANITARY MANDATE,active,82058403,RWF,allowed
0.releases.1208.tender.lots.0,0.releases.1208,0,1,"Lot 1 Hotel provision  of reception services of Burera District during meeting, training, workshop and other events under framework agreement",LOT1 Hotel,active,35000000,RWF,allowed
0.releases.1208.tender.lots.1,0.releases.1208,0,2,"Lot 2 Motel provision  of reception services of Burera District during meeting, training, workshop and other events under framework agreement",Lot 2 Motel,active,30000000,RWF,allowed
0.releases.1209.tender.lots.0,0.releases.1209,0,1,Consultancy services for Proficiency Testing,Consultancy services for Proficiency Testing,active,7000000,RWF,allowed
0.releases.1210.tender.lots.0,0.releases.1210,0,1,"Lot 1 Hotel provision  of reception services of Burera District during meeting, training, workshop and other events under framework agreement",LOT1 Hotel,active,35000000,RWF,allowed
0.releases.1210.tender.lots.1,0.releases.1210,0,2,"Lot 2 Motel provision  of reception services of Burera District during meeting, training, workshop and other events under framework agreement",Lot 2 Motel,active,30000000,RWF,allowed
0.releases.1211.tender.lots.0,0.releases.1211,0,1,"Lot 1 Hotel provision  of reception services of Burera District during meeting, training, workshop and other events under framework agreement",LOT1 Hotel,active,35000000,RWF,allowed
0.releases.1211.tender.lots.1,0.releases.1211,0,2,"Lot 2 Motel provision  of reception services of Burera District during meeting, training, workshop and other events under framework agreement",Lot 2 Motel,active,30000000,RWF,allowed
0.releases.1212.tender.lots.0,0.releases.1212,0,1,"Lot 1 Hotel provision  of reception services of Burera District during meeting, training, workshop and other events under framework agreement",LOT1 Hotel,active,35000000,RWF,allowed
0.releases.1212.tender.lots.1,0.releases.1212,0,2,"Lot 2 Motel provision  of reception services of Burera District during meeting, training, workshop and other events under framework agreement",Lot 2 Motel,active,30000000,RWF,allowed
0.releases.1213.tender.lots.0,0.releases.1213,0,1,Supply and installation of electrical cable,,active,35000000,RWF,allowed
0.releases.1213.tender.lots.1,0.releases.1213,0,1,Supply and installation of electrical cable,,active,35000000,RWF,allowed
0.releases.1214.tender.lots.0,0.releases.1214,0,1,Provide communication facilities to Abunzi ( CUG),Provide communication facilities to Abunzi ( CUG),active,204367800,RWF,allowed
0.releases.1215.tender.lots.0,0.releases.1215,0,1,Supply of Foodstuff (Porridge) for HBECD Gisagara District,,active,60791716,RWF,allowed
0.releases.1215.tender.lots.1,0.releases.1215,0,1,Supply of Foodstuff (Porridge) for HBECD Gisagara District,,active,60791716,RWF,allowed
0.releases.1216.tender.lots.0,0.releases.1216,0,1,Vaccination campaigns of animals against economically important and zoonotic diseases ,,active,44527200,RWF,allowed
0.releases.1216.tender.lots.1,0.releases.1216,0,2,Artificial Insemination Calf born Registration,,active,4404834,RWF,allowed
0.releases.1216.tender.lots.2,0.releases.1216,0,3,Pregnant diagnosis of inseminated cows (PD),,active,14641317,RWF,allowed
0.releases.1216.tender.lots.3,0.releases.1216,0,4,Mobilization and enrollment of farmers (cattle &pigs) into Agriculture insurance scheme,,active,38902821,RWF,allowed
0.releases.1216.tender.lots.4,0.releases.1216,0,5,Diagnosis and treatment of animal diseases and Bovine artificial insemination,,active,1,RWF,allowed
0.releases.1216.tender.lots.5,0.releases.1216,0,6,Extension and advisory services to farmers,,active,1,RWF,allowed
0.releases.1216.tender.lots.6,0.releases.1216,0,7,"Hygiene and quality of animal products (Meat, milk, eggs, honey, fish, hides & skins)",,active,1,RWF,allowed
0.releases.1217.tender.lots.0,0.releases.1217,0,1,Vaccination campaigns of animals against economically important and zoonotic diseases ,,active,44527200,RWF,allowed
0.releases.1217.tender.lots.1,0.releases.1217,0,2,Artificial Insemination Calf born Registration,,active,4404834,RWF,allowed
0.releases.1217.tender.lots.2,0.releases.1217,0,3,Pregnant diagnosis of inseminated cows (PD),,active,14641317,RWF,allowed
0.releases.1217.tender.lots.3,0.releases.1217,0,4,Mobilization and enrollment of farmers (cattle &pigs) into Agriculture insurance scheme,,active,38902821,RWF,allowed
0.releases.1217.tender.lots.4,0.releases.1217,0,5,Diagnosis and treatment of animal diseases and Bovine artificial insemination,,active,1,RWF,allowed
0.releases.1217.tender.lots.5,0.releases.1217,0,6,Extension and advisory services to farmers,,active,1,RWF,allowed
0.releases.1217.tender.lots.6,0.releases.1217,0,7,"Hygiene and quality of animal products (Meat, milk, eggs, honey, fish, hides & skins)",,active,1,RWF,allowed
0.releases.1218.tender.lots.0,0.releases.1218,0,1,"Acquisition of Office equipment, furniture and fittings for RCS Headquarters and all CFs",,active,28900000,RWF,allowed
0.releases.1219.tender.lots.0,0.releases.1219,0,1,"Consultancy Services for Supervision of Urgent Works of Rehabilitation/Repair of Selected Damaged Unpaved Roads in Nyanza, Gisagara, Ruhango and Kamonyi districts in Rwanda.","Consultancy Services for Supervision of Urgent Works of Rehabilitation/Repair of Selected Damaged Unpaved Roads in Nyanza, Gisagara, Ruhango and Kamonyi districts in Rwanda.",active,778492736,RWF,allowed
0.releases.1220.tender.lots.0,0.releases.1220,0,1,"Supply of construction materials, which includes the installation of electrical equipment and water tanks in schools of Gasabo District",,active,39041627,RWF,allowed
0.releases.1220.tender.lots.1,0.releases.1220,0,2,"Supply of construction materials, which includes the installation of electrical equipment and water tanks in schools of Kicukiro District",,active,52055503,RWF,allowed
0.releases.1220.tender.lots.2,0.releases.1220,0,3,"Supply of construction materials, which includes the installation of electrical equipment and water tanks in schools of Nyarugenge District",,active,115414043,RWF,allowed
0.releases.1220.tender.lots.3,0.releases.1220,0,1,"Supply of construction materials, which includes the installation of electrical equipment and water tanks in schools of Gasabo District",,active,39041627,RWF,allowed
0.releases.1220.tender.lots.4,0.releases.1220,0,2,"Supply of construction materials, which includes the installation of electrical equipment and water tanks in schools of Kicukiro District",,active,52055503,RWF,allowed
0.releases.1220.tender.lots.5,0.releases.1220,0,3,"Supply of construction materials, which includes the installation of electrical equipment and water tanks in schools of Nyarugenge District",,active,115414043,RWF,allowed
0.releases.1221.tender.lots.0,0.releases.1221,0,1,LotNo1,,active,,,allowed
0.releases.1221.tender.lots.1,0.releases.1221,0,1,LotNo1,,active,,,allowed
0.releases.1222.tender.lots.0,0.releases.1222,0,1,LotNo1,,active,,,allowed
0.releases.1222.tender.lots.1,0.releases.1222,0,1,LotNo1,,active,,,allowed
0.releases.1223.tender.lots.0,0.releases.1223,0,1,Production of Knowledge Management and Communication services in English,communication services in English,active,23391000,RWF,allowed
0.releases.1223.tender.lots.1,0.releases.1223,0,2,Production of Knowledge Management and Communication services in Kinyarwanda and French,communication services in Kinyarwanda and French,active,23391000,RWF,allowed
0.releases.1223.tender.lots.2,0.releases.1223,0,3,Hiring a consultancy company for audio-visual production and airtime services,Visual production and airtime services,active,23391000,RWF,allowed
0.releases.1224.tender.lots.0,0.releases.1224,0,1,Supply of Construction Materials to be used to maintain hospital infrastructure under framework agreements re adverts,,active,20000000,RWF,allowed
0.releases.1225.tender.lots.0,0.releases.1225,0,1,Maintenance and Repairs of Vehicles and Motorbikes,Maintenance and Repairs of Vehicles and Motorbikes,active,105406108,RWF,allowed
0.releases.1226.tender.lots.0,0.releases.1226,0,1,Supply of Construction Materials to be used to maintain hospital infrastructure under framework agreements re adverts,,active,20000000,RWF,allowed
0.releases.1227.tender.lots.0,0.releases.1227,0,1,Hiring a cunsultant to provide international legal services and representation to the Government of Rwanda UK case,Hiring a cunsultant to provide international legal services and representation to the Government of Rwanda UK case,active,450000000,RWF,allowed
0.releases.1228.tender.lots.0,0.releases.1228,0,1,Provision of Sport services,Sport facilities ,active,2000000,RWF,allowed
0.releases.1229.tender.lots.0,0.releases.1229,0,1,Acquisition of Furniture (Re-advertised),,active,5000000,RWF,allowed
0.releases.1231.tender.lots.0,0.releases.1231,0,1,Acquisition of hygienic Materials for RCS Training School,,active,17800000,RWF,allowed
0.releases.1232.tender.lots.0,0.releases.1232,0,1,Acquisition of laboratory equipment for Correctional facilities health centers,,active,52847503,RWF,allowed
0.releases.1233.tender.lots.0,0.releases.1233,0,1,Acquisition of foodstuff for trainees and trainers at RCS training school,,active,132095000,RWF,allowed
0.releases.1234.tender.lots.0,0.releases.1234,0,1,"Acquisition of curtain Nyarugenge CF, Nyamasheke CF and Nyamagabe CF",,active,11170000,RWF,allowed
0.releases.1235.tender.lots.0,0.releases.1235,0,1,Provision of Audio visual production services,Provision of Audio visual production services,active,2400000,RWF,allowed
0.releases.1236.tender.lots.0,0.releases.1236,0,1,Acquisition of Furniture (Re-advertised),,active,5000000,RWF,allowed
0.releases.1237.tender.lots.0,0.releases.1237,0,1,Acquisition of water pump for RCS Headquarters,,active,12000000,RWF,allowed
0.releases.1238.tender.lots.0,0.releases.1238,0,1,LotNo1,,active,,,allowed
0.releases.1239.tender.lots.0,0.releases.1239,0,1,LotNo1,,active,,,allowed
0.releases.1240.tender.lots.0,0.releases.1240,0,1,Acquisition of raw materials for fabrication of sauce pan,,active,9868000,RWF,allowed
0.releases.1241.tender.lots.0,0.releases.1241,0,1,Hiring Consultancy Firm to carry out valuation of properties to be affected by various RTDA Transport Projects under a framework contract,Hiring Consultancy Firm to carry out valuation of properties to be affected by various RTDA Transport Projects under a framework contract(LOT1),active,1,RWF,allowed
0.releases.1241.tender.lots.1,0.releases.1241,0,2,Hiring Consultancy Firm to carry out valuation of properties to be affected by various RTDA Transport Projects under a framework contract,Hiring Consultancy Firm to carry out valuation of properties to be affected by various RTDA Transport Projects under a framework contract(LOT2),active,1,RWF,allowed
0.releases.1241.tender.lots.2,0.releases.1241,0,3,Hiring Consultancy Firm to carry out valuation of properties to be affected by various RTDA Transport Projects under a framework contract,Hiring Consultancy Firm to carry out valuation of properties to be affected by various RTDA Transport Projects under a framework contract(LOT3),active,1,RWF,allowed
0.releases.1241.tender.lots.3,0.releases.1241,0,1,LotNo1,,active,,,allowed
0.releases.1242.tender.lots.0,0.releases.1242,0,1,Hiring Consultancy Firm to carry out valuation of properties to be affected by various RTDA Transport Projects under a framework contract,Hiring Consultancy Firm to carry out valuation of properties to be affected by various RTDA Transport Projects under a framework contract(LOT1),active,1,RWF,allowed
0.releases.1242.tender.lots.1,0.releases.1242,0,2,Hiring Consultancy Firm to carry out valuation of properties to be affected by various RTDA Transport Projects under a framework contract,Hiring Consultancy Firm to carry out valuation of properties to be affected by various RTDA Transport Projects under a framework contract(LOT2),active,1,RWF,allowed
0.releases.1242.tender.lots.2,0.releases.1242,0,3,Hiring Consultancy Firm to carry out valuation of properties to be affected by various RTDA Transport Projects under a framework contract,Hiring Consultancy Firm to carry out valuation of properties to be affected by various RTDA Transport Projects under a framework contract(LOT3),active,1,RWF,allowed
0.releases.1242.tender.lots.3,0.releases.1242,0,1,LotNo1,,active,,,allowed
0.releases.1243.tender.lots.0,0.releases.1243,0,2,Lot 2: SUPPLY OF DIFFERENT EQUIPMENT FOR MINUSCA/UNMISS FPUs,,active,40750000,RWF,allowed
0.releases.1243.tender.lots.1,0.releases.1243,0,5,SUPPLY OF ELECTRICAL AND CONSTRUCTION MATERIALS,,active,68127000,RWF,allowed
0.releases.1243.tender.lots.2,0.releases.1243,0,3,SUPPLY OF REEFER CONTAINER,,active,130000000,RWF,allowed
0.releases.1243.tender.lots.3,0.releases.1243,0,1,SUPPLY OF GENERATORS (STATIONARY AND MOBILE),,active,309300000,RWF,allowed
0.releases.1243.tender.lots.4,0.releases.1243,0,5,SUPPLY OF ELECTRICAL AND CONSTRUCTION MATERIALS,,active,68127000,RWF,allowed
0.releases.1243.tender.lots.5,0.releases.1243,0,4,SUPPLY OF GYM EQUIPMENT,,active,93960000,RWF,allowed
0.releases.1243.tender.lots.6,0.releases.1243,0,2,Lot 2: SUPPLY OF DIFFERENT EQUIPMENT FOR MINUSCA/UNMISS FPUs,,active,40750000,RWF,allowed
0.releases.1245.tender.lots.0,0.releases.1245,0,1,"Supply of construction materials, which includes the installation of electrical equipment and water tanks in schools of Gasabo District",,active,39041627,RWF,allowed
0.releases.1245.tender.lots.1,0.releases.1245,0,2,"Supply of construction materials, which includes the installation of electrical equipment and water tanks in schools of Kicukiro District",,active,52055503,RWF,allowed
0.releases.1245.tender.lots.2,0.releases.1245,0,3,"Supply of construction materials, which includes the installation of electrical equipment and water tanks in schools of Nyarugenge District",,active,115414043,RWF,allowed
0.releases.1245.tender.lots.3,0.releases.1245,0,1,"Supply of construction materials, which includes the installation of electrical equipment and water tanks in schools of Gasabo District",,active,39041627,RWF,allowed
0.releases.1245.tender.lots.4,0.releases.1245,0,2,"Supply of construction materials, which includes the installation of electrical equipment and water tanks in schools of Kicukiro District",,active,52055503,RWF,allowed
0.releases.1245.tender.lots.5,0.releases.1245,0,3,"Supply of construction materials, which includes the installation of electrical equipment and water tanks in schools of Nyarugenge District",,active,115414043,RWF,allowed
0.releases.1246.tender.lots.0,0.releases.1246,0,1,"Supply of construction materials, which includes the installation of electrical equipment and water tanks in schools of Gasabo District",,active,39041627,RWF,allowed
0.releases.1246.tender.lots.1,0.releases.1246,0,2,"Supply of construction materials, which includes the installation of electrical equipment and water tanks in schools of Kicukiro District",,active,52055503,RWF,allowed
0.releases.1246.tender.lots.2,0.releases.1246,0,3,"Supply of construction materials, which includes the installation of electrical equipment and water tanks in schools of Nyarugenge District",,active,115414043,RWF,allowed
0.releases.1246.tender.lots.3,0.releases.1246,0,1,"Supply of construction materials, which includes the installation of electrical equipment and water tanks in schools of Gasabo District",,active,39041627,RWF,allowed
0.releases.1246.tender.lots.4,0.releases.1246,0,2,"Supply of construction materials, which includes the installation of electrical equipment and water tanks in schools of Kicukiro District",,active,52055503,RWF,allowed
0.releases.1246.tender.lots.5,0.releases.1246,0,3,"Supply of construction materials, which includes the installation of electrical equipment and water tanks in schools of Nyarugenge District",,active,115414043,RWF,allowed
0.releases.1247.tender.lots.0,0.releases.1247,0,1,"Provision of hotel services (hiring of conference halls, workshops, trainings, accommodations, restaurants and receptions outside of Kigali (framework contract)","Provision of hotel services (hiring of conference halls, workshops, trainings, accommodations, restaurants and receptions outside of Kigali (framework contract)",active,18000000,RWF,allowed
0.releases.1247.tender.lots.1,0.releases.1247,0,1,"Provision of hotel services (hiring of conference halls, workshops, trainings, accommodations, restaurants and receptions outside of Kigali (framework contract)","Provision of hotel services (hiring of conference halls, workshops, trainings, accommodations, restaurants and receptions outside of Kigali (framework contract)",active,18000000,RWF,allowed
0.releases.1248.tender.lots.0,0.releases.1248,0,1,"Refiling, Supply and Repair Fire extinguisher ",,active,15000000,RWF,allowed
0.releases.1249.tender.lots.0,0.releases.1249,0,1,Tender for hiring  furnished tents  and generators at District level  ( framework ),Hiring of  furnished tents,active,316000000,RWF,allowed
0.releases.1249.tender.lots.1,0.releases.1249,0,2,Tender for hiring  furnished tents  and generators at District level  ( framework ),Hiring of Generators,active,100000000,RWF,allowed
0.releases.1249.tender.lots.2,0.releases.1249,0,1,Tender for hiring  furnished tents  and generators at District level  ( framework ),Hiring of  furnished tents,active,316000000,RWF,allowed
0.releases.1249.tender.lots.3,0.releases.1249,0,1,Tender for hiring  furnished tents  and generators at District level  ( framework ),Hiring of  furnished tents,active,316000000,RWF,allowed
0.releases.1249.tender.lots.4,0.releases.1249,0,2,Tender for hiring  furnished tents  and generators at District level  ( framework ),Hiring of Generators,active,100000000,RWF,allowed
0.releases.1250.tender.lots.0,0.releases.1250,0,1,UPPLY AND INSTALLATION OF NETWORK EQUIPMENT AND DEVICES ( FRAMEWORK CONTRACT),,active,220000000,RWF,allowed
0.releases.1251.tender.lots.0,0.releases.1251,0,1,"Acquisition of Office equipment, furniture and fittings for RCS Headquarters and all CFs",,active,28900000,RWF,allowed
0.releases.1252.tender.lots.0,0.releases.1252,0,1,Provision of Media Coverage and Communication services under framework Contract lot 1,Media Coverage ,active,4000000,RWF,allowed
0.releases.1252.tender.lots.1,0.releases.1252,0,1,Provision of Media Coverage and Communication services under framework Contract lot 1,Media Coverage ,active,4000000,RWF,allowed
0.releases.1252.tender.lots.2,0.releases.1252,0,2,Provision of Media Coverage and Communication services under framework Contract lot 2,Radio and TV coverage ,active,6000000,RWF,allowed
0.releases.1253.tender.lots.0,0.releases.1253,0,1,Provision of garage services for RP Karongi College Vehicles under framework Contract,Provision of garage services for RP Karongi College Vehicles under framework Contract,active,14987369,RWF,allowed
0.releases.1253.tender.lots.1,0.releases.1253,0,1,Provision of garage services for RP Karongi College Vehicles under framework Contract,Provision of garage services for RP Karongi College Vehicles under framework Contract,active,14987369,RWF,allowed
0.releases.1254.tender.lots.0,0.releases.1254,0,1,Providing cleaning services,Providing cleaning services,active,64800000,RWF,allowed
0.releases.1254.tender.lots.1,0.releases.1254,0,1,Providing cleaning services,Providing cleaning services,active,64800000,RWF,allowed
0.releases.1255.tender.lots.0,0.releases.1255,0,1,Provision of Maintenance and repair of vehicles in HUYE for RRA (Framework contract).,Provision of MaintenanProvision of Maintenance and repair of vehicles in HUYE for RRA (Framework contract).,active,7000000,RWF,allowed
0.releases.1257.tender.lots.0,0.releases.1257,0,1,Establishment of Framework agreement for Clearing Services-Retender 2,clearing  services,active,12673527,RWF,allowed
0.releases.1257.tender.lots.1,0.releases.1257,0,1,Establishment of Framework agreement for Clearing Services-Retender 2,clearing  services,active,12673527,RWF,allowed
0.releases.1258.tender.lots.0,0.releases.1258,0,1,Supply and installation of electrical cable,,active,35000000,RWF,allowed
0.releases.1258.tender.lots.1,0.releases.1258,0,1,Supply and installation of electrical cable,,active,35000000,RWF,allowed
0.releases.1259.tender.lots.0,0.releases.1259,0,1,CONSULTANCY SERVICES FOR IMPLEMENTING SMS GETAWAY IN RURA,IMPLEMENTING SMS GETAWAY,active,18000000,RWF,allowed
0.releases.1260.tender.lots.0,0.releases.1260,0,1,SUPPLY OF SPARE PARTS FOR INFRASTRUCTURE MAINTENANCE,,active,6000000,RWF,allowed
0.releases.1261.tender.lots.0,0.releases.1261,0,1,Recruitment of an Individual Consultant to support the development of a Virtual Property and Building Addressing System.,Recruitment of an Individual Consultant to support the development of a Virtual Property and Building Addressing System.,active,60000000,RWF,allowed
0.releases.1262.tender.lots.0,0.releases.1262,0,1,Construction of public pit latrines in hospitalisation,Buildings,active,10000000,RWF,allowed
0.releases.1262.tender.lots.1,0.releases.1262,0,1,Construction of public pit latrines in hospitalisation,Buildings,active,10000000,RWF,allowed
0.releases.1263.tender.lots.0,0.releases.1263,0,1,ANIMAL INSEMINATION AND VACCINATION CAMPAIGN THROUGH VETERINARY SANITARY MANDATE,ANIMAL INSEMINATION AND VACCINATION CAMPAIGN THROUGH VETERINARY SANITARY MANDATE,active,82058403,RWF,allowed
0.releases.1263.tender.lots.1,0.releases.1263,0,1,ANIMAL INSEMINATION AND VACCINATION CAMPAIGN THROUGH VETERINARY SANITARY MANDATE,ANIMAL INSEMINATION AND VACCINATION CAMPAIGN THROUGH VETERINARY SANITARY MANDATE,active,82058403,RWF,allowed
0.releases.1263.tender.lots.2,0.releases.1263,0,1,ANIMAL INSEMINATION AND VACCINATION CAMPAIGN THROUGH VETERINARY SANITARY MANDATE,ANIMAL INSEMINATION AND VACCINATION CAMPAIGN THROUGH VETERINARY SANITARY MANDATE,active,82058403,RWF,allowed
0.releases.1263.tender.lots.3,0.releases.1263,0,1,ANIMAL INSEMINATION AND VACCINATION CAMPAIGN THROUGH VETERINARY SANITARY MANDATE,ANIMAL INSEMINATION AND VACCINATION CAMPAIGN THROUGH VETERINARY SANITARY MANDATE,active,82058403,RWF,allowed
0.releases.1264.tender.lots.0,0.releases.1264,0,1,Tender For Cleaning Services of Public Places In Kinazi Sector,Tender For Cleaning Services of Public Places In Kinazi Sector,active,10000000,RWF,allowed
0.releases.1265.tender.lots.0,0.releases.1265,0,1,Tender For Cleaning Services of Public Places In Kinazi Sector,Tender For Cleaning Services of Public Places In Kinazi Sector,active,10000000,RWF,allowed
0.releases.1266.tender.lots.0,0.releases.1266,0,1,Provision of Audio visual production services,Provision of Audio visual production services,active,2400000,RWF,allowed
0.releases.1267.tender.lots.0,0.releases.1267,0,1,Supply of pigs,,active,89610000,RWF,allowed
0.releases.1268.tender.lots.0,0.releases.1268,0,1,Routine Maintenance of Roads and Bridges Infrastructures in Rulindo District,Routine Maintenance of Roads and Bridges Infrastructures in Rulindo District,active,300000000,RWF,allowed
0.releases.1269.tender.lots.0,0.releases.1269,0,1,Routine Maintenance of Roads and Bridges Infrastructures in Rulindo District,Routine Maintenance of Roads and Bridges Infrastructures in Rulindo District,active,300000000,RWF,allowed
0.releases.1270.tender.lots.0,0.releases.1270,0,1,Maintenance of Sound system,Maintenance of Sound system,active,3000000,RWF,allowed
0.releases.1271.tender.lots.0,0.releases.1271,0,1,Supply of ibiribwa by'Inyambo,,active,30000000,RWF,allowed
0.releases.1273.tender.lots.0,0.releases.1273,0,1,"Tender for greening, gardening and planting trees on demand","Tender for greening, gardening and planting trees on demand",active,80000000,RWF,allowed
0.releases.1274.tender.lots.0,0.releases.1274,0,1,Routine Maintenance of Roads and Bridges Infrastructures in Rulindo District,Routine Maintenance of Roads and Bridges Infrastructures in Rulindo District,active,300000000,RWF,allowed
0.releases.1275.tender.lots.0,0.releases.1275,0,1,Routine Maintenance of Roads and Bridges Infrastructures in Rulindo District,Routine Maintenance of Roads and Bridges Infrastructures in Rulindo District,active,300000000,RWF,allowed
0.releases.1276.tender.lots.0,0.releases.1276,0,1,Routine Maintenance of Roads and Bridges Infrastructures in Rulindo District,Routine Maintenance of Roads and Bridges Infrastructures in Rulindo District,active,300000000,RWF,allowed
0.releases.1278.tender.lots.0,0.releases.1278,0,1,Tender of purchase Mineral water for staff and others,,active,12456,RWF,allowed
0.releases.1280.tender.lots.0,0.releases.1280,0,1,"Hiring a Human Resource (HR) Firm for Talent Acquisition, HR Policy Development, Training and Development Services in a framework manner",Hiring a Human Resource (HR) Firm in line with TORs,active,34500000,RWF,allowed
0.releases.1281.tender.lots.0,0.releases.1281,0,1,Hiring a cunsultant to provide international legal services and representation to the Government of Rwanda UK case,Hiring a cunsultant to provide international legal services and representation to the Government of Rwanda UK case,active,450000000,RWF,allowed
0.releases.1282.tender.lots.0,0.releases.1282,0,1,Provide communication facilities to Abunzi ( CUG),Provide communication facilities to Abunzi ( CUG),active,204367800,RWF,allowed
0.releases.1283.tender.lots.0,0.releases.1283,0,1,"Hiring a Human Resource (HR) Firm for Talent Acquisition, HR Policy Development, Training and Development Services in a framework manner",Hiring a Human Resource (HR) Firm in line with TORs,active,34500000,RWF,allowed
0.releases.1284.tender.lots.0,0.releases.1284,0,1,Provide transport service for Gicumbi District staff,Provide transport service for Gicumbi District staff,active,260732307,RWF,allowed
0.releases.1285.tender.lots.0,0.releases.1285,0,1,PLUMBING DEVICES  ,,active,12000000,RWF,allowed
0.releases.1285.tender.lots.1,0.releases.1285,0,2,Supply and Install Backup Water Pump and Related Accessories,,active,21060000,RWF,allowed
0.releases.1285.tender.lots.2,0.releases.1285,0,1,PLUMBING DEVICES  ,,active,12000000,RWF,allowed
0.releases.1285.tender.lots.3,0.releases.1285,0,2,Supply and Install Backup Water Pump and Related Accessories,,active,21060000,RWF,allowed
0.releases.1286.tender.lots.0,0.releases.1286,0,1,Routine Maintenance of Roads and Bridges Infrastructures in Rulindo District,Routine Maintenance of Roads and Bridges Infrastructures in Rulindo District,active,300000000,RWF,allowed
0.releases.1292.tender.lots.0,0.releases.1292,0,1,Provision of Hotel services (3 stars) under framework contract ,Provision of Hotel services (3 stars) under framework contract ,active,40000000,RWF,allowed
0.releases.1292.tender.lots.1,0.releases.1292,0,2,Provision of Hotel services (2 stars) under framework contract ,Provision of Hotel services (2 stars) under framework contract ,active,25000000,RWF,allowed
0.releases.1292.tender.lots.2,0.releases.1292,0,3,Provision of Hotel services (1 star) under framework contract ,Provision of Hotel services (1 star) under framework contract ,active,25000000,RWF,allowed
0.releases.1293.tender.lots.0,0.releases.1293,0,1,Supervision of Completion of the construction works of two workshops and Construction of classrooms at Mutobo VTC in Musanze District,Supervision of Completion of the construction works of two workshops and Construction of classrooms at Mutobo VTC in Musanze District,active,62497723,RWF,allowed
0.releases.1294.tender.lots.0,0.releases.1294,0,1,Provision of Hotel services (3 stars) under framework contract ,Provision of Hotel services (3 stars) under framework contract ,active,40000000,RWF,allowed
0.releases.1294.tender.lots.1,0.releases.1294,0,2,Provision of Hotel services (2 stars) under framework contract ,Provision of Hotel services (2 stars) under framework contract ,active,25000000,RWF,allowed
0.releases.1294.tender.lots.2,0.releases.1294,0,3,Provision of Hotel services (1 star) under framework contract ,Provision of Hotel services (1 star) under framework contract ,active,25000000,RWF,allowed
0.releases.1295.tender.lots.0,0.releases.1295,0,1,Codification of RCHA 'assets,Codification of RCHA 'assets,active,10000000,RWF,allowed
0.releases.1296.tender.lots.0,0.releases.1296,0,1,Re-advertised Supply of MINUBUMWE Stationary under framework contract,,active,100000000,RWF,allowed
0.releases.1297.tender.lots.0,0.releases.1297,0,1,SUPPLY OF SOLAR HOME SYSTEMS & ACCESSORIES AND INSTALLATION ON FRAMEWORK AGREEMENT RE-LAUNCH,,active,100000000,RWF,allowed
0.releases.1298.tender.lots.0,0.releases.1298,0,1,PROVISION OF  AWARENESS MEDIA SERVICES  ON FRAMEWORK AGREEMENT,"Lot 1: Content creation, Advertisement and Supplement",active,27353611,RWF,allowed
0.releases.1298.tender.lots.1,0.releases.1298,0,2,PROVISION OF  AWARENESS MEDIA SERVICES  ON FRAMEWORK AGREEMENT,Lot 2: Provision of branded materials,active,27353611,RWF,allowed
0.releases.1299.tender.lots.0,0.releases.1299,0,1,SERVICE FOR MAINTENANCE OF ELEVATOR  FOR RNP ON FRAMEWORK AGREEMENT,LOT 1: SUPPLY OF SPARE PARTS FOR ELEVATORS,active,97000000,RWF,allowed
0.releases.1300.tender.lots.0,0.releases.1300,0,1,SERVICE FOR MAINTENANCE OF ELEVATOR  FOR RNP ON FRAMEWORK AGREEMENT,LOT 1: SUPPLY OF SPARE PARTS FOR ELEVATORS,active,97000000,RWF,allowed
0.releases.1301.tender.lots.0,0.releases.1301,0,1,Provision of Hotel services (3 stars) under framework contract ,Provision of Hotel services (3 stars) under framework contract ,active,40000000,RWF,allowed
0.releases.1301.tender.lots.1,0.releases.1301,0,2,Provision of Hotel services (2 stars) under framework contract ,Provision of Hotel services (2 stars) under framework contract ,active,25000000,RWF,allowed
0.releases.1301.tender.lots.2,0.releases.1301,0,3,Provision of Hotel services (1 star) under framework contract ,Provision of Hotel services (1 star) under framework contract ,active,25000000,RWF,allowed
0.releases.1304.tender.lots.0,0.releases.1304,0,1,Supply of pigs,,active,89610000,RWF,allowed
0.releases.1306.tender.lots.0,0.releases.1306,0,1,Consultant services  to conduct a  study on Inventory of  air pollution sources  in Rwanda,Consultant services  to conduct a  study on Inventory of  air pollution sources  in Rwanda,active,194400000,RWF,allowed
0.releases.1306.tender.lots.1,0.releases.1306,0,1,Consultant services  to conduct a  study on Inventory of  air pollution sources  in Rwanda,Consultant services  to conduct a  study on Inventory of  air pollution sources  in Rwanda,active,194400000,RWF,allowed
0.releases.1306.tender.lots.2,0.releases.1306,0,1,LotNo1,,active,,,allowed
0.releases.1306.tender.lots.3,0.releases.1306,0,1,Consultant services  to conduct a  study on Inventory of  air pollution sources  in Rwanda,Consultant services  to conduct a  study on Inventory of  air pollution sources  in Rwanda,active,194400000,RWF,allowed
0.releases.1307.tender.lots.0,0.releases.1307,0,1,Consultant services  to conduct a  study on Inventory of  air pollution sources  in Rwanda,Consultant services  to conduct a  study on Inventory of  air pollution sources  in Rwanda,active,194400000,RWF,allowed
0.releases.1307.tender.lots.1,0.releases.1307,0,1,Consultant services  to conduct a  study on Inventory of  air pollution sources  in Rwanda,Consultant services  to conduct a  study on Inventory of  air pollution sources  in Rwanda,active,194400000,RWF,allowed
0.releases.1307.tender.lots.2,0.releases.1307,0,1,LotNo1,,active,,,allowed
0.releases.1307.tender.lots.3,0.releases.1307,0,1,Consultant services  to conduct a  study on Inventory of  air pollution sources  in Rwanda,Consultant services  to conduct a  study on Inventory of  air pollution sources  in Rwanda,active,194400000,RWF,allowed
0.releases.1308.tender.lots.0,0.releases.1308,0,1,Construction of Nyamata Health Center,BUILDINGS,active,2956354222,RWF,allowed
0.releases.1309.tender.lots.0,0.releases.1309,0,1,Provision of maritime transport across lake Kivu,Provision of maritime transport across lake Kivu,active,5095000,RWF,allowed
0.releases.1310.tender.lots.0,0.releases.1310,0,1,Provision of insurance services for City of  Kigali Assets,Provision of insurance services for City of Kigali Assets,active,8734800,RWF,allowed
0.releases.1310.tender.lots.1,0.releases.1310,0,1,Provision of insurance services for City of  Kigali Assets,Provision of insurance services for City of Kigali Assets,active,8734800,RWF,allowed
0.releases.1311.tender.lots.0,0.releases.1311,0,1,Hotel services (3 star),Hotel services (3 star),active,42166667,RWF,allowed
0.releases.1311.tender.lots.1,0.releases.1311,0,2,Hotels services (Town hotel),Hotels services (Town hotel),active,42166667,RWF,allowed
0.releases.1311.tender.lots.2,0.releases.1311,0,3,Motel services,Motel services,active,42166666,RWF,allowed
0.releases.1312.tender.lots.0,0.releases.1312,0,1,LotNo1,,active,,,allowed
0.releases.1312.tender.lots.1,0.releases.1312,0,1,Design and supervision of urgent Government construction projects located in City of Kigali,Design and supervision of urgent Government construction projects located in City of Kigali; ,active,712643635,RWF,allowed
0.releases.1312.tender.lots.2,0.releases.1312,0,2,Design and supervision of urgent Government construction projects located in Southern and Western Provinces,Design and supervision of urgent Government construction projects located in Southern and Western Provinces,active,712643635,RWF,allowed
0.releases.1312.tender.lots.3,0.releases.1312,0,3,Design and supervision of urgent Government construction projects located in Eastern and Northern Province,Design and supervision of urgent Government construction projects located in Easter and Northern Province,active,712643635,RWF,allowed
0.releases.1313.tender.lots.0,0.releases.1313,0,1,LotNo1,,active,,,allowed
0.releases.1313.tender.lots.1,0.releases.1313,0,1,Design and supervision of urgent Government construction projects located in City of Kigali,Design and supervision of urgent Government construction projects located in City of Kigali; ,active,712643635,RWF,allowed
0.releases.1313.tender.lots.2,0.releases.1313,0,2,Design and supervision of urgent Government construction projects located in Southern and Western Provinces,Design and supervision of urgent Government construction projects located in Southern and Western Provinces,active,712643635,RWF,allowed
0.releases.1313.tender.lots.3,0.releases.1313,0,3,Design and supervision of urgent Government construction projects located in Eastern and Northern Province,Design and supervision of urgent Government construction projects located in Easter and Northern Province,active,712643635,RWF,allowed
0.releases.1314.tender.lots.0,0.releases.1314,0,3,Supply of Cleaning& Hygiene materials ( LOT 3),,active,68094208,RWF,allowed
0.releases.1314.tender.lots.1,0.releases.1314,0,1,Supply of Cleaning& Hygiene materials (LOT 1),,active,30000000,RWF,allowed
0.releases.1314.tender.lots.2,0.releases.1314,0,2,Supply of Cleaning& Hygiene materials ( LOT 2),,active,90000000,RWF,allowed
0.releases.1314.tender.lots.3,0.releases.1314,0,3,Supply of Cleaning& Hygiene materials ( LOT 3),,active,68094208,RWF,allowed
0.releases.1315.tender.lots.0,0.releases.1315,0,3,Supply of Cleaning& Hygiene materials ( LOT 3),,active,68094208,RWF,allowed
0.releases.1315.tender.lots.1,0.releases.1315,0,1,Supply of Cleaning& Hygiene materials (LOT 1),,active,30000000,RWF,allowed
0.releases.1315.tender.lots.2,0.releases.1315,0,2,Supply of Cleaning& Hygiene materials ( LOT 2),,active,90000000,RWF,allowed
0.releases.1315.tender.lots.3,0.releases.1315,0,3,Supply of Cleaning& Hygiene materials ( LOT 3),,active,68094208,RWF,allowed
0.releases.1316.tender.lots.0,0.releases.1316,0,1,Supply of Hemodialysis consumables for NIPPRO Machines/ Medical consumables (Retendered),,active,110000000,RWF,allowed
0.releases.1316.tender.lots.1,0.releases.1316,0,1,Supply of Hemodialysis consumables for NIPPRO Machines/ Medical consumables (Retendered),,active,110000000,RWF,allowed
0.releases.1317.tender.lots.0,0.releases.1317,0,1,Tender Supply of Agricultural Inputs ,,active,82000000,RWF,allowed
0.releases.1318.tender.lots.0,0.releases.1318,0,1,Tender Supply of Agricultural Inputs ,,active,82000000,RWF,allowed
0.releases.1319.tender.lots.0,0.releases.1319,0,1,Supply and installation of office furniture for Rwanda Standards Board (framework contract),,active,25000000,RWF,allowed
0.releases.1320.tender.lots.0,0.releases.1320,0,1,Provision of Hotel services (3 stars) under framework contract ,Provision of Hotel services (3 stars) under framework contract ,active,40000000,RWF,allowed
0.releases.1320.tender.lots.1,0.releases.1320,0,2,Provision of Hotel services (2 stars) under framework contract ,Provision of Hotel services (2 stars) under framework contract ,active,25000000,RWF,allowed
0.releases.1320.tender.lots.2,0.releases.1320,0,3,Provision of Hotel services (1 star) under framework contract ,Provision of Hotel services (1 star) under framework contract ,active,25000000,RWF,allowed
0.releases.1321.tender.lots.0,0.releases.1321,0,1,Provision of Maintenance and Repair Services for Electric Minibus Vehicles,Provision of Maintenance and Repair Services for Electric Minibus Vehicles,active,10000000,RWF,allowed
0.releases.1322.tender.lots.0,0.releases.1322,0,1,Provision of Maintenance and Repair Services for Electric Minibus Vehicles,Provision of Maintenance and Repair Services for Electric Minibus Vehicles,active,10000000,RWF,allowed
0.releases.1323.tender.lots.0,0.releases.1323,0,1,Provision of Catering Services for RFI Staff,Provision of Catering Services for RFI Staff,active,140000000,RWF,allowed
0.releases.1324.tender.lots.0,0.releases.1324,0,1,Provision of Hotel services (3 stars) under framework contract ,Provision of Hotel services (3 stars) under framework contract ,active,40000000,RWF,allowed
0.releases.1324.tender.lots.1,0.releases.1324,0,2,Provision of Hotel services (2 stars) under framework contract ,Provision of Hotel services (2 stars) under framework contract ,active,25000000,RWF,allowed
0.releases.1324.tender.lots.2,0.releases.1324,0,3,Provision of Hotel services (1 star) under framework contract ,Provision of Hotel services (1 star) under framework contract ,active,25000000,RWF,allowed
0.releases.1325.tender.lots.0,0.releases.1325,0,1,Re-advertised of Decoration services for Nyamasheke District events,Re-advertised of Decoration services for Nyamasheke District events,active,2430560,RWF,allowed
0.releases.1326.tender.lots.0,0.releases.1326,0,1,framework contract for supply of promotional materials,,active,48000000,RWF,allowed
0.releases.1327.tender.lots.0,0.releases.1327,0,1,Establishment of framework agreement for supply of stationnairies(office supplies),,active,32088330,RWF,allowed
0.releases.1328.tender.lots.0,0.releases.1328,0,1,"To maintain ,repair and rehabilitate hospital infrastructure (including water supply system, hospital building)","To maintain ,repair and rehabilitate hospital infrastructure (including water supply system, hospital building)",active,7850000,RWF,allowed
0.releases.1329.tender.lots.0,0.releases.1329,0,1,Provision of Hotel services (3 stars) under framework contract ,Provision of Hotel services (3 stars) under framework contract ,active,40000000,RWF,allowed
0.releases.1329.tender.lots.1,0.releases.1329,0,2,Provision of Hotel services (2 stars) under framework contract ,Provision of Hotel services (2 stars) under framework contract ,active,25000000,RWF,allowed
0.releases.1329.tender.lots.2,0.releases.1329,0,3,Provision of Hotel services (1 star) under framework contract ,Provision of Hotel services (1 star) under framework contract ,active,25000000,RWF,allowed
0.releases.1330.tender.lots.0,0.releases.1330,0,1,GOODS,,active,158874000,RWF,allowed
0.releases.1331.tender.lots.0,0.releases.1331,0,1,"supply of pig, chicken, rabbits  veterinary drugs",,active,27500000,RWF,allowed
0.releases.1332.tender.lots.0,0.releases.1332,0,1,"supply of pig, chicken, rabbits  veterinary drugs",,active,27500000,RWF,allowed
0.releases.1333.tender.lots.0,0.releases.1333,0,1,Execution works of ravines rehabilitation in and around Kiziba and Gihembe refugee camps,Works,active,2221125634,RWF,allowed
0.releases.1334.tender.lots.0,0.releases.1334,0,1,Car wash services for EDCL Vehicles under framework contract (Re-advertisement),Car wash services for EDCL Vehicles under framework contract,active,50000000,RWF,allowed
0.releases.1335.tender.lots.0,0.releases.1335,0,1,Tender Supply of Agricultural Inputs ,,active,82000000,RWF,allowed
0.releases.1336.tender.lots.0,0.releases.1336,0,1, Restaurant and catering services ,Restaurant and catering services ,active,30000000,RWF,allowed
0.releases.1338.tender.lots.0,0.releases.1338,0,1,Decoration Activities ,Decoration Activities ,active,11087250,RWF,allowed
0.releases.1338.tender.lots.1,0.releases.1338,0,2,Design and Printing,Design and Printing,active,4636360,RWF,allowed
0.releases.1338.tender.lots.2,0.releases.1338,0,3,Sund System,Sund System,active,4223500,RWF,allowed
0.releases.1339.tender.lots.0,0.releases.1339,0,1,Supply of  Rabbit cages,,active,59000000,RWF,allowed
0.releases.1341.tender.lots.0,0.releases.1341,0,1,Transport services,Transport services,active,23040000,RWF,allowed
0.releases.1342.tender.lots.0,0.releases.1342,0,1,Transport services,Transport services,active,23040000,RWF,allowed
0.releases.1343.tender.lots.0,0.releases.1343,0,1,Decoration Activities ,Decoration Activities ,active,11087250,RWF,allowed
0.releases.1343.tender.lots.1,0.releases.1343,0,2,Design and Printing,Design and Printing,active,4636360,RWF,allowed
0.releases.1343.tender.lots.2,0.releases.1343,0,3,Sund System,Sund System,active,4223500,RWF,allowed
0.releases.1344.tender.lots.0,0.releases.1344,0,1,Upgrading of Cyuve Informal Settlement in Musanze City by Execution Works of Asphalt Roads.,Upgrading of Cyuve Informal Settlement in Musanze City by Execution Works of Asphalt Roads.,active,4500000000,RWF,allowed
0.releases.1345.tender.lots.0,0.releases.1345,0,1,Hiring a technical advisor to support MINEMA on Flood Early warning system (FEWS) Readvertisement ,Hiring a technical advisor to support MINEMA on Flood Early warning system (FEWS) Readvertisement ,active,98468760,RWF,allowed
0.releases.1347.tender.lots.0,0.releases.1347,0,1,Provision of Hotel services (3 stars) under framework contract ,Provision of Hotel services (3 stars) under framework contract ,active,40000000,RWF,allowed
0.releases.1347.tender.lots.1,0.releases.1347,0,2,Provision of Hotel services (2 stars) under framework contract ,Provision of Hotel services (2 stars) under framework contract ,active,25000000,RWF,allowed
0.releases.1347.tender.lots.2,0.releases.1347,0,3,Provision of Hotel services (1 star) under framework contract ,Provision of Hotel services (1 star) under framework contract ,active,25000000,RWF,allowed
0.releases.1348.tender.lots.0,0.releases.1348,0,1,"Provision of Hotel Service to NPPA in Kigali City (Accommodation, Meeting Rooms, and Outside Catering)/Framework Contract",DAO,active,10000000,RWF,allowed
0.releases.1349.tender.lots.0,0.releases.1349,0,1,"Provision of Hotel Service to NPPA in Kigali City (Accommodation, Meeting Rooms, and Outside Catering)/Framework Contract",DAO,active,10000000,RWF,allowed
0.releases.1350.tender.lots.0,0.releases.1350,0,1,"Provision of Hotel Service to NPPA in Kigali City (Accommodation, Meeting Rooms, and Outside Catering)/Framework Contract",DAO,active,10000000,RWF,allowed
0.releases.1351.tender.lots.0,0.releases.1351,0,1,"Provision of Hotel Service to NPPA in Kigali City (Accommodation, Meeting Rooms, and Outside Catering)/Framework Contract",DAO,active,10000000,RWF,allowed
0.releases.1352.tender.lots.0,0.releases.1352,0,1,Provision of Hotel services (3 stars) under framework contract ,Provision of Hotel services (3 stars) under framework contract ,active,40000000,RWF,allowed
0.releases.1352.tender.lots.1,0.releases.1352,0,2,Provision of Hotel services (2 stars) under framework contract ,Provision of Hotel services (2 stars) under framework contract ,active,25000000,RWF,allowed
0.releases.1352.tender.lots.2,0.releases.1352,0,3,Provision of Hotel services (1 star) under framework contract ,Provision of Hotel services (1 star) under framework contract ,active,25000000,RWF,allowed
0.releases.1353.tender.lots.0,0.releases.1353,0,1,Provision of telecommunication services,Provision of telecommunication services,active,44625000,RWF,allowed
0.releases.1354.tender.lots.0,0.releases.1354,0,1,Supply and Installation of Plant Growth Thermotherapy chamber,,active,98854300,RWF,allowed
0.releases.1354.tender.lots.1,0.releases.1354,0,1,Supply and Installation of Plant Growth Thermotherapy chamber,,active,98854300,RWF,allowed
0.releases.1355.tender.lots.0,0.releases.1355,0,1,Supply and installation of SOCLass licenses (Framework contract),,active,200000000,RWF,allowed
0.releases.1357.tender.lots.0,0.releases.1357,0,1,Supply and installation of SOCLass licenses (Framework contract),,active,200000000,RWF,allowed
0.releases.1358.tender.lots.0,0.releases.1358,0,1,Provision of annual repair and maintenance of RRA Water dispensers (framework contract).,Provision of annual repair and maintenance of RRA Water dispensers (framework contract).,active,30000000,RWF,allowed
0.releases.1359.tender.lots.0,0.releases.1359,0,1,LotNo1,,active,,,allowed
0.releases.1359.tender.lots.1,0.releases.1359,0,1,Supervision of the construction works of the advance factory Unit,Supervision of the construction works of the advance factory Unit,active,95000000,RWF,allowed
0.releases.1360.tender.lots.0,0.releases.1360,0,1,LotNo1,,active,,,allowed
0.releases.1360.tender.lots.1,0.releases.1360,0,1,Supervision of the construction works of the advance factory Unit,Supervision of the construction works of the advance factory Unit,active,95000000,RWF,allowed
0.releases.1362.tender.lots.0,0.releases.1362,0,1,Provision of Rental services for RRA staff accommodations at Gatuna Border (framework contract).,Provision of Rental services for RRA staff accommodations at Gatuna Border (framework contract).,active,9500000,RWF,allowed
0.releases.1363.tender.lots.0,0.releases.1363,0,1,Audit of TSSS Project,Audit of TSSS Project,active,13046049,RWF,allowed
0.releases.1363.tender.lots.1,0.releases.1363,0,1,Audit of TSSS Project,Audit of TSSS Project,active,13046049,RWF,allowed
0.releases.1364.tender.lots.0,0.releases.1364,0,1,"Annual provision of Insurance of RRA movable and immovable assets (Fire and Allied Perils, Machinery breakdown and General liability) to RRA(Framework contract)", Lot 1: Machinery Breakdown,active,80000000,RWF,allowed
0.releases.1364.tender.lots.1,0.releases.1364,0,2,"Annual provision of Insurance of RRA movable and immovable assets (Fire and Allied Perils, Machinery breakdown and General liability) to RRA(Framework contract)",Lot 2: General Liability Insurance ,active,30000000,RWF,allowed
0.releases.1365.tender.lots.0,0.releases.1365,0,1,"Annual provision of Insurance of RRA movable and immovable assets (Fire and Allied Perils, Machinery breakdown and General liability) to RRA(Framework contract)", Lot 1: Machinery Breakdown,active,80000000,RWF,allowed
0.releases.1365.tender.lots.1,0.releases.1365,0,2,"Annual provision of Insurance of RRA movable and immovable assets (Fire and Allied Perils, Machinery breakdown and General liability) to RRA(Framework contract)",Lot 2: General Liability Insurance ,active,30000000,RWF,allowed
0.releases.1366.tender.lots.0,0.releases.1366,0,1,LotNo1,,active,,,allowed
0.releases.1366.tender.lots.1,0.releases.1366,0,1,Supervision of the construction works of the advance factory Unit,Supervision of the construction works of the advance factory Unit,active,95000000,RWF,allowed
0.releases.1367.tender.lots.0,0.releases.1367,0,1,LotNo1,,active,,,allowed
0.releases.1367.tender.lots.1,0.releases.1367,0,1,Supervision of the construction works of the advance factory Unit,Supervision of the construction works of the advance factory Unit,active,95000000,RWF,allowed
0.releases.1369.tender.lots.0,0.releases.1369,0,1,Designing and printing T-shirts to be used in NYC Events,Designing and printing T-shirts to be used in NYC Events,active,4000000,RWF,allowed
0.releases.1370.tender.lots.0,0.releases.1370,0,1,Provision of decoration and related services,Provision of decoration and related services,active,3000000,RWF,allowed
0.releases.1372.tender.lots.0,0.releases.1372,0,1,Provision of decoration and related services,Provision of decoration and related services,active,3000000,RWF,allowed
0.releases.1373.tender.lots.0,0.releases.1373,0,1,Designing and printing T-shirts to be used in NYC Events,Designing and printing T-shirts to be used in NYC Events,active,4000000,RWF,allowed
0.releases.1374.tender.lots.0,0.releases.1374,0,1,Framework contract for Provision of security services for REMA,Framework contract for Provision of security services for REMA,active,16000000,RWF,allowed
0.releases.1375.tender.lots.0,0.releases.1375,0,1,Feasibility study for clean water pipelines for universal coverage,easibility study for clean water pipelines for universal coverage,active,14419761,RWF,allowed
0.releases.1375.tender.lots.1,0.releases.1375,0,1,Feasibility study for clean water pipelines for universal coverage,easibility study for clean water pipelines for universal coverage,active,14419761,RWF,allowed
0.releases.1376.tender.lots.0,0.releases.1376,0,1,"Lot1: . Supervision of construction works of ECD centers in Nyamagabe, Nyaruguru, Ruhango, Kayonza, Gakenke and Bugesera Districts.",". Supervision of construction works of ECD centers in Nyamagabe, Nyaruguru, Ruhango, Kayonza, Gakenke and Bugesera Districts.",active,68629433,RWF,allowed
0.releases.1376.tender.lots.1,0.releases.1376,0,2,"Lot 2 Supervision of construction works of ECD centers in Rusizi, Karongi, Rutsiro, Rubavu, Nyabihu and Ngororero Districts","Lot 2 Supervision of construction works of ECD centers in Rusizi, Karongi, Rutsiro, Rubavu, Nyabihu and Ngororero Districts",active,68629434,RWF,allowed
0.releases.1377.tender.lots.0,0.releases.1377,0,1,Supply of hygienic materilas,,active,72578182,RWF,allowed
0.releases.1378.tender.lots.0,0.releases.1378,0,1,Office building,Non Consultancy,active,182113920,RWF,allowed
0.releases.1378.tender.lots.1,0.releases.1378,0,2,Residential building,Non Consultancy,active,4725900,RWF,allowed
0.releases.1378.tender.lots.2,0.releases.1378,0,3,Hotel building,Non Consultancy,active,17473594,RWF,allowed
0.releases.1378.tender.lots.3,0.releases.1378,0,4,Storage building,Non Consultancy,active,6032931,RWF,allowed
0.releases.1379.tender.lots.0,0.releases.1379,0,1,Tender for Supply of Fuel and engine oil,Supply of Fuel and engine oil,active,67000000,RWF,allowed
0.releases.1380.tender.lots.0,0.releases.1380,0,1,Tender for Supply of Fuel and engine oil,Supply of Fuel and engine oil,active,67000000,RWF,allowed
0.releases.1381.tender.lots.0,0.releases.1381,0,1,"Provision of Venue for Meetings, Conferences and Accommodation",LOT 1 for 3 stars Hotel ,active,21000000,RWF,allowed
0.releases.1381.tender.lots.1,0.releases.1381,0,2,"Provision of Venue for Meetings, Conferences and Accommodation",LOT 2 for 2 stars Hotel ,active,15000000,RWF,allowed
0.releases.1381.tender.lots.2,0.releases.1381,0,3,"Provision of Venue for Meetings, Conferences and Accommodation",LOT 3 for 1 star Hotel ,active,14000000,RWF,allowed
0.releases.1382.tender.lots.0,0.releases.1382,0,1,lot 1,,active,120000000,RWF,allowed
0.releases.1382.tender.lots.1,0.releases.1382,0,2,lo2,,active,85000000,RWF,allowed
0.releases.1382.tender.lots.2,0.releases.1382,0,3,lo3,,active,51000000,RWF,allowed
0.releases.1382.tender.lots.3,0.releases.1382,0,4,lo4,,active,50000000,RWF,allowed
0.releases.1382.tender.lots.4,0.releases.1382,0,5,LOT 5,,active,150000000,RWF,allowed
0.releases.1382.tender.lots.5,0.releases.1382,0,6,LOT6,,active,30000000,RWF,allowed
0.releases.1383.tender.lots.0,0.releases.1383,0,1,Maintenance and Repairs of Vehicles and Motorbikes,Maintenance and Repairs of Vehicles and Motorbikes,active,105406108,RWF,allowed
0.releases.1384.tender.lots.0,0.releases.1384,0,1,Provision of car wash services in Kigali City,car wash in kigali,active,4000000,RWF,allowed
0.releases.1384.tender.lots.1,0.releases.1384,0,2,Provision of car wash in Kayonza District,car wash in Kayonza,active,1000000,RWF,allowed
0.releases.1384.tender.lots.2,0.releases.1384,0,3,Provision of car wash in Musanze District,car wash in Musanze,active,1000000,RWF,allowed
0.releases.1384.tender.lots.3,0.releases.1384,0,4,Provision of car wash in Huye District,car wash in huye,active,1000000,RWF,allowed
0.releases.1384.tender.lots.4,0.releases.1384,0,5,Provision of car wash in Rusizi District,car wash in rusizi,active,1000000,RWF,allowed
0.releases.1384.tender.lots.5,0.releases.1384,0,6,Provision of car wash in Karongi District,car wash in karongi,active,1000000,RWF,allowed
0.releases.1384.tender.lots.6,0.releases.1384,0,7,Provision of car wash in Nyagatare District,car wash in Nyagatare,active,1000000,RWF,allowed
0.releases.1385.tender.lots.0,0.releases.1385,0,1,Provide Girinka package,,active,23523690,RWF,allowed
0.releases.1385.tender.lots.1,0.releases.1385,0,1,Provide Girinka package,,active,23523690,RWF,allowed
0.releases.1386.tender.lots.0,0.releases.1386,0,1,LotNo1,,active,,,allowed
0.releases.1387.tender.lots.0,0.releases.1387,0,1,Provision of internet services in RAEB offices,Provision of internet services in RAEB offices,active,9000000,RWF,allowed
0.releases.1388.tender.lots.0,0.releases.1388,0,1,"Supply of IT Equipment, Maintenance Services, & provision of Spare Parts",,active,344065160,RWF,allowed
0.releases.1389.tender.lots.0,0.releases.1389,0,1,Transport services for civil servants across the country,LOT 1,active,20000000,RWF,allowed
0.releases.1389.tender.lots.1,0.releases.1389,0,2,Transport services for civil servants across the country,LOT 2,active,30000000,RWF,allowed
0.releases.1389.tender.lots.2,0.releases.1389,0,3,Transport services for civil servants across the country,LOT 3,active,50000000,RWF,allowed
0.releases.1390.tender.lots.0,0.releases.1390,0,1,supervision of Construction of Akayanza ( Nyagisozi Sector) and Rukonja ( Cyahinda Sector) Bridges,Supervision of bridges,active,15000000,RWF,allowed
0.releases.1391.tender.lots.0,0.releases.1391,0,1,LotNo1,,active,,,allowed
0.releases.1392.tender.lots.0,0.releases.1392,0,1,"Lot 1: Radio stations (public, private, community, confessional)","Radio stations (public, private, community, confessional)",active,47027564,RWF,allowed
0.releases.1392.tender.lots.1,0.releases.1392,0,2,"Lot 2: TV stations (public, private, community, confessional)","TV stations (public, private, community, confessional)",active,40535962,RWF,allowed
0.releases.1392.tender.lots.2,0.releases.1392,0,3,Lot 3: Internet / online media, Internet / online media,active,12101490,RWF,allowed
0.releases.1393.tender.lots.0,0.releases.1393,0,1,Fixed Asset Inventory Update & Coding,Fixed Asset Inventory Update & Coding,active,15000000,RWF,allowed
0.releases.1394.tender.lots.0,0.releases.1394,0,1,LotNo1,,active,,,allowed
0.releases.1394.tender.lots.1,0.releases.1394,0,1,LotNo1,,active,,,allowed
0.releases.1395.tender.lots.0,0.releases.1395,0,1,Decoration Activities ,Decoration Activities ,active,11087250,RWF,allowed
0.releases.1395.tender.lots.1,0.releases.1395,0,2,Design and Printing,Design and Printing,active,4636360,RWF,allowed
0.releases.1395.tender.lots.2,0.releases.1395,0,3,Sund System,Sund System,active,4223500,RWF,allowed
0.releases.1396.tender.lots.0,0.releases.1396,0,1,Purchase of airtime /Communication,,active,9868000,RWF,allowed
0.releases.1396.tender.lots.1,0.releases.1396,0,2,Purchase of airtime /Communication,,active,4068000,RWF,allowed
0.releases.1396.tender.lots.2,0.releases.1396,0,3,Purchase of airtime /Communication,,active,1020000,RWF,allowed
0.releases.1397.tender.lots.0,0.releases.1397,0,1,Supply of Fuel for MINAFFET Vehicles and Generator,,active,35000000,RWF,allowed
0.releases.1398.tender.lots.0,0.releases.1398,0,1, Restaurant and catering services ,Restaurant and catering services ,active,30000000,RWF,allowed
0.releases.1399.tender.lots.0,0.releases.1399,0,1,New goods classifications for Gym,New goods classifications for Gym,active,15000000,RWF,allowed
0.releases.1399.tender.lots.1,0.releases.1399,0,1,New goods classifications for Gym,New goods classifications for Gym,active,15000000,RWF,allowed
0.releases.1400.tender.lots.0,0.releases.1400,0,1,Transport services for staff,Transport services for staff,active,120000000,RWF,allowed
0.releases.1400.tender.lots.1,0.releases.1400,0,1,Transport services for staff,Transport services for staff,active,120000000,RWF,allowed
0.releases.1401.tender.lots.0,0.releases.1401,0,1,Supply of I.T Office equipment,Price schedule ,active,11100000,RWF,allowed
0.releases.1401.tender.lots.1,0.releases.1401,0,1,Supply of I.T Office equipment,Price schedule ,active,11100000,RWF,allowed
0.releases.1402.tender.lots.0,0.releases.1402,0,1,"Supervision  for Construction works of 16 latrines for schools, public places and health facilities in Huye,Gisagara,Nyaruguru, Gicumbi  Districts","Supervision  for Construction works of 16 latrines for schools, public places and health facilities in Huye,Gisagara,Nyaruguru, Gicumbi  Districts",active,86101257,RWF,allowed
0.releases.1402.tender.lots.1,0.releases.1402,0,1,"Supervision  for Construction works of 16 latrines for schools, public places and health facilities in Huye,Gisagara,Nyaruguru, Gicumbi  Districts","Supervision  for Construction works of 16 latrines for schools, public places and health facilities in Huye,Gisagara,Nyaruguru, Gicumbi  Districts",active,86101257,RWF,allowed
0.releases.1403.tender.lots.0,0.releases.1403,0,1,"Supervision  for Construction works of 16 latrines for schools, public places and health facilities in  Karongi, Rutsiro,Gatsibo,Kayonza  Districts","Supervision  for Construction works of 16 latrines for schools, public places and health facilities in  Karongi, Rutsiro,Gatsibo,Kayonza  Districts",active,86101257,RWF,allowed
0.releases.1403.tender.lots.1,0.releases.1403,0,1,"Supervision  for Construction works of 16 latrines for schools, public places and health facilities in  Karongi, Rutsiro,Gatsibo,Kayonza  Districts","Supervision  for Construction works of 16 latrines for schools, public places and health facilities in  Karongi, Rutsiro,Gatsibo,Kayonza  Districts",active,86101257,RWF,allowed
0.releases.1404.tender.lots.0,0.releases.1404,0,1,Rehabilitation of non-functional rural water supply systems in Musanze and Burera Districts(Re-advertised),Rehabilitation of non-functional rural water supply systems in Musanze and Burera Districts(Re-advertised),active,2235591666,RWF,allowed
0.releases.1405.tender.lots.0,0.releases.1405,0,1,Provide transport service for Gicumbi District staff,Provide transport service for Gicumbi District staff,active,260732307,RWF,allowed
0.releases.1406.tender.lots.0,0.releases.1406,0,2,Provision of communication services,LOT2: 1. Closed User Group Services (CUG) ,active,30000000,RWF,allowed
0.releases.1406.tender.lots.1,0.releases.1406,0,1,Provision of communication services,LOT1: SMS notifications to all SIM from different operators,active,30000000,RWF,allowed
0.releases.1406.tender.lots.2,0.releases.1406,0,2,Provision of communication services,LOT2: 1. Closed User Group Services (CUG) ,active,30000000,RWF,allowed
0.releases.1407.tender.lots.0,0.releases.1407,0,1,Provide Girinka package under framework agreement,,active,10652237,RWF,allowed
0.releases.1409.tender.lots.0,0.releases.1409,0,1,Provision of Sports and recreational facilities and services, LOT1: SWIMMING POOL SERVICES,active,18000000,RWF,allowed
0.releases.1409.tender.lots.1,0.releases.1409,0,2,Provision of Sports and recreational facilities and services,LOT 2: Gym-tonic and Aerobic services,active,18000000,RWF,allowed
0.releases.1409.tender.lots.2,0.releases.1409,0,1,Provision of Sports and recreational facilities and services, LOT1: SWIMMING POOL SERVICES,active,18000000,RWF,allowed
0.releases.1409.tender.lots.3,0.releases.1409,0,2,Provision of Sports and recreational facilities and services,LOT 2: Gym-tonic and Aerobic services,active,18000000,RWF,allowed
0.releases.1412.tender.lots.0,0.releases.1412,0,1,Provision of Sports and recreational facilities and services, LOT1: SWIMMING POOL SERVICES,active,18000000,RWF,allowed
0.releases.1412.tender.lots.1,0.releases.1412,0,2,Provision of Sports and recreational facilities and services,LOT 2: Gym-tonic and Aerobic services,active,18000000,RWF,allowed
0.releases.1412.tender.lots.2,0.releases.1412,0,1,Provision of Sports and recreational facilities and services, LOT1: SWIMMING POOL SERVICES,active,18000000,RWF,allowed
0.releases.1412.tender.lots.3,0.releases.1412,0,2,Provision of Sports and recreational facilities and services,LOT 2: Gym-tonic and Aerobic services,active,18000000,RWF,allowed
0.releases.1413.tender.lots.0,0.releases.1413,0,1,Hiring cars for staff local transportation ,Hiring at least 3 cars,active,25000000,RWF,allowed
0.releases.1414.tender.lots.0,0.releases.1414,0,1,Provision of designing and printing services,Provision of designing and printing services,active,10000000,RWF,allowed
0.releases.1415.tender.lots.0,0.releases.1415,0,1,New goods classifications for Gym,New goods classifications for Gym,active,15000000,RWF,allowed
0.releases.1415.tender.lots.1,0.releases.1415,0,1,New goods classifications for Gym,New goods classifications for Gym,active,15000000,RWF,allowed
0.releases.1416.tender.lots.0,0.releases.1416,0,1,New goods classifications for Gym,New goods classifications for Gym,active,15000000,RWF,allowed
0.releases.1416.tender.lots.1,0.releases.1416,0,1,New goods classifications for Gym,New goods classifications for Gym,active,15000000,RWF,allowed
0.releases.1417.tender.lots.0,0.releases.1417,0,1,"Lot 1: Radio stations (public, private, community, confessional)","Radio stations (public, private, community, confessional)",active,47027564,RWF,allowed
0.releases.1417.tender.lots.1,0.releases.1417,0,2,"Lot 2: TV stations (public, private, community, confessional)","TV stations (public, private, community, confessional)",active,40535962,RWF,allowed
0.releases.1417.tender.lots.2,0.releases.1417,0,3,Lot 3: Internet / online media, Internet / online media,active,12101490,RWF,allowed
0.releases.1418.tender.lots.0,0.releases.1418,0,1,"Lot 1: Radio stations (public, private, community, confessional)","Radio stations (public, private, community, confessional)",active,47027564,RWF,allowed
0.releases.1418.tender.lots.1,0.releases.1418,0,2,"Lot 2: TV stations (public, private, community, confessional)","TV stations (public, private, community, confessional)",active,40535962,RWF,allowed
0.releases.1418.tender.lots.2,0.releases.1418,0,3,Lot 3: Internet / online media, Internet / online media,active,12101490,RWF,allowed
0.releases.1419.tender.lots.0,0.releases.1419,0,1,Supervision of construction of 85 latrines,Supervision of construction of 85 latrines,active,16200000,RWF,allowed
0.releases.1420.tender.lots.0,0.releases.1420,0,1,Construction of Busanza Youth Centre Playground,Construction of Busanza Youth Centre /Playground,active,176445201,RWF,allowed
0.releases.1422.tender.lots.0,0.releases.1422,0,1,Purchase ICT equipment and Maintenance of electrical materials,Purchase ICT equipment and Maintenance of electrical materials,active,15000000,RWF,allowed
0.releases.1423.tender.lots.0,0.releases.1423,0,1,Consultancy Services to Conduct Audit  for Global Biodiversity Flamework-Early Action Plan Project(GBF-EAS),Consultancy Services to Conduct Audit  for Global Biodiversity Flamework-Early Action Plan Project(GBF-EAS),active,5000000,RWF,allowed
0.releases.1424.tender.lots.0,0.releases.1424,0,1,Vaccination campaigns of animals against economically important and zoonotic diseases ,,active,44527200,RWF,allowed
0.releases.1424.tender.lots.1,0.releases.1424,0,2,Artificial Insemination Calf born Registration,,active,4404834,RWF,allowed
0.releases.1424.tender.lots.2,0.releases.1424,0,3,Pregnant diagnosis of inseminated cows (PD),,active,14641317,RWF,allowed
0.releases.1424.tender.lots.3,0.releases.1424,0,4,Mobilization and enrollment of farmers (cattle &pigs) into Agriculture insurance scheme,,active,38902821,RWF,allowed
0.releases.1424.tender.lots.4,0.releases.1424,0,5,Diagnosis and treatment of animal diseases and Bovine artificial insemination,,active,1,RWF,allowed
0.releases.1424.tender.lots.5,0.releases.1424,0,6,Extension and advisory services to farmers,,active,1,RWF,allowed
0.releases.1424.tender.lots.6,0.releases.1424,0,7,"Hygiene and quality of animal products (Meat, milk, eggs, honey, fish, hides & skins)",,active,1,RWF,allowed
0.releases.1426.tender.lots.0,0.releases.1426,0,1,Hiring a technical advisor to support MINEMA on Flood Early warning system (FEWS) Readvertisement ,Hiring a technical advisor to support MINEMA on Flood Early warning system (FEWS) Readvertisement ,active,98468760,RWF,allowed
0.releases.1428.tender.lots.0,0.releases.1428,0,1,Vaccination campaigns of animals against economically important and zoonotic diseases ,,active,44527200,RWF,allowed
0.releases.1428.tender.lots.1,0.releases.1428,0,2,Artificial Insemination Calf born Registration,,active,4404834,RWF,allowed
0.releases.1428.tender.lots.2,0.releases.1428,0,3,Pregnant diagnosis of inseminated cows (PD),,active,14641317,RWF,allowed
0.releases.1428.tender.lots.3,0.releases.1428,0,4,Mobilization and enrollment of farmers (cattle &pigs) into Agriculture insurance scheme,,active,38902821,RWF,allowed
0.releases.1428.tender.lots.4,0.releases.1428,0,5,Diagnosis and treatment of animal diseases and Bovine artificial insemination,,active,1,RWF,allowed
0.releases.1428.tender.lots.5,0.releases.1428,0,6,Extension and advisory services to farmers,,active,1,RWF,allowed
0.releases.1428.tender.lots.6,0.releases.1428,0,7,"Hygiene and quality of animal products (Meat, milk, eggs, honey, fish, hides & skins)",,active,1,RWF,allowed
0.releases.1429.tender.lots.0,0.releases.1429,0,1,Consultancy services to conduct National Plastic Inventory,Consultancy services to conduct National Plastic Inventory,active,70000000,RWF,allowed
0.releases.1430.tender.lots.0,0.releases.1430,0,1,Consultancy services to conduct National Plastic Inventory,Consultancy services to conduct National Plastic Inventory,active,70000000,RWF,allowed
0.releases.1431.tender.lots.0,0.releases.1431,0,1,Consultancy Services to conduct a national study on Lead contamination and Exposure .,Consultancy Services to conduct a national study on Lead contamination and Exposure ,active,120000000,RWF,allowed
0.releases.1431.tender.lots.1,0.releases.1431,0,1,LotNo1,,active,,,allowed
0.releases.1432.tender.lots.0,0.releases.1432,0,1,Consultancy Services to conduct a national study on Lead contamination and Exposure .,Consultancy Services to conduct a national study on Lead contamination and Exposure ,active,120000000,RWF,allowed
0.releases.1432.tender.lots.1,0.releases.1432,0,1,LotNo1,,active,,,allowed
0.releases.1433.tender.lots.0,0.releases.1433,0,1,Consultancy Services to conduct a national study on Lead contamination and Exposure .,Consultancy Services to conduct a national study on Lead contamination and Exposure ,active,120000000,RWF,allowed
0.releases.1433.tender.lots.1,0.releases.1433,0,1,LotNo1,,active,,,allowed
0.releases.1434.tender.lots.0,0.releases.1434,0,1,Consultancy Services to conduct a national study on Lead contamination and Exposure .,Consultancy Services to conduct a national study on Lead contamination and Exposure ,active,120000000,RWF,allowed
0.releases.1434.tender.lots.1,0.releases.1434,0,1,LotNo1,,active,,,allowed
0.releases.1435.tender.lots.0,0.releases.1435,0,1,Provision of telecommunication services,Provision of telecommunication services,active,44625000,RWF,allowed
0.releases.1436.tender.lots.0,0.releases.1436,0,1,"printing of promotional materials services(banners,flyers,badges,business cards)","printing of promotional materials services(banners,flyers,badges,business cards)",active,40000000,RWF,allowed
0.releases.1437.tender.lots.0,0.releases.1437,0,1,Provision of architectural and engineering services,Provision of architectural and engineering services,active,60138891,RWF,allowed
0.releases.1438.tender.lots.0,0.releases.1438,0,1,Provision of Cleaning and Gardening Services to NPPA Headquarter (Gishushu) and Nyarutarama Houses/Under Framework Contract,DAO,active,24000000,RWF,allowed
0.releases.1439.tender.lots.0,0.releases.1439,0,1,Consultancy service for provision of training services for Certified Professional Business Analyst(CBA) to RRA.,Consultancy service for provision of training services for Certified Professional Business Analyst(CBA) to RRA.,active,50000000,RWF,allowed
0.releases.1439.tender.lots.1,0.releases.1439,0,1,Consultancy service for provision of training services for Certified Professional Business Analyst(CBA) to RRA.,Consultancy service for provision of training services for Certified Professional Business Analyst(CBA) to RRA.,active,50000000,RWF,allowed
0.releases.1440.tender.lots.0,0.releases.1440,0,1,Acquisition of a Service Trolley use in Cafeteria Canteen for the parliament of Rwanda,,active,748000,RWF,allowed
0.releases.1441.tender.lots.0,0.releases.1441,0,1,Provision of Maintenance and repair of vehicles in HUYE for RRA (Framework contract).,Provision of MaintenanProvision of Maintenance and repair of vehicles in HUYE for RRA (Framework contract).,active,7000000,RWF,allowed
0.releases.1442.tender.lots.0,0.releases.1442,0,3,Provision of media services,Lot 3: COMMUNITY RADIOS,active,18000000,RWF,allowed
0.releases.1442.tender.lots.1,0.releases.1442,0,4,Provision of media services,Lot 4: NEWSPAPERS OR MAGAZINES ,active,15000000,RWF,allowed
0.releases.1442.tender.lots.2,0.releases.1442,0,5,Provision of media services,Lot 5: ONLINE MEDIA,active,10000000,RWF,allowed
0.releases.1443.tender.lots.0,0.releases.1443,0,1,Provision of cleaning in the compound and garden maintenance services at RRA-OAG Complex (Framework contract).,Provision of cleaning in the compound and garden maintenance services at RRA-OAG Complex (Framework contract).,active,20000000,RWF,allowed
0.releases.1444.tender.lots.0,0.releases.1444,0,1,Media Production services for communication activities,Media Production services for communication activities,active,236120243,RWF,allowed
0.releases.1445.tender.lots.0,0.releases.1445,0,1,Hiring the consultancy Firm in Preparation of the 7th National Report to the CBD,Hiring the consultancy Firm in Preparation of the 7th National Report to the CBD,active,75000000,RWF,allowed
0.releases.1446.tender.lots.0,0.releases.1446,0,1,"Supply and installation of licenses for firepower, radware, one identity PAM, vulnerability assessment tool, motadata to RRA (framework contract)",,active,150000000,RWF,allowed
0.releases.1449.tender.lots.0,0.releases.1449,0,1,Drugs,Excel,active,20005000,RWF,allowed
0.releases.1449.tender.lots.1,0.releases.1449,0,2,Consumables,Excel,active,20000000,RWF,allowed
0.releases.1449.tender.lots.2,0.releases.1449,0,3,Laboratory,Excel,active,10000000,RWF,allowed
0.releases.1449.tender.lots.3,0.releases.1449,0,4,Equipment's,Excel,active,7535000,RWF,allowed
0.releases.1449.tender.lots.4,0.releases.1449,0,5,"Cobas,Sismex,Celltachs",Excel,active,8000000,RWF,allowed
0.releases.1450.tender.lots.0,0.releases.1450,0,1,Recruitment of a Business Analyst to support IPSAS implementation in IFMIS,Recruitment of a Business Analyst to support IPSAS implementation in IFMIS,active,144000000,RWF,allowed
0.releases.1451.tender.lots.0,0.releases.1451,0,1,Recruitment of IFMIS software architect to support IPSAS implementation,Recruitment of IFMIS software architect to support IPSAS implementation,active,216000000,RWF,allowed
0.releases.1452.tender.lots.0,0.releases.1452,0,1,LotNo1,,active,,,allowed
0.releases.1453.tender.lots.0,0.releases.1453,0,1,LotNo1,,active,,,allowed
0.releases.1454.tender.lots.0,0.releases.1454,0,1,Supply of  Foot and Mouth Disease (FMD)  vaccines,,active,344897500,RWF,allowed
0.releases.1455.tender.lots.0,0.releases.1455,0,1,Supply of Assistive Devices,,active,10000000,RWF,allowed
0.releases.1456.tender.lots.0,0.releases.1456,0,1,"Supply of utensils for Home ECD centers (LOT 2)(Supply of Melamine cups, melamine plates and stainless steel medium spoons)",,active,1340144000,RWF,allowed
0.releases.1457.tender.lots.0,0.releases.1457,0,1,Acquisition of printers for TVET Centers,,active,2000000,RWF,allowed
0.releases.1457.tender.lots.1,0.releases.1457,0,1,Acquisition of printers for TVET Centers,,active,1950000,RWF,allowed
0.releases.1458.tender.lots.0,0.releases.1458,0,1,TV services Lot one,TV services Lot one,active,3000000,RWF,allowed
0.releases.1458.tender.lots.1,0.releases.1458,0,2,Radio services Lot two,Radio services Lot two,active,2000000,RWF,allowed
0.releases.1458.tender.lots.2,0.releases.1458,0,3,Community radios lot three,Community radios lot three,active,2000000,RWF,allowed
0.releases.1458.tender.lots.3,0.releases.1458,0,4,News paper and Magazine lot four,News paper and Magazine lot four,active,2000000,RWF,allowed
0.releases.1458.tender.lots.4,0.releases.1458,0,5,On line Media services Lot 5,On line Media services Lot 5,active,2000000,RWF,allowed
0.releases.1458.tender.lots.5,0.releases.1458,0,6,Live streaming services lot 6,Live streaming services lot 6,active,1000000,RWF,allowed
0.releases.1459.tender.lots.0,0.releases.1459,0,1,TV services Lot one,TV services Lot one,active,3000000,RWF,allowed
0.releases.1459.tender.lots.1,0.releases.1459,0,2,Radio services Lot two,Radio services Lot two,active,2000000,RWF,allowed
0.releases.1459.tender.lots.2,0.releases.1459,0,3,Community radios lot three,Community radios lot three,active,2000000,RWF,allowed
0.releases.1459.tender.lots.3,0.releases.1459,0,4,News paper and Magazine lot four,News paper and Magazine lot four,active,2000000,RWF,allowed
0.releases.1459.tender.lots.4,0.releases.1459,0,5,On line Media services Lot 5,On line Media services Lot 5,active,2000000,RWF,allowed
0.releases.1459.tender.lots.5,0.releases.1459,0,6,Live streaming services lot 6,Live streaming services lot 6,active,1000000,RWF,allowed
0.releases.1460.tender.lots.0,0.releases.1460,0,1,Consultancy service for provision of training services for Certified Professional Business Analyst(CBA) to RRA.,Consultancy service for provision of training services for Certified Professional Business Analyst(CBA) to RRA.,active,50000000,RWF,allowed
0.releases.1460.tender.lots.1,0.releases.1460,0,1,Consultancy service for provision of training services for Certified Professional Business Analyst(CBA) to RRA.,Consultancy service for provision of training services for Certified Professional Business Analyst(CBA) to RRA.,active,50000000,RWF,allowed
0.releases.1461.tender.lots.0,0.releases.1461,0,1,Provision of Maintenance Services & Repair Program for Elevator (Re-advertisement) ,Provision of Maintenance Services & Repair Program for Elevator (Re-advertisement) ,active,39000000,RWF,allowed
0.releases.1462.tender.lots.0,0.releases.1462,0,1,Annual Supply of beverages to RRA (Framework contract),,active,200000000,RWF,allowed
0.releases.1464.tender.lots.0,0.releases.1464,0,1,Provision of Maintenance Services & Repair Program for Elevator (Re-advertisement) ,Provision of Maintenance Services & Repair Program for Elevator (Re-advertisement) ,active,39000000,RWF,allowed
0.releases.1466.tender.lots.0,0.releases.1466,0,1,Maintain vehicles and motorcycles of the hospital,Maintain vehicles and motorcycles of the hospital,active,200000002,RWF,allowed
0.releases.1467.tender.lots.0,0.releases.1467,0,1,TV services Lot one,TV services Lot one,active,3000000,RWF,allowed
0.releases.1467.tender.lots.1,0.releases.1467,0,2,Radio services Lot two,Radio services Lot two,active,2000000,RWF,allowed
0.releases.1467.tender.lots.2,0.releases.1467,0,3,Community radios lot three,Community radios lot three,active,2000000,RWF,allowed
0.releases.1467.tender.lots.3,0.releases.1467,0,4,News paper and Magazine lot four,News paper and Magazine lot four,active,2000000,RWF,allowed
0.releases.1467.tender.lots.4,0.releases.1467,0,5,On line Media services Lot 5,On line Media services Lot 5,active,2000000,RWF,allowed
0.releases.1467.tender.lots.5,0.releases.1467,0,6,Live streaming services lot 6,Live streaming services lot 6,active,1000000,RWF,allowed
0.releases.1468.tender.lots.0,0.releases.1468,0,1,TV services Lot one,TV services Lot one,active,3000000,RWF,allowed
0.releases.1468.tender.lots.1,0.releases.1468,0,2,Radio services Lot two,Radio services Lot two,active,2000000,RWF,allowed
0.releases.1468.tender.lots.2,0.releases.1468,0,3,Community radios lot three,Community radios lot three,active,2000000,RWF,allowed
0.releases.1468.tender.lots.3,0.releases.1468,0,4,News paper and Magazine lot four,News paper and Magazine lot four,active,2000000,RWF,allowed
0.releases.1468.tender.lots.4,0.releases.1468,0,5,On line Media services Lot 5,On line Media services Lot 5,active,2000000,RWF,allowed
0.releases.1468.tender.lots.5,0.releases.1468,0,6,Live streaming services lot 6,Live streaming services lot 6,active,1000000,RWF,allowed
0.releases.1469.tender.lots.0,0.releases.1469,0,1,TV services Lot one,TV services Lot one,active,3000000,RWF,allowed
0.releases.1469.tender.lots.1,0.releases.1469,0,2,Radio services Lot two,Radio services Lot two,active,2000000,RWF,allowed
0.releases.1469.tender.lots.2,0.releases.1469,0,3,Community radios lot three,Community radios lot three,active,2000000,RWF,allowed
0.releases.1469.tender.lots.3,0.releases.1469,0,4,News paper and Magazine lot four,News paper and Magazine lot four,active,2000000,RWF,allowed
0.releases.1469.tender.lots.4,0.releases.1469,0,5,On line Media services Lot 5,On line Media services Lot 5,active,2000000,RWF,allowed
0.releases.1469.tender.lots.5,0.releases.1469,0,6,Live streaming services lot 6,Live streaming services lot 6,active,1000000,RWF,allowed
0.releases.1470.tender.lots.0,0.releases.1470,0,1,TV services Lot one,TV services Lot one,active,3000000,RWF,allowed
0.releases.1470.tender.lots.1,0.releases.1470,0,2,Radio services Lot two,Radio services Lot two,active,2000000,RWF,allowed
0.releases.1470.tender.lots.2,0.releases.1470,0,3,Community radios lot three,Community radios lot three,active,2000000,RWF,allowed
0.releases.1470.tender.lots.3,0.releases.1470,0,4,News paper and Magazine lot four,News paper and Magazine lot four,active,2000000,RWF,allowed
0.releases.1470.tender.lots.4,0.releases.1470,0,5,On line Media services Lot 5,On line Media services Lot 5,active,2000000,RWF,allowed
0.releases.1470.tender.lots.5,0.releases.1470,0,6,Live streaming services lot 6,Live streaming services lot 6,active,1000000,RWF,allowed
0.releases.1471.tender.lots.0,0.releases.1471,0,1,TV services Lot one,TV services Lot one,active,3000000,RWF,allowed
0.releases.1471.tender.lots.1,0.releases.1471,0,2,Radio services Lot two,Radio services Lot two,active,2000000,RWF,allowed
0.releases.1471.tender.lots.2,0.releases.1471,0,3,Community radios lot three,Community radios lot three,active,2000000,RWF,allowed
0.releases.1471.tender.lots.3,0.releases.1471,0,4,News paper and Magazine lot four,News paper and Magazine lot four,active,2000000,RWF,allowed
0.releases.1471.tender.lots.4,0.releases.1471,0,5,On line Media services Lot 5,On line Media services Lot 5,active,2000000,RWF,allowed
0.releases.1471.tender.lots.5,0.releases.1471,0,6,Live streaming services lot 6,Live streaming services lot 6,active,1000000,RWF,allowed
0.releases.1472.tender.lots.0,0.releases.1472,0,1,TV services Lot one,TV services Lot one,active,3000000,RWF,allowed
0.releases.1472.tender.lots.1,0.releases.1472,0,2,Radio services Lot two,Radio services Lot two,active,2000000,RWF,allowed
0.releases.1472.tender.lots.2,0.releases.1472,0,3,Community radios lot three,Community radios lot three,active,2000000,RWF,allowed
0.releases.1472.tender.lots.3,0.releases.1472,0,4,News paper and Magazine lot four,News paper and Magazine lot four,active,2000000,RWF,allowed
0.releases.1472.tender.lots.4,0.releases.1472,0,5,On line Media services Lot 5,On line Media services Lot 5,active,2000000,RWF,allowed
0.releases.1472.tender.lots.5,0.releases.1472,0,6,Live streaming services lot 6,Live streaming services lot 6,active,1000000,RWF,allowed
0.releases.1473.tender.lots.0,0.releases.1473,0,1,"Supply of Vaccines (LSD, BQ, Brucellosis, Rabies, and other)",,active,1531240000,RWF,allowed
0.releases.1474.tender.lots.0,0.releases.1474,0,1,"Recruitment of a Data Manager for U-SACCO Automation, consolidation and establishment cooperative bank  ","Recruitment of a Data Manager for U-SACCO Automation, consolidation and establishment cooperative bank  ",active,30000000,RWF,allowed
0.releases.1475.tender.lots.0,0.releases.1475,0,1,Purchase of milk for sectors employees,,active,50000000,RWF,allowed
0.releases.1476.tender.lots.0,0.releases.1476,0,1,Supply of diesel fuel and gasoline (essence) for NESA Vehicle,Supply of diesel fuel and gasoline (essence) for NESA Vehicle,active,50000000,RWF,allowed
0.releases.1478.tender.lots.0,0.releases.1478,0,1,Maintain vehicles and motorcycles of the hospital,Maintain vehicles and motorcycles of the hospital,active,200000002,RWF,allowed
0.releases.1480.tender.lots.0,0.releases.1480,0,1,"Supply of IT Equipment, Maintenance Services, & provision of Spare Parts",,active,344065160,RWF,allowed
0.releases.1481.tender.lots.0,0.releases.1481,0,1,Provision of architectural and engineering services,Provision of architectural and engineering services,active,60138891,RWF,allowed
0.releases.1482.tender.lots.0,0.releases.1482,0,1,Rehabilitation and construction of Cyanika health center,Rehabilitation and construction of Cyanika health center,active,201629761,RWF,allowed
0.releases.1482.tender.lots.1,0.releases.1482,0,1,Rehabilitation and construction of Cyanika health center,Rehabilitation and construction of Cyanika health center,active,201629761,RWF,allowed
0.releases.1484.tender.lots.0,0.releases.1484,0,1,Recruitment of Data Migration Specialist for U-SACCO Automation,Recruitment of Data Migration Specialist for U-SACCO Automation,active,24000000,RWF,allowed
0.releases.1484.tender.lots.1,0.releases.1484,0,2,Recruitment of Data Migration Specialist for U-SACCO Automation,Recruitment of Data Migration Specialist for U-SACCO Automation,active,24000000,RWF,allowed
0.releases.1484.tender.lots.2,0.releases.1484,0,3,Recruitment of Data Migration Specialist for U-SACCO Automation,Recruitment of Data Migration Specialist for U-SACCO Automation,active,24000000,RWF,allowed
0.releases.1484.tender.lots.3,0.releases.1484,0,4,Recruitment of Data Migration Specialist for U-SACCO Automation,Recruitment of Data Migration Specialist for U-SACCO Automation,active,24000000,RWF,allowed
0.releases.1485.tender.lots.0,0.releases.1485,0,1,Tender for maintenance of waste water treatment plant in Gacuriro real estate and IDP model Villages,Eighty three million five hundred forty four thousand Rwandan Francs,active,83544000,RWF,allowed
0.releases.1486.tender.lots.0,0.releases.1486,0,1,Tender for maintenance of waste water treatment plant in Gacuriro real estate and IDP model Villages,Eighty three million five hundred forty four thousand Rwandan Francs,active,83544000,RWF,allowed
0.releases.1487.tender.lots.0,0.releases.1487,0,1,Radio & TV satellite spares for existing transmission infrastructure,,active,68475000,RWF,allowed
0.releases.1488.tender.lots.0,0.releases.1488,0,1,Radio & TV satellite spares for existing transmission infrastructure,,active,68475000,RWF,allowed
0.releases.1489.tender.lots.0,0.releases.1489,0,1,Supply and installation of lift at Burera District headquarter,Supply and installation of lift at Burera District headquarter,active,129806549,RWF,allowed
0.releases.1490.tender.lots.0,0.releases.1490,0,1,"Service of gym, swimming, sauna, massage, playground and related sports facilities within the city of kigali",sport facilities,active,5000000,RWF,allowed
0.releases.1491.tender.lots.0,0.releases.1491,0,1,Subscribe to Moody’s (Bureau Van Dijk) risk profiling and transfer pricing benchmark analysis database (Framework Contract),Subscribe to Moody’s (Bureau Van Dijk) risk profiling and transfer pricing benchmark analysis database (Framework Contract),active,108000000,RWF,allowed
0.releases.1492.tender.lots.0,0.releases.1492,0,1,"Service of gym, swimming, sauna, massage, playground and related sports facilities within the city of kigali",sport facilities,active,5000000,RWF,allowed
0.releases.1493.tender.lots.0,0.releases.1493,0,1,Provision of insurance service under framework contract (insurance for EDCL linesmen),Insurance service,active,50000000,RWF,allowed
0.releases.1494.tender.lots.0,0.releases.1494,0,1,Purchase the existing Arc Power’s power distribution assets for electrification of Murama village,Purchase the existing Arc Power’s power distribution assets for electrification of Murama village,active,441789702,RWF,allowed
0.releases.1494.tender.lots.1,0.releases.1494,0,1,Purchase the existing Arc Power’s power distribution assets for electrification of Murama village,Purchase the existing Arc Power’s power distribution assets for electrification of Murama village,active,441789702,RWF,allowed
0.releases.1495.tender.lots.0,0.releases.1495,0,1,Study for Street naming and City mobility Plan in Rubavu District,Study for Street naming and City mobility Plan in Rubavu District,active,30000000,RWF,allowed
0.releases.1495.tender.lots.1,0.releases.1495,0,1,Study for Street naming and City mobility Plan in Rubavu District,Study for Street naming and City mobility Plan in Rubavu District,active,30000000,RWF,allowed
0.releases.1496.tender.lots.0,0.releases.1496,0,1,Medical Equipment in Kibumbwe Maternity,,active,70000000,RWF,allowed
0.releases.1497.tender.lots.0,0.releases.1497,0,1,Acquisition of printers for TVET Centers,,active,2000000,RWF,allowed
0.releases.1497.tender.lots.1,0.releases.1497,0,1,Acquisition of printers for TVET Centers,,active,1950000,RWF,allowed
0.releases.1498.tender.lots.0,0.releases.1498,0,3,Supply of Cleaning& Hygiene materials ( LOT 3),,active,68094208,RWF,allowed
0.releases.1498.tender.lots.1,0.releases.1498,0,1,Supply of Cleaning& Hygiene materials (LOT 1),,active,30000000,RWF,allowed
0.releases.1498.tender.lots.2,0.releases.1498,0,2,Supply of Cleaning& Hygiene materials ( LOT 2),,active,90000000,RWF,allowed
0.releases.1498.tender.lots.3,0.releases.1498,0,3,Supply of Cleaning& Hygiene materials ( LOT 3),,active,68094208,RWF,allowed
0.releases.1499.tender.lots.0,0.releases.1499,0,1,"SUPPLY,FABRICATION,DESIGN,PRINTING,INSTALLATION AND MAINTENANCE OF HOSPITAL SIGNAGES",,active,45424000,RWF,allowed
0.releases.1500.tender.lots.0,0.releases.1500,0,1,"SUPPLY,FABRICATION,DESIGN,PRINTING,INSTALLATION AND MAINTENANCE OF HOSPITAL SIGNAGES",,active,45424000,RWF,allowed
0.releases.1501.tender.lots.0,0.releases.1501,0,1,SUPERVISION FOR CONSTRUCTION OF 12 LATRINES AND ACCESSIBLE TOILET AT EP KARAMA IN JANJA SECTOR,SUPERVISION FOR CONSTRUCTION OF 12 LATRINES AND ACCESSIBLE TOILET AT EP KARAMA IN JANJA SECTOR,active,8000000,RWF,allowed
0.releases.1503.tender.lots.0,0.releases.1503,0,1,HIRING GRAPHIC DESIGN CONSULTANT,HIRING GRAPHIC DESIGN CONSULTANT,active,42000000,RWF,allowed
0.releases.1504.tender.lots.0,0.releases.1504,0,1,Provision of Maintenance services for Laundry machine (Retendered 2),Provision of Maintenance services for Laundry machine (Retendered 2),active,30800000,RWF,allowed
0.releases.1505.tender.lots.0,0.releases.1505,0,1,Provision of Maintenance services for Laundry machine (Retendered 2),Provision of Maintenance services for Laundry machine (Retendered 2),active,30800000,RWF,allowed
0.releases.1506.tender.lots.0,0.releases.1506,0,1,Supply of sport material to RRA (Framework contract),,active,30000000,RWF,allowed
0.releases.1507.tender.lots.0,0.releases.1507,0,1,Consultancy services for Proficiency Testing,Consultancy services for Proficiency Testing,active,7000000,RWF,allowed
0.releases.1508.tender.lots.0,0.releases.1508,0,1,Purchase of medical equipment (Re-Advertised),,active,15000000,RWF,allowed
0.releases.1508.tender.lots.1,0.releases.1508,0,1,Purchase of medical equipment (Re-Advertised),,active,15000000,RWF,allowed
0.releases.1509.tender.lots.0,0.releases.1509,0,1,SLA for Avid products,SLA for Avid products,active,72500000,RWF,allowed
0.releases.1511.tender.lots.0,0.releases.1511,0,1,Supply of Solar Home Systems,,active,47687500,RWF,allowed
0.releases.1512.tender.lots.0,0.releases.1512,0,1,Supply of Solar Home Systems,,active,47687500,RWF,allowed
0.releases.1513.tender.lots.0,0.releases.1513,0,1,Supervision of Construction of Nyamata health center,Supervision of Construction of Nyamata health center,active,130000000,RWF,allowed
0.releases.1513.tender.lots.1,0.releases.1513,0,1,Supervision of Construction of Nyamata health center,Supervision of Construction of Nyamata health center,active,130000000,RWF,allowed
0.releases.1513.tender.lots.2,0.releases.1513,0,1,Supervision of Construction of Nyamata health center,Supervision of Construction of Nyamata health center,active,130000000,RWF,allowed
0.releases.1513.tender.lots.3,0.releases.1513,0,1,LotNo1,,active,,,allowed
0.releases.1514.tender.lots.0,0.releases.1514,0,1,Supervision of Construction of Nyamata health center,Supervision of Construction of Nyamata health center,active,130000000,RWF,allowed
0.releases.1514.tender.lots.1,0.releases.1514,0,1,Supervision of Construction of Nyamata health center,Supervision of Construction of Nyamata health center,active,130000000,RWF,allowed
0.releases.1514.tender.lots.2,0.releases.1514,0,1,Supervision of Construction of Nyamata health center,Supervision of Construction of Nyamata health center,active,130000000,RWF,allowed
0.releases.1514.tender.lots.3,0.releases.1514,0,1,LotNo1,,active,,,allowed
0.releases.1515.tender.lots.0,0.releases.1515,0,1,Hiring vehicle for transport services ,Hiring vehicle for transport services ,active,35520002,RWF,allowed
0.releases.1516.tender.lots.0,0.releases.1516,0,1,Hiring vehicle for transport services ,Hiring vehicle for transport services ,active,35520002,RWF,allowed
0.releases.1517.tender.lots.0,0.releases.1517,0,1,LotNo1,,active,,,allowed
0.releases.1517.tender.lots.1,0.releases.1517,0,1,Feasibility study and engineering designs for the Construction of basic infrastructure and facilities for Industrial/SME park,Feasibility study and engineering designs for the Construction of basic infrastructure and facilities for Industrial/SME park,active,265596087,RWF,allowed
0.releases.1518.tender.lots.0,0.releases.1518,0,1,LotNo1,,active,,,allowed
0.releases.1518.tender.lots.1,0.releases.1518,0,1,Feasibility study and engineering designs for the Construction of basic infrastructure and facilities for Industrial/SME park,Feasibility study and engineering designs for the Construction of basic infrastructure and facilities for Industrial/SME park,active,265596087,RWF,allowed
0.releases.1519.tender.lots.0,0.releases.1519,0,2,Supply and Delivery of carpentry training materials at Nyamagabe Rehabilitation Center,,active,10000000,RWF,allowed
0.releases.1520.tender.lots.0,0.releases.1520,0,1,"Supply of Specialized equipment in poultry, pig, and Rabbit",,active,150000000,RWF,allowed
0.releases.1522.tender.lots.0,0.releases.1522,0,1,Provision of rental services for RRA staff accommodation-A in RUSIZI District (framework contract),Provision of rental services for RRA staff accommodation-A in RUSIZI District (framework contract),active,15000000,RWF,allowed
0.releases.1523.tender.lots.0,0.releases.1523,0,1,Provision of rental services for RRA staff accommodation-B in RUSIZI District (framework contract),Provision of rental services for RRA staff accommodation-B in RUSIZI District (framework contract),active,9000000,RWF,allowed
0.releases.1524.tender.lots.0,0.releases.1524,0,1,Provision of rental services for RRA staff accommodation-B in RUSIZI District (framework contract),Provision of rental services for RRA staff accommodation-B in RUSIZI District (framework contract),active,9000000,RWF,allowed
0.releases.1525.tender.lots.0,0.releases.1525,0,1,Supply and Delivery of carpentry training materials at Nyamagabe Rehabilitation Center,,active,10000000,RWF,allowed
0.releases.1525.tender.lots.1,0.releases.1525,0,2,Supply and Delivery of masonry training matereials at Iwawa Rehabilitation Center,,active,22000000,RWF,allowed
0.releases.1525.tender.lots.2,0.releases.1525,0,3,Supply and delivery of hair dressing training materials at Gitagata Rehabilitation Cente,,active,4100000,RWF,allowed
0.releases.1526.tender.lots.0,0.releases.1526,0,1,Supply of Stationaries and Printing Consumables,,active,9000000,RWF,allowed
0.releases.1527.tender.lots.0,0.releases.1527,0,1,Provision of hotel services in Karongi district,Provision of hotel services in Karongi district,active,1000000,RWF,allowed
0.releases.1527.tender.lots.1,0.releases.1527,0,1,Provision of hotel services in Karongi district,Provision of hotel services in Karongi district,active,1000000,RWF,allowed
0.releases.1529.tender.lots.0,0.releases.1529,0,1,Provision of Hotel services for Judiciary,3 Star Hotels Services-Huye,active,2800000,RWF,allowed
0.releases.1531.tender.lots.0,0.releases.1531,0,1,Acquisition of plastic tubings,,active,65000000,RWF,allowed
0.releases.1532.tender.lots.0,0.releases.1532,0,1,Annual framework tender for supply of small stock and their feeds to Rusizi District,,active,8500000,RWF,allowed
0.releases.1533.tender.lots.0,0.releases.1533,0,1,Acquisition of plastic tubings,,active,65000000,RWF,allowed
0.releases.1534.tender.lots.0,0.releases.1534,0,3,Supply of lime grade 1,,active,400000000,RWF,allowed
0.releases.1534.tender.lots.1,0.releases.1534,0,1,Supply of lime grade 1,,active,226666667,RWF,allowed
0.releases.1534.tender.lots.2,0.releases.1534,0,2,Supply of lime grade 1,,active,400000000,RWF,allowed
0.releases.1534.tender.lots.3,0.releases.1534,0,3,Supply of lime grade 1,,active,400000000,RWF,allowed
0.releases.1534.tender.lots.4,0.releases.1534,0,4,Supply of lime grade 1,,active,226666667,RWF,allowed
0.releases.1534.tender.lots.5,0.releases.1534,0,5,Supply of lime grade 1,,active,226666667,RWF,allowed
0.releases.1535.tender.lots.0,0.releases.1535,0,3,Supply of lime grade 1,,active,400000000,RWF,allowed
0.releases.1535.tender.lots.1,0.releases.1535,0,1,Supply of lime grade 1,,active,226666667,RWF,allowed
0.releases.1535.tender.lots.2,0.releases.1535,0,2,Supply of lime grade 1,,active,400000000,RWF,allowed
0.releases.1535.tender.lots.3,0.releases.1535,0,3,Supply of lime grade 1,,active,400000000,RWF,allowed
0.releases.1535.tender.lots.4,0.releases.1535,0,4,Supply of lime grade 1,,active,226666667,RWF,allowed
0.releases.1535.tender.lots.5,0.releases.1535,0,5,Supply of lime grade 1,,active,226666667,RWF,allowed
0.releases.1537.tender.lots.0,0.releases.1537,0,1,Tender of Catering Services for staff and clients,,active,24000000,RWF,allowed
0.releases.1539.tender.lots.0,0.releases.1539,0,1,Provision of decoration  services,Provision of decoration  services,active,80000000,RWF,allowed
0.releases.1541.tender.lots.0,0.releases.1541,0,1,"Supply and installation of Laboratory Equipment (light cycler, Nanodrop, thermocycler) for MSc and PhD in Biotechnology",,active,42525000,RWF,allowed
0.releases.1542.tender.lots.0,0.releases.1542,0,1,"Supply and installation of Laboratory Equipment (light cycler, Nanodrop, thermocycler) for MSc and PhD in Biotechnology",,active,42525000,RWF,allowed
0.releases.1543.tender.lots.0,0.releases.1543,0,1,"Tender for framework contract for supply and install pest monitoring & control devices and equipment in pack house, warehouses and SEQI (Re-Advert)",,active,25000000,RWF,allowed
0.releases.1543.tender.lots.1,0.releases.1543,0,1,"Tender for framework contract for supply and install pest monitoring & control devices and equipment in pack house, warehouses and SEQI (Re-Advert)",,active,25000000,RWF,allowed
0.releases.1544.tender.lots.0,0.releases.1544,0,1,Provision of Hotel services (3 stars) under framework contract ,Provision of Hotel services (3 stars) under framework contract ,active,40000000,RWF,allowed
0.releases.1544.tender.lots.1,0.releases.1544,0,2,Provision of Hotel services (2 stars) under framework contract ,Provision of Hotel services (2 stars) under framework contract ,active,25000000,RWF,allowed
0.releases.1544.tender.lots.2,0.releases.1544,0,3,Provision of Hotel services (1 star) under framework contract ,Provision of Hotel services (1 star) under framework contract ,active,25000000,RWF,allowed
0.releases.1545.tender.lots.0,0.releases.1545,0,1,Framework contract for transportation and management of medical and non medical waste,Framework contract for transportation and management of medical and non medical waste,active,15063400,RWF,allowed
0.releases.1546.tender.lots.0,0.releases.1546,0,1,Framework contract for Provision of Hospital Vehicle Maintenance Service,Framework contract for Provision of Hospital Vehicle Maintenance Service,active,107340002,RWF,allowed
0.releases.1547.tender.lots.0,0.releases.1547,0,1,Provision for service of Emptying toilets and fosses at Gitagata Rehabilitation Center,Provision for service of Emptying toilets and fosses at Gitagata Rehabilitation Center,active,42720000,RWF,allowed
0.releases.1549.tender.lots.0,0.releases.1549,0,1,Provision of Maintenance services for cold chain equipment(Retendered),Provision of Maintenance services for cold chain equipment(Retendered),active,23800000,RWF,allowed
0.releases.1550.tender.lots.0,0.releases.1550,0,1,Transport of NCPD Staff in Kigali,Transport of NCPD Staff in Kigali,active,2500000,RWF,allowed
0.releases.1551.tender.lots.0,0.releases.1551,0,1,Supply of Refreshments to NCPD,,active,4500000,RWF,allowed
0.releases.1552.tender.lots.0,0.releases.1552,0,1,Provision of Hotel Services to NCPD,Provision of Hotel Services to NCPD,active,7000000,RWF,allowed
0.releases.1553.tender.lots.0,0.releases.1553,0,1,Supply of Airtime to the staff of Kinihira Hospital,,active,15000000,RWF,allowed
0.releases.1555.tender.lots.0,0.releases.1555,0,1,Lot 1: Supply of Curtains and others,,active,6422000,RWF,allowed
0.releases.1555.tender.lots.1,0.releases.1555,0,2,Lot 2: Supply of office Curtains,,active,9000000,RWF,allowed
0.releases.1555.tender.lots.2,0.releases.1555,0,1,Lot 1: Supply of Curtains and others,,active,6422000,RWF,allowed
0.releases.1555.tender.lots.3,0.releases.1555,0,2,Lot 2: Supply of office Curtains,,active,9000000,RWF,allowed
0.releases.1555.tender.lots.4,0.releases.1555,0,3,Lot 3: Supply and installation of hospital cubicle curtains,,active,51736000,RWF,allowed
0.releases.1556.tender.lots.0,0.releases.1556,0,1,"Supplying, installing, testing, commissioning and maintenance of Solar Water Heating systems in residential and non-residential sector under framework contracts (Recruitment of additional suppliers)",,active,349583333,RWF,allowed
0.releases.1557.tender.lots.0,0.releases.1557,0,1,"Supplying, installing, testing, commissioning and maintenance of Solar Water Heating systems in residential and non-residential sector under framework contracts (Recruitment of additional suppliers)",,active,349583333,RWF,allowed
0.releases.1558.tender.lots.0,0.releases.1558,0,1,"Supplying, installing, testing, commissioning and maintenance of Solar Water Heating systems in residential and non-residential sector under framework contracts (Recruitment of additional suppliers)",,active,349583333,RWF,allowed
0.releases.1559.tender.lots.0,0.releases.1559,0,1,"Supplying, installing, testing, commissioning and maintenance of Solar Water Heating systems in residential and non-residential sector under framework contracts (Recruitment of additional suppliers)",,active,349583333,RWF,allowed
0.releases.1560.tender.lots.0,0.releases.1560,0,1,"Supplying, installing, testing, commissioning and maintenance of Solar Water Heating systems in residential and non-residential sector under framework contracts (Recruitment of additional suppliers)",,active,349583333,RWF,allowed
0.releases.1561.tender.lots.0,0.releases.1561,0,1,"Hiring a company for the installation, customization and configuration of Koha Software and its DSpace for the NISR Library",Bid Security,active,6170000,RWF,allowed
0.releases.1562.tender.lots.0,0.releases.1562,0,1,"Provision of media services to RTB(On Radios, TV, social media and website)","Provision of media services to RTB(On Radios, TV, social media and website)",active,50000000,RWF,allowed
0.releases.1563.tender.lots.0,0.releases.1563,0,1,Supply of Laundry and IPC  materials,,active,3000000,RWF,allowed
0.releases.1563.tender.lots.1,0.releases.1563,0,1,Supply of Laundry and IPC  materials,,active,3000000,RWF,allowed
0.releases.1564.tender.lots.0,0.releases.1564,0,1,Supply of curtains ,,active,1280000,RWF,allowed
0.releases.1565.tender.lots.0,0.releases.1565,0,1, FRAMEWORK AGREEMENT FOR SUPPLY CONSUMMABLES and PRINTING.,,active,17088331,RWF,allowed
0.releases.1565.tender.lots.1,0.releases.1565,0,1, FRAMEWORK AGREEMENT FOR SUPPLY CONSUMMABLES and PRINTING.,,active,17088331,RWF,allowed
0.releases.1566.tender.lots.0,0.releases.1566,0,1,Purchase of medical equipment (Re-Advertised),,active,15000000,RWF,allowed
0.releases.1566.tender.lots.1,0.releases.1566,0,1,Purchase of medical equipment (Re-Advertised),,active,15000000,RWF,allowed
0.releases.1567.tender.lots.0,0.releases.1567,0,1,Supply of curtains ,,active,1280000,RWF,allowed
0.releases.1568.tender.lots.0,0.releases.1568,0,1,Tender for Coffee Shops Services in Kayonza District,Tender for Coffee Shops Services in Kayonza District,active,4800000,RWF,allowed
0.releases.1570.tender.lots.0,0.releases.1570,0,1,LotNo1,,active,,,allowed
0.releases.1570.tender.lots.1,0.releases.1570,0,1,"Feasibility study and housing design models for upgrading Mount Jali, Mount Rebero and Mount Kigali unplanned settlement sites in City of Kigali",Consultancy Services,active,474000000,RWF,allowed
0.releases.1571.tender.lots.0,0.releases.1571,0,1,LotNo1,,active,,,allowed
0.releases.1571.tender.lots.1,0.releases.1571,0,1,"Feasibility study and housing design models for upgrading Mount Jali, Mount Rebero and Mount Kigali unplanned settlement sites in City of Kigali",Consultancy Services,active,474000000,RWF,allowed
0.releases.1572.tender.lots.0,0.releases.1572,0,1,Acquisition of Offices tables,,active,41800000,RWF,allowed
0.releases.1574.tender.lots.0,0.releases.1574,0,1,ender for ICT MAINTENANCE AND SUPPLY OF ACCESSORIES,ender for ICT MAINTENANCE AND SUPPLY OF ACCESSORIES,active,14867000,RWF,allowed
0.releases.1576.tender.lots.0,0.releases.1576,0,1,Hotel services framework ,Hotel services framework,active,8346154,RWF,allowed
0.releases.1577.tender.lots.0,0.releases.1577,0,1,Hotel services framework ,Hotel services framework,active,8346154,RWF,allowed
0.releases.1578.tender.lots.0,0.releases.1578,0,1,AIRTIME AND SPACE ON TAXI PARK AND PUBLIC MARKETS RADIOS ACROSS THE COUNTRY,RWANDA FDA,active,20000000,RWF,allowed
0.releases.1579.tender.lots.0,0.releases.1579,0,1,Annual Framework contract for Maintenance of generators and supply of related spare parts,Generator maintenance & supply of spare parts,active,40000000,RWF,allowed
0.releases.1580.tender.lots.0,0.releases.1580,0,1,SPORTS AND RECREATION SERVICES,SPORTS AND RECREATION SERVICES,active,5000000,RWF,allowed
0.releases.1581.tender.lots.0,0.releases.1581,0,1, PROMOTIONAL MATERIALS OF HEC,,active,5000000,RWF,allowed
0.releases.1581.tender.lots.1,0.releases.1581,0,1, PROMOTIONAL MATERIALS OF HEC,,active,5000000,RWF,allowed
0.releases.1582.tender.lots.0,0.releases.1582,0,1,Annual framework tender for maintenance and repairing of office furnitures,Annual framework tender for maintenance and repairing of office furnitures,active,18000000,RWF,allowed
0.releases.1583.tender.lots.0,0.releases.1583,0,1,"Supply and installation of licenses for firepower, radware, one identity PAM, vulnerability assessment tool, motadata to RRA (framework contract)",,active,150000000,RWF,allowed
0.releases.1584.tender.lots.0,0.releases.1584,0,1,Tender for Veterinary services artificial insemination & Vaccination (Sanitary veterinary mandate),Tender for Veterinary services artificial insemination & Vaccination (Sanitary veterinary mandate),active,72798470,RWF,allowed
0.releases.1585.tender.lots.0,0.releases.1585,0,1,Tender for Veterinary services artificial insemination & Vaccination (Sanitary veterinary mandate),Tender for Veterinary services artificial insemination & Vaccination (Sanitary veterinary mandate),active,72798470,RWF,allowed
0.releases.1587.tender.lots.0,0.releases.1587,0,1,SUPPLY AND DELIVERY WELDING TRAINING MATERIALS AT NYAMAGABE REHABILITATION CENTER.,,active,13208383,RWF,allowed
0.releases.1589.tender.lots.0,0.releases.1589,0,1,LotNo1,,active,,,allowed
0.releases.1589.tender.lots.1,0.releases.1589,0,1,TECHNICAL ASSISTANCE TO PROVIDE ISO 27001:2022 and ISO 27701:2019 CERTIFICATION SERVICES TO 5 INSTITUTIONS (CATEGORY 3),TECHNICAL ASSISTANCE TO PROVIDE ISO 27001:2022 and ISO 27701:2019 CERTIFICATION SERVICES TO 5 INSTITUTIONS (CATEGORY 3),active,490000000,RWF,allowed
0.releases.1590.tender.lots.0,0.releases.1590,0,1,LotNo1,,active,,,allowed
0.releases.1590.tender.lots.1,0.releases.1590,0,1,Technical assistance to provide ISO 27001:2022 and ISO 27701:2019 certification services to 3 institutions -Cat Two,Technical assistance to provide ISO 27001:2022 and ISO 27701:2019 certification services to 3 institutions -Cat Two,active,294000000,RWF,allowed
0.releases.1591.tender.lots.0,0.releases.1591,0,1,LotNo1,,active,,,allowed
0.releases.1591.tender.lots.1,0.releases.1591,0,1,Technical assistance to provide ISO 27001:2022 and ISO 27701:2019 certification services to 5 institutions (category 4),Technical assistance to provide ISO 27001:2022 and ISO 27701:2019 certification services to 5 institutions (category 4),active,490000000,RWF,allowed
0.releases.1592.tender.lots.0,0.releases.1592,0,1,LotNo1,,active,,,allowed
0.releases.1592.tender.lots.1,0.releases.1592,0,1,Technical assistance to provide ISO 27001:2022 and ISO 27701:2019 certification services to 3 institutions -Cat 0ne,Technical assistance to provide ISO 27001:2022 and ISO 27701:2019 certification services to 3 institutions -Cat 0ne,active,294000000,RWF,allowed
0.releases.1593.tender.lots.0,0.releases.1593,0,3,Supply of lime grade 1,,active,400000000,RWF,allowed
0.releases.1593.tender.lots.1,0.releases.1593,0,1,Supply of lime grade 1,,active,226666667,RWF,allowed
0.releases.1593.tender.lots.2,0.releases.1593,0,2,Supply of lime grade 1,,active,400000000,RWF,allowed
0.releases.1593.tender.lots.3,0.releases.1593,0,3,Supply of lime grade 1,,active,400000000,RWF,allowed
0.releases.1593.tender.lots.4,0.releases.1593,0,4,Supply of lime grade 1,,active,226666667,RWF,allowed
0.releases.1593.tender.lots.5,0.releases.1593,0,5,Supply of lime grade 1,,active,226666667,RWF,allowed
0.releases.1594.tender.lots.0,0.releases.1594,0,1,Provision of local transport to Rwanda FDA,Provision of local transport to Rwanda FDA,active,25092000,RWF,allowed
0.releases.1595.tender.lots.0,0.releases.1595,0,3,Supply of lime grade 1,,active,400000000,RWF,allowed
0.releases.1595.tender.lots.1,0.releases.1595,0,1,Supply of lime grade 1,,active,226666667,RWF,allowed
0.releases.1595.tender.lots.2,0.releases.1595,0,2,Supply of lime grade 1,,active,400000000,RWF,allowed
0.releases.1595.tender.lots.3,0.releases.1595,0,3,Supply of lime grade 1,,active,400000000,RWF,allowed
0.releases.1595.tender.lots.4,0.releases.1595,0,4,Supply of lime grade 1,,active,226666667,RWF,allowed
0.releases.1595.tender.lots.5,0.releases.1595,0,5,Supply of lime grade 1,,active,226666667,RWF,allowed
0.releases.1596.tender.lots.0,0.releases.1596,0,1,Provision of local transport to Rwanda FDA,Provision of local transport to Rwanda FDA,active,25092000,RWF,allowed
0.releases.1597.tender.lots.0,0.releases.1597,0,1,Provision of transport services to RAB Staff,Transport service,active,32284800,RWF,allowed
0.releases.1598.tender.lots.0,0.releases.1598,0,1,Acquisition of fuel and lubricants,,active,24000000,RWF,allowed
0.releases.1599.tender.lots.0,0.releases.1599,0,1,Provision of codification services of RCA asset in framework,Provision of codification services of RCA asset in framework,active,500000,RWF,allowed
0.releases.1600.tender.lots.0,0.releases.1600,0,1,Provision of codification services of RCA asset in framework,Provision of codification services of RCA asset in framework,active,500000,RWF,allowed
0.releases.1601.tender.lots.0,0.releases.1601,0,1,"A framework agreement for ICT equipment maintenance, support, and spare parts supply to governemt institutions",,active,5000000000,RWF,allowed
0.releases.1602.tender.lots.0,0.releases.1602,0,1,Providing House furniture to the needy beneficiaries of Rulindo District,,active,5600000,RWF,allowed
0.releases.1602.tender.lots.1,0.releases.1602,0,1,Providing House furniture to the needy beneficiaries of Rulindo District,,active,5600000,RWF,allowed
0.releases.1603.tender.lots.0,0.releases.1603,0,1,Provision of Bulk SMS Services,Provision of Bulk SMS Services,active,5000000,RWF,allowed
0.releases.1604.tender.lots.0,0.releases.1604,0,1,Supply of Assistive Devices,,active,10000000,RWF,allowed
0.releases.1605.tender.lots.0,0.releases.1605,0,1,Gym/ Aerobic classes,Gym/ Aerobic classes,active,3000000,RWF,allowed
0.releases.1606.tender.lots.0,0.releases.1606,0,1,Gym/ Aerobic classes,Gym/ Aerobic classes,active,3000000,RWF,allowed
0.releases.1607.tender.lots.0,0.releases.1607,0,1,supply of hand held metal detectors,,active,3277500,RWF,allowed
0.releases.1608.tender.lots.0,0.releases.1608,0,1,"Tender for animal Vaccination campaign, PD, Calves recording and Livestock insurance through sanitary mandate","Tender for animal Vaccination campaign, PD, Calves recording and Livestock insurance through sanitary mandate",active,96951576,RWF,allowed
0.releases.1609.tender.lots.0,0.releases.1609,0,1,Production of audio-visual content under framework contract ,Production of audio-visual content under framework contract ,active,5000000,RWF,allowed
0.releases.1610.tender.lots.0,0.releases.1610,0,1,Price schedule,,active,16000000,RWF,allowed
0.releases.1611.tender.lots.0,0.releases.1611,0,1,Provision of Animal Insermination and Vaccination Services,Diagnosis and treatment of animal diseases and Vaccination of animals against economically important and zoonotic diseases,active,12899997,RWF,allowed
0.releases.1611.tender.lots.1,0.releases.1611,0,2,Provision of Animal Insermination and Vaccination Services,Bovine artificial insemination,active,1,RWF,allowed
0.releases.1611.tender.lots.2,0.releases.1611,0,3,Provision of Animal Insermination and Vaccination Services,Extension and advisory services to farmers,active,1,RWF,allowed
0.releases.1611.tender.lots.3,0.releases.1611,0,4,Provision of Animal Insermination and Vaccination Services,"Hygiene and quality of animal products (Meat, milk, eggs, honey, fish, hides & skins)",active,1,RWF,allowed
0.releases.1612.tender.lots.0,0.releases.1612,0,1,Provision of Animal Insermination and Vaccination Services,Diagnosis and treatment of animal diseases and Vaccination of animals against economically important and zoonotic diseases,active,12899997,RWF,allowed
0.releases.1612.tender.lots.1,0.releases.1612,0,2,Provision of Animal Insermination and Vaccination Services,Bovine artificial insemination,active,1,RWF,allowed
0.releases.1612.tender.lots.2,0.releases.1612,0,3,Provision of Animal Insermination and Vaccination Services,Extension and advisory services to farmers,active,1,RWF,allowed
0.releases.1612.tender.lots.3,0.releases.1612,0,4,Provision of Animal Insermination and Vaccination Services,"Hygiene and quality of animal products (Meat, milk, eggs, honey, fish, hides & skins)",active,1,RWF,allowed
0.releases.1613.tender.lots.0,0.releases.1613,0,1,"Hiring service provider to provide technical assistance for readiness to certification for agricultural export products (Coffee, Tea and Horticulture)",Consultant Services,active,41200000,RWF,allowed
0.releases.1614.tender.lots.0,0.releases.1614,0,1,Tender for Coffee Shops Services in Kayonza District,Tender for Coffee Shops Services in Kayonza District,active,4800000,RWF,allowed
0.releases.1614.tender.lots.1,0.releases.1614,0,1,Tender for Coffee Shops Services in Kayonza District,Tender for Coffee Shops Services in Kayonza District,active,4800000,RWF,allowed
0.releases.1615.tender.lots.0,0.releases.1615,0,1,"Provision of Hotel Service to NPPA in Kigali City (Accommodation, Meeting Rooms, and Outside Catering)/Framework Contract",DAO,active,10000000,RWF,allowed
0.releases.1616.tender.lots.0,0.releases.1616,0,1,Insurance of Buildings and Equipment's Hospital,Insurance of Buildings and Equipment's Hospital,active,5323456,RWF,allowed
0.releases.1616.tender.lots.1,0.releases.1616,0,1,Insurance of Buildings and Equipment's Hospital,Insurance of Buildings and Equipment's Hospital,active,5323456,RWF,allowed
0.releases.1617.tender.lots.0,0.releases.1617,0,1,Annual framework tender for maintenance and repair of district vehicles and motorcycles ( garage services),Annual framework tender for maintenance and repair of district vehicles and motorcycles ( garage services),active,16800000,RWF,allowed
0.releases.1618.tender.lots.0,0.releases.1618,0,1,Construction of Adeper GS Muhoza Bralirwa asphalt road,Construction of Adeper GS Muhoza Bralirwa asphalt road,active,418513139,RWF,allowed
0.releases.1619.tender.lots.0,0.releases.1619,0,1,Annual framework tender for management of Ngoma  cementery,Annual framework tender for management of Ngoma  cementery,active,1000000,RWF,allowed
0.releases.1620.tender.lots.0,0.releases.1620,0,1,SUPPLY OF SPARE PARTS FOR GENERATORS FOR FPU ROTATIONS ,,active,52884580,RWF,allowed
0.releases.1620.tender.lots.1,0.releases.1620,0,1,SUPPLY OF SPARE PARTS FOR GENERATORS FOR FPU ROTATIONS ,,active,52884580,RWF,allowed
0.releases.1622.tender.lots.0,0.releases.1622,0,1,Price schedule,,active,11777895,RWF,allowed
0.releases.1622.tender.lots.1,0.releases.1622,0,1,Price schedule,,active,11777895,RWF,allowed
0.releases.1624.tender.lots.0,0.releases.1624,0,1,Annual framework tender for maintenance and rehabilitation  works of Huye district buildings and infrastructures,Annual framework tender for maintenance and rehabilitation  works of Huye district buildings and infrastructures,active,207825000,RWF,allowed
0.releases.1626.tender.lots.0,0.releases.1626,0,1,Execution works of ravines rehabilitation in and around Nyabiheke and Mahama refugee camps,Works,active,1930118282,RWF,allowed
0.releases.1627.tender.lots.0,0.releases.1627,0,1,"SUPPLY AND DELIVERY OF SHOES, CLOTHES AND BEDDING MATERIALS AT NYAMAGABE REHABILITATION CENTER",,active,10031465,RWF,allowed
0.releases.1629.tender.lots.0,0.releases.1629,0,1,Provision of maritime transport across lake Kivu,Provision of maritime transport across lake Kivu,active,5095000,RWF,allowed
0.releases.1630.tender.lots.0,0.releases.1630,0,1,Provision of Hotel services (3 stars) under framework contract ,Provision of Hotel services (3 stars) under framework contract ,active,40000000,RWF,allowed
0.releases.1630.tender.lots.1,0.releases.1630,0,2,Provision of Hotel services (2 stars) under framework contract ,Provision of Hotel services (2 stars) under framework contract ,active,25000000,RWF,allowed
0.releases.1630.tender.lots.2,0.releases.1630,0,3,Provision of Hotel services (1 star) under framework contract ,Provision of Hotel services (1 star) under framework contract ,active,25000000,RWF,allowed
0.releases.1631.tender.lots.0,0.releases.1631,0,1,Individual consultant to conduct the 2025/26 User Satisfaction Survey.,Bid security,active,47525000,RWF,allowed
0.releases.1631.tender.lots.1,0.releases.1631,0,1,Individual consultant to conduct the 2025/26 User Satisfaction Survey.,Bid security,active,47525000,RWF,allowed
0.releases.1632.tender.lots.0,0.releases.1632,0,1,Provision of cleaning services and Gardening,Provision of cleaning services and Gardening,active,47999880,RWF,allowed
0.releases.1633.tender.lots.0,0.releases.1633,0,1,Supply of Office Stationery,Re-Advertisement of Tender for Supply of Office Stationery,active,15000000,RWF,allowed
0.releases.1634.tender.lots.0,0.releases.1634,0,1,Reception of visitors for District under framework agreement ,Hotel located in Muhanga District,active,35000000,RWF,allowed
0.releases.1634.tender.lots.1,0.releases.1634,0,2,Reception of visitors for District under framework agreement,Motel and restaurant located in Muhanga District,active,15000000,RWF,allowed
0.releases.1634.tender.lots.2,0.releases.1634,0,3,Reception of visitors for District under framework agreement,Hotel Located in Huye City,active,10000000,RWF,allowed
0.releases.1634.tender.lots.3,0.releases.1634,0,4,Reception of visitors for District under framework agreement,Hotel Located in Kigali City,active,10000000,RWF,allowed
0.releases.1634.tender.lots.4,0.releases.1634,0,5,Reception of visitors for District under framework agreement,Hotel Located in Musanze City,active,10000000,RWF,allowed
0.releases.1634.tender.lots.5,0.releases.1634,0,6,Reception of visitors for District under framework agreement,Hotel Located in Rubavu City,active,10000000,RWF,allowed
0.releases.1634.tender.lots.6,0.releases.1634,0,7,Reception of visitors for District under framework agreement,Hotel Located in Karongi City,active,10000000,RWF,allowed
0.releases.1635.tender.lots.0,0.releases.1635,0,1,"Banners  T -SHIRT,SINPOST,DEPLIAT AND CURTAINS",,active,4000000,RWF,allowed
0.releases.1636.tender.lots.0,0.releases.1636,0,1,"Provision of Hotel Service to NPPA in Kigali City (Accommodation, Meeting Rooms, and Outside Catering)/Framework Contract",DAO,active,10000000,RWF,allowed
0.releases.1637.tender.lots.0,0.releases.1637,0,1,Provision of communication services (closed user group) and airtime Cards,,active,18120000,RWF,allowed
0.releases.1638.tender.lots.0,0.releases.1638,0,1,Provision of parking services,Provision of parking services,active,20640000,RWF,allowed
0.releases.1638.tender.lots.1,0.releases.1638,0,1,Provision of parking services,Provision of parking services,active,20640000,RWF,allowed
0.releases.1639.tender.lots.0,0.releases.1639,0,1,Execution works for Rehabilitation and upgrading Yove Health Center,Execution work for Rehabilitation and upgrading Yove Health Center,active,1797657822,RWF,allowed
0.releases.1640.tender.lots.0,0.releases.1640,0,1,Provision of Maintenance Services & Repair Program for Elevator (Re-advertisement) ,Provision of Maintenance Services & Repair Program for Elevator (Re-advertisement) ,active,39000000,RWF,allowed
0.releases.1641.tender.lots.0,0.releases.1641,0,1,Rental of office space to accommodate RCA(Re-advert),Non Con Consultancy,active,209319780,RWF,allowed
0.releases.1642.tender.lots.0,0.releases.1642,0,1,Refreshment for District staffs Re-advertised,,active,15120000,RWF,allowed
0.releases.1643.tender.lots.0,0.releases.1643,0,1,Refreshment for District staffs Re-advertised,,active,15120000,RWF,allowed
0.releases.1644.tender.lots.0,0.releases.1644,0,1,Insurance of RCS Animals,Insurance of RCS Animals,active,30000000,RWF,allowed
0.releases.1645.tender.lots.0,0.releases.1645,0,1,Acquisition of Batteries for RCS Vehicles and Motorcycles,,active,17163500,RWF,allowed
0.releases.1646.tender.lots.0,0.releases.1646,0,1,TENDER FOR TRANSPORT,TENDER FOR TRANSPORT,active,44251800,RWF,allowed
0.releases.1647.tender.lots.0,0.releases.1647,0,1,LotNo1,,active,,,allowed
0.releases.1647.tender.lots.1,0.releases.1647,0,1,Supervision of rehabilitation works of Kamonyi Research Center,Supervision of rehabilitation works of Kamonyi Research Center,active,122836526,RWF,allowed
0.releases.1648.tender.lots.0,0.releases.1648,0,1,LotNo1,,active,,,allowed
0.releases.1648.tender.lots.1,0.releases.1648,0,1,Supervision of rehabilitation works of Kamonyi Research Center,Supervision of rehabilitation works of Kamonyi Research Center,active,122836526,RWF,allowed
0.releases.1649.tender.lots.0,0.releases.1649,0,1,Insurance of RCS Animals,Insurance of RCS Animals,active,30000000,RWF,allowed
0.releases.1650.tender.lots.0,0.releases.1650,0,1,Vaccination & Insemination through Veterinary Sanitary Mandate,Vaccination & Insemination through Veterinary Sanitary Mandate,active,68245691,RWF,allowed
0.releases.1651.tender.lots.0,0.releases.1651,0,1,Provision of Hotel services for Judiciary,3 Star Hotels Services-Huye,active,2800000,RWF,allowed
0.releases.1652.tender.lots.0,0.releases.1652,0,1,Upgrade of electronic medical record and hospital management information system,,active,1900000000,RWF,allowed
0.releases.1653.tender.lots.0,0.releases.1653,0,1,Transport services,Transport services,active,23040000,RWF,allowed
0.releases.1654.tender.lots.0,0.releases.1654,0,1,Acquisition of Batteries for RCS Vehicles and Motorcycles,,active,17163500,RWF,allowed
0.releases.1655.tender.lots.0,0.releases.1655,0,1,Providing cleaning service for Gicumbi District,Providing cleaning service for Gicumbi District,active,22000000,RWF,allowed
0.releases.1656.tender.lots.0,0.releases.1656,0,1,Tender for maintenance of vehicles  and moto vehicles,Tender for maintenance of vehicles  and moto vehicles,active,11000000,RWF,allowed
0.releases.1658.tender.lots.0,0.releases.1658,0,1,Supply and Delivery of carpentry training materials at Nyamagabe Rehabilitation Center,,active,10000000,RWF,allowed
0.releases.1658.tender.lots.1,0.releases.1658,0,2,Supply and Delivery of masonry training matereials at Iwawa Rehabilitation Center,,active,22000000,RWF,allowed
0.releases.1658.tender.lots.2,0.releases.1658,0,3,Supply and delivery of hair dressing training materials at Gitagata Rehabilitation Cente,,active,4100000,RWF,allowed
0.releases.1659.tender.lots.0,0.releases.1659,0,2,Lot 2: SUPPLY OF DIFFERENT EQUIPMENT FOR MINUSCA/UNMISS FPUs,,active,40750000,RWF,allowed
0.releases.1659.tender.lots.1,0.releases.1659,0,5,SUPPLY OF ELECTRICAL AND CONSTRUCTION MATERIALS,,active,68127000,RWF,allowed
0.releases.1659.tender.lots.2,0.releases.1659,0,3,SUPPLY OF REEFER CONTAINER,,active,130000000,RWF,allowed
0.releases.1659.tender.lots.3,0.releases.1659,0,1,SUPPLY OF GENERATORS (STATIONARY AND MOBILE),,active,309300000,RWF,allowed
0.releases.1659.tender.lots.4,0.releases.1659,0,5,SUPPLY OF ELECTRICAL AND CONSTRUCTION MATERIALS,,active,68127000,RWF,allowed
0.releases.1659.tender.lots.5,0.releases.1659,0,4,SUPPLY OF GYM EQUIPMENT,,active,93960000,RWF,allowed
0.releases.1659.tender.lots.6,0.releases.1659,0,2,Lot 2: SUPPLY OF DIFFERENT EQUIPMENT FOR MINUSCA/UNMISS FPUs,,active,40750000,RWF,allowed
0.releases.1660.tender.lots.0,0.releases.1660,0,2,Lot 2: SUPPLY OF DIFFERENT EQUIPMENT FOR MINUSCA/UNMISS FPUs,,active,40750000,RWF,allowed
0.releases.1660.tender.lots.1,0.releases.1660,0,5,SUPPLY OF ELECTRICAL AND CONSTRUCTION MATERIALS,,active,68127000,RWF,allowed
0.releases.1660.tender.lots.2,0.releases.1660,0,3,SUPPLY OF REEFER CONTAINER,,active,130000000,RWF,allowed
0.releases.1660.tender.lots.3,0.releases.1660,0,1,SUPPLY OF GENERATORS (STATIONARY AND MOBILE),,active,309300000,RWF,allowed
0.releases.1660.tender.lots.4,0.releases.1660,0,5,SUPPLY OF ELECTRICAL AND CONSTRUCTION MATERIALS,,active,68127000,RWF,allowed
0.releases.1660.tender.lots.5,0.releases.1660,0,4,SUPPLY OF GYM EQUIPMENT,,active,93960000,RWF,allowed
0.releases.1660.tender.lots.6,0.releases.1660,0,2,Lot 2: SUPPLY OF DIFFERENT EQUIPMENT FOR MINUSCA/UNMISS FPUs,,active,40750000,RWF,allowed
0.releases.1661.tender.lots.0,0.releases.1661,0,1,Supervision of Execution works for Rehabilitation and upgrading Yove Health Center,Supervision of Execution works for Rehabilitation and upgrading Yove Health Center,active,67246830,RWF,allowed
0.releases.1661.tender.lots.1,0.releases.1661,0,1,Supervision of Execution works for Rehabilitation and upgrading Yove Health Center,Supervision of Execution works for Rehabilitation and upgrading Yove Health Center,active,67246830,RWF,allowed
0.releases.1662.tender.lots.0,0.releases.1662,0,1,Framework agreement for Provision of sports and recreational facilities and services for RISA staff,GYM&AEROBICS,active,13939500,RWF,allowed
0.releases.1662.tender.lots.1,0.releases.1662,0,2,Framework agreement for Provision of sports and recreational facilities and services for RISA staff,Swimming,active,13939500,RWF,allowed
0.releases.1662.tender.lots.2,0.releases.1662,0,3,Framework agreement for Provision of sports and recreational facilities and services for RISA staff,SAUNA/Steam,active,13939500,RWF,allowed
0.releases.1662.tender.lots.3,0.releases.1662,0,4,Framework agreement for Provision of sports and recreational facilities and services for RISA staff,Football pitch and related supplies/services,active,13939500,RWF,allowed
0.releases.1663.tender.lots.0,0.releases.1663,0,1,Framework agreement for Provision of sports and recreational facilities and services for RISA staff,GYM&AEROBICS,active,13939500,RWF,allowed
0.releases.1663.tender.lots.1,0.releases.1663,0,2,Framework agreement for Provision of sports and recreational facilities and services for RISA staff,Swimming,active,13939500,RWF,allowed
0.releases.1663.tender.lots.2,0.releases.1663,0,3,Framework agreement for Provision of sports and recreational facilities and services for RISA staff,SAUNA/Steam,active,13939500,RWF,allowed
0.releases.1663.tender.lots.3,0.releases.1663,0,4,Framework agreement for Provision of sports and recreational facilities and services for RISA staff,Football pitch and related supplies/services,active,13939500,RWF,allowed
0.releases.1664.tender.lots.0,0.releases.1664,0,1,Framework agreement for Provision of sports and recreational facilities and services for RISA staff,GYM&AEROBICS,active,13939500,RWF,allowed
0.releases.1664.tender.lots.1,0.releases.1664,0,2,Framework agreement for Provision of sports and recreational facilities and services for RISA staff,Swimming,active,13939500,RWF,allowed
0.releases.1664.tender.lots.2,0.releases.1664,0,3,Framework agreement for Provision of sports and recreational facilities and services for RISA staff,SAUNA/Steam,active,13939500,RWF,allowed
0.releases.1664.tender.lots.3,0.releases.1664,0,4,Framework agreement for Provision of sports and recreational facilities and services for RISA staff,Football pitch and related supplies/services,active,13939500,RWF,allowed
0.releases.1667.tender.lots.0,0.releases.1667,0,1,Tender for transport services in Nyamasheke District,Tender for transport services in Nyamasheke District,active,60000000,RWF,allowed
0.releases.1668.tender.lots.0,0.releases.1668,0,1,"Provision of Venue for Meetings, Conferences and Accommodation",LOT 1 for 3 stars Hotel ,active,21000000,RWF,allowed
0.releases.1668.tender.lots.1,0.releases.1668,0,2,"Provision of Venue for Meetings, Conferences and Accommodation",LOT 2 for 2 stars Hotel ,active,15000000,RWF,allowed
0.releases.1668.tender.lots.2,0.releases.1668,0,3,"Provision of Venue for Meetings, Conferences and Accommodation",LOT 3 for 1 star Hotel ,active,14000000,RWF,allowed
0.releases.1669.tender.lots.0,0.releases.1669,0,1,"Provision of Venue for Meetings, Conferences and Accommodation",LOT 1 for 3 stars Hotel ,active,21000000,RWF,allowed
0.releases.1669.tender.lots.1,0.releases.1669,0,2,"Provision of Venue for Meetings, Conferences and Accommodation",LOT 2 for 2 stars Hotel ,active,15000000,RWF,allowed
0.releases.1669.tender.lots.2,0.releases.1669,0,3,"Provision of Venue for Meetings, Conferences and Accommodation",LOT 3 for 1 star Hotel ,active,14000000,RWF,allowed
0.releases.1670.tender.lots.0,0.releases.1670,0,1,PROVISION OF INSURANCE OF ASSET,PROVISION OF INSURANCE OF ASSET,active,1200000,RWF,allowed
0.releases.1672.tender.lots.0,0.releases.1672,0,1,Supply of  Rabbit cages,,active,59000000,RWF,allowed
0.releases.1673.tender.lots.0,0.releases.1673,0,1,"Supply of Specialized equipment in poultry, pig, and Rabbit",,active,150000000,RWF,allowed
0.releases.1675.tender.lots.0,0.releases.1675,0,1,Supply and Installation of FIFA approved artificial Turf at Huye Stadium and returning floodlights borrowed from Rubavu,,active,1600000000,RWF,allowed
0.releases.1677.tender.lots.0,0.releases.1677,0,1,Routine Maintenance of Roads and Bridges Infrastructures in Rulindo District,Routine Maintenance of Roads and Bridges Infrastructures in Rulindo District,active,300000000,RWF,allowed
0.releases.1678.tender.lots.0,0.releases.1678,0,1,SUPERVISION FOR CONSTRUCTION OF 12 LATRINES AND ACCESSIBLE TOILET AT EP KARAMA IN JANJA SECTOR,SUPERVISION FOR CONSTRUCTION OF 12 LATRINES AND ACCESSIBLE TOILET AT EP KARAMA IN JANJA SECTOR,active,8000000,RWF,allowed
0.releases.1679.tender.lots.0,0.releases.1679,0,2,Lot 2: SUPPLY OF DIFFERENT EQUIPMENT FOR MINUSCA/UNMISS FPUs,,active,40750000,RWF,allowed
0.releases.1679.tender.lots.1,0.releases.1679,0,5,SUPPLY OF ELECTRICAL AND CONSTRUCTION MATERIALS,,active,68127000,RWF,allowed
0.releases.1679.tender.lots.2,0.releases.1679,0,3,SUPPLY OF REEFER CONTAINER,,active,130000000,RWF,allowed
0.releases.1679.tender.lots.3,0.releases.1679,0,1,SUPPLY OF GENERATORS (STATIONARY AND MOBILE),,active,309300000,RWF,allowed
0.releases.1679.tender.lots.4,0.releases.1679,0,5,SUPPLY OF ELECTRICAL AND CONSTRUCTION MATERIALS,,active,68127000,RWF,allowed
0.releases.1679.tender.lots.5,0.releases.1679,0,4,SUPPLY OF GYM EQUIPMENT,,active,93960000,RWF,allowed
0.releases.1679.tender.lots.6,0.releases.1679,0,2,Lot 2: SUPPLY OF DIFFERENT EQUIPMENT FOR MINUSCA/UNMISS FPUs,,active,40750000,RWF,allowed
0.releases.1680.tender.lots.0,0.releases.1680,0,1,Supervision of Construction Works of 528 housing units with infrastructure,Consultancy Services,active,5000000000,RWF,allowed
0.releases.1681.tender.lots.0,0.releases.1681,0,1,Supervision of Construction Works of 528 housing units with infrastructure,Consultancy Services,active,5000000000,RWF,allowed
0.releases.1683.tender.lots.0,0.releases.1683,0,1,Individual consultant to Develop the Standard Operating Procedures (SOPs) for MINECOFIN Processes,Individual consultant to Develop the Standard Operating Procedures (SOPs) for MINECOFIN Processes,active,12000000,RWF,allowed
0.releases.1685.tender.lots.0,0.releases.1685,0,1,Provision of transport services to RAB Staff,Transport service,active,32284800,RWF,allowed
0.releases.1686.tender.lots.0,0.releases.1686,0,1,SLA for Avid products,SLA for Avid products,active,72500000,RWF,allowed
0.releases.1687.tender.lots.0,0.releases.1687,0,1,Maintenance of Laboratory information system at NRL,Maintenance of Laboratory information system at NRL,active,50000000,RWF,allowed
0.releases.1688.tender.lots.0,0.releases.1688,0,1,TV services Lot one,TV services Lot one,active,3000000,RWF,allowed
0.releases.1688.tender.lots.1,0.releases.1688,0,2,Radio services Lot two,Radio services Lot two,active,2000000,RWF,allowed
0.releases.1688.tender.lots.2,0.releases.1688,0,3,Community radios lot three,Community radios lot three,active,2000000,RWF,allowed
0.releases.1688.tender.lots.3,0.releases.1688,0,4,News paper and Magazine lot four,News paper and Magazine lot four,active,2000000,RWF,allowed
0.releases.1688.tender.lots.4,0.releases.1688,0,5,On line Media services Lot 5,On line Media services Lot 5,active,2000000,RWF,allowed
0.releases.1688.tender.lots.5,0.releases.1688,0,6,Live streaming services lot 6,Live streaming services lot 6,active,1000000,RWF,allowed
0.releases.1691.tender.lots.0,0.releases.1691,0,2,"Supply, installation and training on RSB Laboratory Management System for metrology laboratories and upgrading existing system for testing laboratories","Lot2.Supply, installation and training on RSB Laboratory Management System for metrology laboratories ",active,437223400,RWF,allowed
0.releases.1691.tender.lots.1,0.releases.1691,0,3,"Supply, installation and training on RSB Laboratory Management System for metrology laboratories and upgrading existing system for testing laboratories","Lot1. Supply, installation and training and upgrading existing system for testing laboratories",active,432776600,RWF,allowed
0.releases.1692.tender.lots.0,0.releases.1692,0,1,Consultancy Service for Updating the Management Plan of Gishwati-Mukura National Park ,Consultancy Service for Updating the Management Plan of Gishwati-Mukura National Park ,active,50025000,RWF,allowed
0.releases.1693.tender.lots.0,0.releases.1693,0,1,"Consultancy Services for Supervision of Urgent Works of Rehabilitation/Repair of Selected Damaged Unpaved Roads in Nyanza, Gisagara, Ruhango and Kamonyi districts in Rwanda.","Consultancy Services for Supervision of Urgent Works of Rehabilitation/Repair of Selected Damaged Unpaved Roads in Nyanza, Gisagara, Ruhango and Kamonyi districts in Rwanda.",active,778492736,RWF,allowed
0.releases.1694.tender.lots.0,0.releases.1694,0,1,"Consultancy Services for Supervision of Urgent Works of Rehabilitation/Repair of Selected Damaged Unpaved Roads in Nyamasheke, Nyamagabe and Nyaruguru districts, Rwanda.","Consultancy Services for Supervision of Urgent Works of Rehabilitation/Repair of Selected Damaged Unpaved Roads in Nyamasheke, Nyamagabe and Nyaruguru districts, Rwanda.",active,778492736,RWF,allowed
0.releases.1695.tender.lots.0,0.releases.1695,0,1,Tender for Coffee Shops Services in Kayonza District,Tender for Coffee Shops Services in Kayonza District,active,4800000,RWF,allowed
0.releases.1695.tender.lots.1,0.releases.1695,0,1,Tender for Coffee Shops Services in Kayonza District,Tender for Coffee Shops Services in Kayonza District,active,4800000,RWF,allowed
0.releases.1696.tender.lots.0,0.releases.1696,0,1,"Tender for animal Vaccination campaign, PD, Calves recording and Livestock insurance through sanitary mandate","Tender for animal Vaccination campaign, PD, Calves recording and Livestock insurance through sanitary mandate",active,96951576,RWF,allowed
0.releases.1697.tender.lots.0,0.releases.1697,0,1,Tender Supply of Agricultural Inputs ,,active,82000000,RWF,allowed
0.releases.1698.tender.lots.0,0.releases.1698,0,1,SUPPLY AND DELIVERY WELDING TRAINING MATERIALS AT NYAMAGABE REHABILITATION CENTER.,,active,13208383,RWF,allowed
0.releases.1699.tender.lots.0,0.releases.1699,0,1,"SUPPLY AND DELIVERY OF SHOES, CLOTHES AND BEDDING MATERIALS AT NYAMAGABE REHABILITATION CENTER",,active,10031465,RWF,allowed
0.releases.1700.tender.lots.0,0.releases.1700,0,1,Provision of hotel services in Muhanga (Framework contract),Provision of hotel services in Muhanga (Framework contract),active,2000000,RWF,allowed
0.releases.1700.tender.lots.1,0.releases.1700,0,1,Provision of hotel services in Muhanga (Framework contract),Provision of hotel services in Muhanga (Framework contract),active,2000000,RWF,allowed
0.releases.1701.tender.lots.0,0.releases.1701,0,1,Provision for service of Emptying toilets and fosses at Gitagata Rehabilitation Center,Provision for service of Emptying toilets and fosses at Gitagata Rehabilitation Center,active,42720000,RWF,allowed
0.releases.1702.tender.lots.0,0.releases.1702,0,2,Supply and Delivery of carpentry training materials at Nyamagabe Rehabilitation Center,,active,10000000,RWF,allowed
0.releases.1703.tender.lots.0,0.releases.1703,0,1,Supply and installation of office furniture for Rwanda Standards Board (framework contract),,active,25000000,RWF,allowed
0.releases.1704.tender.lots.0,0.releases.1704,0,1,Supply and installation of health centers equipment(PHASE II),,active,22660696,RWF,allowed
0.releases.1705.tender.lots.0,0.releases.1705,0,1,Provide Girinka package under framework agreement,,active,10652237,RWF,allowed
0.releases.1706.tender.lots.0,0.releases.1706,0,1, TV and Radio production, TV and Radio production,active,700000,RWF,allowed
0.releases.1706.tender.lots.1,0.releases.1706,0,2, TV and Radio production, TV and Radio production,active,300000,RWF,allowed
0.releases.1707.tender.lots.0,0.releases.1707,0,1,"Decoration and sonolisation services (location chairs,tents, Cameras)","Decoration and sonolisation services (location chairs,tents, Cameras).",active,3000000,RWF,allowed
0.releases.1708.tender.lots.0,0.releases.1708,0,1,Rwanda Television,Rwanda Television,active,14124800,RWF,allowed
0.releases.1708.tender.lots.1,0.releases.1708,0,2,Radio Rwanda,Radio Rwanda,active,14000000,RWF,allowed
0.releases.1708.tender.lots.2,0.releases.1708,0,3,RBA community radio stations,RBA community radio stations,active,14000000,RWF,allowed
0.releases.1708.tender.lots.3,0.releases.1708,0,4,Other services / social media platforms,Other services / social media platforms,active,12000000,RWF,allowed
0.releases.1709.tender.lots.0,0.releases.1709,0,1,"Feasibility Study for upgrading and rehabilitation of 4 markets (Kabarore, Rwagitima, Kiramuruzi and Muhura) in Gatsibo District","Feasibility Study for upgrading and rehabilitation of 4 markets (Kabarore, Rwagitima, Kiramuruzi and Muhura) in Gatsibo District",active,102620000,RWF,allowed
0.releases.1709.tender.lots.1,0.releases.1709,0,1,"Feasibility Study for upgrading and rehabilitation of 4 markets (Kabarore, Rwagitima, Kiramuruzi and Muhura) in Gatsibo District","Feasibility Study for upgrading and rehabilitation of 4 markets (Kabarore, Rwagitima, Kiramuruzi and Muhura) in Gatsibo District",active,102620000,RWF,allowed
0.releases.1709.tender.lots.2,0.releases.1709,0,1,LotNo1,,active,,,allowed
0.releases.1710.tender.lots.0,0.releases.1710,0,1,"Feasibility Study for upgrading and rehabilitation of 4 markets (Kabarore, Rwagitima, Kiramuruzi and Muhura) in Gatsibo District","Feasibility Study for upgrading and rehabilitation of 4 markets (Kabarore, Rwagitima, Kiramuruzi and Muhura) in Gatsibo District",active,102620000,RWF,allowed
0.releases.1710.tender.lots.1,0.releases.1710,0,1,"Feasibility Study for upgrading and rehabilitation of 4 markets (Kabarore, Rwagitima, Kiramuruzi and Muhura) in Gatsibo District","Feasibility Study for upgrading and rehabilitation of 4 markets (Kabarore, Rwagitima, Kiramuruzi and Muhura) in Gatsibo District",active,102620000,RWF,allowed
0.releases.1710.tender.lots.2,0.releases.1710,0,1,LotNo1,,active,,,allowed
0.releases.1711.tender.lots.0,0.releases.1711,0,1,Construction of Gahabwa Center- Bikono -Muramba chip seal road of ( 3.743km),Construction of Gahabwa Center- Bikono -Muramba chip seal road of ( 3.743km),active,1928564500,RWF,allowed
0.releases.1712.tender.lots.0,0.releases.1712,0,1,Framework contract for the supply of sports equipment to RSB staff,,active,10000000,RWF,allowed
0.releases.1713.tender.lots.0,0.releases.1713,0,1,Provision of Sports and recreational facilities and services, LOT1: SWIMMING POOL SERVICES,active,18000000,RWF,allowed
0.releases.1713.tender.lots.1,0.releases.1713,0,2,Provision of Sports and recreational facilities and services,LOT 2: Gym-tonic and Aerobic services,active,18000000,RWF,allowed
0.releases.1713.tender.lots.2,0.releases.1713,0,1,Provision of Sports and recreational facilities and services, LOT1: SWIMMING POOL SERVICES,active,18000000,RWF,allowed
0.releases.1713.tender.lots.3,0.releases.1713,0,2,Provision of Sports and recreational facilities and services,LOT 2: Gym-tonic and Aerobic services,active,18000000,RWF,allowed
0.releases.1714.tender.lots.0,0.releases.1714,0,3,Supply of Cleaning& Hygiene materials ( LOT 3),,active,68094208,RWF,allowed
0.releases.1714.tender.lots.1,0.releases.1714,0,1,Supply of Cleaning& Hygiene materials (LOT 1),,active,30000000,RWF,allowed
0.releases.1714.tender.lots.2,0.releases.1714,0,2,Supply of Cleaning& Hygiene materials ( LOT 2),,active,90000000,RWF,allowed
0.releases.1714.tender.lots.3,0.releases.1714,0,3,Supply of Cleaning& Hygiene materials ( LOT 3),,active,68094208,RWF,allowed
0.releases.1715.tender.lots.0,0.releases.1715,0,1,Lot 1: Media houses that possess both Radio and TV stations,Lot 1: Media houses that possess both Radio and TV stations,active,70423862,RWF,allowed
0.releases.1715.tender.lots.1,0.releases.1715,0,2,Lot 2: Media houses with only a radio station,Lot 2: Media houses with only a radio station,active,12257338,RWF,allowed
0.releases.1715.tender.lots.2,0.releases.1715,0,3,Lot 3: Media houses with websites that produce educational content and/or current affairs,Lot 3: Media houses with websites that produce educational content and/or current affairs,active,65420642,RWF,allowed
0.releases.1715.tender.lots.3,0.releases.1715,0,4,Lot 4: Media houses with YouTube Channels that produce educational content and/or current affairs,Lot 4: Media houses with YouTube Channels that produce educational content and/or current affairs,active,22576138,RWF,allowed
0.releases.1716.tender.lots.0,0.releases.1716,0,1,Lot 1: Media houses that possess both Radio and TV stations,Lot 1: Media houses that possess both Radio and TV stations,active,70423862,RWF,allowed
0.releases.1716.tender.lots.1,0.releases.1716,0,2,Lot 2: Media houses with only a radio station,Lot 2: Media houses with only a radio station,active,12257338,RWF,allowed
0.releases.1716.tender.lots.2,0.releases.1716,0,3,Lot 3: Media houses with websites that produce educational content and/or current affairs,Lot 3: Media houses with websites that produce educational content and/or current affairs,active,65420642,RWF,allowed
0.releases.1716.tender.lots.3,0.releases.1716,0,4,Lot 4: Media houses with YouTube Channels that produce educational content and/or current affairs,Lot 4: Media houses with YouTube Channels that produce educational content and/or current affairs,active,22576138,RWF,allowed
0.releases.1717.tender.lots.0,0.releases.1717,0,1,Construction of Busanza Youth Centre Playground,Construction of Busanza Youth Centre /Playground,active,176445201,RWF,allowed
0.releases.1718.tender.lots.0,0.releases.1718,0,1,MAINTENANCE OF MEDICAUX EQUIPMENT AND SUPPLY ,Maternal and Neonatal Care Equipment,active,5000000,RWF,allowed
0.releases.1718.tender.lots.1,0.releases.1718,0,2,MAINTENANCE OF MEDICAUX EQUIPMENT AND SUPPLY ,"Anesthesia, Ophthalmology & Critical Care Equipment",active,5000000,RWF,allowed
0.releases.1718.tender.lots.2,0.releases.1718,0,3,MAINTENANCE OF MEDICAUX EQUIPMENT AND SUPPLY ,"Surgical, Ophthalmology & Operating Theatre Equipment",active,5000000,RWF,allowed
0.releases.1718.tender.lots.3,0.releases.1718,0,1,MAINTENANCE OF MEDICAUX EQUIPMENT AND SUPPLY ,Maternal and Neonatal Care Equipment,active,5000000,RWF,allowed
0.releases.1718.tender.lots.4,0.releases.1718,0,2,MAINTENANCE OF MEDICAUX EQUIPMENT AND SUPPLY ,"Anesthesia, Ophthalmology & Critical Care Equipment",active,5000000,RWF,allowed
0.releases.1718.tender.lots.5,0.releases.1718,0,3,MAINTENANCE OF MEDICAUX EQUIPMENT AND SUPPLY ,"Surgical, Ophthalmology & Operating Theatre Equipment",active,5000000,RWF,allowed
0.releases.1719.tender.lots.0,0.releases.1719,0,1,MAINTENANCE OF MEDICAUX EQUIPMENT AND SUPPLY ,Maternal and Neonatal Care Equipment,active,5000000,RWF,allowed
0.releases.1719.tender.lots.1,0.releases.1719,0,2,MAINTENANCE OF MEDICAUX EQUIPMENT AND SUPPLY ,"Anesthesia, Ophthalmology & Critical Care Equipment",active,5000000,RWF,allowed
0.releases.1719.tender.lots.2,0.releases.1719,0,3,MAINTENANCE OF MEDICAUX EQUIPMENT AND SUPPLY ,"Surgical, Ophthalmology & Operating Theatre Equipment",active,5000000,RWF,allowed
0.releases.1719.tender.lots.3,0.releases.1719,0,1,MAINTENANCE OF MEDICAUX EQUIPMENT AND SUPPLY ,Maternal and Neonatal Care Equipment,active,5000000,RWF,allowed
0.releases.1719.tender.lots.4,0.releases.1719,0,2,MAINTENANCE OF MEDICAUX EQUIPMENT AND SUPPLY ,"Anesthesia, Ophthalmology & Critical Care Equipment",active,5000000,RWF,allowed
0.releases.1719.tender.lots.5,0.releases.1719,0,3,MAINTENANCE OF MEDICAUX EQUIPMENT AND SUPPLY ,"Surgical, Ophthalmology & Operating Theatre Equipment",active,5000000,RWF,allowed
0.releases.1720.tender.lots.0,0.releases.1720,0,1,Construction works of Canteen and Kitchen at Nyamasheke Correctional Facility,Construction works,active,498340635,RWF,allowed
0.releases.1720.tender.lots.1,0.releases.1720,0,1,Construction works of Canteen and Kitchen at Nyamasheke Correctional Facility,Construction works,active,498340635,RWF,allowed
0.releases.1721.tender.lots.0,0.releases.1721,0,1,Purchase of Books for NPPA,,active,10000000,RWF,allowed
0.releases.1722.tender.lots.0,0.releases.1722,0,1,Codification of Assets,Codification of Assets,active,1500000,RWF,allowed
0.releases.1724.tender.lots.0,0.releases.1724,0,1,Conduct preventive and curative maintenance of non- medical equipment and spare parts,Conduct preventive and curative maintenance of non- medical equipment and spare parts,active,18860058,RWF,allowed
0.releases.1725.tender.lots.0,0.releases.1725,0,1,Production of graphic design and printing services and promotional materials ,Production of graphic design and printing services and promotional materials ,active,15000000,RWF,allowed
0.releases.1726.tender.lots.0,0.releases.1726,0,1,Office Consumbles,,active,10000000,RWF,allowed
0.releases.1726.tender.lots.1,0.releases.1726,0,2,Sport Materials,,active,3812323,RWF,allowed
0.releases.1729.tender.lots.0,0.releases.1729,0,1,framework contract for supply and installation of office equipment (Furniture),,active,143359995,RWF,allowed
0.releases.1729.tender.lots.1,0.releases.1729,0,1,framework contract for supply and installation of office equipment (Furniture),,active,143359995,RWF,allowed
0.releases.1730.tender.lots.0,0.releases.1730,0,1,"Feasibility Study and Detailed Design For The Rehabilitation of Gihuma, Gisuma, Muhazi and Cyunyu Water Treatment Plants","Feasibility Study and Detailed Design For The Rehabilitation of Gihuma, Gisuma, Muhazi and Cyunyu Water Treatment Plants",active,950000000,RWF,allowed
0.releases.1730.tender.lots.1,0.releases.1730,0,1,LotNo1,,active,,,allowed
0.releases.1731.tender.lots.0,0.releases.1731,0,1,Feasibility and Detailed Design for the Rehabilitation and Upgrading of Kimisagara WTP,Feasibility and Detailed Design for the Rehabilitation and Upgrading of Kimisagara WTP,active,518500000,RWF,allowed
0.releases.1731.tender.lots.1,0.releases.1731,0,1,LotNo1,,active,,,allowed
0.releases.1732.tender.lots.0,0.releases.1732,0,1,SUPPLY OF ICT EQUIPMENT,,active,19640000,RWF,allowed
0.releases.1732.tender.lots.1,0.releases.1732,0,1,SUPPLY OF ICT EQUIPMENT,,active,19640000,RWF,allowed
0.releases.1733.tender.lots.0,0.releases.1733,0,1,Tender for supply of Foodstuff for transit Center,,active,25641940,RWF,allowed
0.releases.1734.tender.lots.0,0.releases.1734,0,1,Provision of Cleaning Services at RFA (HUYE&Gatsibo),Provision of Cleaning Services at RFA ,active,18000000,RWF,allowed
0.releases.1734.tender.lots.1,0.releases.1734,0,2,Provision of Cleaning Services at RFA (HUB NYAMAGA,Provision of Cleaning Services at RFA (HUYE&Gatsibo),active,15000000,RWF,allowed
0.releases.1738.tender.lots.0,0.releases.1738,0,1,CONSTRUCTION OF 12 LATRINES AND ONE ACCESSIBLE TOILET AT EP KARAMA IN JANJA SECTOR,CONSTRUCTION OF 12 LATRINES AND ONE ACCESSIBLE TOILET AT EP KARAMA IN JANJA SECTOR,active,26520731,RWF,allowed
0.releases.1741.tender.lots.0,0.releases.1741,0,1,Supply the Archive Materials,,active,20000000,RWF,allowed
0.releases.1742.tender.lots.0,0.releases.1742,0,1,Supply of VUP Productive Asset Transfer (Tool Kts),,active,70000000,RWF,allowed
0.releases.1743.tender.lots.0,0.releases.1743,0,1,LotNo1,,active,,,allowed
0.releases.1745.tender.lots.0,0.releases.1745,0,1,Office Consumbles,,active,10000000,RWF,allowed
0.releases.1745.tender.lots.1,0.releases.1745,0,2,Sport Materials,,active,3812323,RWF,allowed
0.releases.1746.tender.lots.0,0.releases.1746,0,1,Provision of Land Valuation Services,Provision of Land Valuation Services,active,40000000,RWF,allowed
0.releases.1746.tender.lots.1,0.releases.1746,0,1,Provision of Land Valuation Services,Provision of Land Valuation Services,active,40000000,RWF,allowed
0.releases.1747.tender.lots.0,0.releases.1747,0,1,CONSTRUCTION OF 12 LATRINES AND ONE ACCESSIBLE TOILET AT EP KARAMA IN JANJA SECTOR,CONSTRUCTION OF 12 LATRINES AND ONE ACCESSIBLE TOILET AT EP KARAMA IN JANJA SECTOR,active,26520731,RWF,allowed
0.releases.1748.tender.lots.0,0.releases.1748,0,1,Supply of Assistive Devices,,active,10000000,RWF,allowed
0.releases.1749.tender.lots.0,0.releases.1749,0,1,SUPPLY OF MEDICAL PRODUCTS AND EQUIPMENT FOR RNP,,active,4246950,RWF,allowed
0.releases.1750.tender.lots.0,0.releases.1750,0,1,Supply of cows for Girinka Program in Rwamagana District 2025-2026,,active,27500000,RWF,allowed
0.releases.1751.tender.lots.0,0.releases.1751,0,1,Supply and fixing of window and doors,,active,15048000,RWF,allowed
0.releases.1751.tender.lots.1,0.releases.1751,0,1,Supply and fixing of window and doors,,active,15048000,RWF,allowed
0.releases.1751.tender.lots.2,0.releases.1751,0,2,Supply of hardware construction materials,,active,22008452,RWF,allowed
0.releases.1751.tender.lots.3,0.releases.1751,0,3,Supply of local construction materials,,active,39632320,RWF,allowed
0.releases.1751.tender.lots.4,0.releases.1751,0,4,"supply of chairs,tables, desks and closing placard",,active,18205000,RWF,allowed
0.releases.1752.tender.lots.0,0.releases.1752,0,1,Designing and printing promotion materials for NESA (Under framework contract),Designing and printing promotion materials for NESA (Under framework contract),active,12000000,RWF,allowed
0.releases.1753.tender.lots.0,0.releases.1753,0,1,Refilling and Supply of fire extinguishers,,active,2500000,RWF,allowed
0.releases.1754.tender.lots.0,0.releases.1754,0,1,Designing and printing promotion materials for NESA (Under framework contract),Designing and printing promotion materials for NESA (Under framework contract),active,12000000,RWF,allowed
0.releases.1754.tender.lots.1,0.releases.1754,0,1,Designing and printing promotion materials for NESA (Under framework contract),Designing and printing promotion materials for NESA (Under framework contract),active,12000000,RWF,allowed
0.releases.1755.tender.lots.0,0.releases.1755,0,1,Provision of insurance for A@P Building,Provision of insurance for A@P Building,active,50000000,RWF,allowed
0.releases.1757.tender.lots.0,0.releases.1757,0,1,"Tender for acquisition of toners/cartridge for printers: Canon image,Runner advance 4545i and Canon image Runner C3025i",,active,5000000,RWF,allowed
0.releases.1759.tender.lots.0,0.releases.1759,0,1,Centralized procurement of monitor ,,active,500000000,RWF,allowed
0.releases.1760.tender.lots.0,0.releases.1760,0,1,Purchase of Hospital staff Uniform,,active,3500000,RWF,allowed
0.releases.1762.tender.lots.0,0.releases.1762,0,1,"Supply, Installation, and commissioning of Plant biotechnology equipment( lot 1:  Laboratory equipment and consumables)",,active,175000000,RWF,allowed
0.releases.1762.tender.lots.1,0.releases.1762,0,2,"Supply, Installation, and commissioning of Plant biotechnology equipment(lot2: Supply of Bovine Artificial Insemination kits)",,active,175000000,RWF,allowed
0.releases.1762.tender.lots.2,0.releases.1762,0,1,"Supply, Installation, and commissioning of Plant biotechnology equipment( lot 1:  Laboratory equipment and consumables)",,active,175000000,RWF,allowed
0.releases.1762.tender.lots.3,0.releases.1762,0,2,"Supply, Installation, and commissioning of Plant biotechnology equipment(lot2: Supply of Bovine Artificial Insemination kits)",,active,175000000,RWF,allowed
0.releases.1763.tender.lots.0,0.releases.1763,0,1,SUPERVISION SERVICES FOR REHABILITATION AND EXPANSION OF CYANIKA IN NYAMAGABE DISTRICT AND MUHORORO TVET SCHOOLS IN KARONGI DISTRICT.,SUPERVISION SERVICES FOR REHABILITATION AND EXPANSION OF CYANIKA IN NYAMAGABE DISTRICT AND MUHORORO TVET SCHOOLS IN KARONGI DISTRICT.,active,551000000,RWF,allowed
0.releases.1763.tender.lots.1,0.releases.1763,0,1,LotNo1,,active,,,allowed
0.releases.1764.tender.lots.0,0.releases.1764,0,1,"Supply, Installation, and commissioning of Plant biotechnology equipment( lot 1:  Laboratory equipment and consumables)",,active,175000000,RWF,allowed
0.releases.1764.tender.lots.1,0.releases.1764,0,2,"Supply, Installation, and commissioning of Plant biotechnology equipment(lot2: Supply of Bovine Artificial Insemination kits)",,active,175000000,RWF,allowed
0.releases.1764.tender.lots.2,0.releases.1764,0,1,"Supply, Installation, and commissioning of Plant biotechnology equipment( lot 1:  Laboratory equipment and consumables)",,active,175000000,RWF,allowed
0.releases.1764.tender.lots.3,0.releases.1764,0,2,"Supply, Installation, and commissioning of Plant biotechnology equipment(lot2: Supply of Bovine Artificial Insemination kits)",,active,175000000,RWF,allowed
0.releases.1765.tender.lots.0,0.releases.1765,0,1,Constrution of Basketball courts and Earthworks at IPRC Karongi ,Constrution of Basketball courts and Earthworks,active,1275346674,RWF,allowed
0.releases.1765.tender.lots.1,0.releases.1765,0,2,Construction of football pitch at IPRC Karongi,Construction of football pitch at IPRC Karongi,active,742824581,RWF,allowed
0.releases.1765.tender.lots.2,0.releases.1765,0,3,Construction of football pitch at IPRC Kitabi,Construction of football pitch at IPRC Kitabi,active,746570194,RWF,allowed
0.releases.1766.tender.lots.0,0.releases.1766,0,1,LotNo1,,active,,,allowed
0.releases.1766.tender.lots.1,0.releases.1766,0,1,LotNo1,,active,,,allowed
0.releases.1766.tender.lots.2,0.releases.1766,0,1,LotNo1,,active,,,allowed
0.releases.1767.tender.lots.0,0.releases.1767,0,4,Bill of quantitiers for reparation of  Ngoma cf ,Bill of quantitiers for reparation of  Ngoma cf ,active,5125000,RWF,allowed
0.releases.1767.tender.lots.1,0.releases.1767,0,1, Bill of quinities for Rusizi Biogas plan Rehabilitation , Bill of quinities for Rusizi Biogas plan Rehabilitation,active,36404500,RWF,allowed
0.releases.1767.tender.lots.2,0.releases.1767,0,2, Bill of quantitiers for reparation of Nyamagabe cf Biogaz plant, Bill of quantitiers for reparation of Nyamagabe cf Biogaz plant,active,29106340,RWF,allowed
0.releases.1767.tender.lots.3,0.releases.1767,0,3,Bill of quantitiers for reparation of  Gicumbi cf ,Bill of quantitiers for reparation of  Gicumbi cf ,active,6935175,RWF,allowed
0.releases.1767.tender.lots.4,0.releases.1767,0,1, Bill of quinities for Rusizi Biogas plan Rehabilitation , Bill of quinities for Rusizi Biogas plan Rehabilitation,active,36404500,RWF,allowed
0.releases.1767.tender.lots.5,0.releases.1767,0,2, Bill of quantitiers for reparation of Nyamagabe cf Biogaz plant, Bill of quantitiers for reparation of Nyamagabe cf Biogaz plant,active,29106340,RWF,allowed
0.releases.1767.tender.lots.6,0.releases.1767,0,3,Bill of quantitiers for reparation of  Gicumbi cf ,Bill of quantitiers for reparation of  Gicumbi cf ,active,6935175,RWF,allowed
0.releases.1767.tender.lots.7,0.releases.1767,0,4,Bill of quantitiers for reparation of  Ngoma cf ,Bill of quantitiers for reparation of  Ngoma cf ,active,5125000,RWF,allowed
0.releases.1768.tender.lots.0,0.releases.1768,0,4,Bill of quantitiers for reparation of  Ngoma cf ,Bill of quantitiers for reparation of  Ngoma cf ,active,5125000,RWF,allowed
0.releases.1768.tender.lots.1,0.releases.1768,0,1, Bill of quinities for Rusizi Biogas plan Rehabilitation , Bill of quinities for Rusizi Biogas plan Rehabilitation,active,36404500,RWF,allowed
0.releases.1768.tender.lots.2,0.releases.1768,0,2, Bill of quantitiers for reparation of Nyamagabe cf Biogaz plant, Bill of quantitiers for reparation of Nyamagabe cf Biogaz plant,active,29106340,RWF,allowed
0.releases.1768.tender.lots.3,0.releases.1768,0,3,Bill of quantitiers for reparation of  Gicumbi cf ,Bill of quantitiers for reparation of  Gicumbi cf ,active,6935175,RWF,allowed
0.releases.1768.tender.lots.4,0.releases.1768,0,1, Bill of quinities for Rusizi Biogas plan Rehabilitation , Bill of quinities for Rusizi Biogas plan Rehabilitation,active,36404500,RWF,allowed
0.releases.1768.tender.lots.5,0.releases.1768,0,2, Bill of quantitiers for reparation of Nyamagabe cf Biogaz plant, Bill of quantitiers for reparation of Nyamagabe cf Biogaz plant,active,29106340,RWF,allowed
0.releases.1768.tender.lots.6,0.releases.1768,0,3,Bill of quantitiers for reparation of  Gicumbi cf ,Bill of quantitiers for reparation of  Gicumbi cf ,active,6935175,RWF,allowed
0.releases.1768.tender.lots.7,0.releases.1768,0,4,Bill of quantitiers for reparation of  Ngoma cf ,Bill of quantitiers for reparation of  Ngoma cf ,active,5125000,RWF,allowed
0.releases.1769.tender.lots.0,0.releases.1769,0,4,Bill of quantitiers for reparation of  Ngoma cf ,Bill of quantitiers for reparation of  Ngoma cf ,active,5125000,RWF,allowed
0.releases.1769.tender.lots.1,0.releases.1769,0,1, Bill of quinities for Rusizi Biogas plan Rehabilitation , Bill of quinities for Rusizi Biogas plan Rehabilitation,active,36404500,RWF,allowed
0.releases.1769.tender.lots.2,0.releases.1769,0,2, Bill of quantitiers for reparation of Nyamagabe cf Biogaz plant, Bill of quantitiers for reparation of Nyamagabe cf Biogaz plant,active,29106340,RWF,allowed
0.releases.1769.tender.lots.3,0.releases.1769,0,3,Bill of quantitiers for reparation of  Gicumbi cf ,Bill of quantitiers for reparation of  Gicumbi cf ,active,6935175,RWF,allowed
0.releases.1769.tender.lots.4,0.releases.1769,0,1, Bill of quinities for Rusizi Biogas plan Rehabilitation , Bill of quinities for Rusizi Biogas plan Rehabilitation,active,36404500,RWF,allowed
0.releases.1769.tender.lots.5,0.releases.1769,0,2, Bill of quantitiers for reparation of Nyamagabe cf Biogaz plant, Bill of quantitiers for reparation of Nyamagabe cf Biogaz plant,active,29106340,RWF,allowed
0.releases.1769.tender.lots.6,0.releases.1769,0,3,Bill of quantitiers for reparation of  Gicumbi cf ,Bill of quantitiers for reparation of  Gicumbi cf ,active,6935175,RWF,allowed
0.releases.1769.tender.lots.7,0.releases.1769,0,4,Bill of quantitiers for reparation of  Ngoma cf ,Bill of quantitiers for reparation of  Ngoma cf ,active,5125000,RWF,allowed
0.releases.1770.tender.lots.0,0.releases.1770,0,4,Bill of quantitiers for reparation of  Ngoma cf ,Bill of quantitiers for reparation of  Ngoma cf ,active,5125000,RWF,allowed
0.releases.1770.tender.lots.1,0.releases.1770,0,1, Bill of quinities for Rusizi Biogas plan Rehabilitation , Bill of quinities for Rusizi Biogas plan Rehabilitation,active,36404500,RWF,allowed
0.releases.1770.tender.lots.2,0.releases.1770,0,2, Bill of quantitiers for reparation of Nyamagabe cf Biogaz plant, Bill of quantitiers for reparation of Nyamagabe cf Biogaz plant,active,29106340,RWF,allowed
0.releases.1770.tender.lots.3,0.releases.1770,0,3,Bill of quantitiers for reparation of  Gicumbi cf ,Bill of quantitiers for reparation of  Gicumbi cf ,active,6935175,RWF,allowed
0.releases.1770.tender.lots.4,0.releases.1770,0,1, Bill of quinities for Rusizi Biogas plan Rehabilitation , Bill of quinities for Rusizi Biogas plan Rehabilitation,active,36404500,RWF,allowed
0.releases.1770.tender.lots.5,0.releases.1770,0,2, Bill of quantitiers for reparation of Nyamagabe cf Biogaz plant, Bill of quantitiers for reparation of Nyamagabe cf Biogaz plant,active,29106340,RWF,allowed
0.releases.1770.tender.lots.6,0.releases.1770,0,3,Bill of quantitiers for reparation of  Gicumbi cf ,Bill of quantitiers for reparation of  Gicumbi cf ,active,6935175,RWF,allowed
0.releases.1770.tender.lots.7,0.releases.1770,0,4,Bill of quantitiers for reparation of  Ngoma cf ,Bill of quantitiers for reparation of  Ngoma cf ,active,5125000,RWF,allowed
0.releases.1771.tender.lots.0,0.releases.1771,0,1,SUPERVISION SERVICES FOR REHABILITATION AND EXPANSION OF CYANIKA IN NYAMAGABE DISTRICT AND MUHORORO TVET SCHOOLS IN KARONGI DISTRICT.,SUPERVISION SERVICES FOR REHABILITATION AND EXPANSION OF CYANIKA IN NYAMAGABE DISTRICT AND MUHORORO TVET SCHOOLS IN KARONGI DISTRICT.,active,551000000,RWF,allowed
0.releases.1771.tender.lots.1,0.releases.1771,0,1,LotNo1,,active,,,allowed
0.releases.1773.tender.lots.0,0.releases.1773,0,1,"Supply, Installation, and commissioning of Plant biotechnology equipment",,active,450000000,RWF,allowed
0.releases.1773.tender.lots.1,0.releases.1773,0,1,"Supply, Installation, and commissioning of Plant biotechnology equipment",,active,450000000,RWF,allowed
0.releases.1774.tender.lots.0,0.releases.1774,0,1,Maintenance and repairs of Domestic appliances,LOT 1: RWAMAGANA CF TVET,active,1145000,RWF,allowed
0.releases.1774.tender.lots.1,0.releases.1774,0,2,Maintenance and repairs of Domestic appliances,LOT 2: NYANZA CF VTC,active,1780000,RWF,allowed
0.releases.1774.tender.lots.2,0.releases.1774,0,3,Maintenance and repairs of Domestic appliances,LOT 3: TAILORING EQUIPMENT AT NYARUGENGE CF VTC,active,1529000,RWF,allowed
0.releases.1774.tender.lots.3,0.releases.1774,0,4,Maintenance and repairs of Domestic appliances,LOT 4: HAIREDRESSING EQUIPMENT AT NYARUGENGE CF VTC,active,1160000,RWF,allowed
0.releases.1774.tender.lots.4,0.releases.1774,0,5,Maintenance and repairs of Domestic appliances,LOT 5: MOTO-VEHICLE MECHANIC EQUIPMENT AT NYARUGENGE CF VTC,active,2426000,RWF,allowed
0.releases.1774.tender.lots.5,0.releases.1774,0,6,Maintenance and repairs of Domestic appliances,LOT 6: TAILORING EQUIPMENT AT BUGESERA CF,active,1127000,RWF,allowed
0.releases.1774.tender.lots.6,0.releases.1774,0,7,Maintenance and repairs of Domestic appliances,LOT 7: WELDING EQUIPMENT AT BUGESERA CF,active,1597000,RWF,allowed
0.releases.1774.tender.lots.7,0.releases.1774,0,8,Maintenance and repairs of Domestic appliances,LOT 8: LEATHER EQUIPMENT AT RUBAVU CF VTC,active,1340000,RWF,allowed
0.releases.1774.tender.lots.8,0.releases.1774,0,9,Maintenance and repairs of Domestic appliances,LOT 9: CARPENTRY EQUIPMENT AT HUYE CF VTC,active,1885000,RWF,allowed
0.releases.1776.tender.lots.0,0.releases.1776,0,1,Recruitment of consultancy firm to conduct the Midi-Term Review of COMBIO Project,Recruitment of consultancy firm to conduct the Midi-Term Review of COMBIO Project,active,40000000,RWF,allowed
0.releases.1777.tender.lots.0,0.releases.1777,0,1,To construct Genocide against Tutsi Monument,CATEGORY F,active,3000000,RWF,allowed
0.releases.1778.tender.lots.0,0.releases.1778,0,1,To construct Genocide against Tutsi Monument,CATEGORY F,active,3000000,RWF,allowed
0.releases.1779.tender.lots.0,0.releases.1779,0,1,Purchase of electricity,,active,15000000,RWF,allowed
0.releases.1779.tender.lots.1,0.releases.1779,0,1,Purchase of electricity,,active,15000000,RWF,allowed
0.releases.1779.tender.lots.2,0.releases.1779,0,1,Purchase of electricity,,active,15000000,RWF,allowed
0.releases.1779.tender.lots.3,0.releases.1779,0,1,Purchase of electricity,,active,15000000,RWF,allowed
0.releases.1779.tender.lots.4,0.releases.1779,0,1,Purchase of electricity,,active,15000000,RWF,allowed
0.releases.1780.tender.lots.0,0.releases.1780,0,1,Supply of MOE vehicle spare parts,,active,18703000,RWF,allowed
0.releases.1782.tender.lots.0,0.releases.1782,0,4,Bill of quantitiers for reparation of  Ngoma cf ,Bill of quantitiers for reparation of  Ngoma cf ,active,5125000,RWF,allowed
0.releases.1782.tender.lots.1,0.releases.1782,0,1, Bill of quinities for Rusizi Biogas plan Rehabilitation , Bill of quinities for Rusizi Biogas plan Rehabilitation,active,36404500,RWF,allowed
0.releases.1782.tender.lots.2,0.releases.1782,0,2, Bill of quantitiers for reparation of Nyamagabe cf Biogaz plant, Bill of quantitiers for reparation of Nyamagabe cf Biogaz plant,active,29106340,RWF,allowed
0.releases.1782.tender.lots.3,0.releases.1782,0,3,Bill of quantitiers for reparation of  Gicumbi cf ,Bill of quantitiers for reparation of  Gicumbi cf ,active,6935175,RWF,allowed
0.releases.1782.tender.lots.4,0.releases.1782,0,1, Bill of quinities for Rusizi Biogas plan Rehabilitation , Bill of quinities for Rusizi Biogas plan Rehabilitation,active,36404500,RWF,allowed
0.releases.1782.tender.lots.5,0.releases.1782,0,2, Bill of quantitiers for reparation of Nyamagabe cf Biogaz plant, Bill of quantitiers for reparation of Nyamagabe cf Biogaz plant,active,29106340,RWF,allowed
0.releases.1782.tender.lots.6,0.releases.1782,0,3,Bill of quantitiers for reparation of  Gicumbi cf ,Bill of quantitiers for reparation of  Gicumbi cf ,active,6935175,RWF,allowed
0.releases.1782.tender.lots.7,0.releases.1782,0,4,Bill of quantitiers for reparation of  Ngoma cf ,Bill of quantitiers for reparation of  Ngoma cf ,active,5125000,RWF,allowed
0.releases.1785.tender.lots.0,0.releases.1785,0,1,Hiring vehicle for  transport service,Hiring vehicle for  transport service,active,38037900,RWF,allowed
0.releases.1785.tender.lots.1,0.releases.1785,0,1,Hiring vehicle for  transport service,Hiring vehicle for  transport service,active,38037900,RWF,allowed
0.releases.1786.tender.lots.0,0.releases.1786,0,1,Tender for supply of furnitures in constructed house for needy Genocide survivors,,active,11900000,RWF,allowed
0.releases.1789.tender.lots.0,0.releases.1789,0,1,Purchase of Hospital staff Uniform,,active,3500000,RWF,allowed
0.releases.1791.tender.lots.0,0.releases.1791,0,1,Works for the rehabilitation of Irrigation Infrastructures,marshland development ,active,1000000000,RWF,allowed
0.releases.1792.tender.lots.0,0.releases.1792,0,1,"Provision of IT infrastructure and Cyber-security review, enhancement, automation of the DR site configurations and implementations of recommendations, advisory and trainings(framework contract)","Provision of IT infrastructure and Cyber-security review, enhancement, automation of the DR site configurations and implementations of recommendations, advisory and trainings(framework contract)",active,700000000,RWF,allowed
0.releases.1792.tender.lots.1,0.releases.1792,0,1,"Provision of IT infrastructure and Cyber-security review, enhancement, automation of the DR site configurations and implementations of recommendations, advisory and trainings(framework contract)","Provision of IT infrastructure and Cyber-security review, enhancement, automation of the DR site configurations and implementations of recommendations, advisory and trainings(framework contract)",active,700000000,RWF,allowed
0.releases.1792.tender.lots.2,0.releases.1792,0,1,"Provision of IT infrastructure and Cyber-security review, enhancement, automation of the DR site configurations and implementations of recommendations, advisory and trainings(framework contract)","Provision of IT infrastructure and Cyber-security review, enhancement, automation of the DR site configurations and implementations of recommendations, advisory and trainings(framework contract)",active,700000000,RWF,allowed
0.releases.1793.tender.lots.0,0.releases.1793,0,1,"Supervision of rehabilitation and renovation (refurbishment) works for the rooms to host smart classrooms and smart labs located in IPRC Huye, IPRC Kigali, Nyamata TVET School, and EFA Nyagahanga.",NA,active,75820853,RWF,allowed
0.releases.1794.tender.lots.0,0.releases.1794,0,1,LotNo1,,active,,,allowed
0.releases.1795.tender.lots.0,0.releases.1795,0,1,Purchase of Hospital staff Uniform,,active,3500000,RWF,allowed
0.releases.1796.tender.lots.0,0.releases.1796,0,1,Purchase of Hospital staff Uniform,,active,3500000,RWF,allowed
0.releases.1797.tender.lots.0,0.releases.1797,0,1,Supply of cows for Girinka Program in Rwamagana District 2025-2026,,active,27500000,RWF,allowed
0.releases.1797.tender.lots.1,0.releases.1797,0,1,Supply of cows for Girinka Program in Rwamagana District 2025-2026,,active,27500000,RWF,allowed
0.releases.1798.tender.lots.0,0.releases.1798,0,1,Purchase of Hospital staff Uniform,,active,3500000,RWF,allowed
0.releases.1799.tender.lots.0,0.releases.1799,0,1,Purchase of Hospital staff Uniform,,active,3500000,RWF,allowed
0.releases.1800.tender.lots.0,0.releases.1800,0,1,CONSULTANCY SERVICE FOR PROPERTY VALUATION,CONSULTANCY SERVICE FOR PROPERTY VALUATION,active,7000000,RWF,allowed
0.releases.1802.tender.lots.0,0.releases.1802,0,1,Refilling and Supply of fire extinguishers,,active,2500000,RWF,allowed
0.releases.1804.tender.lots.0,0.releases.1804,0,1,Tea break required for the RCS staff,,active,44915200,RWF,allowed
0.releases.1806.tender.lots.0,0.releases.1806,0,1,Production of T-shirts and their branding to used in the events.,,active,32000000,RWF,allowed
0.releases.1808.tender.lots.0,0.releases.1808,0,1,LotNo1,,active,,,allowed
0.releases.1809.tender.lots.0,0.releases.1809,0,1,To construct Genocide against Tutsi Monument,To construct Genocide against Tutsi Monument,active,3000000,RWF,allowed
0.releases.1811.tender.lots.0,0.releases.1811,0,1,SUPPLY OF OFFICE FURNITURE,,active,25000000,RWF,allowed
0.releases.1812.tender.lots.0,0.releases.1812,0,1,Replacement of Giant Screens/Scoreboards at Amahoro National Stadium,,active,2363242433,RWF,allowed
0.releases.1814.tender.lots.0,0.releases.1814,0,1,SUPPLY OF OFFICE FURNITURE,,active,25000000,RWF,allowed
0.releases.1815.tender.lots.0,0.releases.1815,0,1,ender for ICT MAINTENANCE AND SUPPLY OF ACCESSORIES,ender for ICT MAINTENANCE AND SUPPLY OF ACCESSORIES,active,14867000,RWF,allowed
0.releases.1817.tender.lots.0,0.releases.1817,0,1,Tender for supply of Foodstuff for transit Center,,active,25641940,RWF,allowed
0.releases.1817.tender.lots.1,0.releases.1817,0,1,Tender for supply of Foodstuff for transit Center,,active,25641940,RWF,allowed
0.releases.1818.tender.lots.0,0.releases.1818,0,1,Framework contract for the provision of 3star Hotel services in Kigali,Framework contract for the provision of 3star Hotel services in Kigali,active,5000000,RWF,allowed
0.releases.1819.tender.lots.0,0.releases.1819,0,1,Framework contract for the provision of 3star Hotel services in Kigali,Framework contract for the provision of 3star Hotel services in Kigali,active,5000000,RWF,allowed
0.releases.1820.tender.lots.0,0.releases.1820,0,1,Framework contract for the provision of 3star Hotel services in Kigali,Framework contract for the provision of 3star Hotel services in Kigali,active,5000000,RWF,allowed
0.releases.1821.tender.lots.0,0.releases.1821,0,1,Framework contract for the provision of 3star Hotel services in Kigali,Framework contract for the provision of 3star Hotel services in Kigali,active,5000000,RWF,allowed
0.releases.1822.tender.lots.0,0.releases.1822,0,1,Framework contract for the provision of 3star Hotel services in Kigali,Framework contract for the provision of 3star Hotel services in Kigali,active,5000000,RWF,allowed
0.releases.1823.tender.lots.0,0.releases.1823,0,1,SUPPLY OF OFFICE FURNITURE,,active,25000000,RWF,allowed
0.releases.1823.tender.lots.1,0.releases.1823,0,1,SUPPLY OF OFFICE FURNITURE,,active,25000000,RWF,allowed
0.releases.1824.tender.lots.0,0.releases.1824,0,1,Rehabilitation of the TB Sake Court Building ,Rehabilitation of the TB Sake Court Building ,active,34112517,RWF,allowed
0.releases.1826.tender.lots.0,0.releases.1826,0,1,LotNo1,,active,,,allowed
0.releases.1826.tender.lots.1,0.releases.1826,0,1,TECHNICAL ASSISTANCE TO PROVIDE ISO 27001:2022 and ISO 27701:2019 CERTIFICATION SERVICES TO 5 INSTITUTIONS (CATEGORY 3),TECHNICAL ASSISTANCE TO PROVIDE ISO 27001:2022 and ISO 27701:2019 CERTIFICATION SERVICES TO 5 INSTITUTIONS (CATEGORY 3),active,490000000,RWF,allowed
0.releases.1828.tender.lots.0,0.releases.1828,0,1,Framework Contract to Supply Fuel,Framework Contract to Supply Fuel,active,3942500,RWF,allowed
0.releases.1829.tender.lots.0,0.releases.1829,0,1,Framework Conultancy Tender for Maintenance and Upgrade of the SAP S4 HANA System,Consultancy Services,active,325000000,RWF,allowed
0.releases.1829.tender.lots.1,0.releases.1829,0,1,LotNo1,,active,,,allowed
0.releases.1829.tender.lots.2,0.releases.1829,0,1,Framework Conultancy Tender for Maintenance and Upgrade of the SAP S4 HANA System,Consultancy Services,active,325000000,RWF,allowed
0.releases.1830.tender.lots.0,0.releases.1830,0,1,Radio & TV microwave spares for existing transmission infrastructure,,active,65475000,RWF,allowed
0.releases.1830.tender.lots.1,0.releases.1830,0,1,Radio & TV microwave spares for existing transmission infrastructure,,active,65475000,RWF,allowed
0.releases.1831.tender.lots.0,0.releases.1831,0,1,Purchase of Drugs for Girinka package,,active,8876864,RWF,allowed
0.releases.1833.tender.lots.0,0.releases.1833,0,1,Maintenance and repair ,"Maintenance and repair of air conditioners, hospital fridge and mortuary fridge",active,3958600,RWF,allowed
0.releases.1835.tender.lots.0,0.releases.1835,0,1,Conduct ESIA/ESMP for Cyabayaga irrigation scheme (re-advertised),ESIA/ESMP for Cyabayaga,active,48000000,RWF,allowed
0.releases.1835.tender.lots.1,0.releases.1835,0,1,LotNo1,,active,,,allowed
0.releases.1836.tender.lots.0,0.releases.1836,0,1,LotNo1,,active,,,allowed
0.releases.1837.tender.lots.0,0.releases.1837,0,1,Supervision of proposed beautifications at Amahoro Stadium,Supervision of proposed beautifications at Amahoro Stadium,active,84234541,RWF,allowed
0.releases.1838.tender.lots.0,0.releases.1838,0,1,Recruitment of consultancy firm to conduct the Midi-Term Review of COMBIO Project,Recruitment of consultancy firm to conduct the Midi-Term Review of COMBIO Project,active,40000000,RWF,allowed
0.releases.1839.tender.lots.0,0.releases.1839,0,1,Disaster Recovery and Services Continuity for IT,,active,696650172,RWF,allowed
0.releases.1839.tender.lots.1,0.releases.1839,0,2,Lot 1: Disaster RecoveryDisaster Recovery Solution for broadcasting service continuity,,active,414922068,RWF,allowed
0.releases.1843.tender.lots.0,0.releases.1843,0,1,Tender for supply of Foodstuff for transit Center,,active,25641940,RWF,allowed
0.releases.1843.tender.lots.1,0.releases.1843,0,1,Tender for supply of Foodstuff for transit Center,,active,25641940,RWF,allowed
0.releases.1844.tender.lots.0,0.releases.1844,0,1,Acquistion of Medical Equipment for Rwamaagana Social Reintegration centre,,active,28965000,RWF,allowed
0.releases.1844.tender.lots.1,0.releases.1844,0,1,Acquistion of Medical Equipment for Rwamaagana Social Reintegration centre,,active,28965000,RWF,allowed
0.releases.1846.tender.lots.0,0.releases.1846,0,1,Laboratory Equipment to UR-CMHS ,,active,208634188,RWF,allowed
0.releases.1846.tender.lots.1,0.releases.1846,0,1,Laboratory Equipment to UR-CMHS ,,active,208634188,RWF,allowed
0.releases.1847.tender.lots.0,0.releases.1847,0,1,Provision of transport services to CNRU staff in the Kigali city,Provision of transport services to CNRU staff in the Kigali city,active,5000000,RWF,allowed
0.releases.1848.tender.lots.0,0.releases.1848,0,1,"Acquisition of curtain Nyarugenge CF, Nyamasheke CF and Nyamagabe CF",,active,11170000,RWF,allowed
0.releases.1850.tender.lots.0,0.releases.1850,0,1,Radio Automation Software,,active,232000000,RWF,allowed
0.releases.1852.tender.lots.0,0.releases.1852,0,1,Tender for supply of furnitures in constructed house for needy Genocide survivors,,active,11900000,RWF,allowed
0.releases.1853.tender.lots.0,0.releases.1853,0,2,Acquisition of Electricity power System(Lightining Conductors),"MUSANZE,GICUMBI,RUBAVU",active,28934400,RWF,allowed
0.releases.1853.tender.lots.1,0.releases.1853,0,3,Acquisition of Electricity power System(Lightining Conductors),"NYANZA, HUYE, NYAMAGABE, RUSIZI, NYAMAGABE",active,40016000,RWF,allowed
0.releases.1856.tender.lots.0,0.releases.1856,0,1,"Non medical equipment maintenance and Supply (Lot VI: supply of medical lamps, etc…..)","Non medical equipment maintenance and Supply(Lot VI: supply of medical lamps, etc…..)",active,5000000,RWF,allowed
0.releases.1857.tender.lots.0,0.releases.1857,0,1,Acquistion of Medical Equipment for Rwamaagana Social Reintegration centre,,active,28965000,RWF,allowed
0.releases.1857.tender.lots.1,0.releases.1857,0,1,Acquistion of Medical Equipment for Rwamaagana Social Reintegration centre,,active,28965000,RWF,allowed
0.releases.1861.tender.lots.0,0.releases.1861,0,1,Provision of 3 stars Hotel services for RTB staff in Kigali City and Provinces,Provision of 3 stars Hotel services for RTB staff in Kigali City and Provinces,active,20000000,RWF,allowed
0.releases.1862.tender.lots.0,0.releases.1862,0,1,Tender for Office SUPPLIES. ,,active,13560000,RWF,allowed
0.releases.1865.tender.lots.0,0.releases.1865,0,1,LotNo1,,active,,,allowed
0.releases.1881.tender.lots.0,0.releases.1881,0,1,Construction of CST road Gihundwe- Rwahi-Busekanka Phase I Gihundwe-Rwahi,Construction of CST road Gihundwe- Rwahi-Busekanka Phase I Gihundwe-Rwahi,active,6319121171,RWF,allowed
0.releases.1882.tender.lots.0,0.releases.1882,0,1,SUPPLY OF MEDICAL PRODUCTS AND EQUIPMENT FOR RNP,,active,4246950,RWF,allowed
0.releases.1882.tender.lots.1,0.releases.1882,0,1,SUPPLY OF MEDICAL PRODUCTS AND EQUIPMENT FOR RNP,,active,4246950,RWF,allowed
0.releases.1883.tender.lots.0,0.releases.1883,0,1,Supply of tyres to Nyabihu District under framework agreement,,active,19000000,RWF,allowed
0.releases.1883.tender.lots.1,0.releases.1883,0,1,Supply of tyres to Nyabihu District under framework agreement,,active,19000000,RWF,allowed
0.releases.1884.tender.lots.0,0.releases.1884,0,1,Tender for make surpervision of Upgrade Rasano Health Post,Tender for make surpervision of Upgrade Rasano Health Post,active,40000000,RWF,allowed
0.releases.1885.tender.lots.0,0.releases.1885,0,1,Provision of Clearing and Forwarding Services for RFI Goods,Provision of Clearing and Forwarding Services for RFI Goods,active,1000000,RWF,allowed
0.releases.1888.tender.lots.0,0.releases.1888,0,1,Construction of CST road Gihundwe- Rwahi-Busekanka Phase I Gihundwe-Rwahi,Construction of CST road Gihundwe- Rwahi-Busekanka Phase I Gihundwe-Rwahi,active,6319121171,RWF,allowed
0.releases.1889.tender.lots.0,0.releases.1889,0,1,Tender for make surpervision of Upgrade Rasano Health Post,Tender for make surpervision of Upgrade Rasano Health Post,active,40000000,RWF,allowed
0.releases.1890.tender.lots.0,0.releases.1890,0,1,Radio & TV microwave spares for existing transmission infrastructure,,active,65475000,RWF,allowed
0.releases.1890.tender.lots.1,0.releases.1890,0,1,Radio & TV microwave spares for existing transmission infrastructure,,active,65475000,RWF,allowed
0.releases.1891.tender.lots.0,0.releases.1891,0,1,Supply of Office Stationaries for NESA staff under Framework agreement,,active,167000000,RWF,allowed
0.releases.1892.tender.lots.0,0.releases.1892,0,1,Supply of Office Stationaries for NESA staff under Framework agreement,,active,167000000,RWF,allowed
0.releases.1893.tender.lots.0,0.releases.1893,0,1,Construction works of four (4) watering troughs at Gishwati RAB Station,Construction works of four (4) watering troughs at Gishwati RAB Station,active,15445523,RWF,allowed
0.releases.1893.tender.lots.1,0.releases.1893,0,1,Construction works of four (4) watering troughs at Gishwati RAB Station,Construction works of four (4) watering troughs at Gishwati RAB Station,active,15445523,RWF,allowed
0.releases.1894.tender.lots.0,0.releases.1894,0,1,Works for the rehabilitation of Irrigation Infrastructures,marshland development ,active,1000000000,RWF,allowed
0.releases.1894.tender.lots.1,0.releases.1894,0,1,Works for the rehabilitation of Irrigation Infrastructures,marshland development ,active,1000000000,RWF,allowed
0.releases.1895.tender.lots.0,0.releases.1895,0,1,"Provision  sound system,docolation and related services under framework contract","Provision  sound system,docolation and related services under framework contract",active,20000000,RWF,allowed
0.releases.1896.tender.lots.0,0.releases.1896,0,1,Maintenance Service and Repair of the Different Systems for the Offices of NPPA Headquarter and in Provinces (Framework Contract),DAO,active,9750000,RWF,allowed
0.releases.1902.tender.lots.0,0.releases.1902,0,1,Construction of Staff quarters at EP Kibimba in Kabare Sector,Construction of Staff quarters at EP Kibimba in Kabare Sector,active,87516750,RWF,allowed
0.releases.1903.tender.lots.0,0.releases.1903,0,1,LotNo1,,active,,,allowed
0.releases.1904.tender.lots.0,0.releases.1904,0,1,Supply and installation of Hardware equipment-LOT 1,,active,4290445253,RWF,allowed
0.releases.1904.tender.lots.1,0.releases.1904,0,2,Supply and installation of Container Unit equipment-LOT 2,,active,962946755,RWF,allowed
0.releases.1905.tender.lots.0,0.releases.1905,0,1,Conduct ESIA/ESMP for Cyabayaga irrigation scheme (re-advertised),ESIA/ESMP for Cyabayaga,active,48000000,RWF,allowed
0.releases.1905.tender.lots.1,0.releases.1905,0,1,LotNo1,,active,,,allowed
0.releases.1906.tender.lots.0,0.releases.1906,0,1,Hiring Hygiene company and laundry product,Non consultant services,active,72000000,RWF,allowed
0.releases.1907.tender.lots.0,0.releases.1907,0,1,Provision of transport services to CNRU staff in the Kigali city,Provision of transport services to CNRU staff in the Kigali city,active,5000000,RWF,allowed
0.releases.1908.tender.lots.0,0.releases.1908,0,1,Radio Automation Software,,active,232000000,RWF,allowed
0.releases.1911.tender.lots.0,0.releases.1911,0,1,Tender for purchase of medical equipments,,active,30000000,RWF,allowed
0.releases.1911.tender.lots.1,0.releases.1911,0,1,Tender for purchase of medical equipments,,active,30000000,RWF,allowed
0.releases.1912.tender.lots.0,0.releases.1912,0,1,Supply of Agroforest trees and reeds (Framework),,active,144500000,RWF,allowed
0.releases.1913.tender.lots.0,0.releases.1913,0,1,"Supply of motorcycle equipment, field equipment and related accessories",,active,35000000,RWF,allowed
0.releases.1914.tender.lots.0,0.releases.1914,0,1,framework contract for supply of promotional materials,,active,48000000,RWF,allowed
0.releases.1915.tender.lots.0,0.releases.1915,0,1,Insurance of Kigali Public Library,Insurance of Kigali Public Library,active,2300000,RWF,allowed
0.releases.1917.tender.lots.0,0.releases.1917,0,1,Supply of Foods and Hygienic materials for Baby Gorilla in Quarantine ,,active,12000000,RWF,allowed
0.releases.1918.tender.lots.0,0.releases.1918,0,1,Laboratory Equipment to UR-CMHS ,,active,208634188,RWF,allowed
0.releases.1918.tender.lots.1,0.releases.1918,0,1,Laboratory Equipment to UR-CMHS ,,active,208634188,RWF,allowed
0.releases.1920.tender.lots.0,0.releases.1920,0,1,Tender for Office SUPPLIES. ,,active,13560000,RWF,allowed
0.releases.1921.tender.lots.0,0.releases.1921,0,1,UPPLY AND INSTALLATION OF NETWORK EQUIPMENT AND DEVICES ( FRAMEWORK CONTRACT),,active,220000000,RWF,allowed
0.releases.1922.tender.lots.0,0.releases.1922,0,1,Acquisition of Furniture (Re-advertised),,active,5000000,RWF,allowed
0.releases.1922.tender.lots.1,0.releases.1922,0,1,Acquisition of Furniture (Re-advertised),,active,5000000,RWF,allowed
0.releases.1923.tender.lots.0,0.releases.1923,0,1, Supply of office stationaries and consumables  ,,active,17000000,RWF,allowed
0.releases.1924.tender.lots.0,0.releases.1924,0,1,Provision of communication services (Closed user group) And airtime Top up for Kaduha Hospital staff,Provision of communication services (Closed user group) And airtime Top up for Kaduha Hospital staff,active,10800000,RWF,allowed
0.releases.1926.tender.lots.0,0.releases.1926,0,1,Support to HH Genocide Survivors with house furniture,,active,2800000,RWF,allowed
0.releases.1928.tender.lots.0,0.releases.1928,0,1,"Supply, installation, commissioning and training of high accuracy temperature calibration oil bath with accessories and barometric pressure chamber ",,active,104205000,RWF,allowed
0.releases.1930.tender.lots.0,0.releases.1930,0,1,WASH kits,,active,31144000,RWF,allowed
0.releases.1930.tender.lots.1,0.releases.1930,0,2,Cloths,,active,5227500,RWF,allowed
0.releases.1930.tender.lots.2,0.releases.1930,0,3,School materials,,active,6860000,RWF,allowed
0.releases.1931.tender.lots.0,0.releases.1931,0,1,"Consultancy services for feasibility study and detailled engineering design for Kinkware,Karwasa Nyirambundi modern market and upgrading Musanze youth center playgrounds to Gymnasium","Consultancy services for feasibility study and detailled engineering design for Kinkware,Karwasa,Nyirambundi modern market and upgrading Musanze youth center playgrounds to Gymnasium",active,80000000,RWF,allowed
0.releases.1933.tender.lots.0,0.releases.1933,0,1,Supply of small tools and consumables in Agri Mechanization Technology department,,active,10000000,RWF,allowed
0.releases.1934.tender.lots.0,0.releases.1934,0,1,PROVISION OF ONLINE SERVICES,ONLINE SERVICES,active,20000000,RWF,allowed
0.releases.1934.tender.lots.1,0.releases.1934,0,2,PROVISION OF RADIO SERVICES, RADIO SERVICES,active,20000000,RWF,allowed
0.releases.1934.tender.lots.2,0.releases.1934,0,3,PROVISION OF TETEVISION SERVICES,ONLINE SERVICES,active,10000000,RWF,allowed
0.releases.1936.tender.lots.0,0.releases.1936,0,1,maintenance and repair services for Printers and Photocopiers,maintenance and repair services,active,5000000,RWF,allowed
0.releases.1936.tender.lots.1,0.releases.1936,0,1,maintenance and repair services for Printers and Photocopiers,maintenance and repair services,active,5000000,RWF,allowed
0.releases.1938.tender.lots.0,0.releases.1938,0,1,SUPPLY OF PLUMBING MATERIALS,,active,10000000,RWF,allowed
0.releases.1938.tender.lots.1,0.releases.1938,0,1,SUPPLY OF PLUMBING MATERIALS,,active,10000000,RWF,allowed
0.releases.1939.tender.lots.0,0.releases.1939,0,1,Hiring online media for advertising RCHA activities.,Re-advertised Hiring online media for advertising RCHA activities.,active,20000000,RWF,allowed
0.releases.1943.tender.lots.0,0.releases.1943,0,1,Acquisition of raw materials for fabrication of sauce pan,,active,9868000,RWF,allowed
0.releases.1944.tender.lots.0,0.releases.1944,0,1,Establishment of framework agreement for supply of stationnairies(office supplies),,active,32088330,RWF,allowed
0.releases.1945.tender.lots.0,0.releases.1945,0,1,Supply of food stuff and other materials to be used in Transit Centre in Gatsibo District,,active,45000000,RWF,allowed
0.releases.1949.tender.lots.0,0.releases.1949,0,1,Hotel services in Kigali city lot1,Hotel services in Kigali city lot1,active,10000000,RWF,allowed
0.releases.1949.tender.lots.1,0.releases.1949,0,2,Hotel services in Rwamagana District Lot 2,Hotel services in Rwamagana District Lot 2,active,74000000,RWF,allowed
0.releases.1950.tender.lots.0,0.releases.1950,0,1,Hotel services in Kigali city lot1,Hotel services in Kigali city lot1,active,10000000,RWF,allowed
0.releases.1950.tender.lots.1,0.releases.1950,0,2,Hotel services in Rwamagana District Lot 2,Hotel services in Rwamagana District Lot 2,active,74000000,RWF,allowed
0.releases.1952.tender.lots.0,0.releases.1952,0,1,"Supply, installation, commissioning and training of metrology reference standards and accessories for torque calibration system to support aircraft maintenance services under KLP project.",,active,321256458,RWF,allowed
0.releases.1952.tender.lots.1,0.releases.1952,0,2,"Supply, instal, commis and training of metrol reference standards compression and tensile force load cells   and acces  for calibration construction site testing laboratories equipment ",,active,433711668,RWF,allowed
0.releases.1952.tender.lots.2,0.releases.1952,0,3,Supply and commiss of equipment to upgrade the Volume and Chemical Metrology laboratories,,active,167447927,RWF,allowed
0.releases.1952.tender.lots.3,0.releases.1952,0,4,Supply and commissioning of equipment to upgrade the pressure calibration in aircraft maintenance ,,active,112087175,RWF,allowed
0.releases.1953.tender.lots.0,0.releases.1953,0,1,Supply of hand sanitizers and face masks,,active,30000000,RWF,allowed
0.releases.1954.tender.lots.0,0.releases.1954,0,1,LOT1: CCTV Cameras and Access Control Systems,,active,50000000,RWF,allowed
0.releases.1954.tender.lots.1,0.releases.1954,0,3,Lot 3. Fire Fighting Equipments & Alarm Systems,,active,25000000,RWF,allowed
0.releases.1956.tender.lots.0,0.releases.1956,0,1,Provision of transport services to CNRU staff in the Kigali city,Provision of transport services to CNRU staff in the Kigali city,active,5000000,RWF,allowed
0.releases.1957.tender.lots.0,0.releases.1957,0,1,Supply of Kitchen Materiel,,active,10000000,RWF,allowed
0.releases.1959.tender.lots.0,0.releases.1959,0,1,Consultancy services for feasibility study of extension of water Supply System in Musanze Sector,Consultancy services for feasibility study of extension of water Supply System in Musanze Sector,active,50000000,RWF,allowed
0.releases.1961.tender.lots.0,0.releases.1961,0,1,Recruitment of an Individual Consultant to support the development of a Virtual Property and Building Addressing System.,Recruitment of an Individual Consultant to support the development of a Virtual Property and Building Addressing System.,active,60000000,RWF,allowed
0.releases.1962.tender.lots.0,0.releases.1962,0,1,Codification of ministry's assets(MOYA HQ) and Kimisagara Youth,Codification of ministry's assets(MOYA HQ) and Kimisagara Youth,active,3000000,RWF,allowed
0.releases.1962.tender.lots.1,0.releases.1962,0,1,Codification of ministry's assets(MOYA HQ) and Kimisagara Youth,Codification of ministry's assets(MOYA HQ) and Kimisagara Youth,active,3000000,RWF,allowed
0.releases.1963.tender.lots.0,0.releases.1963,0,1,Supply of pig feeds,,active,40000000,RWF,allowed
0.releases.1963.tender.lots.1,0.releases.1963,0,1,Supply of pig feeds,,active,40000000,RWF,allowed
0.releases.1965.tender.lots.0,0.releases.1965,0,1,"Supply, installation, commissioning and training of metrology reference standards and accessories for torque calibration system to support aircraft maintenance services under KLP project.",,active,321256458,RWF,allowed
0.releases.1965.tender.lots.1,0.releases.1965,0,2,"Supply, instal, commis and training of metrol reference standards compression and tensile force load cells   and acces  for calibration construction site testing laboratories equipment ",,active,433711668,RWF,allowed
0.releases.1965.tender.lots.2,0.releases.1965,0,3,Supply and commiss of equipment to upgrade the Volume and Chemical Metrology laboratories,,active,167447927,RWF,allowed
0.releases.1965.tender.lots.3,0.releases.1965,0,4,Supply and commissioning of equipment to upgrade the pressure calibration in aircraft maintenance ,,active,112087175,RWF,allowed
0.releases.1966.tender.lots.0,0.releases.1966,0,1,Supply of animal feeds,,active,30000000,RWF,allowed
0.releases.1966.tender.lots.1,0.releases.1966,0,1,Supply of animal feeds,,active,30000000,RWF,allowed
0.releases.1967.tender.lots.0,0.releases.1967,0,1,Supply of Office Stationaries for NESA staff under Framework agreement,,active,167000000,RWF,allowed
0.releases.1968.tender.lots.0,0.releases.1968,0,1,"Supply, Installation, and commissioning of Plant biotechnology equipment( lot 1:  Laboratory equipment and consumables)",,active,175000000,RWF,allowed
0.releases.1968.tender.lots.1,0.releases.1968,0,2,"Supply, Installation, and commissioning of Plant biotechnology equipment(lot2: Supply of Bovine Artificial Insemination kits)",,active,175000000,RWF,allowed
0.releases.1968.tender.lots.2,0.releases.1968,0,1,"Supply, Installation, and commissioning of Plant biotechnology equipment( lot 1:  Laboratory equipment and consumables)",,active,175000000,RWF,allowed
0.releases.1968.tender.lots.3,0.releases.1968,0,2,"Supply, Installation, and commissioning of Plant biotechnology equipment(lot2: Supply of Bovine Artificial Insemination kits)",,active,175000000,RWF,allowed
0.releases.1969.tender.lots.0,0.releases.1969,0,1,"Supply, Installation, and commissioning of Plant biotechnology equipment",,active,450000000,RWF,allowed
0.releases.1969.tender.lots.1,0.releases.1969,0,1,"Supply, Installation, and commissioning of Plant biotechnology equipment",,active,450000000,RWF,allowed
0.releases.1970.tender.lots.0,0.releases.1970,0,1,Purchase of Hospital staff Uniform,,active,3500000,RWF,allowed
0.releases.1972.tender.lots.0,0.releases.1972,0,1,Purchase of Hospital staff Uniform,,active,3500000,RWF,allowed
0.releases.1973.tender.lots.0,0.releases.1973,0,1,Supply of Communication Materials and related accessories,,active,40000000,RWF,allowed
0.releases.1973.tender.lots.1,0.releases.1973,0,1,Supply of Communication Materials and related accessories,,active,40000000,RWF,allowed
0.releases.1974.tender.lots.0,0.releases.1974,0,1,Decoration services ,Provision of decoration services to RP,active,35000000,RWF,allowed
0.releases.1974.tender.lots.1,0.releases.1974,0,1,Decoration services ,Provision of decoration services to RP,active,35000000,RWF,allowed
0.releases.1975.tender.lots.0,0.releases.1975,0,1,Tender for Supply of Mobile devices on behalf of all Government Institutions,,active,200000000,RWF,allowed
0.releases.1977.tender.lots.0,0.releases.1977,0,1,Tender for provision VIP Transport Services for civil servants across the country, VVIP Transport Services for civil servants across the country,active,1000000000,RWF,allowed
0.releases.1977.tender.lots.1,0.releases.1977,0,2,Tender for provision VIP Transport Services for civil servants across the country,VIP Transport Services for civil servants across the country,active,1000000000,RWF,allowed
0.releases.1978.tender.lots.0,0.releases.1978,0,1,Tender for provision VIP Transport Services for civil servants across the country, VVIP Transport Services for civil servants across the country,active,1000000000,RWF,allowed
0.releases.1978.tender.lots.1,0.releases.1978,0,2,Tender for provision VIP Transport Services for civil servants across the country,VIP Transport Services for civil servants across the country,active,1000000000,RWF,allowed
0.releases.1979.tender.lots.0,0.releases.1979,0,1,Tender for provision VIP Transport Services for civil servants across the country, VVIP Transport Services for civil servants across the country,active,1000000000,RWF,allowed
0.releases.1979.tender.lots.1,0.releases.1979,0,2,Tender for provision VIP Transport Services for civil servants across the country,VIP Transport Services for civil servants across the country,active,1000000000,RWF,allowed
0.releases.1980.tender.lots.0,0.releases.1980,0,1,Tender for provision VIP Transport Services for civil servants across the country, VVIP Transport Services for civil servants across the country,active,1000000000,RWF,allowed
0.releases.1980.tender.lots.1,0.releases.1980,0,2,Tender for provision VIP Transport Services for civil servants across the country,VIP Transport Services for civil servants across the country,active,1000000000,RWF,allowed
0.releases.1981.tender.lots.0,0.releases.1981,0,1,"supply of asset tags, labels, fixing and installation of tags, and services for codification to UR (Framework Contract)","supply of asset tags, labels, fixing and installation of tags, and services for codification to UR (Framework Contract)",active,148200000,RWF,allowed
0.releases.1983.tender.lots.0,0.releases.1983,0,1,Tender for provision VIP Transport Services for civil servants across the country, VVIP Transport Services for civil servants across the country,active,1000000000,RWF,allowed
0.releases.1983.tender.lots.1,0.releases.1983,0,2,Tender for provision VIP Transport Services for civil servants across the country,VIP Transport Services for civil servants across the country,active,1000000000,RWF,allowed
0.releases.1984.tender.lots.0,0.releases.1984,0,1,Tender for provision VIP Transport Services for civil servants across the country, VVIP Transport Services for civil servants across the country,active,1000000000,RWF,allowed
0.releases.1984.tender.lots.1,0.releases.1984,0,2,Tender for provision VIP Transport Services for civil servants across the country,VIP Transport Services for civil servants across the country,active,1000000000,RWF,allowed
0.releases.1985.tender.lots.0,0.releases.1985,0,1,Supply of Foodstuff (Porridge) for HBECD Gisagara District,,active,60791716,RWF,allowed
0.releases.1985.tender.lots.1,0.releases.1985,0,1,Supply of Foodstuff (Porridge) for HBECD Gisagara District,,active,60791716,RWF,allowed
0.releases.1986.tender.lots.0,0.releases.1986,0,1,Maintenance and Rehabilitation of electricity infrastructures,Maintenance and Rehabilitation of electricity infrastructures,active,8000000,RWF,allowed
0.releases.1986.tender.lots.1,0.releases.1986,0,1,Maintenance and Rehabilitation of electricity infrastructures,Maintenance and Rehabilitation of electricity infrastructures,active,8000000,RWF,allowed
0.releases.1987.tender.lots.0,0.releases.1987,0,1,Provision of Maintenance and Repair Services for RFI Toyota Vehicles,Provision of Maintenance and Repair Services for RFI Toyota Vehicles,active,52000000,RWF,allowed
0.releases.1988.tender.lots.0,0.releases.1988,0,1,Purchase of Hospital staff Uniform,,active,3500000,RWF,allowed
0.releases.1989.tender.lots.0,0.releases.1989,0,1,Provision of Maintenance and Repair Services for Hyundai Vehicles,Provision of Maintenance and Repair Services for Hyundai Vehicles,active,10000000,RWF,allowed
0.releases.1991.tender.lots.0,0.releases.1991,0,1,Tender for provision VIP Transport Services for civil servants across the country, VVIP Transport Services for civil servants across the country,active,1000000000,RWF,allowed
0.releases.1991.tender.lots.1,0.releases.1991,0,2,Tender for provision VIP Transport Services for civil servants across the country,VIP Transport Services for civil servants across the country,active,1000000000,RWF,allowed
0.releases.1992.tender.lots.0,0.releases.1992,0,2,Provision of Hotel services and sports facilities.,Provision of Hotel services and sports facilities.,active,40000000,RWF,allowed
0.releases.1993.tender.lots.0,0.releases.1993,0,1,Codification of ministry's assets(MOYA HQ) and Kimisagara Youth,Codification of ministry's assets(MOYA HQ) and Kimisagara Youth,active,3000000,RWF,allowed
0.releases.1993.tender.lots.1,0.releases.1993,0,1,Codification of ministry's assets(MOYA HQ) and Kimisagara Youth,Codification of ministry's assets(MOYA HQ) and Kimisagara Youth,active,3000000,RWF,allowed
0.releases.1994.tender.lots.0,0.releases.1994,0,1,Hotel services in Kigali city lot1,Hotel services in Kigali city lot1,active,10000000,RWF,allowed
0.releases.1994.tender.lots.1,0.releases.1994,0,2,Hotel services in Rwamagana District Lot 2,Hotel services in Rwamagana District Lot 2,active,74000000,RWF,allowed
0.releases.1995.tender.lots.0,0.releases.1995,0,1,Tender for provision VIP Transport Services for civil servants across the country, VVIP Transport Services for civil servants across the country,active,1000000000,RWF,allowed
0.releases.1995.tender.lots.1,0.releases.1995,0,2,Tender for provision VIP Transport Services for civil servants across the country,VIP Transport Services for civil servants across the country,active,1000000000,RWF,allowed
0.releases.1996.tender.lots.0,0.releases.1996,0,1,Tender for provision VIP Transport Services for civil servants across the country, VVIP Transport Services for civil servants across the country,active,1000000000,RWF,allowed
0.releases.1996.tender.lots.1,0.releases.1996,0,2,Tender for provision VIP Transport Services for civil servants across the country,VIP Transport Services for civil servants across the country,active,1000000000,RWF,allowed
0.releases.1997.tender.lots.0,0.releases.1997,0,1,Lot 2.Supply of Consumables for Crop production,,active,22686936,RWF,allowed
0.releases.1997.tender.lots.1,0.releases.1997,0,1,Lot 2.Supply of Consumables for Crop production,,active,22686936,RWF,allowed
0.releases.2000.tender.lots.0,0.releases.2000,0,1,Production of T-shirts and their branding to used in the events.,,active,32000000,RWF,allowed
0.releases.2001.tender.lots.0,0.releases.2001,0,1,Supply of  Foot and Mouth Disease (FMD)  vaccines,,active,344897500,RWF,allowed
0.releases.2003.tender.lots.0,0.releases.2003,0,1,Supply of small tools and consumables in Irrigation and drainage  Technology departmen Lot 1: Agricuture Input,,active,15600000,RWF,allowed
0.releases.2004.tender.lots.0,0.releases.2004,0,1,LotNo1,,active,,,allowed
0.releases.2004.tender.lots.1,0.releases.2004,0,1,LotNo1,,active,,,allowed
0.releases.2004.tender.lots.2,0.releases.2004,0,1,LotNo1,,active,,,allowed
0.releases.2005.tender.lots.0,0.releases.2005,0,1,Purchase of fuel for various District operations,,active,30000000,RWF,allowed
0.releases.2005.tender.lots.1,0.releases.2005,0,1,Purchase of fuel for various District operations,,active,30000000,RWF,allowed
0.releases.2008.tender.lots.0,0.releases.2008,0,1,Hotel services in Kigali city lot1,Hotel services in Kigali city lot1,active,10000000,RWF,allowed
0.releases.2008.tender.lots.1,0.releases.2008,0,2,Hotel services in Rwamagana District Lot 2,Hotel services in Rwamagana District Lot 2,active,74000000,RWF,allowed
0.releases.2009.tender.lots.0,0.releases.2009,0,1,PURCHASE AND SUPPLY OF MATERIALS FOR PEOPLE TRAINED IN SKILLS DEVELOPMENT (Productive Assets Transfer),,active,77000000,RWF,allowed
0.releases.2012.tender.lots.0,0.releases.2012,0,1,Provision of insurance for A@P Building,Provision of insurance for A@P Building,active,50000000,RWF,allowed
0.releases.2013.tender.lots.0,0.releases.2013,0,1,Disaster Recovery and Services Continuity for IT,,active,696650172,RWF,allowed
0.releases.2013.tender.lots.1,0.releases.2013,0,2,Lot 1: Disaster RecoveryDisaster Recovery Solution for broadcasting service continuity,,active,414922068,RWF,allowed
0.releases.2014.tender.lots.0,0.releases.2014,0,1,MAINTENANCE OF MEDICAUX EQUIPMENT AND SUPPLY ,Maternal and Neonatal Care Equipment,active,5000000,RWF,allowed
0.releases.2014.tender.lots.1,0.releases.2014,0,2,MAINTENANCE OF MEDICAUX EQUIPMENT AND SUPPLY ,"Anesthesia, Ophthalmology & Critical Care Equipment",active,5000000,RWF,allowed
0.releases.2014.tender.lots.2,0.releases.2014,0,3,MAINTENANCE OF MEDICAUX EQUIPMENT AND SUPPLY ,"Surgical, Ophthalmology & Operating Theatre Equipment",active,5000000,RWF,allowed
0.releases.2014.tender.lots.3,0.releases.2014,0,1,MAINTENANCE OF MEDICAUX EQUIPMENT AND SUPPLY ,Maternal and Neonatal Care Equipment,active,5000000,RWF,allowed
0.releases.2014.tender.lots.4,0.releases.2014,0,2,MAINTENANCE OF MEDICAUX EQUIPMENT AND SUPPLY ,"Anesthesia, Ophthalmology & Critical Care Equipment",active,5000000,RWF,allowed
0.releases.2014.tender.lots.5,0.releases.2014,0,3,MAINTENANCE OF MEDICAUX EQUIPMENT AND SUPPLY ,"Surgical, Ophthalmology & Operating Theatre Equipment",active,5000000,RWF,allowed
0.releases.2015.tender.lots.0,0.releases.2015,0,1,Hire a consultancy firm to conduct Study on the root causes of the case backlogs,Hire a consultancy firm to conduct Study on the root causes of the case backlogs,active,180000000,RWF,allowed
0.releases.2017.tender.lots.0,0.releases.2017,0,1,Supply of culture media for bacteria identification and AST,,active,55000000,RWF,allowed
0.releases.2018.tender.lots.0,0.releases.2018,0,1,Supervision of remaining works for construction works of G+3 school project in Gasabo District,Supervision of remaining works for construction works of G+3 school project in Gasabo District,active,164120300,RWF,allowed
0.releases.2019.tender.lots.0,0.releases.2019,0,1,ender for ICT MAINTENANCE AND SUPPLY OF ACCESSORIES,ender for ICT MAINTENANCE AND SUPPLY OF ACCESSORIES,active,14867000,RWF,allowed
0.releases.2020.tender.lots.0,0.releases.2020,0,1,Supply of grass cutter machine,,active,8400000,RWF,allowed
0.releases.2020.tender.lots.1,0.releases.2020,0,1,Supply of grass cutter machine,,active,8400000,RWF,allowed
0.releases.2021.tender.lots.0,0.releases.2021,0,1,Hiring Hygiene company and laundry product,Non consultant services,active,72000000,RWF,allowed
0.releases.2021.tender.lots.1,0.releases.2021,0,1,Hiring Hygiene company and laundry product,Non consultant services,active,72000000,RWF,allowed
0.releases.2022.tender.lots.0,0.releases.2022,0,1,Rehabilitation of the TB Sake Court Building ,Rehabilitation of the TB Sake Court Building ,active,34112517,RWF,allowed
0.releases.2023.tender.lots.0,0.releases.2023,0,1,Replacement of Giant Screens/Scoreboards at Amahoro National Stadium,,active,2363242433,RWF,allowed
0.releases.2024.tender.lots.0,0.releases.2024,0,1,"Maintenance of Carpentry and Plumbing machines ,Printers with spare parts lot 1","Maintenance of Carpentry and Plumbing machines ,Printers with spare parts lot 1",active,8000000,RWF,allowed
0.releases.2024.tender.lots.1,0.releases.2024,0,2,Maintenance of printers and projector ,Maintenance of printers and projector ,active,4431623,RWF,allowed
0.releases.2025.tender.lots.0,0.releases.2025,0,1,Supply and Delivery of Printers,,active,5000000,RWF,allowed
0.releases.2027.tender.lots.0,0.releases.2027,0,1,Supply and installation of smart water tank,,active,4000000,RWF,allowed
0.releases.2027.tender.lots.1,0.releases.2027,0,1,Supply and installation of smart water tank,,active,4000000,RWF,allowed
0.releases.2028.tender.lots.0,0.releases.2028,0,1,Hotel services in Kigali city lot1,Hotel services in Kigali city lot1,active,10000000,RWF,allowed
0.releases.2028.tender.lots.1,0.releases.2028,0,2,Hotel services in Rwamagana District Lot 2,Hotel services in Rwamagana District Lot 2,active,74000000,RWF,allowed
0.releases.2029.tender.lots.0,0.releases.2029,0,1,"Maintenance of Carpentry and Plumbing machines ,Printers with spare parts lot 1","Maintenance of Carpentry and Plumbing machines ,Printers with spare parts lot 1",active,8000000,RWF,allowed
0.releases.2029.tender.lots.1,0.releases.2029,0,2,Maintenance of printers and projector ,Maintenance of printers and projector ,active,4431623,RWF,allowed
0.releases.2030.tender.lots.0,0.releases.2030,0,1,Implementation of a Next-Generation virtualization and application containerization solution for RRA (Framework Contract),Implementation of a Next-Generation virtualization and application containerization solution for RRA (Framework Contract),active,800000000,RWF,allowed
0.releases.2032.tender.lots.0,0.releases.2032,0,1,CONSULTANCY SERVICE FOR HIRING AN INDIVIDUAL PROFESSIONAL COURT BAILIFF OF RUSIZI DISTRICT,CONSULTANCY SERVICE FOR HIRING AN INDIVIDUAL PROFESSIONAL COURT BAILIFF OF RUSIZI DISTRICT,active,24000000,RWF,allowed
0.releases.2033.tender.lots.0,0.releases.2033,0,1,Tender for provision VIP Transport Services for civil servants across the country, VVIP Transport Services for civil servants across the country,active,1000000000,RWF,allowed
0.releases.2033.tender.lots.1,0.releases.2033,0,2,Tender for provision VIP Transport Services for civil servants across the country,VIP Transport Services for civil servants across the country,active,1000000000,RWF,allowed
0.releases.2035.tender.lots.0,0.releases.2035,0,1,Tender for provision VIP Transport Services for civil servants across the country, VVIP Transport Services for civil servants across the country,active,1000000000,RWF,allowed
0.releases.2035.tender.lots.1,0.releases.2035,0,2,Tender for provision VIP Transport Services for civil servants across the country,VIP Transport Services for civil servants across the country,active,1000000000,RWF,allowed
0.releases.2036.tender.lots.0,0.releases.2036,0,1,Purchase of electricity,,active,15000000,RWF,allowed
0.releases.2036.tender.lots.1,0.releases.2036,0,1,Purchase of electricity,,active,15000000,RWF,allowed
0.releases.2036.tender.lots.2,0.releases.2036,0,1,Purchase of electricity,,active,15000000,RWF,allowed
0.releases.2036.tender.lots.3,0.releases.2036,0,1,Purchase of electricity,,active,15000000,RWF,allowed
0.releases.2036.tender.lots.4,0.releases.2036,0,1,Purchase of electricity,,active,15000000,RWF,allowed
0.releases.2037.tender.lots.0,0.releases.2037,0,1,Purchase of fuel for various District operations,,active,30000000,RWF,allowed
0.releases.2037.tender.lots.1,0.releases.2037,0,1,Purchase of fuel for various District operations,,active,30000000,RWF,allowed
0.releases.2038.tender.lots.0,0.releases.2038,0,1,Rehabilitation of non-functional rural water supply systems in Gakenke District.,Rehabilitation of non-functional rural water supply systems in Gakenke District.,active,1058429058,RWF,allowed
0.releases.2039.tender.lots.0,0.releases.2039,0,1,Purchase of Laboratory Tools for CAFF,,active,19000000,RWF,allowed
0.releases.2039.tender.lots.1,0.releases.2039,0,1,Purchase of Laboratory Tools for CAFF,,active,19000000,RWF,allowed
0.releases.2040.tender.lots.0,0.releases.2040,0,1,Codification of Assets,Codification of Assets,active,1500000,RWF,allowed
0.releases.2041.tender.lots.0,0.releases.2041,0,1,Tender for provision VIP Transport Services for civil servants across the country, VVIP Transport Services for civil servants across the country,active,1000000000,RWF,allowed
0.releases.2041.tender.lots.1,0.releases.2041,0,2,Tender for provision VIP Transport Services for civil servants across the country,VIP Transport Services for civil servants across the country,active,1000000000,RWF,allowed
0.releases.2045.tender.lots.0,0.releases.2045,0,1,Provision of sports and recreational facilities and services for NESA Staff (across the country,Provision of sports and recreational facilities and services for NESA Staff (across the country,active,2000000,RWF,allowed
0.releases.2046.tender.lots.0,0.releases.2046,0,1,Provision of sports and recreational facilities and services for NESA Staff (across the country,Provision of sports and recreational facilities and services for NESA Staff (across the country,active,2000000,RWF,allowed
0.releases.2047.tender.lots.0,0.releases.2047,0,1,Provision of sports and recreational facilities and services for NESA Staff (across the country,Provision of sports and recreational facilities and services for NESA Staff (across the country,active,2000000,RWF,allowed
0.releases.2048.tender.lots.0,0.releases.2048,0,1,Provision of sports and recreational facilities and services for NESA Staff (across the country,Provision of sports and recreational facilities and services for NESA Staff (across the country,active,2000000,RWF,allowed
0.releases.2049.tender.lots.0,0.releases.2049,0,1,Provision of sports and recreational facilities and services for NESA Staff (across the country,Provision of sports and recreational facilities and services for NESA Staff (across the country,active,2000000,RWF,allowed
0.releases.2050.tender.lots.0,0.releases.2050,0,1,Provision of sports and recreational facilities and services for NESA Staff (across the country,Provision of sports and recreational facilities and services for NESA Staff (across the country,active,2000000,RWF,allowed
0.releases.2051.tender.lots.0,0.releases.2051,0,1,Provision of sports and recreational facilities and services for NESA Staff (across the country,Provision of sports and recreational facilities and services for NESA Staff (across the country,active,2000000,RWF,allowed
0.releases.2052.tender.lots.0,0.releases.2052,0,1,Provision of sports and recreational facilities and services for NESA Staff (across the country,Provision of sports and recreational facilities and services for NESA Staff (across the country,active,2000000,RWF,allowed
0.releases.2053.tender.lots.0,0.releases.2053,0,1,Provision of sports and recreational facilities and services for NESA Staff (across the country,Provision of sports and recreational facilities and services for NESA Staff (across the country,active,2000000,RWF,allowed
0.releases.2055.tender.lots.0,0.releases.2055,0,1,CLEANING SERVICES,CLEANING SERVICES,active,107935132,RWF,allowed
0.releases.2056.tender.lots.0,0.releases.2056,0,1,Maintenance and repair ,"Maintenance and repair of air conditioners, hospital fridge and mortuary fridge",active,3958600,RWF,allowed
0.releases.2057.tender.lots.0,0.releases.2057,0,1,Supervision of Rehabilitation and repair of damaged spots located on Crete Congo Nil- Buhinga paved road,Supervision of Rehabilitation and repair of damaged spots located on Crete Congo Nil- Buhinga paved road,active,159146993,RWF,allowed
0.releases.2058.tender.lots.0,0.releases.2058,0,1,Rehabilitation of non-functional rural water supply systems in Gakenke District.,Rehabilitation of non-functional rural water supply systems in Gakenke District.,active,1058429058,RWF,allowed
0.releases.2059.tender.lots.0,0.releases.2059,0,1,Tender for Rehabilitation of Cyafuku -Kibangira and Kiziguro I&II water supply system damaged by Flooding/Landslides in Gikundamvura and  ButareSectors in Rusizi district,Drinking water,active,378765307,RWF,allowed
0.releases.2060.tender.lots.0,0.releases.2060,0,1,Hiring Hygiene company and laundry product,Non consultant services,active,72000000,RWF,allowed
0.releases.2060.tender.lots.1,0.releases.2060,0,1,Hiring Hygiene company and laundry product,Non consultant services,active,72000000,RWF,allowed
0.releases.2062.tender.lots.0,0.releases.2062,0,1,Provision of Gifts for V V I P leaders of judiciary,,active,6000000,RWF,allowed
0.releases.2070.tender.lots.0,0.releases.2070,0,1,Supply of Communication Materials and related accessories,,active,40000000,RWF,allowed
0.releases.2070.tender.lots.1,0.releases.2070,0,1,Supply of Communication Materials and related accessories,,active,40000000,RWF,allowed
0.releases.2071.tender.lots.0,0.releases.2071,0,1,"Supply and installation of medical equipments, building curtains and Furnitures for well operationalization of 4 Health centers:Cyaratsi, Ntyazo,Nyabinyenga  and  Gahombo  in Nyanza District",,active,226146004,RWF,allowed
0.releases.2073.tender.lots.0,0.releases.2073,0,1,LotNo1,,active,,,allowed
0.releases.2073.tender.lots.1,0.releases.2073,0,1,LotNo1,,active,,,allowed
0.releases.2076.tender.lots.0,0.releases.2076,0,1,LotNo1,,active,,,allowed
0.releases.2076.tender.lots.1,0.releases.2076,0,1,LotNo1,,active,,,allowed
0.releases.2077.tender.lots.0,0.releases.2077,0,1,"Design , printing,supply and fixing Rwanda promotional material","Design , printing,supply and fixing Rwanda promotional material",active,5300000,RWF,allowed
0.releases.2079.tender.lots.0,0.releases.2079,0,1,Purchase of Laboratory Tools for CAFF,,active,19000000,RWF,allowed
0.releases.2079.tender.lots.1,0.releases.2079,0,1,Purchase of Laboratory Tools for CAFF,,active,19000000,RWF,allowed
0.releases.2080.tender.lots.0,0.releases.2080,0,1,Insurance for new exotic bulls,Insurance for new exotic bulls,active,45000000,RWF,allowed
0.releases.2084.tender.lots.0,0.releases.2084,0,1,Tender for provision VIP Transport Services for civil servants across the country, VVIP Transport Services for civil servants across the country,active,1000000000,RWF,allowed
0.releases.2084.tender.lots.1,0.releases.2084,0,2,Tender for provision VIP Transport Services for civil servants across the country,VIP Transport Services for civil servants across the country,active,1000000000,RWF,allowed
0.releases.2085.tender.lots.0,0.releases.2085,0,1,Tender for provision VIP Transport Services for civil servants across the country, VVIP Transport Services for civil servants across the country,active,1000000000,RWF,allowed
0.releases.2085.tender.lots.1,0.releases.2085,0,2,Tender for provision VIP Transport Services for civil servants across the country,VIP Transport Services for civil servants across the country,active,1000000000,RWF,allowed
0.releases.2086.tender.lots.0,0.releases.2086,0,1,Tender for provision VIP Transport Services for civil servants across the country, VVIP Transport Services for civil servants across the country,active,1000000000,RWF,allowed
0.releases.2086.tender.lots.1,0.releases.2086,0,2,Tender for provision VIP Transport Services for civil servants across the country,VIP Transport Services for civil servants across the country,active,1000000000,RWF,allowed
0.releases.2087.tender.lots.0,0.releases.2087,0,1,Tender for provision VIP Transport Services for civil servants across the country, VVIP Transport Services for civil servants across the country,active,1000000000,RWF,allowed
0.releases.2087.tender.lots.1,0.releases.2087,0,2,Tender for provision VIP Transport Services for civil servants across the country,VIP Transport Services for civil servants across the country,active,1000000000,RWF,allowed
0.releases.2088.tender.lots.0,0.releases.2088,0,1,Provision of loading and unloading service,Provision of loading and unloading service,active,90000000,RWF,allowed
0.releases.2090.tender.lots.0,0.releases.2090,0,1,CONSULTANCY SERVICE FOR HIRING AN INDIVIDUAL PROFESSIONAL COURT BAILIFF OF RUSIZI DISTRICT,CONSULTANCY SERVICE FOR HIRING AN INDIVIDUAL PROFESSIONAL COURT BAILIFF OF RUSIZI DISTRICT,active,24000000,RWF,allowed
0.releases.2091.tender.lots.0,0.releases.2091,0,1,Supply of medical and non-medical spare parts and its Maintenance services,Price schedule,active,30129350,RWF,allowed
0.releases.2091.tender.lots.1,0.releases.2091,0,2,Supply of medical and non-medical spare parts and its Maintenance services,Price schedule,active,30129350,RWF,allowed
0.releases.2091.tender.lots.2,0.releases.2091,0,1,Supply of medical and non-medical spare parts and its Maintenance services,Price schedule,active,30129350,RWF,allowed
0.releases.2091.tender.lots.3,0.releases.2091,0,2,Supply of medical and non-medical spare parts and its Maintenance services,Price schedule,active,30129350,RWF,allowed
0.releases.2092.tender.lots.0,0.releases.2092,0,1,Supply of medical and non-medical spare parts and its Maintenance services,Price schedule,active,30129350,RWF,allowed
0.releases.2092.tender.lots.1,0.releases.2092,0,2,Supply of medical and non-medical spare parts and its Maintenance services,Price schedule,active,30129350,RWF,allowed
0.releases.2092.tender.lots.2,0.releases.2092,0,1,Supply of medical and non-medical spare parts and its Maintenance services,Price schedule,active,30129350,RWF,allowed
0.releases.2092.tender.lots.3,0.releases.2092,0,2,Supply of medical and non-medical spare parts and its Maintenance services,Price schedule,active,30129350,RWF,allowed
0.releases.2093.tender.lots.0,0.releases.2093,0,1,Tender for Rehabilitation of Cyafuku -Kibangira and Kiziguro I&II water supply system damaged by Flooding/Landslides in Gikundamvura and  ButareSectors in Rusizi district,Drinking water,active,378765307,RWF,allowed
0.releases.2094.tender.lots.0,0.releases.2094,0,1,Design and Build proposed beautifications at Amahoro Stadium,A,active,842345414,RWF,allowed
0.releases.2095.tender.lots.0,0.releases.2095,0,1,LotNo1,,active,,,allowed
0.releases.2096.tender.lots.0,0.releases.2096,0,1,LotNo1,,active,,,allowed
0.releases.2097.tender.lots.0,0.releases.2097,0,1,Maintenance Service and Repair of the Different Systems for the Offices of NPPA Headquarter and in Provinces (Framework Contract),DAO,active,9750000,RWF,allowed
0.releases.2098.tender.lots.0,0.releases.2098,0,1,Supply of promotional and marketing materials for RBC,,active,105693465,RWF,allowed
0.releases.2098.tender.lots.1,0.releases.2098,0,1,Supply of promotional and marketing materials for RBC,,active,105693465,RWF,allowed
0.releases.2101.tender.lots.0,0.releases.2101,0,1,Provision of relocation services for GMO,Provision of relocation services for GMO,active,6857000,RWF,allowed
0.releases.2102.tender.lots.0,0.releases.2102,0,1,LotNo1,,active,,,allowed
0.releases.2102.tender.lots.1,0.releases.2102,0,1,Consultancy service for designing PFMUs and corresponding SFMPs,Consultancy service for designing PFMUs and corresponding SFMPs,active,182076900,RWF,allowed
0.releases.2103.tender.lots.0,0.releases.2103,0,1,LotNo1,,active,,,allowed
0.releases.2103.tender.lots.1,0.releases.2103,0,1,Consultancy service for designing PFMUs and corresponding SFMPs,Consultancy service for designing PFMUs and corresponding SFMPs,active,182076900,RWF,allowed
0.releases.2104.tender.lots.0,0.releases.2104,0,2,Supply of plumbing material,,active,15600964,RWF,allowed
0.releases.2104.tender.lots.1,0.releases.2104,0,1,Supply of plumbing consumables and spare parts,,active,34396155,RWF,allowed
0.releases.2104.tender.lots.2,0.releases.2104,0,2,Supply of plumbing material,,active,15600964,RWF,allowed
0.releases.2106.tender.lots.0,0.releases.2106,0,1,Provision for Cleaning and Gardening services,Good classification,active,56000000,RWF,allowed
0.releases.2107.tender.lots.0,0.releases.2107,0,1,Provision for Cleaning and Gardening services,Good classification,active,56000000,RWF,allowed
0.releases.2108.tender.lots.0,0.releases.2108,0,1,Purchase and Supply of Girinka Packages,,active,12058377,RWF,allowed
0.releases.2108.tender.lots.1,0.releases.2108,0,1,Purchase and Supply of Girinka Packages,,active,12058377,RWF,allowed
0.releases.2109.tender.lots.0,0.releases.2109,0,1,Medical Buildings/ Kigali,Works,active,850000000,RWF,allowed
0.releases.2109.tender.lots.1,0.releases.2109,0,2,Non-storied and basement-free (G+0) AND Single Storied Building (G+1)/Kigali,works,active,100000000,RWF,allowed
0.releases.2109.tender.lots.2,0.releases.2109,0,3,Storied Building (G+2) and above/Kigali,works,active,850000000,RWF,allowed
0.releases.2109.tender.lots.3,0.releases.2109,0,4,Medical Buildings/ Southern Province,works,active,100000000,RWF,allowed
0.releases.2109.tender.lots.4,0.releases.2109,0,5,Non-storied and basement-free (G+0) AND Single Storied Building (G+1)/Southern Province,works,active,100000000,RWF,allowed
0.releases.2109.tender.lots.5,0.releases.2109,0,6,Storied Building (G+2) and above/Southern Province,works,active,300000000,RWF,allowed
0.releases.2109.tender.lots.6,0.releases.2109,0,7,Medical Buildings/ Northern province,works,active,100000000,RWF,allowed
0.releases.2109.tender.lots.7,0.releases.2109,0,8,Non-storied and basement-free (G+0) AND Single Storied Building (G+1)/Northern Province,works,active,100000000,RWF,allowed
0.releases.2109.tender.lots.8,0.releases.2109,0,9,Storied Building (G+2) and above/Northern province,works,active,300000000,RWF,allowed
0.releases.2110.tender.lots.0,0.releases.2110,0,1,Medical Buildings/ Kigali,Works,active,850000000,RWF,allowed
0.releases.2110.tender.lots.1,0.releases.2110,0,2,Non-storied and basement-free (G+0) AND Single Storied Building (G+1)/Kigali,works,active,100000000,RWF,allowed
0.releases.2110.tender.lots.2,0.releases.2110,0,3,Storied Building (G+2) and above/Kigali,works,active,850000000,RWF,allowed
0.releases.2110.tender.lots.3,0.releases.2110,0,4,Medical Buildings/ Southern Province,works,active,100000000,RWF,allowed
0.releases.2110.tender.lots.4,0.releases.2110,0,5,Non-storied and basement-free (G+0) AND Single Storied Building (G+1)/Southern Province,works,active,100000000,RWF,allowed
0.releases.2110.tender.lots.5,0.releases.2110,0,6,Storied Building (G+2) and above/Southern Province,works,active,300000000,RWF,allowed
0.releases.2110.tender.lots.6,0.releases.2110,0,7,Medical Buildings/ Northern province,works,active,100000000,RWF,allowed
0.releases.2110.tender.lots.7,0.releases.2110,0,8,Non-storied and basement-free (G+0) AND Single Storied Building (G+1)/Northern Province,works,active,100000000,RWF,allowed
0.releases.2110.tender.lots.8,0.releases.2110,0,9,Storied Building (G+2) and above/Northern province,works,active,300000000,RWF,allowed
0.releases.2111.tender.lots.0,0.releases.2111,0,1,Medical Buildings/Eastern Province,works,active,100000000,RWF,allowed
0.releases.2111.tender.lots.1,0.releases.2111,0,2,Non-storied and basement-free (G+0) AND Single Storied Building (G+1)//Eastern Province,Works,active,100000000,RWF,allowed
0.releases.2111.tender.lots.2,0.releases.2111,0,3,Storied Building (G+2) and above/Eastern Province,works,active,300000000,RWF,allowed
0.releases.2111.tender.lots.3,0.releases.2111,0,4,Medical Buildings/Westen Province,works,active,100000000,RWF,allowed
0.releases.2111.tender.lots.4,0.releases.2111,0,5,Non-storied and basement-free (G+0) AND Single Storied Building (G+1)//Western Province,works,active,100000000,RWF,allowed
0.releases.2111.tender.lots.5,0.releases.2111,0,6,Storied Building (G+2) and above/Western Province,works,active,100000000,RWF,allowed
0.releases.2112.tender.lots.0,0.releases.2112,0,1,Rental of office space to accommodate Archives and used assets for MININFRA+MINIJUST+MINISANTE+PMO +RPPA+RHA(Re-advert),Non consultancy,active,176394960,RWF,allowed
0.releases.2115.tender.lots.0,0.releases.2115,0,1,refreshment products ,,active,6000000,RWF,allowed
0.releases.2116.tender.lots.0,0.releases.2116,0,1,LotNo1,,active,,,allowed
0.releases.2116.tender.lots.1,0.releases.2116,0,1,Construction Supervision Consultancy for Nyabisindu and nyagatovu ,Construction Supervision Consultancy for Nyabisindu and nyagatovu ,active,1940000000,RWF,allowed
0.releases.2117.tender.lots.0,0.releases.2117,0,1,LotNo1,,active,,,allowed
0.releases.2117.tender.lots.1,0.releases.2117,0,1,Construction Supervision Consultancy for Nyabisindu and nyagatovu ,Construction Supervision Consultancy for Nyabisindu and nyagatovu ,active,1940000000,RWF,allowed
0.releases.2118.tender.lots.0,0.releases.2118,0,1,Tender for purchase of medical equipments,,active,30000000,RWF,allowed
0.releases.2118.tender.lots.1,0.releases.2118,0,1,Tender for purchase of medical equipments,,active,30000000,RWF,allowed
0.releases.2120.tender.lots.0,0.releases.2120,0,1,Acquisition of Office Furniture,,active,40000000,RWF,allowed
0.releases.2122.tender.lots.0,0.releases.2122,0,1,Provision of restaurant or cantine services,,active,186464600,RWF,allowed
0.releases.2122.tender.lots.1,0.releases.2122,0,1,Provision of restaurant or cantine services,,active,186464600,RWF,allowed
0.releases.2123.tender.lots.0,0.releases.2123,0,1,maintenance and repair services for Printers and Photocopiers,maintenance and repair services,active,5000000,RWF,allowed
0.releases.2123.tender.lots.1,0.releases.2123,0,1,maintenance and repair services for Printers and Photocopiers,maintenance and repair services,active,5000000,RWF,allowed
0.releases.2125.tender.lots.0,0.releases.2125,0,1, Sound system,Sound system,active,6000000,RWF,allowed
0.releases.2125.tender.lots.1,0.releases.2125,0,2,Sound system: Revised price Schedule,Sound system,active,6000000,RWF,allowed
0.releases.2126.tender.lots.0,0.releases.2126,0,1,"supply of asset tags, labels, fixing and installation of tags, and services for codification to UR (Framework Contract)","supply of asset tags, labels, fixing and installation of tags, and services for codification to UR (Framework Contract)",active,148200000,RWF,allowed
0.releases.2127.tender.lots.0,0.releases.2127,0,1,Provision of Comprehensive Maintenance Services for RFI Furniture and Furnishings,Provision of Comprehensive Maintenance Services for RFI Furniture and Furnishings,active,20000000,RWF,allowed
0.releases.2129.tender.lots.0,0.releases.2129,0,1,"HIRING A COMPANY FOR PROVISION OF MAINTENANCE, REPAIR SERVICE AND SUPPLY SPARE PARTS FOR RMB VEHICLES","HIRING A COMPANY FOR PROVISION OF MAINTENANCE, REPAIR SERVICE AND SUPPLY SPARE PARTS FOR RMB VEHICLES",active,200000000,RWF,allowed
0.releases.2131.tender.lots.0,0.releases.2131,0,1,Provision of hotel services,Provision of hotel services0,active,9400000,RWF,allowed
0.releases.2133.tender.lots.0,0.releases.2133,0,1,SUPPLY AND INSTALLATION 600 LAPTOPS FOR THE GOVERNMENT SINGLE DIGITAL IDENTITY (SDID),,active,1346207962,RWF,allowed
0.releases.2134.tender.lots.0,0.releases.2134,0,1,"Supply, installation, commissioning and training of metrology reference standards and accessories for torque calibration system to support aircraft maintenance services under KLP project.",,active,321256458,RWF,allowed
0.releases.2134.tender.lots.1,0.releases.2134,0,2,"Supply, instal, commis and training of metrol reference standards compression and tensile force load cells   and acces  for calibration construction site testing laboratories equipment ",,active,433711668,RWF,allowed
0.releases.2134.tender.lots.2,0.releases.2134,0,3,Supply and commiss of equipment to upgrade the Volume and Chemical Metrology laboratories,,active,167447927,RWF,allowed
0.releases.2134.tender.lots.3,0.releases.2134,0,4,Supply and commissioning of equipment to upgrade the pressure calibration in aircraft maintenance ,,active,112087175,RWF,allowed
0.releases.2135.tender.lots.0,0.releases.2135,0,1,LotNo1,,active,,,allowed
0.releases.2135.tender.lots.1,0.releases.2135,0,1,LotNo1,,active,,,allowed
0.releases.2136.tender.lots.0,0.releases.2136,0,1,KUGURA IFU Y'IGIKOMA YO GUHA HOME BASED ECDs UNDER FRAMEWORK AGREEMENT,,active,108953856,RWF,allowed
0.releases.2137.tender.lots.0,0.releases.2137,0,1,Maintenance and repair ,"Air conditioners, hospital fridge and mortuary fridge",active,3958600,RWF,allowed
0.releases.2139.tender.lots.0,0.releases.2139,0,1,Supervision of REHABILITATION AND EXTENSION OF NYESAYO- MUGOTE DRINKING WATER SUPPLY SYSTEM IN KADUYA SECTOR OF NYAMAGABE DISTRICT (28.8Km),Supervision of REHABILITATION AND EXTENSION OF NYESAYO- MUGOTE DRINKING WATER SUPPLY SYSTEM IN KADUYA SECTOR OF NYAMAGABE DISTRICT (28.8Km),active,20000000,RWF,allowed
0.releases.2139.tender.lots.1,0.releases.2139,0,1,Supervision of REHABILITATION AND EXTENSION OF NYESAYO- MUGOTE DRINKING WATER SUPPLY SYSTEM IN KADUYA SECTOR OF NYAMAGABE DISTRICT (28.8Km),Supervision of REHABILITATION AND EXTENSION OF NYESAYO- MUGOTE DRINKING WATER SUPPLY SYSTEM IN KADUYA SECTOR OF NYAMAGABE DISTRICT (28.8Km),active,20000000,RWF,allowed
0.releases.2140.tender.lots.0,0.releases.2140,0,1,Annual Framework tender for maintenance of roads in Huye District,Annual Framework tender for maintenance of roads in Huye District,active,70000000,RWF,allowed
0.releases.2143.tender.lots.0,0.releases.2143,0,1,"Maintenance and repair of air conditioners, hospital fridge and mortuary fridge (Readvertised)",Maintenance and repar,active,3958600,RWF,allowed
0.releases.2143.tender.lots.1,0.releases.2143,0,1,"Maintenance and repair of air conditioners, hospital fridge and mortuary fridge (Readvertised)",Maintenance and repar,active,3958600,RWF,allowed
0.releases.2144.tender.lots.0,0.releases.2144,0,1,Maintenance and repair ,"Maintenance and repair of air conditioners, hospital fridge and mortuary fridge",active,3958600,RWF,allowed
0.releases.2147.tender.lots.0,0.releases.2147,0,1,LOT1: CCTV Cameras and Access Control Systems,,active,50000000,RWF,allowed
0.releases.2148.tender.lots.0,0.releases.2148,0,1,Acquisition of Integrated Tools for Forensic Multimedia image/video Ecosystem,,active,120000000,RWF,allowed
0.releases.2150.tender.lots.0,0.releases.2150,0,1,Execution Works of Periodic Maintenance of Rukomo - Nyagatare (74 Km) & Nyagatare - Ryabega (10 Km) Paved Road,Execution Works of Periodic Maintenance of Rukomo - Nyagatare (74 Km) & Nyagatare - Ryabega (10 Km) Paved Road,active,3790345131,RWF,allowed
0.releases.2151.tender.lots.0,0.releases.2151,0,1,Execution Works of Periodic Maintenance of Rubengera -Rambura(15.15Km)& Rambura -Nyange (22.6Km) Paved Road,Execution Works of Periodic Maintenance of Rubengera -Rambura(15.15Km)& Rambura -Nyange (22.6Km) Paved Road,active,3640463158,RWF,allowed
0.releases.2152.tender.lots.0,0.releases.2152,0,1,Execution works of Periodic Maintenance of Huye - Kibeho - Ndago – Munini&Ndago-Ngoma (68.219Km) paved Road.,Execution works of Periodic Maintenance of Huye - Kibeho - Ndago – Munini&Ndago-Ngoma (68.219Km) paved Road.,active,3401175164,RWF,allowed
0.releases.2153.tender.lots.0,0.releases.2153,0,1,Supervision of Rehabilitation and repair of damaged spots located on Crete Congo Nil- Buhinga paved road,Supervision of Rehabilitation and repair of damaged spots located on Crete Congo Nil- Buhinga paved road,active,159146993,RWF,allowed
0.releases.2154.tender.lots.0,0.releases.2154,0,1,Supply of Farming Tools and Materials,,active,30000000,RWF,allowed
0.releases.2155.tender.lots.0,0.releases.2155,0,1,SUPPLY OF LABORATORY CONSUMABLES,,active,10000000,RWF,allowed
0.releases.2155.tender.lots.1,0.releases.2155,0,1,SUPPLY OF LABORATORY CONSUMABLES,,active,10000000,RWF,allowed
0.releases.2156.tender.lots.0,0.releases.2156,0,1,Supply of Animal drugs to Nyagatare Campus,,active,10000000,RWF,allowed
0.releases.2157.tender.lots.0,0.releases.2157,0,2,SUPPLY OF LAB CONSUMABLES and PPEs,,active,593723531,RWF,allowed
0.releases.2157.tender.lots.1,0.releases.2157,0,1,SUPPLY OF LAB CONSUMABLES ,,active,603370318,RWF,allowed
0.releases.2160.tender.lots.0,0.releases.2160,0,1,Supply and fixing of window and doors,,active,15048000,RWF,allowed
0.releases.2160.tender.lots.1,0.releases.2160,0,1,Supply and fixing of window and doors,,active,15048000,RWF,allowed
0.releases.2160.tender.lots.2,0.releases.2160,0,2,Supply of hardware construction materials,,active,22008452,RWF,allowed
0.releases.2160.tender.lots.3,0.releases.2160,0,3,Supply of local construction materials,,active,39632320,RWF,allowed
0.releases.2160.tender.lots.4,0.releases.2160,0,4,"supply of chairs,tables, desks and closing placard",,active,18205000,RWF,allowed
0.releases.2161.tender.lots.0,0.releases.2161,0,1,LotNo1,,active,,,allowed
0.releases.2161.tender.lots.1,0.releases.2161,0,1,Consultancy Services for supervision of execution works of three years maintenance of Kitabi-Crête Congo Nil Road (32.2 Kms),Consultancy Services for supervision of execution works of three years maintenance of Kitabi-Crête Congo Nil Road (32.2 Kms),active,246553620,RWF,allowed
0.releases.2162.tender.lots.0,0.releases.2162,0,1,LotNo1,,active,,,allowed
0.releases.2162.tender.lots.1,0.releases.2162,0,1,Consultancy Services for supervision of execution works of three years maintenance of Kitabi-Crête Congo Nil Road (32.2 Kms),Consultancy Services for supervision of execution works of three years maintenance of Kitabi-Crête Congo Nil Road (32.2 Kms),active,246553620,RWF,allowed
0.releases.2163.tender.lots.0,0.releases.2163,0,1,Production of audio-visual content under framework contract ,Production of audio-visual content under framework contract ,active,5000000,RWF,allowed
0.releases.2164.tender.lots.0,0.releases.2164,0,1,Tender for provision VIP Transport Services for civil servants across the country, VVIP Transport Services for civil servants across the country,active,1000000000,RWF,allowed
0.releases.2164.tender.lots.1,0.releases.2164,0,2,Tender for provision VIP Transport Services for civil servants across the country,VIP Transport Services for civil servants across the country,active,1000000000,RWF,allowed
0.releases.2165.tender.lots.0,0.releases.2165,0,1,Annual Framework contract for Maintenance of Eight KONE lifts of RSSB Tower I&Tower II . ,Annual Framework contract for Maintenance of Eight KONE lifts of RSSB Tower I&Tower II . ,active,60000000,RWF,allowed
0.releases.2166.tender.lots.0,0.releases.2166,0,1,"Supply and installation of Laboratory Equipment (light cycler, Nanodrop, thermocycler) for MSc and PhD in Biotechnology",,active,42525000,RWF,allowed
0.releases.2167.tender.lots.0,0.releases.2167,0,2,Supply of plumbing material,,active,15600964,RWF,allowed
0.releases.2167.tender.lots.1,0.releases.2167,0,1,Supply of plumbing consumables and spare parts,,active,34396155,RWF,allowed
0.releases.2167.tender.lots.2,0.releases.2167,0,2,Supply of plumbing material,,active,15600964,RWF,allowed
0.releases.2168.tender.lots.0,0.releases.2168,0,1,Vaccination & Insemination through Veterinary Sanitary Mandate,Vaccination & Insemination through Veterinary Sanitary Mandate,active,10000000,RWF,allowed
0.releases.2169.tender.lots.0,0.releases.2169,0,1,Provision of refreshment/ Beverage,,active,5685600,RWF,allowed
0.releases.2171.tender.lots.0,0.releases.2171,0,1,Tender for annual supply of office stationery for MININFRA,,active,10000000,RWF,allowed
0.releases.2174.tender.lots.0,0.releases.2174,0,1,PROVISION OF ONLINE SERVICES,ONLINE SERVICES,active,20000000,RWF,allowed
0.releases.2174.tender.lots.1,0.releases.2174,0,2,PROVISION OF RADIO SERVICES, RADIO SERVICES,active,20000000,RWF,allowed
0.releases.2174.tender.lots.2,0.releases.2174,0,3,PROVISION OF TETEVISION SERVICES,ONLINE SERVICES,active,10000000,RWF,allowed
0.releases.2175.tender.lots.0,0.releases.2175,0,1,Supply of Kitchen Materiel,,active,10000000,RWF,allowed
0.releases.2177.tender.lots.0,0.releases.2177,0,1,WASH kits,,active,31144000,RWF,allowed
0.releases.2177.tender.lots.1,0.releases.2177,0,2,Cloths,,active,5227500,RWF,allowed
0.releases.2177.tender.lots.2,0.releases.2177,0,3,School materials,,active,6860000,RWF,allowed
0.releases.2180.tender.lots.0,0.releases.2180,0,1,Provision of MINALOC TLG car insurance,Provision of MINALOC TLG car insurance,active,6250000,RWF,allowed
0.releases.2185.tender.lots.0,0.releases.2185,0,1,Provision of Online Media Services to RTB,Provision of Online Media Services to RTB,active,22800000,RWF,allowed
0.releases.2188.tender.lots.0,0.releases.2188,0,1,Supply of Foods and Hygienic materials for Baby Gorilla in Quarantine ,,active,12000000,RWF,allowed
0.releases.2189.tender.lots.0,0.releases.2189,0,1,"Construction of the Food Court/  Park Project, focusing on green building initiatives and environmental sustainability in Musanze District","Construction of the Food Court/  Park Project, focusing on green building initiatives and environmental sustainability in Musanze District",active,1325000000,RWF,allowed
0.releases.2190.tender.lots.0,0.releases.2190,0,1,"Construction of the Food Court/  Park Project, focusing on green building initiatives and environmental sustainability in Musanze District","Construction of the Food Court/  Park Project, focusing on green building initiatives and environmental sustainability in Musanze District",active,1325000000,RWF,allowed
0.releases.2191.tender.lots.0,0.releases.2191,0,1,"Construction of the Food Court/  Park Project, focusing on green building initiatives and environmental sustainability in Musanze District","Construction of the Food Court/  Park Project, focusing on green building initiatives and environmental sustainability in Musanze District",active,1325000000,RWF,allowed
0.releases.2192.tender.lots.0,0.releases.2192,0,1,"Construction of the Food Court/  Park Project, focusing on green building initiatives and environmental sustainability in Musanze District","Construction of the Food Court/  Park Project, focusing on green building initiatives and environmental sustainability in Musanze District",active,1325000000,RWF,allowed
0.releases.2193.tender.lots.0,0.releases.2193,0,1,"Construction of the Food Court/  Park Project, focusing on green building initiatives and environmental sustainability in Musanze District","Construction of the Food Court/  Park Project, focusing on green building initiatives and environmental sustainability in Musanze District",active,1325000000,RWF,allowed
0.releases.2194.tender.lots.0,0.releases.2194,0,1,"Construction of the Food Court/  Park Project, focusing on green building initiatives and environmental sustainability in Musanze District","Construction of the Food Court/  Park Project, focusing on green building initiatives and environmental sustainability in Musanze District",active,1325000000,RWF,allowed
0.releases.2195.tender.lots.0,0.releases.2195,0,1,"Construction of the Food Court/  Park Project, focusing on green building initiatives and environmental sustainability in Musanze District","Construction of the Food Court/  Park Project, focusing on green building initiatives and environmental sustainability in Musanze District",active,1325000000,RWF,allowed
0.releases.2196.tender.lots.0,0.releases.2196,0,1,"Construction of the Food Court/  Park Project, focusing on green building initiatives and environmental sustainability in Musanze District","Construction of the Food Court/  Park Project, focusing on green building initiatives and environmental sustainability in Musanze District",active,1325000000,RWF,allowed
0.releases.2197.tender.lots.0,0.releases.2197,0,1,"Construction of the Food Court/  Park Project, focusing on green building initiatives and environmental sustainability in Musanze District","Construction of the Food Court/  Park Project, focusing on green building initiatives and environmental sustainability in Musanze District",active,1325000000,RWF,allowed
0.releases.2198.tender.lots.0,0.releases.2198,0,1,"Construction of the Food Court/  Park Project, focusing on green building initiatives and environmental sustainability in Musanze District","Construction of the Food Court/  Park Project, focusing on green building initiatives and environmental sustainability in Musanze District",active,1325000000,RWF,allowed
0.releases.2199.tender.lots.0,0.releases.2199,0,1,"Construction of the Food Court/  Park Project, focusing on green building initiatives and environmental sustainability in Musanze District","Construction of the Food Court/  Park Project, focusing on green building initiatives and environmental sustainability in Musanze District",active,1325000000,RWF,allowed
0.releases.2200.tender.lots.0,0.releases.2200,0,1,"Construction of the Food Court/  Park Project, focusing on green building initiatives and environmental sustainability in Musanze District","Construction of the Food Court/  Park Project, focusing on green building initiatives and environmental sustainability in Musanze District",active,1325000000,RWF,allowed
0.releases.2201.tender.lots.0,0.releases.2201,0,1,"Construction of the Food Court/  Park Project, focusing on green building initiatives and environmental sustainability in Musanze District","Construction of the Food Court/  Park Project, focusing on green building initiatives and environmental sustainability in Musanze District",active,1325000000,RWF,allowed
0.releases.2202.tender.lots.0,0.releases.2202,0,1,"Construction of the Food Court/  Park Project, focusing on green building initiatives and environmental sustainability in Musanze District","Construction of the Food Court/  Park Project, focusing on green building initiatives and environmental sustainability in Musanze District",active,1325000000,RWF,allowed
0.releases.2203.tender.lots.0,0.releases.2203,0,1,"Construction of the Food Court/  Park Project, focusing on green building initiatives and environmental sustainability in Musanze District","Construction of the Food Court/  Park Project, focusing on green building initiatives and environmental sustainability in Musanze District",active,1325000000,RWF,allowed
0.releases.2204.tender.lots.0,0.releases.2204,0,1,"Construction of the Food Court/  Park Project, focusing on green building initiatives and environmental sustainability in Musanze District","Construction of the Food Court/  Park Project, focusing on green building initiatives and environmental sustainability in Musanze District",active,1325000000,RWF,allowed
0.releases.2205.tender.lots.0,0.releases.2205,0,1,"Construction of the Food Court/  Park Project, focusing on green building initiatives and environmental sustainability in Musanze District","Construction of the Food Court/  Park Project, focusing on green building initiatives and environmental sustainability in Musanze District",active,1325000000,RWF,allowed
0.releases.2206.tender.lots.0,0.releases.2206,0,1,"Construction of the Food Court/  Park Project, focusing on green building initiatives and environmental sustainability in Musanze District","Construction of the Food Court/  Park Project, focusing on green building initiatives and environmental sustainability in Musanze District",active,1325000000,RWF,allowed
0.releases.2207.tender.lots.0,0.releases.2207,0,1,"Construction of the Food Court/  Park Project, focusing on green building initiatives and environmental sustainability in Musanze District","Construction of the Food Court/  Park Project, focusing on green building initiatives and environmental sustainability in Musanze District",active,1325000000,RWF,allowed
0.releases.2208.tender.lots.0,0.releases.2208,0,1,Acquisition of Airtimes (MTN RWANDA) for Rwanda Correctional Service Staff,Acquisition of Airtimes (MTN RWANDA) for Rwanda Correctional Service Staff,active,19500000,RWF,allowed
0.releases.2209.tender.lots.0,0.releases.2209,0,1,Purchase and Supply of Girinka Packages,,active,12058377,RWF,allowed
0.releases.2209.tender.lots.1,0.releases.2209,0,1,Purchase and Supply of Girinka Packages,,active,12058377,RWF,allowed
0.releases.2210.tender.lots.0,0.releases.2210,0,1,WASH kits,,active,31144000,RWF,allowed
0.releases.2210.tender.lots.1,0.releases.2210,0,2,Cloths,,active,5227500,RWF,allowed
0.releases.2210.tender.lots.2,0.releases.2210,0,3,School materials,,active,6860000,RWF,allowed
0.releases.2211.tender.lots.0,0.releases.2211,0,1,Repair and maintenance of VITEK System for Rubirizi National Veterinary Laboratory,Repair and maintenance of VITEK System for Rubirizi National Veterinary Laboratory,active,17500000,RWF,allowed
0.releases.2211.tender.lots.1,0.releases.2211,0,1,Repair and maintenance of VITEK System for Rubirizi National Veterinary Laboratory,Repair and maintenance of VITEK System for Rubirizi National Veterinary Laboratory,active,17500000,RWF,allowed
0.releases.2212.tender.lots.0,0.releases.2212,0,1,Provision of sports and recreational facilities and services for NESA Staff (across the country,Provision of sports and recreational facilities and services for NESA Staff (across the country,active,2000000,RWF,allowed
0.releases.2214.tender.lots.0,0.releases.2214,0,1,Purchase of Hospital staff Uniform,,active,3500000,RWF,allowed
0.releases.2215.tender.lots.0,0.releases.2215,0,1,Purchase of Hospital staff Uniform,,active,3500000,RWF,allowed
0.releases.2216.tender.lots.0,0.releases.2216,0,1,Purchase of Hospital staff Uniform,,active,3500000,RWF,allowed
0.releases.2217.tender.lots.0,0.releases.2217,0,1,Purchase of Hospital staff Uniform,,active,3500000,RWF,allowed
0.releases.2218.tender.lots.0,0.releases.2218,0,1,Professional advisory services to the Government of Rwanda on bulk oil purchase negotiations with the Kingdom of Saudi Arabia,Professional advisory services to the Government of Rwanda on bulk oil purchase negotiations with the Kingdom of Saudi Arabia,active,213000000,RWF,allowed
0.releases.2220.tender.lots.0,0.releases.2220,0,1,Privatization of Management of Kabarore Guest House,Privatization of Management of Kabarore Guest House,active,3600000,RWF,allowed
0.releases.2222.tender.lots.0,0.releases.2222,0,1,Acquisition of Office Furniture,,active,40000000,RWF,allowed
0.releases.2223.tender.lots.0,0.releases.2223,0,1,Hiring insurance brokerage services company for Nyabihu District under framework agreement,Insurance brokerage services,active,5500000,RWF,allowed
0.releases.2223.tender.lots.1,0.releases.2223,0,1,Hiring insurance brokerage services company for Nyabihu District under framework agreement,Insurance brokerage services,active,5500000,RWF,allowed
0.releases.2224.tender.lots.0,0.releases.2224,0,1,BF- Feasibility Study of Rehabilitation of Mugombwa Health Center,BF- Feasibility Study of Rehabilitation of Mugombwa Health Center,active,10334159,RWF,allowed
0.releases.2225.tender.lots.0,0.releases.2225,0,1,Supply and distribute cows and their drug packages,,active,189701200,RWF,allowed
0.releases.2225.tender.lots.1,0.releases.2225,0,1,Supply and distribute cows and their drug packages,,active,189701200,RWF,allowed
0.releases.2227.tender.lots.0,0.releases.2227,0,1,Provision of transport service,Provision of transport service,active,30000000,RWF,allowed
0.releases.2228.tender.lots.0,0.releases.2228,0,1,Supervision of REHABILITATION AND EXTENSION OF NYUNGWE- KIZIMYAMURIRO DRINKING WATER SUPPLY SYSTEM IN BURUHUKIRO SECTOR OF NYAMAGABE DISTRICT (35.8Km),Supervision of REHABILITATION AND EXTENSION OF NYUNGWE- KIZIMYAMURIRO DRINKING WATER SUPPLY SYSTEM IN BURUHUKIRO SECTOR OF NYAMAGABE DISTRICT (35.8Km),active,36000000,RWF,allowed
0.releases.2228.tender.lots.1,0.releases.2228,0,1,Supervision of REHABILITATION AND EXTENSION OF NYUNGWE- KIZIMYAMURIRO DRINKING WATER SUPPLY SYSTEM IN BURUHUKIRO SECTOR OF NYAMAGABE DISTRICT (35.8Km),Supervision of REHABILITATION AND EXTENSION OF NYUNGWE- KIZIMYAMURIRO DRINKING WATER SUPPLY SYSTEM IN BURUHUKIRO SECTOR OF NYAMAGABE DISTRICT (35.8Km),active,36000000,RWF,allowed
0.releases.2229.tender.lots.0,0.releases.2229,0,1,Supervision of REHABILITATION AND EXTENSION OF NYESAYO- MUGOTE DRINKING WATER SUPPLY SYSTEM IN KADUYA SECTOR OF NYAMAGABE DISTRICT (28.8Km),Supervision of REHABILITATION AND EXTENSION OF NYESAYO- MUGOTE DRINKING WATER SUPPLY SYSTEM IN KADUYA SECTOR OF NYAMAGABE DISTRICT (28.8Km),active,20000000,RWF,allowed
0.releases.2229.tender.lots.1,0.releases.2229,0,1,Supervision of REHABILITATION AND EXTENSION OF NYESAYO- MUGOTE DRINKING WATER SUPPLY SYSTEM IN KADUYA SECTOR OF NYAMAGABE DISTRICT (28.8Km),Supervision of REHABILITATION AND EXTENSION OF NYESAYO- MUGOTE DRINKING WATER SUPPLY SYSTEM IN KADUYA SECTOR OF NYAMAGABE DISTRICT (28.8Km),active,20000000,RWF,allowed
0.releases.2230.tender.lots.0,0.releases.2230,0,1,Hiring providers of cleaning services for NYAMAGABE District,Hiring providers of cleaning services for NYAMAGABE District,active,24000000,RWF,allowed
0.releases.2235.tender.lots.0,0.releases.2235,0,1,Tender of maintenance and Repair non medical equipments,Tender of maintenance and Repair non medical equipments,active,5000,RWF,allowed
0.releases.2236.tender.lots.0,0.releases.2236,0,1,Construction of Bwirabo water drainage system in Runda Sector,Construction of Bwirabo water drainage system in Runda Sector,active,455128037,RWF,allowed
0.releases.2238.tender.lots.0,0.releases.2238,0,2,Lot 2: Supply of Tyres for Tractors,,active,25094400,RWF,allowed
0.releases.2239.tender.lots.0,0.releases.2239,0,1,"SERVICE FOR DECORATION AND HIRING OF TENTS, SONORISATION, GENERATOR FOR DISTRICT CEREMONY",Good classification,active,11996000,RWF,allowed
0.releases.2241.tender.lots.0,0.releases.2241,0,1,Recruitment of National Technical Coordinator of COMBIO Project,Recruitment of National Technical Advisor of COMBIO Project,active,60000000,RWF,allowed
0.releases.2241.tender.lots.1,0.releases.2241,0,1,Recruitment of National Technical Coordinator of COMBIO Project,Recruitment of National Technical Advisor of COMBIO Project,active,60000000,RWF,allowed
0.releases.2241.tender.lots.2,0.releases.2241,0,1,Recruitment of National Technical Coordinator of COMBIO Project,Recruitment of National Technical Advisor of COMBIO Project,active,60000000,RWF,allowed
0.releases.2242.tender.lots.0,0.releases.2242,0,1,Consultancy for valuation services for Kirehe District,Consultancy for valuation services for Kirehe District,active,23000000,RWF,allowed
0.releases.2242.tender.lots.1,0.releases.2242,0,1,Consultancy for valuation services for Kirehe District,Consultancy for valuation services for Kirehe District,active,23000000,RWF,allowed
0.releases.2242.tender.lots.2,0.releases.2242,0,1,Consultancy for valuation services for Kirehe District,Consultancy for valuation services for Kirehe District,active,23000000,RWF,allowed
0.releases.2246.tender.lots.0,0.releases.2246,0,1,Recruitment of National Technical Coordinator of COMBIO Project,Recruitment of National Technical Advisor of COMBIO Project,active,60000000,RWF,allowed
0.releases.2246.tender.lots.1,0.releases.2246,0,1,Recruitment of National Technical Coordinator of COMBIO Project,Recruitment of National Technical Advisor of COMBIO Project,active,60000000,RWF,allowed
0.releases.2246.tender.lots.2,0.releases.2246,0,1,Recruitment of National Technical Coordinator of COMBIO Project,Recruitment of National Technical Advisor of COMBIO Project,active,60000000,RWF,allowed
0.releases.2250.tender.lots.0,0.releases.2250,0,1,Construction of Bwirabo water drainage system in Runda Sector,Construction of Bwirabo water drainage system in Runda Sector,active,455128037,RWF,allowed
0.releases.2251.tender.lots.0,0.releases.2251,0,1,Acquisition of Airtimes (MTN RWANDA) for Rwanda Correctional Service Staff,Acquisition of Airtimes (MTN RWANDA) for Rwanda Correctional Service Staff,active,19500000,RWF,allowed
0.releases.2252.tender.lots.0,0.releases.2252,0,1,Maintenance of washing machine(IMESA),Maintenance of washing machine(IMESA),active,4650000,RWF,allowed
0.releases.2254.tender.lots.0,0.releases.2254,0,1,Provision of transport service,Provision of transport service,active,30000000,RWF,allowed
0.releases.2255.tender.lots.0,0.releases.2255,0,1,Terms of reference for Hiring a consultancy firm to conduct the feasibility study for upgrading Kiyanzi Warehouse Facility for Regional Logistics Hub Development,Terms of reference for Hiring a consultancy firm to conduct the feasibility study for upgrading Kiyanzi Warehouse Facility for Regional Logistics Hub Development,active,172766400,RWF,allowed
0.releases.2255.tender.lots.1,0.releases.2255,0,1,Terms of reference for Hiring a consultancy firm to conduct the feasibility study for upgrading Kiyanzi Warehouse Facility for Regional Logistics Hub Development,Terms of reference for Hiring a consultancy firm to conduct the feasibility study for upgrading Kiyanzi Warehouse Facility for Regional Logistics Hub Development,active,172766400,RWF,allowed
0.releases.2255.tender.lots.2,0.releases.2255,0,1,LotNo1,,active,,,allowed
0.releases.2256.tender.lots.0,0.releases.2256,0,1,Terms of reference for Hiring a consultancy firm to conduct the feasibility study for upgrading Kiyanzi Warehouse Facility for Regional Logistics Hub Development,Terms of reference for Hiring a consultancy firm to conduct the feasibility study for upgrading Kiyanzi Warehouse Facility for Regional Logistics Hub Development,active,172766400,RWF,allowed
0.releases.2256.tender.lots.1,0.releases.2256,0,1,Terms of reference for Hiring a consultancy firm to conduct the feasibility study for upgrading Kiyanzi Warehouse Facility for Regional Logistics Hub Development,Terms of reference for Hiring a consultancy firm to conduct the feasibility study for upgrading Kiyanzi Warehouse Facility for Regional Logistics Hub Development,active,172766400,RWF,allowed
0.releases.2256.tender.lots.2,0.releases.2256,0,1,LotNo1,,active,,,allowed
0.releases.2257.tender.lots.0,0.releases.2257,0,1,Provision of Sports and recreation facilities to NRS Staffs,Provision of Sports and recreation facilities to NRS Staffs,active,54447,RWF,allowed
0.releases.2257.tender.lots.1,0.releases.2257,0,1,Provision of Sports and recreation facilities to NRS Staffs,Provision of Sports and recreation facilities to NRS Staffs,active,54447,RWF,allowed
0.releases.2258.tender.lots.0,0.releases.2258,0,1,Provision of Sports and recreation facilities to NRS Staffs,Provision of Sports and recreation facilities to NRS Staffs,active,54447,RWF,allowed
0.releases.2258.tender.lots.1,0.releases.2258,0,1,Provision of Sports and recreation facilities to NRS Staffs,Provision of Sports and recreation facilities to NRS Staffs,active,54447,RWF,allowed
0.releases.2259.tender.lots.0,0.releases.2259,0,1,Provision of Sports and recreation facilities to NRS Staffs,Provision of Sports and recreation facilities to NRS Staffs,active,54447,RWF,allowed
0.releases.2259.tender.lots.1,0.releases.2259,0,1,Provision of Sports and recreation facilities to NRS Staffs,Provision of Sports and recreation facilities to NRS Staffs,active,54447,RWF,allowed
0.releases.2260.tender.lots.0,0.releases.2260,0,1,Provision of Sports and recreation facilities to NRS Staffs,Provision of Sports and recreation facilities to NRS Staffs,active,54447,RWF,allowed
0.releases.2260.tender.lots.1,0.releases.2260,0,1,Provision of Sports and recreation facilities to NRS Staffs,Provision of Sports and recreation facilities to NRS Staffs,active,54447,RWF,allowed
0.releases.2261.tender.lots.0,0.releases.2261,0,1,Provision of Sports and recreation facilities to NRS Staffs,Provision of Sports and recreation facilities to NRS Staffs,active,54447,RWF,allowed
0.releases.2261.tender.lots.1,0.releases.2261,0,1,Provision of Sports and recreation facilities to NRS Staffs,Provision of Sports and recreation facilities to NRS Staffs,active,54447,RWF,allowed
0.releases.2262.tender.lots.0,0.releases.2262,0,1,Provision of Sports and recreation facilities to NRS Staffs,Provision of Sports and recreation facilities to NRS Staffs,active,54447,RWF,allowed
0.releases.2262.tender.lots.1,0.releases.2262,0,1,Provision of Sports and recreation facilities to NRS Staffs,Provision of Sports and recreation facilities to NRS Staffs,active,54447,RWF,allowed
0.releases.2263.tender.lots.0,0.releases.2263,0,1,Provision of Sports and recreation facilities to NRS Staffs,Provision of Sports and recreation facilities to NRS Staffs,active,54447,RWF,allowed
0.releases.2263.tender.lots.1,0.releases.2263,0,1,Provision of Sports and recreation facilities to NRS Staffs,Provision of Sports and recreation facilities to NRS Staffs,active,54447,RWF,allowed
0.releases.2264.tender.lots.0,0.releases.2264,0,1,Provision of Sports and recreation facilities to NRS Staffs,Provision of Sports and recreation facilities to NRS Staffs,active,54447,RWF,allowed
0.releases.2264.tender.lots.1,0.releases.2264,0,1,Provision of Sports and recreation facilities to NRS Staffs,Provision of Sports and recreation facilities to NRS Staffs,active,54447,RWF,allowed
0.releases.2266.tender.lots.0,0.releases.2266,0,1,Provision of refreshment/ Beverage,,active,5685600,RWF,allowed
0.releases.2267.tender.lots.0,0.releases.2267,0,1,Tender for provision VIP Transport Services for civil servants across the country, VVIP Transport Services for civil servants across the country,active,1000000000,RWF,allowed
0.releases.2267.tender.lots.1,0.releases.2267,0,2,Tender for provision VIP Transport Services for civil servants across the country,VIP Transport Services for civil servants across the country,active,1000000000,RWF,allowed
0.releases.2268.tender.lots.0,0.releases.2268,0,1,Tender for provision VIP Transport Services for civil servants across the country, VVIP Transport Services for civil servants across the country,active,1000000000,RWF,allowed
0.releases.2268.tender.lots.1,0.releases.2268,0,2,Tender for provision VIP Transport Services for civil servants across the country,VIP Transport Services for civil servants across the country,active,1000000000,RWF,allowed
0.releases.2269.tender.lots.0,0.releases.2269,0,1,Tender for provision VIP Transport Services for civil servants across the country, VVIP Transport Services for civil servants across the country,active,1000000000,RWF,allowed
0.releases.2269.tender.lots.1,0.releases.2269,0,2,Tender for provision VIP Transport Services for civil servants across the country,VIP Transport Services for civil servants across the country,active,1000000000,RWF,allowed
0.releases.2270.tender.lots.0,0.releases.2270,0,1,Recruitment of consultancy firm to conduct the Midi-Term Review of COMBIO Project,Recruitment of consultancy firm to conduct the Midi-Term Review of COMBIO Project,active,40000000,RWF,allowed
0.releases.2271.tender.lots.0,0.releases.2271,0,1,Tender for provision VIP Transport Services for civil servants across the country, VVIP Transport Services for civil servants across the country,active,1000000000,RWF,allowed
0.releases.2271.tender.lots.1,0.releases.2271,0,2,Tender for provision VIP Transport Services for civil servants across the country,VIP Transport Services for civil servants across the country,active,1000000000,RWF,allowed
0.releases.2272.tender.lots.0,0.releases.2272,0,1,Tender for provision VIP Transport Services for civil servants across the country, VVIP Transport Services for civil servants across the country,active,1000000000,RWF,allowed
0.releases.2272.tender.lots.1,0.releases.2272,0,2,Tender for provision VIP Transport Services for civil servants across the country,VIP Transport Services for civil servants across the country,active,1000000000,RWF,allowed
0.releases.2273.tender.lots.0,0.releases.2273,0,1,Supply of Spare part for general maintenance,,active,120000000,RWF,allowed
0.releases.2274.tender.lots.0,0.releases.2274,0,1,Tender for provision VIP Transport Services for civil servants across the country, VVIP Transport Services for civil servants across the country,active,1000000000,RWF,allowed
0.releases.2274.tender.lots.1,0.releases.2274,0,2,Tender for provision VIP Transport Services for civil servants across the country,VIP Transport Services for civil servants across the country,active,1000000000,RWF,allowed
0.releases.2275.tender.lots.0,0.releases.2275,0,1,"Supply and installation of Laboratory Equipment (light cycler, Nanodrop, thermocycler) for MSc and PhD in Biotechnology",,active,42525000,RWF,allowed
0.releases.2276.tender.lots.0,0.releases.2276,0,1,Tender for provision VIP Transport Services for civil servants across the country, VVIP Transport Services for civil servants across the country,active,1000000000,RWF,allowed
0.releases.2276.tender.lots.1,0.releases.2276,0,2,Tender for provision VIP Transport Services for civil servants across the country,VIP Transport Services for civil servants across the country,active,1000000000,RWF,allowed
0.releases.2277.tender.lots.0,0.releases.2277,0,2,Construction of Krambo cell in Kiyombe Sector, Construction of Krambo cell in Kiyombe Sector,active,50000000,RWF,allowed
0.releases.2277.tender.lots.1,0.releases.2277,0,2,Construction of Krambo cell in Kiyombe Sector, Construction of Krambo cell in Kiyombe Sector,active,50000000,RWF,allowed
0.releases.2278.tender.lots.0,0.releases.2278,0,1,Tender for provision VIP Transport Services for civil servants across the country, VVIP Transport Services for civil servants across the country,active,1000000000,RWF,allowed
0.releases.2278.tender.lots.1,0.releases.2278,0,2,Tender for provision VIP Transport Services for civil servants across the country,VIP Transport Services for civil servants across the country,active,1000000000,RWF,allowed
0.releases.2279.tender.lots.0,0.releases.2279,0,1,Tender for provision VIP Transport Services for civil servants across the country, VVIP Transport Services for civil servants across the country,active,1000000000,RWF,allowed
0.releases.2279.tender.lots.1,0.releases.2279,0,2,Tender for provision VIP Transport Services for civil servants across the country,VIP Transport Services for civil servants across the country,active,1000000000,RWF,allowed
0.releases.2280.tender.lots.0,0.releases.2280,0,1,Tender for provision VIP Transport Services for civil servants across the country, VVIP Transport Services for civil servants across the country,active,1000000000,RWF,allowed
0.releases.2280.tender.lots.1,0.releases.2280,0,2,Tender for provision VIP Transport Services for civil servants across the country,VIP Transport Services for civil servants across the country,active,1000000000,RWF,allowed
0.releases.2281.tender.lots.0,0.releases.2281,0,1,Tender for provision VIP Transport Services for civil servants across the country, VVIP Transport Services for civil servants across the country,active,1000000000,RWF,allowed
0.releases.2281.tender.lots.1,0.releases.2281,0,2,Tender for provision VIP Transport Services for civil servants across the country,VIP Transport Services for civil servants across the country,active,1000000000,RWF,allowed
0.releases.2282.tender.lots.0,0.releases.2282,0,1,Tender for provision VIP Transport Services for civil servants across the country, VVIP Transport Services for civil servants across the country,active,1000000000,RWF,allowed
0.releases.2282.tender.lots.1,0.releases.2282,0,2,Tender for provision VIP Transport Services for civil servants across the country,VIP Transport Services for civil servants across the country,active,1000000000,RWF,allowed
0.releases.2283.tender.lots.0,0.releases.2283,0,1,Tender for provision VIP Transport Services for civil servants across the country, VVIP Transport Services for civil servants across the country,active,1000000000,RWF,allowed
0.releases.2283.tender.lots.1,0.releases.2283,0,2,Tender for provision VIP Transport Services for civil servants across the country,VIP Transport Services for civil servants across the country,active,1000000000,RWF,allowed
0.releases.2284.tender.lots.0,0.releases.2284,0,1,Tender for provision VIP Transport Services for civil servants across the country, VVIP Transport Services for civil servants across the country,active,1000000000,RWF,allowed
0.releases.2284.tender.lots.1,0.releases.2284,0,2,Tender for provision VIP Transport Services for civil servants across the country,VIP Transport Services for civil servants across the country,active,1000000000,RWF,allowed
0.releases.2285.tender.lots.0,0.releases.2285,0,1,Tender for provision VIP Transport Services for civil servants across the country, VVIP Transport Services for civil servants across the country,active,1000000000,RWF,allowed
0.releases.2285.tender.lots.1,0.releases.2285,0,2,Tender for provision VIP Transport Services for civil servants across the country,VIP Transport Services for civil servants across the country,active,1000000000,RWF,allowed
0.releases.2286.tender.lots.0,0.releases.2286,0,1,Tender for provision VIP Transport Services for civil servants across the country, VVIP Transport Services for civil servants across the country,active,1000000000,RWF,allowed
0.releases.2286.tender.lots.1,0.releases.2286,0,2,Tender for provision VIP Transport Services for civil servants across the country,VIP Transport Services for civil servants across the country,active,1000000000,RWF,allowed
0.releases.2287.tender.lots.0,0.releases.2287,0,1,Tender for provision VIP Transport Services for civil servants across the country, VVIP Transport Services for civil servants across the country,active,1000000000,RWF,allowed
0.releases.2287.tender.lots.1,0.releases.2287,0,2,Tender for provision VIP Transport Services for civil servants across the country,VIP Transport Services for civil servants across the country,active,1000000000,RWF,allowed
0.releases.2288.tender.lots.0,0.releases.2288,0,1,Tender for provision VIP Transport Services for civil servants across the country, VVIP Transport Services for civil servants across the country,active,1000000000,RWF,allowed
0.releases.2288.tender.lots.1,0.releases.2288,0,2,Tender for provision VIP Transport Services for civil servants across the country,VIP Transport Services for civil servants across the country,active,1000000000,RWF,allowed
0.releases.2289.tender.lots.0,0.releases.2289,0,1,SUPPLY OF LABORATORY CONSUMABLES,,active,10000000,RWF,allowed
0.releases.2289.tender.lots.1,0.releases.2289,0,1,SUPPLY OF LABORATORY CONSUMABLES,,active,10000000,RWF,allowed
0.releases.2290.tender.lots.0,0.releases.2290,0,1,Building and asset insurances,Building and asset insurances,active,6000000,RWF,allowed
0.releases.2290.tender.lots.1,0.releases.2290,0,1,Building and asset insurances,Building and asset insurances,active,6000000,RWF,allowed
0.releases.2291.tender.lots.0,0.releases.2291,0,1,Provision of garage services for RP Karongi College Vehicles under framework Contract,Provision of garage services for RP Karongi College Vehicles under framework Contract,active,14987369,RWF,allowed
0.releases.2291.tender.lots.1,0.releases.2291,0,1,Provision of garage services for RP Karongi College Vehicles under framework Contract,Provision of garage services for RP Karongi College Vehicles under framework Contract,active,14987369,RWF,allowed
0.releases.2292.tender.lots.0,0.releases.2292,0,1,RE- ADVERTISEMENT Acquisition of Sport  Facilities for  the Parliament of Rwanda,RE- ADVERTISEMENT Acquisition of Sport  Facilities for  the Parliament of Rwanda,active,3000000,RWF,allowed
0.releases.2292.tender.lots.1,0.releases.2292,0,2,RE- ADVERTISEMENT Acquisition of Sport  Facilities for  the Parliament of Rwanda,RE- ADVERTISEMENT Acquisition of Sport  Facilities for  the Parliament of Rwanda,active,3000000,RWF,allowed
0.releases.2292.tender.lots.2,0.releases.2292,0,4,RE- ADVERTISEMENT Acquisition of Sport  Facilities for  the Parliament of Rwanda,RE- ADVERTISEMENT Acquisition of Sport  Facilities for  the Parliament of Rwanda,active,3000000,RWF,allowed
0.releases.2292.tender.lots.3,0.releases.2292,0,5,RE- ADVERTISEMENT Acquisition of Sport  Facilities for  the Parliament of Rwanda,RE- ADVERTISEMENT Acquisition of Sport  Facilities for  the Parliament of Rwanda,active,3000000,RWF,allowed
0.releases.2294.tender.lots.0,0.releases.2294,0,1,Framework tender for Cleaning services,Framework tender for Cleaning services,active,42152078,RWF,allowed
0.releases.2296.tender.lots.0,0.releases.2296,0,1,Supply and installation of submerged water pump with electrical floater at Muhabura Building at UR CST (Re-adverised) ,,active,15000000,RWF,allowed
0.releases.2297.tender.lots.0,0.releases.2297,0,1,Insurance of minaffet vip cars,Insurance of minaffet vip cars,active,32000000,RWF,allowed
0.releases.2299.tender.lots.0,0.releases.2299,0,1,TRAINING DPOs,TRAINING DPOs,active,70000000,RWF,allowed
0.releases.2300.tender.lots.0,0.releases.2300,0,1,Supply of Animal drugs to Nyagatare Campus,,active,10000000,RWF,allowed
0.releases.2301.tender.lots.0,0.releases.2301,0,1,Supply of Farming Tools and Materials,,active,30000000,RWF,allowed
0.releases.2302.tender.lots.0,0.releases.2302,0,1,"Supply of Fuel to NPPA Vehicles, Motorcycles and Generator/Framework Contract/Re-Advertised",,active,45200000,RWF,allowed
0.releases.2303.tender.lots.0,0.releases.2303,0,1,Provision of decoration services,Provision of decoration services,active,40000000,RWF,allowed
0.releases.2303.tender.lots.1,0.releases.2303,0,1,Provision of decoration services,Provision of decoration services,active,40000000,RWF,allowed
0.releases.2304.tender.lots.0,0.releases.2304,0,1,SUPERVISION FOR CONSTRUCTION OF 12 LATRINES AND ACCESSIBLE TOILET AT EP KARAMA IN JANJA SECTOR,SUPERVISION FOR CONSTRUCTION OF 12 LATRINES AND ACCESSIBLE TOILET AT EP KARAMA IN JANJA SECTOR,active,8000000,RWF,allowed
0.releases.2307.tender.lots.0,0.releases.2307,0,1,Supply of special need education equipment in schools,,active,40000000,RWF,allowed
0.releases.2308.tender.lots.0,0.releases.2308,0,1,"Tender of purchase Mattresses, bed covers, blankets, draps and others related",,active,17168588,RWF,allowed
0.releases.2309.tender.lots.0,0.releases.2309,0,1,Insurance of minaffet vip cars,Insurance of minaffet vip cars,active,32000000,RWF,allowed
0.releases.2311.tender.lots.0,0.releases.2311,0,1,Execution works for construction of science laboratory at Inyange Girls school,Execution works for construction of science laboratory at Inyange Girls school,active,236192387,RWF,allowed
0.releases.2311.tender.lots.1,0.releases.2311,0,1,Execution works for construction of science laboratory at Inyange Girls school,Execution works for construction of science laboratory at Inyange Girls school,active,236192387,RWF,allowed
0.releases.2312.tender.lots.0,0.releases.2312,0,1,"Tender of purchase Mattresses, bed covers, blankets, draps and others related",,active,17168588,RWF,allowed
0.releases.2313.tender.lots.0,0.releases.2313,0,1,Execution works for construction of science laboratory at Inyange Girls school,Execution works for construction of science laboratory at Inyange Girls school,active,236192387,RWF,allowed
0.releases.2313.tender.lots.1,0.releases.2313,0,1,Execution works for construction of science laboratory at Inyange Girls school,Execution works for construction of science laboratory at Inyange Girls school,active,236192387,RWF,allowed
0.releases.2314.tender.lots.0,0.releases.2314,0,1,Supply and installation of Hardware equipment-LOT 1,,active,4290445253,RWF,allowed
0.releases.2314.tender.lots.1,0.releases.2314,0,2,Supply and installation of Container Unit equipment-LOT 2,,active,962946755,RWF,allowed
0.releases.2315.tender.lots.0,0.releases.2315,0,1,consultancy services for supervision of road maintenance works in musanze,consultancy services for supervision of road maintenance works in musanze,active,100000000,RWF,allowed
0.releases.2316.tender.lots.0,0.releases.2316,0,1,Vaccination & Insemination through Veterinary Sanitary Mandate,Vaccination & Insemination through Veterinary Sanitary Mandate,active,10000000,RWF,allowed
0.releases.2317.tender.lots.0,0.releases.2317,0,1,PLUMBING DEVICES  ,,active,12000000,RWF,allowed
0.releases.2317.tender.lots.1,0.releases.2317,0,2,Supply and Install Backup Water Pump and Related Accessories,,active,21060000,RWF,allowed
0.releases.2317.tender.lots.2,0.releases.2317,0,1,PLUMBING DEVICES  ,,active,12000000,RWF,allowed
0.releases.2317.tender.lots.3,0.releases.2317,0,2,Supply and Install Backup Water Pump and Related Accessories,,active,21060000,RWF,allowed
0.releases.2318.tender.lots.0,0.releases.2318,0,1,Provision of internet services in RAEB offices,Provision of internet services in RAEB offices,active,9000000,RWF,allowed
0.releases.2319.tender.lots.0,0.releases.2319,0,1,LotNo1,,active,,,allowed
0.releases.2319.tender.lots.1,0.releases.2319,0,1,LotNo1,,active,,,allowed
0.releases.2320.tender.lots.0,0.releases.2320,0,1,Annual Framework tender for maintenance of roads in Huye District,Annual Framework tender for maintenance of roads in Huye District,active,70000000,RWF,allowed
0.releases.2322.tender.lots.0,0.releases.2322,0,1,"Provision of Fuels for Vehicles, Motorbikes and standby generator of Rulindo District","Provision of Fuels for Vehicles, Motorbikes and standby generator of Rulindo District",active,24000000,RWF,allowed
0.releases.2323.tender.lots.0,0.releases.2323,0,1,Purchase of Hospital staff Uniform,,active,3500000,RWF,allowed
0.releases.2324.tender.lots.0,0.releases.2324,0,1,Purchase of Hospital staff Uniform,,active,3500000,RWF,allowed
0.releases.2325.tender.lots.0,0.releases.2325,0,1,Purchase of Hospital staff Uniform,,active,3500000,RWF,allowed
0.releases.2326.tender.lots.0,0.releases.2326,0,1,Purchase of Hospital staff Uniform,,active,3500000,RWF,allowed
0.releases.2327.tender.lots.0,0.releases.2327,0,1,Implimentation of Nzove 3 water treatment plant upgrade,,active,10095310170,RWF,allowed
0.releases.2329.tender.lots.0,0.releases.2329,0,1,Supply of cows(Re-advertised),,active,20000000,RWF,allowed
0.releases.2329.tender.lots.1,0.releases.2329,0,1,Supply of cows(Re-advertised),,active,20000000,RWF,allowed
0.releases.2330.tender.lots.0,0.releases.2330,0,1,Supply of materials for Transit Center ,,active,20000000,RWF,allowed
0.releases.2330.tender.lots.1,0.releases.2330,0,2,Supply of food  for Transit Center ,,active,30000000,RWF,allowed
0.releases.2330.tender.lots.2,0.releases.2330,0,1,Supply of materials for Transit Center ,,active,20000000,RWF,allowed
0.releases.2330.tender.lots.3,0.releases.2330,0,2,Supply of food  for Transit Center ,,active,30000000,RWF,allowed
0.releases.2331.tender.lots.0,0.releases.2331,0,1,"on boarding of an external auditing firm for an annual audit of Ireme Invest funded projects (DANIDA funds) for year ended December 31st, 2025","on boarding of an external auditing firm for an annual audit of Ireme Invest funded projects (DANIDA funds) for year ended December 31st, 2025",active,10000000,RWF,allowed
0.releases.2332.tender.lots.0,0.releases.2332,0,1,Maintenance of Kibungo referral Hospital Vehicules   and Generator,KLTTH,active,31143704,RWF,allowed
0.releases.2333.tender.lots.0,0.releases.2333,0,1,"Provision of cleaning services, LOT 1 Public buildings Cleaning","Provision of cleaning services, LOT 1 Public buildings Cleaning",active,15000000,RWF,allowed
0.releases.2334.tender.lots.0,0.releases.2334,0,1,Acquisition of hygienic Materials for RCS Training School,,active,17800000,RWF,allowed
0.releases.2335.tender.lots.0,0.releases.2335,0,1,Hiring a service provider for mechanization services,Mechanization services,active,520000000,RWF,allowed
0.releases.2337.tender.lots.0,0.releases.2337,0,1,"Supply of plastic child friendly hand washing facilities to households with under 2 years children, pregnant women and home Based ECD",,active,91100100,RWF,allowed
0.releases.2338.tender.lots.0,0.releases.2338,0,1,Supply of special need education equipment in schools,,active,40000000,RWF,allowed
0.releases.2339.tender.lots.0,0.releases.2339,0,1,"Supply of plastic toilet sanitation facilities to Households with under 2 years children, pregnant women and Home based ECD",,active,134329650,RWF,allowed
0.releases.2340.tender.lots.0,0.releases.2340,0,1,"Supply of ceramic water filters to households with under 2 years children    and pregnant women, to community based ECD facilities and Home based ECD",,active,458640000,RWF,allowed
0.releases.2341.tender.lots.0,0.releases.2341,0,2,Construction of Krambo cell in Kiyombe Sector, Construction of Krambo cell in Kiyombe Sector,active,50000000,RWF,allowed
0.releases.2341.tender.lots.1,0.releases.2341,0,2,Construction of Krambo cell in Kiyombe Sector, Construction of Krambo cell in Kiyombe Sector,active,50000000,RWF,allowed
0.releases.2342.tender.lots.0,0.releases.2342,0,1,LotNo1,,active,,,allowed
0.releases.2342.tender.lots.1,0.releases.2342,0,1,Upgrading teaching & learning at Rwanda Polytechnic on integrated package (facilities & ICT-enabled pedagogy),,active,2356706344,RWF,allowed
0.releases.2343.tender.lots.0,0.releases.2343,0,1,LotNo1,,active,,,allowed
0.releases.2343.tender.lots.1,0.releases.2343,0,1,Upgrading teaching & learning at Rwanda Polytechnic on integrated package (facilities & ICT-enabled pedagogy),,active,2356706344,RWF,allowed
0.releases.2346.tender.lots.0,0.releases.2346,0,1,Supply and installation of spare parts for the liquid nitrogen plant,,active,180000000,RWF,allowed
0.releases.2347.tender.lots.0,0.releases.2347,0,1,Supply of furniture  at Ntare Louisenlund School,,active,16270000,RWF,allowed
0.releases.2349.tender.lots.0,0.releases.2349,0,1,Supply of four (4) electrical shearing machines with one motor power plant (for sheep),,active,12406012,RWF,allowed
0.releases.2350.tender.lots.0,0.releases.2350,0,1,Acquisition of foodstuff for trainees and trainers at RCS training school,,active,132095000,RWF,allowed
0.releases.2351.tender.lots.0,0.releases.2351,0,1,"Annual Framework Tender for Support to Animal artificial insemination, vaccination campaign and other veterinary services through Veterinary Sanitary Mandate","Annual Framework Tender for Support to Animal artificial insemination, vaccination campaign and other veterinary services through Veterinary Sanitary Mandate",active,36000000,RWF,allowed
0.releases.2353.tender.lots.0,0.releases.2353,0,1,Tender for management of Rugerero Cemetery,Tender for management of Rugerero Cemetery,active,1,RWF,allowed
0.releases.2360.tender.lots.0,0.releases.2360,0,1,Supply of Girinka Package,,active,7101491,RWF,allowed
0.releases.2365.tender.lots.0,0.releases.2365,0,1,TV services Lot one,TV services Lot one,active,3000000,RWF,allowed
0.releases.2365.tender.lots.1,0.releases.2365,0,2,Radio services Lot two,Radio services Lot two,active,2000000,RWF,allowed
0.releases.2365.tender.lots.2,0.releases.2365,0,3,Community radios lot three,Community radios lot three,active,2000000,RWF,allowed
0.releases.2365.tender.lots.3,0.releases.2365,0,4,News paper and Magazine lot four,News paper and Magazine lot four,active,2000000,RWF,allowed
0.releases.2365.tender.lots.4,0.releases.2365,0,5,On line Media services Lot 5,On line Media services Lot 5,active,2000000,RWF,allowed
0.releases.2365.tender.lots.5,0.releases.2365,0,6,Live streaming services lot 6,Live streaming services lot 6,active,1000000,RWF,allowed
0.releases.2366.tender.lots.0,0.releases.2366,0,1,Purchase of Hospital staff Uniform,,active,3500000,RWF,allowed
0.releases.2367.tender.lots.0,0.releases.2367,0,1,TV services Lot one,TV services Lot one,active,3000000,RWF,allowed
0.releases.2367.tender.lots.1,0.releases.2367,0,2,Radio services Lot two,Radio services Lot two,active,2000000,RWF,allowed
0.releases.2367.tender.lots.2,0.releases.2367,0,3,Community radios lot three,Community radios lot three,active,2000000,RWF,allowed
0.releases.2367.tender.lots.3,0.releases.2367,0,4,News paper and Magazine lot four,News paper and Magazine lot four,active,2000000,RWF,allowed
0.releases.2367.tender.lots.4,0.releases.2367,0,5,On line Media services Lot 5,On line Media services Lot 5,active,2000000,RWF,allowed
0.releases.2367.tender.lots.5,0.releases.2367,0,6,Live streaming services lot 6,Live streaming services lot 6,active,1000000,RWF,allowed
0.releases.2370.tender.lots.0,0.releases.2370,0,1,Purchase of Hospital staff Uniform,,active,3500000,RWF,allowed
0.releases.2371.tender.lots.0,0.releases.2371,0,1,Purchase of Hospital staff Uniform,,active,3500000,RWF,allowed
0.releases.2372.tender.lots.0,0.releases.2372,0,1,Provide vaccination and insemination related activities(re-advirtising),Provide vaccination and insemination related activities(re-advirtising),active,92092020,RWF,allowed
0.releases.2372.tender.lots.1,0.releases.2372,0,1,Provide vaccination and insemination related activities(re-advirtising),Provide vaccination and insemination related activities(re-advirtising),active,92092020,RWF,allowed
0.releases.2373.tender.lots.0,0.releases.2373,0,1,Rehabilitation of non-functional rural water supply systems in Muhanga and Kamonyi Districts,Rehabilitation of non-functional rural water supply systems in Muhanga and Kamonyi Districts,active,3305402756,RWF,allowed
0.releases.2375.tender.lots.0,0.releases.2375,0,1,Supply of tyres for the Ministry of Environment vehicles,,active,12000000,RWF,allowed
0.releases.2377.tender.lots.0,0.releases.2377,0,1,WASH kits,,active,31144000,RWF,allowed
0.releases.2377.tender.lots.1,0.releases.2377,0,2,Cloths,,active,5227500,RWF,allowed
0.releases.2377.tender.lots.2,0.releases.2377,0,3,School materials,,active,6860000,RWF,allowed
0.releases.2377.tender.lots.3,0.releases.2377,0,1,WASH kits,,active,31144000,RWF,allowed
0.releases.2377.tender.lots.4,0.releases.2377,0,2,Cloths,,active,5227500,RWF,allowed
0.releases.2377.tender.lots.5,0.releases.2377,0,3,School materials,,active,6860000,RWF,allowed
0.releases.2378.tender.lots.0,0.releases.2378,0,1,Provision of Water Sanitation and Hygiene (WASH) facility rental services for Emergency Response,Provision of Water Sanitation and Hygiene (WASH) facility rental services for Emergency Response,active,50000000,RWF,allowed
0.releases.2379.tender.lots.0,0.releases.2379,0,1,insurance services for District assets,insurance services for District assets,active,24000000,RWF,allowed
0.releases.2380.tender.lots.0,0.releases.2380,0,1,Framework Agreement to Provide Home Broadband Solutions to Public Servants,Framework Agreement to Provide Home Broadband Solutions to Public Servants,active,500000000,RWF,allowed
0.releases.2381.tender.lots.0,0.releases.2381,0,1,Framework Agreement to Provide Home Broadband Solutions to Public Servants,Framework Agreement to Provide Home Broadband Solutions to Public Servants,active,500000000,RWF,allowed
0.releases.2382.tender.lots.0,0.releases.2382,0,1,Framework Agreement to Provide Home Broadband Solutions to Public Servants,Framework Agreement to Provide Home Broadband Solutions to Public Servants,active,500000000,RWF,allowed
0.releases.2383.tender.lots.0,0.releases.2383,0,1,Framework Agreement to Provide Home Broadband Solutions to Public Servants,Framework Agreement to Provide Home Broadband Solutions to Public Servants,active,500000000,RWF,allowed
0.releases.2384.tender.lots.0,0.releases.2384,0,1,Hiring audiovisual equipment and services,,active,40000000,RWF,allowed
0.releases.2386.tender.lots.0,0.releases.2386,0,1,"Construction of the Food Court/  Park Project, focusing on green building initiatives and environmental sustainability in Musanze District","Construction of the Food Court/  Park Project, focusing on green building initiatives and environmental sustainability in Musanze District",active,1325000000,RWF,allowed
0.releases.2389.tender.lots.0,0.releases.2389,0,1,Motel/Resort/Guest Houses sourcing service during twelve months Lot2,Motel/Resort/Guest Houses sourcing service during twelve months Lot2,active,42000000,RWF,allowed
0.releases.2389.tender.lots.1,0.releases.2389,0,1,Motel/Resort/Guest Houses sourcing service during twelve months Lot2,Motel/Resort/Guest Houses sourcing service during twelve months Lot2,active,42000000,RWF,allowed
0.releases.2390.tender.lots.0,0.releases.2390,0,1,Motel/Resort/Guest Houses sourcing service during twelve months Lot2,Motel/Resort/Guest Houses sourcing service during twelve months Lot2,active,42000000,RWF,allowed
0.releases.2390.tender.lots.1,0.releases.2390,0,1,Motel/Resort/Guest Houses sourcing service during twelve months Lot2,Motel/Resort/Guest Houses sourcing service during twelve months Lot2,active,42000000,RWF,allowed
0.releases.2393.tender.lots.0,0.releases.2393,0,1,Provision of decoration services,Provision of decoration services,active,40000000,RWF,allowed
0.releases.2393.tender.lots.1,0.releases.2393,0,1,Provision of decoration services,Provision of decoration services,active,40000000,RWF,allowed
0.releases.2395.tender.lots.0,0.releases.2395,0,1,Rehabilitate Gaseke-Muyanza chipseal road (9.4km) by construction of bridges in Phase II in Gicumbi District,Rehabilitate Gaseke-Muyanza chipseal road (9.4km) by construction of bridges in Phase II in Gicumbi District,active,251216494,RWF,allowed
0.releases.2396.tender.lots.0,0.releases.2396,0,1,"Recruitment of a Consultant to manage IIA Rwanda Business development, trainings and events Programs","Recruitment of a Consultant to manage IIA Rwanda Business development, trainings and events Programs",active,17500000,RWF,allowed
0.releases.2397.tender.lots.0,0.releases.2397,0,1,Supply of uniforms for RSB personnel under framework contract,,active,5000000,RWF,allowed
0.releases.2397.tender.lots.1,0.releases.2397,0,1,Supply of uniforms for RSB personnel under framework contract,,active,5000000,RWF,allowed
0.releases.2397.tender.lots.2,0.releases.2397,0,1,Supply of uniforms for RSB personnel under framework contract,,active,5000000,RWF,allowed
0.releases.2398.tender.lots.0,0.releases.2398,0,1,Providing cleaning service for Gicumbi Distric,Providing cleaning service for Gicumbi Distric,active,21368400,RWF,allowed
0.releases.2398.tender.lots.1,0.releases.2398,0,1,Providing cleaning service for Gicumbi Distric,Providing cleaning service for Gicumbi Distric,active,21368400,RWF,allowed
0.releases.2399.tender.lots.0,0.releases.2399,0,1,Construction of Selling point at Matinza in Rwinkwavu Sector,Construction of Selling point at Matinza in Rwinkwavu Sector,active,72516750,RWF,allowed
0.releases.2401.tender.lots.0,0.releases.2401,0,1,insurance services for District assets,insurance services for District assets,active,24000000,RWF,allowed
0.releases.2402.tender.lots.0,0.releases.2402,0,1,"Tender for framework contract for hiring public relations, marketing and communication services ",50000000,active,50000000,RWF,allowed
0.releases.2403.tender.lots.0,0.releases.2403,0,1,Framework Conultancy Tender for Maintenance and Upgrade of the SAP S4 HANA System,Consultancy Services,active,325000000,RWF,allowed
0.releases.2403.tender.lots.1,0.releases.2403,0,1,LotNo1,,active,,,allowed
0.releases.2403.tender.lots.2,0.releases.2403,0,1,Framework Conultancy Tender for Maintenance and Upgrade of the SAP S4 HANA System,Consultancy Services,active,325000000,RWF,allowed
0.releases.2404.tender.lots.0,0.releases.2404,0,2, Tender for upgrading of Rasano Health post Re-advertised, Tender for upgrading of Rasano Health post Re-advertised,active,430316480,RWF,allowed
0.releases.2405.tender.lots.0,0.releases.2405,0,1,Purchase of Hospital staff Uniform,,active,3500000,RWF,allowed
0.releases.2406.tender.lots.0,0.releases.2406,0,1,Tender of maintenance and Repair non medical equipments,Tender of maintenance and Repair non medical equipments,active,5000,RWF,allowed
0.releases.2407.tender.lots.0,0.releases.2407,0,1,"Supply and installation of Laboratory Equipment (light cycler, Nanodrop, thermocycler) for MSc and PhD in Biotechnology",,active,42525000,RWF,allowed
0.releases.2408.tender.lots.0,0.releases.2408,0,1,Tender for acquisition of orthopedic office chairs,,active,10000000,RWF,allowed
0.releases.2409.tender.lots.0,0.releases.2409,0,1,Tea break required for the RCS staff,,active,44915200,RWF,allowed
0.releases.2410.tender.lots.0,0.releases.2410,0,1,Tender for maintenance of RPPA offices,Tender for maintenance of RPPA offices,active,3000000,RWF,allowed
0.releases.2412.tender.lots.0,0.releases.2412,0,1,Framework tender for hiring of playgrounds for football and volley ball sport activities,Framework tender for hiring of playgrounds for football and volley ball sport activities,active,7200000,RWF,allowed
0.releases.2412.tender.lots.1,0.releases.2412,0,1,Framework tender for hiring of playgrounds for football and volley ball sport activities,Framework tender for hiring of playgrounds for football and volley ball sport activities,active,7200000,RWF,allowed
0.releases.2413.tender.lots.0,0.releases.2413,0,1,Framework tender for hiring of playgrounds for football and volley ball sport activities,Framework tender for hiring of playgrounds for football and volley ball sport activities,active,7200000,RWF,allowed
0.releases.2413.tender.lots.1,0.releases.2413,0,1,Framework tender for hiring of playgrounds for football and volley ball sport activities,Framework tender for hiring of playgrounds for football and volley ball sport activities,active,7200000,RWF,allowed
0.releases.2414.tender.lots.0,0.releases.2414,0,1,Supevision  Rehabilitate Gaseke-Muyanza chipseal road (9.4km) by construction of bridges in Phase II in Gicumbi District,Supevision  Rehabilitate Gaseke-Muyanza chipseal road (9.4km) by construction of bridges in Phase II in Gicumbi District,active,15000000,RWF,allowed
0.releases.2416.tender.lots.0,0.releases.2416,0,1, Supply of office stationaries and consumables  ,,active,17000000,RWF,allowed
0.releases.2416.tender.lots.1,0.releases.2416,0,1, Supply of office stationaries and consumables  ,,active,17000000,RWF,allowed
0.releases.2418.tender.lots.0,0.releases.2418,0,1,Tender for acquisition of orthopedic office chairs,,active,10000000,RWF,allowed
0.releases.2419.tender.lots.0,0.releases.2419,0,1,Framework tender for hiring of playgrounds for football and volley ball sport activities,Framework tender for hiring of playgrounds for football and volley ball sport activities,active,7200000,RWF,allowed
0.releases.2419.tender.lots.1,0.releases.2419,0,1,Framework tender for hiring of playgrounds for football and volley ball sport activities,Framework tender for hiring of playgrounds for football and volley ball sport activities,active,7200000,RWF,allowed
0.releases.2425.tender.lots.0,0.releases.2425,0,1,Purchase and Supply of lime (grade 1)/ha,,active,18000000,RWF,allowed
0.releases.2427.tender.lots.0,0.releases.2427,0,1,Tender for Supply of five generators at NPC and LPCs,,active,350000000,RWF,allowed
0.releases.2429.tender.lots.0,0.releases.2429,0,1,Provide vaccination and insemination related activities(re-advirtising),Provide vaccination and insemination related activities(re-advirtising),active,92092020,RWF,allowed
0.releases.2429.tender.lots.1,0.releases.2429,0,1,Provide vaccination and insemination related activities(re-advirtising),Provide vaccination and insemination related activities(re-advirtising),active,92092020,RWF,allowed
0.releases.2430.tender.lots.0,0.releases.2430,0,1,Purchase and Supply of compost/ha,,active,36000000,RWF,allowed
0.releases.2432.tender.lots.0,0.releases.2432,0,1,Framework Conultancy Tender for Maintenance and Upgrade of the SAP S4 HANA System,Consultancy Services,active,325000000,RWF,allowed
0.releases.2432.tender.lots.1,0.releases.2432,0,1,LotNo1,,active,,,allowed
0.releases.2432.tender.lots.2,0.releases.2432,0,1,Framework Conultancy Tender for Maintenance and Upgrade of the SAP S4 HANA System,Consultancy Services,active,325000000,RWF,allowed
0.releases.2433.tender.lots.0,0.releases.2433,0,1,SERVICE OF TRANSPORT (VEHICULE AND MOTOS) IN NGOMA DISTRICT,Good classification,active,48612177,RWF,allowed
0.releases.2435.tender.lots.0,0.releases.2435,0,1,"Seedlings preparation, planting and maintenance agroforestry (Grivelia,Caliandra lecena and Native species)","Seedlings preparation, planting and maintenance agroforestry (Grivelia,Caliandra lecena and Native species)",active,42099268,RWF,allowed
0.releases.2437.tender.lots.0,0.releases.2437,0,1,Supply of improved seeds(beans),,active,14760000,RWF,allowed
0.releases.2440.tender.lots.0,0.releases.2440,0,1,"Supply, installation and development of Forestry monitoring (carbon sequestration) application for Geospatial hu",,active,194888286,RWF,allowed
0.releases.2441.tender.lots.0,0.releases.2441,0,1, Supply of office stationaries and consumables  ,,active,17000000,RWF,allowed
0.releases.2441.tender.lots.1,0.releases.2441,0,1, Supply of office stationaries and consumables  ,,active,17000000,RWF,allowed
0.releases.2442.tender.lots.0,0.releases.2442,0,1,Rehabilitate Gaseke-Muyanza chipseal road (9.4km) by construction of bridges in Phase II in Gicumbi District,Rehabilitate Gaseke-Muyanza chipseal road (9.4km) by construction of bridges in Phase II in Gicumbi District,active,251216494,RWF,allowed
0.releases.2443.tender.lots.0,0.releases.2443,0,1,Hiring of two (2) floating consulting Engineers to give a technical support to RUDP II,Hiring of two (2) floating consulting Engineers to give a technical support to RUDP II,active,73187575,RWF,allowed
0.releases.2446.tender.lots.0,0.releases.2446,0,1,Hiring audiovisual equipment and services,,active,40000000,RWF,allowed
0.releases.2447.tender.lots.0,0.releases.2447,0,1,"Supply,planting and maintenance grasses(pennisetum porpoleum(urubingo) for new and existing Radical terraces and progressive terraces","Supply,planting and maintenance grasses(pennisetum porpoleum(urubingo) for new and existing Radical terraces and progressive terraces",active,38667178,RWF,allowed
0.releases.2449.tender.lots.0,0.releases.2449,0,1,"Riverbank protection with bamboo, Native tree species and shrubs with maintenance","Riverbank protection with bamboo, Native tree species and shrubs with maintenance",active,21583107,RWF,allowed
0.releases.2451.tender.lots.0,0.releases.2451,0,1,Provision of communication services (Closed user group) And airtime Top up for Kaduha Hospital staff,Provision of communication services (Closed user group) And airtime Top up for Kaduha Hospital staff,active,10800000,RWF,allowed
0.releases.2452.tender.lots.0,0.releases.2452,0,1,"Seedlings preparation, planting Fruit trees (9/hh with 3 different grafted species) with maintenance","Seedlings preparation, planting Fruit trees (9/hh with 3 different grafted species) with maintenance",active,13140000,RWF,allowed
0.releases.2454.tender.lots.0,0.releases.2454,0,1,Supply of Anaplasmosis vaccine,,active,200000000,RWF,allowed
0.releases.2454.tender.lots.1,0.releases.2454,0,1,Supply of Anaplasmosis vaccine,,active,200000000,RWF,allowed
0.releases.2455.tender.lots.0,0.releases.2455,0,1,Supply of Laboratory equipment and consumables for food safety in food processing research,,active,26360450,RWF,allowed
0.releases.2455.tender.lots.1,0.releases.2455,0,1,Supply of Laboratory equipment and consumables for food safety in food processing research,,active,26360450,RWF,allowed
0.releases.2456.tender.lots.0,0.releases.2456,0,1,Motel/Resort/Guest Houses sourcing service during twelve months Lot2,Motel/Resort/Guest Houses sourcing service during twelve months Lot2,active,42000000,RWF,allowed
0.releases.2456.tender.lots.1,0.releases.2456,0,1,Motel/Resort/Guest Houses sourcing service during twelve months Lot2,Motel/Resort/Guest Houses sourcing service during twelve months Lot2,active,42000000,RWF,allowed
0.releases.2458.tender.lots.0,0.releases.2458,0,1,"Supply and installation of Laboratory Equipment (light cycler, Nanodrop, thermocycler) for MSc and PhD in Biotechnology",,active,42525000,RWF,allowed
0.releases.2458.tender.lots.1,0.releases.2458,0,1,"Supply and installation of Laboratory Equipment (light cycler, Nanodrop, thermocycler) for MSc and PhD in Biotechnology",,active,42525000,RWF,allowed
0.releases.2459.tender.lots.0,0.releases.2459,0,1,Supply and installation of plastic water tank of 10m3 and 3m3 capacity,Supply and installation of plastic water tank of 10m3 and 3m3 capacity,active,19734490,RWF,allowed
0.releases.2461.tender.lots.0,0.releases.2461,0,1,Re-Advertisement for Supply of Mechanical and Welding Consumables to IPRC Huye under framework Contract,,active,26364995,RWF,allowed
0.releases.2462.tender.lots.0,0.releases.2462,0,1,Tender for supply of construction materials of cells office,,active,45000000,RWF,allowed
0.releases.2465.tender.lots.0,0.releases.2465,0,1,Supply of stationery,,active,28645500,RWF,allowed
0.releases.2466.tender.lots.0,0.releases.2466,0,1,Supply of Laundry and IPC  materials,,active,3000000,RWF,allowed
0.releases.2466.tender.lots.1,0.releases.2466,0,1,Supply of Laundry and IPC  materials,,active,3000000,RWF,allowed
0.releases.2467.tender.lots.0,0.releases.2467,0,1,Purchase and Supply of compost/ha,,active,36000000,RWF,allowed
0.releases.2469.tender.lots.0,0.releases.2469,0,1,Purchase and Supply of lime (grade 1)/ha,,active,18000000,RWF,allowed
0.releases.2470.tender.lots.0,0.releases.2470,0,1,Supply and installation of smart water tank,,active,4000000,RWF,allowed
0.releases.2470.tender.lots.1,0.releases.2470,0,1,Supply and installation of smart water tank,,active,4000000,RWF,allowed
0.releases.2474.tender.lots.0,0.releases.2474,0,1,"Supply,planting and maintenance grasses(pennisetum porpoleum(urubingo) for new and existing Radical terraces and progressive terraces","Supply,planting and maintenance grasses(pennisetum porpoleum(urubingo) for new and existing Radical terraces and progressive terraces",active,38667178,RWF,allowed
0.releases.2475.tender.lots.0,0.releases.2475,0,1,Supply and fixing of window and doors,,active,15048000,RWF,allowed
0.releases.2475.tender.lots.1,0.releases.2475,0,1,Supply and fixing of window and doors,,active,15048000,RWF,allowed
0.releases.2475.tender.lots.2,0.releases.2475,0,2,Supply of hardware construction materials,,active,22008452,RWF,allowed
0.releases.2475.tender.lots.3,0.releases.2475,0,3,Supply of local construction materials,,active,39632320,RWF,allowed
0.releases.2475.tender.lots.4,0.releases.2475,0,4,"supply of chairs,tables, desks and closing placard",,active,18205000,RWF,allowed
0.releases.2476.tender.lots.0,0.releases.2476,0,1,Supervision of works for construction of 20 classrooms and 72 latrines,Supervision of works for construction of 20 classrooms and 72 latrines,active,32104000,RWF,allowed
0.releases.2478.tender.lots.0,0.releases.2478,0,1,"Annual Framework Tender for Support to Animal artificial insemination, vaccination campaign and other veterinary services through Veterinary Sanitary Mandate","Annual Framework Tender for Support to Animal artificial insemination, vaccination campaign and other veterinary services through Veterinary Sanitary Mandate",active,36000000,RWF,allowed
0.releases.2482.tender.lots.0,0.releases.2482,0,1,Framework tender for Hotel Services for Rutsiro District Staff and visitors out of District,Framework tender for Hotel Services for Rutsiro District Staff and visitors out of District,active,15000000,RWF,allowed
0.releases.2486.tender.lots.0,0.releases.2486,0,1,"Supply, installation and development of Forestry monitoring (carbon sequestration) application for Geospatial hu",,active,194888286,RWF,allowed
0.releases.2487.tender.lots.0,0.releases.2487,0,1,Supply of Spare part for general maintenance,,active,120000000,RWF,allowed
0.releases.2488.tender.lots.0,0.releases.2488,0,1,Supply of Spare part for general maintenance,,active,120000000,RWF,allowed
0.releases.2489.tender.lots.0,0.releases.2489,0,1,SERVICE OF TRANSPORT (VEHICULE AND MOTOS) IN NGOMA DISTRICT,Good classification,active,48612177,RWF,allowed
0.releases.2490.tender.lots.0,0.releases.2490,0,1,PROVISION OF ANNUAL AIRTIME SPACE ON TELEVISION AND RADIOS FOR PUBLIC AWARENESS ON FRAMEWORK AGREEMENT.,PROVISION OF ANNUAL AIRTIME SPACE,active,26139288,RWF,allowed
0.releases.2490.tender.lots.1,0.releases.2490,0,1,PROVISION OF ANNUAL AIRTIME SPACE ON TELEVISION AND RADIOS FOR PUBLIC AWARENESS ON FRAMEWORK AGREEMENT.,PROVISION OF ANNUAL AIRTIME SPACE,active,26139288,RWF,allowed
0.releases.2491.tender.lots.0,0.releases.2491,0,1,Purchase of Hospital staff Uniform,,active,3500000,RWF,allowed
0.releases.2491.tender.lots.1,0.releases.2491,0,1,Purchase of Hospital staff Uniform,,active,3500000,RWF,allowed
0.releases.2492.tender.lots.0,0.releases.2492,0,1,Hiring of two (2) floating consulting Engineers to give a technical support to RUDP II,Hiring of two (2) floating consulting Engineers to give a technical support to RUDP II,active,73187575,RWF,allowed
0.releases.2493.tender.lots.0,0.releases.2493,0,1,Hiring floating Engineer to give technical supports to RUDP II Phase 4,Hiring floating Engineer to give technical supports to RUDP II Phase 4,active,73187575,RWF,allowed
0.releases.2495.tender.lots.0,0.releases.2495,0,1,Provision of vehicles Insurance,Provision of vehicles Insurance,active,20000000,RWF,allowed
0.releases.2499.tender.lots.0,0.releases.2499,0,1,Supply and Installation of Laboratory Equipment- Lot three,,active,100842600,RWF,allowed
0.releases.2500.tender.lots.0,0.releases.2500,0,1,Re-Advertisement for Supply of Mechanical and Welding Consumables to IPRC Huye under framework Contract,,active,26364995,RWF,allowed
0.releases.2502.tender.lots.0,0.releases.2502,0,1,"Provision of Hotel Service to NPPA in Kigali City (Accommodation, Meeting Rooms, and Outside Catering)/Framework Contract",DAO,active,10000000,RWF,allowed
0.releases.2503.tender.lots.0,0.releases.2503,0,1,Provision of Cleaning  Services to NPPA NYARUGUNGA  OFFICES (KICUKIRO Primary Level)/Under Framework Contract,DAO,active,3200000,RWF,allowed
0.releases.2504.tender.lots.0,0.releases.2504,0,2,Supply of stationery,,active,28645500,RWF,allowed
0.releases.2504.tender.lots.1,0.releases.2504,0,1,Supply of stationery,,active,28645500,RWF,allowed
0.releases.2505.tender.lots.0,0.releases.2505,0,1,Supply of Laboratory equipment and consumables for food safety in food processing research,,active,26360450,RWF,allowed
0.releases.2505.tender.lots.1,0.releases.2505,0,1,Supply of Laboratory equipment and consumables for food safety in food processing research,,active,26360450,RWF,allowed
0.releases.2506.tender.lots.0,0.releases.2506,0,1,Supply of Anaplasmosis vaccine,,active,200000000,RWF,allowed
0.releases.2506.tender.lots.1,0.releases.2506,0,1,Supply of Anaplasmosis vaccine,,active,200000000,RWF,allowed
0.releases.2507.tender.lots.0,0.releases.2507,0,1,Repair and maintenance of VITEK System for Rubirizi National Veterinary Laboratory,Repair and maintenance of VITEK System for Rubirizi National Veterinary Laboratory,active,17500000,RWF,allowed
0.releases.2507.tender.lots.1,0.releases.2507,0,1,Repair and maintenance of VITEK System for Rubirizi National Veterinary Laboratory,Repair and maintenance of VITEK System for Rubirizi National Veterinary Laboratory,active,17500000,RWF,allowed
0.releases.2508.tender.lots.0,0.releases.2508,0,1,Supply of grass cutter machine,,active,8400000,RWF,allowed
0.releases.2508.tender.lots.1,0.releases.2508,0,1,Supply of grass cutter machine,,active,8400000,RWF,allowed
0.releases.2509.tender.lots.0,0.releases.2509,0,1,"Annual cleaning , Gardening services for MeteoRwanda Buildings and Gardens of meteorological stations","Annual cleaning , Gardening services for MeteoRwanda Buildings and Gardens of meteorological stations",active,25800000,RWF,allowed
0.releases.2510.tender.lots.0,0.releases.2510,0,1,Supply of Spare part for general maintenance,,active,120000000,RWF,allowed
0.releases.2512.tender.lots.0,0.releases.2512,0,1,"Preparation of Environmental and Social Safeguards Instruments (RAP, ESIA, ESA)","Preparation of Environmental and Social Safeguards Instruments (RAP, ESIA, ESA)",active,120000000,RWF,allowed
0.releases.2512.tender.lots.1,0.releases.2512,0,1,LotNo1,,active,,,allowed
0.releases.2512.tender.lots.2,0.releases.2512,0,1,LotNo1,,active,,,allowed
0.releases.2513.tender.lots.0,0.releases.2513,0,1,LotNo1,,active,,,allowed
0.releases.2513.tender.lots.1,0.releases.2513,0,1,LotNo1,,active,,,allowed
0.releases.2515.tender.lots.0,0.releases.2515,0,1,"Seedlings preparation, planting Fruit trees (9/hh with 3 different grafted species) with maintenance","Seedlings preparation, planting Fruit trees (9/hh with 3 different grafted species) with maintenance",active,13140000,RWF,allowed
0.releases.2517.tender.lots.0,0.releases.2517,0,2,Lot 2: Supply of Tyres for Tractors,,active,25094400,RWF,allowed
0.releases.2518.tender.lots.0,0.releases.2518,0,1,Hiring a Consultancy firm for supervision of irrigation rehabilitation works for Kamiranzovu marshland (140ha),Supervision of Kamiranzovu marshland,active,98000000,RWF,allowed
0.releases.2518.tender.lots.1,0.releases.2518,0,1,LotNo1,,active,,,allowed
0.releases.2518.tender.lots.2,0.releases.2518,0,1,LotNo1,,active,,,allowed
0.releases.2519.tender.lots.0,0.releases.2519,0,1,LotNo1,,active,,,allowed
0.releases.2519.tender.lots.1,0.releases.2519,0,1,LotNo1,,active,,,allowed
0.releases.2521.tender.lots.0,0.releases.2521,0,1,Provision for Cleaning and Gardening services,Good classification,active,56000000,RWF,allowed
0.releases.2522.tender.lots.0,0.releases.2522,0,1,"Design , printing,supply and fixing Rwanda promotional material","Design , printing,supply and fixing Rwanda promotional material",active,5300000,RWF,allowed
0.releases.2523.tender.lots.0,0.releases.2523,0,1,Annual Framework contract for Maintenance of generators and supply of related spare parts,Generator maintenance & supply of spare parts,active,40000000,RWF,allowed
0.releases.2523.tender.lots.1,0.releases.2523,0,1,Annual Framework contract for Maintenance of generators and supply of related spare parts,Generator maintenance & supply of spare parts,active,40000000,RWF,allowed
0.releases.2524.tender.lots.0,0.releases.2524,0,1,Sound system,Sound system,active,6000000,RWF,allowed
0.releases.2526.tender.lots.0,0.releases.2526,0,1,Acquisition of Batteries for RCS Vehicles and Motorcycles,,active,17163500,RWF,allowed
0.releases.2528.tender.lots.0,0.releases.2528,0,1,"Seedlings preparation, planting and maintenance agroforestry (Grivelia,Caliandra lecena and Native species)","Seedlings preparation, planting and maintenance agroforestry (Grivelia,Caliandra lecena and Native species)",active,42099268,RWF,allowed
0.releases.2532.tender.lots.0,0.releases.2532,0,1,SUPPLY OF ELECTRICITY,SUPPLY OF ELECTRICITY,active,80100000,RWF,allowed
0.releases.2533.tender.lots.0,0.releases.2533,0,1,Hiring a service provider for mechanization services,Mechanization services,active,520000000,RWF,allowed
0.releases.2534.tender.lots.0,0.releases.2534,0,1,Provision of insurance for Motorcycles and Vehicles of Rwamagana District,Provision of insurance for Motorcycles and Vehicles of Rwamagana District ,active,5500000,RWF,allowed
0.releases.2535.tender.lots.0,0.releases.2535,0,1,Provision of insurance for Motorcycles and Vehicles of Rwamagana District,Provision of insurance for Motorcycles and Vehicles of Rwamagana District ,active,5500000,RWF,allowed
0.releases.2536.tender.lots.0,0.releases.2536,0,1,Services for repair and Maintenance of 04 Elevators in a framework contract,Services for repair and Maintenance of 04 Elevators in a framework contract,active,40000000,RWF,allowed
0.releases.2537.tender.lots.0,0.releases.2537,0,1,Supply and installation of office furniture,,active,238336471,RWF,allowed
0.releases.2537.tender.lots.1,0.releases.2537,0,2,Supply and installation of equipment for resting/ stimulation,,active,25425000,RWF,allowed
0.releases.2537.tender.lots.2,0.releases.2537,0,3,Supply of learning and teaching materials,,active,32535000,RWF,allowed
0.releases.2537.tender.lots.3,0.releases.2537,0,4,Supply of kitchen and WASH materials,,active,64414049,RWF,allowed
0.releases.2540.tender.lots.0,0.releases.2540,0,1,"Recruitment of a Consultant to manage IIA Rwanda Business development, trainings and events Programs","Recruitment of a Consultant to manage IIA Rwanda Business development, trainings and events Programs",active,17500000,RWF,allowed
0.releases.2542.tender.lots.0,0.releases.2542,0,1,Services for repair and Maintenance of 04 Elevators in a framework contract,Services for repair and Maintenance of 04 Elevators in a framework contract,active,40000000,RWF,allowed
0.releases.2544.tender.lots.0,0.releases.2544,0,2, Tender for upgrading of Rasano Health post Re-advertised, Tender for upgrading of Rasano Health post Re-advertised,active,430316480,RWF,allowed
0.releases.2547.tender.lots.0,0.releases.2547,0,1,Supply of Spare parts and maintenance of SPIU-MINAGRI vehicles,,active,30000000,RWF,allowed
0.releases.2548.tender.lots.0,0.releases.2548,0,1,Workforce for Infrastructure Maintenance and Rehabilitation works,Workforce for Infrastructure Maintenance and Rehabilitation works,active,31710981,RWF,allowed
0.releases.2553.tender.lots.0,0.releases.2553,0,1,"Supply of ceramic water filters to households with under 2 years children    and pregnant women, to community based ECD facilities and Home based ECD",,active,458640000,RWF,allowed
0.releases.2555.tender.lots.0,0.releases.2555,0,1,"Supply of plastic toilet sanitation facilities to Households with under 2 years children, pregnant women and Home based ECD",,active,134329650,RWF,allowed
0.releases.2556.tender.lots.0,0.releases.2556,0,1,"Supply of plastic child friendly hand washing facilities to households with under 2 years children, pregnant women and home Based ECD",,active,91100100,RWF,allowed
0.releases.2557.tender.lots.0,0.releases.2557,0,1,Supply of Spare parts and maintenance of SPIU-MINAGRI vehicles,,active,30000000,RWF,allowed
0.releases.2559.tender.lots.0,0.releases.2559,0,1,Hiring a consulting firm for endline for Green Gicumbi Project(GGP) evaluation,Hiring a firm to conduct the End-line and impact Evaluation for the project Strengthening climate resilience of rural communities in Northern Rwanda (Green Gicumbi Project) ,active,60000000,RWF,allowed
0.releases.2559.tender.lots.1,0.releases.2559,0,1,Hiring a consulting firm for endline for Green Gicumbi Project(GGP) evaluation,Hiring a firm to conduct the End-line and impact Evaluation for the project Strengthening climate resilience of rural communities in Northern Rwanda (Green Gicumbi Project) ,active,60000000,RWF,allowed
0.releases.2559.tender.lots.2,0.releases.2559,0,1,Hiring a consulting firm for endline for Green Gicumbi Project(GGP) evaluation,Hiring a firm to conduct the End-line and impact Evaluation for the project Strengthening climate resilience of rural communities in Northern Rwanda (Green Gicumbi Project) ,active,60000000,RWF,allowed
0.releases.2561.tender.lots.0,0.releases.2561,0,1,refreshment products ,,active,6000000,RWF,allowed
0.releases.2562.tender.lots.0,0.releases.2562,0,13, Human  Genetics  : KARYOTYPING REAGENTS AND CONSUMABLES,,active,5300948,RWF,allowed
0.releases.2562.tender.lots.1,0.releases.2562,0,1,IMMUNOSEROLOGY LABORATORY ITEMS ,,active,3986579,RWF,allowed
0.releases.2562.tender.lots.2,0.releases.2562,0,2,HISTOPATHOLOGY REAGENTS AND GENERAL CONSUMMABLES ,,active,20789921,RWF,allowed
0.releases.2562.tender.lots.3,0.releases.2562,0,3,IMMUNOHISTOCHEMISTRY ANTIBODIES AND  CONSUMMABLES ,,active,14198714,RWF,allowed
0.releases.2562.tender.lots.4,0.releases.2562,0,4,BACTERIOLOGY AND PARASITOLOGY   REAGENTS ,,active,6229018,RWF,allowed
0.releases.2562.tender.lots.5,0.releases.2562,0,5,BACTERIOLOGY CONSUMMABLES ,,active,8993971,RWF,allowed
0.releases.2562.tender.lots.6,0.releases.2562,0,6,KATO KATZ METHOD REAGENTS AND CONSUMMABLES,,active,4585893,RWF,allowed
0.releases.2562.tender.lots.7,0.releases.2562,0,7,GENERAL LABORATORY CONSUMMABLES ,,active,18192998,RWF,allowed
0.releases.2562.tender.lots.8,0.releases.2562,0,8,MOLECULAR BIOLOGY ITEMS ,,active,8245540,RWF,allowed
0.releases.2562.tender.lots.9,0.releases.2562,0,9,IMMUNOHEMATOLOGY AND  BLOOD  TRANSFUSION REAGENT AND CONSUMABLES,,active,4425304,RWF,allowed
0.releases.2562.tender.lots.10,0.releases.2562,0,10,BACTERIOLOGY ITEMS ,,active,463245,RWF,allowed
0.releases.2562.tender.lots.11,0.releases.2562,0,11,BIOPSY SPECIMEN CONTAINER ,,active,1770054,RWF,allowed
0.releases.2562.tender.lots.12,0.releases.2562,0,12,REAGENTS FOR IMMUNOFLOURENSENCE/FITC PATHOLOGY,,active,2817816,RWF,allowed
0.releases.2563.tender.lots.0,0.releases.2563,0,13, Human  Genetics  : KARYOTYPING REAGENTS AND CONSUMABLES,,active,5300948,RWF,allowed
0.releases.2563.tender.lots.1,0.releases.2563,0,1,IMMUNOSEROLOGY LABORATORY ITEMS ,,active,3986579,RWF,allowed
0.releases.2563.tender.lots.2,0.releases.2563,0,2,HISTOPATHOLOGY REAGENTS AND GENERAL CONSUMMABLES ,,active,20789921,RWF,allowed
0.releases.2563.tender.lots.3,0.releases.2563,0,3,IMMUNOHISTOCHEMISTRY ANTIBODIES AND  CONSUMMABLES ,,active,14198714,RWF,allowed
0.releases.2563.tender.lots.4,0.releases.2563,0,4,BACTERIOLOGY AND PARASITOLOGY   REAGENTS ,,active,6229018,RWF,allowed
0.releases.2563.tender.lots.5,0.releases.2563,0,5,BACTERIOLOGY CONSUMMABLES ,,active,8993971,RWF,allowed
0.releases.2563.tender.lots.6,0.releases.2563,0,6,KATO KATZ METHOD REAGENTS AND CONSUMMABLES,,active,4585893,RWF,allowed
0.releases.2563.tender.lots.7,0.releases.2563,0,7,GENERAL LABORATORY CONSUMMABLES ,,active,18192998,RWF,allowed
0.releases.2563.tender.lots.8,0.releases.2563,0,8,MOLECULAR BIOLOGY ITEMS ,,active,8245540,RWF,allowed
0.releases.2563.tender.lots.9,0.releases.2563,0,9,IMMUNOHEMATOLOGY AND  BLOOD  TRANSFUSION REAGENT AND CONSUMABLES,,active,4425304,RWF,allowed
0.releases.2563.tender.lots.10,0.releases.2563,0,10,BACTERIOLOGY ITEMS ,,active,463245,RWF,allowed
0.releases.2563.tender.lots.11,0.releases.2563,0,11,BIOPSY SPECIMEN CONTAINER ,,active,1770054,RWF,allowed
0.releases.2563.tender.lots.12,0.releases.2563,0,12,REAGENTS FOR IMMUNOFLOURENSENCE/FITC PATHOLOGY,,active,2817816,RWF,allowed
0.releases.2564.tender.lots.0,0.releases.2564,0,1,"Tender for framework contract for hiring public relations, marketing and communication services ",50000000,active,50000000,RWF,allowed
0.releases.2565.tender.lots.0,0.releases.2565,0,13, Human  Genetics  : KARYOTYPING REAGENTS AND CONSUMABLES,,active,5300948,RWF,allowed
0.releases.2565.tender.lots.1,0.releases.2565,0,1,IMMUNOSEROLOGY LABORATORY ITEMS ,,active,3986579,RWF,allowed
0.releases.2565.tender.lots.2,0.releases.2565,0,2,HISTOPATHOLOGY REAGENTS AND GENERAL CONSUMMABLES ,,active,20789921,RWF,allowed
0.releases.2565.tender.lots.3,0.releases.2565,0,3,IMMUNOHISTOCHEMISTRY ANTIBODIES AND  CONSUMMABLES ,,active,14198714,RWF,allowed
0.releases.2565.tender.lots.4,0.releases.2565,0,4,BACTERIOLOGY AND PARASITOLOGY   REAGENTS ,,active,6229018,RWF,allowed
0.releases.2565.tender.lots.5,0.releases.2565,0,5,BACTERIOLOGY CONSUMMABLES ,,active,8993971,RWF,allowed
0.releases.2565.tender.lots.6,0.releases.2565,0,6,KATO KATZ METHOD REAGENTS AND CONSUMMABLES,,active,4585893,RWF,allowed
0.releases.2565.tender.lots.7,0.releases.2565,0,7,GENERAL LABORATORY CONSUMMABLES ,,active,18192998,RWF,allowed
0.releases.2565.tender.lots.8,0.releases.2565,0,8,MOLECULAR BIOLOGY ITEMS ,,active,8245540,RWF,allowed
0.releases.2565.tender.lots.9,0.releases.2565,0,9,IMMUNOHEMATOLOGY AND  BLOOD  TRANSFUSION REAGENT AND CONSUMABLES,,active,4425304,RWF,allowed
0.releases.2565.tender.lots.10,0.releases.2565,0,10,BACTERIOLOGY ITEMS ,,active,463245,RWF,allowed
0.releases.2565.tender.lots.11,0.releases.2565,0,11,BIOPSY SPECIMEN CONTAINER ,,active,1770054,RWF,allowed
0.releases.2565.tender.lots.12,0.releases.2565,0,12,REAGENTS FOR IMMUNOFLOURENSENCE/FITC PATHOLOGY,,active,2817816,RWF,allowed
0.releases.2566.tender.lots.0,0.releases.2566,0,13, Human  Genetics  : KARYOTYPING REAGENTS AND CONSUMABLES,,active,5300948,RWF,allowed
0.releases.2566.tender.lots.1,0.releases.2566,0,1,IMMUNOSEROLOGY LABORATORY ITEMS ,,active,3986579,RWF,allowed
0.releases.2566.tender.lots.2,0.releases.2566,0,2,HISTOPATHOLOGY REAGENTS AND GENERAL CONSUMMABLES ,,active,20789921,RWF,allowed
0.releases.2566.tender.lots.3,0.releases.2566,0,3,IMMUNOHISTOCHEMISTRY ANTIBODIES AND  CONSUMMABLES ,,active,14198714,RWF,allowed
0.releases.2566.tender.lots.4,0.releases.2566,0,4,BACTERIOLOGY AND PARASITOLOGY   REAGENTS ,,active,6229018,RWF,allowed
0.releases.2566.tender.lots.5,0.releases.2566,0,5,BACTERIOLOGY CONSUMMABLES ,,active,8993971,RWF,allowed
0.releases.2566.tender.lots.6,0.releases.2566,0,6,KATO KATZ METHOD REAGENTS AND CONSUMMABLES,,active,4585893,RWF,allowed
0.releases.2566.tender.lots.7,0.releases.2566,0,7,GENERAL LABORATORY CONSUMMABLES ,,active,18192998,RWF,allowed
0.releases.2566.tender.lots.8,0.releases.2566,0,8,MOLECULAR BIOLOGY ITEMS ,,active,8245540,RWF,allowed
0.releases.2566.tender.lots.9,0.releases.2566,0,9,IMMUNOHEMATOLOGY AND  BLOOD  TRANSFUSION REAGENT AND CONSUMABLES,,active,4425304,RWF,allowed
0.releases.2566.tender.lots.10,0.releases.2566,0,10,BACTERIOLOGY ITEMS ,,active,463245,RWF,allowed
0.releases.2566.tender.lots.11,0.releases.2566,0,11,BIOPSY SPECIMEN CONTAINER ,,active,1770054,RWF,allowed
0.releases.2566.tender.lots.12,0.releases.2566,0,12,REAGENTS FOR IMMUNOFLOURENSENCE/FITC PATHOLOGY,,active,2817816,RWF,allowed
0.releases.2568.tender.lots.0,0.releases.2568,0,1,Regular Maintenance of  MINUBUMWE Genocide  Memorials and National  Ubutore Development  Center NKUMBA (NUDC  NKUMBA),D,active,365000000,RWF,allowed
0.releases.2570.tender.lots.0,0.releases.2570,0,1,Medical Buildings/Eastern Province,works,active,100000000,RWF,allowed
0.releases.2570.tender.lots.1,0.releases.2570,0,2,Non-storied and basement-free (G+0) AND Single Storied Building (G+1)//Eastern Province,Works,active,100000000,RWF,allowed
0.releases.2570.tender.lots.2,0.releases.2570,0,3,Storied Building (G+2) and above/Eastern Province,works,active,300000000,RWF,allowed
0.releases.2570.tender.lots.3,0.releases.2570,0,4,Medical Buildings/Westen Province,works,active,100000000,RWF,allowed
0.releases.2570.tender.lots.4,0.releases.2570,0,5,Non-storied and basement-free (G+0) AND Single Storied Building (G+1)//Western Province,works,active,100000000,RWF,allowed
0.releases.2570.tender.lots.5,0.releases.2570,0,6,Storied Building (G+2) and above/Western Province,works,active,100000000,RWF,allowed
0.releases.2571.tender.lots.0,0.releases.2571,0,1,Maintenance and Rehabilitation of electricity infrastructures,Maintenance and Rehabilitation of electricity infrastructures,active,8000000,RWF,allowed
0.releases.2571.tender.lots.1,0.releases.2571,0,1,Maintenance and Rehabilitation of electricity infrastructures,Maintenance and Rehabilitation of electricity infrastructures,active,8000000,RWF,allowed
0.releases.2572.tender.lots.0,0.releases.2572,0,1,Provision of Hotel Services in Rusizi District (re-advertised),Provision of Hotel Services in Rusizi District (re-advertised),active,9600000,RWF,allowed
0.releases.2573.tender.lots.0,0.releases.2573,0,1,Supply of Foodstuff (Porridge) for HBECD Gisagara District,,active,60791716,RWF,allowed
0.releases.2573.tender.lots.1,0.releases.2573,0,1,Supply of Foodstuff (Porridge) for HBECD Gisagara District,,active,60791716,RWF,allowed
0.releases.2574.tender.lots.0,0.releases.2574,0,1,"Hiring tents, chairs, tables and decoration services",,active,4000000,RWF,allowed
0.releases.2576.tender.lots.0,0.releases.2576,0,1,framework contract for Provision services for maintenances and repair of vehicle and motorcycle,framework contract for Provision services for maintenances and repair of vehicle and motorcycle,active,30656821,RWF,allowed
0.releases.2579.tender.lots.0,0.releases.2579,0,1,Re-advertisement of Execution works for Rehabilitation and upgrading of Mwezi health center phase (2) in Karengera Sector in Nyamasheke Distric,Re-advertisement of Execution works for Rehabilitation and upgrading of Mwezi health center phase (2) in Karengera Sector in Nyamasheke Distric,active,824434020,RWF,allowed
0.releases.2581.tender.lots.0,0.releases.2581,0,1,Supply and installation of Furniture equipment for RCA.,,active,110000000,RWF,allowed
0.releases.2583.tender.lots.0,0.releases.2583,0,1,VACCINATION AND INSEMINATION OF ANIMALS IN NGOMA DISTRICT,Good Classification,active,64490933,RWF,allowed
0.releases.2587.tender.lots.0,0.releases.2587,0,1,RE- ADVERTIEMENT OF SWIMMING SUBSCRIPTION SERVICES FOR TEACHING PHYSICAL EDUCATION AND SPORTS,SWIMMING SUBSCRIPTION SERVICES ,active,25000000,RWF,allowed
0.releases.2587.tender.lots.1,0.releases.2587,0,1,RE- ADVERTIEMENT OF SWIMMING SUBSCRIPTION SERVICES FOR TEACHING PHYSICAL EDUCATION AND SPORTS,SWIMMING SUBSCRIPTION SERVICES ,active,25000000,RWF,allowed
0.releases.2589.tender.lots.0,0.releases.2589,0,1,Supply of digital cameras and related accessories,,active,13609910,RWF,allowed
0.releases.2591.tender.lots.0,0.releases.2591,0,1,Codification of ministry's assets(MOYA HQ) and Kimisagara Youth,Codification of ministry's assets(MOYA HQ) and Kimisagara Youth,active,3000000,RWF,allowed
0.releases.2591.tender.lots.1,0.releases.2591,0,1,Codification of ministry's assets(MOYA HQ) and Kimisagara Youth,Codification of ministry's assets(MOYA HQ) and Kimisagara Youth,active,3000000,RWF,allowed
0.releases.2592.tender.lots.0,0.releases.2592,0,1,Sound system,Sound system,active,6000000,RWF,allowed
0.releases.2594.tender.lots.0,0.releases.2594,0,1,Maintenance of Bugesera District public lighting,Maintenance of Bugesera District public lighting,active,21578227,RWF,allowed
0.releases.2598.tender.lots.0,0.releases.2598,0,1,Supply of cows(Re-advertised),,active,20000000,RWF,allowed
0.releases.2598.tender.lots.1,0.releases.2598,0,1,Supply of cows(Re-advertised),,active,20000000,RWF,allowed
0.releases.2599.tender.lots.0,0.releases.2599,0,1,Annual framework tender for provision of insurance of Huye district vehicles and motorcycles,Annual framework tender for provision of insurance of Huye district vehicles and motorcycles,active,7000000,RWF,allowed
0.releases.2601.tender.lots.0,0.releases.2601,0,1,Provision of Broadcasting services,Provision of Broadcasting services,active,20557863,RWF,allowed
0.releases.2603.tender.lots.0,0.releases.2603,0,1,PROVISION OF CLEANING SERVICES AND GARDEN MAINTENANCE IN RAB HQ and STATIONS ,Provision of cleaning services,active,90000000,RWF,allowed
0.releases.2603.tender.lots.1,0.releases.2603,0,2,PROVISION OF CLEANING SERVICES AND GARDEN MAINTENANCE IN RAB HQ and STATIONS ,Provision of cleaning services,active,60000000,RWF,allowed
0.releases.2603.tender.lots.2,0.releases.2603,0,1,PROVISION OF CLEANING SERVICES AND GARDEN MAINTENANCE IN RAB HQ and STATIONS ,Provision of cleaning services,active,90000000,RWF,allowed
0.releases.2603.tender.lots.3,0.releases.2603,0,2,PROVISION OF CLEANING SERVICES AND GARDEN MAINTENANCE IN RAB HQ and STATIONS ,Provision of cleaning services,active,60000000,RWF,allowed
0.releases.2604.tender.lots.0,0.releases.2604,0,1,Consultancy service for  urban design services in the City of Kigali and other districts.,Consultancy service for  urban design services in the City of Kigali and other districts.,active,200000000,RWF,allowed
0.releases.2604.tender.lots.1,0.releases.2604,0,1,Consultancy service for  urban design services in the City of Kigali and other districts.,Consultancy service for  urban design services in the City of Kigali and other districts.,active,200000000,RWF,allowed
0.releases.2604.tender.lots.2,0.releases.2604,0,1,Consultancy service for  urban design services in the City of Kigali and other districts.,Consultancy service for  urban design services in the City of Kigali and other districts.,active,200000000,RWF,allowed
0.releases.2604.tender.lots.3,0.releases.2604,0,1,Consultancy service for  urban design services in the City of Kigali and other districts.,Consultancy service for  urban design services in the City of Kigali and other districts.,active,200000000,RWF,allowed
0.releases.2605.tender.lots.0,0.releases.2605,0,1,Provision of Electricity,Provision of Electricity,active,135607000,RWF,allowed
0.releases.2606.tender.lots.0,0.releases.2606,0,1,Printing and Supply of Uniforms for Local Elections,,active,306203000,RWF,allowed
0.releases.2607.tender.lots.0,0.releases.2607,0,1,Printing and Supply of Uniforms for Local Elections,,active,306203000,RWF,allowed
0.releases.2608.tender.lots.0,0.releases.2608,0,1,Supply and Installation of Plant Growth Thermotherapy chamber,,active,98854300,RWF,allowed
0.releases.2608.tender.lots.1,0.releases.2608,0,1,Supply and Installation of Plant Growth Thermotherapy chamber,,active,98854300,RWF,allowed
0.releases.2609.tender.lots.0,0.releases.2609,0,1,Maintenance and Rehabilitation services for Rwamagana Hospital building ,Maintenance and Rehabilitation services,active,8000000,RWF,allowed
0.releases.2610.tender.lots.0,0.releases.2610,0,1,Supply of Sports Equipment for RSSB Sport Teams                                                  ,,active,102000000,RWF,allowed
0.releases.2610.tender.lots.1,0.releases.2610,0,1,Supply of Sports Equipment for RSSB Sport Teams                                                  ,,active,102000000,RWF,allowed
0.releases.2611.tender.lots.0,0.releases.2611,0,1,Purchase for office furnitures and other office supllies,,active,3000000,RWF,allowed
0.releases.2612.tender.lots.0,0.releases.2612,0,1,Maintenance of Rwamagana Hospital Vehicles,TENDER FOR GARAGE SERVICES,active,35000000,RWF,allowed
0.releases.2616.tender.lots.0,0.releases.2616,0,1,Supply of office stationeries,,active,7000000,RWF,allowed
0.releases.2617.tender.lots.0,0.releases.2617,0,1,"Annual framework tender for maintenance and assembly service of office equipments,chairs,table for Huye District","Annual framework tender for maintenance and assembly service of office equipments,chairs,table for Huye District",active,20000000,RWF,allowed
0.releases.2622.tender.lots.0,0.releases.2622,0,2,Supply House furniture in the constructed houses for needy Genocide,,active,7000000,RWF,allowed
0.releases.2624.tender.lots.0,0.releases.2624,0,1,Supply and installation of security metal detection tools and its accessories (ICT infrastructure) at Burera District Headquarters,,active,26904000,RWF,allowed
0.releases.2624.tender.lots.1,0.releases.2624,0,1,Supply and installation of security metal detection tools and its accessories (ICT infrastructure) at Burera District Headquarters,,active,26904000,RWF,allowed
0.releases.2625.tender.lots.0,0.releases.2625,0,1,Provision of loading and unloading service(Re-Advertised),Provision of loading and unloading service(Re-Advertised),active,90000000,RWF,allowed
0.releases.2628.tender.lots.0,0.releases.2628,0,1,SUPPLY OF ELECTRICITY,SUPPLY OF ELECTRICITY,active,80100000,RWF,allowed
0.releases.2629.tender.lots.0,0.releases.2629,0,1,LoT 1,,active,401250000,RWF,allowed
0.releases.2629.tender.lots.1,0.releases.2629,0,2,LoT 2,,active,104205000,RWF,allowed
0.releases.2629.tender.lots.2,0.releases.2629,0,3,LoT 3,,active,209187000,RWF,allowed
0.releases.2629.tender.lots.3,0.releases.2629,0,4,LoT 4,,active,73513000,RWF,allowed
0.releases.2630.tender.lots.0,0.releases.2630,0,1,"Supply, commissioning and training of laboratory equipment for establishment of molecular testing laboratory",,active,345824580,RWF,allowed
0.releases.2630.tender.lots.1,0.releases.2630,0,1,"Supply, commissioning and training of laboratory equipment for establishment of molecular testing laboratory",,active,345824580,RWF,allowed
0.releases.2631.tender.lots.0,0.releases.2631,0,1,Maintenance of office equipment,Maintenance of office equipment,active,20000000,RWF,allowed
0.releases.2632.tender.lots.0,0.releases.2632,0,1,Provision of Printing Services for  RBC,Provision of Printing Services for  RBC,active,600342679,RWF,allowed
0.releases.2633.tender.lots.0,0.releases.2633,0,1,Supervision of Rehabilitation and construction of Cyanika health center,Supervision of Rehabilitation and construction of Cyanika health center,active,21500000,RWF,allowed
0.releases.2633.tender.lots.1,0.releases.2633,0,1,Supervision of Rehabilitation and construction of Cyanika health center,Supervision of Rehabilitation and construction of Cyanika health center,active,21500000,RWF,allowed
0.releases.2634.tender.lots.0,0.releases.2634,0,1,Terms of reference for Hiring a consultancy firm to conduct the feasibility study for upgrading Kiyanzi Warehouse Facility for Regional Logistics Hub Development,Terms of reference for Hiring a consultancy firm to conduct the feasibility study for upgrading Kiyanzi Warehouse Facility for Regional Logistics Hub Development,active,172766400,RWF,allowed
0.releases.2634.tender.lots.1,0.releases.2634,0,1,Terms of reference for Hiring a consultancy firm to conduct the feasibility study for upgrading Kiyanzi Warehouse Facility for Regional Logistics Hub Development,Terms of reference for Hiring a consultancy firm to conduct the feasibility study for upgrading Kiyanzi Warehouse Facility for Regional Logistics Hub Development,active,172766400,RWF,allowed
0.releases.2634.tender.lots.2,0.releases.2634,0,1,LotNo1,,active,,,allowed
0.releases.2635.tender.lots.0,0.releases.2635,0,1,Terms of reference for Hiring a consultancy firm to conduct the feasibility study for upgrading Kiyanzi Warehouse Facility for Regional Logistics Hub Development,Terms of reference for Hiring a consultancy firm to conduct the feasibility study for upgrading Kiyanzi Warehouse Facility for Regional Logistics Hub Development,active,172766400,RWF,allowed
0.releases.2635.tender.lots.1,0.releases.2635,0,1,Terms of reference for Hiring a consultancy firm to conduct the feasibility study for upgrading Kiyanzi Warehouse Facility for Regional Logistics Hub Development,Terms of reference for Hiring a consultancy firm to conduct the feasibility study for upgrading Kiyanzi Warehouse Facility for Regional Logistics Hub Development,active,172766400,RWF,allowed
0.releases.2635.tender.lots.2,0.releases.2635,0,1,LotNo1,,active,,,allowed
0.releases.2637.tender.lots.0,0.releases.2637,0,1,Provision of car wash services,Provision of car wash services,active,26848000,RWF,allowed
0.releases.2639.tender.lots.0,0.releases.2639,0,1,Hiring a consultancy firm for supervision of the remaining works of ravines rehabilitation in and around Nyabiheke and Mahama refugee camps,Hiring a consultancy firm for supervision of the remaining works of ravines rehabilitation in and around Nyabiheke and Mahama refugee camps,active,58000000,RWF,allowed
0.releases.2639.tender.lots.1,0.releases.2639,0,1,Hiring a consultancy firm for supervision of the remaining works of ravines rehabilitation in and around Nyabiheke and Mahama refugee camps,Hiring a consultancy firm for supervision of the remaining works of ravines rehabilitation in and around Nyabiheke and Mahama refugee camps,active,58000000,RWF,allowed
0.releases.2640.tender.lots.0,0.releases.2640,0,1,Hiring a consultancy firm for supervision of the remaining works of ravines rehabilitation in and around Kiziba and Former Gihembe refugee camps,Hiring a consultancy firm for supervision of the remaining works of ravines rehabilitation in and around Kiziba and Former Gihembe refugee camps,active,58000000,RWF,allowed
0.releases.2640.tender.lots.1,0.releases.2640,0,1,Hiring a consultancy firm for supervision of the remaining works of ravines rehabilitation in and around Kiziba and Former Gihembe refugee camps,Hiring a consultancy firm for supervision of the remaining works of ravines rehabilitation in and around Kiziba and Former Gihembe refugee camps,active,58000000,RWF,allowed
0.releases.2641.tender.lots.0,0.releases.2641,0,1,"Provision of hotel services (hiring of conference halls, workshops, trainings, accommodations, restaurants and receptions outside of Kigali (framework contract)","Provision of hotel services (hiring of conference halls, workshops, trainings, accommodations, restaurants and receptions outside of Kigali (framework contract)",active,18000000,RWF,allowed
0.releases.2641.tender.lots.1,0.releases.2641,0,1,"Provision of hotel services (hiring of conference halls, workshops, trainings, accommodations, restaurants and receptions outside of Kigali (framework contract)","Provision of hotel services (hiring of conference halls, workshops, trainings, accommodations, restaurants and receptions outside of Kigali (framework contract)",active,18000000,RWF,allowed
0.releases.2642.tender.lots.0,0.releases.2642,0,1,"Provision of hotel services (hiring of conference halls, workshops, trainings, accommodations, restaurants and receptions outside of Kigali (framework contract)","Provision of hotel services (hiring of conference halls, workshops, trainings, accommodations, restaurants and receptions outside of Kigali (framework contract)",active,18000000,RWF,allowed
0.releases.2642.tender.lots.1,0.releases.2642,0,1,"Provision of hotel services (hiring of conference halls, workshops, trainings, accommodations, restaurants and receptions outside of Kigali (framework contract)","Provision of hotel services (hiring of conference halls, workshops, trainings, accommodations, restaurants and receptions outside of Kigali (framework contract)",active,18000000,RWF,allowed
0.releases.2644.tender.lots.0,0.releases.2644,0,1,Construction of 7 Classrooms under PPD Basket fund program,Construction of 7 Classrooms under PPD Basket fund program,active,131465612,RWF,allowed
0.releases.2646.tender.lots.0,0.releases.2646,0,1,"Providing security service materials ,CC TV camera monitoring and  Visitor management system(VMS)  to MINUBUMWE to support the enforcement of required security measures","Providing security service materials ,CC TV camera monitoring and  Visitor management system(VMS)  to MINUBUMWE to support the enforcement of required security measures",active,30000000,RWF,allowed
0.releases.2648.tender.lots.0,0.releases.2648,0,1,Supervision of Rehabilitation and repair of damaged spots located on  Rubengera-Gisiza Road,Supervision of Rehabilitation and repair of damaged spots located on  Rubengera-Gisiza Road,active,159146993,RWF,allowed
0.releases.2649.tender.lots.0,0.releases.2649,0,3,Lot 3: Media houses with websites that produce educational content and/or current affairs,Lot 3: Media houses with websites that produce educational content and/or current affairs,active,65420642,RWF,allowed
0.releases.2650.tender.lots.0,0.releases.2650,0,2,Supply of Tables for the Meeting Room of Western Province,,active,10800000,RWF,allowed
0.releases.2651.tender.lots.0,0.releases.2651,0,1,Supply of Beverages for ILPD,,active,10200000,RWF,allowed
0.releases.2652.tender.lots.0,0.releases.2652,0,1,Supply of Legal metrology seals to RSB (Framework contract),,active,5000000,RWF,allowed
0.releases.2652.tender.lots.1,0.releases.2652,0,1,Supply of Legal metrology seals to RSB (Framework contract),,active,5000000,RWF,allowed
0.releases.2653.tender.lots.0,0.releases.2653,0,1,Acquisition of Plumbing Equipment,,active,4000000,RWF,allowed
0.releases.2654.tender.lots.0,0.releases.2654,0,1,Hiring a consultancy firm for supervision of the remaining works of ravines rehabilitation in and around Kiziba and Former Gihembe refugee camps,Hiring a consultancy firm for supervision of the remaining works of ravines rehabilitation in and around Kiziba and Former Gihembe refugee camps,active,58000000,RWF,allowed
0.releases.2654.tender.lots.1,0.releases.2654,0,1,Hiring a consultancy firm for supervision of the remaining works of ravines rehabilitation in and around Kiziba and Former Gihembe refugee camps,Hiring a consultancy firm for supervision of the remaining works of ravines rehabilitation in and around Kiziba and Former Gihembe refugee camps,active,58000000,RWF,allowed
0.releases.2656.tender.lots.0,0.releases.2656,0,1,Hiring a consultancy firm for supervision of the remaining works of ravines rehabilitation in and around Nyabiheke and Mahama refugee camps,Hiring a consultancy firm for supervision of the remaining works of ravines rehabilitation in and around Nyabiheke and Mahama refugee camps,active,58000000,RWF,allowed
0.releases.2656.tender.lots.1,0.releases.2656,0,1,Hiring a consultancy firm for supervision of the remaining works of ravines rehabilitation in and around Nyabiheke and Mahama refugee camps,Hiring a consultancy firm for supervision of the remaining works of ravines rehabilitation in and around Nyabiheke and Mahama refugee camps,active,58000000,RWF,allowed
0.releases.2657.tender.lots.0,0.releases.2657,0,1,Provision of Start-up toolkits to the Youth from vulnerable families trained with vocations skills,,active,58402214,RWF,allowed
0.releases.2659.tender.lots.0,0.releases.2659,0,1,Insurance of District buildings re-advertised,Insurance of District buildings re-advertised,active,25000000,RWF,allowed
0.releases.2662.tender.lots.0,0.releases.2662,0,1,"Production of TV and radio show, documentary film, spot on radio and TV promoting MINICOM activities","Production of TV and radio show, documentary film, spot on radio and TV promoting MINICOM activities",active,10000000,RWF,allowed
0.releases.2664.tender.lots.0,0.releases.2664,0,1,Acquisition of Hostel Amenities,,active,2000000,RWF,allowed
0.releases.2668.tender.lots.0,0.releases.2668,0,1,"framework contract for maintenance and repair services (including spare parts) of SEQI/lab equipment, materials and tools","framework contract for maintenance and repair services (including spare parts) of SEQI/lab equipment, materials and tools",active,76219399,RWF,allowed
0.releases.2673.tender.lots.0,0.releases.2673,0,1,Supervision of Execution for upgrading works of Mukura Health post to Health center,Supervision of Execution for upgrading works of Mukura Health post to Health center,active,30000000,RWF,allowed
0.releases.2674.tender.lots.0,0.releases.2674,0,1,Recruitment of Training Specialists for U-SACCO Automation,Recruitment of Training Specialists for U-SACCO Automation,active,30000000,RWF,allowed
0.releases.2678.tender.lots.0,0.releases.2678,0,1,Provision of Start-up toolkits to the Youth from vulnerable families trained with vocations skills,,active,58402214,RWF,allowed
0.releases.2680.tender.lots.0,0.releases.2680,0,1,Centralized procurement of Tablets on behalf of all Government Institutions,,active,1500000000,RWF,allowed
0.releases.2681.tender.lots.0,0.releases.2681,0,1,Tender for managing the District cattle slaughterhouse,Tender for managing the District cattle slaughterhouse,active,1,RWF,allowed
0.releases.2683.tender.lots.0,0.releases.2683,0,1,Framework Agreement to Provide Home Broadband Solutions to Public Servants,Framework Agreement to Provide Home Broadband Solutions to Public Servants,active,500000000,RWF,allowed
0.releases.2684.tender.lots.0,0.releases.2684,0,1,Supervision of Rehabilitation and repair of damaged spots located on  Rubengera-Gisiza Road,Supervision of Rehabilitation and repair of damaged spots located on  Rubengera-Gisiza Road,active,159146993,RWF,allowed
0.releases.2687.tender.lots.0,0.releases.2687,0,1,Hiring 4 Star Hotel services on behalf of the Government Institutions in a framework contract (M APPARTEMENT AND HOTEL Ltd,Hiring 4 Star Hotel services on behalf of the Government Institutions in a framework contract (M APPARTEMENT AND HOTEL Ltd,active,20000000,RWF,allowed
0.releases.2691.tender.lots.0,0.releases.2691,0,1,Supply and installation of office furniture,,active,238336471,RWF,allowed
0.releases.2691.tender.lots.1,0.releases.2691,0,2,Supply and installation of equipment for resting/ stimulation,,active,25425000,RWF,allowed
0.releases.2691.tender.lots.2,0.releases.2691,0,3,Supply of learning and teaching materials,,active,32535000,RWF,allowed
0.releases.2691.tender.lots.3,0.releases.2691,0,4,Supply of kitchen and WASH materials,,active,64414049,RWF,allowed
0.releases.2692.tender.lots.0,0.releases.2692,0,1,Supply and installation of office furniture,,active,238336471,RWF,allowed
0.releases.2692.tender.lots.1,0.releases.2692,0,2,Supply and installation of equipment for resting/ stimulation,,active,25425000,RWF,allowed
0.releases.2692.tender.lots.2,0.releases.2692,0,3,Supply of learning and teaching materials,,active,32535000,RWF,allowed
0.releases.2692.tender.lots.3,0.releases.2692,0,4,Supply of kitchen and WASH materials,,active,64414049,RWF,allowed
0.releases.2693.tender.lots.0,0.releases.2693,0,1,Lot;1,Provision of Maintenance of Courts  Buildings,active,56462836,RWF,allowed
0.releases.2693.tender.lots.1,0.releases.2693,0,2,Lot;2,Provision of Maintenance of Courts  Buildings,active,56462836,RWF,allowed
0.releases.2693.tender.lots.2,0.releases.2693,0,3,Lot;3,Provision of Maintenance of Courts  Buildings,active,56462836,RWF,allowed
0.releases.2693.tender.lots.3,0.releases.2693,0,4,Lot;4,Provision of Maintenance of Courts  Buildings,active,56462836,RWF,allowed
0.releases.2698.tender.lots.0,0.releases.2698,0,2,Provision of Hotel services and sports facilities.,Provision of Hotel services and sports facilities.,active,40000000,RWF,allowed
0.releases.2699.tender.lots.0,0.releases.2699,0,2,Provision of Hotel services and sports facilities.,Provision of Hotel services and sports facilities.,active,40000000,RWF,allowed
0.releases.2700.tender.lots.0,0.releases.2700,0,2,Provision of Hotel services and sports facilities.,Provision of Hotel services and sports facilities.,active,40000000,RWF,allowed
0.releases.2701.tender.lots.0,0.releases.2701,0,2,Provision of Hotel services and sports facilities.,Provision of Hotel services and sports facilities.,active,40000000,RWF,allowed
0.releases.2702.tender.lots.0,0.releases.2702,0,2,Provision of Hotel services and sports facilities.,Provision of Hotel services and sports facilities.,active,40000000,RWF,allowed
0.releases.2703.tender.lots.0,0.releases.2703,0,2,Provision of Hotel services and sports facilities.,Provision of Hotel services and sports facilities.,active,40000000,RWF,allowed
0.releases.2704.tender.lots.0,0.releases.2704,0,2,Provision of Hotel services and sports facilities.,Provision of Hotel services and sports facilities.,active,40000000,RWF,allowed
0.releases.2705.tender.lots.0,0.releases.2705,0,2,Provision of Hotel services and sports facilities.,Provision of Hotel services and sports facilities.,active,40000000,RWF,allowed
0.releases.2706.tender.lots.0,0.releases.2706,0,2,Provision of Hotel services and sports facilities.,Provision of Hotel services and sports facilities.,active,40000000,RWF,allowed
0.releases.2707.tender.lots.0,0.releases.2707,0,2,Provision of Hotel services and sports facilities.,Provision of Hotel services and sports facilities.,active,40000000,RWF,allowed
0.releases.2708.tender.lots.0,0.releases.2708,0,2,Provision of Hotel services and sports facilities.,Provision of Hotel services and sports facilities.,active,40000000,RWF,allowed
0.releases.2709.tender.lots.0,0.releases.2709,0,2,Provision of Hotel services and sports facilities.,Provision of Hotel services and sports facilities.,active,40000000,RWF,allowed
0.releases.2710.tender.lots.0,0.releases.2710,0,2,Provision of Hotel services and sports facilities.,Provision of Hotel services and sports facilities.,active,40000000,RWF,allowed
0.releases.2711.tender.lots.0,0.releases.2711,0,2,Provision of Hotel services and sports facilities.,Provision of Hotel services and sports facilities.,active,40000000,RWF,allowed
0.releases.2712.tender.lots.0,0.releases.2712,0,2,Provision of Hotel services and sports facilities.,Provision of Hotel services and sports facilities.,active,40000000,RWF,allowed
0.releases.2713.tender.lots.0,0.releases.2713,0,2,Provision of Hotel services and sports facilities.,Provision of Hotel services and sports facilities.,active,40000000,RWF,allowed
0.releases.2714.tender.lots.0,0.releases.2714,0,1,Supervision of proposed beautifications at Amahoro Stadium,Supervision of proposed beautifications at Amahoro Stadium,active,84234541,RWF,allowed
0.releases.2714.tender.lots.1,0.releases.2714,0,1,Supervision of proposed beautifications at Amahoro Stadium,Supervision of proposed beautifications at Amahoro Stadium,active,84234541,RWF,allowed
0.releases.2715.tender.lots.0,0.releases.2715,0,1,Re-advertised Tender for Construction of Snakes Cages and Shelter,Re-advertised Tender for Construction of Snakes Cages and Shelter,active,33305100,RWF,allowed
0.releases.2715.tender.lots.1,0.releases.2715,0,1,Re-advertised Tender for Construction of Snakes Cages and Shelter,Re-advertised Tender for Construction of Snakes Cages and Shelter,active,33305100,RWF,allowed
0.releases.2716.tender.lots.0,0.releases.2716,0,1,Upgrading the OpenClinic software Pharmacy model (Development of a Pharmacy Stock and Issuance Report using JasperReports and MySQL),Upgrading the OpenClinic software Pharmacy model (Development of a Pharmacy Stock and Issuance Report using JasperReports and MySQL),active,18000000,RWF,allowed
0.releases.2718.tender.lots.0,0.releases.2718,0,1,Recruitment of Proffessional court bailiff,Recruitment of Proffessional court bailiff,active,2000000,RWF,allowed
0.releases.2719.tender.lots.0,0.releases.2719,0,1,Recruitment of Proffessional court bailiff,Recruitment of Proffessional court bailiff,active,2000000,RWF,allowed
0.releases.2720.tender.lots.0,0.releases.2720,0,3,Acquisition of Sport  Facilities for  the Parliament of Rwanda KICUKIRO,Acquisition of Sport  Facilities for  the Parliament of Rwanda KICUKIRO,active,1363636,RWF,allowed
0.releases.2720.tender.lots.1,0.releases.2720,0,5,Acquisition of Sport  Facilities for  the Parliament of Rwanda Rusororo,Acquisition of Sport  Facilities for  the Parliament of Rwanda Rusororo,active,1363636,RWF,allowed
0.releases.2720.tender.lots.2,0.releases.2720,0,10,Acquisition of Sport  Facilities for  the Parliament of Rwanda BUGESERA,Acquisition of Sport  Facilities for  the Parliament of Rwanda BUGESERA,active,1363636,RWF,allowed
0.releases.2720.tender.lots.3,0.releases.2720,0,11,Acquisition of Sport  Facilities for  the Parliament of Rwanda KIMIRONKO /MUSHIMIRE,Acquisition of Sport  Facilities for  the Parliament of Rwanda KIMIRONKO /MUSHIMIRE,active,1363636,RWF,allowed
0.releases.2721.tender.lots.0,0.releases.2721,0,1,Supply of Bricks for construction of science laboratories,,active,215127620,RWF,allowed
0.releases.2723.tender.lots.0,0.releases.2723,0,1,Recruitment of Proffessional court bailiff,Recruitment of Proffessional court bailiff,active,2000000,RWF,allowed
0.releases.2724.tender.lots.0,0.releases.2724,0,3,Acquisition of Sport  Facilities for  the Parliament of Rwanda KICUKIRO,Acquisition of Sport  Facilities for  the Parliament of Rwanda KICUKIRO,active,1363636,RWF,allowed
0.releases.2724.tender.lots.1,0.releases.2724,0,5,Acquisition of Sport  Facilities for  the Parliament of Rwanda Rusororo,Acquisition of Sport  Facilities for  the Parliament of Rwanda Rusororo,active,1363636,RWF,allowed
0.releases.2724.tender.lots.2,0.releases.2724,0,10,Acquisition of Sport  Facilities for  the Parliament of Rwanda BUGESERA,Acquisition of Sport  Facilities for  the Parliament of Rwanda BUGESERA,active,1363636,RWF,allowed
0.releases.2724.tender.lots.3,0.releases.2724,0,11,Acquisition of Sport  Facilities for  the Parliament of Rwanda KIMIRONKO /MUSHIMIRE,Acquisition of Sport  Facilities for  the Parliament of Rwanda KIMIRONKO /MUSHIMIRE,active,1363636,RWF,allowed
0.releases.2725.tender.lots.0,0.releases.2725,0,1,Tender for hiring a consultant firm for property valuation of Burera District,Tender for hiring a consultant firm for property valuation of Burera District,active,27000000,RWF,allowed
0.releases.2725.tender.lots.1,0.releases.2725,0,1,Tender for hiring a consultant firm for property valuation of Burera District,Tender for hiring a consultant firm for property valuation of Burera District,active,27000000,RWF,allowed
0.releases.2725.tender.lots.2,0.releases.2725,0,1,Tender for hiring a consultant firm for property valuation of Burera District,Tender for hiring a consultant firm for property valuation of Burera District,active,27000000,RWF,allowed
0.releases.2726.tender.lots.0,0.releases.2726,0,1,"Provision of Security services to RTB Head office, RSAM and Kiyumba TSS","Provision of Security services to RTB Head office, RSAM and Kiyumba TSS",active,66996000,RWF,allowed
0.releases.2727.tender.lots.0,0.releases.2727,0,1,Consultancy services for feasibility study of extension of water Supply System in Musanze Sector,Consultancy services for feasibility study of extension of water Supply System in Musanze Sector,active,50000000,RWF,allowed
0.releases.2728.tender.lots.0,0.releases.2728,0,1,Codification of Rutsiro District office equipment,Codification of Rutsiro District office equipment,active,5000000,RWF,allowed
0.releases.2729.tender.lots.0,0.releases.2729,0,1,Management of pig slaughter house of Rutsiro District,Management of pig slaughter house of Rutsiro District,active,1200000,RWF,allowed
0.releases.2729.tender.lots.1,0.releases.2729,0,1,Management of pig slaughter house of Rutsiro District,Management of pig slaughter house of Rutsiro District,active,1200000,RWF,allowed
0.releases.2730.tender.lots.0,0.releases.2730,0,1,Provision of Hotel services of 2 and 3 stars  across the country under Framework contract,Provision of Hotel services of 2 and 3 stars  across the country under Framework contract,active,15000000,RWF,allowed
0.releases.2731.tender.lots.0,0.releases.2731,0,1,Provision of Hotel services of 2 and 3 stars  across the country under Framework contract,Provision of Hotel services of 2 and 3 stars  across the country under Framework contract,active,15000000,RWF,allowed
0.releases.2732.tender.lots.0,0.releases.2732,0,1,Provision of Hotel services of 2 and 3 stars  across the country under Framework contract,Provision of Hotel services of 2 and 3 stars  across the country under Framework contract,active,15000000,RWF,allowed
0.releases.2733.tender.lots.0,0.releases.2733,0,1,Provision of Hotel services of 2 and 3 stars  across the country under Framework contract,Provision of Hotel services of 2 and 3 stars  across the country under Framework contract,active,15000000,RWF,allowed
0.releases.2734.tender.lots.0,0.releases.2734,0,1,Provision of Hotel services of 2 and 3 stars  across the country under Framework contract,Provision of Hotel services of 2 and 3 stars  across the country under Framework contract,active,15000000,RWF,allowed
0.releases.2735.tender.lots.0,0.releases.2735,0,1,Provision of Hotel services of 2 and 3 stars  across the country under Framework contract,Provision of Hotel services of 2 and 3 stars  across the country under Framework contract,active,15000000,RWF,allowed
0.releases.2736.tender.lots.0,0.releases.2736,0,1,Provision of Hotel services of 2 and 3 stars  across the country under Framework contract,Provision of Hotel services of 2 and 3 stars  across the country under Framework contract,active,15000000,RWF,allowed
0.releases.2737.tender.lots.0,0.releases.2737,0,1,Provision of Hotel services of 2 and 3 stars  across the country under Framework contract,Provision of Hotel services of 2 and 3 stars  across the country under Framework contract,active,15000000,RWF,allowed
0.releases.2738.tender.lots.0,0.releases.2738,0,1,Provision of Hotel services of 2 and 3 stars  across the country under Framework contract,Provision of Hotel services of 2 and 3 stars  across the country under Framework contract,active,15000000,RWF,allowed
0.releases.2739.tender.lots.0,0.releases.2739,0,1,Provision of Hotel services of 2 and 3 stars  across the country under Framework contract,Provision of Hotel services of 2 and 3 stars  across the country under Framework contract,active,15000000,RWF,allowed
0.releases.2740.tender.lots.0,0.releases.2740,0,1,Provision of Hotel services of 2 and 3 stars  across the country under Framework contract,Provision of Hotel services of 2 and 3 stars  across the country under Framework contract,active,15000000,RWF,allowed
0.releases.2741.tender.lots.0,0.releases.2741,0,1,Provision of Hotel services of 2 and 3 stars  across the country under Framework contract,Provision of Hotel services of 2 and 3 stars  across the country under Framework contract,active,15000000,RWF,allowed
0.releases.2742.tender.lots.0,0.releases.2742,0,1,Provision of Hotel services of 2 and 3 stars  across the country under Framework contract,Provision of Hotel services of 2 and 3 stars  across the country under Framework contract,active,15000000,RWF,allowed
0.releases.2743.tender.lots.0,0.releases.2743,0,1,Provision of Hotel services of 2 and 3 stars  across the country under Framework contract,Provision of Hotel services of 2 and 3 stars  across the country under Framework contract,active,15000000,RWF,allowed
0.releases.2744.tender.lots.0,0.releases.2744,0,1,Provision of Hotel services of 2 and 3 stars  across the country under Framework contract,Provision of Hotel services of 2 and 3 stars  across the country under Framework contract,active,15000000,RWF,allowed
0.releases.2745.tender.lots.0,0.releases.2745,0,1,Provision of Hotel services of 2 and 3 stars  across the country under Framework contract,Provision of Hotel services of 2 and 3 stars  across the country under Framework contract,active,15000000,RWF,allowed
0.releases.2746.tender.lots.0,0.releases.2746,0,1,Provision of Hotel services of 2 and 3 stars  across the country under Framework contract,Provision of Hotel services of 2 and 3 stars  across the country under Framework contract,active,15000000,RWF,allowed
0.releases.2747.tender.lots.0,0.releases.2747,0,1,Tea break required for the RCS staff,,active,44915200,RWF,allowed
0.releases.2748.tender.lots.0,0.releases.2748,0,1,Maintenance of Rwamagana Hospital Vehicles,TENDER FOR GARAGE SERVICES,active,35000000,RWF,allowed
0.releases.2749.tender.lots.0,0.releases.2749,0,1,"Provision of Fuels for Vehicles, Motorbikes and standby generator of Rulindo District","Provision of Fuels for Vehicles, Motorbikes and standby generator of Rulindo District",active,24000000,RWF,allowed
0.releases.2750.tender.lots.0,0.releases.2750,0,1,Purchase and supply of dryer machine for beneficiaries (re-advertising),,active,151880500,RWF,allowed
0.releases.2750.tender.lots.1,0.releases.2750,0,1,Purchase and supply of dryer machine for beneficiaries (re-advertising),,active,151880500,RWF,allowed
0.releases.2751.tender.lots.0,0.releases.2751,0,1,Maintenance and Rehabilitation services for Rwamagana Hospital building ,Maintenance and Rehabilitation services,active,8000000,RWF,allowed
0.releases.2752.tender.lots.0,0.releases.2752,0,1,Maintain vehicles and motorcycles of the hospital,Maintain vehicles and motorcycles of the hospital,active,20000000,RWF,allowed
0.releases.2752.tender.lots.1,0.releases.2752,0,1,Maintain vehicles and motorcycles of the hospital,Maintain vehicles and motorcycles of the hospital,active,200000002,RWF,allowed
0.releases.2753.tender.lots.0,0.releases.2753,0,2,Construction of Nyagashanga cell in Karangazi Sector,Construction of Nyagashanga cell in Karangazi Sector,active,50000000,RWF,allowed
0.releases.2755.tender.lots.0,0.releases.2755,0,1,Installation of booster pump and Pipeline,Installation of booster pump and Pipeline,active,405291357,RWF,allowed
0.releases.2755.tender.lots.1,0.releases.2755,0,1,Installation of booster pump and Pipeline,Installation of booster pump and Pipeline,active,405291357,RWF,allowed
0.releases.2757.tender.lots.0,0.releases.2757,0,2,Provision of Hotel services and sports facilities.,Provision of Hotel services and sports facilities.,active,40000000,RWF,allowed
0.releases.2758.tender.lots.0,0.releases.2758,0,1,Supply of Office Stationaries for NESA staff under Framework agreement,,active,167000000,RWF,allowed
0.releases.2759.tender.lots.0,0.releases.2759,0,1,Framework tender for Hotel Services for Rutsiro District Staff and visitors out of District,Framework tender for Hotel Services for Rutsiro District Staff and visitors out of District,active,15000000,RWF,allowed
0.releases.2760.tender.lots.0,0.releases.2760,0,1,Lot;1,Provision of Maintenance of Courts  Buildings,active,56462836,RWF,allowed
0.releases.2761.tender.lots.0,0.releases.2761,0,1,Codification of Rutsiro District office equipment,Codification of Rutsiro District office equipment,active,5000000,RWF,allowed
0.releases.2764.tender.lots.0,0.releases.2764,0,1,Provision of car wash services,Provision of car wash services,active,26848000,RWF,allowed
0.releases.2765.tender.lots.0,0.releases.2765,0,1,Supply of Office Stationaries for NESA staff under Framework agreement,,active,167000000,RWF,allowed
0.releases.2766.tender.lots.0,0.releases.2766,0,1,Provision of Security Guarding Service to the Residence of the Minister of Interior,Provision of Security Guarding Services,active,6600000,RWF,allowed
0.releases.2767.tender.lots.0,0.releases.2767,0,1,"Supply of food, wood, material of hygiene, clothes and bed-clothes in Nyamasheke District",,active,15356000,RWF,allowed
0.releases.2768.tender.lots.0,0.releases.2768,0,1,LOT 1-PUBLIC SERVICE MIGRATION ON IREMBO LOW-CODE/NO-CODE PLATFORM,,active,648347922,RWF,allowed
0.releases.2768.tender.lots.1,0.releases.2768,0,2,LOT 2-CAPACITY BUILDING ON IREMBO LOW-CODE/NO-CODE PLATFORM,,active,598347922,RWF,allowed
0.releases.2769.tender.lots.0,0.releases.2769,0,1,Recruitment of consultancy firm to conduct the Midi-Term Review of COMBIO Project,Recruitment of consultancy firm to conduct the Midi-Term Review of COMBIO Project,active,40000000,RWF,allowed
0.releases.2770.tender.lots.0,0.releases.2770,0,1,PURCHASE AND SUPPLY OF MILK IN ONE CUP PER CHILD PROGRAMM,,active,77186896,RWF,allowed
0.releases.2771.tender.lots.0,0.releases.2771,0,1,"Supply of food, wood, material of hygiene, clothes and bed-clothes in Nyamasheke District",,active,15356000,RWF,allowed
0.releases.2773.tender.lots.0,0.releases.2773,0,1,ALL SUPPLIES,,active,7380300,RWF,allowed
0.releases.2774.tender.lots.0,0.releases.2774,0,1,"Tender of Insurance of vehicles ,motocycles and medical equipment assets",INSURANCE,active,21379774,RWF,allowed
0.releases.2775.tender.lots.0,0.releases.2775,0,1,"Hiring tents, chairs, tables and decoration services",,active,4000000,RWF,allowed
0.releases.2775.tender.lots.1,0.releases.2775,0,1,"Hiring tents, chairs, tables and decoration services",,active,4000000,RWF,allowed
0.releases.2778.tender.lots.0,0.releases.2778,0,1,Provision of cleaning services,KLTTH,active,84000000,RWF,allowed
0.releases.2779.tender.lots.0,0.releases.2779,0,1,Provision of car wash services in Kigali City,car wash in kigali,active,4000000,RWF,allowed
0.releases.2779.tender.lots.1,0.releases.2779,0,2,Provision of car wash in Kayonza District,car wash in Kayonza,active,1000000,RWF,allowed
0.releases.2779.tender.lots.2,0.releases.2779,0,3,Provision of car wash in Musanze District,car wash in Musanze,active,1000000,RWF,allowed
0.releases.2779.tender.lots.3,0.releases.2779,0,4,Provision of car wash in Huye District,car wash in huye,active,1000000,RWF,allowed
0.releases.2779.tender.lots.4,0.releases.2779,0,5,Provision of car wash in Rusizi District,car wash in rusizi,active,1000000,RWF,allowed
0.releases.2779.tender.lots.5,0.releases.2779,0,6,Provision of car wash in Karongi District,car wash in karongi,active,1000000,RWF,allowed
0.releases.2779.tender.lots.6,0.releases.2779,0,7,Provision of car wash in Nyagatare District,car wash in Nyagatare,active,1000000,RWF,allowed
0.releases.2780.tender.lots.0,0.releases.2780,0,1,"Hiring tents, chairs, tables and decoration services",,active,4000000,RWF,allowed
0.releases.2780.tender.lots.1,0.releases.2780,0,1,"Hiring tents, chairs, tables and decoration services",,active,4000000,RWF,allowed
0.releases.2781.tender.lots.0,0.releases.2781,0,1,BF- Feasibility Study of Rehabilitation of Mugombwa Health Center,BF- Feasibility Study of Rehabilitation of Mugombwa Health Center,active,10334159,RWF,allowed
0.releases.2782.tender.lots.0,0.releases.2782,0,1,Annual framework tender for supply of small stock and their feeds to Rusizi District,,active,8500000,RWF,allowed
0.releases.2784.tender.lots.0,0.releases.2784,0,1,Codification of ministry's assets(MOYA HQ) and Kimisagara Youth,Codification of ministry's assets(MOYA HQ) and Kimisagara Youth,active,3000000,RWF,allowed
0.releases.2784.tender.lots.1,0.releases.2784,0,1,Codification of ministry's assets(MOYA HQ) and Kimisagara Youth,Codification of ministry's assets(MOYA HQ) and Kimisagara Youth,active,3000000,RWF,allowed
0.releases.2785.tender.lots.0,0.releases.2785,0,1,Supply of Agroforest trees and reeds (Framework),,active,144500000,RWF,allowed
0.releases.2786.tender.lots.0,0.releases.2786,0,1,Provision of services of washing bays,Provision of services of washing bays,active,4000000,RWF,allowed
0.releases.2788.tender.lots.0,0.releases.2788,0,1,Codification of  Kirinda Hospital Assets,Codification of  Kirinda Hospital Assets,active,1500000,RWF,allowed
0.releases.2790.tender.lots.0,0.releases.2790,0,1,Lot 1: Karongi-Rutsiro,"Construction of  Latrines for Schools, Public places and Health facilities",active,717519475,RWF,allowed
0.releases.2790.tender.lots.1,0.releases.2790,0,2,Lot 2: Gatsibo-Kayonza,"Construction of  Latrines for Schools, Public places and Health facilities",active,717519475,RWF,allowed
0.releases.2790.tender.lots.2,0.releases.2790,0,3,Lot 3: Huye-Gisagara,"Construction of  Latrines for Schools, Public places and Health facilities",active,717519475,RWF,allowed
0.releases.2790.tender.lots.3,0.releases.2790,0,4,Lot 4: Gicumbi-Nyaruguru,"Construction of  Latrines for Schools, Public places and Health facilities",active,717519475,RWF,allowed
0.releases.2791.tender.lots.0,0.releases.2791,0,1,Lot 1: Karongi-Rutsiro,"Construction of  Latrines for Schools, Public places and Health facilities",active,717519475,RWF,allowed
0.releases.2791.tender.lots.1,0.releases.2791,0,2,Lot 2: Gatsibo-Kayonza,"Construction of  Latrines for Schools, Public places and Health facilities",active,717519475,RWF,allowed
0.releases.2791.tender.lots.2,0.releases.2791,0,3,Lot 3: Huye-Gisagara,"Construction of  Latrines for Schools, Public places and Health facilities",active,717519475,RWF,allowed
0.releases.2791.tender.lots.3,0.releases.2791,0,4,Lot 4: Gicumbi-Nyaruguru,"Construction of  Latrines for Schools, Public places and Health facilities",active,717519475,RWF,allowed
0.releases.2792.tender.lots.0,0.releases.2792,0,1,Lot 1: Karongi-Rutsiro,"Construction of  Latrines for Schools, Public places and Health facilities",active,717519475,RWF,allowed
0.releases.2792.tender.lots.1,0.releases.2792,0,2,Lot 2: Gatsibo-Kayonza,"Construction of  Latrines for Schools, Public places and Health facilities",active,717519475,RWF,allowed
0.releases.2792.tender.lots.2,0.releases.2792,0,3,Lot 3: Huye-Gisagara,"Construction of  Latrines for Schools, Public places and Health facilities",active,717519475,RWF,allowed
0.releases.2792.tender.lots.3,0.releases.2792,0,4,Lot 4: Gicumbi-Nyaruguru,"Construction of  Latrines for Schools, Public places and Health facilities",active,717519475,RWF,allowed
0.releases.2793.tender.lots.0,0.releases.2793,0,1,Provision of 3 stars Hotel services for RTB staff in Kigali City and Provinces,Provision of 3 stars Hotel services for RTB staff in Kigali City and Provinces,active,20000000,RWF,allowed
0.releases.2794.tender.lots.0,0.releases.2794,0,1,Provision of Maintenance services for water dispensers and refrigerator and their spare parts,Provision of Maintenance services for water dispensers and refrigerator and their spare parts,active,9000000,RWF,allowed
0.releases.2797.tender.lots.0,0.releases.2797,0,1,Provision of Printing Services and Promotional Materials for RAEB lot 1 for video production ,,active,4000000,RWF,allowed
0.releases.2797.tender.lots.1,0.releases.2797,0,2,Provision of Printing Services and Promotional Materials for RAEB lot 2 for design and printing,,active,4000000,RWF,allowed
0.releases.2798.tender.lots.0,0.releases.2798,0,1,Re-advertised Tender for Construction of Snakes Cages and Shelter,Re-advertised Tender for Construction of Snakes Cages and Shelter,active,33305100,RWF,allowed
0.releases.2798.tender.lots.1,0.releases.2798,0,1,Re-advertised Tender for Construction of Snakes Cages and Shelter,Re-advertised Tender for Construction of Snakes Cages and Shelter,active,33305100,RWF,allowed
0.releases.2799.tender.lots.0,0.releases.2799,0,1,"Provision of Security services to RTB Head office, RSAM and Kiyumba TSS","Provision of Security services to RTB Head office, RSAM and Kiyumba TSS",active,66996000,RWF,allowed
0.releases.2800.tender.lots.0,0.releases.2800,0,1,Hiring a Skilled experts in handling procurement assignments (Experts in procurement of all types of tenders),Hiring a Skilled experts in handling procurement assignments (Experts in procurement of all types of tenders),active,5000000,RWF,allowed
0.releases.2801.tender.lots.0,0.releases.2801,0,1,Acquisition of Batteries for RCS Vehicles and Motorcycles,,active,17163500,RWF,allowed
0.releases.2803.tender.lots.0,0.releases.2803,0,1,Supply of office furniture,,active,1000000,RWF,allowed
0.releases.2804.tender.lots.0,0.releases.2804,0,1,Supervision of proposed beautifications at Amahoro Stadium,Supervision of proposed beautifications at Amahoro Stadium,active,84234541,RWF,allowed
0.releases.2804.tender.lots.1,0.releases.2804,0,1,Supervision of proposed beautifications at Amahoro Stadium,Supervision of proposed beautifications at Amahoro Stadium,active,84234541,RWF,allowed
0.releases.2805.tender.lots.0,0.releases.2805,0,1,Installation of booster pump and Pipeline,Installation of booster pump and Pipeline,active,405291357,RWF,allowed
0.releases.2805.tender.lots.1,0.releases.2805,0,1,Installation of booster pump and Pipeline,Installation of booster pump and Pipeline,active,405291357,RWF,allowed
0.releases.2807.tender.lots.0,0.releases.2807,0,1,EVENT MANAGEMENT,EVENT MANAGEMENT,active,30000000,RWF,allowed
0.releases.2807.tender.lots.1,0.releases.2807,0,1,EVENT MANAGEMENT,EVENT MANAGEMENT,active,30000000,RWF,allowed
0.releases.2807.tender.lots.2,0.releases.2807,0,1,EVENT MANAGEMENT,EVENT MANAGEMENT,active,30000000,RWF,allowed
0.releases.2807.tender.lots.3,0.releases.2807,0,1,EVENT MANAGEMENT,EVENT MANAGEMENT,active,30000000,RWF,allowed
0.releases.2808.tender.lots.0,0.releases.2808,0,1,Production of audio-visual content under framework contract ,Production of audio-visual content under framework contract ,active,5000000,RWF,allowed
0.releases.2809.tender.lots.0,0.releases.2809,0,1,Supply and installation of security metal detection tools and its accessories (ICT infrastructure) at Burera District Headquarters,,active,26904000,RWF,allowed
0.releases.2809.tender.lots.1,0.releases.2809,0,1,Supply and installation of security metal detection tools and its accessories (ICT infrastructure) at Burera District Headquarters,,active,26904000,RWF,allowed
0.releases.2810.tender.lots.0,0.releases.2810,0,1,Supervision of construction of 85 latrines,Supervision of construction of 85 latrines,active,16200000,RWF,allowed
0.releases.2811.tender.lots.0,0.releases.2811,0,1,SUPPLY OF DOUBLE DECKER METTALIC BEDS,,active,104762840,RWF,allowed
0.releases.2812.tender.lots.0,0.releases.2812,0,1,Supply of Beverages for ILPD,,active,10200000,RWF,allowed
0.releases.2813.tender.lots.0,0.releases.2813,0,1,Acquisition of Seven (7) Motorcycles,,active,45000000,RWF,allowed
0.releases.2814.tender.lots.0,0.releases.2814,0,1,Acquisition of Plumbing Equipment,,active,4000000,RWF,allowed
0.releases.2815.tender.lots.0,0.releases.2815,0,1,Acquisition of Hostel Amenities,,active,2000000,RWF,allowed
0.releases.2816.tender.lots.0,0.releases.2816,0,1,Construction of 7 Classrooms under PPD Basket fund program,Construction of 7 Classrooms under PPD Basket fund program,active,131465612,RWF,allowed
0.releases.2817.tender.lots.0,0.releases.2817,0,1,Regular Maintenance of  MINUBUMWE Genocide  Memorials and National  Ubutore Development  Center NKUMBA (NUDC  NKUMBA),D,active,365000000,RWF,allowed
0.releases.2818.tender.lots.0,0.releases.2818,0,1,Tender for supply of fuel at Kaduha Hospital,,active,65004000,RWF,allowed
0.releases.2821.tender.lots.0,0.releases.2821,0,1,Acquisition Of Office Furniture and office equipment for Rwamagana Social Reintegration centre,,active,46785000,RWF,allowed
0.releases.2824.tender.lots.0,0.releases.2824,0,1,"Supply of EHS materials, registers and sisal ropes",,active,20450000,RWF,allowed
0.releases.2826.tender.lots.0,0.releases.2826,0,1,SUPPLY OF FUEL,,active,10000000,RWF,allowed
0.releases.2829.tender.lots.0,0.releases.2829,0,1,Supply and installation of radiation protection,Supply and installation of radiation protection,active,14000000,RWF,allowed
0.releases.2831.tender.lots.0,0.releases.2831,0,13, Human  Genetics  : KARYOTYPING REAGENTS AND CONSUMABLES,,active,5300948,RWF,allowed
0.releases.2831.tender.lots.1,0.releases.2831,0,1,IMMUNOSEROLOGY LABORATORY ITEMS ,,active,3986579,RWF,allowed
0.releases.2831.tender.lots.2,0.releases.2831,0,2,HISTOPATHOLOGY REAGENTS AND GENERAL CONSUMMABLES ,,active,20789921,RWF,allowed
0.releases.2831.tender.lots.3,0.releases.2831,0,3,IMMUNOHISTOCHEMISTRY ANTIBODIES AND  CONSUMMABLES ,,active,14198714,RWF,allowed
0.releases.2831.tender.lots.4,0.releases.2831,0,4,BACTERIOLOGY AND PARASITOLOGY   REAGENTS ,,active,6229018,RWF,allowed
0.releases.2831.tender.lots.5,0.releases.2831,0,5,BACTERIOLOGY CONSUMMABLES ,,active,8993971,RWF,allowed
0.releases.2831.tender.lots.6,0.releases.2831,0,6,KATO KATZ METHOD REAGENTS AND CONSUMMABLES,,active,4585893,RWF,allowed
0.releases.2831.tender.lots.7,0.releases.2831,0,7,GENERAL LABORATORY CONSUMMABLES ,,active,18192998,RWF,allowed
0.releases.2831.tender.lots.8,0.releases.2831,0,8,MOLECULAR BIOLOGY ITEMS ,,active,8245540,RWF,allowed
0.releases.2831.tender.lots.9,0.releases.2831,0,9,IMMUNOHEMATOLOGY AND  BLOOD  TRANSFUSION REAGENT AND CONSUMABLES,,active,4425304,RWF,allowed
0.releases.2831.tender.lots.10,0.releases.2831,0,10,BACTERIOLOGY ITEMS ,,active,463245,RWF,allowed
0.releases.2831.tender.lots.11,0.releases.2831,0,11,BIOPSY SPECIMEN CONTAINER ,,active,1770054,RWF,allowed
0.releases.2831.tender.lots.12,0.releases.2831,0,12,REAGENTS FOR IMMUNOFLOURENSENCE/FITC PATHOLOGY,,active,2817816,RWF,allowed
0.releases.2832.tender.lots.0,0.releases.2832,0,13, Human  Genetics  : KARYOTYPING REAGENTS AND CONSUMABLES,,active,5300948,RWF,allowed
0.releases.2832.tender.lots.1,0.releases.2832,0,1,IMMUNOSEROLOGY LABORATORY ITEMS ,,active,3986579,RWF,allowed
0.releases.2832.tender.lots.2,0.releases.2832,0,2,HISTOPATHOLOGY REAGENTS AND GENERAL CONSUMMABLES ,,active,20789921,RWF,allowed
0.releases.2832.tender.lots.3,0.releases.2832,0,3,IMMUNOHISTOCHEMISTRY ANTIBODIES AND  CONSUMMABLES ,,active,14198714,RWF,allowed
0.releases.2832.tender.lots.4,0.releases.2832,0,4,BACTERIOLOGY AND PARASITOLOGY   REAGENTS ,,active,6229018,RWF,allowed
0.releases.2832.tender.lots.5,0.releases.2832,0,5,BACTERIOLOGY CONSUMMABLES ,,active,8993971,RWF,allowed
0.releases.2832.tender.lots.6,0.releases.2832,0,6,KATO KATZ METHOD REAGENTS AND CONSUMMABLES,,active,4585893,RWF,allowed
0.releases.2832.tender.lots.7,0.releases.2832,0,7,GENERAL LABORATORY CONSUMMABLES ,,active,18192998,RWF,allowed
0.releases.2832.tender.lots.8,0.releases.2832,0,8,MOLECULAR BIOLOGY ITEMS ,,active,8245540,RWF,allowed
0.releases.2832.tender.lots.9,0.releases.2832,0,9,IMMUNOHEMATOLOGY AND  BLOOD  TRANSFUSION REAGENT AND CONSUMABLES,,active,4425304,RWF,allowed
0.releases.2832.tender.lots.10,0.releases.2832,0,10,BACTERIOLOGY ITEMS ,,active,463245,RWF,allowed
0.releases.2832.tender.lots.11,0.releases.2832,0,11,BIOPSY SPECIMEN CONTAINER ,,active,1770054,RWF,allowed
0.releases.2832.tender.lots.12,0.releases.2832,0,12,REAGENTS FOR IMMUNOFLOURENSENCE/FITC PATHOLOGY,,active,2817816,RWF,allowed
0.releases.2833.tender.lots.0,0.releases.2833,0,1,Framework tender for provision of Cars and transport services in Rutsiro District,Framework tender for provision of Cars and transport services in Rutsiro District,active,30000000,RWF,allowed
0.releases.2834.tender.lots.0,0.releases.2834,0,1,Lot 1. Provision of Eyeglasses,,active,25000000,RWF,allowed
0.releases.2834.tender.lots.1,0.releases.2834,0,2,Lot 2: Provision of Leg Prosthesis,,active,7500000,RWF,allowed
0.releases.2834.tender.lots.2,0.releases.2834,0,3,Lot 3: Provision of Hearing Aids,,active,4803356,RWF,allowed
0.releases.2835.tender.lots.0,0.releases.2835,0,1,Supply and fix windows and doors in Classrooms with house furniture,,active,61657416,RWF,allowed
0.releases.2836.tender.lots.0,0.releases.2836,0,13, Human  Genetics  : KARYOTYPING REAGENTS AND CONSUMABLES,,active,5300948,RWF,allowed
0.releases.2836.tender.lots.1,0.releases.2836,0,1,IMMUNOSEROLOGY LABORATORY ITEMS ,,active,3986579,RWF,allowed
0.releases.2836.tender.lots.2,0.releases.2836,0,2,HISTOPATHOLOGY REAGENTS AND GENERAL CONSUMMABLES ,,active,20789921,RWF,allowed
0.releases.2836.tender.lots.3,0.releases.2836,0,3,IMMUNOHISTOCHEMISTRY ANTIBODIES AND  CONSUMMABLES ,,active,14198714,RWF,allowed
0.releases.2836.tender.lots.4,0.releases.2836,0,4,BACTERIOLOGY AND PARASITOLOGY   REAGENTS ,,active,6229018,RWF,allowed
0.releases.2836.tender.lots.5,0.releases.2836,0,5,BACTERIOLOGY CONSUMMABLES ,,active,8993971,RWF,allowed
0.releases.2836.tender.lots.6,0.releases.2836,0,6,KATO KATZ METHOD REAGENTS AND CONSUMMABLES,,active,4585893,RWF,allowed
0.releases.2836.tender.lots.7,0.releases.2836,0,7,GENERAL LABORATORY CONSUMMABLES ,,active,18192998,RWF,allowed
0.releases.2836.tender.lots.8,0.releases.2836,0,8,MOLECULAR BIOLOGY ITEMS ,,active,8245540,RWF,allowed
0.releases.2836.tender.lots.9,0.releases.2836,0,9,IMMUNOHEMATOLOGY AND  BLOOD  TRANSFUSION REAGENT AND CONSUMABLES,,active,4425304,RWF,allowed
0.releases.2836.tender.lots.10,0.releases.2836,0,10,BACTERIOLOGY ITEMS ,,active,463245,RWF,allowed
0.releases.2836.tender.lots.11,0.releases.2836,0,11,BIOPSY SPECIMEN CONTAINER ,,active,1770054,RWF,allowed
0.releases.2836.tender.lots.12,0.releases.2836,0,12,REAGENTS FOR IMMUNOFLOURENSENCE/FITC PATHOLOGY,,active,2817816,RWF,allowed
0.releases.2837.tender.lots.0,0.releases.2837,0,13, Human  Genetics  : KARYOTYPING REAGENTS AND CONSUMABLES,,active,5300948,RWF,allowed
0.releases.2837.tender.lots.1,0.releases.2837,0,1,IMMUNOSEROLOGY LABORATORY ITEMS ,,active,3986579,RWF,allowed
0.releases.2837.tender.lots.2,0.releases.2837,0,2,HISTOPATHOLOGY REAGENTS AND GENERAL CONSUMMABLES ,,active,20789921,RWF,allowed
0.releases.2837.tender.lots.3,0.releases.2837,0,3,IMMUNOHISTOCHEMISTRY ANTIBODIES AND  CONSUMMABLES ,,active,14198714,RWF,allowed
0.releases.2837.tender.lots.4,0.releases.2837,0,4,BACTERIOLOGY AND PARASITOLOGY   REAGENTS ,,active,6229018,RWF,allowed
0.releases.2837.tender.lots.5,0.releases.2837,0,5,BACTERIOLOGY CONSUMMABLES ,,active,8993971,RWF,allowed
0.releases.2837.tender.lots.6,0.releases.2837,0,6,KATO KATZ METHOD REAGENTS AND CONSUMMABLES,,active,4585893,RWF,allowed
0.releases.2837.tender.lots.7,0.releases.2837,0,7,GENERAL LABORATORY CONSUMMABLES ,,active,18192998,RWF,allowed
0.releases.2837.tender.lots.8,0.releases.2837,0,8,MOLECULAR BIOLOGY ITEMS ,,active,8245540,RWF,allowed
0.releases.2837.tender.lots.9,0.releases.2837,0,9,IMMUNOHEMATOLOGY AND  BLOOD  TRANSFUSION REAGENT AND CONSUMABLES,,active,4425304,RWF,allowed
0.releases.2837.tender.lots.10,0.releases.2837,0,10,BACTERIOLOGY ITEMS ,,active,463245,RWF,allowed
0.releases.2837.tender.lots.11,0.releases.2837,0,11,BIOPSY SPECIMEN CONTAINER ,,active,1770054,RWF,allowed
0.releases.2837.tender.lots.12,0.releases.2837,0,12,REAGENTS FOR IMMUNOFLOURENSENCE/FITC PATHOLOGY,,active,2817816,RWF,allowed
0.releases.2838.tender.lots.0,0.releases.2838,0,1,"Provision of hotel services (hiring of conference halls, workshops, trainings, accommodations, restaurants and receptions outside of Kigali (framework contract)","Provision of hotel services (hiring of conference halls, workshops, trainings, accommodations, restaurants and receptions outside of Kigali (framework contract)",active,18000000,RWF,allowed
0.releases.2838.tender.lots.1,0.releases.2838,0,1,"Provision of hotel services (hiring of conference halls, workshops, trainings, accommodations, restaurants and receptions outside of Kigali (framework contract)","Provision of hotel services (hiring of conference halls, workshops, trainings, accommodations, restaurants and receptions outside of Kigali (framework contract)",active,18000000,RWF,allowed
0.releases.2839.tender.lots.0,0.releases.2839,0,1,"Tender for Supply and installation of acoustic Solution,security checking equipment, outdoor display screen, remoted curtains, projectors and HVAC Systems in Rubavu District Hal",,active,50000000,RWF,allowed
0.releases.2839.tender.lots.1,0.releases.2839,0,1,"Tender for Supply and installation of acoustic Solution,security checking equipment, outdoor display screen, remoted curtains, projectors and HVAC Systems in Rubavu District Hal",,active,50000000,RWF,allowed
0.releases.2840.tender.lots.0,0.releases.2840,0,1,Tender of Supply of Materials for houses of Genocide Survivors,,active,10800000,RWF,allowed
0.releases.2840.tender.lots.1,0.releases.2840,0,1,Tender of Supply of Materials for houses of Genocide Survivors,,active,10800000,RWF,allowed
0.releases.2841.tender.lots.0,0.releases.2841,0,1,Acquisition of Seven (7) Motorcycles,,active,45000000,RWF,allowed
0.releases.2842.tender.lots.0,0.releases.2842,0,1,SUPERVISION SERVICES FOR REHABILITATION AND EXPANSION OF CYANIKA IN NYAMAGABE DISTRICT AND MUHORORO TVET SCHOOLS IN KARONGI DISTRICT.,SUPERVISION SERVICES FOR REHABILITATION AND EXPANSION OF CYANIKA IN NYAMAGABE DISTRICT AND MUHORORO TVET SCHOOLS IN KARONGI DISTRICT.,active,551000000,RWF,allowed
0.releases.2842.tender.lots.1,0.releases.2842,0,1,LotNo1,,active,,,allowed
0.releases.2843.tender.lots.0,0.releases.2843,0,1,"Acquisition of Office equipment,furniture and fittings",,active,50000000,RWF,allowed
0.releases.2843.tender.lots.1,0.releases.2843,0,1,"Acquisition of Office equipment,furniture and fittings",,active,50000000,RWF,allowed
0.releases.2844.tender.lots.0,0.releases.2844,0,1,Supply and installation of radiation protection,Supply and installation of radiation protection,active,14000000,RWF,allowed
0.releases.2845.tender.lots.0,0.releases.2845,0,1,Tender for Draining warks of public latrines in Rubavu Distri,Tender for Draining warks of public latrines in Rubavu Distri,active,42000000,RWF,allowed
0.releases.2845.tender.lots.1,0.releases.2845,0,1,Tender for Draining warks of public latrines in Rubavu Distri,Tender for Draining warks of public latrines in Rubavu Distri,active,42000000,RWF,allowed
0.releases.2847.tender.lots.0,0.releases.2847,0,1,"Rehabilitation  and maintenance of hospital's damaged walls  (rigolet, current kitchen ,parking  , Hangar, windows, doors, mortuary , toilet  and other ground)","Rehabilitation  and maintenance of hospital's damaged walls  (rigolet, current kitchen ,parking  , Hangar, windows, doors, mortuary , toilet  and other ground)",active,50267000,RWF,allowed
0.releases.2848.tender.lots.0,0.releases.2848,0,1,Tender for annual supply of office stationery for MININFRA,,active,10000000,RWF,allowed
0.releases.2849.tender.lots.0,0.releases.2849,0,1,Consultancy service for  urban design services in the City of Kigali and other districts.,Consultancy service for  urban design services in the City of Kigali and other districts.,active,200000000,RWF,allowed
0.releases.2849.tender.lots.1,0.releases.2849,0,1,Consultancy service for  urban design services in the City of Kigali and other districts.,Consultancy service for  urban design services in the City of Kigali and other districts.,active,200000000,RWF,allowed
0.releases.2849.tender.lots.2,0.releases.2849,0,1,Consultancy service for  urban design services in the City of Kigali and other districts.,Consultancy service for  urban design services in the City of Kigali and other districts.,active,200000000,RWF,allowed
0.releases.2849.tender.lots.3,0.releases.2849,0,1,Consultancy service for  urban design services in the City of Kigali and other districts.,Consultancy service for  urban design services in the City of Kigali and other districts.,active,200000000,RWF,allowed
0.releases.2850.tender.lots.0,0.releases.2850,0,1,Hiring a Skilled experts in handling procurement assignments (Experts in procurement of works and consultancy services,Hiring a Skilled experts in handling procurement assignments (Experts in procurement of works and consultancy services,active,5000000,RWF,allowed
0.releases.2851.tender.lots.0,0.releases.2851,0,1,Maintenance and/or Repairs of Kigeme Hospital Buildings,Maintenance and/or Repairs of Kigeme Hospital Buildings,active,25000000,RWF,allowed
0.releases.2852.tender.lots.0,0.releases.2852,0,1,Supply of tyres for Kigeme District Hospital's motor vehicles,,active,12000000,RWF,allowed
0.releases.2853.tender.lots.0,0.releases.2853,0,1,Provision of Decoration Services (Re-advertised),Provision of Decoration Services (Re-advertised),active,8000000,RWF,allowed
0.releases.2854.tender.lots.0,0.releases.2854,0,1,RE- ADVERTIEMENT OF SWIMMING SUBSCRIPTION SERVICES FOR TEACHING PHYSICAL EDUCATION AND SPORTS,SWIMMING SUBSCRIPTION SERVICES ,active,25000000,RWF,allowed
0.releases.2854.tender.lots.1,0.releases.2854,0,1,RE- ADVERTIEMENT OF SWIMMING SUBSCRIPTION SERVICES FOR TEACHING PHYSICAL EDUCATION AND SPORTS,SWIMMING SUBSCRIPTION SERVICES ,active,25000000,RWF,allowed
0.releases.2855.tender.lots.0,0.releases.2855,0,1,SUPPLY OF FUEL,,active,10000000,RWF,allowed
0.releases.2858.tender.lots.0,0.releases.2858,0,1,Purchase and supply of Food Supplies for Civic engagement through national service (Urugerero) in Rulindo District,,active,55416234,RWF,allowed
0.releases.2860.tender.lots.0,0.releases.2860,0,1,Hiring a Skilled experts in handling procurement assignments (Experts in procurement of all types of tenders),Hiring a Skilled experts in handling procurement assignments (Experts in procurement of all types of tenders),active,5000000,RWF,allowed
0.releases.2861.tender.lots.0,0.releases.2861,0,1,Hiring a Skilled experts in handling procurement assignments (Experts in procurement of works and consultancy services,Hiring a Skilled experts in handling procurement assignments (Experts in procurement of works and consultancy services,active,5000000,RWF,allowed
0.releases.2863.tender.lots.0,0.releases.2863,0,5,Radio Services,Lot 5: Radio Services,active,20000000,RWF,allowed
0.releases.2863.tender.lots.1,0.releases.2863,0,6,TV Services,Lot 6: TV Services,active,40000000,RWF,allowed
0.releases.2863.tender.lots.2,0.releases.2863,0,1,Print Production & Installation,Lot 1 Print Production & Installation,active,70000000,RWF,allowed
0.releases.2863.tender.lots.3,0.releases.2863,0,2,Outdoor advertisement on Digital LED billboards,Lot2: Outdoor advertisement on Digital LED billboards,active,50000000,RWF,allowed
0.releases.2863.tender.lots.4,0.releases.2863,0,3,Conference Setup ,Lot 3. Conference Setup ,active,52000000,RWF,allowed
0.releases.2863.tender.lots.5,0.releases.2863,0,4,Events Media Coverage,Lot 4:  Events Media Coverage,active,50000000,RWF,allowed
0.releases.2863.tender.lots.6,0.releases.2863,0,7,Online media & Interactive,Lot 7: Online media & Interactive,active,40000000,RWF,allowed
0.releases.2863.tender.lots.7,0.releases.2863,0,8,Production of TV and Radio Spot ,Lot 8: Production of TV and Radio Spot  ,active,10000000,RWF,allowed
0.releases.2863.tender.lots.8,0.releases.2863,0,9,Simultaneous Interpretation in the Executive Meetings,Lot 9: Simultaneous Interpretation in the Executive Meetings ,active,10000000,RWF,allowed
0.releases.2864.tender.lots.0,0.releases.2864,0,5,Radio Services,Lot 5: Radio Services,active,20000000,RWF,allowed
0.releases.2864.tender.lots.1,0.releases.2864,0,6,TV Services,Lot 6: TV Services,active,40000000,RWF,allowed
0.releases.2864.tender.lots.2,0.releases.2864,0,1,Print Production & Installation,Lot 1 Print Production & Installation,active,70000000,RWF,allowed
0.releases.2864.tender.lots.3,0.releases.2864,0,2,Outdoor advertisement on Digital LED billboards,Lot2: Outdoor advertisement on Digital LED billboards,active,50000000,RWF,allowed
0.releases.2864.tender.lots.4,0.releases.2864,0,3,Conference Setup ,Lot 3. Conference Setup ,active,52000000,RWF,allowed
0.releases.2864.tender.lots.5,0.releases.2864,0,4,Events Media Coverage,Lot 4:  Events Media Coverage,active,50000000,RWF,allowed
0.releases.2864.tender.lots.6,0.releases.2864,0,7,Online media & Interactive,Lot 7: Online media & Interactive,active,40000000,RWF,allowed
0.releases.2864.tender.lots.7,0.releases.2864,0,8,Production of TV and Radio Spot ,Lot 8: Production of TV and Radio Spot  ,active,10000000,RWF,allowed
0.releases.2864.tender.lots.8,0.releases.2864,0,9,Simultaneous Interpretation in the Executive Meetings,Lot 9: Simultaneous Interpretation in the Executive Meetings ,active,10000000,RWF,allowed
0.releases.2865.tender.lots.0,0.releases.2865,0,1,Hiring a Skilled experts in handling procurement assignments (Experts in procurement of all types of tenders),Hiring a Skilled experts in handling procurement assignments (Experts in procurement of all types of tenders),active,5000000,RWF,allowed
0.releases.2866.tender.lots.0,0.releases.2866,0,1,Provision of Printing Services and Promotional Materials,Provision of Printing Services and Promotional Materials,active,20000000,RWF,allowed
0.releases.2867.tender.lots.0,0.releases.2867,0,5,Radio Services,Lot 5: Radio Services,active,20000000,RWF,allowed
0.releases.2867.tender.lots.1,0.releases.2867,0,6,TV Services,Lot 6: TV Services,active,40000000,RWF,allowed
0.releases.2867.tender.lots.2,0.releases.2867,0,1,Print Production & Installation,Lot 1 Print Production & Installation,active,70000000,RWF,allowed
0.releases.2867.tender.lots.3,0.releases.2867,0,2,Outdoor advertisement on Digital LED billboards,Lot2: Outdoor advertisement on Digital LED billboards,active,50000000,RWF,allowed
0.releases.2867.tender.lots.4,0.releases.2867,0,3,Conference Setup ,Lot 3. Conference Setup ,active,52000000,RWF,allowed
0.releases.2867.tender.lots.5,0.releases.2867,0,4,Events Media Coverage,Lot 4:  Events Media Coverage,active,50000000,RWF,allowed
0.releases.2867.tender.lots.6,0.releases.2867,0,7,Online media & Interactive,Lot 7: Online media & Interactive,active,40000000,RWF,allowed
0.releases.2867.tender.lots.7,0.releases.2867,0,8,Production of TV and Radio Spot ,Lot 8: Production of TV and Radio Spot  ,active,10000000,RWF,allowed
0.releases.2867.tender.lots.8,0.releases.2867,0,9,Simultaneous Interpretation in the Executive Meetings,Lot 9: Simultaneous Interpretation in the Executive Meetings ,active,10000000,RWF,allowed
0.releases.2868.tender.lots.0,0.releases.2868,0,1,Hiring a Skilled experts in handling procurement assignments (Experts in procurement of works and consultancy services,Hiring a Skilled experts in handling procurement assignments (Experts in procurement of works and consultancy services,active,5000000,RWF,allowed
0.releases.2869.tender.lots.0,0.releases.2869,0,1,Framework tender related to hiring an insurance  company  for provision  of fire and allied perils insurance services for  MIFOTRA assets,It is a framework tender  for hiring an insurance  company  for provision  of fire and allied perils insurance services for  MIFOTRA assets,active,6250000,RWF,allowed
0.releases.2871.tender.lots.0,0.releases.2871,0,1,Provision of Hotel Services to NCPD,Provision of Hotel Services to NCPD,active,7000000,RWF,allowed
0.releases.2872.tender.lots.0,0.releases.2872,0,1,Supply of Assistive Devices,,active,10000000,RWF,allowed
0.releases.2873.tender.lots.0,0.releases.2873,0,5,Radio Services,Lot 5: Radio Services,active,20000000,RWF,allowed
0.releases.2873.tender.lots.1,0.releases.2873,0,6,TV Services,Lot 6: TV Services,active,40000000,RWF,allowed
0.releases.2873.tender.lots.2,0.releases.2873,0,1,Print Production & Installation,Lot 1 Print Production & Installation,active,70000000,RWF,allowed
0.releases.2873.tender.lots.3,0.releases.2873,0,2,Outdoor advertisement on Digital LED billboards,Lot2: Outdoor advertisement on Digital LED billboards,active,50000000,RWF,allowed
0.releases.2873.tender.lots.4,0.releases.2873,0,3,Conference Setup ,Lot 3. Conference Setup ,active,52000000,RWF,allowed
0.releases.2873.tender.lots.5,0.releases.2873,0,4,Events Media Coverage,Lot 4:  Events Media Coverage,active,50000000,RWF,allowed
0.releases.2873.tender.lots.6,0.releases.2873,0,7,Online media & Interactive,Lot 7: Online media & Interactive,active,40000000,RWF,allowed
0.releases.2873.tender.lots.7,0.releases.2873,0,8,Production of TV and Radio Spot ,Lot 8: Production of TV and Radio Spot  ,active,10000000,RWF,allowed
0.releases.2873.tender.lots.8,0.releases.2873,0,9,Simultaneous Interpretation in the Executive Meetings,Lot 9: Simultaneous Interpretation in the Executive Meetings ,active,10000000,RWF,allowed
0.releases.2874.tender.lots.0,0.releases.2874,0,1,Hiring stage and accessories for RBA HAFI YAWE outreach Program ,,active,10000000,RWF,allowed
0.releases.2875.tender.lots.0,0.releases.2875,0,1,SUPPLY OF DRUGS,,active,99142724,RWF,allowed
0.releases.2875.tender.lots.1,0.releases.2875,0,2,SUPPLY OF MEDICAL CONSUMABLES,,active,49880228,RWF,allowed
0.releases.2875.tender.lots.2,0.releases.2875,0,3,SUPPLY OF MEDICAL EQUIPMENTS,,active,60001950,RWF,allowed
0.releases.2876.tender.lots.0,0.releases.2876,0,1,Supply of Legal metrology seals to RSB (Framework contract),,active,5000000,RWF,allowed
0.releases.2876.tender.lots.1,0.releases.2876,0,1,Supply of Legal metrology seals to RSB (Framework contract),,active,5000000,RWF,allowed
0.releases.2877.tender.lots.0,0.releases.2877,0,1,Supply of T-Shirt and Lacoste for Itorero Program,,active,25000000,RWF,allowed
0.releases.2878.tender.lots.0,0.releases.2878,0,5,Radio Services,Lot 5: Radio Services,active,20000000,RWF,allowed
0.releases.2878.tender.lots.1,0.releases.2878,0,6,TV Services,Lot 6: TV Services,active,40000000,RWF,allowed
0.releases.2878.tender.lots.2,0.releases.2878,0,1,Print Production & Installation,Lot 1 Print Production & Installation,active,70000000,RWF,allowed
0.releases.2878.tender.lots.3,0.releases.2878,0,2,Outdoor advertisement on Digital LED billboards,Lot2: Outdoor advertisement on Digital LED billboards,active,50000000,RWF,allowed
0.releases.2878.tender.lots.4,0.releases.2878,0,3,Conference Setup ,Lot 3. Conference Setup ,active,52000000,RWF,allowed
0.releases.2878.tender.lots.5,0.releases.2878,0,4,Events Media Coverage,Lot 4:  Events Media Coverage,active,50000000,RWF,allowed
0.releases.2878.tender.lots.6,0.releases.2878,0,7,Online media & Interactive,Lot 7: Online media & Interactive,active,40000000,RWF,allowed
0.releases.2878.tender.lots.7,0.releases.2878,0,8,Production of TV and Radio Spot ,Lot 8: Production of TV and Radio Spot  ,active,10000000,RWF,allowed
0.releases.2878.tender.lots.8,0.releases.2878,0,9,Simultaneous Interpretation in the Executive Meetings,Lot 9: Simultaneous Interpretation in the Executive Meetings ,active,10000000,RWF,allowed
0.releases.2879.tender.lots.0,0.releases.2879,0,1,Recruitment of a Lead Consultant to Manage IIA Rwanda Operations,Recruitment of a Lead Consultant to Manage IIA Rwanda Operations,active,17500000,RWF,allowed
0.releases.2880.tender.lots.0,0.releases.2880,0,1,Supply of small tools and consumables in Electrical Department,,active,27000000,RWF,allowed
0.releases.2880.tender.lots.1,0.releases.2880,0,1,Supply of small tools and consumables in Electrical Department,,active,27000000,RWF,allowed
0.releases.2881.tender.lots.0,0.releases.2881,0,1,Hiring stage and accessories for RBA HAFI YAWE outreach Program ,,active,10000000,RWF,allowed
0.releases.2882.tender.lots.0,0.releases.2882,0,1,Recruitment of Individual Consultant to Manage IIA Rwanda Member Services and Certifications Programs,Recruitment of Individual Consultant to Manage IIA Rwanda Member Services and Certifications Programs,active,17500000,RWF,allowed
0.releases.2883.tender.lots.0,0.releases.2883,0,1,Lot 1. Provision of Eyeglasses,,active,25000000,RWF,allowed
0.releases.2883.tender.lots.1,0.releases.2883,0,2,Lot 2: Provision of Leg Prosthesis,,active,7500000,RWF,allowed
0.releases.2883.tender.lots.2,0.releases.2883,0,3,Lot 3: Provision of Hearing Aids,,active,4803356,RWF,allowed
0.releases.2884.tender.lots.0,0.releases.2884,0,5,Radio Services,Lot 5: Radio Services,active,20000000,RWF,allowed
0.releases.2884.tender.lots.1,0.releases.2884,0,6,TV Services,Lot 6: TV Services,active,40000000,RWF,allowed
0.releases.2884.tender.lots.2,0.releases.2884,0,1,Print Production & Installation,Lot 1 Print Production & Installation,active,70000000,RWF,allowed
0.releases.2884.tender.lots.3,0.releases.2884,0,2,Outdoor advertisement on Digital LED billboards,Lot2: Outdoor advertisement on Digital LED billboards,active,50000000,RWF,allowed
0.releases.2884.tender.lots.4,0.releases.2884,0,3,Conference Setup ,Lot 3. Conference Setup ,active,52000000,RWF,allowed
0.releases.2884.tender.lots.5,0.releases.2884,0,4,Events Media Coverage,Lot 4:  Events Media Coverage,active,50000000,RWF,allowed
0.releases.2884.tender.lots.6,0.releases.2884,0,7,Online media & Interactive,Lot 7: Online media & Interactive,active,40000000,RWF,allowed
0.releases.2884.tender.lots.7,0.releases.2884,0,8,Production of TV and Radio Spot ,Lot 8: Production of TV and Radio Spot  ,active,10000000,RWF,allowed
0.releases.2884.tender.lots.8,0.releases.2884,0,9,Simultaneous Interpretation in the Executive Meetings,Lot 9: Simultaneous Interpretation in the Executive Meetings ,active,10000000,RWF,allowed
0.releases.2885.tender.lots.0,0.releases.2885,0,1,Insurance of District buildings re-advertised,Insurance of District buildings re-advertised,active,25000000,RWF,allowed
0.releases.2887.tender.lots.0,0.releases.2887,0,1,Supply of uniforms for RSB personnel under framework contract,,active,5000000,RWF,allowed
0.releases.2887.tender.lots.1,0.releases.2887,0,1,Supply of uniforms for RSB personnel under framework contract,,active,5000000,RWF,allowed
0.releases.2887.tender.lots.2,0.releases.2887,0,1,Supply of uniforms for RSB personnel under framework contract,,active,5000000,RWF,allowed
0.releases.2890.tender.lots.0,0.releases.2890,0,1,Provision of Insurance services  for vehicles &Motorcycles,Provision of Insurance services  for vehicles &Motorcycles,active,58014548,RWF,allowed
0.releases.2891.tender.lots.0,0.releases.2891,0,5,Radio Services,Lot 5: Radio Services,active,20000000,RWF,allowed
0.releases.2891.tender.lots.1,0.releases.2891,0,6,TV Services,Lot 6: TV Services,active,40000000,RWF,allowed
0.releases.2891.tender.lots.2,0.releases.2891,0,1,Print Production & Installation,Lot 1 Print Production & Installation,active,70000000,RWF,allowed
0.releases.2891.tender.lots.3,0.releases.2891,0,2,Outdoor advertisement on Digital LED billboards,Lot2: Outdoor advertisement on Digital LED billboards,active,50000000,RWF,allowed
0.releases.2891.tender.lots.4,0.releases.2891,0,3,Conference Setup ,Lot 3. Conference Setup ,active,52000000,RWF,allowed
0.releases.2891.tender.lots.5,0.releases.2891,0,4,Events Media Coverage,Lot 4:  Events Media Coverage,active,50000000,RWF,allowed
0.releases.2891.tender.lots.6,0.releases.2891,0,7,Online media & Interactive,Lot 7: Online media & Interactive,active,40000000,RWF,allowed
0.releases.2891.tender.lots.7,0.releases.2891,0,8,Production of TV and Radio Spot ,Lot 8: Production of TV and Radio Spot  ,active,10000000,RWF,allowed
0.releases.2891.tender.lots.8,0.releases.2891,0,9,Simultaneous Interpretation in the Executive Meetings,Lot 9: Simultaneous Interpretation in the Executive Meetings ,active,10000000,RWF,allowed
0.releases.2892.tender.lots.0,0.releases.2892,0,1,Supply of office stationaries,,active,61954796,RWF,allowed
0.releases.2893.tender.lots.0,0.releases.2893,0,5,Radio Services,Lot 5: Radio Services,active,20000000,RWF,allowed
0.releases.2893.tender.lots.1,0.releases.2893,0,6,TV Services,Lot 6: TV Services,active,40000000,RWF,allowed
0.releases.2893.tender.lots.2,0.releases.2893,0,1,Print Production & Installation,Lot 1 Print Production & Installation,active,70000000,RWF,allowed
0.releases.2893.tender.lots.3,0.releases.2893,0,2,Outdoor advertisement on Digital LED billboards,Lot2: Outdoor advertisement on Digital LED billboards,active,50000000,RWF,allowed
0.releases.2893.tender.lots.4,0.releases.2893,0,3,Conference Setup ,Lot 3. Conference Setup ,active,52000000,RWF,allowed
0.releases.2893.tender.lots.5,0.releases.2893,0,4,Events Media Coverage,Lot 4:  Events Media Coverage,active,50000000,RWF,allowed
0.releases.2893.tender.lots.6,0.releases.2893,0,7,Online media & Interactive,Lot 7: Online media & Interactive,active,40000000,RWF,allowed
0.releases.2893.tender.lots.7,0.releases.2893,0,8,Production of TV and Radio Spot ,Lot 8: Production of TV and Radio Spot  ,active,10000000,RWF,allowed
0.releases.2893.tender.lots.8,0.releases.2893,0,9,Simultaneous Interpretation in the Executive Meetings,Lot 9: Simultaneous Interpretation in the Executive Meetings ,active,10000000,RWF,allowed
0.releases.2894.tender.lots.0,0.releases.2894,0,5,Radio Services,Lot 5: Radio Services,active,20000000,RWF,allowed
0.releases.2894.tender.lots.1,0.releases.2894,0,6,TV Services,Lot 6: TV Services,active,40000000,RWF,allowed
0.releases.2894.tender.lots.2,0.releases.2894,0,1,Print Production & Installation,Lot 1 Print Production & Installation,active,70000000,RWF,allowed
0.releases.2894.tender.lots.3,0.releases.2894,0,2,Outdoor advertisement on Digital LED billboards,Lot2: Outdoor advertisement on Digital LED billboards,active,50000000,RWF,allowed
0.releases.2894.tender.lots.4,0.releases.2894,0,3,Conference Setup ,Lot 3. Conference Setup ,active,52000000,RWF,allowed
0.releases.2894.tender.lots.5,0.releases.2894,0,4,Events Media Coverage,Lot 4:  Events Media Coverage,active,50000000,RWF,allowed
0.releases.2894.tender.lots.6,0.releases.2894,0,7,Online media & Interactive,Lot 7: Online media & Interactive,active,40000000,RWF,allowed
0.releases.2894.tender.lots.7,0.releases.2894,0,8,Production of TV and Radio Spot ,Lot 8: Production of TV and Radio Spot  ,active,10000000,RWF,allowed
0.releases.2894.tender.lots.8,0.releases.2894,0,9,Simultaneous Interpretation in the Executive Meetings,Lot 9: Simultaneous Interpretation in the Executive Meetings ,active,10000000,RWF,allowed
0.releases.2895.tender.lots.0,0.releases.2895,0,5,Radio Services,Lot 5: Radio Services,active,20000000,RWF,allowed
0.releases.2895.tender.lots.1,0.releases.2895,0,6,TV Services,Lot 6: TV Services,active,40000000,RWF,allowed
0.releases.2895.tender.lots.2,0.releases.2895,0,1,Print Production & Installation,Lot 1 Print Production & Installation,active,70000000,RWF,allowed
0.releases.2895.tender.lots.3,0.releases.2895,0,2,Outdoor advertisement on Digital LED billboards,Lot2: Outdoor advertisement on Digital LED billboards,active,50000000,RWF,allowed
0.releases.2895.tender.lots.4,0.releases.2895,0,3,Conference Setup ,Lot 3. Conference Setup ,active,52000000,RWF,allowed
0.releases.2895.tender.lots.5,0.releases.2895,0,4,Events Media Coverage,Lot 4:  Events Media Coverage,active,50000000,RWF,allowed
0.releases.2895.tender.lots.6,0.releases.2895,0,7,Online media & Interactive,Lot 7: Online media & Interactive,active,40000000,RWF,allowed
0.releases.2895.tender.lots.7,0.releases.2895,0,8,Production of TV and Radio Spot ,Lot 8: Production of TV and Radio Spot  ,active,10000000,RWF,allowed
0.releases.2895.tender.lots.8,0.releases.2895,0,9,Simultaneous Interpretation in the Executive Meetings,Lot 9: Simultaneous Interpretation in the Executive Meetings ,active,10000000,RWF,allowed
0.releases.2896.tender.lots.0,0.releases.2896,0,5,Radio Services,Lot 5: Radio Services,active,20000000,RWF,allowed
0.releases.2896.tender.lots.1,0.releases.2896,0,6,TV Services,Lot 6: TV Services,active,40000000,RWF,allowed
0.releases.2896.tender.lots.2,0.releases.2896,0,1,Print Production & Installation,Lot 1 Print Production & Installation,active,70000000,RWF,allowed
0.releases.2896.tender.lots.3,0.releases.2896,0,2,Outdoor advertisement on Digital LED billboards,Lot2: Outdoor advertisement on Digital LED billboards,active,50000000,RWF,allowed
0.releases.2896.tender.lots.4,0.releases.2896,0,3,Conference Setup ,Lot 3. Conference Setup ,active,52000000,RWF,allowed
0.releases.2896.tender.lots.5,0.releases.2896,0,4,Events Media Coverage,Lot 4:  Events Media Coverage,active,50000000,RWF,allowed
0.releases.2896.tender.lots.6,0.releases.2896,0,7,Online media & Interactive,Lot 7: Online media & Interactive,active,40000000,RWF,allowed
0.releases.2896.tender.lots.7,0.releases.2896,0,8,Production of TV and Radio Spot ,Lot 8: Production of TV and Radio Spot  ,active,10000000,RWF,allowed
0.releases.2896.tender.lots.8,0.releases.2896,0,9,Simultaneous Interpretation in the Executive Meetings,Lot 9: Simultaneous Interpretation in the Executive Meetings ,active,10000000,RWF,allowed
0.releases.2897.tender.lots.0,0.releases.2897,0,1,Provision of restaurant services to the staff working at Nyarugenge Pension Plaza,Restaurant services,active,462240000,RWF,allowed
0.releases.2899.tender.lots.0,0.releases.2899,0,5,Radio Services,Lot 5: Radio Services,active,20000000,RWF,allowed
0.releases.2899.tender.lots.1,0.releases.2899,0,6,TV Services,Lot 6: TV Services,active,40000000,RWF,allowed
0.releases.2899.tender.lots.2,0.releases.2899,0,1,Print Production & Installation,Lot 1 Print Production & Installation,active,70000000,RWF,allowed
0.releases.2899.tender.lots.3,0.releases.2899,0,2,Outdoor advertisement on Digital LED billboards,Lot2: Outdoor advertisement on Digital LED billboards,active,50000000,RWF,allowed
0.releases.2899.tender.lots.4,0.releases.2899,0,3,Conference Setup ,Lot 3. Conference Setup ,active,52000000,RWF,allowed
0.releases.2899.tender.lots.5,0.releases.2899,0,4,Events Media Coverage,Lot 4:  Events Media Coverage,active,50000000,RWF,allowed
0.releases.2899.tender.lots.6,0.releases.2899,0,7,Online media & Interactive,Lot 7: Online media & Interactive,active,40000000,RWF,allowed
0.releases.2899.tender.lots.7,0.releases.2899,0,8,Production of TV and Radio Spot ,Lot 8: Production of TV and Radio Spot  ,active,10000000,RWF,allowed
0.releases.2899.tender.lots.8,0.releases.2899,0,9,Simultaneous Interpretation in the Executive Meetings,Lot 9: Simultaneous Interpretation in the Executive Meetings ,active,10000000,RWF,allowed
0.releases.2900.tender.lots.0,0.releases.2900,0,5,Radio Services,Lot 5: Radio Services,active,20000000,RWF,allowed
0.releases.2900.tender.lots.1,0.releases.2900,0,6,TV Services,Lot 6: TV Services,active,40000000,RWF,allowed
0.releases.2900.tender.lots.2,0.releases.2900,0,1,Print Production & Installation,Lot 1 Print Production & Installation,active,70000000,RWF,allowed
0.releases.2900.tender.lots.3,0.releases.2900,0,2,Outdoor advertisement on Digital LED billboards,Lot2: Outdoor advertisement on Digital LED billboards,active,50000000,RWF,allowed
0.releases.2900.tender.lots.4,0.releases.2900,0,3,Conference Setup ,Lot 3. Conference Setup ,active,52000000,RWF,allowed
0.releases.2900.tender.lots.5,0.releases.2900,0,4,Events Media Coverage,Lot 4:  Events Media Coverage,active,50000000,RWF,allowed
0.releases.2900.tender.lots.6,0.releases.2900,0,7,Online media & Interactive,Lot 7: Online media & Interactive,active,40000000,RWF,allowed
0.releases.2900.tender.lots.7,0.releases.2900,0,8,Production of TV and Radio Spot ,Lot 8: Production of TV and Radio Spot  ,active,10000000,RWF,allowed
0.releases.2900.tender.lots.8,0.releases.2900,0,9,Simultaneous Interpretation in the Executive Meetings,Lot 9: Simultaneous Interpretation in the Executive Meetings ,active,10000000,RWF,allowed
0.releases.2901.tender.lots.0,0.releases.2901,0,5,Radio Services,Lot 5: Radio Services,active,20000000,RWF,allowed
0.releases.2901.tender.lots.1,0.releases.2901,0,6,TV Services,Lot 6: TV Services,active,40000000,RWF,allowed
0.releases.2901.tender.lots.2,0.releases.2901,0,1,Print Production & Installation,Lot 1 Print Production & Installation,active,70000000,RWF,allowed
0.releases.2901.tender.lots.3,0.releases.2901,0,2,Outdoor advertisement on Digital LED billboards,Lot2: Outdoor advertisement on Digital LED billboards,active,50000000,RWF,allowed
0.releases.2901.tender.lots.4,0.releases.2901,0,3,Conference Setup ,Lot 3. Conference Setup ,active,52000000,RWF,allowed
0.releases.2901.tender.lots.5,0.releases.2901,0,4,Events Media Coverage,Lot 4:  Events Media Coverage,active,50000000,RWF,allowed
0.releases.2901.tender.lots.6,0.releases.2901,0,7,Online media & Interactive,Lot 7: Online media & Interactive,active,40000000,RWF,allowed
0.releases.2901.tender.lots.7,0.releases.2901,0,8,Production of TV and Radio Spot ,Lot 8: Production of TV and Radio Spot  ,active,10000000,RWF,allowed
0.releases.2901.tender.lots.8,0.releases.2901,0,9,Simultaneous Interpretation in the Executive Meetings,Lot 9: Simultaneous Interpretation in the Executive Meetings ,active,10000000,RWF,allowed
0.releases.2902.tender.lots.0,0.releases.2902,0,5,Radio Services,Lot 5: Radio Services,active,20000000,RWF,allowed
0.releases.2902.tender.lots.1,0.releases.2902,0,6,TV Services,Lot 6: TV Services,active,40000000,RWF,allowed
0.releases.2902.tender.lots.2,0.releases.2902,0,1,Print Production & Installation,Lot 1 Print Production & Installation,active,70000000,RWF,allowed
0.releases.2902.tender.lots.3,0.releases.2902,0,2,Outdoor advertisement on Digital LED billboards,Lot2: Outdoor advertisement on Digital LED billboards,active,50000000,RWF,allowed
0.releases.2902.tender.lots.4,0.releases.2902,0,3,Conference Setup ,Lot 3. Conference Setup ,active,52000000,RWF,allowed
0.releases.2902.tender.lots.5,0.releases.2902,0,4,Events Media Coverage,Lot 4:  Events Media Coverage,active,50000000,RWF,allowed
0.releases.2902.tender.lots.6,0.releases.2902,0,7,Online media & Interactive,Lot 7: Online media & Interactive,active,40000000,RWF,allowed
0.releases.2902.tender.lots.7,0.releases.2902,0,8,Production of TV and Radio Spot ,Lot 8: Production of TV and Radio Spot  ,active,10000000,RWF,allowed
0.releases.2902.tender.lots.8,0.releases.2902,0,9,Simultaneous Interpretation in the Executive Meetings,Lot 9: Simultaneous Interpretation in the Executive Meetings ,active,10000000,RWF,allowed
0.releases.2903.tender.lots.0,0.releases.2903,0,5,Radio Services,Lot 5: Radio Services,active,20000000,RWF,allowed
0.releases.2903.tender.lots.1,0.releases.2903,0,6,TV Services,Lot 6: TV Services,active,40000000,RWF,allowed
0.releases.2903.tender.lots.2,0.releases.2903,0,1,Print Production & Installation,Lot 1 Print Production & Installation,active,70000000,RWF,allowed
0.releases.2903.tender.lots.3,0.releases.2903,0,2,Outdoor advertisement on Digital LED billboards,Lot2: Outdoor advertisement on Digital LED billboards,active,50000000,RWF,allowed
0.releases.2903.tender.lots.4,0.releases.2903,0,3,Conference Setup ,Lot 3. Conference Setup ,active,52000000,RWF,allowed
0.releases.2903.tender.lots.5,0.releases.2903,0,4,Events Media Coverage,Lot 4:  Events Media Coverage,active,50000000,RWF,allowed
0.releases.2903.tender.lots.6,0.releases.2903,0,7,Online media & Interactive,Lot 7: Online media & Interactive,active,40000000,RWF,allowed
0.releases.2903.tender.lots.7,0.releases.2903,0,8,Production of TV and Radio Spot ,Lot 8: Production of TV and Radio Spot  ,active,10000000,RWF,allowed
0.releases.2903.tender.lots.8,0.releases.2903,0,9,Simultaneous Interpretation in the Executive Meetings,Lot 9: Simultaneous Interpretation in the Executive Meetings ,active,10000000,RWF,allowed
0.releases.2904.tender.lots.0,0.releases.2904,0,5,Radio Services,Lot 5: Radio Services,active,20000000,RWF,allowed
0.releases.2904.tender.lots.1,0.releases.2904,0,6,TV Services,Lot 6: TV Services,active,40000000,RWF,allowed
0.releases.2904.tender.lots.2,0.releases.2904,0,1,Print Production & Installation,Lot 1 Print Production & Installation,active,70000000,RWF,allowed
0.releases.2904.tender.lots.3,0.releases.2904,0,2,Outdoor advertisement on Digital LED billboards,Lot2: Outdoor advertisement on Digital LED billboards,active,50000000,RWF,allowed
0.releases.2904.tender.lots.4,0.releases.2904,0,3,Conference Setup ,Lot 3. Conference Setup ,active,52000000,RWF,allowed
0.releases.2904.tender.lots.5,0.releases.2904,0,4,Events Media Coverage,Lot 4:  Events Media Coverage,active,50000000,RWF,allowed
0.releases.2904.tender.lots.6,0.releases.2904,0,7,Online media & Interactive,Lot 7: Online media & Interactive,active,40000000,RWF,allowed
0.releases.2904.tender.lots.7,0.releases.2904,0,8,Production of TV and Radio Spot ,Lot 8: Production of TV and Radio Spot  ,active,10000000,RWF,allowed
0.releases.2904.tender.lots.8,0.releases.2904,0,9,Simultaneous Interpretation in the Executive Meetings,Lot 9: Simultaneous Interpretation in the Executive Meetings ,active,10000000,RWF,allowed
0.releases.2905.tender.lots.0,0.releases.2905,0,1,Contract management for NRS Construction works at Ngarama Rehabilitation Center,Contract management for NRS Construction works at Ngarama Rehabilitation Center,active,39908952,RWF,allowed
0.releases.2905.tender.lots.1,0.releases.2905,0,1,Contract management for NRS Construction works at Ngarama Rehabilitation Center,Contract management for NRS Construction works at Ngarama Rehabilitation Center,active,39908952,RWF,allowed
0.releases.2906.tender.lots.0,0.releases.2906,0,1,"Supply of laboratory reagents, consummables and practicals at CST (Molecular Biology)",,active,60000000,RWF,allowed
0.releases.2907.tender.lots.0,0.releases.2907,0,1,Safe keeping(hygienic and sanitation materials) TO GBV,,active,3000000,RWF,allowed
0.releases.2908.tender.lots.0,0.releases.2908,0,1,"Supply of EHS materials, registers and sisal ropes",,active,20450000,RWF,allowed
0.releases.2909.tender.lots.0,0.releases.2909,0,1,MAINTENANCE OF SMART WASTE,Twenty million Rwandan Francs,active,20000000,RWF,allowed
0.releases.2911.tender.lots.0,0.releases.2911,0,1,Operationalization of sanitation facilities,Daily management of   Nduba Landfill,active,1724571888,RWF,allowed
0.releases.2912.tender.lots.0,0.releases.2912,0,5,Radio Services,Lot 5: Radio Services,active,20000000,RWF,allowed
0.releases.2912.tender.lots.1,0.releases.2912,0,6,TV Services,Lot 6: TV Services,active,40000000,RWF,allowed
0.releases.2912.tender.lots.2,0.releases.2912,0,1,Print Production & Installation,Lot 1 Print Production & Installation,active,70000000,RWF,allowed
0.releases.2912.tender.lots.3,0.releases.2912,0,2,Outdoor advertisement on Digital LED billboards,Lot2: Outdoor advertisement on Digital LED billboards,active,50000000,RWF,allowed
0.releases.2912.tender.lots.4,0.releases.2912,0,3,Conference Setup ,Lot 3. Conference Setup ,active,52000000,RWF,allowed
0.releases.2912.tender.lots.5,0.releases.2912,0,4,Events Media Coverage,Lot 4:  Events Media Coverage,active,50000000,RWF,allowed
0.releases.2912.tender.lots.6,0.releases.2912,0,7,Online media & Interactive,Lot 7: Online media & Interactive,active,40000000,RWF,allowed
0.releases.2912.tender.lots.7,0.releases.2912,0,8,Production of TV and Radio Spot ,Lot 8: Production of TV and Radio Spot  ,active,10000000,RWF,allowed
0.releases.2912.tender.lots.8,0.releases.2912,0,9,Simultaneous Interpretation in the Executive Meetings,Lot 9: Simultaneous Interpretation in the Executive Meetings ,active,10000000,RWF,allowed
0.releases.2913.tender.lots.0,0.releases.2913,0,5,Radio Services,Lot 5: Radio Services,active,20000000,RWF,allowed
0.releases.2913.tender.lots.1,0.releases.2913,0,6,TV Services,Lot 6: TV Services,active,40000000,RWF,allowed
0.releases.2913.tender.lots.2,0.releases.2913,0,1,Print Production & Installation,Lot 1 Print Production & Installation,active,70000000,RWF,allowed
0.releases.2913.tender.lots.3,0.releases.2913,0,2,Outdoor advertisement on Digital LED billboards,Lot2: Outdoor advertisement on Digital LED billboards,active,50000000,RWF,allowed
0.releases.2913.tender.lots.4,0.releases.2913,0,3,Conference Setup ,Lot 3. Conference Setup ,active,52000000,RWF,allowed
0.releases.2913.tender.lots.5,0.releases.2913,0,4,Events Media Coverage,Lot 4:  Events Media Coverage,active,50000000,RWF,allowed
0.releases.2913.tender.lots.6,0.releases.2913,0,7,Online media & Interactive,Lot 7: Online media & Interactive,active,40000000,RWF,allowed
0.releases.2913.tender.lots.7,0.releases.2913,0,8,Production of TV and Radio Spot ,Lot 8: Production of TV and Radio Spot  ,active,10000000,RWF,allowed
0.releases.2913.tender.lots.8,0.releases.2913,0,9,Simultaneous Interpretation in the Executive Meetings,Lot 9: Simultaneous Interpretation in the Executive Meetings ,active,10000000,RWF,allowed
0.releases.2914.tender.lots.0,0.releases.2914,0,1,Service for property valuation in Musanze District,Service for property valuation in Musanze District,active,150000000,RWF,allowed
0.releases.2914.tender.lots.1,0.releases.2914,0,1,Service for property valuation in Musanze District,Service for property valuation in Musanze District,active,150000000,RWF,allowed
0.releases.2915.tender.lots.0,0.releases.2915,0,5,Radio Services,Lot 5: Radio Services,active,20000000,RWF,allowed
0.releases.2915.tender.lots.1,0.releases.2915,0,6,TV Services,Lot 6: TV Services,active,40000000,RWF,allowed
0.releases.2915.tender.lots.2,0.releases.2915,0,1,Print Production & Installation,Lot 1 Print Production & Installation,active,70000000,RWF,allowed
0.releases.2915.tender.lots.3,0.releases.2915,0,2,Outdoor advertisement on Digital LED billboards,Lot2: Outdoor advertisement on Digital LED billboards,active,50000000,RWF,allowed
0.releases.2915.tender.lots.4,0.releases.2915,0,3,Conference Setup ,Lot 3. Conference Setup ,active,52000000,RWF,allowed
0.releases.2915.tender.lots.5,0.releases.2915,0,4,Events Media Coverage,Lot 4:  Events Media Coverage,active,50000000,RWF,allowed
0.releases.2915.tender.lots.6,0.releases.2915,0,7,Online media & Interactive,Lot 7: Online media & Interactive,active,40000000,RWF,allowed
0.releases.2915.tender.lots.7,0.releases.2915,0,8,Production of TV and Radio Spot ,Lot 8: Production of TV and Radio Spot  ,active,10000000,RWF,allowed
0.releases.2915.tender.lots.8,0.releases.2915,0,9,Simultaneous Interpretation in the Executive Meetings,Lot 9: Simultaneous Interpretation in the Executive Meetings ,active,10000000,RWF,allowed
0.releases.2916.tender.lots.0,0.releases.2916,0,1,"Provision of hotel services (hiring of conference halls, workshops, trainings, accommodations, restaurants and receptions outside of Kigali (framework contract)","Provision of hotel services (hiring of conference halls, workshops, trainings, accommodations, restaurants and receptions outside of Kigali (framework contract)",active,18000000,RWF,allowed
0.releases.2916.tender.lots.1,0.releases.2916,0,1,"Provision of hotel services (hiring of conference halls, workshops, trainings, accommodations, restaurants and receptions outside of Kigali (framework contract)","Provision of hotel services (hiring of conference halls, workshops, trainings, accommodations, restaurants and receptions outside of Kigali (framework contract)",active,18000000,RWF,allowed
0.releases.2918.tender.lots.0,0.releases.2918,0,1,"University of Rwanda, Huye campus",,active,400000000,RWF,allowed
0.releases.2918.tender.lots.1,0.releases.2918,0,2,"University of Rwanda campuses located in Kigali (Nyarugenge, Gikondo, Kicukiro, Rubilizi, Remera plus CEBE located in Kigali Innovation City)",,active,327221427,RWF,allowed
0.releases.2918.tender.lots.2,0.releases.2918,0,3,"University of Rwanda campuses located in Eastern and Northern Provinces (Nyagatare, Rukara, Rwamagana and Busogo)",,active,300000000,RWF,allowed
0.releases.2922.tender.lots.0,0.releases.2922,0,1,      Supply of materials for Immergence transit centers,,active,12000000,RWF,allowed
0.releases.2923.tender.lots.0,0.releases.2923,0,1,Supply of small tools and consumables in Electrical Department,,active,27000000,RWF,allowed
0.releases.2923.tender.lots.1,0.releases.2923,0,1,Supply of small tools and consumables in Electrical Department,,active,27000000,RWF,allowed
0.releases.2924.tender.lots.0,0.releases.2924,0,1,Acquisition of foodstuff for trainees and trainers at RCS training school,,active,132095000,RWF,allowed
0.releases.2924.tender.lots.1,0.releases.2924,0,1,Acquisition of foodstuff for trainees and trainers at RCS training school,,active,132095000,RWF,allowed
0.releases.2925.tender.lots.0,0.releases.2925,0,1,Supply of stationeries to NPPA/Lot 1/Supply of Office Papers to NPPA (Ream of Paper),,active,13295000,RWF,allowed
0.releases.2925.tender.lots.1,0.releases.2925,0,2,Supply of stationeries to NPPA/Lot 2/Other Office Supply (Stationeries),,active,16032500,RWF,allowed
0.releases.2926.tender.lots.0,0.releases.2926,0,1,PROVISION OF CLEANING SERVICES AND GARDEN MAINTENANCE IN RAB HQ and STATIONS ,Provision of cleaning services,active,90000000,RWF,allowed
0.releases.2926.tender.lots.1,0.releases.2926,0,2,PROVISION OF CLEANING SERVICES AND GARDEN MAINTENANCE IN RAB HQ and STATIONS ,Provision of cleaning services,active,60000000,RWF,allowed
0.releases.2926.tender.lots.2,0.releases.2926,0,1,PROVISION OF CLEANING SERVICES AND GARDEN MAINTENANCE IN RAB HQ and STATIONS ,Provision of cleaning services,active,90000000,RWF,allowed
0.releases.2926.tender.lots.3,0.releases.2926,0,2,PROVISION OF CLEANING SERVICES AND GARDEN MAINTENANCE IN RAB HQ and STATIONS ,Provision of cleaning services,active,60000000,RWF,allowed
0.releases.2927.tender.lots.0,0.releases.2927,0,1,SUPPLY AND INSTALLATION  OF DRAINAGE CHANNEL COVERS  ON PLAYGROUND FACILITIES FOR 4 TVET SCHOOLS ON BORDERS IN NYAGATARE AND GICUMBI DISTRICT,SUPPLY AND INSTALLATION  OF DRAINAGE CHANNEL COVERS  ON PLAYGROUND FACILITIES FOR 4 TVET SCHOOLS ON BORDERS IN NYAGATARE AND GICUMBI DISTRICT,active,14575600,RWF,allowed
0.releases.2928.tender.lots.0,0.releases.2928,0,1,"Studio interior design, upgrade and decoration",,active,21608160,RWF,allowed
0.releases.2930.tender.lots.0,0.releases.2930,0,1,Provision of Hotel services of 2 and 3 stars  across the country under Framework contract,Provision of Hotel services of 2 and 3 stars  across the country under Framework contract,active,15000000,RWF,allowed
0.releases.2931.tender.lots.0,0.releases.2931,0,1,Supply and installation of advanced Molecular diagnostic equipments,,active,405000000,RWF,allowed
0.releases.2931.tender.lots.1,0.releases.2931,0,1,Supply and installation of advanced Molecular diagnostic equipments,,active,405000000,RWF,allowed
0.releases.2933.tender.lots.0,0.releases.2933,0,1,SUPERVISION SERVICES FOR REHABILITATION AND EXPANSION OF CYANIKA IN NYAMAGABE DISTRICT AND MUHORORO TVET SCHOOLS IN KARONGI DISTRICT.,SUPERVISION SERVICES FOR REHABILITATION AND EXPANSION OF CYANIKA IN NYAMAGABE DISTRICT AND MUHORORO TVET SCHOOLS IN KARONGI DISTRICT.,active,551000000,RWF,allowed
0.releases.2933.tender.lots.1,0.releases.2933,0,1,LotNo1,,active,,,allowed
0.releases.2934.tender.lots.0,0.releases.2934,0,1,Provision of Decoration Services (Re-advertised),Provision of Decoration Services (Re-advertised),active,8000000,RWF,allowed
0.releases.2935.tender.lots.0,0.releases.2935,0,1,Tender for Draining warks of public latrines in Rubavu Distri,Tender for Draining warks of public latrines in Rubavu Distri,active,42000000,RWF,allowed
0.releases.2935.tender.lots.1,0.releases.2935,0,1,Tender for Draining warks of public latrines in Rubavu Distri,Tender for Draining warks of public latrines in Rubavu Distri,active,42000000,RWF,allowed
0.releases.2936.tender.lots.0,0.releases.2936,0,1,Tender for insurance of vehicle,Tender for insurance of vehicle,active,4000000,RWF,allowed
0.releases.2936.tender.lots.1,0.releases.2936,0,1,Tender for insurance of vehicle,Tender for insurance of vehicle,active,4000000,RWF,allowed
0.releases.2937.tender.lots.0,0.releases.2937,0,1,FEASIBILITY STUDY FOR REHABILITATION OF KARAMBI-MUYONGWE SECTOR ROAD OFFICE(3KM),FEASIBILITY STUDY FOR REHABILITATION OF KARAMBI-MUYONGWE SECTOR ROAD OFFICE(3KM),active,12000000,RWF,allowed
0.releases.2939.tender.lots.0,0.releases.2939,0,1,Supply of  Foot and Mouth Disease (FMD)  vaccines,,active,344897500,RWF,allowed
0.releases.2940.tender.lots.0,0.releases.2940,0,1,MEDICAL OXYGEN,,active,5000000,RWF,allowed
0.releases.2941.tender.lots.0,0.releases.2941,0,1,"Supply of Vaccines (LSD, BQ, Brucellosis, Rabies, and other)",,active,1531240000,RWF,allowed
0.releases.2942.tender.lots.0,0.releases.2942,0,3,Lot 3: Media houses with websites that produce educational content and/or current affairs,Lot 3: Media houses with websites that produce educational content and/or current affairs,active,65420642,RWF,allowed
0.releases.2943.tender.lots.0,0.releases.2943,0,1,LotNo1,,active,,,allowed
0.releases.2943.tender.lots.1,0.releases.2943,0,1,LotNo1,,active,,,allowed
0.releases.2944.tender.lots.0,0.releases.2944,0,1,"Acquisition of Office equipment,furniture and fittings",,active,50000000,RWF,allowed
0.releases.2944.tender.lots.1,0.releases.2944,0,1,"Acquisition of Office equipment,furniture and fittings",,active,50000000,RWF,allowed
0.releases.2945.tender.lots.0,0.releases.2945,0,1,Tender of Supply of Materials for houses of Genocide Survivors,,active,10800000,RWF,allowed
0.releases.2945.tender.lots.1,0.releases.2945,0,1,Tender of Supply of Materials for houses of Genocide Survivors,,active,10800000,RWF,allowed
0.releases.2946.tender.lots.0,0.releases.2946,0,1,"Tender for Supply and installation of acoustic Solution,security checking equipment, outdoor display screen, remoted curtains, projectors and HVAC Systems in Rubavu District Hal",,active,50000000,RWF,allowed
0.releases.2946.tender.lots.1,0.releases.2946,0,1,"Tender for Supply and installation of acoustic Solution,security checking equipment, outdoor display screen, remoted curtains, projectors and HVAC Systems in Rubavu District Hal",,active,50000000,RWF,allowed
0.releases.2948.tender.lots.0,0.releases.2948,0,1,Supply of asset transfer (ToolKits) under Framework contract.,,active,60000000,RWF,allowed
0.releases.2950.tender.lots.0,0.releases.2950,0,1,Travaux de construction et de renovation du stade de Mutunda (Byiza) et son auditorium  dans le district de Huye,Travaux de construction et de renovation du stade de Mutunda (Byiza) et son auditorium  dans le district de Huye,active,473000000,RWF,allowed
0.releases.2951.tender.lots.0,0.releases.2951,0,1,Service for property valuation in Musanze District,Service for property valuation in Musanze District,active,150000000,RWF,allowed
0.releases.2951.tender.lots.1,0.releases.2951,0,1,Service for property valuation in Musanze District,Service for property valuation in Musanze District,active,150000000,RWF,allowed
0.releases.2952.tender.lots.0,0.releases.2952,0,1,"Preparation of Environmental and Social Safeguards Instruments (RAP, ESIA, ESA)","Preparation of Environmental and Social Safeguards Instruments (RAP, ESIA, ESA)",active,120000000,RWF,allowed
0.releases.2952.tender.lots.1,0.releases.2952,0,1,LotNo1,,active,,,allowed
0.releases.2952.tender.lots.2,0.releases.2952,0,1,LotNo1,,active,,,allowed
0.releases.2953.tender.lots.0,0.releases.2953,0,1,Provision of restaurant services to the staff working at Nyarugenge Pension Plaza,Restaurant services,active,462240000,RWF,allowed
0.releases.2954.tender.lots.0,0.releases.2954,0,1,Supervision for construction works of Gahabwa center-Bikono-Muramba chip seal road (3.743km),Supervision for construction works of Gahabwa center-Bikono-Muramba chip seal road (3.743km),active,40000000,RWF,allowed
0.releases.2954.tender.lots.1,0.releases.2954,0,1,Supervision for construction works of Gahabwa center-Bikono-Muramba chip seal road (3.743km),Supervision for construction works of Gahabwa center-Bikono-Muramba chip seal road (3.743km),active,40000000,RWF,allowed
0.releases.2954.tender.lots.2,0.releases.2954,0,1,Supervision for construction works of Gahabwa center-Bikono-Muramba chip seal road (3.743km),Supervision for construction works of Gahabwa center-Bikono-Muramba chip seal road (3.743km),active,40000000,RWF,allowed
0.releases.2955.tender.lots.0,0.releases.2955,0,1,Contract management for NRS Construction works at Ngarama Rehabilitation Center,Contract management for NRS Construction works at Ngarama Rehabilitation Center,active,39908952,RWF,allowed
0.releases.2955.tender.lots.1,0.releases.2955,0,1,Contract management for NRS Construction works at Ngarama Rehabilitation Center,Contract management for NRS Construction works at Ngarama Rehabilitation Center,active,39908952,RWF,allowed
0.releases.2957.tender.lots.0,0.releases.2957,0,1,Annual subscription to digital library,"200,000,000",active,200000000,RWF,allowed
0.releases.2958.tender.lots.0,0.releases.2958,0,1,LotNo1,,active,,,allowed
0.releases.2959.tender.lots.0,0.releases.2959,0,1,LotNo1,,active,,,allowed
0.releases.2960.tender.lots.0,0.releases.2960,0,1,Provision of Hotel Services to the Chamber of Deputies  Northen   Lot  1,Provision of Hotel Services to the Chamber of Deputies  Northen   Lot  1,active,61425050,RWF,allowed
0.releases.2960.tender.lots.1,0.releases.2960,0,2,Provision of Hotel Services to the Chamber of Deputies  Southern   Lot  2,Provision of Hotel Services to the Chamber of Deputies  Southern   Lot  2,active,61425050,RWF,allowed
0.releases.2960.tender.lots.2,0.releases.2960,0,3,Provision of Hotel Services to the Chamber of Deputies Eastern  lot   3,Provision of Hotel Services to the Chamber of Deputies Eastern  lot   3,active,61425050,RWF,allowed
0.releases.2960.tender.lots.3,0.releases.2960,0,4,     Provision of Hotel Services to the Chamber of Deputies Western (LOT 4)                                                                                    Western LOT 4,Provision of Hotel Services to the Chamber of Deputies ,active,61425050,RWF,allowed
0.releases.2961.tender.lots.0,0.releases.2961,0,1,SUPPLY AND INSTALLATION  OF DRAINAGE CHANNEL COVERS  ON PLAYGROUND FACILITIES FOR 4 TVET SCHOOLS ON BORDERS IN NYAGATARE AND GICUMBI DISTRICT,SUPPLY AND INSTALLATION  OF DRAINAGE CHANNEL COVERS  ON PLAYGROUND FACILITIES FOR 4 TVET SCHOOLS ON BORDERS IN NYAGATARE AND GICUMBI DISTRICT,active,14575600,RWF,allowed
0.releases.2963.tender.lots.0,0.releases.2963,0,1,Supply and installation of advanced Molecular diagnostic equipments,,active,405000000,RWF,allowed
0.releases.2963.tender.lots.1,0.releases.2963,0,1,Supply and installation of advanced Molecular diagnostic equipments,,active,405000000,RWF,allowed
0.releases.2964.tender.lots.0,0.releases.2964,0,1,Insurance for new exotic bulls,Insurance for new exotic bulls,active,45000000,RWF,allowed
0.releases.2965.tender.lots.0,0.releases.2965,0,1,Purchase and supply of Food Supplies for Civic engagement through national service (Urugerero) in Rulindo District,,active,55416234,RWF,allowed
0.releases.2968.tender.lots.0,0.releases.2968,0,1,EVENT MANAGEMENT,EVENT MANAGEMENT,active,30000000,RWF,allowed
0.releases.2968.tender.lots.1,0.releases.2968,0,1,EVENT MANAGEMENT,EVENT MANAGEMENT,active,30000000,RWF,allowed
0.releases.2968.tender.lots.2,0.releases.2968,0,1,EVENT MANAGEMENT,EVENT MANAGEMENT,active,30000000,RWF,allowed
0.releases.2968.tender.lots.3,0.releases.2968,0,1,EVENT MANAGEMENT,EVENT MANAGEMENT,active,30000000,RWF,allowed
0.releases.2969.tender.lots.0,0.releases.2969,0,1,Supply of office stationaries ,,active,55173652,RWF,allowed
0.releases.2970.tender.lots.0,0.releases.2970,0,1,Lot 1: DNA sexual assaults reagents and consumables,,active,89017687,RWF,allowed
0.releases.2970.tender.lots.1,0.releases.2970,0,2,Lot 2: DNA casework reagents and consumables,,active,138931485,RWF,allowed
0.releases.2970.tender.lots.2,0.releases.2970,0,3,Lot 3: DNA profiling reagents and consumables,,active,194538380,RWF,allowed
0.releases.2970.tender.lots.3,0.releases.2970,0,4,Lot 4: Microbial Forensic reagents and consumables,,active,123266718,RWF,allowed
0.releases.2971.tender.lots.0,0.releases.2971,0,1,Provision of Hotel Services to the Chamber of Deputies  Northen   Lot  1,Provision of Hotel Services to the Chamber of Deputies  Northen   Lot  1,active,61425050,RWF,allowed
0.releases.2971.tender.lots.1,0.releases.2971,0,2,Provision of Hotel Services to the Chamber of Deputies  Southern   Lot  2,Provision of Hotel Services to the Chamber of Deputies  Southern   Lot  2,active,61425050,RWF,allowed
0.releases.2971.tender.lots.2,0.releases.2971,0,3,Provision of Hotel Services to the Chamber of Deputies Eastern  lot   3,Provision of Hotel Services to the Chamber of Deputies Eastern  lot   3,active,61425050,RWF,allowed
0.releases.2971.tender.lots.3,0.releases.2971,0,4,     Provision of Hotel Services to the Chamber of Deputies Western (LOT 4)                                                                                    Western LOT 4,Provision of Hotel Services to the Chamber of Deputies ,active,61425050,RWF,allowed
0.releases.2972.tender.lots.0,0.releases.2972,0,1,"Provision of hotel services (hiring of conference halls, workshops, trainings, accommodations, restaurants and receptions outside of Kigali (framework contract)","Provision of hotel services (hiring of conference halls, workshops, trainings, accommodations, restaurants and receptions outside of Kigali (framework contract)",active,18000000,RWF,allowed
0.releases.2972.tender.lots.1,0.releases.2972,0,1,"Provision of hotel services (hiring of conference halls, workshops, trainings, accommodations, restaurants and receptions outside of Kigali (framework contract)","Provision of hotel services (hiring of conference halls, workshops, trainings, accommodations, restaurants and receptions outside of Kigali (framework contract)",active,18000000,RWF,allowed
0.releases.2973.tender.lots.0,0.releases.2973,0,5,Radio Services,Lot 5: Radio Services,active,20000000,RWF,allowed
0.releases.2973.tender.lots.1,0.releases.2973,0,6,TV Services,Lot 6: TV Services,active,40000000,RWF,allowed
0.releases.2973.tender.lots.2,0.releases.2973,0,1,Print Production & Installation,Lot 1 Print Production & Installation,active,70000000,RWF,allowed
0.releases.2973.tender.lots.3,0.releases.2973,0,2,Outdoor advertisement on Digital LED billboards,Lot2: Outdoor advertisement on Digital LED billboards,active,50000000,RWF,allowed
0.releases.2973.tender.lots.4,0.releases.2973,0,3,Conference Setup ,Lot 3. Conference Setup ,active,52000000,RWF,allowed
0.releases.2973.tender.lots.5,0.releases.2973,0,4,Events Media Coverage,Lot 4:  Events Media Coverage,active,50000000,RWF,allowed
0.releases.2973.tender.lots.6,0.releases.2973,0,7,Online media & Interactive,Lot 7: Online media & Interactive,active,40000000,RWF,allowed
0.releases.2973.tender.lots.7,0.releases.2973,0,8,Production of TV and Radio Spot ,Lot 8: Production of TV and Radio Spot  ,active,10000000,RWF,allowed
0.releases.2973.tender.lots.8,0.releases.2973,0,9,Simultaneous Interpretation in the Executive Meetings,Lot 9: Simultaneous Interpretation in the Executive Meetings ,active,10000000,RWF,allowed
0.releases.2974.tender.lots.0,0.releases.2974,0,5,Radio Services,Lot 5: Radio Services,active,20000000,RWF,allowed
0.releases.2974.tender.lots.1,0.releases.2974,0,6,TV Services,Lot 6: TV Services,active,40000000,RWF,allowed
0.releases.2974.tender.lots.2,0.releases.2974,0,1,Print Production & Installation,Lot 1 Print Production & Installation,active,70000000,RWF,allowed
0.releases.2974.tender.lots.3,0.releases.2974,0,2,Outdoor advertisement on Digital LED billboards,Lot2: Outdoor advertisement on Digital LED billboards,active,50000000,RWF,allowed
0.releases.2974.tender.lots.4,0.releases.2974,0,3,Conference Setup ,Lot 3. Conference Setup ,active,52000000,RWF,allowed
0.releases.2974.tender.lots.5,0.releases.2974,0,4,Events Media Coverage,Lot 4:  Events Media Coverage,active,50000000,RWF,allowed
0.releases.2974.tender.lots.6,0.releases.2974,0,7,Online media & Interactive,Lot 7: Online media & Interactive,active,40000000,RWF,allowed
0.releases.2974.tender.lots.7,0.releases.2974,0,8,Production of TV and Radio Spot ,Lot 8: Production of TV and Radio Spot  ,active,10000000,RWF,allowed
0.releases.2974.tender.lots.8,0.releases.2974,0,9,Simultaneous Interpretation in the Executive Meetings,Lot 9: Simultaneous Interpretation in the Executive Meetings ,active,10000000,RWF,allowed
0.releases.2975.tender.lots.0,0.releases.2975,0,5,Radio Services,Lot 5: Radio Services,active,20000000,RWF,allowed
0.releases.2975.tender.lots.1,0.releases.2975,0,6,TV Services,Lot 6: TV Services,active,40000000,RWF,allowed
0.releases.2975.tender.lots.2,0.releases.2975,0,1,Print Production & Installation,Lot 1 Print Production & Installation,active,70000000,RWF,allowed
0.releases.2975.tender.lots.3,0.releases.2975,0,2,Outdoor advertisement on Digital LED billboards,Lot2: Outdoor advertisement on Digital LED billboards,active,50000000,RWF,allowed
0.releases.2975.tender.lots.4,0.releases.2975,0,3,Conference Setup ,Lot 3. Conference Setup ,active,52000000,RWF,allowed
0.releases.2975.tender.lots.5,0.releases.2975,0,4,Events Media Coverage,Lot 4:  Events Media Coverage,active,50000000,RWF,allowed
0.releases.2975.tender.lots.6,0.releases.2975,0,7,Online media & Interactive,Lot 7: Online media & Interactive,active,40000000,RWF,allowed
0.releases.2975.tender.lots.7,0.releases.2975,0,8,Production of TV and Radio Spot ,Lot 8: Production of TV and Radio Spot  ,active,10000000,RWF,allowed
0.releases.2975.tender.lots.8,0.releases.2975,0,9,Simultaneous Interpretation in the Executive Meetings,Lot 9: Simultaneous Interpretation in the Executive Meetings ,active,10000000,RWF,allowed
0.releases.2976.tender.lots.0,0.releases.2976,0,1,MAINTENANCE OF SMART WASTE,Twenty million Rwandan Francs,active,20000000,RWF,allowed
0.releases.2977.tender.lots.0,0.releases.2977,0,5,Radio Services,Lot 5: Radio Services,active,20000000,RWF,allowed
0.releases.2977.tender.lots.1,0.releases.2977,0,6,TV Services,Lot 6: TV Services,active,40000000,RWF,allowed
0.releases.2977.tender.lots.2,0.releases.2977,0,1,Print Production & Installation,Lot 1 Print Production & Installation,active,70000000,RWF,allowed
0.releases.2977.tender.lots.3,0.releases.2977,0,2,Outdoor advertisement on Digital LED billboards,Lot2: Outdoor advertisement on Digital LED billboards,active,50000000,RWF,allowed
0.releases.2977.tender.lots.4,0.releases.2977,0,3,Conference Setup ,Lot 3. Conference Setup ,active,52000000,RWF,allowed
0.releases.2977.tender.lots.5,0.releases.2977,0,4,Events Media Coverage,Lot 4:  Events Media Coverage,active,50000000,RWF,allowed
0.releases.2977.tender.lots.6,0.releases.2977,0,7,Online media & Interactive,Lot 7: Online media & Interactive,active,40000000,RWF,allowed
0.releases.2977.tender.lots.7,0.releases.2977,0,8,Production of TV and Radio Spot ,Lot 8: Production of TV and Radio Spot  ,active,10000000,RWF,allowed
0.releases.2977.tender.lots.8,0.releases.2977,0,9,Simultaneous Interpretation in the Executive Meetings,Lot 9: Simultaneous Interpretation in the Executive Meetings ,active,10000000,RWF,allowed
0.releases.2980.tender.lots.0,0.releases.2980,0,1,Subscribe to Moody’s (Bureau Van Dijk) risk profiling and transfer pricing benchmark analysis database (Framework Contract),Subscribe to Moody’s (Bureau Van Dijk) risk profiling and transfer pricing benchmark analysis database (Framework Contract),active,108000000,RWF,allowed
0.releases.2981.tender.lots.0,0.releases.2981,0,5,Radio Services,Lot 5: Radio Services,active,20000000,RWF,allowed
0.releases.2981.tender.lots.1,0.releases.2981,0,6,TV Services,Lot 6: TV Services,active,40000000,RWF,allowed
0.releases.2981.tender.lots.2,0.releases.2981,0,1,Print Production & Installation,Lot 1 Print Production & Installation,active,70000000,RWF,allowed
0.releases.2981.tender.lots.3,0.releases.2981,0,2,Outdoor advertisement on Digital LED billboards,Lot2: Outdoor advertisement on Digital LED billboards,active,50000000,RWF,allowed
0.releases.2981.tender.lots.4,0.releases.2981,0,3,Conference Setup ,Lot 3. Conference Setup ,active,52000000,RWF,allowed
0.releases.2981.tender.lots.5,0.releases.2981,0,4,Events Media Coverage,Lot 4:  Events Media Coverage,active,50000000,RWF,allowed
0.releases.2981.tender.lots.6,0.releases.2981,0,7,Online media & Interactive,Lot 7: Online media & Interactive,active,40000000,RWF,allowed
0.releases.2981.tender.lots.7,0.releases.2981,0,8,Production of TV and Radio Spot ,Lot 8: Production of TV and Radio Spot  ,active,10000000,RWF,allowed
0.releases.2981.tender.lots.8,0.releases.2981,0,9,Simultaneous Interpretation in the Executive Meetings,Lot 9: Simultaneous Interpretation in the Executive Meetings ,active,10000000,RWF,allowed
0.releases.2982.tender.lots.0,0.releases.2982,0,1,Supervision for construction works of Gahabwa center-Bikono-Muramba chip seal road (3.743km),Supervision for construction works of Gahabwa center-Bikono-Muramba chip seal road (3.743km),active,40000000,RWF,allowed
0.releases.2982.tender.lots.1,0.releases.2982,0,1,Supervision for construction works of Gahabwa center-Bikono-Muramba chip seal road (3.743km),Supervision for construction works of Gahabwa center-Bikono-Muramba chip seal road (3.743km),active,40000000,RWF,allowed
0.releases.2982.tender.lots.2,0.releases.2982,0,1,Supervision for construction works of Gahabwa center-Bikono-Muramba chip seal road (3.743km),Supervision for construction works of Gahabwa center-Bikono-Muramba chip seal road (3.743km),active,40000000,RWF,allowed
0.releases.2983.tender.lots.0,0.releases.2983,0,1,Recruitment of Individual Consultant to Manage IIA Rwanda Member Services and Certifications Programs,Recruitment of Individual Consultant to Manage IIA Rwanda Member Services and Certifications Programs,active,17500000,RWF,allowed
0.releases.2985.tender.lots.0,0.releases.2985,0,1,Recruitment of a Lead Consultant to Manage IIA Rwanda Operations,Recruitment of a Lead Consultant to Manage IIA Rwanda Operations,active,17500000,RWF,allowed
0.releases.2986.tender.lots.0,0.releases.2986,0,1,Lot 1: Supply and installation of office chairs,,active,92039366,RWF,allowed
0.releases.2986.tender.lots.1,0.releases.2986,0,2,Lot 2: Supply and installation of office table,,active,111106656,RWF,allowed
0.releases.2986.tender.lots.2,0.releases.2986,0,1,Lot 1: Supply and installation of office chairs,,active,92039366,RWF,allowed
0.releases.2986.tender.lots.3,0.releases.2986,0,2,Lot 2: Supply and installation of office table,,active,111106656,RWF,allowed
0.releases.2987.tender.lots.0,0.releases.2987,0,1,Provision of rental services for RRA staff accommodation-A in RUSIZI District (framework contract),Provision of rental services for RRA staff accommodation-A in RUSIZI District (framework contract),active,15000000,RWF,allowed
0.releases.2989.tender.lots.0,0.releases.2989,0,1,Provision of car wash services in Kigali City,car wash in kigali,active,4000000,RWF,allowed
0.releases.2989.tender.lots.1,0.releases.2989,0,2,Provision of car wash in Kayonza District,car wash in Kayonza,active,1000000,RWF,allowed
0.releases.2989.tender.lots.2,0.releases.2989,0,3,Provision of car wash in Musanze District,car wash in Musanze,active,1000000,RWF,allowed
0.releases.2989.tender.lots.3,0.releases.2989,0,4,Provision of car wash in Huye District,car wash in huye,active,1000000,RWF,allowed
0.releases.2989.tender.lots.4,0.releases.2989,0,5,Provision of car wash in Rusizi District,car wash in rusizi,active,1000000,RWF,allowed
0.releases.2989.tender.lots.5,0.releases.2989,0,6,Provision of car wash in Karongi District,car wash in karongi,active,1000000,RWF,allowed
0.releases.2989.tender.lots.6,0.releases.2989,0,7,Provision of car wash in Nyagatare District,car wash in Nyagatare,active,1000000,RWF,allowed
0.releases.2990.tender.lots.0,0.releases.2990,0,1,Supply for Fuel of MMI operations,,active,105000000,RWF,allowed
0.releases.2991.tender.lots.0,0.releases.2991,0,1,Supply of reagents for food agriculture and mycotoxin laboratory (Framework contract),,active,30000000,RWF,allowed
0.releases.2992.tender.lots.0,0.releases.2992,0,1,Security services,Security services,active,7929600,RWF,allowed
0.releases.2993.tender.lots.0,0.releases.2993,0,1,PROVISION OF DIFFERENT SERVICES FOR RIB EVENTS,PROVISION OF SOUND SYSTEM SERVICES ,active,9000000,RWF,allowed
0.releases.2993.tender.lots.1,0.releases.2993,0,2,PROVISION OF DIFFERENT SERVICES FOR RIB EVENTS,RENTAL OF TV SCREENS ,active,6000000,RWF,allowed
0.releases.2994.tender.lots.0,0.releases.2994,0,1,Provision of hotel services,Provision of hotel services,active,18000000,RWF,allowed
0.releases.2994.tender.lots.1,0.releases.2994,0,1,Provision of hotel services,Provision of hotel services,active,18000000,RWF,allowed
0.releases.2995.tender.lots.0,0.releases.2995,0,6,materials used in construction of classroom and retaining wall,,active,47484111,RWF,allowed
0.releases.2995.tender.lots.1,0.releases.2995,0,7,materials used in construction of classroom and retaining wall,,active,53685954,RWF,allowed
0.releases.2996.tender.lots.0,0.releases.2996,0,6,materials used in construction of classroom and retaining wall,,active,47484111,RWF,allowed
0.releases.2996.tender.lots.1,0.releases.2996,0,7,materials used in construction of classroom and retaining wall,,active,53685954,RWF,allowed
0.releases.2997.tender.lots.0,0.releases.2997,0,6,materials used in construction of classroom and retaining wall,,active,47484111,RWF,allowed
0.releases.2997.tender.lots.1,0.releases.2997,0,7,materials used in construction of classroom and retaining wall,,active,53685954,RWF,allowed
0.releases.2999.tender.lots.0,0.releases.2999,0,1,Supply of Office Stationaries,,active,68000000,RWF,allowed
0.releases.2999.tender.lots.1,0.releases.2999,0,1,Supply of Office Stationaries,,active,68000000,RWF,allowed
0.releases.3000.tender.lots.0,0.releases.3000,0,1,Tender for insurance of vehicle,Tender for insurance of vehicle,active,4000000,RWF,allowed
0.releases.3000.tender.lots.1,0.releases.3000,0,1,Tender for insurance of vehicle,Tender for insurance of vehicle,active,4000000,RWF,allowed
0.releases.3001.tender.lots.0,0.releases.3001,0,1,Sound system,Sound system,active,6000000,RWF,allowed
0.releases.3003.tender.lots.0,0.releases.3003,0,1,Supply of Stationary (cartridges),,active,49999980,RWF,allowed
0.releases.3004.tender.lots.0,0.releases.3004,0,1,"Hiring an individual Consultant to Conduct assessment of the public knowledge on nuclear, report of the findings, perform risk assessment and develop awareness plan","Consultancy to Conduct assessment of the public knowledge on nuclear, report of the findings, perform risk assessment and develop awareness plan",active,40000000,RWF,allowed
0.releases.3006.tender.lots.0,0.releases.3006,0,5,Radio Services,Lot 5: Radio Services,active,20000000,RWF,allowed
0.releases.3006.tender.lots.1,0.releases.3006,0,6,TV Services,Lot 6: TV Services,active,40000000,RWF,allowed
0.releases.3006.tender.lots.2,0.releases.3006,0,1,Print Production & Installation,Lot 1 Print Production & Installation,active,70000000,RWF,allowed
0.releases.3006.tender.lots.3,0.releases.3006,0,2,Outdoor advertisement on Digital LED billboards,Lot2: Outdoor advertisement on Digital LED billboards,active,50000000,RWF,allowed
0.releases.3006.tender.lots.4,0.releases.3006,0,3,Conference Setup ,Lot 3. Conference Setup ,active,52000000,RWF,allowed
0.releases.3006.tender.lots.5,0.releases.3006,0,4,Events Media Coverage,Lot 4:  Events Media Coverage,active,50000000,RWF,allowed
0.releases.3006.tender.lots.6,0.releases.3006,0,7,Online media & Interactive,Lot 7: Online media & Interactive,active,40000000,RWF,allowed
0.releases.3006.tender.lots.7,0.releases.3006,0,8,Production of TV and Radio Spot ,Lot 8: Production of TV and Radio Spot  ,active,10000000,RWF,allowed
0.releases.3006.tender.lots.8,0.releases.3006,0,9,Simultaneous Interpretation in the Executive Meetings,Lot 9: Simultaneous Interpretation in the Executive Meetings ,active,10000000,RWF,allowed
0.releases.3007.tender.lots.0,0.releases.3007,0,1,Tender For Cleaning Services of Public Places In Byimana and Mbuye Sectors,Tender For Cleaning Services of Public Places In Byimana and Mbuye Sectors,active,10000000,RWF,allowed
0.releases.3008.tender.lots.0,0.releases.3008,0,1,Hotel and restaurant services,RP Ngoma College,active,9608673,RWF,allowed
0.releases.3010.tender.lots.0,0.releases.3010,0,1,Office FURNITURES,,active,10000000,RWF,allowed
0.releases.3011.tender.lots.0,0.releases.3011,0,5,Radio Services,Lot 5: Radio Services,active,20000000,RWF,allowed
0.releases.3011.tender.lots.1,0.releases.3011,0,6,TV Services,Lot 6: TV Services,active,40000000,RWF,allowed
0.releases.3011.tender.lots.2,0.releases.3011,0,1,Print Production & Installation,Lot 1 Print Production & Installation,active,70000000,RWF,allowed
0.releases.3011.tender.lots.3,0.releases.3011,0,2,Outdoor advertisement on Digital LED billboards,Lot2: Outdoor advertisement on Digital LED billboards,active,50000000,RWF,allowed
0.releases.3011.tender.lots.4,0.releases.3011,0,3,Conference Setup ,Lot 3. Conference Setup ,active,52000000,RWF,allowed
0.releases.3011.tender.lots.5,0.releases.3011,0,4,Events Media Coverage,Lot 4:  Events Media Coverage,active,50000000,RWF,allowed
0.releases.3011.tender.lots.6,0.releases.3011,0,7,Online media & Interactive,Lot 7: Online media & Interactive,active,40000000,RWF,allowed
0.releases.3011.tender.lots.7,0.releases.3011,0,8,Production of TV and Radio Spot ,Lot 8: Production of TV and Radio Spot  ,active,10000000,RWF,allowed
0.releases.3011.tender.lots.8,0.releases.3011,0,9,Simultaneous Interpretation in the Executive Meetings,Lot 9: Simultaneous Interpretation in the Executive Meetings ,active,10000000,RWF,allowed
0.releases.3012.tender.lots.0,0.releases.3012,0,1,Purchase of Office Equipments,,active,1930000,RWF,allowed
0.releases.3013.tender.lots.0,0.releases.3013,0,1,Acquisition of foodstuff for trainees and trainers at RCS training school,,active,132095000,RWF,allowed
0.releases.3013.tender.lots.1,0.releases.3013,0,1,Acquisition of foodstuff for trainees and trainers at RCS training school,,active,132095000,RWF,allowed
0.releases.3014.tender.lots.0,0.releases.3014,0,1,Hotel services of Two stars category in each District,Hotel service ,active,10000000,RWF,allowed
0.releases.3014.tender.lots.1,0.releases.3014,0,2,Hotel services of Three stars category in each District ,Hotel service ,active,10000000,RWF,allowed
0.releases.3014.tender.lots.2,0.releases.3014,0,3,Provision of lunch for MINAGRI Staff/ Hotel of minimum 2 stars Category  ,Provision lunch ,active,100000000,RWF,allowed
0.releases.3017.tender.lots.0,0.releases.3017,0,1,"Maintenance of LED Screen, sound system with Conference Video Camera, and LED screens",,active,15000000,RWF,allowed
0.releases.3019.tender.lots.0,0.releases.3019,0,1,Service of hygiene and gardening ,KIBILIZI DH,active,36000000,RWF,allowed
0.releases.3021.tender.lots.0,0.releases.3021,0,1,Purchase of  stationaries and printings for Kibungo referral Hospital,,active,46859440,RWF,allowed
0.releases.3023.tender.lots.0,0.releases.3023,0,1,Provision of codification service,Provision of codification service,active,21000000,RWF,allowed
0.releases.3024.tender.lots.0,0.releases.3024,0,1,Study of streetlight,Tender for Study of Buruseri-Kabiza-Brasserie streetlight,active,30000000,RWF,allowed
0.releases.3025.tender.lots.0,0.releases.3025,0,1,Tender for maintenance and repair vehicles of Munini Hospital,Tender for maintenance and repair vehicles of Munini Hospital,active,15126272,RWF,allowed
0.releases.3025.tender.lots.1,0.releases.3025,0,1,Tender for maintenance and repair vehicles of Munini Hospital,Tender for maintenance and repair vehicles of Munini Hospital,active,15126272,RWF,allowed
0.releases.3026.tender.lots.0,0.releases.3026,0,1,Hiring a poverty dynamics analysis expert to provide technical assistance to support the design and analysis of the EICV8.(Re-advertisement),Consultancy services ,active,81577020,RWF,allowed
0.releases.3028.tender.lots.0,0.releases.3028,0,1,Services for editing and mixing audio record and production of audio and video spots,Services for editing and mixing audio record and production of audio and video spots,active,500000,RWF,allowed
0.releases.3028.tender.lots.1,0.releases.3028,0,2,video coverage and photography in RPPA events and video coverage in recruitment  interview for RPPA staff,video coverage and photography in RPPA events and video coverage in recruitment  interview for RPPA staff,active,400000,RWF,allowed
0.releases.3030.tender.lots.0,0.releases.3030,0,1,HIRING INDIVIDUAL CONSULTANTS TO ONBOARD PUBLIC SERVICES ON IREMBO LOW-CODE/NO-CODE PLATFORM- SEVEN (7) MID-LEVEL SOFTWARE ENGINEER-LOT 1,HIRING INDIVIDUAL CONSULTANTS TO ONBOARD PUBLIC SERVICES ON IREMBO LOW-CODE/NO-CODE PLATFORM- SEVEN (7) MID-LEVEL SOFTWARE ENGINEER-LOT 1,active,3000000,RWF,allowed
0.releases.3030.tender.lots.1,0.releases.3030,0,1,HIRING INDIVIDUAL CONSULTANTS TO ONBOARD PUBLIC SERVICES ON IREMBO LOW-CODE/NO-CODE PLATFORM- SEVEN (7) MID-LEVEL SOFTWARE ENGINEER-LOT 1,HIRING INDIVIDUAL CONSULTANTS TO ONBOARD PUBLIC SERVICES ON IREMBO LOW-CODE/NO-CODE PLATFORM- SEVEN (7) MID-LEVEL SOFTWARE ENGINEER-LOT 1,active,3000000,RWF,allowed
0.releases.3031.tender.lots.0,0.releases.3031,0,1,HIRING INDIVIDUAL CONSULTANTS TO ONBOARD PUBLIC SERVICES ON IREMBO LOW-CODE/NO-CODE PLATFORM- SEVEN (7) MID-LEVEL SOFTWARE ENGINEER-LOT 2,HIRING INDIVIDUAL CONSULTANTS TO ONBOARD PUBLIC SERVICES ON IREMBO LOW-CODE/NO-CODE PLATFORM- SEVEN (7) MID-LEVEL SOFTWARE ENGINEER-LOT 2,active,3000000,RWF,allowed
0.releases.3031.tender.lots.1,0.releases.3031,0,1,HIRING INDIVIDUAL CONSULTANTS TO ONBOARD PUBLIC SERVICES ON IREMBO LOW-CODE/NO-CODE PLATFORM- SEVEN (7) MID-LEVEL SOFTWARE ENGINEER-LOT 2,HIRING INDIVIDUAL CONSULTANTS TO ONBOARD PUBLIC SERVICES ON IREMBO LOW-CODE/NO-CODE PLATFORM- SEVEN (7) MID-LEVEL SOFTWARE ENGINEER-LOT 2,active,3000000,RWF,allowed
0.releases.3032.tender.lots.0,0.releases.3032,0,1,Tender for maintenance and repair vehicles of Munini Hospital,Tender for maintenance and repair vehicles of Munini Hospital,active,15126272,RWF,allowed
0.releases.3032.tender.lots.1,0.releases.3032,0,1,Tender for maintenance and repair vehicles of Munini Hospital,Tender for maintenance and repair vehicles of Munini Hospital,active,15126272,RWF,allowed
0.releases.3033.tender.lots.0,0.releases.3033,0,1,HIRING INDIVIDUAL CONSULTANTS TO ONBOARD PUBLIC SERVICES ON IREMBO LOW-CODE/NO-CODE PLATFORM- SEVEN (7) MID-LEVEL SOFTWARE ENGINEER-LOT 3,HIRING INDIVIDUAL CONSULTANTS TO ONBOARD PUBLIC SERVICES ON IREMBO LOW-CODE/NO-CODE PLATFORM- SEVEN (7) MID-LEVEL SOFTWARE ENGINEER-LOT 3,active,3000000,RWF,allowed
0.releases.3033.tender.lots.1,0.releases.3033,0,1,HIRING INDIVIDUAL CONSULTANTS TO ONBOARD PUBLIC SERVICES ON IREMBO LOW-CODE/NO-CODE PLATFORM- SEVEN (7) MID-LEVEL SOFTWARE ENGINEER-LOT 3,HIRING INDIVIDUAL CONSULTANTS TO ONBOARD PUBLIC SERVICES ON IREMBO LOW-CODE/NO-CODE PLATFORM- SEVEN (7) MID-LEVEL SOFTWARE ENGINEER-LOT 3,active,3000000,RWF,allowed
0.releases.3034.tender.lots.0,0.releases.3034,0,1,Provision of Broadcasting services,Provision of Broadcasting services,active,20557863,RWF,allowed
0.releases.3035.tender.lots.0,0.releases.3035,0,1,HIRING INDIVIDUAL CONSULTANTS TO ONBOARD PUBLIC SERVICES ON IREMBO LOW-CODE/NO-CODE PLATFORM- SEVEN (7) MID-LEVEL SOFTWARE ENGINEER-LOT 4,HIRING INDIVIDUAL CONSULTANTS TO ONBOARD PUBLIC SERVICES ON IREMBO LOW-CODE/NO-CODE PLATFORM- SEVEN (7) MID-LEVEL SOFTWARE ENGINEER-LOT 4,active,3000000,RWF,allowed
0.releases.3035.tender.lots.1,0.releases.3035,0,1,HIRING INDIVIDUAL CONSULTANTS TO ONBOARD PUBLIC SERVICES ON IREMBO LOW-CODE/NO-CODE PLATFORM- SEVEN (7) MID-LEVEL SOFTWARE ENGINEER-LOT 4,HIRING INDIVIDUAL CONSULTANTS TO ONBOARD PUBLIC SERVICES ON IREMBO LOW-CODE/NO-CODE PLATFORM- SEVEN (7) MID-LEVEL SOFTWARE ENGINEER-LOT 4,active,3000000,RWF,allowed
0.releases.3036.tender.lots.0,0.releases.3036,0,1,Supply of digital cameras and related accessories,,active,13609910,RWF,allowed
0.releases.3038.tender.lots.0,0.releases.3038,0,1,HIRING INDIVIDUAL CONSULTANTS TO ONBOARD PUBLIC SERVICES ON IREMBO LOW-CODE/NO-CODE PLATFORM- SEVEN (7) MID-LEVEL SOFTWARE ENGINEER-LOT 5,HIRING INDIVIDUAL CONSULTANTS TO ONBOARD PUBLIC SERVICES ON IREMBO LOW-CODE/NO-CODE PLATFORM- SEVEN (7) MID-LEVEL SOFTWARE ENGINEER-LOT 5,active,3000000,RWF,allowed
0.releases.3038.tender.lots.1,0.releases.3038,0,1,HIRING INDIVIDUAL CONSULTANTS TO ONBOARD PUBLIC SERVICES ON IREMBO LOW-CODE/NO-CODE PLATFORM- SEVEN (7) MID-LEVEL SOFTWARE ENGINEER-LOT 5,HIRING INDIVIDUAL CONSULTANTS TO ONBOARD PUBLIC SERVICES ON IREMBO LOW-CODE/NO-CODE PLATFORM- SEVEN (7) MID-LEVEL SOFTWARE ENGINEER-LOT 5,active,3000000,RWF,allowed
0.releases.3039.tender.lots.0,0.releases.3039,0,1,HIRING INDIVIDUAL CONSULTANTS TO ONBOARD PUBLIC SERVICES ON IREMBO LOW-CODE/NO-CODE PLATFORM- SEVEN (7) MID-LEVEL SOFTWARE ENGINEER-LOT 6,HIRING INDIVIDUAL CONSULTANTS TO ONBOARD PUBLIC SERVICES ON IREMBO LOW-CODE/NO-CODE PLATFORM- SEVEN (7) MID-LEVEL SOFTWARE ENGINEER-LOT 6,active,3000000,RWF,allowed
0.releases.3039.tender.lots.1,0.releases.3039,0,1,HIRING INDIVIDUAL CONSULTANTS TO ONBOARD PUBLIC SERVICES ON IREMBO LOW-CODE/NO-CODE PLATFORM- SEVEN (7) MID-LEVEL SOFTWARE ENGINEER-LOT 6,HIRING INDIVIDUAL CONSULTANTS TO ONBOARD PUBLIC SERVICES ON IREMBO LOW-CODE/NO-CODE PLATFORM- SEVEN (7) MID-LEVEL SOFTWARE ENGINEER-LOT 6,active,3000000,RWF,allowed
0.releases.3040.tender.lots.0,0.releases.3040,0,1,HIRING INDIVIDUAL CONSULTANTS TO ONBOARD PUBLIC SERVICES ON IREMBO LOW-CODE/NO-CODE PLATFORM- SEVEN (7) MID-LEVEL SOFTWARE ENGINEER-LOT 7,HIRING INDIVIDUAL CONSULTANTS TO ONBOARD PUBLIC SERVICES ON IREMBO LOW-CODE/NO-CODE PLATFORM- SEVEN (7) MID-LEVEL SOFTWARE ENGINEER-LOT 7,active,3000000,RWF,allowed
0.releases.3040.tender.lots.1,0.releases.3040,0,1,HIRING INDIVIDUAL CONSULTANTS TO ONBOARD PUBLIC SERVICES ON IREMBO LOW-CODE/NO-CODE PLATFORM- SEVEN (7) MID-LEVEL SOFTWARE ENGINEER-LOT 7,HIRING INDIVIDUAL CONSULTANTS TO ONBOARD PUBLIC SERVICES ON IREMBO LOW-CODE/NO-CODE PLATFORM- SEVEN (7) MID-LEVEL SOFTWARE ENGINEER-LOT 7,active,3000000,RWF,allowed
0.releases.3042.tender.lots.0,0.releases.3042,0,1,Construction of Nyamata Health Center,BUILDINGS,active,2956354222,RWF,allowed
0.releases.3043.tender.lots.0,0.releases.3043,0,1,Tender for hiring a Consulting  Firm to audit disposition funds for the ICT facility project,Tender for hiring a Consulting  Firm to audit disposition funds for the ICT facility project,active,14000000,RWF,allowed
0.releases.3043.tender.lots.1,0.releases.3043,0,1,Tender for hiring a Consulting  Firm to audit disposition funds for the ICT facility project,Tender for hiring a Consulting  Firm to audit disposition funds for the ICT facility project,active,14000000,RWF,allowed
0.releases.3043.tender.lots.2,0.releases.3043,0,1,Tender for hiring a Consulting  Firm to audit disposition funds for the ICT facility project,Tender for hiring a Consulting  Firm to audit disposition funds for the ICT facility project,active,14000000,RWF,allowed
0.releases.3044.tender.lots.0,0.releases.3044,0,1,Provision of insurance of RHA assets and stock(Re-advert),Non consultancy,active,25000000,RWF,allowed
0.releases.3047.tender.lots.0,0.releases.3047,0,1,LotNo1,,active,,,allowed
0.releases.3047.tender.lots.1,0.releases.3047,0,1,Consultancy service for designing PFMUs and corresponding SFMPs,Consultancy service for designing PFMUs and corresponding SFMPs,active,182076900,RWF,allowed
0.releases.3048.tender.lots.0,0.releases.3048,0,1,LotNo1,,active,,,allowed
0.releases.3048.tender.lots.1,0.releases.3048,0,1,Consultancy service for designing PFMUs and corresponding SFMPs,Consultancy service for designing PFMUs and corresponding SFMPs,active,182076900,RWF,allowed
0.releases.3051.tender.lots.0,0.releases.3051,0,1,Hiring a company for to do the cleaning services with RDB(upcountry) and its other offices,Hiring a company for to do the cleaning services with RDB(upcountry) and its other offices,active,215000000,RWF,allowed
0.releases.3052.tender.lots.0,0.releases.3052,0,1,Supply of electricity for RDRC Head office and its centers,,active,25764362,RWF,allowed
0.releases.3056.tender.lots.0,0.releases.3056,0,1,Sports and recreational facilities and services ,Sports and recreational facilities and services ,active,26000000,RWF,allowed
0.releases.3056.tender.lots.1,0.releases.3056,0,2,Renting playgrounds to RWANDA FDA,Renting playgrounds to RWANDA FDA,active,10000000,RWF,allowed
0.releases.3058.tender.lots.0,0.releases.3058,0,1,Provision of transport services with in Kigali,Provision of transport services with in Kigali,active,18000000,RWF,allowed
0.releases.3059.tender.lots.0,0.releases.3059,0,1,Provision of transport services with in Kigali,Provision of transport services with in Kigali,active,18000000,RWF,allowed
0.releases.3062.tender.lots.0,0.releases.3062,0,1,Supply personal protective equipments PPEs at new classrooms construction under PPD Basket Fund,,active,14322000,RWF,allowed
0.releases.3064.tender.lots.0,0.releases.3064,0,1,Tender for managing the District cattle slaughterhouse,Tender for managing the District cattle slaughterhouse,active,1,RWF,allowed
0.releases.3066.tender.lots.0,0.releases.3066,0,1,Supply of Fuel for MININTER Operation Vehicles ,,active,13000000,RWF,allowed
0.releases.3067.tender.lots.0,0.releases.3067,0,1,Tender for acquisition of a TV stand  with a designed setting place and its installation in the office of Hon.Minister,,active,5000000,RWF,allowed
0.releases.3071.tender.lots.0,0.releases.3071,0,1,Tender for supply of fuel at Kaduha Hospital,,active,65004000,RWF,allowed
0.releases.3073.tender.lots.0,0.releases.3073,0,1,Supply of colored printer,,active,130000000,RWF,allowed
0.releases.3076.tender.lots.0,0.releases.3076,0,1,Annual framework tender for maintenance and repair of district vehicles and motorcycles ( garage services),Annual framework tender for maintenance and repair of district vehicles and motorcycles ( garage services),active,16800000,RWF,allowed
0.releases.3077.tender.lots.0,0.releases.3077,0,1,LOT1: Virtual Infrastructure Licenses,,active,250000000,RWF,allowed
0.releases.3077.tender.lots.1,0.releases.3077,0,2,LOT 2:1Cyber and Network Security Licenses ,,active,250000000,RWF,allowed
0.releases.3077.tender.lots.2,0.releases.3077,0,3,Lot 3: Operational Support licenses ,,active,300000000,RWF,allowed
0.releases.3077.tender.lots.3,0.releases.3077,0,4,Lot 4: Network/ Firewall devices licenses ,,active,300000000,RWF,allowed
0.releases.3077.tender.lots.4,0.releases.3077,0,5,Lot 5: Software analytics and performance monitoring license (real-time insights into application performance.)    ,,active,200000000,RWF,allowed
0.releases.3077.tender.lots.5,0.releases.3077,0,6,"Lot 6: Software, automation tool for configuration management, application deployment, Patching tool, and task automation ",,active,200000000,RWF,allowed
0.releases.3078.tender.lots.0,0.releases.3078,0,1,LOT1: Virtual Infrastructure Licenses,,active,250000000,RWF,allowed
0.releases.3078.tender.lots.1,0.releases.3078,0,2,LOT 2:1Cyber and Network Security Licenses ,,active,250000000,RWF,allowed
0.releases.3078.tender.lots.2,0.releases.3078,0,3,Lot 3: Operational Support licenses ,,active,300000000,RWF,allowed
0.releases.3078.tender.lots.3,0.releases.3078,0,4,Lot 4: Network/ Firewall devices licenses ,,active,300000000,RWF,allowed
0.releases.3078.tender.lots.4,0.releases.3078,0,5,Lot 5: Software analytics and performance monitoring license (real-time insights into application performance.)    ,,active,200000000,RWF,allowed
0.releases.3078.tender.lots.5,0.releases.3078,0,6,"Lot 6: Software, automation tool for configuration management, application deployment, Patching tool, and task automation ",,active,200000000,RWF,allowed
0.releases.3079.tender.lots.0,0.releases.3079,0,1,LOT1: Virtual Infrastructure Licenses,,active,250000000,RWF,allowed
0.releases.3079.tender.lots.1,0.releases.3079,0,2,LOT 2:1Cyber and Network Security Licenses ,,active,250000000,RWF,allowed
0.releases.3079.tender.lots.2,0.releases.3079,0,3,Lot 3: Operational Support licenses ,,active,300000000,RWF,allowed
0.releases.3079.tender.lots.3,0.releases.3079,0,4,Lot 4: Network/ Firewall devices licenses ,,active,300000000,RWF,allowed
0.releases.3079.tender.lots.4,0.releases.3079,0,5,Lot 5: Software analytics and performance monitoring license (real-time insights into application performance.)    ,,active,200000000,RWF,allowed
0.releases.3079.tender.lots.5,0.releases.3079,0,6,"Lot 6: Software, automation tool for configuration management, application deployment, Patching tool, and task automation ",,active,200000000,RWF,allowed
0.releases.3080.tender.lots.0,0.releases.3080,0,1,Supply of IT equipment under VCRP (Re advertisement),,active,18000000,RWF,allowed
0.releases.3081.tender.lots.0,0.releases.3081,0,1,Provision of Sports and recreational facilities and services, LOT1: SWIMMING POOL SERVICES,active,18000000,RWF,allowed
0.releases.3081.tender.lots.1,0.releases.3081,0,2,Provision of Sports and recreational facilities and services,LOT 2: Gym-tonic and Aerobic services,active,18000000,RWF,allowed
0.releases.3081.tender.lots.2,0.releases.3081,0,1,Provision of Sports and recreational facilities and services, LOT1: SWIMMING POOL SERVICES,active,18000000,RWF,allowed
0.releases.3081.tender.lots.3,0.releases.3081,0,2,Provision of Sports and recreational facilities and services,LOT 2: Gym-tonic and Aerobic services,active,18000000,RWF,allowed
0.releases.3082.tender.lots.0,0.releases.3082,0,1,Provision of Hotel Services to the Chamber of Deputies  Northen   Lot  1,Provision of Hotel Services to the Chamber of Deputies  Northen   Lot  1,active,61425050,RWF,allowed
0.releases.3082.tender.lots.1,0.releases.3082,0,2,Provision of Hotel Services to the Chamber of Deputies  Southern   Lot  2,Provision of Hotel Services to the Chamber of Deputies  Southern   Lot  2,active,61425050,RWF,allowed
0.releases.3082.tender.lots.2,0.releases.3082,0,3,Provision of Hotel Services to the Chamber of Deputies Eastern  lot   3,Provision of Hotel Services to the Chamber of Deputies Eastern  lot   3,active,61425050,RWF,allowed
0.releases.3082.tender.lots.3,0.releases.3082,0,4,     Provision of Hotel Services to the Chamber of Deputies Western (LOT 4)                                                                                    Western LOT 4,Provision of Hotel Services to the Chamber of Deputies ,active,61425050,RWF,allowed
0.releases.3083.tender.lots.0,0.releases.3083,0,1,Supply of Office Stationaries for NESA staff under Framework agreement,,active,167000000,RWF,allowed
0.releases.3084.tender.lots.0,0.releases.3084,0,1,"Rehabilitation of District residential house, former Nyamabuye Sector offices and Water supply network at District head Office",Rehabilitation,active,30000000,RWF,allowed
0.releases.3086.tender.lots.0,0.releases.3086,0,1,Maintenance of Bugesera District public lighting,Maintenance of Bugesera District public lighting,active,21578227,RWF,allowed
0.releases.3087.tender.lots.0,0.releases.3087,0,1,Provision of Hotel Services to the Chamber of Deputies  Northen   Lot  1,Provision of Hotel Services to the Chamber of Deputies  Northen   Lot  1,active,61425050,RWF,allowed
0.releases.3087.tender.lots.1,0.releases.3087,0,2,Provision of Hotel Services to the Chamber of Deputies  Southern   Lot  2,Provision of Hotel Services to the Chamber of Deputies  Southern   Lot  2,active,61425050,RWF,allowed
0.releases.3087.tender.lots.2,0.releases.3087,0,3,Provision of Hotel Services to the Chamber of Deputies Eastern  lot   3,Provision of Hotel Services to the Chamber of Deputies Eastern  lot   3,active,61425050,RWF,allowed
0.releases.3087.tender.lots.3,0.releases.3087,0,4,     Provision of Hotel Services to the Chamber of Deputies Western (LOT 4)                                                                                    Western LOT 4,Provision of Hotel Services to the Chamber of Deputies ,active,61425050,RWF,allowed
0.releases.3088.tender.lots.0,0.releases.3088,0,1,Supply of office furniture for RDRC Staff,,active,10000000,RWF,allowed
0.releases.3090.tender.lots.0,0.releases.3090,0,2,Construction of Nyagashanga cell in Karangazi Sector,Construction of Nyagashanga cell in Karangazi Sector,active,50000000,RWF,allowed
0.releases.3091.tender.lots.0,0.releases.3091,0,1,Tender for hiring a Consulting  Firm to audit disposition funds for the ICT facility project,Tender for hiring a Consulting  Firm to audit disposition funds for the ICT facility project,active,14000000,RWF,allowed
0.releases.3091.tender.lots.1,0.releases.3091,0,1,Tender for hiring a Consulting  Firm to audit disposition funds for the ICT facility project,Tender for hiring a Consulting  Firm to audit disposition funds for the ICT facility project,active,14000000,RWF,allowed
0.releases.3091.tender.lots.2,0.releases.3091,0,1,Tender for hiring a Consulting  Firm to audit disposition funds for the ICT facility project,Tender for hiring a Consulting  Firm to audit disposition funds for the ICT facility project,active,14000000,RWF,allowed
0.releases.3093.tender.lots.0,0.releases.3093,0,1,Hotel services of Two stars category in each District,Hotel service ,active,10000000,RWF,allowed
0.releases.3093.tender.lots.1,0.releases.3093,0,2,Hotel services of Three stars category in each District ,Hotel service ,active,10000000,RWF,allowed
0.releases.3093.tender.lots.2,0.releases.3093,0,3,Provision of lunch for MINAGRI Staff/ Hotel of minimum 2 stars Category  ,Provision lunch ,active,100000000,RWF,allowed
0.releases.3094.tender.lots.0,0.releases.3094,0,1,Supply of foods and materials for Munini transit center,,active,15000000,RWF,allowed
0.releases.3096.tender.lots.0,0.releases.3096,0,1,WASH kits,,active,31144000,RWF,allowed
0.releases.3096.tender.lots.1,0.releases.3096,0,2,Cloths,,active,5227500,RWF,allowed
0.releases.3096.tender.lots.2,0.releases.3096,0,3,School materials,,active,6860000,RWF,allowed
0.releases.3096.tender.lots.3,0.releases.3096,0,1,WASH kits,,active,31144000,RWF,allowed
0.releases.3096.tender.lots.4,0.releases.3096,0,2,Cloths,,active,5227500,RWF,allowed
0.releases.3096.tender.lots.5,0.releases.3096,0,3,School materials,,active,6860000,RWF,allowed
0.releases.3097.tender.lots.0,0.releases.3097,0,1,Rehabilitation and repair of damaged spots located on Rusizi– Buhinga - Tyazo Road,Rehabilitation and repair of damaged spots located on Rusizi– Buhinga - Tyazo Road,active,2922984375,RWF,allowed
0.releases.3098.tender.lots.0,0.releases.3098,0,1,Sport and Recreation for District and Sectors staff under framework agreement,Sport,active,12000000,RWF,allowed
0.releases.3098.tender.lots.1,0.releases.3098,0,1,Sport and Recreation for District and Sectors staff under framework agreement,Sport,active,12000000,RWF,allowed
0.releases.3099.tender.lots.0,0.releases.3099,0,1,Supply of stationery and computer consumables,,active,2000000,RWF,allowed
0.releases.3100.tender.lots.0,0.releases.3100,0,1,"Provision of hotel services (hiring of conference halls, workshops, trainings, accommodations, restaurants and receptions outside of Kigali (framework contract)","Provision of hotel services (hiring of conference halls, workshops, trainings, accommodations, restaurants and receptions outside of Kigali (framework contract)",active,18000000,RWF,allowed
0.releases.3100.tender.lots.1,0.releases.3100,0,1,"Provision of hotel services (hiring of conference halls, workshops, trainings, accommodations, restaurants and receptions outside of Kigali (framework contract)","Provision of hotel services (hiring of conference halls, workshops, trainings, accommodations, restaurants and receptions outside of Kigali (framework contract)",active,18000000,RWF,allowed
0.releases.3101.tender.lots.0,0.releases.3101,0,1,"Provision of cleaning, dry cleaning and fumigation services under framework contract",,active,21600000,RWF,allowed
0.releases.3102.tender.lots.0,0.releases.3102,0,1,"Provision of cleaning, dry cleaning and fumigation services under framework contract",,active,21600000,RWF,allowed
0.releases.3103.tender.lots.0,0.releases.3103,0,1,Lot 1: Supply and installation of office chairs,,active,92039366,RWF,allowed
0.releases.3103.tender.lots.1,0.releases.3103,0,2,Lot 2: Supply and installation of office table,,active,111106656,RWF,allowed
0.releases.3103.tender.lots.2,0.releases.3103,0,1,Lot 1: Supply and installation of office chairs,,active,92039366,RWF,allowed
0.releases.3103.tender.lots.3,0.releases.3103,0,2,Lot 2: Supply and installation of office table,,active,111106656,RWF,allowed
0.releases.3104.tender.lots.0,0.releases.3104,0,1,PROVISION OF DIFFERENT SERVICES FOR RIB EVENTS,PROVISION OF SOUND SYSTEM SERVICES ,active,9000000,RWF,allowed
0.releases.3104.tender.lots.1,0.releases.3104,0,2,PROVISION OF DIFFERENT SERVICES FOR RIB EVENTS,RENTAL OF TV SCREENS ,active,6000000,RWF,allowed
0.releases.3105.tender.lots.0,0.releases.3105,0,1,Acquisition of sports equipment,,active,45853050,RWF,allowed
0.releases.3105.tender.lots.1,0.releases.3105,0,1,Acquisition of sports equipment,,active,45853050,RWF,allowed
0.releases.3106.tender.lots.0,0.releases.3106,0,1,Framework tender for USSD and SMS service provision,Framework tender for USSD and SMS service provision,active,15000000,RWF,allowed
0.releases.3107.tender.lots.0,0.releases.3107,0,1,"Annual framework tender for maintenance and assembly service of office equipments,chairs,table for Huye District","Annual framework tender for maintenance and assembly service of office equipments,chairs,table for Huye District",active,20000000,RWF,allowed
0.releases.3107.tender.lots.1,0.releases.3107,0,1,"Annual framework tender for maintenance and assembly service of office equipments,chairs,table for Huye District","Annual framework tender for maintenance and assembly service of office equipments,chairs,table for Huye District",active,20000000,RWF,allowed
0.releases.3108.tender.lots.0,0.releases.3108,0,1,Detailed study update and subsequent supervision for construction works of Rubengera Meteo Weather Station,Detailed study update and subsequent supervision for construction works of Rubengera Meteo Weather Station,active,12400000,RWF,allowed
0.releases.3108.tender.lots.1,0.releases.3108,0,1,Detailed study update and subsequent supervision for construction works of Rubengera Meteo Weather Station,Detailed study update and subsequent supervision for construction works of Rubengera Meteo Weather Station,active,12400000,RWF,allowed
0.releases.3108.tender.lots.2,0.releases.3108,0,1,Detailed study update and subsequent supervision for construction works of Rubengera Meteo Weather Station,Detailed study update and subsequent supervision for construction works of Rubengera Meteo Weather Station,active,12400000,RWF,allowed
0.releases.3108.tender.lots.3,0.releases.3108,0,1,Detailed study update and subsequent supervision for construction works of Rubengera Meteo Weather Station,Detailed study update and subsequent supervision for construction works of Rubengera Meteo Weather Station,active,12400000,RWF,allowed
0.releases.3109.tender.lots.0,0.releases.3109,0,1,"Supply of Specialized equipment in poultry, pig, and Rabbit",,active,150000000,RWF,allowed
0.releases.3110.tender.lots.0,0.releases.3110,0,1,Consultancy services for hiring VSM firms to conduct Live animals’ inspection at Kigali International Airport,"36,000,000",active,36000000,RWF,allowed
0.releases.3110.tender.lots.1,0.releases.3110,0,1,Consultancy services for hiring VSM firms to conduct Live animals’ inspection at Kigali International Airport,"36,000,000",active,36000000,RWF,allowed
0.releases.3111.tender.lots.0,0.releases.3111,0,1,Tender for Organizing Ceremonies,Tender for Organizing Ceremonies,active,1000000,RWF,allowed
0.releases.3113.tender.lots.0,0.releases.3113,0,1,Provision of Hotel Services to the Chamber of Deputies  Northen   Lot  1,Provision of Hotel Services to the Chamber of Deputies  Northen   Lot  1,active,61425050,RWF,allowed
0.releases.3113.tender.lots.1,0.releases.3113,0,2,Provision of Hotel Services to the Chamber of Deputies  Southern   Lot  2,Provision of Hotel Services to the Chamber of Deputies  Southern   Lot  2,active,61425050,RWF,allowed
0.releases.3113.tender.lots.2,0.releases.3113,0,3,Provision of Hotel Services to the Chamber of Deputies Eastern  lot   3,Provision of Hotel Services to the Chamber of Deputies Eastern  lot   3,active,61425050,RWF,allowed
0.releases.3113.tender.lots.3,0.releases.3113,0,4,     Provision of Hotel Services to the Chamber of Deputies Western (LOT 4)                                                                                    Western LOT 4,Provision of Hotel Services to the Chamber of Deputies ,active,61425050,RWF,allowed
0.releases.3114.tender.lots.0,0.releases.3114,0,1,Construction Works of Gicumbi METEO Weather Station,Works,active,436428876,RWF,allowed
0.releases.3115.tender.lots.0,0.releases.3115,0,1,Supply of productive assets for skills development ( toolkits),,active,57400000,RWF,allowed
0.releases.3117.tender.lots.0,0.releases.3117,0,1,"Annual supply and installation of office furnitures to RRA (Meeting, Discussion and Conference Furnitures) (Framework contract).  ",,active,500000000,RWF,allowed
0.releases.3118.tender.lots.0,0.releases.3118,0,1,Full feasibility study for rehabilitation works of Miyove Health Center in Gicumbi District,Full feasibility study for rehabilitation works of Miyove Health Center in Gicumbi District,active,10000000,RWF,allowed
0.releases.3119.tender.lots.0,0.releases.3119,0,1,Insurance of mobile dryers,Insurance of mobile dryers,active,18000000,RWF,allowed
0.releases.3120.tender.lots.0,0.releases.3120,0,1,LotNo1,,active,,,allowed
0.releases.3122.tender.lots.0,0.releases.3122,0,1,Annual framework of Consultancy Services for carrying out and provision of the Environmental and Social Impact Assessment (EIA) for Different Construction Projects,Annual framework of Consultancy Services for carrying out and provision of the Environmental and Social Impact Assessment (EIA) for Different Construction Projects,active,3000000,RWF,allowed
0.releases.3123.tender.lots.0,0.releases.3123,0,1,Annual framework of Consultancy Services for carrying out and provision of the Environmental and Social Impact Assessment (EIA) for Different Construction Projects,Annual framework of Consultancy Services for carrying out and provision of the Environmental and Social Impact Assessment (EIA) for Different Construction Projects,active,3000000,RWF,allowed
0.releases.3124.tender.lots.0,0.releases.3124,0,1,nnnn,nnnn,active,360000000,RWF,allowed
0.releases.3125.tender.lots.0,0.releases.3125,0,1,nnnn,nnnn,active,360000000,RWF,allowed
0.releases.3126.tender.lots.0,0.releases.3126,0,1,Provision of Hotel Services to the Chamber of Deputies  Northen   Lot  1,Provision of Hotel Services to the Chamber of Deputies  Northen   Lot  1,active,61425050,RWF,allowed
0.releases.3126.tender.lots.1,0.releases.3126,0,2,Provision of Hotel Services to the Chamber of Deputies  Southern   Lot  2,Provision of Hotel Services to the Chamber of Deputies  Southern   Lot  2,active,61425050,RWF,allowed
0.releases.3126.tender.lots.2,0.releases.3126,0,3,Provision of Hotel Services to the Chamber of Deputies Eastern  lot   3,Provision of Hotel Services to the Chamber of Deputies Eastern  lot   3,active,61425050,RWF,allowed
0.releases.3126.tender.lots.3,0.releases.3126,0,4,     Provision of Hotel Services to the Chamber of Deputies Western (LOT 4)                                                                                    Western LOT 4,Provision of Hotel Services to the Chamber of Deputies ,active,61425050,RWF,allowed
0.releases.3127.tender.lots.0,0.releases.3127,0,1,Annual framework of Consultancy Services for carrying out and provision of the Environmental and Social Impact Assessment (EIA) for Different Construction Projects,Annual framework of Consultancy Services for carrying out and provision of the Environmental and Social Impact Assessment (EIA) for Different Construction Projects,active,3000000,RWF,allowed
0.releases.3127.tender.lots.1,0.releases.3127,0,1,Annual framework of Consultancy Services for carrying out and provision of the Environmental and Social Impact Assessment (EIA) for Different Construction Projects,Annual framework of Consultancy Services for carrying out and provision of the Environmental and Social Impact Assessment (EIA) for Different Construction Projects,active,3000000,RWF,allowed
0.releases.3128.tender.lots.0,0.releases.3128,0,1,Supply of Office Stationaries for NESA staff under Framework agreement,,active,167000000,RWF,allowed
0.releases.3128.tender.lots.1,0.releases.3128,0,1,Supply of Office Stationaries for NESA staff under Framework agreement,,active,167000000,RWF,allowed
0.releases.3129.tender.lots.0,0.releases.3129,0,1,Supply and fix windows and doors in Classrooms with house furniture,,active,61657416,RWF,allowed
0.releases.3129.tender.lots.1,0.releases.3129,0,1,Supply and fix windows and doors in Classrooms with house furniture,,active,61657416,RWF,allowed
0.releases.3130.tender.lots.0,0.releases.3130,0,1,Provision of Hotel Services to the Chamber of Deputies  Northen   Lot  1,Provision of Hotel Services to the Chamber of Deputies  Northen   Lot  1,active,61425050,RWF,allowed
0.releases.3130.tender.lots.1,0.releases.3130,0,2,Provision of Hotel Services to the Chamber of Deputies  Southern   Lot  2,Provision of Hotel Services to the Chamber of Deputies  Southern   Lot  2,active,61425050,RWF,allowed
0.releases.3130.tender.lots.2,0.releases.3130,0,3,Provision of Hotel Services to the Chamber of Deputies Eastern  lot   3,Provision of Hotel Services to the Chamber of Deputies Eastern  lot   3,active,61425050,RWF,allowed
0.releases.3130.tender.lots.3,0.releases.3130,0,4,     Provision of Hotel Services to the Chamber of Deputies Western (LOT 4)                                                                                    Western LOT 4,Provision of Hotel Services to the Chamber of Deputies ,active,61425050,RWF,allowed
0.releases.3131.tender.lots.0,0.releases.3131,0,1,Provision of Hotel Services to the Chamber of Deputies  Northen   Lot  1,Provision of Hotel Services to the Chamber of Deputies  Northen   Lot  1,active,61425050,RWF,allowed
0.releases.3131.tender.lots.1,0.releases.3131,0,2,Provision of Hotel Services to the Chamber of Deputies  Southern   Lot  2,Provision of Hotel Services to the Chamber of Deputies  Southern   Lot  2,active,61425050,RWF,allowed
0.releases.3131.tender.lots.2,0.releases.3131,0,3,Provision of Hotel Services to the Chamber of Deputies Eastern  lot   3,Provision of Hotel Services to the Chamber of Deputies Eastern  lot   3,active,61425050,RWF,allowed
0.releases.3131.tender.lots.3,0.releases.3131,0,4,     Provision of Hotel Services to the Chamber of Deputies Western (LOT 4)                                                                                    Western LOT 4,Provision of Hotel Services to the Chamber of Deputies ,active,61425050,RWF,allowed
0.releases.3132.tender.lots.0,0.releases.3132,0,1,SUPPLY OF ICT EQUIPMENT,,active,19640000,RWF,allowed
0.releases.3132.tender.lots.1,0.releases.3132,0,1,SUPPLY OF ICT EQUIPMENT,,active,19640000,RWF,allowed
0.releases.3133.tender.lots.0,0.releases.3133,0,1,Supply of office furniture,,active,50000000,RWF,allowed
0.releases.3133.tender.lots.1,0.releases.3133,0,1,Supply of office furniture,,active,50000000,RWF,allowed
0.releases.3134.tender.lots.0,0.releases.3134,0,1,Production of graphic design and printing services and promotional materials ,Production of graphic design and printing services and promotional materials ,active,15000000,RWF,allowed
0.releases.3134.tender.lots.1,0.releases.3134,0,1,Production of graphic design and printing services and promotional materials ,Production of graphic design and printing services and promotional materials ,active,15000000,RWF,allowed
0.releases.3135.tender.lots.0,0.releases.3135,0,1,Provision of Veterinary Service through Veterinary Sanitary Mandate Animal Insemination and Vaccination Campaign,Sanitary Mandate,active,18000000,RWF,allowed
0.releases.3136.tender.lots.0,0.releases.3136,0,1,"Acquisition of spare parts for toilet, urinal, bathroom sink",,active,5000000,RWF,allowed
0.releases.3137.tender.lots.0,0.releases.3137,0,1,Provision of Hotel Services to the Chamber of Deputies  Northen   Lot  1,Provision of Hotel Services to the Chamber of Deputies  Northen   Lot  1,active,61425050,RWF,allowed
0.releases.3137.tender.lots.1,0.releases.3137,0,2,Provision of Hotel Services to the Chamber of Deputies  Southern   Lot  2,Provision of Hotel Services to the Chamber of Deputies  Southern   Lot  2,active,61425050,RWF,allowed
0.releases.3137.tender.lots.2,0.releases.3137,0,3,Provision of Hotel Services to the Chamber of Deputies Eastern  lot   3,Provision of Hotel Services to the Chamber of Deputies Eastern  lot   3,active,61425050,RWF,allowed
0.releases.3137.tender.lots.3,0.releases.3137,0,4,     Provision of Hotel Services to the Chamber of Deputies Western (LOT 4)                                                                                    Western LOT 4,Provision of Hotel Services to the Chamber of Deputies ,active,61425050,RWF,allowed
0.releases.3138.tender.lots.0,0.releases.3138,0,1,Provision of Hotel Services to the Chamber of Deputies  Northen   Lot  1,Provision of Hotel Services to the Chamber of Deputies  Northen   Lot  1,active,61425050,RWF,allowed
0.releases.3138.tender.lots.1,0.releases.3138,0,2,Provision of Hotel Services to the Chamber of Deputies  Southern   Lot  2,Provision of Hotel Services to the Chamber of Deputies  Southern   Lot  2,active,61425050,RWF,allowed
0.releases.3138.tender.lots.2,0.releases.3138,0,3,Provision of Hotel Services to the Chamber of Deputies Eastern  lot   3,Provision of Hotel Services to the Chamber of Deputies Eastern  lot   3,active,61425050,RWF,allowed
0.releases.3138.tender.lots.3,0.releases.3138,0,4,     Provision of Hotel Services to the Chamber of Deputies Western (LOT 4)                                                                                    Western LOT 4,Provision of Hotel Services to the Chamber of Deputies ,active,61425050,RWF,allowed
0.releases.3140.tender.lots.0,0.releases.3140,0,5,Radio Services,Lot 5: Radio Services,active,20000000,RWF,allowed
0.releases.3140.tender.lots.1,0.releases.3140,0,6,TV Services,Lot 6: TV Services,active,40000000,RWF,allowed
0.releases.3140.tender.lots.2,0.releases.3140,0,1,Print Production & Installation,Lot 1 Print Production & Installation,active,70000000,RWF,allowed
0.releases.3140.tender.lots.3,0.releases.3140,0,2,Outdoor advertisement on Digital LED billboards,Lot2: Outdoor advertisement on Digital LED billboards,active,50000000,RWF,allowed
0.releases.3140.tender.lots.4,0.releases.3140,0,3,Conference Setup ,Lot 3. Conference Setup ,active,52000000,RWF,allowed
0.releases.3140.tender.lots.5,0.releases.3140,0,4,Events Media Coverage,Lot 4:  Events Media Coverage,active,50000000,RWF,allowed
0.releases.3140.tender.lots.6,0.releases.3140,0,7,Online media & Interactive,Lot 7: Online media & Interactive,active,40000000,RWF,allowed
0.releases.3140.tender.lots.7,0.releases.3140,0,8,Production of TV and Radio Spot ,Lot 8: Production of TV and Radio Spot  ,active,10000000,RWF,allowed
0.releases.3140.tender.lots.8,0.releases.3140,0,9,Simultaneous Interpretation in the Executive Meetings,Lot 9: Simultaneous Interpretation in the Executive Meetings ,active,10000000,RWF,allowed
0.releases.3141.tender.lots.0,0.releases.3141,0,1,Supply of construction materials for Kidahwe cell in Nyamiyaga Sector,,active,36650380,RWF,allowed
0.releases.3143.tender.lots.0,0.releases.3143,0,1,"Supplying clean water on 139.959km in Mukamira ,Rurembo, Karago, Kintobo and Rugera sectors from Mutera source in Nyabihu District ( Phase II)","Supplying clean water on 139.959km in Mukamira ,Rurembo, Karago, Kintobo and Rugera sectors from Mutera source in Nyabihu District ( Phase II)",active,4510364045,RWF,allowed
0.releases.3144.tender.lots.0,0.releases.3144,0,1,"Provision of hotel services (hiring of conference halls, workshops, trainings, accommodations, restaurants and receptions outside of Kigali (framework contract)","Provision of hotel services (hiring of conference halls, workshops, trainings, accommodations, restaurants and receptions outside of Kigali (framework contract)",active,18000000,RWF,allowed
0.releases.3144.tender.lots.1,0.releases.3144,0,1,"Provision of hotel services (hiring of conference halls, workshops, trainings, accommodations, restaurants and receptions outside of Kigali (framework contract)","Provision of hotel services (hiring of conference halls, workshops, trainings, accommodations, restaurants and receptions outside of Kigali (framework contract)",active,18000000,RWF,allowed
0.releases.3145.tender.lots.0,0.releases.3145,0,1,New classification,,active,15362200,RWF,allowed
0.releases.3147.tender.lots.0,0.releases.3147,0,5,Radio Services,Lot 5: Radio Services,active,20000000,RWF,allowed
0.releases.3147.tender.lots.1,0.releases.3147,0,6,TV Services,Lot 6: TV Services,active,40000000,RWF,allowed
0.releases.3147.tender.lots.2,0.releases.3147,0,1,Print Production & Installation,Lot 1 Print Production & Installation,active,70000000,RWF,allowed
0.releases.3147.tender.lots.3,0.releases.3147,0,2,Outdoor advertisement on Digital LED billboards,Lot2: Outdoor advertisement on Digital LED billboards,active,50000000,RWF,allowed
0.releases.3147.tender.lots.4,0.releases.3147,0,3,Conference Setup ,Lot 3. Conference Setup ,active,52000000,RWF,allowed
0.releases.3147.tender.lots.5,0.releases.3147,0,4,Events Media Coverage,Lot 4:  Events Media Coverage,active,50000000,RWF,allowed
0.releases.3147.tender.lots.6,0.releases.3147,0,7,Online media & Interactive,Lot 7: Online media & Interactive,active,40000000,RWF,allowed
0.releases.3147.tender.lots.7,0.releases.3147,0,8,Production of TV and Radio Spot ,Lot 8: Production of TV and Radio Spot  ,active,10000000,RWF,allowed
0.releases.3147.tender.lots.8,0.releases.3147,0,9,Simultaneous Interpretation in the Executive Meetings,Lot 9: Simultaneous Interpretation in the Executive Meetings ,active,10000000,RWF,allowed
0.releases.3148.tender.lots.0,0.releases.3148,0,5,Radio Services,Lot 5: Radio Services,active,20000000,RWF,allowed
0.releases.3148.tender.lots.1,0.releases.3148,0,6,TV Services,Lot 6: TV Services,active,40000000,RWF,allowed
0.releases.3148.tender.lots.2,0.releases.3148,0,1,Print Production & Installation,Lot 1 Print Production & Installation,active,70000000,RWF,allowed
0.releases.3148.tender.lots.3,0.releases.3148,0,2,Outdoor advertisement on Digital LED billboards,Lot2: Outdoor advertisement on Digital LED billboards,active,50000000,RWF,allowed
0.releases.3148.tender.lots.4,0.releases.3148,0,3,Conference Setup ,Lot 3. Conference Setup ,active,52000000,RWF,allowed
0.releases.3148.tender.lots.5,0.releases.3148,0,4,Events Media Coverage,Lot 4:  Events Media Coverage,active,50000000,RWF,allowed
0.releases.3148.tender.lots.6,0.releases.3148,0,7,Online media & Interactive,Lot 7: Online media & Interactive,active,40000000,RWF,allowed
0.releases.3148.tender.lots.7,0.releases.3148,0,8,Production of TV and Radio Spot ,Lot 8: Production of TV and Radio Spot  ,active,10000000,RWF,allowed
0.releases.3148.tender.lots.8,0.releases.3148,0,9,Simultaneous Interpretation in the Executive Meetings,Lot 9: Simultaneous Interpretation in the Executive Meetings ,active,10000000,RWF,allowed
0.releases.3149.tender.lots.0,0.releases.3149,0,5,Radio Services,Lot 5: Radio Services,active,20000000,RWF,allowed
0.releases.3149.tender.lots.1,0.releases.3149,0,6,TV Services,Lot 6: TV Services,active,40000000,RWF,allowed
0.releases.3149.tender.lots.2,0.releases.3149,0,1,Print Production & Installation,Lot 1 Print Production & Installation,active,70000000,RWF,allowed
0.releases.3149.tender.lots.3,0.releases.3149,0,2,Outdoor advertisement on Digital LED billboards,Lot2: Outdoor advertisement on Digital LED billboards,active,50000000,RWF,allowed
0.releases.3149.tender.lots.4,0.releases.3149,0,3,Conference Setup ,Lot 3. Conference Setup ,active,52000000,RWF,allowed
0.releases.3149.tender.lots.5,0.releases.3149,0,4,Events Media Coverage,Lot 4:  Events Media Coverage,active,50000000,RWF,allowed
0.releases.3149.tender.lots.6,0.releases.3149,0,7,Online media & Interactive,Lot 7: Online media & Interactive,active,40000000,RWF,allowed
0.releases.3149.tender.lots.7,0.releases.3149,0,8,Production of TV and Radio Spot ,Lot 8: Production of TV and Radio Spot  ,active,10000000,RWF,allowed
0.releases.3149.tender.lots.8,0.releases.3149,0,9,Simultaneous Interpretation in the Executive Meetings,Lot 9: Simultaneous Interpretation in the Executive Meetings ,active,10000000,RWF,allowed
0.releases.3150.tender.lots.0,0.releases.3150,0,5,Radio Services,Lot 5: Radio Services,active,20000000,RWF,allowed
0.releases.3150.tender.lots.1,0.releases.3150,0,6,TV Services,Lot 6: TV Services,active,40000000,RWF,allowed
0.releases.3150.tender.lots.2,0.releases.3150,0,1,Print Production & Installation,Lot 1 Print Production & Installation,active,70000000,RWF,allowed
0.releases.3150.tender.lots.3,0.releases.3150,0,2,Outdoor advertisement on Digital LED billboards,Lot2: Outdoor advertisement on Digital LED billboards,active,50000000,RWF,allowed
0.releases.3150.tender.lots.4,0.releases.3150,0,3,Conference Setup ,Lot 3. Conference Setup ,active,52000000,RWF,allowed
0.releases.3150.tender.lots.5,0.releases.3150,0,4,Events Media Coverage,Lot 4:  Events Media Coverage,active,50000000,RWF,allowed
0.releases.3150.tender.lots.6,0.releases.3150,0,7,Online media & Interactive,Lot 7: Online media & Interactive,active,40000000,RWF,allowed
0.releases.3150.tender.lots.7,0.releases.3150,0,8,Production of TV and Radio Spot ,Lot 8: Production of TV and Radio Spot  ,active,10000000,RWF,allowed
0.releases.3150.tender.lots.8,0.releases.3150,0,9,Simultaneous Interpretation in the Executive Meetings,Lot 9: Simultaneous Interpretation in the Executive Meetings ,active,10000000,RWF,allowed
0.releases.3151.tender.lots.0,0.releases.3151,0,5,Radio Services,Lot 5: Radio Services,active,20000000,RWF,allowed
0.releases.3151.tender.lots.1,0.releases.3151,0,6,TV Services,Lot 6: TV Services,active,40000000,RWF,allowed
0.releases.3151.tender.lots.2,0.releases.3151,0,1,Print Production & Installation,Lot 1 Print Production & Installation,active,70000000,RWF,allowed
0.releases.3151.tender.lots.3,0.releases.3151,0,2,Outdoor advertisement on Digital LED billboards,Lot2: Outdoor advertisement on Digital LED billboards,active,50000000,RWF,allowed
0.releases.3151.tender.lots.4,0.releases.3151,0,3,Conference Setup ,Lot 3. Conference Setup ,active,52000000,RWF,allowed
0.releases.3151.tender.lots.5,0.releases.3151,0,4,Events Media Coverage,Lot 4:  Events Media Coverage,active,50000000,RWF,allowed
0.releases.3151.tender.lots.6,0.releases.3151,0,7,Online media & Interactive,Lot 7: Online media & Interactive,active,40000000,RWF,allowed
0.releases.3151.tender.lots.7,0.releases.3151,0,8,Production of TV and Radio Spot ,Lot 8: Production of TV and Radio Spot  ,active,10000000,RWF,allowed
0.releases.3151.tender.lots.8,0.releases.3151,0,9,Simultaneous Interpretation in the Executive Meetings,Lot 9: Simultaneous Interpretation in the Executive Meetings ,active,10000000,RWF,allowed
0.releases.3152.tender.lots.0,0.releases.3152,0,5,Radio Services,Lot 5: Radio Services,active,20000000,RWF,allowed
0.releases.3152.tender.lots.1,0.releases.3152,0,6,TV Services,Lot 6: TV Services,active,40000000,RWF,allowed
0.releases.3152.tender.lots.2,0.releases.3152,0,1,Print Production & Installation,Lot 1 Print Production & Installation,active,70000000,RWF,allowed
0.releases.3152.tender.lots.3,0.releases.3152,0,2,Outdoor advertisement on Digital LED billboards,Lot2: Outdoor advertisement on Digital LED billboards,active,50000000,RWF,allowed
0.releases.3152.tender.lots.4,0.releases.3152,0,3,Conference Setup ,Lot 3. Conference Setup ,active,52000000,RWF,allowed
0.releases.3152.tender.lots.5,0.releases.3152,0,4,Events Media Coverage,Lot 4:  Events Media Coverage,active,50000000,RWF,allowed
0.releases.3152.tender.lots.6,0.releases.3152,0,7,Online media & Interactive,Lot 7: Online media & Interactive,active,40000000,RWF,allowed
0.releases.3152.tender.lots.7,0.releases.3152,0,8,Production of TV and Radio Spot ,Lot 8: Production of TV and Radio Spot  ,active,10000000,RWF,allowed
0.releases.3152.tender.lots.8,0.releases.3152,0,9,Simultaneous Interpretation in the Executive Meetings,Lot 9: Simultaneous Interpretation in the Executive Meetings ,active,10000000,RWF,allowed
0.releases.3153.tender.lots.0,0.releases.3153,0,5,Radio Services,Lot 5: Radio Services,active,20000000,RWF,allowed
0.releases.3153.tender.lots.1,0.releases.3153,0,6,TV Services,Lot 6: TV Services,active,40000000,RWF,allowed
0.releases.3153.tender.lots.2,0.releases.3153,0,1,Print Production & Installation,Lot 1 Print Production & Installation,active,70000000,RWF,allowed
0.releases.3153.tender.lots.3,0.releases.3153,0,2,Outdoor advertisement on Digital LED billboards,Lot2: Outdoor advertisement on Digital LED billboards,active,50000000,RWF,allowed
0.releases.3153.tender.lots.4,0.releases.3153,0,3,Conference Setup ,Lot 3. Conference Setup ,active,52000000,RWF,allowed
0.releases.3153.tender.lots.5,0.releases.3153,0,4,Events Media Coverage,Lot 4:  Events Media Coverage,active,50000000,RWF,allowed
0.releases.3153.tender.lots.6,0.releases.3153,0,7,Online media & Interactive,Lot 7: Online media & Interactive,active,40000000,RWF,allowed
0.releases.3153.tender.lots.7,0.releases.3153,0,8,Production of TV and Radio Spot ,Lot 8: Production of TV and Radio Spot  ,active,10000000,RWF,allowed
0.releases.3153.tender.lots.8,0.releases.3153,0,9,Simultaneous Interpretation in the Executive Meetings,Lot 9: Simultaneous Interpretation in the Executive Meetings ,active,10000000,RWF,allowed
0.releases.3154.tender.lots.0,0.releases.3154,0,1,Annual framework tender for provision of insurance of Huye district vehicles and motorcycles,Annual framework tender for provision of insurance of Huye district vehicles and motorcycles,active,7000000,RWF,allowed
0.releases.3154.tender.lots.1,0.releases.3154,0,1,Annual framework tender for provision of insurance of Huye district vehicles and motorcycles,Annual framework tender for provision of insurance of Huye district vehicles and motorcycles,active,7000000,RWF,allowed
0.releases.3155.tender.lots.0,0.releases.3155,0,5,Radio Services,Lot 5: Radio Services,active,20000000,RWF,allowed
0.releases.3155.tender.lots.1,0.releases.3155,0,6,TV Services,Lot 6: TV Services,active,40000000,RWF,allowed
0.releases.3155.tender.lots.2,0.releases.3155,0,1,Print Production & Installation,Lot 1 Print Production & Installation,active,70000000,RWF,allowed
0.releases.3155.tender.lots.3,0.releases.3155,0,2,Outdoor advertisement on Digital LED billboards,Lot2: Outdoor advertisement on Digital LED billboards,active,50000000,RWF,allowed
0.releases.3155.tender.lots.4,0.releases.3155,0,3,Conference Setup ,Lot 3. Conference Setup ,active,52000000,RWF,allowed
0.releases.3155.tender.lots.5,0.releases.3155,0,4,Events Media Coverage,Lot 4:  Events Media Coverage,active,50000000,RWF,allowed
0.releases.3155.tender.lots.6,0.releases.3155,0,7,Online media & Interactive,Lot 7: Online media & Interactive,active,40000000,RWF,allowed
0.releases.3155.tender.lots.7,0.releases.3155,0,8,Production of TV and Radio Spot ,Lot 8: Production of TV and Radio Spot  ,active,10000000,RWF,allowed
0.releases.3155.tender.lots.8,0.releases.3155,0,9,Simultaneous Interpretation in the Executive Meetings,Lot 9: Simultaneous Interpretation in the Executive Meetings ,active,10000000,RWF,allowed
0.releases.3156.tender.lots.0,0.releases.3156,0,5,Radio Services,Lot 5: Radio Services,active,20000000,RWF,allowed
0.releases.3156.tender.lots.1,0.releases.3156,0,6,TV Services,Lot 6: TV Services,active,40000000,RWF,allowed
0.releases.3156.tender.lots.2,0.releases.3156,0,1,Print Production & Installation,Lot 1 Print Production & Installation,active,70000000,RWF,allowed
0.releases.3156.tender.lots.3,0.releases.3156,0,2,Outdoor advertisement on Digital LED billboards,Lot2: Outdoor advertisement on Digital LED billboards,active,50000000,RWF,allowed
0.releases.3156.tender.lots.4,0.releases.3156,0,3,Conference Setup ,Lot 3. Conference Setup ,active,52000000,RWF,allowed
0.releases.3156.tender.lots.5,0.releases.3156,0,4,Events Media Coverage,Lot 4:  Events Media Coverage,active,50000000,RWF,allowed
0.releases.3156.tender.lots.6,0.releases.3156,0,7,Online media & Interactive,Lot 7: Online media & Interactive,active,40000000,RWF,allowed
0.releases.3156.tender.lots.7,0.releases.3156,0,8,Production of TV and Radio Spot ,Lot 8: Production of TV and Radio Spot  ,active,10000000,RWF,allowed
0.releases.3156.tender.lots.8,0.releases.3156,0,9,Simultaneous Interpretation in the Executive Meetings,Lot 9: Simultaneous Interpretation in the Executive Meetings ,active,10000000,RWF,allowed
0.releases.3157.tender.lots.0,0.releases.3157,0,5,Radio Services,Lot 5: Radio Services,active,20000000,RWF,allowed
0.releases.3157.tender.lots.1,0.releases.3157,0,6,TV Services,Lot 6: TV Services,active,40000000,RWF,allowed
0.releases.3157.tender.lots.2,0.releases.3157,0,1,Print Production & Installation,Lot 1 Print Production & Installation,active,70000000,RWF,allowed
0.releases.3157.tender.lots.3,0.releases.3157,0,2,Outdoor advertisement on Digital LED billboards,Lot2: Outdoor advertisement on Digital LED billboards,active,50000000,RWF,allowed
0.releases.3157.tender.lots.4,0.releases.3157,0,3,Conference Setup ,Lot 3. Conference Setup ,active,52000000,RWF,allowed
0.releases.3157.tender.lots.5,0.releases.3157,0,4,Events Media Coverage,Lot 4:  Events Media Coverage,active,50000000,RWF,allowed
0.releases.3157.tender.lots.6,0.releases.3157,0,7,Online media & Interactive,Lot 7: Online media & Interactive,active,40000000,RWF,allowed
0.releases.3157.tender.lots.7,0.releases.3157,0,8,Production of TV and Radio Spot ,Lot 8: Production of TV and Radio Spot  ,active,10000000,RWF,allowed
0.releases.3157.tender.lots.8,0.releases.3157,0,9,Simultaneous Interpretation in the Executive Meetings,Lot 9: Simultaneous Interpretation in the Executive Meetings ,active,10000000,RWF,allowed
0.releases.3158.tender.lots.0,0.releases.3158,0,5,Radio Services,Lot 5: Radio Services,active,20000000,RWF,allowed
0.releases.3158.tender.lots.1,0.releases.3158,0,6,TV Services,Lot 6: TV Services,active,40000000,RWF,allowed
0.releases.3158.tender.lots.2,0.releases.3158,0,1,Print Production & Installation,Lot 1 Print Production & Installation,active,70000000,RWF,allowed
0.releases.3158.tender.lots.3,0.releases.3158,0,2,Outdoor advertisement on Digital LED billboards,Lot2: Outdoor advertisement on Digital LED billboards,active,50000000,RWF,allowed
0.releases.3158.tender.lots.4,0.releases.3158,0,3,Conference Setup ,Lot 3. Conference Setup ,active,52000000,RWF,allowed
0.releases.3158.tender.lots.5,0.releases.3158,0,4,Events Media Coverage,Lot 4:  Events Media Coverage,active,50000000,RWF,allowed
0.releases.3158.tender.lots.6,0.releases.3158,0,7,Online media & Interactive,Lot 7: Online media & Interactive,active,40000000,RWF,allowed
0.releases.3158.tender.lots.7,0.releases.3158,0,8,Production of TV and Radio Spot ,Lot 8: Production of TV and Radio Spot  ,active,10000000,RWF,allowed
0.releases.3158.tender.lots.8,0.releases.3158,0,9,Simultaneous Interpretation in the Executive Meetings,Lot 9: Simultaneous Interpretation in the Executive Meetings ,active,10000000,RWF,allowed
0.releases.3159.tender.lots.0,0.releases.3159,0,5,Radio Services,Lot 5: Radio Services,active,20000000,RWF,allowed
0.releases.3159.tender.lots.1,0.releases.3159,0,6,TV Services,Lot 6: TV Services,active,40000000,RWF,allowed
0.releases.3159.tender.lots.2,0.releases.3159,0,1,Print Production & Installation,Lot 1 Print Production & Installation,active,70000000,RWF,allowed
0.releases.3159.tender.lots.3,0.releases.3159,0,2,Outdoor advertisement on Digital LED billboards,Lot2: Outdoor advertisement on Digital LED billboards,active,50000000,RWF,allowed
0.releases.3159.tender.lots.4,0.releases.3159,0,3,Conference Setup ,Lot 3. Conference Setup ,active,52000000,RWF,allowed
0.releases.3159.tender.lots.5,0.releases.3159,0,4,Events Media Coverage,Lot 4:  Events Media Coverage,active,50000000,RWF,allowed
0.releases.3159.tender.lots.6,0.releases.3159,0,7,Online media & Interactive,Lot 7: Online media & Interactive,active,40000000,RWF,allowed
0.releases.3159.tender.lots.7,0.releases.3159,0,8,Production of TV and Radio Spot ,Lot 8: Production of TV and Radio Spot  ,active,10000000,RWF,allowed
0.releases.3159.tender.lots.8,0.releases.3159,0,9,Simultaneous Interpretation in the Executive Meetings,Lot 9: Simultaneous Interpretation in the Executive Meetings ,active,10000000,RWF,allowed
0.releases.3160.tender.lots.0,0.releases.3160,0,5,Radio Services,Lot 5: Radio Services,active,20000000,RWF,allowed
0.releases.3160.tender.lots.1,0.releases.3160,0,6,TV Services,Lot 6: TV Services,active,40000000,RWF,allowed
0.releases.3160.tender.lots.2,0.releases.3160,0,1,Print Production & Installation,Lot 1 Print Production & Installation,active,70000000,RWF,allowed
0.releases.3160.tender.lots.3,0.releases.3160,0,2,Outdoor advertisement on Digital LED billboards,Lot2: Outdoor advertisement on Digital LED billboards,active,50000000,RWF,allowed
0.releases.3160.tender.lots.4,0.releases.3160,0,3,Conference Setup ,Lot 3. Conference Setup ,active,52000000,RWF,allowed
0.releases.3160.tender.lots.5,0.releases.3160,0,4,Events Media Coverage,Lot 4:  Events Media Coverage,active,50000000,RWF,allowed
0.releases.3160.tender.lots.6,0.releases.3160,0,7,Online media & Interactive,Lot 7: Online media & Interactive,active,40000000,RWF,allowed
0.releases.3160.tender.lots.7,0.releases.3160,0,8,Production of TV and Radio Spot ,Lot 8: Production of TV and Radio Spot  ,active,10000000,RWF,allowed
0.releases.3160.tender.lots.8,0.releases.3160,0,9,Simultaneous Interpretation in the Executive Meetings,Lot 9: Simultaneous Interpretation in the Executive Meetings ,active,10000000,RWF,allowed
0.releases.3161.tender.lots.0,0.releases.3161,0,5,Radio Services,Lot 5: Radio Services,active,20000000,RWF,allowed
0.releases.3161.tender.lots.1,0.releases.3161,0,6,TV Services,Lot 6: TV Services,active,40000000,RWF,allowed
0.releases.3161.tender.lots.2,0.releases.3161,0,1,Print Production & Installation,Lot 1 Print Production & Installation,active,70000000,RWF,allowed
0.releases.3161.tender.lots.3,0.releases.3161,0,2,Outdoor advertisement on Digital LED billboards,Lot2: Outdoor advertisement on Digital LED billboards,active,50000000,RWF,allowed
0.releases.3161.tender.lots.4,0.releases.3161,0,3,Conference Setup ,Lot 3. Conference Setup ,active,52000000,RWF,allowed
0.releases.3161.tender.lots.5,0.releases.3161,0,4,Events Media Coverage,Lot 4:  Events Media Coverage,active,50000000,RWF,allowed
0.releases.3161.tender.lots.6,0.releases.3161,0,7,Online media & Interactive,Lot 7: Online media & Interactive,active,40000000,RWF,allowed
0.releases.3161.tender.lots.7,0.releases.3161,0,8,Production of TV and Radio Spot ,Lot 8: Production of TV and Radio Spot  ,active,10000000,RWF,allowed
0.releases.3161.tender.lots.8,0.releases.3161,0,9,Simultaneous Interpretation in the Executive Meetings,Lot 9: Simultaneous Interpretation in the Executive Meetings ,active,10000000,RWF,allowed
0.releases.3162.tender.lots.0,0.releases.3162,0,5,Radio Services,Lot 5: Radio Services,active,20000000,RWF,allowed
0.releases.3162.tender.lots.1,0.releases.3162,0,6,TV Services,Lot 6: TV Services,active,40000000,RWF,allowed
0.releases.3162.tender.lots.2,0.releases.3162,0,1,Print Production & Installation,Lot 1 Print Production & Installation,active,70000000,RWF,allowed
0.releases.3162.tender.lots.3,0.releases.3162,0,2,Outdoor advertisement on Digital LED billboards,Lot2: Outdoor advertisement on Digital LED billboards,active,50000000,RWF,allowed
0.releases.3162.tender.lots.4,0.releases.3162,0,3,Conference Setup ,Lot 3. Conference Setup ,active,52000000,RWF,allowed
0.releases.3162.tender.lots.5,0.releases.3162,0,4,Events Media Coverage,Lot 4:  Events Media Coverage,active,50000000,RWF,allowed
0.releases.3162.tender.lots.6,0.releases.3162,0,7,Online media & Interactive,Lot 7: Online media & Interactive,active,40000000,RWF,allowed
0.releases.3162.tender.lots.7,0.releases.3162,0,8,Production of TV and Radio Spot ,Lot 8: Production of TV and Radio Spot  ,active,10000000,RWF,allowed
0.releases.3162.tender.lots.8,0.releases.3162,0,9,Simultaneous Interpretation in the Executive Meetings,Lot 9: Simultaneous Interpretation in the Executive Meetings ,active,10000000,RWF,allowed
0.releases.3163.tender.lots.0,0.releases.3163,0,5,Radio Services,Lot 5: Radio Services,active,20000000,RWF,allowed
0.releases.3163.tender.lots.1,0.releases.3163,0,6,TV Services,Lot 6: TV Services,active,40000000,RWF,allowed
0.releases.3163.tender.lots.2,0.releases.3163,0,1,Print Production & Installation,Lot 1 Print Production & Installation,active,70000000,RWF,allowed
0.releases.3163.tender.lots.3,0.releases.3163,0,2,Outdoor advertisement on Digital LED billboards,Lot2: Outdoor advertisement on Digital LED billboards,active,50000000,RWF,allowed
0.releases.3163.tender.lots.4,0.releases.3163,0,3,Conference Setup ,Lot 3. Conference Setup ,active,52000000,RWF,allowed
0.releases.3163.tender.lots.5,0.releases.3163,0,4,Events Media Coverage,Lot 4:  Events Media Coverage,active,50000000,RWF,allowed
0.releases.3163.tender.lots.6,0.releases.3163,0,7,Online media & Interactive,Lot 7: Online media & Interactive,active,40000000,RWF,allowed
0.releases.3163.tender.lots.7,0.releases.3163,0,8,Production of TV and Radio Spot ,Lot 8: Production of TV and Radio Spot  ,active,10000000,RWF,allowed
0.releases.3163.tender.lots.8,0.releases.3163,0,9,Simultaneous Interpretation in the Executive Meetings,Lot 9: Simultaneous Interpretation in the Executive Meetings ,active,10000000,RWF,allowed
0.releases.3164.tender.lots.0,0.releases.3164,0,1,Supply of Printers for AFTER 2 Project operations,,active,10449750,RWF,allowed
0.releases.3166.tender.lots.0,0.releases.3166,0,1,"Provision of hotel services (hiring of conference halls, workshops, trainings, accommodations, restaurants and receptions outside of Kigali (framework contract)","Provision of hotel services (hiring of conference halls, workshops, trainings, accommodations, restaurants and receptions outside of Kigali (framework contract)",active,18000000,RWF,allowed
0.releases.3166.tender.lots.1,0.releases.3166,0,1,"Provision of hotel services (hiring of conference halls, workshops, trainings, accommodations, restaurants and receptions outside of Kigali (framework contract)","Provision of hotel services (hiring of conference halls, workshops, trainings, accommodations, restaurants and receptions outside of Kigali (framework contract)",active,18000000,RWF,allowed
0.releases.3167.tender.lots.0,0.releases.3167,0,1,Supply of construction materials for Kidahwe cell in Nyamiyaga Sector,,active,36650380,RWF,allowed
0.releases.3168.tender.lots.0,0.releases.3168,0,1,Supply of Fingerlings,,active,5000000,RWF,allowed
0.releases.3168.tender.lots.1,0.releases.3168,0,2,Supply of Tilapia Feed and catfish feed,,active,25000000,RWF,allowed
0.releases.3170.tender.lots.0,0.releases.3170,0,2,Purchasing of Examination materials ( Miscellaneous),,active,49600000,RWF,allowed
0.releases.3172.tender.lots.0,0.releases.3172,0,1,Supply for Fuel of MMI operations,,active,105000000,RWF,allowed
0.releases.3172.tender.lots.1,0.releases.3172,0,1,Supply for Fuel of MMI operations,,active,105000000,RWF,allowed
0.releases.3176.tender.lots.0,0.releases.3176,0,1,Supply of asset transfer (ToolKits) under Framework contract.,,active,60000000,RWF,allowed
0.releases.3178.tender.lots.0,0.releases.3178,0,1,LotNo1,,active,,,allowed
0.releases.3179.tender.lots.0,0.releases.3179,0,1,SUPPLY OF ICT EQUIPMENT,,active,19640000,RWF,allowed
0.releases.3179.tender.lots.1,0.releases.3179,0,1,SUPPLY OF ICT EQUIPMENT,,active,19640000,RWF,allowed
0.releases.3180.tender.lots.0,0.releases.3180,0,1,Supply and installation of spare parts for maintenance of Kaduha Hospital Vehicles & Motorcycles,Supply and installation of spare parts for maintenance of Kaduha Hospital Vehicles & Motorcycles,active,24000000,RWF,allowed
0.releases.3180.tender.lots.1,0.releases.3180,0,1,Supply and installation of spare parts for maintenance of Kaduha Hospital Vehicles & Motorcycles,Supply and installation of spare parts for maintenance of Kaduha Hospital Vehicles & Motorcycles,active,24000000,RWF,allowed
0.releases.3181.tender.lots.0,0.releases.3181,0,1,Acquisition of Survey to Go questionnaires ,Acquisition of Survey to Go questionnaires ,active,5000000,RWF,allowed
0.releases.3184.tender.lots.0,0.releases.3184,0,1,LOT 5: Supply of Organic Laboratory Reagents and consumables,,active,92000000,RWF,allowed
0.releases.3184.tender.lots.1,0.releases.3184,0,2,"Supply of Food, Agriculture and Mycotoxin Laboratory Reagents and Consumables",,active,90000000,RWF,allowed
0.releases.3184.tender.lots.2,0.releases.3184,0,3,Supply of Laboratory Glassware,,active,50696870,RWF,allowed
0.releases.3184.tender.lots.3,0.releases.3184,0,4,Supply of reference and microbiology culture media for isolating target microorganisms using PCR analysis ,,active,108009500,RWF,allowed
0.releases.3184.tender.lots.4,0.releases.3184,0,5,":  Supply, Installation, Commissioning and Training of Equipment for Mercury Analyzer and its Accessories",,active,255003630,RWF,allowed
0.releases.3184.tender.lots.5,0.releases.3184,0,6,"Supply, installation and commissioning of microbiology testing equipment and accessories ",,active,96003680,RWF,allowed
0.releases.3187.tender.lots.0,0.releases.3187,0,1,"Annual supply and installation of office furnitures to RRA (Meeting, Discussion and Conference Furnitures) (Framework contract).  ",,active,500000000,RWF,allowed
0.releases.3189.tender.lots.0,0.releases.3189,0,1,Provision of 3 stars Hotel services for RTB staff in Kigali City and Provinces,Provision of 3 stars Hotel services for RTB staff in Kigali City and Provinces,active,20000000,RWF,allowed
0.releases.3190.tender.lots.0,0.releases.3190,0,1,Refurbishment of Supreme Court Boardrooms,,active,150000000,RWF,allowed
0.releases.3193.tender.lots.0,0.releases.3193,0,1,Supply of Oracle Database Standard Edition 2 - Named User Plus Perpetual license,,active,15000000,RWF,allowed
0.releases.3195.tender.lots.0,0.releases.3195,0,1,Maintain vehicles and motorcycles of the hospital,Maintain vehicles and motorcycles of the hospital,active,20000000,RWF,allowed
0.releases.3195.tender.lots.1,0.releases.3195,0,1,Maintain vehicles and motorcycles of the hospital,Maintain vehicles and motorcycles of the hospital,active,200000002,RWF,allowed
0.releases.3196.tender.lots.0,0.releases.3196,0,1,Supply of foods and materials for Munini transit center,,active,15000000,RWF,allowed
0.releases.3197.tender.lots.0,0.releases.3197,0,1,Supply of productive assets for skills development ( toolkits),,active,57400000,RWF,allowed
0.releases.3198.tender.lots.0,0.releases.3198,0,3,Acquisition of Sport  Facilities for  the Parliament of Rwanda KICUKIRO,Acquisition of Sport  Facilities for  the Parliament of Rwanda KICUKIRO,active,1363636,RWF,allowed
0.releases.3198.tender.lots.1,0.releases.3198,0,5,Acquisition of Sport  Facilities for  the Parliament of Rwanda Rusororo,Acquisition of Sport  Facilities for  the Parliament of Rwanda Rusororo,active,1363636,RWF,allowed
0.releases.3198.tender.lots.2,0.releases.3198,0,10,Acquisition of Sport  Facilities for  the Parliament of Rwanda BUGESERA,Acquisition of Sport  Facilities for  the Parliament of Rwanda BUGESERA,active,1363636,RWF,allowed
0.releases.3198.tender.lots.3,0.releases.3198,0,11,Acquisition of Sport  Facilities for  the Parliament of Rwanda KIMIRONKO /MUSHIMIRE,Acquisition of Sport  Facilities for  the Parliament of Rwanda KIMIRONKO /MUSHIMIRE,active,1363636,RWF,allowed
0.releases.3199.tender.lots.0,0.releases.3199,0,3,Acquisition of Sport  Facilities for  the Parliament of Rwanda KICUKIRO,Acquisition of Sport  Facilities for  the Parliament of Rwanda KICUKIRO,active,1363636,RWF,allowed
0.releases.3199.tender.lots.1,0.releases.3199,0,5,Acquisition of Sport  Facilities for  the Parliament of Rwanda Rusororo,Acquisition of Sport  Facilities for  the Parliament of Rwanda Rusororo,active,1363636,RWF,allowed
0.releases.3199.tender.lots.2,0.releases.3199,0,10,Acquisition of Sport  Facilities for  the Parliament of Rwanda BUGESERA,Acquisition of Sport  Facilities for  the Parliament of Rwanda BUGESERA,active,1363636,RWF,allowed
0.releases.3199.tender.lots.3,0.releases.3199,0,11,Acquisition of Sport  Facilities for  the Parliament of Rwanda KIMIRONKO /MUSHIMIRE,Acquisition of Sport  Facilities for  the Parliament of Rwanda KIMIRONKO /MUSHIMIRE,active,1363636,RWF,allowed
0.releases.3200.tender.lots.0,0.releases.3200,0,1,Acquisition of a Service Trolley use in Cafeteria Canteen for the parliament of Rwanda,,active,748000,RWF,allowed
0.releases.3200.tender.lots.1,0.releases.3200,0,1,Acquisition of a Service Trolley use in Cafeteria Canteen for the parliament of Rwanda,,active,748000,RWF,allowed
0.releases.3201.tender.lots.0,0.releases.3201,0,1,HIRING INDIVIDUAL CONSULTANTS TO ONBOARD PUBLIC SERVICES ON IREMBO LOW-CODE/NO-CODE PLATFORM- SEVEN (7) MID-LEVEL SOFTWARE ENGINEER-LOT 7,HIRING INDIVIDUAL CONSULTANTS TO ONBOARD PUBLIC SERVICES ON IREMBO LOW-CODE/NO-CODE PLATFORM- SEVEN (7) MID-LEVEL SOFTWARE ENGINEER-LOT 7,active,3000000,RWF,allowed
0.releases.3201.tender.lots.1,0.releases.3201,0,1,HIRING INDIVIDUAL CONSULTANTS TO ONBOARD PUBLIC SERVICES ON IREMBO LOW-CODE/NO-CODE PLATFORM- SEVEN (7) MID-LEVEL SOFTWARE ENGINEER-LOT 7,HIRING INDIVIDUAL CONSULTANTS TO ONBOARD PUBLIC SERVICES ON IREMBO LOW-CODE/NO-CODE PLATFORM- SEVEN (7) MID-LEVEL SOFTWARE ENGINEER-LOT 7,active,3000000,RWF,allowed
0.releases.3202.tender.lots.0,0.releases.3202,0,1,HIRING INDIVIDUAL CONSULTANTS TO ONBOARD PUBLIC SERVICES ON IREMBO LOW-CODE/NO-CODE PLATFORM- SEVEN (7) MID-LEVEL SOFTWARE ENGINEER-LOT 6,HIRING INDIVIDUAL CONSULTANTS TO ONBOARD PUBLIC SERVICES ON IREMBO LOW-CODE/NO-CODE PLATFORM- SEVEN (7) MID-LEVEL SOFTWARE ENGINEER-LOT 6,active,3000000,RWF,allowed
0.releases.3202.tender.lots.1,0.releases.3202,0,1,HIRING INDIVIDUAL CONSULTANTS TO ONBOARD PUBLIC SERVICES ON IREMBO LOW-CODE/NO-CODE PLATFORM- SEVEN (7) MID-LEVEL SOFTWARE ENGINEER-LOT 6,HIRING INDIVIDUAL CONSULTANTS TO ONBOARD PUBLIC SERVICES ON IREMBO LOW-CODE/NO-CODE PLATFORM- SEVEN (7) MID-LEVEL SOFTWARE ENGINEER-LOT 6,active,3000000,RWF,allowed
0.releases.3203.tender.lots.0,0.releases.3203,0,1,HIRING INDIVIDUAL CONSULTANTS TO ONBOARD PUBLIC SERVICES ON IREMBO LOW-CODE/NO-CODE PLATFORM- SEVEN (7) MID-LEVEL SOFTWARE ENGINEER-LOT 5,HIRING INDIVIDUAL CONSULTANTS TO ONBOARD PUBLIC SERVICES ON IREMBO LOW-CODE/NO-CODE PLATFORM- SEVEN (7) MID-LEVEL SOFTWARE ENGINEER-LOT 5,active,3000000,RWF,allowed
0.releases.3203.tender.lots.1,0.releases.3203,0,1,HIRING INDIVIDUAL CONSULTANTS TO ONBOARD PUBLIC SERVICES ON IREMBO LOW-CODE/NO-CODE PLATFORM- SEVEN (7) MID-LEVEL SOFTWARE ENGINEER-LOT 5,HIRING INDIVIDUAL CONSULTANTS TO ONBOARD PUBLIC SERVICES ON IREMBO LOW-CODE/NO-CODE PLATFORM- SEVEN (7) MID-LEVEL SOFTWARE ENGINEER-LOT 5,active,3000000,RWF,allowed
0.releases.3204.tender.lots.0,0.releases.3204,0,1,HIRING INDIVIDUAL CONSULTANTS TO ONBOARD PUBLIC SERVICES ON IREMBO LOW-CODE/NO-CODE PLATFORM- SEVEN (7) MID-LEVEL SOFTWARE ENGINEER-LOT 4,HIRING INDIVIDUAL CONSULTANTS TO ONBOARD PUBLIC SERVICES ON IREMBO LOW-CODE/NO-CODE PLATFORM- SEVEN (7) MID-LEVEL SOFTWARE ENGINEER-LOT 4,active,3000000,RWF,allowed
0.releases.3204.tender.lots.1,0.releases.3204,0,1,HIRING INDIVIDUAL CONSULTANTS TO ONBOARD PUBLIC SERVICES ON IREMBO LOW-CODE/NO-CODE PLATFORM- SEVEN (7) MID-LEVEL SOFTWARE ENGINEER-LOT 4,HIRING INDIVIDUAL CONSULTANTS TO ONBOARD PUBLIC SERVICES ON IREMBO LOW-CODE/NO-CODE PLATFORM- SEVEN (7) MID-LEVEL SOFTWARE ENGINEER-LOT 4,active,3000000,RWF,allowed
0.releases.3205.tender.lots.0,0.releases.3205,0,1,HIRING INDIVIDUAL CONSULTANTS TO ONBOARD PUBLIC SERVICES ON IREMBO LOW-CODE/NO-CODE PLATFORM- SEVEN (7) MID-LEVEL SOFTWARE ENGINEER-LOT 3,HIRING INDIVIDUAL CONSULTANTS TO ONBOARD PUBLIC SERVICES ON IREMBO LOW-CODE/NO-CODE PLATFORM- SEVEN (7) MID-LEVEL SOFTWARE ENGINEER-LOT 3,active,3000000,RWF,allowed
0.releases.3205.tender.lots.1,0.releases.3205,0,1,HIRING INDIVIDUAL CONSULTANTS TO ONBOARD PUBLIC SERVICES ON IREMBO LOW-CODE/NO-CODE PLATFORM- SEVEN (7) MID-LEVEL SOFTWARE ENGINEER-LOT 3,HIRING INDIVIDUAL CONSULTANTS TO ONBOARD PUBLIC SERVICES ON IREMBO LOW-CODE/NO-CODE PLATFORM- SEVEN (7) MID-LEVEL SOFTWARE ENGINEER-LOT 3,active,3000000,RWF,allowed
0.releases.3206.tender.lots.0,0.releases.3206,0,1,HIRING INDIVIDUAL CONSULTANTS TO ONBOARD PUBLIC SERVICES ON IREMBO LOW-CODE/NO-CODE PLATFORM- SEVEN (7) MID-LEVEL SOFTWARE ENGINEER-LOT 2,HIRING INDIVIDUAL CONSULTANTS TO ONBOARD PUBLIC SERVICES ON IREMBO LOW-CODE/NO-CODE PLATFORM- SEVEN (7) MID-LEVEL SOFTWARE ENGINEER-LOT 2,active,3000000,RWF,allowed
0.releases.3206.tender.lots.1,0.releases.3206,0,1,HIRING INDIVIDUAL CONSULTANTS TO ONBOARD PUBLIC SERVICES ON IREMBO LOW-CODE/NO-CODE PLATFORM- SEVEN (7) MID-LEVEL SOFTWARE ENGINEER-LOT 2,HIRING INDIVIDUAL CONSULTANTS TO ONBOARD PUBLIC SERVICES ON IREMBO LOW-CODE/NO-CODE PLATFORM- SEVEN (7) MID-LEVEL SOFTWARE ENGINEER-LOT 2,active,3000000,RWF,allowed
0.releases.3207.tender.lots.0,0.releases.3207,0,1,HIRING INDIVIDUAL CONSULTANTS TO ONBOARD PUBLIC SERVICES ON IREMBO LOW-CODE/NO-CODE PLATFORM- SEVEN (7) MID-LEVEL SOFTWARE ENGINEER-LOT 1,HIRING INDIVIDUAL CONSULTANTS TO ONBOARD PUBLIC SERVICES ON IREMBO LOW-CODE/NO-CODE PLATFORM- SEVEN (7) MID-LEVEL SOFTWARE ENGINEER-LOT 1,active,3000000,RWF,allowed
0.releases.3207.tender.lots.1,0.releases.3207,0,1,HIRING INDIVIDUAL CONSULTANTS TO ONBOARD PUBLIC SERVICES ON IREMBO LOW-CODE/NO-CODE PLATFORM- SEVEN (7) MID-LEVEL SOFTWARE ENGINEER-LOT 1,HIRING INDIVIDUAL CONSULTANTS TO ONBOARD PUBLIC SERVICES ON IREMBO LOW-CODE/NO-CODE PLATFORM- SEVEN (7) MID-LEVEL SOFTWARE ENGINEER-LOT 1,active,3000000,RWF,allowed
0.releases.3209.tender.lots.0,0.releases.3209,0,1,Implimentation of Nzove 3 water treatment plant upgrade,,active,10095310170,RWF,allowed
0.releases.3210.tender.lots.0,0.releases.3210,0,1,Framework tender related to hiring an insurance  company  for provision  of fire and allied perils insurance services for  MIFOTRA assets,It is a framework tender  for hiring an insurance  company  for provision  of fire and allied perils insurance services for  MIFOTRA assets,active,6250000,RWF,allowed
0.releases.3211.tender.lots.0,0.releases.3211,0,1,Tender for acquisition of a TV stand  with a designed setting place and its installation in the office of Hon.Minister,,active,5000000,RWF,allowed
0.releases.3212.tender.lots.0,0.releases.3212,0,1,SUPPLY AND FIXING OF EQUIPMENTOF DISTRICT ARCHIVE,,active,26240000,RWF,allowed
0.releases.3216.tender.lots.0,0.releases.3216,0,1,Hiring consultancy company to review NEC communication strategy,Hiring consultancy company to review NEC communication strategy,active,10000000,RWF,allowed
0.releases.3217.tender.lots.0,0.releases.3217,0,1,"Framework agreement for Unified Hosting, Cloud Services and Software as Service on behalf of Government Institutions ( New packages)","Framework agreement for Unified Hosting, Cloud Services and Software as Service on behalf of Government Institutions ( New packages)",active,200000000,RWF,allowed
0.releases.3218.tender.lots.0,0.releases.3218,0,1,"Supply of laboratory reagents, consummables and practicals at CST (Molecular Biology)",,active,60000000,RWF,allowed
0.releases.3220.tender.lots.0,0.releases.3220,0,1,Supply of colored printer,,active,130000000,RWF,allowed
0.releases.3221.tender.lots.0,0.releases.3221,0,1,Implimentation of Nzove 3 water treatment plant upgrade,,active,10095310170,RWF,allowed
0.releases.3225.tender.lots.0,0.releases.3225,0,1,"Provision of sports and recreation services (Kigali city, ", Nyarugenge District lot1,active,8000000,RWF,allowed
0.releases.3225.tender.lots.1,0.releases.3225,0,2,Provision of sports and recreation services in Huye District,Huye District LOT2,active,4000000,RWF,allowed
0.releases.3225.tender.lots.2,0.releases.3225,0,3,Provision of sports and recreation services in Nyagatare District, Nyagatare District Lot3,active,4000000,RWF,allowed
0.releases.3225.tender.lots.3,0.releases.3225,0,4,Provision of sports and recreation facilities in Rubavu District,Rubavu District Lot4,active,4000000,RWF,allowed
0.releases.3226.tender.lots.0,0.releases.3226,0,1,"Provision of sports and recreation services (Kigali city, ", Nyarugenge District lot1,active,8000000,RWF,allowed
0.releases.3226.tender.lots.1,0.releases.3226,0,2,Provision of sports and recreation services in Huye District,Huye District LOT2,active,4000000,RWF,allowed
0.releases.3226.tender.lots.2,0.releases.3226,0,3,Provision of sports and recreation services in Nyagatare District, Nyagatare District Lot3,active,4000000,RWF,allowed
0.releases.3226.tender.lots.3,0.releases.3226,0,4,Provision of sports and recreation facilities in Rubavu District,Rubavu District Lot4,active,4000000,RWF,allowed
0.releases.3227.tender.lots.0,0.releases.3227,0,1,Supply of Fuel for MININTER Operation Vehicles ,,active,13000000,RWF,allowed
0.releases.3228.tender.lots.0,0.releases.3228,0,1,Design and Build proposed beautifications at Amahoro Stadium,A,active,842345414,RWF,allowed
0.releases.3228.tender.lots.1,0.releases.3228,0,1,Design and Build proposed beautifications at Amahoro Stadium,A,active,842345414,RWF,allowed
0.releases.3229.tender.lots.0,0.releases.3229,0,1,Detailed study update and subsequent supervision for construction works of Rubengera Meteo Weather Station,Detailed study update and subsequent supervision for construction works of Rubengera Meteo Weather Station,active,12400000,RWF,allowed
0.releases.3229.tender.lots.1,0.releases.3229,0,1,Detailed study update and subsequent supervision for construction works of Rubengera Meteo Weather Station,Detailed study update and subsequent supervision for construction works of Rubengera Meteo Weather Station,active,12400000,RWF,allowed
0.releases.3229.tender.lots.2,0.releases.3229,0,1,Detailed study update and subsequent supervision for construction works of Rubengera Meteo Weather Station,Detailed study update and subsequent supervision for construction works of Rubengera Meteo Weather Station,active,12400000,RWF,allowed
0.releases.3229.tender.lots.3,0.releases.3229,0,1,Detailed study update and subsequent supervision for construction works of Rubengera Meteo Weather Station,Detailed study update and subsequent supervision for construction works of Rubengera Meteo Weather Station,active,12400000,RWF,allowed
0.releases.3230.tender.lots.0,0.releases.3230,0,1,Construction of 6 Girls room- installation of 21 rainwater tanks and Construction of 38 toilet cabins for different schools in Nyamagabe Distrct,Construction of 6 Girls room- installation of 21 rainwater tanks and Construction of 38 toilet cabins for different schools in Nyamagabe Distrct,active,249505488,RWF,allowed
0.releases.3231.tender.lots.0,0.releases.3231,0,1,Rehabilitation of Teachers Hostel,Rehabilitation of Teachers Hostel,active,26310540,RWF,allowed
0.releases.3231.tender.lots.1,0.releases.3231,0,1,Rehabilitation of Teachers Hostel,Rehabilitation of Teachers Hostel,active,26310540,RWF,allowed
0.releases.3234.tender.lots.0,0.releases.3234,0,1,"Non medical equipment maintenance and Supply (Lot VI: supply of medical lamps, etc…..)","Non medical equipment maintenance and Supply(Lot VI: supply of medical lamps, etc…..)",active,5000000,RWF,allowed
0.releases.3236.tender.lots.0,0.releases.3236,0,1,"Supply of Specialized equipment in poultry, pig, and Rabbit",,active,150000000,RWF,allowed
0.releases.3237.tender.lots.0,0.releases.3237,0,1,Consultancy services for hiring VSM firms to conduct Live animals’ inspection at Kigali International Airport,"36,000,000",active,36000000,RWF,allowed
0.releases.3237.tender.lots.1,0.releases.3237,0,1,Consultancy services for hiring VSM firms to conduct Live animals’ inspection at Kigali International Airport,"36,000,000",active,36000000,RWF,allowed
0.releases.3240.tender.lots.0,0.releases.3240,0,1,Supply of equipment for laboratory and aeroponic,,active,500000000,RWF,allowed
0.releases.3240.tender.lots.1,0.releases.3240,0,1,Supply of equipment for laboratory and aeroponic,,active,500000000,RWF,allowed
0.releases.3241.tender.lots.0,0.releases.3241,0,1,Supply and installation of office chairs to RRA (Framework contract). ,,active,250000000,RWF,allowed
0.releases.3241.tender.lots.1,0.releases.3241,0,1,Supply and installation of office chairs to RRA (Framework contract). ,,active,250000000,RWF,allowed
0.releases.3243.tender.lots.0,0.releases.3243,0,3,Supply of Cleaning& Hygiene materials ( LOT 3),,active,68094208,RWF,allowed
0.releases.3243.tender.lots.1,0.releases.3243,0,1,Supply of Cleaning& Hygiene materials (LOT 1),,active,30000000,RWF,allowed
0.releases.3243.tender.lots.2,0.releases.3243,0,2,Supply of Cleaning& Hygiene materials ( LOT 2),,active,90000000,RWF,allowed
0.releases.3243.tender.lots.3,0.releases.3243,0,3,Supply of Cleaning& Hygiene materials ( LOT 3),,active,68094208,RWF,allowed
0.releases.3245.tender.lots.0,0.releases.3245,0,1,Supply of hand sanitizers and face masks,,active,30000000,RWF,allowed
0.releases.3246.tender.lots.0,0.releases.3246,0,1,"Banners  T -SHIRT,SINPOST,DEPLIAT AND CURTAINS",,active,4000000,RWF,allowed
0.releases.3247.tender.lots.0,0.releases.3247,0,1,Acquisition of  SOFA  for  the Office  of  the  Parliament of Rwanda,,active,5950000,RWF,allowed
0.releases.3249.tender.lots.0,0.releases.3249,0,1,Sports and recreational facilities and services ,Sports and recreational facilities and services ,active,26000000,RWF,allowed
0.releases.3249.tender.lots.1,0.releases.3249,0,2,Renting playgrounds to RWANDA FDA,Renting playgrounds to RWANDA FDA,active,10000000,RWF,allowed
0.releases.3253.tender.lots.0,0.releases.3253,0,1,Detailed study update and subsequent supervision for construction works of Gicumbi  Meteo  Weather Station,Detailed study update and subsequent supervision for construction works of Gicumbi  Meteo  Weather Station,active,25427000,RWF,allowed
0.releases.3254.tender.lots.0,0.releases.3254,0,1,Design and supervision services for the rehabilitation of NISR Old Buildings and setting up of outdoor tents,Design and supervision services for the rehabilitation of NISR Old Buildings and setting up of outdoor tents,active,35552000,RWF,allowed
0.releases.3255.tender.lots.0,0.releases.3255,0,1,New classification,,active,15362200,RWF,allowed
0.releases.3256.tender.lots.0,0.releases.3256,0,1,"Studio interior design, upgrade and decoration",,active,21608160,RWF,allowed
0.releases.3258.tender.lots.0,0.releases.3258,0,1,Annual framework tender for management of Ngoma  cementery,Annual framework tender for management of Ngoma  cementery,active,1000000,RWF,allowed
0.releases.3259.tender.lots.0,0.releases.3259,0,1,Full feasibility study for rehabilitation works of Miyove Health Center in Gicumbi District,Full feasibility study for rehabilitation works of Miyove Health Center in Gicumbi District,active,10000000,RWF,allowed
0.releases.3260.tender.lots.0,0.releases.3260,0,1,Provision of coaster insurance,Provision of coaster insurance,active,7000000,RWF,allowed
0.releases.3264.tender.lots.0,0.releases.3264,0,1,Supply of MOE vehicle spare parts,,active,18703000,RWF,allowed
0.releases.3265.tender.lots.0,0.releases.3265,0,1,Provision service of toxic waste management under framework contract,Service of toxic waste management ,active,5000000,RWF,allowed
0.releases.3267.tender.lots.0,0.releases.3267,0,1,Provision of events management services,Provision of events management services,active,8000000,RWF,allowed
0.releases.3269.tender.lots.0,0.releases.3269,0,1,SUPPLY OF DRUGS,,active,99142724,RWF,allowed
0.releases.3269.tender.lots.1,0.releases.3269,0,2,SUPPLY OF MEDICAL CONSUMABLES,,active,49880228,RWF,allowed
0.releases.3269.tender.lots.2,0.releases.3269,0,3,SUPPLY OF MEDICAL EQUIPMENTS,,active,60001950,RWF,allowed
0.releases.3272.tender.lots.0,0.releases.3272,0,1,Purchasing pruning saws for the management of agroforestry,,active,5000000,RWF,allowed
0.releases.3273.tender.lots.0,0.releases.3273,0,1,"EPC Project in Gashonga, Nyakarenzo, Mururu, Nkungu, Kamembe, Gihundwe, Giheke, Nkanka and Nkombo Sectors in Rusizi District",EPC RUSIZI 2,active,9692547000,RWF,allowed
0.releases.3274.tender.lots.0,0.releases.3274,0,1,Provision of insurance of RHA assets and stock(Re-advert),Non consultancy,active,25000000,RWF,allowed
0.releases.3275.tender.lots.0,0.releases.3275,0,1,Supply of hand sanitizers and face masks,,active,30000000,RWF,allowed
0.releases.3276.tender.lots.0,0.releases.3276,0,1,"EPC Project for Bugarama, Nzahaha, Rwimbogo, Muganza, Gikundamvura, Gitambi, Nyakabuye Bweyeye, Butare Sectors in Rusizi District",EPC RUSIZI 1,active,7569104000,RWF,allowed
0.releases.3277.tender.lots.0,0.releases.3277,0,1,Supply of cement on framework contract,,active,1300000000,RWF,allowed
0.releases.3279.tender.lots.0,0.releases.3279,0,1,EXTENSION AND MAINTENANCE OF ELECTRICAL INSTALLATION IN OFFICE AND PUBLIC LIGHTING IN MUHANGA,Public lighting,active,43340000,RWF,allowed
0.releases.3281.tender.lots.0,0.releases.3281,0,1,Supply of electricity to the district under framework agreement,,active,10000000,RWF,allowed
0.releases.3285.tender.lots.0,0.releases.3285,0,1,Annual Maintenance of RRA Data Center (Frame work Contract),LOT1: COOLING SYSTEM AND ELECTRICAL MATERIALS ,active,101000000,RWF,allowed
0.releases.3285.tender.lots.1,0.releases.3285,0,2,Annual Maintenance of RRA Data Center (Frame work Contract),Lot 2: FIRE DETECTION AND SUPPRESSION SYSTEM ,active,49000000,RWF,allowed
0.releases.3286.tender.lots.0,0.releases.3286,0,1,Supply of housekeeping product,,active,10000000,RWF,allowed
0.releases.3288.tender.lots.0,0.releases.3288,0,1,Annual Maintenance of RRA Data Center (Frame work Contract),LOT1: COOLING SYSTEM AND ELECTRICAL MATERIALS ,active,101000000,RWF,allowed
0.releases.3288.tender.lots.1,0.releases.3288,0,2,Annual Maintenance of RRA Data Center (Frame work Contract),Lot 2: FIRE DETECTION AND SUPPRESSION SYSTEM ,active,49000000,RWF,allowed
0.releases.3289.tender.lots.0,0.releases.3289,0,1,LotNo1,,active,,,allowed
0.releases.3289.tender.lots.1,0.releases.3289,0,1,LotNo1,,active,,,allowed
0.releases.3290.tender.lots.0,0.releases.3290,0,1,Radio isakaza amajwi ku baturage ku mpuzandengo hagati ya  98% na 80%,LOT 1,active,9500000,RWF,allowed
0.releases.3290.tender.lots.1,0.releases.3290,0,2,Radio isakaza amajwi ku mpuzandengo hagati ya 75% na 65%,LOT2,active,4880000,RWF,allowed
0.releases.3290.tender.lots.2,0.releases.3290,0,3,Radio isakaza amajwi ku mpuzandengo hagati ya 60% na 15%,LOT3,active,5300000,RWF,allowed
0.releases.3290.tender.lots.3,0.releases.3290,0,4,Television isakaza amajwi n’amashusho hifashishijwe iminara byibura 2 ,LOT4,active,9200000,RWF,allowed
0.releases.3290.tender.lots.4,0.releases.3290,0,5,Television isakaza amajwi n’amashusho hifashishijwe umunara 1,LOT5,active,4806701,RWF,allowed
0.releases.3291.tender.lots.0,0.releases.3291,0,1,Radio isakaza amajwi ku baturage ku mpuzandengo hagati ya  98% na 80%,LOT 1,active,9500000,RWF,allowed
0.releases.3291.tender.lots.1,0.releases.3291,0,2,Radio isakaza amajwi ku mpuzandengo hagati ya 75% na 65%,LOT2,active,4880000,RWF,allowed
0.releases.3291.tender.lots.2,0.releases.3291,0,3,Radio isakaza amajwi ku mpuzandengo hagati ya 60% na 15%,LOT3,active,5300000,RWF,allowed
0.releases.3291.tender.lots.3,0.releases.3291,0,4,Television isakaza amajwi n’amashusho hifashishijwe iminara byibura 2 ,LOT4,active,9200000,RWF,allowed
0.releases.3291.tender.lots.4,0.releases.3291,0,5,Television isakaza amajwi n’amashusho hifashishijwe umunara 1,LOT5,active,4806701,RWF,allowed
0.releases.3294.tender.lots.0,0.releases.3294,0,1,Supply of food for TSS under Framework Contract,,active,42679298,RWF,allowed
0.releases.3295.tender.lots.0,0.releases.3295,0,1,Provision of Hotel services for Kaduha Hospital,Provision of Hotel services for Kaduha Hospital,active,6469280,RWF,allowed
0.releases.3297.tender.lots.0,0.releases.3297,0,1,Provision of Annual Catering services for OAG staff (Framework Tender),Provision of Annual Catering services for OAG staff,active,20000000,RWF,allowed
0.releases.3298.tender.lots.0,0.releases.3298,0,1,Provision of Insurance services for MININTER Operation Vehicles ,Provision of Insurance services for MININTER Operation Vehicles ,active,6000000,RWF,allowed
0.releases.3299.tender.lots.0,0.releases.3299,0,1,Provision of Maintenance Services  Elevators of old Building,Provision of Maintenance Services  Elevators of old Building,active,18000000,RWF,allowed
0.releases.3302.tender.lots.0,0.releases.3302,0,1,Purchase of SAH substrate,,active,21787500,RWF,allowed
0.releases.3303.tender.lots.0,0.releases.3303,0,1,Production of Knowledge Management and Communication services in English,communication services in English,active,23391000,RWF,allowed
0.releases.3303.tender.lots.1,0.releases.3303,0,2,Production of Knowledge Management and Communication services in Kinyarwanda and French,communication services in Kinyarwanda and French,active,23391000,RWF,allowed
0.releases.3307.tender.lots.0,0.releases.3307,0,1,LOT 1: Provision of sports and recreation facilities in Gasabo District,"provision of Gym, aerobics, Swimming, Sauna & Massage",active,7500000,RWF,allowed
0.releases.3307.tender.lots.1,0.releases.3307,0,2,LOT 2: Provision of sports and recreation facilities in Kicukiro District,"provision of Gym, aerobics, Swimming, Sauna & Massage",active,7500000,RWF,allowed
0.releases.3307.tender.lots.2,0.releases.3307,0,3,LOT 3: Provision of Football ground (In any of Kigali Districts),provision of football grounds,active,4000000,RWF,allowed
0.releases.3307.tender.lots.3,0.releases.3307,0,4,LOT 4: Provision of sports and recreation facilities in Nyagatare District,"provision of Gym, aerobics, Swimming, Sauna & Massage",active,4000000,RWF,allowed
0.releases.3307.tender.lots.4,0.releases.3307,0,5,LOT 5: Provision of sports and recreation facilities in Rusizi District,"provision of Gym, aerobics, Swimming, Sauna & Massage",active,4000000,RWF,allowed
0.releases.3307.tender.lots.5,0.releases.3307,0,6,LOT 6: Provision of sports and recreation facilities in Rubavu District,"provision of Gym, aerobics, Swimming, Sauna & Massage",active,4000000,RWF,allowed
0.releases.3307.tender.lots.6,0.releases.3307,0,7,LOT 7: Provision of sports and recreation facilities in Musanze District,"provision of Gym, aerobics, Swimming, Sauna & Massage",active,4000000,RWF,allowed
0.releases.3308.tender.lots.0,0.releases.3308,0,1,"Tender  for the Purchase of office furniture (Desks, chairs,..) for KISUP team",,active,20000012,RWF,allowed
0.releases.3308.tender.lots.1,0.releases.3308,0,1,"Tender  for the Purchase of office furniture (Desks, chairs,..) for KISUP team",,active,20000012,RWF,allowed
0.releases.3309.tender.lots.0,0.releases.3309,0,1,Completion of works for the Construction of Chip seal roads (1.55km) in Ndora Sector,"category D of roads and bridges construction, ",active,380000000,RWF,allowed
0.releases.3311.tender.lots.0,0.releases.3311,0,1,lot 1,,active,120000000,RWF,allowed
0.releases.3311.tender.lots.1,0.releases.3311,0,2,lo2,,active,85000000,RWF,allowed
0.releases.3311.tender.lots.2,0.releases.3311,0,3,lo3,,active,51000000,RWF,allowed
0.releases.3311.tender.lots.3,0.releases.3311,0,4,lo4,,active,50000000,RWF,allowed
0.releases.3311.tender.lots.4,0.releases.3311,0,5,LOT 5,,active,150000000,RWF,allowed
0.releases.3311.tender.lots.5,0.releases.3311,0,6,LOT6,,active,30000000,RWF,allowed
0.releases.3312.tender.lots.0,0.releases.3312,0,1,Purchase of chairs and other non medical equipment,,active,18000000,RWF,allowed
0.releases.3312.tender.lots.1,0.releases.3312,0,1,Purchase of chairs and other non medical equipment,,active,18000000,RWF,allowed
0.releases.3313.tender.lots.0,0.releases.3313,0,1,"Decoration and sonolisation services (location chairs,tents, Cameras)","Decoration and sonolisation services (location chairs,tents, Cameras).",active,3000000,RWF,allowed
0.releases.3315.tender.lots.0,0.releases.3315,0,1,"Rehabilitation  and maintenance of hospital's damaged walls  (rigolet, current kitchen ,parking  , Hangar, windows, doors, mortuary , toilet  and other ground)","Rehabilitation  and maintenance of hospital's damaged walls  (rigolet, current kitchen ,parking  , Hangar, windows, doors, mortuary , toilet  and other ground)",active,50267000,RWF,allowed
0.releases.3320.tender.lots.0,0.releases.3320,0,1,Maintenance of Sound system,Maintenance of Sound system,active,3000000,RWF,allowed
0.releases.3321.tender.lots.0,0.releases.3321,0,1,Supply of electrical equipment,,active,3000000,RWF,allowed
0.releases.3322.tender.lots.0,0.releases.3322,0,13, Human  Genetics  : KARYOTYPING REAGENTS AND CONSUMABLES,,active,5300948,RWF,allowed
0.releases.3322.tender.lots.1,0.releases.3322,0,1,IMMUNOSEROLOGY LABORATORY ITEMS ,,active,3986579,RWF,allowed
0.releases.3322.tender.lots.2,0.releases.3322,0,2,HISTOPATHOLOGY REAGENTS AND GENERAL CONSUMMABLES ,,active,20789921,RWF,allowed
0.releases.3322.tender.lots.3,0.releases.3322,0,3,IMMUNOHISTOCHEMISTRY ANTIBODIES AND  CONSUMMABLES ,,active,14198714,RWF,allowed
0.releases.3322.tender.lots.4,0.releases.3322,0,4,BACTERIOLOGY AND PARASITOLOGY   REAGENTS ,,active,6229018,RWF,allowed
0.releases.3322.tender.lots.5,0.releases.3322,0,5,BACTERIOLOGY CONSUMMABLES ,,active,8993971,RWF,allowed
0.releases.3322.tender.lots.6,0.releases.3322,0,6,KATO KATZ METHOD REAGENTS AND CONSUMMABLES,,active,4585893,RWF,allowed
0.releases.3322.tender.lots.7,0.releases.3322,0,7,GENERAL LABORATORY CONSUMMABLES ,,active,18192998,RWF,allowed
0.releases.3322.tender.lots.8,0.releases.3322,0,8,MOLECULAR BIOLOGY ITEMS ,,active,8245540,RWF,allowed
0.releases.3322.tender.lots.9,0.releases.3322,0,9,IMMUNOHEMATOLOGY AND  BLOOD  TRANSFUSION REAGENT AND CONSUMABLES,,active,4425304,RWF,allowed
0.releases.3322.tender.lots.10,0.releases.3322,0,10,BACTERIOLOGY ITEMS ,,active,463245,RWF,allowed
0.releases.3322.tender.lots.11,0.releases.3322,0,11,BIOPSY SPECIMEN CONTAINER ,,active,1770054,RWF,allowed
0.releases.3322.tender.lots.12,0.releases.3322,0,12,REAGENTS FOR IMMUNOFLOURENSENCE/FITC PATHOLOGY,,active,2817816,RWF,allowed
0.releases.3323.tender.lots.0,0.releases.3323,0,2,Acquisition Of Office Furniture and office equipment for Rwamagana Social Reintegration centre,,active,46785000,RWF,allowed
0.releases.3323.tender.lots.1,0.releases.3323,0,1,Acquisition Of Office Furniture and office equipment for Rwamagana Social Reintegration centre,,active,46785000,RWF,allowed
0.releases.3324.tender.lots.0,0.releases.3324,0,1,Supervision of Completion of works for the Construction of Chip Seal roads (1.55Km) in Ndora Sector,Consultancy ,active,15000000,RWF,allowed
0.releases.3326.tender.lots.0,0.releases.3326,0,1,Supply of Office Stationaries,,active,150000000,RWF,allowed
0.releases.3328.tender.lots.0,0.releases.3328,0,1,Provision of Maintenance and repair of vehicles in RUSIZI for RRA (Framework contract). ,Provision of Maintenance and repair of vehicles in RUSIZI for RRA (Framework contract). ,active,7000000,RWF,allowed
0.releases.3329.tender.lots.0,0.releases.3329,0,1,Supply of stationary,,active,8445000,RWF,allowed
0.releases.3330.tender.lots.0,0.releases.3330,0,1,Supply of furniture for 32 new classrooms in Gatsibo District,,active,70480112,RWF,allowed
0.releases.3332.tender.lots.0,0.releases.3332,0,1,Sports and recreational facilities and services ,Sports and recreational facilities and services ,active,26000000,RWF,allowed
0.releases.3332.tender.lots.1,0.releases.3332,0,2,Renting playgrounds to RWANDA FDA,Renting playgrounds to RWANDA FDA,active,10000000,RWF,allowed
0.releases.3333.tender.lots.0,0.releases.3333,0,13, Human  Genetics  : KARYOTYPING REAGENTS AND CONSUMABLES,,active,5300948,RWF,allowed
0.releases.3333.tender.lots.1,0.releases.3333,0,1,IMMUNOSEROLOGY LABORATORY ITEMS ,,active,3986579,RWF,allowed
0.releases.3333.tender.lots.2,0.releases.3333,0,2,HISTOPATHOLOGY REAGENTS AND GENERAL CONSUMMABLES ,,active,20789921,RWF,allowed
0.releases.3333.tender.lots.3,0.releases.3333,0,3,IMMUNOHISTOCHEMISTRY ANTIBODIES AND  CONSUMMABLES ,,active,14198714,RWF,allowed
0.releases.3333.tender.lots.4,0.releases.3333,0,4,BACTERIOLOGY AND PARASITOLOGY   REAGENTS ,,active,6229018,RWF,allowed
0.releases.3333.tender.lots.5,0.releases.3333,0,5,BACTERIOLOGY CONSUMMABLES ,,active,8993971,RWF,allowed
0.releases.3333.tender.lots.6,0.releases.3333,0,6,KATO KATZ METHOD REAGENTS AND CONSUMMABLES,,active,4585893,RWF,allowed
0.releases.3333.tender.lots.7,0.releases.3333,0,7,GENERAL LABORATORY CONSUMMABLES ,,active,18192998,RWF,allowed
0.releases.3333.tender.lots.8,0.releases.3333,0,8,MOLECULAR BIOLOGY ITEMS ,,active,8245540,RWF,allowed
0.releases.3333.tender.lots.9,0.releases.3333,0,9,IMMUNOHEMATOLOGY AND  BLOOD  TRANSFUSION REAGENT AND CONSUMABLES,,active,4425304,RWF,allowed
0.releases.3333.tender.lots.10,0.releases.3333,0,10,BACTERIOLOGY ITEMS ,,active,463245,RWF,allowed
0.releases.3333.tender.lots.11,0.releases.3333,0,11,BIOPSY SPECIMEN CONTAINER ,,active,1770054,RWF,allowed
0.releases.3333.tender.lots.12,0.releases.3333,0,12,REAGENTS FOR IMMUNOFLOURENSENCE/FITC PATHOLOGY,,active,2817816,RWF,allowed
0.releases.3334.tender.lots.0,0.releases.3334,0,1,LotNo1,,active,,,allowed
0.releases.3336.tender.lots.0,0.releases.3336,0,13, Human  Genetics  : KARYOTYPING REAGENTS AND CONSUMABLES,,active,5300948,RWF,allowed
0.releases.3336.tender.lots.1,0.releases.3336,0,1,IMMUNOSEROLOGY LABORATORY ITEMS ,,active,3986579,RWF,allowed
0.releases.3336.tender.lots.2,0.releases.3336,0,2,HISTOPATHOLOGY REAGENTS AND GENERAL CONSUMMABLES ,,active,20789921,RWF,allowed
0.releases.3336.tender.lots.3,0.releases.3336,0,3,IMMUNOHISTOCHEMISTRY ANTIBODIES AND  CONSUMMABLES ,,active,14198714,RWF,allowed
0.releases.3336.tender.lots.4,0.releases.3336,0,4,BACTERIOLOGY AND PARASITOLOGY   REAGENTS ,,active,6229018,RWF,allowed
0.releases.3336.tender.lots.5,0.releases.3336,0,5,BACTERIOLOGY CONSUMMABLES ,,active,8993971,RWF,allowed
0.releases.3336.tender.lots.6,0.releases.3336,0,6,KATO KATZ METHOD REAGENTS AND CONSUMMABLES,,active,4585893,RWF,allowed
0.releases.3336.tender.lots.7,0.releases.3336,0,7,GENERAL LABORATORY CONSUMMABLES ,,active,18192998,RWF,allowed
0.releases.3336.tender.lots.8,0.releases.3336,0,8,MOLECULAR BIOLOGY ITEMS ,,active,8245540,RWF,allowed
0.releases.3336.tender.lots.9,0.releases.3336,0,9,IMMUNOHEMATOLOGY AND  BLOOD  TRANSFUSION REAGENT AND CONSUMABLES,,active,4425304,RWF,allowed
0.releases.3336.tender.lots.10,0.releases.3336,0,10,BACTERIOLOGY ITEMS ,,active,463245,RWF,allowed
0.releases.3336.tender.lots.11,0.releases.3336,0,11,BIOPSY SPECIMEN CONTAINER ,,active,1770054,RWF,allowed
0.releases.3336.tender.lots.12,0.releases.3336,0,12,REAGENTS FOR IMMUNOFLOURENSENCE/FITC PATHOLOGY,,active,2817816,RWF,allowed
0.releases.3337.tender.lots.0,0.releases.3337,0,1,Security services,Security services,active,7929600,RWF,allowed
0.releases.3338.tender.lots.0,0.releases.3338,0,1,Maintenance and washing office curtains (Re-advertisement),Maintenance and washing office curtains (Re-advertisement),active,10000000,RWF,allowed
0.releases.3339.tender.lots.0,0.releases.3339,0,1,Operationalization of sanitation facilities,Daily management of   Nduba Landfill,active,1724571888,RWF,allowed
0.releases.3339.tender.lots.1,0.releases.3339,0,1,Operationalization of sanitation facilities,Daily management of   Nduba Landfill,active,1724571888,RWF,allowed
0.releases.3340.tender.lots.0,0.releases.3340,0,1,Equipment for 9 new classrooms 3 blocks of latrines and 3 caregivers office for ECD in Gatsibo District,,active,35146243,RWF,allowed
0.releases.3344.tender.lots.0,0.releases.3344,0,1,Acquisition of a Service Trolley use in Cafeteria Canteen for the parliament of Rwanda,,active,748000,RWF,allowed
0.releases.3344.tender.lots.1,0.releases.3344,0,1,Acquisition of a Service Trolley use in Cafeteria Canteen for the parliament of Rwanda,,active,748000,RWF,allowed
0.releases.3347.tender.lots.0,0.releases.3347,0,1,MANAGE AND OPERATE NYANZA BUS PARK,MANAGE AND OPERATE NYANZA BUS PARK,active,1,RWF,allowed
0.releases.3347.tender.lots.1,0.releases.3347,0,2,"TENDER FOR BRANDING - ADVERTISING NYANZA CAR PARK, ZINIA MARKET AND GAHANGA MARKET ","TENDER FOR BRANDING - ADVERTISING NYANZA CAR PARK, ZINIA MARKET AND GAHANGA MARKET ",active,1,RWF,allowed
0.releases.3350.tender.lots.0,0.releases.3350,0,1,Supervision of Completion of works for the Construction of Chip Seal roads (1.55Km) in Ndora Sector,Consultancy ,active,15000000,RWF,allowed
0.releases.3352.tender.lots.0,0.releases.3352,0,1,Completion of works for the Construction of Chip seal roads (1.55km) in Ndora Sector,"category D of roads and bridges construction, ",active,380000000,RWF,allowed
0.releases.3353.tender.lots.0,0.releases.3353,0,1,Maintenance of IT equipment under framework agreement,Maintenance of IT equipment under framework agreement,active,17000000,RWF,allowed
0.releases.3355.tender.lots.0,0.releases.3355,0,1,LotNo1,,active,,,allowed
0.releases.3356.tender.lots.0,0.releases.3356,0,1,LotNo1,,active,,,allowed
0.releases.3357.tender.lots.0,0.releases.3357,0,1,Tender for provision vehicle insurance service,Tender for provision vehicle insurance service,active,329427914,RWF,allowed
0.releases.3358.tender.lots.0,0.releases.3358,0,1,Maintenance of office furnitures under frame work contract,,active,10000000,RWF,allowed
0.releases.3360.tender.lots.0,0.releases.3360,0,1,Supply of electrical equipment,,active,3000000,RWF,allowed
0.releases.3361.tender.lots.0,0.releases.3361,0,1,"Subscription on TVs, News papers and Radios to UR",•	Local TV Station: LOT 1 ,active,10000000,RWF,allowed
0.releases.3361.tender.lots.1,0.releases.3361,0,2,"Subscription on TVs, News papers and Radios to UR",Local Radio station Lot 2,active,10000000,RWF,allowed
0.releases.3361.tender.lots.2,0.releases.3361,0,3,"Subscription on TVs, News papers and Radios to UR",Local News papers and Magazine Lot 3,active,10000000,RWF,allowed
0.releases.3361.tender.lots.3,0.releases.3361,0,5,"Subscription on TVs, News papers and Radios to UR",Online Media Lot 5,active,10000000,RWF,allowed
0.releases.3362.tender.lots.0,0.releases.3362,0,1,Sports and recreational facilities and services ,Sports and recreational facilities and services ,active,26000000,RWF,allowed
0.releases.3362.tender.lots.1,0.releases.3362,0,2,Renting playgrounds to RWANDA FDA,Renting playgrounds to RWANDA FDA,active,10000000,RWF,allowed
0.releases.3363.tender.lots.0,0.releases.3363,0,1,Sports and recreational facilities and services ,Sports and recreational facilities and services ,active,26000000,RWF,allowed
0.releases.3363.tender.lots.1,0.releases.3363,0,2,Renting playgrounds to RWANDA FDA,Renting playgrounds to RWANDA FDA,active,10000000,RWF,allowed
0.releases.3364.tender.lots.0,0.releases.3364,0,1,Provision of Maintenance Services  Elevators of old Building,Provision of Maintenance Services  Elevators of old Building,active,18000000,RWF,allowed
0.releases.3365.tender.lots.0,0.releases.3365,0,1,Supply of Office Stationaries,,active,150000000,RWF,allowed
0.releases.3366.tender.lots.0,0.releases.3366,0,1,Tender for Supply of Office Equipments,,active,15000000,RWF,allowed
0.releases.3368.tender.lots.0,0.releases.3368,0,1,Provision of refreshments to RPPA staff and RPPA guests,,active,30814112,RWF,allowed
0.releases.3369.tender.lots.0,0.releases.3369,0,6,materials used in construction of classroom and retaining wall,,active,47484111,RWF,allowed
0.releases.3369.tender.lots.1,0.releases.3369,0,7,materials used in construction of classroom and retaining wall,,active,53685954,RWF,allowed
0.releases.3370.tender.lots.0,0.releases.3370,0,6,materials used in construction of classroom and retaining wall,,active,47484111,RWF,allowed
0.releases.3370.tender.lots.1,0.releases.3370,0,7,materials used in construction of classroom and retaining wall,,active,53685954,RWF,allowed
0.releases.3372.tender.lots.0,0.releases.3372,0,3,Acquisition of Sport  Facilities for  the Parliament of Rwanda KICUKIRO,Acquisition of Sport  Facilities for  the Parliament of Rwanda KICUKIRO,active,1363636,RWF,allowed
0.releases.3372.tender.lots.1,0.releases.3372,0,5,Acquisition of Sport  Facilities for  the Parliament of Rwanda Rusororo,Acquisition of Sport  Facilities for  the Parliament of Rwanda Rusororo,active,1363636,RWF,allowed
0.releases.3372.tender.lots.2,0.releases.3372,0,10,Acquisition of Sport  Facilities for  the Parliament of Rwanda BUGESERA,Acquisition of Sport  Facilities for  the Parliament of Rwanda BUGESERA,active,1363636,RWF,allowed
0.releases.3372.tender.lots.3,0.releases.3372,0,11,Acquisition of Sport  Facilities for  the Parliament of Rwanda KIMIRONKO /MUSHIMIRE,Acquisition of Sport  Facilities for  the Parliament of Rwanda KIMIRONKO /MUSHIMIRE,active,1363636,RWF,allowed
0.releases.3373.tender.lots.0,0.releases.3373,0,1,Sports and recreational services,Sports and recreational services,active,5000000,RWF,allowed
0.releases.3374.tender.lots.0,0.releases.3374,0,1,Recruitment of an Individual Consultant to support the development of a Virtual Property and Building Addressing System.,Recruitment of an Individual Consultant to support the development of a Virtual Property and Building Addressing System.,active,60000000,RWF,allowed
0.releases.3375.tender.lots.0,0.releases.3375,0,1,Supply of small tools and consumables in Agri Mechanization Technology department,,active,10000000,RWF,allowed
0.releases.3375.tender.lots.1,0.releases.3375,0,1,Supply of small tools and consumables in Agri Mechanization Technology department,,active,10000000,RWF,allowed
0.releases.3376.tender.lots.0,0.releases.3376,0,1,Supply of Hormones and accessories Re-Advertisement,,active,1890000000,RWF,allowed
0.releases.3377.tender.lots.0,0.releases.3377,0,1,Supply of small tools and consumables in Irrigation and drainage  Technology departmen Lot 1: Agricuture Input,,active,15600000,RWF,allowed
0.releases.3378.tender.lots.0,0.releases.3378,0,1,Provision of Design and printing services to IPRC Gishari(re advertised),Provision of Design and printing services to IPRC Gishari(re advertised),active,17024099,RWF,allowed
0.releases.3379.tender.lots.0,0.releases.3379,0,1,Preparation of RSSB Financial statement ,Preparation of RSSB Financial statement ,active,400000000,RWF,allowed
0.releases.3381.tender.lots.0,0.releases.3381,0,1,Maintenance of Lift at Commercial High Court,Maintenance of Lift at Commercial High Court,active,15000000,RWF,allowed
0.releases.3384.tender.lots.0,0.releases.3384,0,1,Supply of reagents for aeroponics and greenhouse,,active,70000000,RWF,allowed
0.releases.3384.tender.lots.1,0.releases.3384,0,1,Supply of reagents for aeroponics and greenhouse,,active,70000000,RWF,allowed
0.releases.3385.tender.lots.0,0.releases.3385,0,1,Supply of grasses (Elephant grass) for radical terraces protection,,active,30000000,RWF,allowed
0.releases.3387.tender.lots.0,0.releases.3387,0,5,Radio Services,Lot 5: Radio Services,active,20000000,RWF,allowed
0.releases.3387.tender.lots.1,0.releases.3387,0,6,TV Services,Lot 6: TV Services,active,40000000,RWF,allowed
0.releases.3387.tender.lots.2,0.releases.3387,0,1,Print Production & Installation,Lot 1 Print Production & Installation,active,70000000,RWF,allowed
0.releases.3387.tender.lots.3,0.releases.3387,0,2,Outdoor advertisement on Digital LED billboards,Lot2: Outdoor advertisement on Digital LED billboards,active,50000000,RWF,allowed
0.releases.3387.tender.lots.4,0.releases.3387,0,3,Conference Setup ,Lot 3. Conference Setup ,active,52000000,RWF,allowed
0.releases.3387.tender.lots.5,0.releases.3387,0,4,Events Media Coverage,Lot 4:  Events Media Coverage,active,50000000,RWF,allowed
0.releases.3387.tender.lots.6,0.releases.3387,0,7,Online media & Interactive,Lot 7: Online media & Interactive,active,40000000,RWF,allowed
0.releases.3387.tender.lots.7,0.releases.3387,0,8,Production of TV and Radio Spot ,Lot 8: Production of TV and Radio Spot  ,active,10000000,RWF,allowed
0.releases.3387.tender.lots.8,0.releases.3387,0,9,Simultaneous Interpretation in the Executive Meetings,Lot 9: Simultaneous Interpretation in the Executive Meetings ,active,10000000,RWF,allowed
0.releases.3388.tender.lots.0,0.releases.3388,0,1,SUPPLY AND COMMISSIONING TYRES FOR RDB’S VEHICLES AND MOTORCYCLES UNDER A FRAMEWORK CONTRACT,,active,80000000,RWF,allowed
0.releases.3390.tender.lots.0,0.releases.3390,0,1,Maintenance of washing machine(IMESA),Maintenance of washing machine(IMESA),active,4650000,RWF,allowed
0.releases.3391.tender.lots.0,0.releases.3391,0,1,Tender for Vaccination & Insemination through Veterinary Sanitary Mandate in Rutsiro District,Tender for Vaccination & Insemination through Veterinary Sanitary Mandate in Rutsiro District,active,47137153,RWF,allowed
0.releases.3393.tender.lots.0,0.releases.3393,0,1,Hotel and restaurant services,RP Ngoma College,active,9608673,RWF,allowed
0.releases.3394.tender.lots.0,0.releases.3394,0,5,Radio Services,Lot 5: Radio Services,active,20000000,RWF,allowed
0.releases.3394.tender.lots.1,0.releases.3394,0,6,TV Services,Lot 6: TV Services,active,40000000,RWF,allowed
0.releases.3394.tender.lots.2,0.releases.3394,0,1,Print Production & Installation,Lot 1 Print Production & Installation,active,70000000,RWF,allowed
0.releases.3394.tender.lots.3,0.releases.3394,0,2,Outdoor advertisement on Digital LED billboards,Lot2: Outdoor advertisement on Digital LED billboards,active,50000000,RWF,allowed
0.releases.3394.tender.lots.4,0.releases.3394,0,3,Conference Setup ,Lot 3. Conference Setup ,active,52000000,RWF,allowed
0.releases.3394.tender.lots.5,0.releases.3394,0,4,Events Media Coverage,Lot 4:  Events Media Coverage,active,50000000,RWF,allowed
0.releases.3394.tender.lots.6,0.releases.3394,0,7,Online media & Interactive,Lot 7: Online media & Interactive,active,40000000,RWF,allowed
0.releases.3394.tender.lots.7,0.releases.3394,0,8,Production of TV and Radio Spot ,Lot 8: Production of TV and Radio Spot  ,active,10000000,RWF,allowed
0.releases.3394.tender.lots.8,0.releases.3394,0,9,Simultaneous Interpretation in the Executive Meetings,Lot 9: Simultaneous Interpretation in the Executive Meetings ,active,10000000,RWF,allowed
0.releases.3395.tender.lots.0,0.releases.3395,0,1,"Supervision of rehabilitation and extension of Water Supply Systems on 39.84km in Muringa,Jomba and Bigogwe Sectors","Supervision of rehabilitation and extension of Water Supply Systems on 39.84km in Muringa,Jomba and Bigogwe Sectors",active,35000000,RWF,allowed
0.releases.3395.tender.lots.1,0.releases.3395,0,1,"Supervision of rehabilitation and extension of Water Supply Systems on 39.84km in Muringa,Jomba and Bigogwe Sectors","Supervision of rehabilitation and extension of Water Supply Systems on 39.84km in Muringa,Jomba and Bigogwe Sectors",active,35000000,RWF,allowed
0.releases.3396.tender.lots.0,0.releases.3396,0,1,"Supply of Specialized equipment in poultry, pig, and Rabbit",,active,150000000,RWF,allowed
0.releases.3397.tender.lots.0,0.releases.3397,0,1,Provide vaccination and insemination related activities(re-advirtising),Provide vaccination and insemination related activities(re-advirtising),active,92092020,RWF,allowed
0.releases.3397.tender.lots.1,0.releases.3397,0,1,Provide vaccination and insemination related activities(re-advirtising),Provide vaccination and insemination related activities(re-advirtising),active,92092020,RWF,allowed
0.releases.3398.tender.lots.0,0.releases.3398,0,1,Provision of Catering and Hotel Services to Nyabihu District (Hotel from MUSANZE District,Hotels from MUSANZE,active,10000000,RWF,allowed
0.releases.3398.tender.lots.1,0.releases.3398,0,2,Provision of Catering and Hotel Services to Nyabihu District (Hotel from RUBAVU District,Hotels from Rubavu,active,10000000,RWF,allowed
0.releases.3399.tender.lots.0,0.releases.3399,0,1,Provision of Cleaning Services at RSA under framework agreement,Provision of Cleaning Services at RSA under framework agreement,active,12000000,RWF,allowed
0.releases.3399.tender.lots.1,0.releases.3399,0,1,Provision of Cleaning Services at RSA under framework agreement,Provision of Cleaning Services at RSA under framework agreement,active,12000000,RWF,allowed
0.releases.3400.tender.lots.0,0.releases.3400,0,1,SUPPLY OF DRUGS,,active,99142724,RWF,allowed
0.releases.3400.tender.lots.1,0.releases.3400,0,2,SUPPLY OF MEDICAL CONSUMABLES,,active,49880228,RWF,allowed
0.releases.3400.tender.lots.2,0.releases.3400,0,3,SUPPLY OF MEDICAL EQUIPMENTS,,active,60001950,RWF,allowed
0.releases.3404.tender.lots.0,0.releases.3404,0,1,Supply of consumables for aeroponics and greenhouse,,active,25000000,RWF,allowed
0.releases.3405.tender.lots.0,0.releases.3405,0,1,LotNo1,,active,,,allowed
0.releases.3405.tender.lots.1,0.releases.3405,0,1,LotNo1,,active,,,allowed
0.releases.3406.tender.lots.0,0.releases.3406,0,1,Provision of garage services for RP Karongi College Vehicles under framework Contract,Provision of garage services for RP Karongi College Vehicles under framework Contract,active,14987369,RWF,allowed
0.releases.3406.tender.lots.1,0.releases.3406,0,1,Provision of garage services for RP Karongi College Vehicles under framework Contract,Provision of garage services for RP Karongi College Vehicles under framework Contract,active,14987369,RWF,allowed
0.releases.3407.tender.lots.0,0.releases.3407,0,1,"Production of TV and radio show, documentary film, spot on radio and TV promoting MINICOM activities","Production of TV and radio show, documentary film, spot on radio and TV promoting MINICOM activities",active,10000000,RWF,allowed
0.releases.3408.tender.lots.0,0.releases.3408,0,1,Tender of maintenance and repair IT equipment,Tender of maintenance and repair IT equipment,active,8500000,RWF,allowed
0.releases.3409.tender.lots.0,0.releases.3409,0,1,Maintenance of office furnitures under frame work contract,,active,10000000,RWF,allowed
0.releases.3410.tender.lots.0,0.releases.3410,0,1,Supply of grasses (Elephant grass) for radical terraces protection,,active,30000000,RWF,allowed
0.releases.3411.tender.lots.0,0.releases.3411,0,1,Hiring the Individual consultant to conduct audit of BTR1 project,Hiring the Individual consultant to conduct audit of BTR1 project,active,5000000,RWF,allowed
0.releases.3413.tender.lots.0,0.releases.3413,0,1,Supply of Bricks for construction of science laboratories,,active,215127620,RWF,allowed
0.releases.3414.tender.lots.0,0.releases.3414,0,1,Conduct feasibility study for construction of Bigogwe playground,Conduct feasibility study for construction of Bigogwe playground,active,15000000,RWF,allowed
0.releases.3415.tender.lots.0,0.releases.3415,0,1,Conduct preventive and curative maintenance of non- medical equipment and spare parts,Conduct preventive and curative maintenance of non- medical equipment and spare parts,active,18860058,RWF,allowed
0.releases.3415.tender.lots.1,0.releases.3415,0,1,Conduct preventive and curative maintenance of non- medical equipment and spare parts,Conduct preventive and curative maintenance of non- medical equipment and spare parts,active,18860058,RWF,allowed
0.releases.3416.tender.lots.0,0.releases.3416,0,1,Supply of lime for radical terraces in CDAT Project,,active,16800000,RWF,allowed
0.releases.3419.tender.lots.0,0.releases.3419,0,1,Provision of Annual Catering services for OAG staff (Framework Tender),Provision of Annual Catering services for OAG staff,active,20000000,RWF,allowed
0.releases.3420.tender.lots.0,0.releases.3420,0,1,Supply of house furniture's for houses for vulnerable survivors of genocide against the Tutsi in Gisagara District,,active,7000000,RWF,allowed
0.releases.3422.tender.lots.0,0.releases.3422,0,1,"Purchase of Non-Medical Equipment(uniforms of nurse and Midwife,driver,tables,curtins,alezes,rideaux.....)",,active,7000000,RWF,allowed
0.releases.3423.tender.lots.0,0.releases.3423,0,1,Tea break required for the RCS staff,,active,44915200,RWF,allowed
0.releases.3424.tender.lots.0,0.releases.3424,0,1,SPORTS AND RECREATION SERVICES,SPORTS AND RECREATION SERVICES,active,5000000,RWF,allowed
0.releases.3425.tender.lots.0,0.releases.3425,0,1,Supply of small tools and consumables in Agri Mechanization Technology department,,active,10000000,RWF,allowed
0.releases.3425.tender.lots.1,0.releases.3425,0,1,Supply of small tools and consumables in Agri Mechanization Technology department,,active,10000000,RWF,allowed
0.releases.3426.tender.lots.0,0.releases.3426,0,1,Supply of small tools and consumables in Irrigation and drainage  Technology departmen Lot 1: Agricuture Input,,active,15600000,RWF,allowed
0.releases.3427.tender.lots.0,0.releases.3427,0,3,Acquisition of Sport  Facilities for  the Parliament of Rwanda KICUKIRO,Acquisition of Sport  Facilities for  the Parliament of Rwanda KICUKIRO,active,1363636,RWF,allowed
0.releases.3427.tender.lots.1,0.releases.3427,0,5,Acquisition of Sport  Facilities for  the Parliament of Rwanda Rusororo,Acquisition of Sport  Facilities for  the Parliament of Rwanda Rusororo,active,1363636,RWF,allowed
0.releases.3427.tender.lots.2,0.releases.3427,0,10,Acquisition of Sport  Facilities for  the Parliament of Rwanda BUGESERA,Acquisition of Sport  Facilities for  the Parliament of Rwanda BUGESERA,active,1363636,RWF,allowed
0.releases.3427.tender.lots.3,0.releases.3427,0,11,Acquisition of Sport  Facilities for  the Parliament of Rwanda KIMIRONKO /MUSHIMIRE,Acquisition of Sport  Facilities for  the Parliament of Rwanda KIMIRONKO /MUSHIMIRE,active,1363636,RWF,allowed
0.releases.3428.tender.lots.0,0.releases.3428,0,1,Tender for provision vehicle insurance service,Tender for provision vehicle insurance service,active,329427914,RWF,allowed
0.releases.3430.tender.lots.0,0.releases.3430,0,1,Transport,Hiring car for HEC's staff,active,15000000,RWF,allowed
0.releases.3430.tender.lots.1,0.releases.3430,0,1,Transport,Hiring car for HEC's staff,active,15000000,RWF,allowed
0.releases.3431.tender.lots.0,0.releases.3431,0,1,Hiring of an Individual Consultant to Develop the National Strategy for the Environmentally Sound Management of Plastic Waste,Hiring of an Individual Consultant to Develop the National Strategy for the Environmentally Sound Management of Plastic Waste,active,20000000,RWF,allowed
0.releases.3433.tender.lots.0,0.releases.3433,0,1,Provision of Sports Services,Provision of Sports Services,active,20000000,RWF,allowed
0.releases.3435.tender.lots.0,0.releases.3435,0,1,Maintenance of washing machine(IMESA),Maintenance of washing machine(IMESA),active,4650000,RWF,allowed
0.releases.3437.tender.lots.0,0.releases.3437,0,1,Provision of refreshments to RPPA staff and RPPA guests,,active,30814112,RWF,allowed
0.releases.3438.tender.lots.0,0.releases.3438,0,1,FEASIBILITY STUDY FOR REHABILITATION OF KARAMBI-MUYONGWE SECTOR ROAD OFFICE(3KM),FEASIBILITY STUDY FOR REHABILITATION OF KARAMBI-MUYONGWE SECTOR ROAD OFFICE(3KM),active,12000000,RWF,allowed
0.releases.3439.tender.lots.0,0.releases.3439,0,1,Purchase surveillance cameras and installation and  IT Equipment,,active,18848600,RWF,allowed
0.releases.3441.tender.lots.0,0.releases.3441,0,2,Acquisition Of Office Furniture and office equipment for Rwamagana Social Reintegration centre,,active,46785000,RWF,allowed
0.releases.3441.tender.lots.1,0.releases.3441,0,1,Acquisition Of Office Furniture and office equipment for Rwamagana Social Reintegration centre,,active,46785000,RWF,allowed
0.releases.3442.tender.lots.0,0.releases.3442,0,1,Provide vaccination and insemination related activities(re-advirtising),Provide vaccination and insemination related activities(re-advirtising),active,92092020,RWF,allowed
0.releases.3442.tender.lots.1,0.releases.3442,0,1,Provide vaccination and insemination related activities(re-advirtising),Provide vaccination and insemination related activities(re-advirtising),active,92092020,RWF,allowed
0.releases.3443.tender.lots.0,0.releases.3443,0,1,shrubs for radical terraces protection CDAT,shrubs for radical terraces protection CDAT,active,25000000,RWF,allowed
0.releases.3447.tender.lots.0,0.releases.3447,0,1,Hiring  the  Technical Specialist for Supporting a Green Economy -Decoupling Hazardous Waste Generation from Economic Growth in Rwanda Project,Hiring  the  Technical Specialist for Supporting a Green Economy -Decoupling Hazardous Waste Generation from Economic Growth in Rwanda Project,active,85000000,RWF,allowed
0.releases.3449.tender.lots.0,0.releases.3449,0,1,Provision of Sports Services,Provision of Sports Services,active,20000000,RWF,allowed
0.releases.3453.tender.lots.0,0.releases.3453,0,1,Supply of furniture for 32 new classrooms in Gatsibo District,,active,70480112,RWF,allowed
0.releases.3454.tender.lots.0,0.releases.3454,0,1,Equipment for 9 new classrooms 3 blocks of latrines and 3 caregivers office for ECD in Gatsibo District,,active,35146243,RWF,allowed
0.releases.3456.tender.lots.0,0.releases.3456,0,1,Tender for Supply of Office Equipments,,active,15000000,RWF,allowed
0.releases.3458.tender.lots.0,0.releases.3458,0,1,Provision of Insurance services for MININTER Operation Vehicles ,Provision of Insurance services for MININTER Operation Vehicles ,active,6000000,RWF,allowed
0.releases.3459.tender.lots.0,0.releases.3459,0,1,Procure and install 5 new AWS stations and 5 Rain Gauges over the Volcanoes region including spare parts and servers ( Re-advertisement,,active,413392500,RWF,allowed
0.releases.3460.tender.lots.0,0.releases.3460,0,1,Medical Buildings/Eastern Province,works,active,100000000,RWF,allowed
0.releases.3460.tender.lots.1,0.releases.3460,0,2,Non-storied and basement-free (G+0) AND Single Storied Building (G+1)//Eastern Province,Works,active,100000000,RWF,allowed
0.releases.3460.tender.lots.2,0.releases.3460,0,3,Storied Building (G+2) and above/Eastern Province,works,active,300000000,RWF,allowed
0.releases.3460.tender.lots.3,0.releases.3460,0,4,Medical Buildings/Westen Province,works,active,100000000,RWF,allowed
0.releases.3460.tender.lots.4,0.releases.3460,0,5,Non-storied and basement-free (G+0) AND Single Storied Building (G+1)//Western Province,works,active,100000000,RWF,allowed
0.releases.3460.tender.lots.5,0.releases.3460,0,6,Storied Building (G+2) and above/Western Province,works,active,100000000,RWF,allowed
0.releases.3461.tender.lots.0,0.releases.3461,0,1,Medical Buildings/Eastern Province,works,active,100000000,RWF,allowed
0.releases.3461.tender.lots.1,0.releases.3461,0,2,Non-storied and basement-free (G+0) AND Single Storied Building (G+1)//Eastern Province,Works,active,100000000,RWF,allowed
0.releases.3461.tender.lots.2,0.releases.3461,0,3,Storied Building (G+2) and above/Eastern Province,works,active,300000000,RWF,allowed
0.releases.3461.tender.lots.3,0.releases.3461,0,4,Medical Buildings/Westen Province,works,active,100000000,RWF,allowed
0.releases.3461.tender.lots.4,0.releases.3461,0,5,Non-storied and basement-free (G+0) AND Single Storied Building (G+1)//Western Province,works,active,100000000,RWF,allowed
0.releases.3461.tender.lots.5,0.releases.3461,0,6,Storied Building (G+2) and above/Western Province,works,active,100000000,RWF,allowed
0.releases.3463.tender.lots.0,0.releases.3463,0,1,Provision of Transportation Services to Staff of the Judiciary,Transportation Services ,active,15000001,RWF,allowed
0.releases.3465.tender.lots.0,0.releases.3465,0,1,Tender for Vaccination & Insemination through Veterinary Sanitary Mandate in Rutsiro District,Tender for Vaccination & Insemination through Veterinary Sanitary Mandate in Rutsiro District,active,47137153,RWF,allowed
0.releases.3466.tender.lots.0,0.releases.3466,0,1,Purchase of electricity,Purchase of electricity,active,12600000,RWF,allowed
0.releases.3467.tender.lots.0,0.releases.3467,0,1,BF- Feasibility Study of Rehabilitation of Mugombwa Health Center,BF- Feasibility Study of Rehabilitation of Mugombwa Health Center,active,10334159,RWF,allowed
0.releases.3468.tender.lots.0,0.releases.3468,0,1,Consulting services for Conducting Comprehensive Baseline Assessment of INTEGO Facility Funded Projects (1st COHORT),Consulting services for Conducting Comprehensive Baseline Assessment of INTEGO Facility Funded Projects (1st COHORT),active,150000000,RWF,allowed
0.releases.3468.tender.lots.1,0.releases.3468,0,1,Consulting services for Conducting Comprehensive Baseline Assessment of INTEGO Facility Funded Projects (1st COHORT),Consulting services for Conducting Comprehensive Baseline Assessment of INTEGO Facility Funded Projects (1st COHORT),active,150000000,RWF,allowed
0.releases.3468.tender.lots.2,0.releases.3468,0,1,LotNo1,,active,,,allowed
0.releases.3469.tender.lots.0,0.releases.3469,0,6,materials used in construction of classroom and retaining wall,,active,47484111,RWF,allowed
0.releases.3469.tender.lots.1,0.releases.3469,0,7,materials used in construction of classroom and retaining wall,,active,53685954,RWF,allowed
0.releases.3470.tender.lots.0,0.releases.3470,0,6,materials used in construction of classroom and retaining wall,,active,47484111,RWF,allowed
0.releases.3470.tender.lots.1,0.releases.3470,0,7,materials used in construction of classroom and retaining wall,,active,53685954,RWF,allowed
0.releases.3471.tender.lots.0,0.releases.3471,0,6,materials used in construction of classroom and retaining wall,,active,47484111,RWF,allowed
0.releases.3471.tender.lots.1,0.releases.3471,0,7,materials used in construction of classroom and retaining wall,,active,53685954,RWF,allowed
0.releases.3473.tender.lots.0,0.releases.3473,0,1,Maintenance of Lift at Commercial High Court,Maintenance of Lift at Commercial High Court,active,15000000,RWF,allowed
0.releases.3474.tender.lots.0,0.releases.3474,0,1,Supply and fix windows and doors in Classrooms with house furniture,,active,61657416,RWF,allowed
0.releases.3474.tender.lots.1,0.releases.3474,0,1,Supply and fix windows and doors in Classrooms with house furniture,,active,61657416,RWF,allowed
0.releases.3475.tender.lots.0,0.releases.3475,0,1,"Supervision of rehabilitation and extension of Water Supply Systems on 39.84km in Muringa,Jomba and Bigogwe Sectors","Supervision of rehabilitation and extension of Water Supply Systems on 39.84km in Muringa,Jomba and Bigogwe Sectors",active,35000000,RWF,allowed
0.releases.3475.tender.lots.1,0.releases.3475,0,1,"Supervision of rehabilitation and extension of Water Supply Systems on 39.84km in Muringa,Jomba and Bigogwe Sectors","Supervision of rehabilitation and extension of Water Supply Systems on 39.84km in Muringa,Jomba and Bigogwe Sectors",active,35000000,RWF,allowed
0.releases.3476.tender.lots.0,0.releases.3476,0,1,Provision of Catering and Hotel Services to Nyabihu District (Hotel from MUSANZE District,Hotels from MUSANZE,active,10000000,RWF,allowed
0.releases.3476.tender.lots.1,0.releases.3476,0,1,Provision of Catering and Hotel Services to Nyabihu District (Hotel from MUSANZE District,Hotels from MUSANZE,active,10000000,RWF,allowed
0.releases.3476.tender.lots.2,0.releases.3476,0,2,Provision of Catering and Hotel Services to Nyabihu District (Hotel from RUBAVU District,Hotels from Rubavu,active,10000000,RWF,allowed
0.releases.3477.tender.lots.0,0.releases.3477,0,1,Maintenance of IT equipment under framework agreement,Maintenance of IT equipment under framework agreement,active,17000000,RWF,allowed
0.releases.3478.tender.lots.0,0.releases.3478,0,1,"Supplying clean water on 139.959km in Mukamira ,Rurembo, Karago, Kintobo and Rugera sectors from Mutera source in Nyabihu District ( Phase II)","Supplying clean water on 139.959km in Mukamira ,Rurembo, Karago, Kintobo and Rugera sectors from Mutera source in Nyabihu District ( Phase II)",active,4510364045,RWF,allowed
0.releases.3479.tender.lots.0,0.releases.3479,0,1,Supply and installation of office furniture,,active,238336471,RWF,allowed
0.releases.3479.tender.lots.1,0.releases.3479,0,2,Supply and installation of equipment for resting/ stimulation,,active,25425000,RWF,allowed
0.releases.3479.tender.lots.2,0.releases.3479,0,3,Supply of learning and teaching materials,,active,32535000,RWF,allowed
0.releases.3479.tender.lots.3,0.releases.3479,0,4,Supply of kitchen and WASH materials,,active,64414049,RWF,allowed
0.releases.3480.tender.lots.0,0.releases.3480,0,1,Supply and installation of office furniture,,active,238336471,RWF,allowed
0.releases.3480.tender.lots.1,0.releases.3480,0,2,Supply and installation of equipment for resting/ stimulation,,active,25425000,RWF,allowed
0.releases.3480.tender.lots.2,0.releases.3480,0,3,Supply of learning and teaching materials,,active,32535000,RWF,allowed
0.releases.3480.tender.lots.3,0.releases.3480,0,4,Supply of kitchen and WASH materials,,active,64414049,RWF,allowed
0.releases.3481.tender.lots.0,0.releases.3481,0,1,Supply and installation of office furniture,,active,238336471,RWF,allowed
0.releases.3481.tender.lots.1,0.releases.3481,0,2,Supply and installation of equipment for resting/ stimulation,,active,25425000,RWF,allowed
0.releases.3481.tender.lots.2,0.releases.3481,0,3,Supply of learning and teaching materials,,active,32535000,RWF,allowed
0.releases.3481.tender.lots.3,0.releases.3481,0,4,Supply of kitchen and WASH materials,,active,64414049,RWF,allowed
0.releases.3482.tender.lots.0,0.releases.3482,0,1,Urgent works of rehabilitation /Repair of damaged Road Sections Located on Nkuri- Rurembo- Rwankeri-Kintobo-Nyakiriba-Nyakinama Unpaved District  Road under Design and Build Approach,Urgent works of rehabilitation /Repair of damaged Road Sections Located on Nkuri- Rurembo- Rwankeri-Kintobo-Nyakiriba-Nyakinama Unpaved District  Road under Design and Build Approach,active,6875317857,RWF,allowed
0.releases.3484.tender.lots.0,0.releases.3484,0,1,Tender for renovation works of Gashonga Preliminary rehabilitation Center in Rusizi District,Buildings,active,39303810,RWF,allowed
0.releases.3484.tender.lots.1,0.releases.3484,0,1,Tender for renovation works of Gashonga Preliminary rehabilitation Center in Rusizi District,Buildings,active,39303810,RWF,allowed
0.releases.3485.tender.lots.0,0.releases.3485,0,1,Maintenance of Sound system,Maintenance of Sound system,active,3000000,RWF,allowed
0.releases.3486.tender.lots.0,0.releases.3486,0,1,Tender for renovation works of Gashonga Preliminary rehabilitation Center in Rusizi District,Buildings,active,39303810,RWF,allowed
0.releases.3486.tender.lots.1,0.releases.3486,0,1,Tender for renovation works of Gashonga Preliminary rehabilitation Center in Rusizi District,Buildings,active,39303810,RWF,allowed
0.releases.3487.tender.lots.0,0.releases.3487,0,1,Annual Framework tender for maintenance of road infrastructures in Rusizi District,Roads and Bridges,active,43000000,RWF,allowed
0.releases.3489.tender.lots.0,0.releases.3489,0,1,Provision of loading and unloading service(Re-Advertised),Provision of loading and unloading service(Re-Advertised),active,90000000,RWF,allowed
0.releases.3490.tender.lots.0,0.releases.3490,0,1,"Tender  for the Purchase of office furniture (Desks, chairs,..) for KISUP team",,active,20000012,RWF,allowed
0.releases.3490.tender.lots.1,0.releases.3490,0,1,"Tender  for the Purchase of office furniture (Desks, chairs,..) for KISUP team",,active,20000012,RWF,allowed
0.releases.3491.tender.lots.0,0.releases.3491,0,1,Medical Buildings/Eastern Province,works,active,100000000,RWF,allowed
0.releases.3491.tender.lots.1,0.releases.3491,0,2,Non-storied and basement-free (G+0) AND Single Storied Building (G+1)//Eastern Province,Works,active,100000000,RWF,allowed
0.releases.3491.tender.lots.2,0.releases.3491,0,3,Storied Building (G+2) and above/Eastern Province,works,active,300000000,RWF,allowed
0.releases.3491.tender.lots.3,0.releases.3491,0,4,Medical Buildings/Westen Province,works,active,100000000,RWF,allowed
0.releases.3491.tender.lots.4,0.releases.3491,0,5,Non-storied and basement-free (G+0) AND Single Storied Building (G+1)//Western Province,works,active,100000000,RWF,allowed
0.releases.3491.tender.lots.5,0.releases.3491,0,6,Storied Building (G+2) and above/Western Province,works,active,100000000,RWF,allowed
0.releases.3492.tender.lots.0,0.releases.3492,0,1,Tea break required for the RCS staff,,active,44915200,RWF,allowed
0.releases.3494.tender.lots.0,0.releases.3494,0,1,Recruitment of an Individual Consultant to support the development of a Virtual Property and Building Addressing System.,Recruitment of an Individual Consultant to support the development of a Virtual Property and Building Addressing System.,active,60000000,RWF,allowed
0.releases.3495.tender.lots.0,0.releases.3495,0,1,Provision of Security Guarding Service to the Residence of the Minister of Interior,Provision of Security Guarding Services,active,6600000,RWF,allowed
0.releases.3496.tender.lots.0,0.releases.3496,0,1,Supply of Vegetable seeds and fruits,,active,54000000,RWF,allowed
0.releases.3496.tender.lots.1,0.releases.3496,0,1,Supply of Vegetable seeds and fruits,,active,54000000,RWF,allowed
0.releases.3497.tender.lots.0,0.releases.3497,0,1,Supply of Farm and cleaning equipment for bulls,,active,30000000,RWF,allowed
0.releases.3497.tender.lots.1,0.releases.3497,0,1,Supply of Farm and cleaning equipment for bulls,,active,30000000,RWF,allowed
0.releases.3498.tender.lots.0,0.releases.3498,0,1,Consultancy to perform Flood risk mapping to inform the FEWS as well as  vulnerability and exposure mapping.,Consultancy to perform Flood risk mapping to inform the FEWS as well as  vulnerability and exposure mapping.,active,436335000,RWF,allowed
0.releases.3498.tender.lots.1,0.releases.3498,0,1,LotNo1,,active,,,allowed
0.releases.3498.tender.lots.2,0.releases.3498,0,1,LotNo1,,active,,,allowed
0.releases.3499.tender.lots.0,0.releases.3499,0,1,LotNo1,,active,,,allowed
0.releases.3499.tender.lots.1,0.releases.3499,0,1,LotNo1,,active,,,allowed
0.releases.3500.tender.lots.0,0.releases.3500,0,1,Purchase of  stationaries and printings for Kibungo referral Hospital,,active,46859440,RWF,allowed
0.releases.3501.tender.lots.0,0.releases.3501,0,1,Maintenance of Kibungo referral Hospital Vehicules   and Generator,KLTTH,active,31143704,RWF,allowed
0.releases.3502.tender.lots.0,0.releases.3502,0,1,"Subscription on TVs, News papers and Radios to UR",•	Local TV Station: LOT 1 ,active,10000000,RWF,allowed
0.releases.3502.tender.lots.1,0.releases.3502,0,2,"Subscription on TVs, News papers and Radios to UR",Local Radio station Lot 2,active,10000000,RWF,allowed
0.releases.3502.tender.lots.2,0.releases.3502,0,3,"Subscription on TVs, News papers and Radios to UR",Local News papers and Magazine Lot 3,active,10000000,RWF,allowed
0.releases.3502.tender.lots.3,0.releases.3502,0,5,"Subscription on TVs, News papers and Radios to UR",Online Media Lot 5,active,10000000,RWF,allowed
0.releases.3503.tender.lots.0,0.releases.3503,0,1,lot 1,,active,120000000,RWF,allowed
0.releases.3503.tender.lots.1,0.releases.3503,0,2,lo2,,active,85000000,RWF,allowed
0.releases.3503.tender.lots.2,0.releases.3503,0,3,lo3,,active,51000000,RWF,allowed
0.releases.3503.tender.lots.3,0.releases.3503,0,4,lo4,,active,50000000,RWF,allowed
0.releases.3503.tender.lots.4,0.releases.3503,0,5,LOT 5,,active,150000000,RWF,allowed
0.releases.3503.tender.lots.5,0.releases.3503,0,6,LOT6,,active,30000000,RWF,allowed
0.releases.3504.tender.lots.0,0.releases.3504,0,1,Supply of agroforestry trees and Kakamega to be used in SP-cPW-established progressive terraces in Kirehe District.,,active,16612385,RWF,allowed
0.releases.3507.tender.lots.0,0.releases.3507,0,1,Construction of Adeper GS Muhoza Bralirwa asphalt road,Construction of Adeper GS Muhoza Bralirwa asphalt road,active,418513139,RWF,allowed
0.releases.3508.tender.lots.0,0.releases.3508,0,1,PROVISION OF DIFFERENT SERVICES FOR RIB EVENTS,PROVISION OF SOUND SYSTEM SERVICES ,active,9000000,RWF,allowed
0.releases.3508.tender.lots.1,0.releases.3508,0,2,PROVISION OF DIFFERENT SERVICES FOR RIB EVENTS,RENTAL OF TV SCREENS ,active,6000000,RWF,allowed
0.releases.3509.tender.lots.0,0.releases.3509,0,1,Provision of decoration services,Provision of decoration services,active,60000000,RWF,allowed
0.releases.3510.tender.lots.0,0.releases.3510,0,1,Provision of hotel services in Musanze (framework contracts),Hotel services in Musanze ,active,10000000,RWF,allowed
0.releases.3511.tender.lots.0,0.releases.3511,0,1,Tender for provision vehicle insurance service,Tender for provision vehicle insurance service,active,329427914,RWF,allowed
0.releases.3512.tender.lots.0,0.releases.3512,0,1,"purchase materials for hospital infrastructure maintenance and rehabilitation (construction,electrical and plumbing)","purchase materials for hospital infrastructure maintenance and rehabilitation (construction,electrical and plumbing)",active,20833280,RWF,allowed
0.releases.3512.tender.lots.1,0.releases.3512,0,1,"purchase materials for hospital infrastructure maintenance and rehabilitation (construction,electrical and plumbing)","purchase materials for hospital infrastructure maintenance and rehabilitation (construction,electrical and plumbing)",active,20833280,RWF,allowed
0.releases.3513.tender.lots.0,0.releases.3513,0,1,Supply of house furniture's for houses for vulnerable survivors of genocide against the Tutsi in Gisagara District,,active,7000000,RWF,allowed
0.releases.3517.tender.lots.0,0.releases.3517,0,1,Supply of Laptop Grand Screen,,active,2000000,RWF,allowed
0.releases.3520.tender.lots.0,0.releases.3520,0,1,"Provision of hotel services (hiring of conference halls, workshops, trainings, accommodations, restaurants and receptions outside of Kigali (framework contract)","Provision of hotel services (hiring of conference halls, workshops, trainings, accommodations, restaurants and receptions outside of Kigali (framework contract)",active,18000000,RWF,allowed
0.releases.3520.tender.lots.1,0.releases.3520,0,1,"Provision of hotel services (hiring of conference halls, workshops, trainings, accommodations, restaurants and receptions outside of Kigali (framework contract)","Provision of hotel services (hiring of conference halls, workshops, trainings, accommodations, restaurants and receptions outside of Kigali (framework contract)",active,18000000,RWF,allowed
0.releases.3521.tender.lots.0,0.releases.3521,0,1,"Provision of hotel services (hiring of conference halls, workshops, trainings, accommodations, restaurants and receptions outside of Kigali (framework contract)","Provision of hotel services (hiring of conference halls, workshops, trainings, accommodations, restaurants and receptions outside of Kigali (framework contract)",active,18000000,RWF,allowed
0.releases.3521.tender.lots.1,0.releases.3521,0,1,"Provision of hotel services (hiring of conference halls, workshops, trainings, accommodations, restaurants and receptions outside of Kigali (framework contract)","Provision of hotel services (hiring of conference halls, workshops, trainings, accommodations, restaurants and receptions outside of Kigali (framework contract)",active,18000000,RWF,allowed
0.releases.3522.tender.lots.0,0.releases.3522,0,1,Supply and installation of Rainwater Harvesting Tanks to different schools of Kirehe District,,active,6455612,RWF,allowed
0.releases.3523.tender.lots.0,0.releases.3523,0,1,LotNo1,,active,,,allowed
0.releases.3523.tender.lots.1,0.releases.3523,0,1,Supervision and Monitoring of Execution of Three Years Maintenance of Kigali-Huye-Akanyaru (157 Km),Supervision and Monitoring of Execution of Three Years Maintenance of Kigali-Huye-Akanyaru (157 Km),active,246553620,RWF,allowed
0.releases.3524.tender.lots.0,0.releases.3524,0,1,LotNo1,,active,,,allowed
0.releases.3524.tender.lots.1,0.releases.3524,0,1,Supervision and Monitoring of Execution of Three Years Maintenance of Kigali-Huye-Akanyaru (157 Km),Supervision and Monitoring of Execution of Three Years Maintenance of Kigali-Huye-Akanyaru (157 Km),active,246553620,RWF,allowed
0.releases.3526.tender.lots.0,0.releases.3526,0,1,Sports and recreational facilities and services ,Sports and recreational facilities and services ,active,26000000,RWF,allowed
0.releases.3526.tender.lots.1,0.releases.3526,0,2,Renting playgrounds to RWANDA FDA,Renting playgrounds to RWANDA FDA,active,10000000,RWF,allowed
0.releases.3527.tender.lots.0,0.releases.3527,0,2,Supply of Tables for the Meeting Room of Western Province,,active,10800000,RWF,allowed
0.releases.3527.tender.lots.1,0.releases.3527,0,2,Supply of Tables for the Meeting Room of Western Province,,active,10800000,RWF,allowed
0.releases.3528.tender.lots.0,0.releases.3528,0,1,Feasibility and Detailed Design for the Rehabilitation and Upgrading of Kimisagara WTP,Feasibility and Detailed Design for the Rehabilitation and Upgrading of Kimisagara WTP,active,518500000,RWF,allowed
0.releases.3528.tender.lots.1,0.releases.3528,0,1,LotNo1,,active,,,allowed
0.releases.3529.tender.lots.0,0.releases.3529,0,1,Maintenance of washing machine(IMESA),Maintenance of washing machine(IMESA),active,4650000,RWF,allowed
0.releases.3530.tender.lots.0,0.releases.3530,0,1,"Provision of hotel services (hiring of conference halls, workshops, trainings, accommodations, restaurants and receptions outside of Kigali (framework contract)","Provision of hotel services (hiring of conference halls, workshops, trainings, accommodations, restaurants and receptions outside of Kigali (framework contract)",active,18000000,RWF,allowed
0.releases.3530.tender.lots.1,0.releases.3530,0,1,"Provision of hotel services (hiring of conference halls, workshops, trainings, accommodations, restaurants and receptions outside of Kigali (framework contract)","Provision of hotel services (hiring of conference halls, workshops, trainings, accommodations, restaurants and receptions outside of Kigali (framework contract)",active,18000000,RWF,allowed
0.releases.3531.tender.lots.0,0.releases.3531,0,1,Provision of Design and printing services to IPRC Gishari(re advertised),Provision of Design and printing services to IPRC Gishari(re advertised),active,17024099,RWF,allowed
0.releases.3532.tender.lots.0,0.releases.3532,0,1,"Provision of hotel services (hiring of conference halls, workshops, trainings, accommodations, restaurants and receptions outside of Kigali (framework contract)","Provision of hotel services (hiring of conference halls, workshops, trainings, accommodations, restaurants and receptions outside of Kigali (framework contract)",active,18000000,RWF,allowed
0.releases.3532.tender.lots.1,0.releases.3532,0,1,"Provision of hotel services (hiring of conference halls, workshops, trainings, accommodations, restaurants and receptions outside of Kigali (framework contract)","Provision of hotel services (hiring of conference halls, workshops, trainings, accommodations, restaurants and receptions outside of Kigali (framework contract)",active,18000000,RWF,allowed
0.releases.3533.tender.lots.0,0.releases.3533,0,1,"Provision of hotel services (hiring of conference halls, workshops, trainings, accommodations, restaurants and receptions outside of Kigali (framework contract)","Provision of hotel services (hiring of conference halls, workshops, trainings, accommodations, restaurants and receptions outside of Kigali (framework contract)",active,18000000,RWF,allowed
0.releases.3533.tender.lots.1,0.releases.3533,0,1,"Provision of hotel services (hiring of conference halls, workshops, trainings, accommodations, restaurants and receptions outside of Kigali (framework contract)","Provision of hotel services (hiring of conference halls, workshops, trainings, accommodations, restaurants and receptions outside of Kigali (framework contract)",active,18000000,RWF,allowed
0.releases.3534.tender.lots.0,0.releases.3534,0,1,"Provision of hotel services (hiring of conference halls, workshops, trainings, accommodations, restaurants and receptions outside of Kigali (framework contract)","Provision of hotel services (hiring of conference halls, workshops, trainings, accommodations, restaurants and receptions outside of Kigali (framework contract)",active,18000000,RWF,allowed
0.releases.3534.tender.lots.1,0.releases.3534,0,1,"Provision of hotel services (hiring of conference halls, workshops, trainings, accommodations, restaurants and receptions outside of Kigali (framework contract)","Provision of hotel services (hiring of conference halls, workshops, trainings, accommodations, restaurants and receptions outside of Kigali (framework contract)",active,18000000,RWF,allowed
0.releases.3535.tender.lots.0,0.releases.3535,0,1,"Provision of hotel services (hiring of conference halls, workshops, trainings, accommodations, restaurants and receptions outside of Kigali (framework contract)","Provision of hotel services (hiring of conference halls, workshops, trainings, accommodations, restaurants and receptions outside of Kigali (framework contract)",active,18000000,RWF,allowed
0.releases.3535.tender.lots.1,0.releases.3535,0,1,"Provision of hotel services (hiring of conference halls, workshops, trainings, accommodations, restaurants and receptions outside of Kigali (framework contract)","Provision of hotel services (hiring of conference halls, workshops, trainings, accommodations, restaurants and receptions outside of Kigali (framework contract)",active,18000000,RWF,allowed
0.releases.3536.tender.lots.0,0.releases.3536,0,1,"Provision of hotel services (hiring of conference halls, workshops, trainings, accommodations, restaurants and receptions outside of Kigali (framework contract)","Provision of hotel services (hiring of conference halls, workshops, trainings, accommodations, restaurants and receptions outside of Kigali (framework contract)",active,18000000,RWF,allowed
0.releases.3536.tender.lots.1,0.releases.3536,0,1,"Provision of hotel services (hiring of conference halls, workshops, trainings, accommodations, restaurants and receptions outside of Kigali (framework contract)","Provision of hotel services (hiring of conference halls, workshops, trainings, accommodations, restaurants and receptions outside of Kigali (framework contract)",active,18000000,RWF,allowed
0.releases.3537.tender.lots.0,0.releases.3537,0,2,Supply of Tables for the Meeting Room of Western Province,,active,10800000,RWF,allowed
0.releases.3537.tender.lots.1,0.releases.3537,0,2,Supply of Tables for the Meeting Room of Western Province,,active,10800000,RWF,allowed
0.releases.3539.tender.lots.0,0.releases.3539,0,1,Provision of printing services to NCDA,Provision of printing services to NCDA,active,19500000,RWF,allowed
0.releases.3539.tender.lots.1,0.releases.3539,0,1,Provision of printing services to NCDA,Provision of printing services to NCDA,active,19500000,RWF,allowed
0.releases.3540.tender.lots.0,0.releases.3540,0,1,"Tender for Decoration, sonorisation and related services in  Byumba Level Two Teaching  Hospital","Tender for Decoration, sonorisation and related services in  Byumba Level Two Teaching  Hospital",active,3000085,RWF,allowed
0.releases.3541.tender.lots.0,0.releases.3541,0,1,Recruitment of Proffessional court bailiff,Recruitment of Proffessional court bailiff,active,2000000,RWF,allowed
0.releases.3542.tender.lots.0,0.releases.3542,0,1,Provision of Cleaning Services at RSA under framework agreement,Provision of Cleaning Services at RSA under framework agreement,active,12000000,RWF,allowed
0.releases.3542.tender.lots.1,0.releases.3542,0,1,Provision of Cleaning Services at RSA under framework agreement,Provision of Cleaning Services at RSA under framework agreement,active,12000000,RWF,allowed
0.releases.3544.tender.lots.0,0.releases.3544,0,1,"Supply materials for maintenance of infrastructure, Electricity and Plumbing in Kaduha Hospital",,active,12245220,RWF,allowed
0.releases.3546.tender.lots.0,0.releases.3546,0,1,Supply of  ICT consumables,,active,9175000,RWF,allowed
0.releases.3547.tender.lots.0,0.releases.3547,0,1,Supply and Installation of Car Parking Tents,,active,6000000,RWF,allowed
0.releases.3549.tender.lots.0,0.releases.3549,0,1,Supply of printed materials,Supply of printed materials,active,100000000,RWF,allowed
0.releases.3551.tender.lots.0,0.releases.3551,0,1,Supply of one Electric Vehicle,,active,95000000,RWF,allowed
0.releases.3552.tender.lots.0,0.releases.3552,0,1,Rehabilitation and repair of damaged spots located on Rusizi– Buhinga - Tyazo Road,Rehabilitation and repair of damaged spots located on Rusizi– Buhinga - Tyazo Road,active,2922984375,RWF,allowed
0.releases.3553.tender.lots.0,0.releases.3553,0,1,Construction of Adeper GS Muhoza Bralirwa asphalt road,Construction of Adeper GS Muhoza Bralirwa asphalt road,active,418513139,RWF,allowed
0.releases.3555.tender.lots.0,0.releases.3555,0,1,Provision of refreshment to staff of judiciary, In different Court ,active,45000000,RWF,allowed
0.releases.3555.tender.lots.1,0.releases.3555,0,2,Provision of refreshment to staff of judiciary, In different Court ,active,35000000,RWF,allowed
0.releases.3556.tender.lots.0,0.releases.3556,0,1,Sports and recreational facilities and services ,Sports and recreational facilities and services ,active,26000000,RWF,allowed
0.releases.3556.tender.lots.1,0.releases.3556,0,2,Renting playgrounds to RWANDA FDA,Renting playgrounds to RWANDA FDA,active,10000000,RWF,allowed
0.releases.3557.tender.lots.0,0.releases.3557,0,1,Procure and install 5 new AWS stations and 5 Rain Gauges over the Volcanoes region including spare parts and servers ( Re-advertisement,,active,413392500,RWF,allowed
0.releases.3557.tender.lots.1,0.releases.3557,0,1,Procure and install 5 new AWS stations and 5 Rain Gauges over the Volcanoes region including spare parts and servers ( Re-advertisement,,active,413392500,RWF,allowed
0.releases.3561.tender.lots.0,0.releases.3561,0,1,Consultancy to perform Flood risk mapping to inform the FEWS as well as  vulnerability and exposure mapping.,Consultancy to perform Flood risk mapping to inform the FEWS as well as  vulnerability and exposure mapping.,active,436335000,RWF,allowed
0.releases.3561.tender.lots.1,0.releases.3561,0,1,LotNo1,,active,,,allowed
0.releases.3561.tender.lots.2,0.releases.3561,0,1,LotNo1,,active,,,allowed
0.releases.3562.tender.lots.0,0.releases.3562,0,1,Provision of Hotel services for Kaduha Hospital,Provision of Hotel services for Kaduha Hospital,active,6469280,RWF,allowed
0.releases.3563.tender.lots.0,0.releases.3563,0,1,"Supply materials for maintenance of infrastructure, Electricity and Plumbing in Kaduha Hospital",,active,12245220,RWF,allowed
0.releases.3566.tender.lots.0,0.releases.3566,0,1,Hiring individual consultant to train NEC staff on Elections ( Re-advertised),Hiring individual consultant to train NEC staff on Elections ( Re-advertised),active,20000000,RWF,allowed
0.releases.3568.tender.lots.0,0.releases.3568,0,1,Annual subscription to digital library,"200,000,000",active,200000000,RWF,allowed
0.releases.3569.tender.lots.0,0.releases.3569,0,1,Provision of Security Service ,Provision of Security Service,active,15420240,RWF,allowed
0.releases.3572.tender.lots.0,0.releases.3572,0,1,ALL SUPPLIES,,active,7380300,RWF,allowed
0.releases.3573.tender.lots.0,0.releases.3573,0,1,"Tender of Insurance of vehicles ,motocycles and medical equipment assets",INSURANCE,active,21379774,RWF,allowed
0.releases.3575.tender.lots.0,0.releases.3575,0,1,"CONSULTANCY SERVICE FOR INCIDENT RESOLUTION, STABILIZATION, SUPPORTING AND MAINTAINING ELECTONIC MORTGAGE REGISTRATION SYSTEM (EMRS)","CONSULTANCY SERVICE FOR INCIDENT RESOLUTION, STABILIZATION, SUPPORTING AND MAINTAINING ELECTONIC MORTGAGE REGISTRATION SYSTEM (EMRS)",active,222056000,RWF,allowed
0.releases.3576.tender.lots.0,0.releases.3576,0,1,Provision of Communication Services and CUG,Provision of Communication Services and CUG,active,9600000,RWF,allowed
0.releases.3577.tender.lots.0,0.releases.3577,0,1,Supervision services on works related to the enhancement of power supply and stability in new RBD building,Supervision services on works related to the enhancement of power supply and stability in new RBD building,active,99120000,RWF,allowed
0.releases.3578.tender.lots.0,0.releases.3578,0,1,Tender for purchase of electricity units for schools,,active,74842000,RWF,allowed
0.releases.3579.tender.lots.0,0.releases.3579,0,1,Supply and installation of air conditioners,,active,6200000,RWF,allowed
0.releases.3581.tender.lots.0,0.releases.3581,0,1,Provision of Communication Services and CUG,Provision of Communication Services and CUG,active,9600000,RWF,allowed
0.releases.3582.tender.lots.0,0.releases.3582,0,1,"Tender for Decoration, sonorisation and related services in  Byumba Level Two Teaching  Hospital","Tender for Decoration, sonorisation and related services in  Byumba Level Two Teaching  Hospital",active,3000085,RWF,allowed
0.releases.3583.tender.lots.0,0.releases.3583,0,1,Supply of  ICT consumables,,active,9175000,RWF,allowed
0.releases.3585.tender.lots.0,0.releases.3585,0,1,Purchasing pruning saws for the management of agroforestry,,active,5000000,RWF,allowed
0.releases.3586.tender.lots.0,0.releases.3586,0,1,Tender for maintenance of RPPA offices,Tender for maintenance of RPPA offices,active,3000000,RWF,allowed
0.releases.3587.tender.lots.0,0.releases.3587,0,1,Tender for updating existing standard bidding documents (SBDs),Tender for updating existing standard bidding documents (SBDs),active,150000000,RWF,allowed
0.releases.3587.tender.lots.1,0.releases.3587,0,1,Tender for updating existing standard bidding documents (SBDs),Tender for updating existing standard bidding documents (SBDs),active,150000000,RWF,allowed
0.releases.3587.tender.lots.2,0.releases.3587,0,1,LotNo1,,active,,,allowed
0.releases.3588.tender.lots.0,0.releases.3588,0,1,Supervision of Rehabilitation MCPs,Consultant Services,active,480000000,RWF,allowed
0.releases.3589.tender.lots.0,0.releases.3589,0,13, Human  Genetics  : KARYOTYPING REAGENTS AND CONSUMABLES,,active,5300948,RWF,allowed
0.releases.3589.tender.lots.1,0.releases.3589,0,1,IMMUNOSEROLOGY LABORATORY ITEMS ,,active,3986579,RWF,allowed
0.releases.3589.tender.lots.2,0.releases.3589,0,2,HISTOPATHOLOGY REAGENTS AND GENERAL CONSUMMABLES ,,active,20789921,RWF,allowed
0.releases.3589.tender.lots.3,0.releases.3589,0,3,IMMUNOHISTOCHEMISTRY ANTIBODIES AND  CONSUMMABLES ,,active,14198714,RWF,allowed
0.releases.3589.tender.lots.4,0.releases.3589,0,4,BACTERIOLOGY AND PARASITOLOGY   REAGENTS ,,active,6229018,RWF,allowed
0.releases.3589.tender.lots.5,0.releases.3589,0,5,BACTERIOLOGY CONSUMMABLES ,,active,8993971,RWF,allowed
0.releases.3589.tender.lots.6,0.releases.3589,0,6,KATO KATZ METHOD REAGENTS AND CONSUMMABLES,,active,4585893,RWF,allowed
0.releases.3589.tender.lots.7,0.releases.3589,0,7,GENERAL LABORATORY CONSUMMABLES ,,active,18192998,RWF,allowed
0.releases.3589.tender.lots.8,0.releases.3589,0,8,MOLECULAR BIOLOGY ITEMS ,,active,8245540,RWF,allowed
0.releases.3589.tender.lots.9,0.releases.3589,0,9,IMMUNOHEMATOLOGY AND  BLOOD  TRANSFUSION REAGENT AND CONSUMABLES,,active,4425304,RWF,allowed
0.releases.3589.tender.lots.10,0.releases.3589,0,10,BACTERIOLOGY ITEMS ,,active,463245,RWF,allowed
0.releases.3589.tender.lots.11,0.releases.3589,0,11,BIOPSY SPECIMEN CONTAINER ,,active,1770054,RWF,allowed
0.releases.3589.tender.lots.12,0.releases.3589,0,12,REAGENTS FOR IMMUNOFLOURENSENCE/FITC PATHOLOGY,,active,2817816,RWF,allowed
0.releases.3590.tender.lots.0,0.releases.3590,0,13, Human  Genetics  : KARYOTYPING REAGENTS AND CONSUMABLES,,active,5300948,RWF,allowed
0.releases.3590.tender.lots.1,0.releases.3590,0,1,IMMUNOSEROLOGY LABORATORY ITEMS ,,active,3986579,RWF,allowed
0.releases.3590.tender.lots.2,0.releases.3590,0,2,HISTOPATHOLOGY REAGENTS AND GENERAL CONSUMMABLES ,,active,20789921,RWF,allowed
0.releases.3590.tender.lots.3,0.releases.3590,0,3,IMMUNOHISTOCHEMISTRY ANTIBODIES AND  CONSUMMABLES ,,active,14198714,RWF,allowed
0.releases.3590.tender.lots.4,0.releases.3590,0,4,BACTERIOLOGY AND PARASITOLOGY   REAGENTS ,,active,6229018,RWF,allowed
0.releases.3590.tender.lots.5,0.releases.3590,0,5,BACTERIOLOGY CONSUMMABLES ,,active,8993971,RWF,allowed
0.releases.3590.tender.lots.6,0.releases.3590,0,6,KATO KATZ METHOD REAGENTS AND CONSUMMABLES,,active,4585893,RWF,allowed
0.releases.3590.tender.lots.7,0.releases.3590,0,7,GENERAL LABORATORY CONSUMMABLES ,,active,18192998,RWF,allowed
0.releases.3590.tender.lots.8,0.releases.3590,0,8,MOLECULAR BIOLOGY ITEMS ,,active,8245540,RWF,allowed
0.releases.3590.tender.lots.9,0.releases.3590,0,9,IMMUNOHEMATOLOGY AND  BLOOD  TRANSFUSION REAGENT AND CONSUMABLES,,active,4425304,RWF,allowed
0.releases.3590.tender.lots.10,0.releases.3590,0,10,BACTERIOLOGY ITEMS ,,active,463245,RWF,allowed
0.releases.3590.tender.lots.11,0.releases.3590,0,11,BIOPSY SPECIMEN CONTAINER ,,active,1770054,RWF,allowed
0.releases.3590.tender.lots.12,0.releases.3590,0,12,REAGENTS FOR IMMUNOFLOURENSENCE/FITC PATHOLOGY,,active,2817816,RWF,allowed
0.releases.3591.tender.lots.0,0.releases.3591,0,1,Designing and printing annual report&Plan,Designing and printing annual report&Plan,active,1132800,RWF,allowed
0.releases.3591.tender.lots.1,0.releases.3591,0,1,Designing and printing annual report&Plan,Designing and printing annual report&Plan,active,1132800,RWF,allowed
0.releases.3592.tender.lots.0,0.releases.3592,0,1,Tender for updating existing standard bidding documents (SBDs),Tender for updating existing standard bidding documents (SBDs),active,150000000,RWF,allowed
0.releases.3592.tender.lots.1,0.releases.3592,0,1,Tender for updating existing standard bidding documents (SBDs),Tender for updating existing standard bidding documents (SBDs),active,150000000,RWF,allowed
0.releases.3592.tender.lots.2,0.releases.3592,0,1,LotNo1,,active,,,allowed
0.releases.3594.tender.lots.0,0.releases.3594,0,1,Tender for maintenance of RPPA offices,Tender for maintenance of RPPA offices,active,3000000,RWF,allowed
0.releases.3595.tender.lots.0,0.releases.3595,0,1,"Construct of 9 new classrooms, 3 blocks of latrines and 3 caregivers office for ECD in Gatsibo District",works,active,232800000,RWF,allowed
0.releases.3597.tender.lots.0,0.releases.3597,0,1,framework contract for supply and installation of office equipment (Furniture),,active,143359995,RWF,allowed
0.releases.3597.tender.lots.1,0.releases.3597,0,1,framework contract for supply and installation of office equipment (Furniture),,active,143359995,RWF,allowed
0.releases.3597.tender.lots.2,0.releases.3597,0,1,framework contract for supply and installation of office equipment (Furniture),,active,143359995,RWF,allowed
0.releases.3598.tender.lots.0,0.releases.3598,0,1,Framework contract for provision of electrical materials and consumables,,active,77559352,RWF,allowed
0.releases.3599.tender.lots.0,0.releases.3599,0,1,Provision of Annual Catering services for OAG staff (Framework Tender),Provision of Annual Catering services for OAG staff,active,20000000,RWF,allowed
0.releases.3600.tender.lots.0,0.releases.3600,0,1,Services for editing and mixing audio record and production of audio and video spots,Services for editing and mixing audio record and production of audio and video spots,active,500000,RWF,allowed
0.releases.3600.tender.lots.1,0.releases.3600,0,2,video coverage and photography in RPPA events and video coverage in recruitment  interview for RPPA staff,video coverage and photography in RPPA events and video coverage in recruitment  interview for RPPA staff,active,400000,RWF,allowed
0.releases.3601.tender.lots.0,0.releases.3601,0,1,Provision of refreshments to RPPA staff and RPPA guests,,active,30814112,RWF,allowed
0.releases.3602.tender.lots.0,0.releases.3602,0,1,LotNo1,,active,,,allowed
0.releases.3602.tender.lots.1,0.releases.3602,0,1,Upgrading teaching & learning at Rwanda Polytechnic on integrated package (facilities & ICT-enabled pedagogy),,active,2356706344,RWF,allowed
0.releases.3603.tender.lots.0,0.releases.3603,0,1,LotNo1,,active,,,allowed
0.releases.3603.tender.lots.1,0.releases.3603,0,1,Upgrading teaching & learning at Rwanda Polytechnic on integrated package (facilities & ICT-enabled pedagogy),,active,2356706344,RWF,allowed
0.releases.3605.tender.lots.0,0.releases.3605,0,1,Hiring an audit firm for an Expenditure Verification of a grant contract between National Commission For Human Rights and European Union,Hiring an audit firm for an Expenditure Verification of a grant contract between National Commission For Human Rights and European Union,active,3154344,RWF,allowed
0.releases.3607.tender.lots.0,0.releases.3607,0,1,Feasibility and Detailed Design for the Rehabilitation and Upgrading of Kimisagara WTP,Feasibility and Detailed Design for the Rehabilitation and Upgrading of Kimisagara WTP,active,518500000,RWF,allowed
0.releases.3607.tender.lots.1,0.releases.3607,0,1,LotNo1,,active,,,allowed
0.releases.3609.tender.lots.0,0.releases.3609,0,1,Productive assets of VUP Multi sectoral approach,,active,175656862,RWF,allowed
0.releases.3611.tender.lots.0,0.releases.3611,0,3,Supply of Cleaning& Hygiene materials ( LOT 3),,active,68094208,RWF,allowed
0.releases.3611.tender.lots.1,0.releases.3611,0,1,Supply of Cleaning& Hygiene materials (LOT 1),,active,30000000,RWF,allowed
0.releases.3611.tender.lots.2,0.releases.3611,0,2,Supply of Cleaning& Hygiene materials ( LOT 2),,active,90000000,RWF,allowed
0.releases.3611.tender.lots.3,0.releases.3611,0,3,Supply of Cleaning& Hygiene materials ( LOT 3),,active,68094208,RWF,allowed
0.releases.3613.tender.lots.0,0.releases.3613,0,1,Supply of office furniture,,active,1000000,RWF,allowed
0.releases.3613.tender.lots.1,0.releases.3613,0,1,Supply of office furniture,,active,1000000,RWF,allowed
0.releases.3614.tender.lots.0,0.releases.3614,0,1,Provision of services of clearing to RSB (Framework contract) Re-advertised,Provision of services of clearing to RSB (Framework contract) Re-advertised,active,10000000,RWF,allowed
0.releases.3616.tender.lots.0,0.releases.3616,0,1,"Supply of motorcycle equipment, field equipment and related accessories",,active,35000000,RWF,allowed
0.releases.3616.tender.lots.1,0.releases.3616,0,1,"Supply of motorcycle equipment, field equipment and related accessories",,active,35000000,RWF,allowed
0.releases.3617.tender.lots.0,0.releases.3617,0,1,Supply of IT training consumables,,active,25000000,RWF,allowed
0.releases.3617.tender.lots.1,0.releases.3617,0,1,Supply of IT training consumables,,active,25000000,RWF,allowed
0.releases.3622.tender.lots.0,0.releases.3622,0,1,To insure the Buildings and the It Equipments In Server Room of Hospital,To insure the Buildings and the It Equipments In Server Room of Hospital,active,10000000,RWF,allowed
0.releases.3623.tender.lots.0,0.releases.3623,0,1,LotNo1,,active,,,allowed
0.releases.3623.tender.lots.1,0.releases.3623,0,1,CONSULTANCY FIRM TO DEVELOP A NATIONAL SIX-YEAR E-WASTE STRATEGY AND ACCOMPANYING IMPLEMENTATION PLAN,"376,500,000",active,376500000,RWF,allowed
0.releases.3624.tender.lots.0,0.releases.3624,0,1,LotNo1,,active,,,allowed
0.releases.3624.tender.lots.1,0.releases.3624,0,1,CONSULTANCY FIRM TO DEVELOP A NATIONAL SIX-YEAR E-WASTE STRATEGY AND ACCOMPANYING IMPLEMENTATION PLAN,"376,500,000",active,376500000,RWF,allowed
0.releases.3625.tender.lots.0,0.releases.3625,0,1,Media Production services for communication activities,Media Production services for communication activities,active,236120243,RWF,allowed
0.releases.3626.tender.lots.0,0.releases.3626,0,1,"Feasibility Study and Detailed Design For The Rehabilitation of Gihuma, Gisuma, Muhazi and Cyunyu Water Treatment Plants","Feasibility Study and Detailed Design For The Rehabilitation of Gihuma, Gisuma, Muhazi and Cyunyu Water Treatment Plants",active,950000000,RWF,allowed
0.releases.3626.tender.lots.1,0.releases.3626,0,1,LotNo1,,active,,,allowed
0.releases.3627.tender.lots.0,0.releases.3627,0,1,Hiring hotel/Kivu Marina Bay Hotel,Hiring hotel/Kivu Marina Bay Hotel,active,50000000,RWF,allowed
0.releases.3628.tender.lots.0,0.releases.3628,0,1,Provision of telecommunication services,Provision of telecommunication services,active,44625000,RWF,allowed
0.releases.3628.tender.lots.1,0.releases.3628,0,1,Provision of telecommunication services,Provision of telecommunication services,active,44625000,RWF,allowed
0.releases.3629.tender.lots.0,0.releases.3629,0,1,Tender for Acquisition of gifts,,active,1000000,RWF,allowed
0.releases.3629.tender.lots.1,0.releases.3629,0,2,Tender for acquisition of awards,,active,1000000,RWF,allowed
0.releases.3630.tender.lots.0,0.releases.3630,0,1,Tender for Acquisition of gifts,,active,1000000,RWF,allowed
0.releases.3630.tender.lots.1,0.releases.3630,0,2,Tender for acquisition of awards,,active,1000000,RWF,allowed
0.releases.3631.tender.lots.0,0.releases.3631,0,1,Design and Build proposed beautifications at Amahoro Stadium (Re-advert),Works,active,842345414,RWF,allowed
0.releases.3634.tender.lots.0,0.releases.3634,0,1,Supply of office furniture,,active,1000000,RWF,allowed
0.releases.3634.tender.lots.1,0.releases.3634,0,1,Supply of office furniture,,active,1000000,RWF,allowed
0.releases.3636.tender.lots.0,0.releases.3636,0,1,Tender for Cleaning and maintenance of tourism infrastructure inside and around Volcanoes National Park,Central Part of the Volcanoes National Park (Musanze District) Eastern Part of the ,active,16000000,RWF,allowed
0.releases.3636.tender.lots.1,0.releases.3636,0,2,Tender for Cleaning and maintenance of tourism infrastructure inside and around Volcanoes National Park,Eastern Part (Burera and Musanze District),active,16000000,RWF,allowed
0.releases.3636.tender.lots.2,0.releases.3636,0,3,Tender for Cleaning and maintenance of tourism infrastructure inside and around Volcanoes National Park,Western Part (Nyabihu and Rubavu Districts),active,16000000,RWF,allowed
0.releases.3637.tender.lots.0,0.releases.3637,0,1,Consulting services for Conducting Comprehensive Baseline Assessment of INTEGO Facility Funded Projects (1st COHORT),Consulting services for Conducting Comprehensive Baseline Assessment of INTEGO Facility Funded Projects (1st COHORT),active,150000000,RWF,allowed
0.releases.3637.tender.lots.1,0.releases.3637,0,1,Consulting services for Conducting Comprehensive Baseline Assessment of INTEGO Facility Funded Projects (1st COHORT),Consulting services for Conducting Comprehensive Baseline Assessment of INTEGO Facility Funded Projects (1st COHORT),active,150000000,RWF,allowed
0.releases.3637.tender.lots.2,0.releases.3637,0,1,LotNo1,,active,,,allowed
0.releases.3638.tender.lots.0,0.releases.3638,0,1,Purchase of electricity,Purchase of electricity,active,12600000,RWF,allowed
0.releases.3639.tender.lots.0,0.releases.3639,0,1,Supply of IT training consumables,,active,25000000,RWF,allowed
0.releases.3639.tender.lots.1,0.releases.3639,0,1,Supply of IT training consumables,,active,25000000,RWF,allowed
0.releases.3640.tender.lots.0,0.releases.3640,0,1,Framework tender for  supplying of gifts for MIFOTRA  official visitors,,active,6500000,RWF,allowed
0.releases.3640.tender.lots.1,0.releases.3640,0,1,Framework tender for  supplying of gifts for MIFOTRA  official visitors,,active,6500000,RWF,allowed
0.releases.3640.tender.lots.2,0.releases.3640,0,1,Framework tender for  supplying of gifts for MIFOTRA  official visitors,,active,6500000,RWF,allowed
0.releases.3641.tender.lots.0,0.releases.3641,0,1,Tender for maintain Security of the Hospital,Tender for maintain Security of the Hospital,active,6312300,RWF,allowed
0.releases.3643.tender.lots.0,0.releases.3643,0,1,Provision of Veterinary Service through Veterinary Sanitary Mandate Animal Insemination and Vaccination Campaign,Sanitary Mandate,active,18000000,RWF,allowed
0.releases.3643.tender.lots.1,0.releases.3643,0,1,Provision of Veterinary Service through Veterinary Sanitary Mandate Animal Insemination and Vaccination Campaign,Sanitary Mandate,active,18000000,RWF,allowed
0.releases.3644.tender.lots.0,0.releases.3644,0,1,"Supply of motorcycle equipment, field equipment and related accessories",,active,35000000,RWF,allowed
0.releases.3644.tender.lots.1,0.releases.3644,0,1,"Supply of motorcycle equipment, field equipment and related accessories",,active,35000000,RWF,allowed
0.releases.3646.tender.lots.0,0.releases.3646,0,1,"Conduct Feasibility studies for Rehabilitation of Maternity Block, Administration Block and Public Toilets of Gashanda health center in Gashanda Sector and upgrading Mutenderi Health Center","Conduct Feasibility studies for Rehabilitation of Maternity Block, Administration Block and Public Toilets of Gashanda health center in Gashanda Sector and upgrading Mutenderi Health Center",active,90000000,RWF,allowed
0.releases.3648.tender.lots.0,0.releases.3648,0,1,Provision of Water Sanitation and Hygiene (WASH) facility rental services for Emergency Response,Provision of Water Sanitation and Hygiene (WASH) facility rental services for Emergency Response,active,50000000,RWF,allowed
0.releases.3649.tender.lots.0,0.releases.3649,0,1,Rehabilitation works for Muvumba 8 (1500ha),Rehabilitation works for Muvumba 8 (1500ha),active,3105371162,RWF,allowed
0.releases.3649.tender.lots.1,0.releases.3649,0,1,Rehabilitation works for Muvumba 8 (1500ha),Rehabilitation works for Muvumba 8 (1500ha),active,3105371162,RWF,allowed
0.releases.3650.tender.lots.0,0.releases.3650,0,1,Supervision of Construction of houses for need genocide survivor,Supervision of Construction of houses for need genocide survivor,active,7000000,RWF,allowed
0.releases.3651.tender.lots.0,0.releases.3651,0,1,PRIVATIZATION OF MANAGEMENT OF KIGEME HOSPITAL CANTEEN THAT WILL PROVIDE THE REFRESHMENT TO THE STAFF& VISITORS.,PRIVATIZATION OF MANAGEMENT OF KIGEME HOSPITAL CANTEEN THAT WILL PROVIDE THE REFRESHMENT TO THE STAFF& VISITORS.,active,155439,RWF,allowed
0.releases.3652.tender.lots.0,0.releases.3652,0,1,"Construct of 9 new classrooms, 3 blocks of latrines and 3 caregivers office for ECD in Gatsibo District",works,active,232800000,RWF,allowed
0.releases.3653.tender.lots.0,0.releases.3653,0,1,Provision for Refreshment & accommodation services for staff and visitors on duty of Kigeme Hospital,Provision for Refreshment & accommodation services for staff and visitors on duty of Kigeme Hospital,active,4219240,RWF,allowed
0.releases.3654.tender.lots.0,0.releases.3654,0,1,Provision for Refreshment & accommodation services for staff and visitors on duty of Kigeme Hospital,Provision for Refreshment & accommodation services for staff and visitors on duty of Kigeme Hospital,active,4219240,RWF,allowed
0.releases.3655.tender.lots.0,0.releases.3655,0,1,shrubs for radical terraces protection CDAT,shrubs for radical terraces protection CDAT,active,25000000,RWF,allowed
0.releases.3656.tender.lots.0,0.releases.3656,0,1,Supply of materials and food for Rukoma transit center in Kamonyi District,,active,80000000,RWF,allowed
0.releases.3658.tender.lots.0,0.releases.3658,0,1,Hiring a Consultancy Firm to conduct Audit for Project,Hiring a Consultancy Firm to conduct Audit for Project,active,7500000,RWF,allowed
0.releases.3659.tender.lots.0,0.releases.3659,0,1,Provision of Transportation Services to Staff of the Judiciary,Transportation Services ,active,15000001,RWF,allowed
0.releases.3660.tender.lots.0,0.releases.3660,0,1,framework contract for supply and installation of office equipment (Furniture),,active,143359995,RWF,allowed
0.releases.3660.tender.lots.1,0.releases.3660,0,1,framework contract for supply and installation of office equipment (Furniture),,active,143359995,RWF,allowed
0.releases.3660.tender.lots.2,0.releases.3660,0,1,framework contract for supply and installation of office equipment (Furniture),,active,143359995,RWF,allowed
0.releases.3661.tender.lots.0,0.releases.3661,0,1,Supply of materials and food for Rukoma transit center in Kamonyi District,,active,80000000,RWF,allowed
0.releases.3662.tender.lots.0,0.releases.3662,0,1,"Lot 1: Radio stations (public, private, community, confessional)","Radio stations (public, private, community, confessional)",active,47027564,RWF,allowed
0.releases.3662.tender.lots.1,0.releases.3662,0,2,"Lot 2: TV stations (public, private, community, confessional)","TV stations (public, private, community, confessional)",active,40535962,RWF,allowed
0.releases.3662.tender.lots.2,0.releases.3662,0,3,Lot 3: Internet / online media, Internet / online media,active,12101490,RWF,allowed
0.releases.3663.tender.lots.0,0.releases.3663,0,1,Hiring a Consultancy Firm to conduct Audit for Project,Hiring a Consultancy Firm to conduct Audit for Project,active,7500000,RWF,allowed
0.releases.3665.tender.lots.0,0.releases.3665,0,1,"Provision of sports and recreation services (Kigali city, ", Nyarugenge District lot1,active,8000000,RWF,allowed
0.releases.3665.tender.lots.1,0.releases.3665,0,2,Provision of sports and recreation services in Huye District,Huye District LOT2,active,4000000,RWF,allowed
0.releases.3665.tender.lots.2,0.releases.3665,0,3,Provision of sports and recreation services in Nyagatare District, Nyagatare District Lot3,active,4000000,RWF,allowed
0.releases.3665.tender.lots.3,0.releases.3665,0,4,Provision of sports and recreation facilities in Rubavu District,Rubavu District Lot4,active,4000000,RWF,allowed
0.releases.3666.tender.lots.0,0.releases.3666,0,1,Supply of Stationeries and cartridges,,active,14102344,RWF,allowed
0.releases.3669.tender.lots.0,0.releases.3669,0,1,Supply of cement on framework contract,,active,1300000000,RWF,allowed
0.releases.3670.tender.lots.0,0.releases.3670,0,1,Supply and installation of office chairs to RRA (Framework contract). ,,active,250000000,RWF,allowed
0.releases.3670.tender.lots.1,0.releases.3670,0,1,Supply and installation of office chairs to RRA (Framework contract). ,,active,250000000,RWF,allowed
0.releases.3671.tender.lots.0,0.releases.3671,0,1,Provision of Annual Catering services for OAG staff (Framework Tender),Provision of Annual Catering services for OAG staff,active,20000000,RWF,allowed
0.releases.3672.tender.lots.0,0.releases.3672,0,1,Acquisition of stationery and printing consumables,,active,7000000,RWF,allowed
0.releases.3674.tender.lots.0,0.releases.3674,0,1,Lot 1: Karongi-Rutsiro,"Construction of  Latrines for Schools, Public places and Health facilities",active,717519475,RWF,allowed
0.releases.3674.tender.lots.1,0.releases.3674,0,2,Lot 2: Gatsibo-Kayonza,"Construction of  Latrines for Schools, Public places and Health facilities",active,717519475,RWF,allowed
0.releases.3674.tender.lots.2,0.releases.3674,0,3,Lot 3: Huye-Gisagara,"Construction of  Latrines for Schools, Public places and Health facilities",active,717519475,RWF,allowed
0.releases.3674.tender.lots.3,0.releases.3674,0,4,Lot 4: Gicumbi-Nyaruguru,"Construction of  Latrines for Schools, Public places and Health facilities",active,717519475,RWF,allowed
0.releases.3675.tender.lots.0,0.releases.3675,0,1,Study of streetlight,Tender for Study of Buruseri-Kabiza-Brasserie streetlight,active,30000000,RWF,allowed
0.releases.3676.tender.lots.0,0.releases.3676,0,1,LotNo1,,active,,,allowed
0.releases.3676.tender.lots.1,0.releases.3676,0,1,"Consultancy Services for the Supervision of SCADA, EMS, DMS, implementation Project","Consultancy Services for the Supervision of SCADA, EMS, DMS, implementation Project",active,3160000000,RWF,allowed
0.releases.3677.tender.lots.0,0.releases.3677,0,1,LotNo1,,active,,,allowed
0.releases.3677.tender.lots.1,0.releases.3677,0,1,"Consultancy Services for the Supervision of SCADA, EMS, DMS, implementation Project","Consultancy Services for the Supervision of SCADA, EMS, DMS, implementation Project",active,3160000000,RWF,allowed
0.releases.3678.tender.lots.0,0.releases.3678,0,1,LotNo1,,active,,,allowed
0.releases.3678.tender.lots.1,0.releases.3678,0,1,"Consultancy Services for the Supervision of SCADA, EMS, DMS, implementation Project","Consultancy Services for the Supervision of SCADA, EMS, DMS, implementation Project",active,3160000000,RWF,allowed
0.releases.3679.tender.lots.0,0.releases.3679,0,1,LotNo1,,active,,,allowed
0.releases.3679.tender.lots.1,0.releases.3679,0,1,"Consultancy Services for the Supervision of SCADA, EMS, DMS, implementation Project","Consultancy Services for the Supervision of SCADA, EMS, DMS, implementation Project",active,3160000000,RWF,allowed
0.releases.3684.tender.lots.0,0.releases.3684,0,1,ender for Construction of Selling point Giheke Sector in Rusizi District,Buildings,active,50000000,RWF,allowed
0.releases.3686.tender.lots.0,0.releases.3686,0,1,Rehabilitation works for Muvumba 8 (1500ha),Rehabilitation works for Muvumba 8 (1500ha),active,3105371162,RWF,allowed
0.releases.3686.tender.lots.1,0.releases.3686,0,1,Rehabilitation works for Muvumba 8 (1500ha),Rehabilitation works for Muvumba 8 (1500ha),active,3105371162,RWF,allowed
0.releases.3687.tender.lots.0,0.releases.3687,0,1,Consultancy service for  urban design services in the City of Kigali and other districts.,Consultancy service for  urban design services in the City of Kigali and other districts.,active,200000000,RWF,allowed
0.releases.3687.tender.lots.1,0.releases.3687,0,1,Consultancy service for  urban design services in the City of Kigali and other districts.,Consultancy service for  urban design services in the City of Kigali and other districts.,active,200000000,RWF,allowed
0.releases.3687.tender.lots.2,0.releases.3687,0,1,Consultancy service for  urban design services in the City of Kigali and other districts.,Consultancy service for  urban design services in the City of Kigali and other districts.,active,200000000,RWF,allowed
0.releases.3687.tender.lots.3,0.releases.3687,0,1,Consultancy service for  urban design services in the City of Kigali and other districts.,Consultancy service for  urban design services in the City of Kigali and other districts.,active,200000000,RWF,allowed
0.releases.3688.tender.lots.0,0.releases.3688,0,1,Supply of tyres for the Ministry of Environment vehicles,,active,12000000,RWF,allowed
0.releases.3689.tender.lots.0,0.releases.3689,0,1,Consultancy service for  urban design services in the City of Kigali and other districts.,Consultancy service for  urban design services in the City of Kigali and other districts.,active,200000000,RWF,allowed
0.releases.3689.tender.lots.1,0.releases.3689,0,1,Consultancy service for  urban design services in the City of Kigali and other districts.,Consultancy service for  urban design services in the City of Kigali and other districts.,active,200000000,RWF,allowed
0.releases.3689.tender.lots.2,0.releases.3689,0,1,Consultancy service for  urban design services in the City of Kigali and other districts.,Consultancy service for  urban design services in the City of Kigali and other districts.,active,200000000,RWF,allowed
0.releases.3689.tender.lots.3,0.releases.3689,0,1,Consultancy service for  urban design services in the City of Kigali and other districts.,Consultancy service for  urban design services in the City of Kigali and other districts.,active,200000000,RWF,allowed
0.releases.3690.tender.lots.0,0.releases.3690,0,1,Provision of Veterinary Service through Veterinary Sanitary Mandate Animal Insemination and Vaccination Campaign,Sanitary Mandate,active,18000000,RWF,allowed
0.releases.3690.tender.lots.1,0.releases.3690,0,1,Provision of Veterinary Service through Veterinary Sanitary Mandate Animal Insemination and Vaccination Campaign,Sanitary Mandate,active,18000000,RWF,allowed
0.releases.3692.tender.lots.0,0.releases.3692,0,1,Construction of 15 classrooms and 24 latrines in Selected schools of Ngoma District,Construction of 15 classrooms and 24 latrines in Selected schools of Ngoma District,active,284368489,RWF,allowed
0.releases.3694.tender.lots.0,0.releases.3694,0,1,"Provision of sports and recreation services (Kigali city, ", Nyarugenge District lot1,active,8000000,RWF,allowed
0.releases.3694.tender.lots.1,0.releases.3694,0,2,Provision of sports and recreation services in Huye District,Huye District LOT2,active,4000000,RWF,allowed
0.releases.3694.tender.lots.2,0.releases.3694,0,3,Provision of sports and recreation services in Nyagatare District, Nyagatare District Lot3,active,4000000,RWF,allowed
0.releases.3694.tender.lots.3,0.releases.3694,0,4,Provision of sports and recreation facilities in Rubavu District,Rubavu District Lot4,active,4000000,RWF,allowed
0.releases.3695.tender.lots.0,0.releases.3695,0,1,Supply of Sports Equipment for RSSB Sport Teams                                                  ,,active,102000000,RWF,allowed
0.releases.3695.tender.lots.1,0.releases.3695,0,1,Supply of Sports Equipment for RSSB Sport Teams                                                  ,,active,102000000,RWF,allowed
0.releases.3696.tender.lots.0,0.releases.3696,0,1,"Feasibility Study and Detailed Design For The Rehabilitation of Gihuma, Gisuma, Muhazi and Cyunyu Water Treatment Plants","Feasibility Study and Detailed Design For The Rehabilitation of Gihuma, Gisuma, Muhazi and Cyunyu Water Treatment Plants",active,950000000,RWF,allowed
0.releases.3696.tender.lots.1,0.releases.3696,0,1,LotNo1,,active,,,allowed
0.releases.3698.tender.lots.0,0.releases.3698,0,1,Cenetra Hotel services,,active,10000000,RWF,allowed
0.releases.3700.tender.lots.0,0.releases.3700,0,1,Conduct preventive and curative maintenance of non- medical equipment and spare parts,Conduct preventive and curative maintenance of non- medical equipment and spare parts,active,18860058,RWF,allowed
0.releases.3700.tender.lots.1,0.releases.3700,0,1,Conduct preventive and curative maintenance of non- medical equipment and spare parts,Conduct preventive and curative maintenance of non- medical equipment and spare parts,active,18860058,RWF,allowed
0.releases.3701.tender.lots.0,0.releases.3701,0,1,Supply of office Equipment and consumables,,active,15000000,RWF,allowed
0.releases.3702.tender.lots.0,0.releases.3702,0,1,Cenetra Hotel services,,active,10000000,RWF,allowed
0.releases.3703.tender.lots.0,0.releases.3703,0,1,Purchase surveillance cameras and installation and  IT Equipment,,active,18848600,RWF,allowed
0.releases.3704.tender.lots.0,0.releases.3704,0,1,Framework tender for  supplying of gifts for MIFOTRA  official visitors,,active,6500000,RWF,allowed
0.releases.3704.tender.lots.1,0.releases.3704,0,1,Framework tender for  supplying of gifts for MIFOTRA  official visitors,,active,6500000,RWF,allowed
0.releases.3704.tender.lots.2,0.releases.3704,0,1,Framework tender for  supplying of gifts for MIFOTRA  official visitors,,active,6500000,RWF,allowed
0.releases.3705.tender.lots.0,0.releases.3705,0,1,Supply of office Equipment and consumables,,active,15000000,RWF,allowed
0.releases.3706.tender.lots.0,0.releases.3706,0,1,Purchase of Drugs for Girinka package,,active,8876864,RWF,allowed
0.releases.3706.tender.lots.1,0.releases.3706,0,1,Purchase of Drugs for Girinka package,,active,8876864,RWF,allowed
0.releases.3707.tender.lots.0,0.releases.3707,0,1,Cleaning service for Nyarugenge Correctional Facility,Cleaning service for Nyarugenge Correctional Facility,active,12000000,RWF,allowed
0.releases.3708.tender.lots.0,0.releases.3708,0,1,Supply of cows for Girinka Program in Rwamagana District 2025-2026,,active,27500000,RWF,allowed
0.releases.3708.tender.lots.1,0.releases.3708,0,1,Supply of cows for Girinka Program in Rwamagana District 2025-2026,,active,27500000,RWF,allowed
0.releases.3709.tender.lots.0,0.releases.3709,0,1,Supply of cows for Girinka Program in Rwamagana District 2025-2026,,active,27500000,RWF,allowed
0.releases.3709.tender.lots.1,0.releases.3709,0,1,Supply of cows for Girinka Program in Rwamagana District 2025-2026,,active,27500000,RWF,allowed
0.releases.3710.tender.lots.0,0.releases.3710,0,1,Purchase of Drugs for Girinka package,,active,8876864,RWF,allowed
0.releases.3710.tender.lots.1,0.releases.3710,0,1,Purchase of Drugs for Girinka package,,active,8876864,RWF,allowed
0.releases.3711.tender.lots.0,0.releases.3711,0,1,Tender for GYM and Fitness Services,Tender for GYM and Fitness Services,active,5000000,RWF,allowed
0.releases.3713.tender.lots.0,0.releases.3713,0,1,Routine Maintenance of Roads and Bridges Infrastructures in Rulindo District,Routine Maintenance of Roads and Bridges Infrastructures in Rulindo District,active,300000000,RWF,allowed
0.releases.3714.tender.lots.0,0.releases.3714,0,1,Hiring 4 Star Hotel services on behalf of the Government Institutions in a framework contract (M APPARTEMENT AND HOTEL Ltd,Hiring 4 Star Hotel services on behalf of the Government Institutions in a framework contract (M APPARTEMENT AND HOTEL Ltd,active,20000000,RWF,allowed
0.releases.3717.tender.lots.0,0.releases.3717,0,1,Routine Maintenance of Roads and Bridges Infrastructures in Rulindo District,Routine Maintenance of Roads and Bridges Infrastructures in Rulindo District,active,300000000,RWF,allowed
0.releases.3717.tender.lots.1,0.releases.3717,0,1,Routine Maintenance of Roads and Bridges Infrastructures in Rulindo District,Routine Maintenance of Roads and Bridges Infrastructures in Rulindo District,active,300000000,RWF,allowed
0.releases.3718.tender.lots.0,0.releases.3718,0,1,Framework Agreement for 3-Star Hotel Services,Framework Agreement for 3-Star Hotel Services,active,22567895,RWF,allowed
0.releases.3719.tender.lots.0,0.releases.3719,0,1,Supply and installation of Furniture equipment for RCA.,,active,110000000,RWF,allowed
0.releases.3722.tender.lots.0,0.releases.3722,0,1,Framework contract for Repair and Maintenance of NRS Vehicles and Motorcycles,Framework contract for Repair and Maintenance of NRS Vehicles and Motorcycles,active,15000000,RWF,allowed
0.releases.3722.tender.lots.1,0.releases.3722,0,1,Framework contract for Repair and Maintenance of NRS Vehicles and Motorcycles,Framework contract for Repair and Maintenance of NRS Vehicles and Motorcycles,active,15000000,RWF,allowed
0.releases.3724.tender.lots.0,0.releases.3724,0,1," Electrical, Electronics, Telecommunication and Biomedical Consumables",,active,60000000,RWF,allowed
0.releases.3725.tender.lots.0,0.releases.3725,0,1,Provision of Printing Services and Promotional Materials,Provision of Printing Services and Promotional Materials,active,20000000,RWF,allowed
0.releases.3726.tender.lots.0,0.releases.3726,0,1,Consultancy service for  urban design services in the City of Kigali and other districts.,Consultancy service for  urban design services in the City of Kigali and other districts.,active,200000000,RWF,allowed
0.releases.3726.tender.lots.1,0.releases.3726,0,1,Consultancy service for  urban design services in the City of Kigali and other districts.,Consultancy service for  urban design services in the City of Kigali and other districts.,active,200000000,RWF,allowed
0.releases.3726.tender.lots.2,0.releases.3726,0,1,Consultancy service for  urban design services in the City of Kigali and other districts.,Consultancy service for  urban design services in the City of Kigali and other districts.,active,200000000,RWF,allowed
0.releases.3726.tender.lots.3,0.releases.3726,0,1,Consultancy service for  urban design services in the City of Kigali and other districts.,Consultancy service for  urban design services in the City of Kigali and other districts.,active,200000000,RWF,allowed
0.releases.3727.tender.lots.0,0.releases.3727,0,1,Maintenance  and Repairs of Office Equipments,Maintenance  and Repairs of Office Equipments,active,2500000,RWF,allowed
0.releases.3729.tender.lots.0,0.releases.3729,0,1,Provision of Cleaning services of RDRC Head office and its centers,Provision of Cleaning services of RDRC Head office and its centers,active,35753532,RWF,allowed
0.releases.3732.tender.lots.0,0.releases.3732,0,1,Framework agreement (centralized) to supply and installation of display equipment,,active,2000000000,RWF,allowed
0.releases.3732.tender.lots.1,0.releases.3732,0,1,Framework agreement (centralized) to supply and installation of display equipment,,active,2000000000,RWF,allowed
0.releases.3732.tender.lots.2,0.releases.3732,0,1,Framework agreement (centralized) to supply and installation of display equipment,,active,2000000000,RWF,allowed
0.releases.3733.tender.lots.0,0.releases.3733,0,1,LotNo1,,active,,,allowed
0.releases.3733.tender.lots.1,0.releases.3733,0,1,LotNo1,,active,,,allowed
0.releases.3734.tender.lots.0,0.releases.3734,0,1,Hiring 4 Star Hotel services on behalf of the Government Institutions in a framework contract (M APPARTEMENT AND HOTEL Ltd,Hiring 4 Star Hotel services on behalf of the Government Institutions in a framework contract (M APPARTEMENT AND HOTEL Ltd,active,20000000,RWF,allowed
0.releases.3738.tender.lots.0,0.releases.3738,0,1,Hiring hotel/Kivu Marina Bay Hotel,Hiring hotel/Kivu Marina Bay Hotel,active,50000000,RWF,allowed
0.releases.3739.tender.lots.0,0.releases.3739,0,1,Tender for Services of Loading and Offloading,Tender for Services of Loading and Offloading,active,5768000,RWF,allowed
0.releases.3740.tender.lots.0,0.releases.3740,0,1,Tender for Services of Loading and Offloading,Tender for Services of Loading and Offloading,active,5768000,RWF,allowed
0.releases.3741.tender.lots.0,0.releases.3741,0,1,Supply and installation of Rainwater Harvesting Tanks to different schools of Kirehe District,,active,6455612,RWF,allowed
0.releases.3742.tender.lots.0,0.releases.3742,0,1,Tender for Maintaining Hygiene of the Hospital,Tender for cleaning service of the Hospital,active,31638556,RWF,allowed
0.releases.3743.tender.lots.0,0.releases.3743,0,1,LOT1: Virtual Infrastructure Licenses,,active,250000000,RWF,allowed
0.releases.3743.tender.lots.1,0.releases.3743,0,2,LOT 2:1Cyber and Network Security Licenses ,,active,250000000,RWF,allowed
0.releases.3743.tender.lots.2,0.releases.3743,0,3,Lot 3: Operational Support licenses ,,active,300000000,RWF,allowed
0.releases.3743.tender.lots.3,0.releases.3743,0,4,Lot 4: Network/ Firewall devices licenses ,,active,300000000,RWF,allowed
0.releases.3743.tender.lots.4,0.releases.3743,0,5,Lot 5: Software analytics and performance monitoring license (real-time insights into application performance.)    ,,active,200000000,RWF,allowed
0.releases.3743.tender.lots.5,0.releases.3743,0,6,"Lot 6: Software, automation tool for configuration management, application deployment, Patching tool, and task automation ",,active,200000000,RWF,allowed
0.releases.3744.tender.lots.0,0.releases.3744,0,1,Provide service of official reception for Gicumbi District Guests and staffs  LOT2 READVERTISING,Provide service of official reception for Gicumbi District Guests and staffs  LOT2 READVERTISING,active,15000000,RWF,allowed
0.releases.3746.tender.lots.0,0.releases.3746,0,2,Supply House furniture in the constructed houses for needy Genocide,,active,7000000,RWF,allowed
0.releases.3747.tender.lots.0,0.releases.3747,0,1,Acquisition of sports equipment,,active,45853050,RWF,allowed
0.releases.3747.tender.lots.1,0.releases.3747,0,1,Acquisition of sports equipment,,active,45853050,RWF,allowed
0.releases.3748.tender.lots.0,0.releases.3748,0,1,Supply of lime for radical terraces in CDAT Project,,active,16800000,RWF,allowed
0.releases.3749.tender.lots.0,0.releases.3749,0,1,MANAGE AND OPERATE NYANZA BUS PARK,MANAGE AND OPERATE NYANZA BUS PARK,active,1,RWF,allowed
0.releases.3749.tender.lots.1,0.releases.3749,0,1,MANAGE AND OPERATE NYANZA BUS PARK,MANAGE AND OPERATE NYANZA BUS PARK,active,1,RWF,allowed
0.releases.3749.tender.lots.2,0.releases.3749,0,2,"TENDER FOR BRANDING - ADVERTISING NYANZA CAR PARK, ZINIA MARKET AND GAHANGA MARKET ","TENDER FOR BRANDING - ADVERTISING NYANZA CAR PARK, ZINIA MARKET AND GAHANGA MARKET ",active,1,RWF,allowed
0.releases.3750.tender.lots.0,0.releases.3750,0,1,Provision for Refreshment & accommodation services for staff and visitors on duty of Kigeme Hospital,Provision for Refreshment & accommodation services for staff and visitors on duty of Kigeme Hospital,active,4219240,RWF,allowed
0.releases.3751.tender.lots.0,0.releases.3751,0,1,PRIVATIZATION OF MANAGEMENT OF KIGEME HOSPITAL CANTEEN THAT WILL PROVIDE THE REFRESHMENT TO THE STAFF& VISITORS.,PRIVATIZATION OF MANAGEMENT OF KIGEME HOSPITAL CANTEEN THAT WILL PROVIDE THE REFRESHMENT TO THE STAFF& VISITORS.,active,155439,RWF,allowed
0.releases.3752.tender.lots.0,0.releases.3752,0,1,Supply of office stationaries ,,active,55173652,RWF,allowed
0.releases.3753.tender.lots.0,0.releases.3753,0,1,Maintenance of road in Burera District,Maintenance of road in Burera District,active,62000000,RWF,allowed
0.releases.3754.tender.lots.0,0.releases.3754,0,1,Provision of Codification Services for RWAMAGANA  HOSPITAL NEW ASSETS,Provision of Codification Services for RWAMAGANA  HOSPITAL NEW ASSETS,active,3000000,RWF,allowed
0.releases.3754.tender.lots.1,0.releases.3754,0,1,Provision of Codification Services for RWAMAGANA  HOSPITAL NEW ASSETS,Provision of Codification Services for RWAMAGANA  HOSPITAL NEW ASSETS,active,3000000,RWF,allowed
0.releases.3755.tender.lots.0,0.releases.3755,0,1,Provision of Rental services for RRA staff accommodations at Gatuna Border (framework contract).,Provision of Rental services for RRA staff accommodations at Gatuna Border (framework contract).,active,9500000,RWF,allowed
0.releases.3757.tender.lots.0,0.releases.3757,0,1,EXTENSION AND MAINTENANCE OF ELECTRICAL INSTALLATION IN OFFICE AND PUBLIC LIGHTING IN MUHANGA,Public lighting,active,43340000,RWF,allowed
0.releases.3758.tender.lots.0,0.releases.3758,0,1,Tender for Maintaining Hygiene of the Hospital,Tender for cleaning service of the Hospital,active,31638556,RWF,allowed
0.releases.3759.tender.lots.0,0.releases.3759,0,1,Framework contract for Repair and Maintenance of NRS Vehicles and Motorcycles,Framework contract for Repair and Maintenance of NRS Vehicles and Motorcycles,active,15000000,RWF,allowed
0.releases.3759.tender.lots.1,0.releases.3759,0,1,Framework contract for Repair and Maintenance of NRS Vehicles and Motorcycles,Framework contract for Repair and Maintenance of NRS Vehicles and Motorcycles,active,15000000,RWF,allowed
0.releases.3760.tender.lots.0,0.releases.3760,0,1,Provision of Codification Services for RWAMAGANA  HOSPITAL NEW ASSETS,Provision of Codification Services for RWAMAGANA  HOSPITAL NEW ASSETS,active,3000000,RWF,allowed
0.releases.3760.tender.lots.1,0.releases.3760,0,1,Provision of Codification Services for RWAMAGANA  HOSPITAL NEW ASSETS,Provision of Codification Services for RWAMAGANA  HOSPITAL NEW ASSETS,active,3000000,RWF,allowed
0.releases.3761.tender.lots.0,0.releases.3761,0,1,Provision of Preventive Maintenance Services for Peak Scientific Nitrogen Generator,Provision of Preventive Maintenance Services for Peak Scientific Nitrogen Generator,active,20000000,RWF,allowed
0.releases.3763.tender.lots.0,0.releases.3763,0,1,Provision of Cleaning services of RDRC Head office and its centers,Provision of Cleaning services of RDRC Head office and its centers,active,35753532,RWF,allowed
0.releases.3764.tender.lots.0,0.releases.3764,0,1,Acquisition of stationery and printing consumables,,active,7000000,RWF,allowed
0.releases.3765.tender.lots.0,0.releases.3765,0,1,Supply of electricity for RDRC Head office and its centers,,active,25764362,RWF,allowed
0.releases.3766.tender.lots.0,0.releases.3766,0,1,Supply of office furniture for RDRC Staff,,active,10000000,RWF,allowed
