_link,_link_releases,_link_main,id,relationship,title,scheme,identifier
0.releases.0.relatedProcesses.0,0.releases.0,0,P000181/2025/2026/1804000000,planning,Design and Build for Renovation of Podium Gallery located at Plenary Hall of the Chamber of Deputies at the Parliament of Rwanda,ocid,ocds-ozzobm-P000181/2025/2026/1804000000
0.releases.1.relatedProcesses.0,0.releases.1,0,P000032/2023/2024/5600003001,planning,LOCATION CANTINE,ocid,ocds-ozzobm-P000032/2023/2024/5600003001
0.releases.2.relatedProcesses.0,0.releases.2,0,P000026/2023/2024/5600003001,planning,Refreshment of hosptital staff and visitors,ocid,ocds-ozzobm-P000026/2023/2024/5600003001
0.releases.3.relatedProcesses.0,0.releases.3,0,P000025/2024/2025/5600003001,planning,Cleaning services,ocid,ocds-ozzobm-P000025/2024/2025/5600003001
0.releases.4.relatedProcesses.0,0.releases.4,0,P000058/2025/2026/0901001015,planning,Hiring a firm to conduct  Resettlement Action Plan (RAP) for Project sites,ocid,ocds-ozzobm-P000058/2025/2026/0901001015
0.releases.5.relatedProcesses.0,0.releases.5,0,P000029/2023/2024/0901001015,planning,Hiring a Consultancy firm for preparation of Resettlement Action Plan (RAP) report for Bugarama marshland,ocid,ocds-ozzobm-P000029/2023/2024/0901001015
0.releases.6.relatedProcesses.0,0.releases.6,0,P000029/2023/2024/0901001015,planning,Hiring a Consultancy firm for preparation of Resettlement Action Plan (RAP) report for Bugarama marshland,ocid,ocds-ozzobm-P000029/2023/2024/0901001015
0.releases.7.relatedProcesses.0,0.releases.7,0,P000001/2025/2026/0901001015,planning,Rehabilitation works for Muvumba 8 (1500ha),ocid,ocds-ozzobm-P000001/2025/2026/0901001015
0.releases.8.relatedProcesses.0,0.releases.8,0,P000016/2025/2026/2318000000,planning,Maintenance and repair of assets at Nyamagabe Rehabilitation Center,ocid,ocds-ozzobm-P000016/2025/2026/2318000000
0.releases.9.relatedProcesses.0,0.releases.9,0,P000045/2024/2025/1000000000,planning,"Hiring consulting firm to conduct feasibility studies for the development of a Tannery Park Special Economic Zone, including an Environmental Impact Assessment and engineering designs for the SEZ.",ocid,ocds-ozzobm-P000045/2024/2025/1000000000
0.releases.10.relatedProcesses.0,0.releases.10,0,P000045/2024/2025/1000000000,planning,"Hiring consulting firm to conduct feasibility studies for the development of a Tannery Park Special Economic Zone, including an Environmental Impact Assessment and engineering designs for the SEZ.",ocid,ocds-ozzobm-P000045/2024/2025/1000000000
0.releases.11.relatedProcesses.0,0.releases.11,0,P000004/2023/2024/1421000001,planning,"Hiring a consulting firm to develop, review, pilot and administer the assessment tool in the 300 low performing schools for the remedial teaching and learning pilot program.",ocid,ocds-ozzobm-P000004/2023/2024/1421000001
0.releases.12.relatedProcesses.0,0.releases.12,0,P000004/2023/2024/1421000001,planning,"Hiring a consulting firm to develop, review, pilot and administer the assessment tool in the 300 low performing schools for the remedial teaching and learning pilot program.",ocid,ocds-ozzobm-P000004/2023/2024/1421000001
0.releases.13.relatedProcesses.0,0.releases.13,0,P000011/2025/2026/2900000000,planning,Hiring a service provider for codification of MoE assets,ocid,ocds-ozzobm-P000011/2025/2026/2900000000
0.releases.14.relatedProcesses.0,0.releases.14,0,P000105/2025/2026/4800000000,planning,Rehabilitation of Teachers Hostel,ocid,ocds-ozzobm-P000105/2025/2026/4800000000
0.releases.15.relatedProcesses.0,0.releases.15,0,P000049/2025/2026/1305000000,planning,"Provision of Sports and Recreational Facilities for RFI Staff: Access to Gym, Aerobics, Sauna, and Swimming",ocid,ocds-ozzobm-P000049/2025/2026/1305000000
0.releases.16.relatedProcesses.0,0.releases.16,0,P000064/2024/2025/1903000000,planning,Tender for supply of photo  CAMERAS   on behalf of all Government Institutions,ocid,ocds-ozzobm-P000064/2024/2025/1903000000
0.releases.17.relatedProcesses.0,0.releases.17,0,P000049/2025/2026/1305000000,planning,"Provision of Sports and Recreational Facilities for RFI Staff: Access to Gym, Aerobics, Sauna, and Swimming",ocid,ocds-ozzobm-P000049/2025/2026/1305000000
0.releases.18.relatedProcesses.0,0.releases.18,0,P000053/2025/2026/3100000000,planning,"Tender for conception, design and printing of documents and other material for MINUBUMWE 's events( Certificates,  Umbrellas , pull-up banners, branded t-shirts,…..)",ocid,ocds-ozzobm-P000053/2025/2026/3100000000
0.releases.19.relatedProcesses.0,0.releases.19,0,P000049/2025/2026/1305000000,planning,"Provision of Sports and Recreational Facilities for RFI Staff: Access to Gym, Aerobics, Sauna, and Swimming",ocid,ocds-ozzobm-P000049/2025/2026/1305000000
0.releases.20.relatedProcesses.0,0.releases.20,0,P000049/2025/2026/1305000000,planning,"Provision of Sports and Recreational Facilities for RFI Staff: Access to Gym, Aerobics, Sauna, and Swimming",ocid,ocds-ozzobm-P000049/2025/2026/1305000000
0.releases.21.relatedProcesses.0,0.releases.21,0,P000038/2025/2026/0701000000,planning,SUPPLY OF FUEL FOR RNP ON FRAMEWORK AGREEMENT,ocid,ocds-ozzobm-P000038/2025/2026/0701000000
0.releases.22.relatedProcesses.0,0.releases.22,0,P000038/2025/2026/0701000000,planning,SUPPLY OF FUEL FOR RNP ON FRAMEWORK AGREEMENT,ocid,ocds-ozzobm-P000038/2025/2026/0701000000
0.releases.23.relatedProcesses.0,0.releases.23,0,P000066/2025/2026/0701000000,planning,"SUPPLY OF SPORT WEAR FOR POLICE ATHLETICS, KARATE AND TAEKWONDO CLUBS ON FRAMEWORK AGREEMENT",ocid,ocds-ozzobm-P000066/2025/2026/0701000000
0.releases.24.relatedProcesses.0,0.releases.24,0,P000038/2025/2026/0701000000,planning,SUPPLY OF FUEL FOR RNP ON FRAMEWORK AGREEMENT,ocid,ocds-ozzobm-P000038/2025/2026/0701000000
0.releases.25.relatedProcesses.0,0.releases.25,0,P000041/2025/2026/6200000000,planning,Management of Gicumbi District slaughter located in Byumba sector,ocid,ocds-ozzobm-P000041/2025/2026/6200000000
0.releases.26.relatedProcesses.0,0.releases.26,0,P000052/2023/2024/2204000000,planning,Hire a company to provide TV weather presenters outfit,ocid,ocds-ozzobm-P000052/2023/2024/2204000000
0.releases.27.relatedProcesses.0,0.releases.27,0,P000052/2023/2024/2204000000,planning,Hire a company to provide TV weather presenters outfit,ocid,ocds-ozzobm-P000052/2023/2024/2204000000
0.releases.28.relatedProcesses.0,0.releases.28,0,P000065/2025/2026/6500000000,planning,CONSTRUCTION OF LATRINES AT EP KARAMA IN JANJA SECTOR,ocid,ocds-ozzobm-P000065/2025/2026/6500000000
0.releases.29.relatedProcesses.0,0.releases.29,0,P000016/2025/2026/2318000000,planning,Maintenance and repair of assets at Nyamagabe Rehabilitation Center,ocid,ocds-ozzobm-P000016/2025/2026/2318000000
0.releases.30.relatedProcesses.0,0.releases.30,0,P000102/2022/2023/1903001001,planning,Supply of Single Digital ID Registration Kit,ocid,ocds-ozzobm-P000102/2022/2023/1903001001
0.releases.31.relatedProcesses.0,0.releases.31,0,P000085/2023/2024/1903001001,planning,Supply of IT Devices for Smart classrooms (35 Computers/School) for 180 Schools,ocid,ocds-ozzobm-P000085/2023/2024/1903001001
0.releases.32.relatedProcesses.0,0.releases.32,0,P000018/2023/2024/7000000000,planning,Consultancy Services to provide Contract Management and Construction Supervision for the Gatenga Informal Settlements Upgrading Works,ocid,ocds-ozzobm-P000018/2023/2024/7000000000
0.releases.33.relatedProcesses.0,0.releases.33,0,P000018/2023/2024/7000000000,planning,Consultancy Services to provide Contract Management and Construction Supervision for the Gatenga Informal Settlements Upgrading Works,ocid,ocds-ozzobm-P000018/2023/2024/7000000000
0.releases.34.relatedProcesses.0,0.releases.34,0,P000002/2021/2022/7000000000,planning,TA for consultancy services for storm-water management master plan  in the COK,ocid,ocds-ozzobm-P000002/2021/2022/7000000000
0.releases.35.relatedProcesses.0,0.releases.35,0,P000002/2021/2022/7000000000,planning,TA for consultancy services for storm-water management master plan  in the COK,ocid,ocds-ozzobm-P000002/2021/2022/7000000000
0.releases.36.relatedProcesses.0,0.releases.36,0,P000015/2023/2024/4800000000,planning,Periodic maintenance of roads in NYAMAGABE DISTRICT,ocid,ocds-ozzobm-P000015/2023/2024/4800000000
0.releases.37.relatedProcesses.0,0.releases.37,0,P000014/2025/2026/1001000000,planning,Supply of laboratory gases on a framework contract,ocid,ocds-ozzobm-P000014/2025/2026/1001000000
0.releases.38.relatedProcesses.0,0.releases.38,0,P000014/2025/2026/1001000000,planning,Supply of laboratory gases on a framework contract,ocid,ocds-ozzobm-P000014/2025/2026/1001000000
0.releases.39.relatedProcesses.0,0.releases.39,0,P000016/2025/2026/2318000000,planning,Maintenance and repair of assets at Nyamagabe Rehabilitation Center,ocid,ocds-ozzobm-P000016/2025/2026/2318000000
0.releases.40.relatedProcesses.0,0.releases.40,0,P000005/2025/2026/6600000000,planning,Tender For Cleaning Services of Public Places In Byimana and Mbuye Sectors,ocid,ocds-ozzobm-P000005/2025/2026/6600000000
0.releases.41.relatedProcesses.0,0.releases.41,0,P000007/2025/2026/1000000000,planning,Sport services,ocid,ocds-ozzobm-P000007/2025/2026/1000000000
0.releases.42.relatedProcesses.0,0.releases.42,0,P000184/2025/2026/7000000000,planning,"Operationalization of Home Based ECD(HBECD)/porridge for 251HBECD (Gasab0:187, Kicukiro:19;Nyarugenge:45)",ocid,ocds-ozzobm-P000184/2025/2026/7000000000
0.releases.43.relatedProcesses.0,0.releases.43,0,P000027/2025/2026/1413000000,planning,Supply of Chalks,ocid,ocds-ozzobm-P000027/2025/2026/1413000000
0.releases.44.relatedProcesses.0,0.releases.44,0,P000002/2021/2022/7000000000,planning,TA for consultancy services for storm-water management master plan  in the COK,ocid,ocds-ozzobm-P000002/2021/2022/7000000000
0.releases.45.relatedProcesses.0,0.releases.45,0,P000002/2021/2022/7000000000,planning,TA for consultancy services for storm-water management master plan  in the COK,ocid,ocds-ozzobm-P000002/2021/2022/7000000000
0.releases.46.relatedProcesses.0,0.releases.46,0,P000018/2023/2024/7000000000,planning,Consultancy Services to provide Contract Management and Construction Supervision for the Gatenga Informal Settlements Upgrading Works,ocid,ocds-ozzobm-P000018/2023/2024/7000000000
0.releases.47.relatedProcesses.0,0.releases.47,0,P000018/2023/2024/7000000000,planning,Consultancy Services to provide Contract Management and Construction Supervision for the Gatenga Informal Settlements Upgrading Works,ocid,ocds-ozzobm-P000018/2023/2024/7000000000
0.releases.48.relatedProcesses.0,0.releases.48,0,P000005/2025/2026/1801000000,planning,supply of sports equipment,ocid,ocds-ozzobm-P000005/2025/2026/1801000000
0.releases.49.relatedProcesses.0,0.releases.49,0,P000005/2025/2026/1801000000,planning,supply of sports equipment,ocid,ocds-ozzobm-P000005/2025/2026/1801000000
0.releases.50.relatedProcesses.0,0.releases.50,0,P000004/2025/2026/1801000000,planning,supply of office furniture,ocid,ocds-ozzobm-P000004/2025/2026/1801000000
0.releases.51.relatedProcesses.0,0.releases.51,0,P000004/2025/2026/1801000000,planning,supply of office furniture,ocid,ocds-ozzobm-P000004/2025/2026/1801000000
0.releases.52.relatedProcesses.0,0.releases.52,0,P000007/2025/2026/1801000000,planning,Equipping RMF meeting room,ocid,ocds-ozzobm-P000007/2025/2026/1801000000
0.releases.53.relatedProcesses.0,0.releases.53,0,P000007/2025/2026/1801000000,planning,Equipping RMF meeting room,ocid,ocds-ozzobm-P000007/2025/2026/1801000000
0.releases.54.relatedProcesses.0,0.releases.54,0,P000037/2025/2026/4800003002,planning,Maintenance and/or Repairs of Kigeme Hospital Buildings,ocid,ocds-ozzobm-P000037/2025/2026/4800003002
0.releases.55.relatedProcesses.0,0.releases.55,0,P000037/2025/2026/4800003002,planning,Maintenance and/or Repairs of Kigeme Hospital Buildings,ocid,ocds-ozzobm-P000037/2025/2026/4800003002
0.releases.56.relatedProcesses.0,0.releases.56,0,P000021/2025/2026/6500003002,planning,Supply of Vehicles Tyres,ocid,ocds-ozzobm-P000021/2025/2026/6500003002
0.releases.57.relatedProcesses.0,0.releases.57,0,P000002/2025/2026/6400000000,planning,Conducting a full feasibility study of bridges in Rulindo District,ocid,ocds-ozzobm-P000002/2025/2026/6400000000
0.releases.58.relatedProcesses.0,0.releases.58,0,P000002/2025/2026/6400000000,planning,Conducting a full feasibility study of bridges in Rulindo District,ocid,ocds-ozzobm-P000002/2025/2026/6400000000
0.releases.59.relatedProcesses.0,0.releases.59,0,P000002/2025/2026/6400000000,planning,Conducting a full feasibility study of bridges in Rulindo District,ocid,ocds-ozzobm-P000002/2025/2026/6400000000
0.releases.60.relatedProcesses.0,0.releases.60,0,P000011/2025/2026/4800003002,planning,Supply of tyres for Kigeme District Hospital's moto vehicles,ocid,ocds-ozzobm-P000011/2025/2026/4800003002
0.releases.61.relatedProcesses.0,0.releases.61,0,P000002/2025/2026/6400000000,planning,Conducting a full feasibility study of bridges in Rulindo District,ocid,ocds-ozzobm-P000002/2025/2026/6400000000
0.releases.62.relatedProcesses.0,0.releases.62,0,P000011/2025/2026/4800003002,planning,Supply of tyres for Kigeme District Hospital's moto vehicles,ocid,ocds-ozzobm-P000011/2025/2026/4800003002
0.releases.63.relatedProcesses.0,0.releases.63,0,P000011/2025/2026/4800003002,planning,Supply of tyres for Kigeme District Hospital's moto vehicles,ocid,ocds-ozzobm-P000011/2025/2026/4800003002
0.releases.64.relatedProcesses.0,0.releases.64,0,P000037/2025/2026/4800003002,planning,Maintenance and/or Repairs of Kigeme Hospital Buildings,ocid,ocds-ozzobm-P000037/2025/2026/4800003002
0.releases.65.relatedProcesses.0,0.releases.65,0,P000049/2025/2026/1305000000,planning,"Provision of Sports and Recreational Facilities for RFI Staff: Access to Gym, Aerobics, Sauna, and Swimming",ocid,ocds-ozzobm-P000049/2025/2026/1305000000
0.releases.66.relatedProcesses.0,0.releases.66,0,P000022/2025/2026/6500003002,planning,Supply of Medical drugs and consummables,ocid,ocds-ozzobm-P000022/2025/2026/6500003002
0.releases.67.relatedProcesses.0,0.releases.67,0,P000029/2025/2026/4800003002,planning,Construction of Ambulance Parking Facility and Electrical Utility Building,ocid,ocds-ozzobm-P000029/2025/2026/4800003002
0.releases.68.relatedProcesses.0,0.releases.68,0,P000043/2024/2025/4800003002,planning,Pay the hardware materials supplied for electricity maintenance,ocid,ocds-ozzobm-P000043/2024/2025/4800003002
0.releases.69.relatedProcesses.0,0.releases.69,0,P000001/2023/2024/3100000000,planning,Providing codification of MINUBUMWE Assets,ocid,ocds-ozzobm-P000001/2023/2024/3100000000
0.releases.70.relatedProcesses.0,0.releases.70,0,P000053/2025/2026/3100000000,planning,"Tender for conception, design and printing of documents and other material for MINUBUMWE 's events( Certificates,  Umbrellas , pull-up banners, branded t-shirts,…..)",ocid,ocds-ozzobm-P000053/2025/2026/3100000000
0.releases.71.relatedProcesses.0,0.releases.71,0,P000008/2024/2025/4900000000,planning,"Tender for decoration, Flags, and Supply of Banners in event of Gisagara District ( Framework Contract)",ocid,ocds-ozzobm-P000008/2024/2025/4900000000
0.releases.72.relatedProcesses.0,0.releases.72,0,P000053/2025/2026/3100000000,planning,"Tender for conception, design and printing of documents and other material for MINUBUMWE 's events( Certificates,  Umbrellas , pull-up banners, branded t-shirts,…..)",ocid,ocds-ozzobm-P000053/2025/2026/3100000000
0.releases.73.relatedProcesses.0,0.releases.73,0,P000053/2025/2026/3100000000,planning,"Tender for conception, design and printing of documents and other material for MINUBUMWE 's events( Certificates,  Umbrellas , pull-up banners, branded t-shirts,…..)",ocid,ocds-ozzobm-P000053/2025/2026/3100000000
0.releases.74.relatedProcesses.0,0.releases.74,0,P000053/2025/2026/3100000000,planning,"Tender for conception, design and printing of documents and other material for MINUBUMWE 's events( Certificates,  Umbrellas , pull-up banners, branded t-shirts,…..)",ocid,ocds-ozzobm-P000053/2025/2026/3100000000
0.releases.75.relatedProcesses.0,0.releases.75,0,P000053/2025/2026/3100000000,planning,"Tender for conception, design and printing of documents and other material for MINUBUMWE 's events( Certificates,  Umbrellas , pull-up banners, branded t-shirts,…..)",ocid,ocds-ozzobm-P000053/2025/2026/3100000000
0.releases.76.relatedProcesses.0,0.releases.76,0,P000053/2025/2026/3100000000,planning,"Tender for conception, design and printing of documents and other material for MINUBUMWE 's events( Certificates,  Umbrellas , pull-up banners, branded t-shirts,…..)",ocid,ocds-ozzobm-P000053/2025/2026/3100000000
0.releases.77.relatedProcesses.0,0.releases.77,0,P000009/2025/2026/4400000000,planning,Purchase and supply of Productive asset transfer for vulnerable households,ocid,ocds-ozzobm-P000009/2025/2026/4400000000
0.releases.78.relatedProcesses.0,0.releases.78,0,P000009/2025/2026/4400000000,planning,Purchase and supply of Productive asset transfer for vulnerable households,ocid,ocds-ozzobm-P000009/2025/2026/4400000000
0.releases.79.relatedProcesses.0,0.releases.79,0,P000025/2023/2024/1413000000,planning,Provision of  Two  and three STAR hotel services on annual basis,ocid,ocds-ozzobm-P000025/2023/2024/1413000000
0.releases.80.relatedProcesses.0,0.releases.80,0,P000020/2024/2025/2204000000,planning,Annual provisions of sports services,ocid,ocds-ozzobm-P000020/2024/2025/2204000000
0.releases.81.relatedProcesses.0,0.releases.81,0,P000020/2024/2025/2204000000,planning,Annual provisions of sports services,ocid,ocds-ozzobm-P000020/2024/2025/2204000000
0.releases.82.relatedProcesses.0,0.releases.82,0,P000020/2024/2025/2204000000,planning,Annual provisions of sports services,ocid,ocds-ozzobm-P000020/2024/2025/2204000000
0.releases.83.relatedProcesses.0,0.releases.83,0,P000008/2024/2025/4900000000,planning,"Tender for decoration, Flags, and Supply of Banners in event of Gisagara District ( Framework Contract)",ocid,ocds-ozzobm-P000008/2024/2025/4900000000
0.releases.84.relatedProcesses.0,0.releases.84,0,P000029/2025/2026/6500000000,planning,REHABILITATION OF GATONDE HC-KAMONYI-NYUNDO-RUREMBO-GATABA-KIBAYA-MASHYA AND BITOVU-MURAMBI-RUHANGO-NYANGE ROADS PHASE I,ocid,ocds-ozzobm-P000029/2025/2026/6500000000
0.releases.85.relatedProcesses.0,0.releases.85,0,P000012/2023/2024/1800000000,planning,Provision of Insurance services cover for Administration Office Complex Building( AOC),ocid,ocds-ozzobm-P000012/2023/2024/1800000000
0.releases.86.relatedProcesses.0,0.releases.86,0,P000007/2025/2026/1801000000,planning,Equipping RMF meeting room,ocid,ocds-ozzobm-P000007/2025/2026/1801000000
0.releases.87.relatedProcesses.0,0.releases.87,0,P000018/2023/2024/0400000000,planning,Sports and recreational facilities and services,ocid,ocds-ozzobm-P000018/2023/2024/0400000000
0.releases.88.relatedProcesses.0,0.releases.88,0,P000045/2024/2025/1000000000,planning,"Hiring consulting firm to conduct feasibility studies for the development of a Tannery Park Special Economic Zone, including an Environmental Impact Assessment and engineering designs for the SEZ.",ocid,ocds-ozzobm-P000045/2024/2025/1000000000
0.releases.89.relatedProcesses.0,0.releases.89,0,P000045/2024/2025/1000000000,planning,"Hiring consulting firm to conduct feasibility studies for the development of a Tannery Park Special Economic Zone, including an Environmental Impact Assessment and engineering designs for the SEZ.",ocid,ocds-ozzobm-P000045/2024/2025/1000000000
0.releases.90.relatedProcesses.0,0.releases.90,0,P000001/2025/2026/1602000000,planning,Supply of Cleaning& Hygiene materials,ocid,ocds-ozzobm-P000001/2025/2026/1602000000
0.releases.91.relatedProcesses.0,0.releases.91,0,P000049/2025/2026/1305000000,planning,"Provision of Sports and Recreational Facilities for RFI Staff: Access to Gym, Aerobics, Sauna, and Swimming",ocid,ocds-ozzobm-P000049/2025/2026/1305000000
0.releases.92.relatedProcesses.0,0.releases.92,0,P000020/2023/2024/7000000000,planning,Consultancy Services to provide Contract Management and Construction Supervision for 6 flood risk hotspots   implementation,ocid,ocds-ozzobm-P000020/2023/2024/7000000000
0.releases.93.relatedProcesses.0,0.releases.93,0,P000020/2023/2024/7000000000,planning,Consultancy Services to provide Contract Management and Construction Supervision for 6 flood risk hotspots   implementation,ocid,ocds-ozzobm-P000020/2023/2024/7000000000
0.releases.94.relatedProcesses.0,0.releases.94,0,P000007/2025/2026/1801000000,planning,Equipping RMF meeting room,ocid,ocds-ozzobm-P000007/2025/2026/1801000000
0.releases.95.relatedProcesses.0,0.releases.95,0,P000041/2023/2024/4800003002,planning,Provision of cleaning services in Kigeme Hospital,ocid,ocds-ozzobm-P000041/2023/2024/4800003002
0.releases.96.relatedProcesses.0,0.releases.96,0,P000020/2023/2024/7000000000,planning,Consultancy Services to provide Contract Management and Construction Supervision for 6 flood risk hotspots   implementation,ocid,ocds-ozzobm-P000020/2023/2024/7000000000
0.releases.97.relatedProcesses.0,0.releases.97,0,P000020/2023/2024/7000000000,planning,Consultancy Services to provide Contract Management and Construction Supervision for 6 flood risk hotspots   implementation,ocid,ocds-ozzobm-P000020/2023/2024/7000000000
0.releases.98.relatedProcesses.0,0.releases.98,0,P000004/2024/2025/5400003002,planning,Tender for supplying Fuel,ocid,ocds-ozzobm-P000004/2024/2025/5400003002
0.releases.99.relatedProcesses.0,0.releases.99,0,P000001/2023/2024/3100000000,planning,Providing codification of MINUBUMWE Assets,ocid,ocds-ozzobm-P000001/2023/2024/3100000000
0.releases.100.relatedProcesses.0,0.releases.100,0,P000014/2025/2026/1400000000,planning,Supply of office furniture,ocid,ocds-ozzobm-P000014/2025/2026/1400000000
0.releases.101.relatedProcesses.0,0.releases.101,0,P000019/2025/2026/5400001000,planning,Tender of purchase Mineral water for staff and others,ocid,ocds-ozzobm-P000019/2025/2026/5400001000
0.releases.102.relatedProcesses.0,0.releases.102,0,P000007/2025/2026/1801000000,planning,Equipping RMF meeting room,ocid,ocds-ozzobm-P000007/2025/2026/1801000000
0.releases.103.relatedProcesses.0,0.releases.103,0,P000014/2025/2026/2309000000,planning,Supply and installation of air conditioners,ocid,ocds-ozzobm-P000014/2025/2026/2309000000
0.releases.104.relatedProcesses.0,0.releases.104,0,P000014/2025/2026/2309000000,planning,Supply and installation of air conditioners,ocid,ocds-ozzobm-P000014/2025/2026/2309000000
0.releases.105.relatedProcesses.0,0.releases.105,0,P000077/2022/2023/7000000000,planning,Maintenance of waste water treatment plant in Gacuriro real estate and IDP models,ocid,ocds-ozzobm-P000077/2022/2023/7000000000
0.releases.106.relatedProcesses.0,0.releases.106,0,P000011/2022/2023/1800000000,planning,Transport services for civil servants across the country,ocid,ocds-ozzobm-P000011/2022/2023/1800000000
0.releases.107.relatedProcesses.0,0.releases.107,0,P000011/2025/2026/6200000000,planning,Rehabilitate Gaseke-Muyanza chipseal road (9.4km) by construction of bridges in Phase II in Gicumbi District,ocid,ocds-ozzobm-P000011/2025/2026/6200000000
0.releases.108.relatedProcesses.0,0.releases.108,0,P000014/2025/2026/2309000000,planning,Supply and installation of air conditioners,ocid,ocds-ozzobm-P000014/2025/2026/2309000000
0.releases.109.relatedProcesses.0,0.releases.109,0,P000086/2025/2026/1601000000,planning,Supply of stationary,ocid,ocds-ozzobm-P000086/2025/2026/1601000000
0.releases.110.relatedProcesses.0,0.releases.110,0,P000086/2025/2026/1601000000,planning,Supply of stationary,ocid,ocds-ozzobm-P000086/2025/2026/1601000000
0.releases.111.relatedProcesses.0,0.releases.111,0,P000021/2024/2025/1600000000,planning,Provision of refreshment to the MoH Staffs,ocid,ocds-ozzobm-P000021/2024/2025/1600000000
0.releases.112.relatedProcesses.0,0.releases.112,0,P000033/2025/2026/2315000000,planning,Acquisition of Cleaning services,ocid,ocds-ozzobm-P000033/2025/2026/2315000000
0.releases.113.relatedProcesses.0,0.releases.113,0,P000009/2025/2026/1000001000,planning,"Supply, installation and Commissioning Microwave Plasma Atomic Emission Spectrometer MPAES and its accessories",ocid,ocds-ozzobm-P000009/2025/2026/1000001000
0.releases.114.relatedProcesses.0,0.releases.114,0,P000041/2025/2026/0702000000,planning,Acquisition of Training Consumables and materials for Correctional Facilities,ocid,ocds-ozzobm-P000041/2025/2026/0702000000
0.releases.115.relatedProcesses.0,0.releases.115,0,P000041/2025/2026/0702000000,planning,Acquisition of Training Consumables and materials for Correctional Facilities,ocid,ocds-ozzobm-P000041/2025/2026/0702000000
0.releases.116.relatedProcesses.0,0.releases.116,0,P000035/2025/2026/0800000000,planning,Acquisition of Protocol staff clothes,ocid,ocds-ozzobm-P000035/2025/2026/0800000000
0.releases.117.relatedProcesses.0,0.releases.117,0,P000024/2025/2026/5900000000,planning,Supply of stationeries and other supplies in Nyamasheke District,ocid,ocds-ozzobm-P000024/2025/2026/5900000000
0.releases.118.relatedProcesses.0,0.releases.118,0,P000014/2025/2026/2901000000,planning,Hiring a consultant firm for Developing the new Results framework of RGF,ocid,ocds-ozzobm-P000014/2025/2026/2901000000
0.releases.119.relatedProcesses.0,0.releases.119,0,P000014/2025/2026/2901000000,planning,Hiring a consultant firm for Developing the new Results framework of RGF,ocid,ocds-ozzobm-P000014/2025/2026/2901000000
0.releases.120.relatedProcesses.0,0.releases.120,0,P000001/2025/2026/1804000000,planning,Supervision of proposed beautifications at Amahoro Stadium,ocid,ocds-ozzobm-P000001/2025/2026/1804000000
0.releases.121.relatedProcesses.0,0.releases.121,0,P000049/2025/2026/1305000000,planning,"Provision of Sports and Recreational Facilities for RFI Staff: Access to Gym, Aerobics, Sauna, and Swimming",ocid,ocds-ozzobm-P000049/2025/2026/1305000000
0.releases.122.relatedProcesses.0,0.releases.122,0,P000002/2025/2026/5300003001,planning,Tender for purchase of medical equipments,ocid,ocds-ozzobm-P000002/2025/2026/5300003001
0.releases.123.relatedProcesses.0,0.releases.123,0,P000011/2023/2024/1204000000,planning,Provide Services of codification and engraving of RPPA Assets,ocid,ocds-ozzobm-P000011/2023/2024/1204000000
0.releases.124.relatedProcesses.0,0.releases.124,0,P000015/2023/2024/1800000000,planning,Tender for annual provision of sport services and recreational facilities for MININFRA Staff.,ocid,ocds-ozzobm-P000015/2023/2024/1800000000
0.releases.125.relatedProcesses.0,0.releases.125,0,P000040/2025/2026/0901000000,planning,Supply of charcoal and wood wastes,ocid,ocds-ozzobm-P000040/2025/2026/0901000000
0.releases.126.relatedProcesses.0,0.releases.126,0,P000015/2023/2024/1800000000,planning,Tender for annual provision of sport services and recreational facilities for MININFRA Staff.,ocid,ocds-ozzobm-P000015/2023/2024/1800000000
0.releases.127.relatedProcesses.0,0.releases.127,0,P000015/2023/2024/1800000000,planning,Tender for annual provision of sport services and recreational facilities for MININFRA Staff.,ocid,ocds-ozzobm-P000015/2023/2024/1800000000
0.releases.128.relatedProcesses.0,0.releases.128,0,P000015/2023/2024/1800000000,planning,Tender for annual provision of sport services and recreational facilities for MININFRA Staff.,ocid,ocds-ozzobm-P000015/2023/2024/1800000000
0.releases.129.relatedProcesses.0,0.releases.129,0,P000012/2023/2024/1800000000,planning,Provision of Insurance services cover for Administration Office Complex Building( AOC),ocid,ocds-ozzobm-P000012/2023/2024/1800000000
0.releases.130.relatedProcesses.0,0.releases.130,0,P000041/2025/2026/1202000000,planning,Hiring a poverty dynamics analysis expert to provide technical assistance to support the design and analysis of the EICV8.,ocid,ocds-ozzobm-P000041/2025/2026/1202000000
0.releases.131.relatedProcesses.0,0.releases.131,0,P000092/2025/2026/1400000000,planning,Provision of  vehicle Insurance,ocid,ocds-ozzobm-P000092/2025/2026/1400000000
0.releases.132.relatedProcesses.0,0.releases.132,0,P000092/2025/2026/1400000000,planning,Provision of  vehicle Insurance,ocid,ocds-ozzobm-P000092/2025/2026/1400000000
0.releases.133.relatedProcesses.0,0.releases.133,0,P000038/2025/2026/0701000000,planning,SUPPLY OF FUEL FOR RNP ON FRAMEWORK AGREEMENT,ocid,ocds-ozzobm-P000038/2025/2026/0701000000
0.releases.134.relatedProcesses.0,0.releases.134,0,P000011/2025/2026/6200000000,planning,Rehabilitate Gaseke-Muyanza chipseal road (9.4km) by construction of bridges in Phase II in Gicumbi District,ocid,ocds-ozzobm-P000011/2025/2026/6200000000
0.releases.135.relatedProcesses.0,0.releases.135,0,P000038/2025/2026/0701000000,planning,SUPPLY OF FUEL FOR RNP ON FRAMEWORK AGREEMENT,ocid,ocds-ozzobm-P000038/2025/2026/0701000000
0.releases.136.relatedProcesses.0,0.releases.136,0,P000015/2023/2024/1800000000,planning,Tender for annual provision of sport services and recreational facilities for MININFRA Staff.,ocid,ocds-ozzobm-P000015/2023/2024/1800000000
0.releases.137.relatedProcesses.0,0.releases.137,0,P000003/2025/2026/8500000000,planning,Supply for Office Furniture,ocid,ocds-ozzobm-P000003/2025/2026/8500000000
0.releases.138.relatedProcesses.0,0.releases.138,0,P000041/2025/2026/0702000000,planning,Acquisition of Training Consumables and materials for Correctional Facilities,ocid,ocds-ozzobm-P000041/2025/2026/0702000000
0.releases.139.relatedProcesses.0,0.releases.139,0,P000004/2025/2026/1801000000,planning,supply of office furniture,ocid,ocds-ozzobm-P000004/2025/2026/1801000000
0.releases.140.relatedProcesses.0,0.releases.140,0,P000034/2025/2026/1420000000,planning,Annual subscription to digital library,ocid,ocds-ozzobm-P000034/2025/2026/1420000000
0.releases.141.relatedProcesses.0,0.releases.141,0,P000009/2025/2026/0901001017,planning,Supervision of Rehabilitation MCCs,ocid,ocds-ozzobm-P000009/2025/2026/0901001017
0.releases.142.relatedProcesses.0,0.releases.142,0,P000009/2025/2026/0901001017,planning,Supervision of Rehabilitation MCCs,ocid,ocds-ozzobm-P000009/2025/2026/0901001017
0.releases.143.relatedProcesses.0,0.releases.143,0,P000004/2025/2026/1801000000,planning,supply of office furniture,ocid,ocds-ozzobm-P000004/2025/2026/1801000000
0.releases.144.relatedProcesses.0,0.releases.144,0,P000013/2025/2026/1302000000,planning,Provision of Decoration Services under Framework Contract,ocid,ocds-ozzobm-P000013/2025/2026/1302000000
0.releases.145.relatedProcesses.0,0.releases.145,0,P000038/2025/2026/0701000000,planning,SUPPLY OF FUEL FOR RNP ON FRAMEWORK AGREEMENT,ocid,ocds-ozzobm-P000038/2025/2026/0701000000
0.releases.146.relatedProcesses.0,0.releases.146,0,P000009/2025/2026/1503000000,planning,"Provision of Printing services (Banners, Books, Booklets and different binding documents..)",ocid,ocds-ozzobm-P000009/2025/2026/1503000000
0.releases.147.relatedProcesses.0,0.releases.147,0,P000055/2025/2026/5300000000,planning,Feasibility study for clean water pipelines for universal coverage,ocid,ocds-ozzobm-P000055/2025/2026/5300000000
0.releases.148.relatedProcesses.0,0.releases.148,0,P000004/2025/2026/1801000000,planning,supply of office furniture,ocid,ocds-ozzobm-P000004/2025/2026/1801000000
0.releases.149.relatedProcesses.0,0.releases.149,0,P000006/2025/2026/2304000000,planning,Acquisition of Hotel services,ocid,ocds-ozzobm-P000006/2025/2026/2304000000
0.releases.150.relatedProcesses.0,0.releases.150,0,P000049/2025/2026/1305000000,planning,"Provision of Sports and Recreational Facilities for RFI Staff: Access to Gym, Aerobics, Sauna, and Swimming",ocid,ocds-ozzobm-P000049/2025/2026/1305000000
0.releases.151.relatedProcesses.0,0.releases.151,0,P000007/2025/2026/0901001017,planning,Supervision of Rehabilitation MCPs,ocid,ocds-ozzobm-P000007/2025/2026/0901001017
0.releases.152.relatedProcesses.0,0.releases.152,0,P000007/2025/2026/0901001017,planning,Supervision of Rehabilitation MCPs,ocid,ocds-ozzobm-P000007/2025/2026/0901001017
0.releases.153.relatedProcesses.0,0.releases.153,0,P000023/2025/2026/1412001000,planning,Supply ICT training Consumables to RP/Kigali  College under Framework contract.,ocid,ocds-ozzobm-P000023/2025/2026/1412001000
0.releases.154.relatedProcesses.0,0.releases.154,0,P000002/2025/2026/2305000000,planning,"Supply of sugar, coffee and tea made in Rwanda",ocid,ocds-ozzobm-P000002/2025/2026/2305000000
0.releases.155.relatedProcesses.0,0.releases.155,0,P000002/2025/2026/2305000000,planning,"Supply of sugar, coffee and tea made in Rwanda",ocid,ocds-ozzobm-P000002/2025/2026/2305000000
0.releases.156.relatedProcesses.0,0.releases.156,0,P000014/2025/2026/4700003001,planning,Maintain vehicles and motorcycles of the hospital,ocid,ocds-ozzobm-P000014/2025/2026/4700003001
0.releases.157.relatedProcesses.0,0.releases.157,0,P000022/2025/2026/6100000000,planning,Purchase and distribute  Girinka One Cow Per Poor  Family and its package,ocid,ocds-ozzobm-P000022/2025/2026/6100000000
0.releases.158.relatedProcesses.0,0.releases.158,0,P000202/2025/2026/1203000000,planning,"Annual supply and installation of office furnitures to RRA, meeting and conference furniture (Framework contract).",ocid,ocds-ozzobm-P000202/2025/2026/1203000000
0.releases.159.relatedProcesses.0,0.releases.159,0,P000202/2025/2026/1203000000,planning,"Annual supply and installation of office furnitures to RRA, meeting and conference furniture (Framework contract).",ocid,ocds-ozzobm-P000202/2025/2026/1203000000
0.releases.160.relatedProcesses.0,0.releases.160,0,P000003/2025/2026/6200000000,planning,"Supply of chairs,tables, desks and closing placard for new classrooms constructed  at different schools of Gicumbi District  under PPD Basket Fund",ocid,ocds-ozzobm-P000003/2025/2026/6200000000
0.releases.161.relatedProcesses.0,0.releases.161,0,P000012/2025/2026/2901000000,planning,Call-down consultant,ocid,ocds-ozzobm-P000012/2025/2026/2901000000
0.releases.162.relatedProcesses.0,0.releases.162,0,P000012/2025/2026/2901000000,planning,Call-down consultant,ocid,ocds-ozzobm-P000012/2025/2026/2901000000
0.releases.163.relatedProcesses.0,0.releases.163,0,P000042/2024/2025/6100000000,planning,Provision for insurance services for Burera District buildings and movable assets (Framework contract),ocid,ocds-ozzobm-P000042/2024/2025/6100000000
0.releases.164.relatedProcesses.0,0.releases.164,0,P000083/2024/2025/6100000000,planning,Supply electricity cash power,ocid,ocds-ozzobm-P000083/2024/2025/6100000000
0.releases.165.relatedProcesses.0,0.releases.165,0,P000002/2025/2026/2001000000,planning,"Revised Electrical installation works for RMI G+2 hostels building and lighting, including the upgrade of the main Electrical Distribution System at RMI Murambi  Campus for period of 4 months",ocid,ocds-ozzobm-P000002/2025/2026/2001000000
0.releases.166.relatedProcesses.0,0.releases.166,0,P000028/2025/2026/4800003002,planning,"Make the ordinary  orientation sign posts,/ banners and posters at hospital",ocid,ocds-ozzobm-P000028/2025/2026/4800003002
0.releases.167.relatedProcesses.0,0.releases.167,0,P000006/2025/2026/2304000000,planning,Acquisition of Hotel services,ocid,ocds-ozzobm-P000006/2025/2026/2304000000
0.releases.168.relatedProcesses.0,0.releases.168,0,P000114/2023/2024/0901000000,planning,Supply of fuel,ocid,ocds-ozzobm-P000114/2023/2024/0901000000
0.releases.169.relatedProcesses.0,0.releases.169,0,P000025/2023/2024/1413000000,planning,Provision of  Two  and three STAR hotel services on annual basis,ocid,ocds-ozzobm-P000025/2023/2024/1413000000
0.releases.170.relatedProcesses.0,0.releases.170,0,P000114/2023/2024/0901000000,planning,Supply of fuel,ocid,ocds-ozzobm-P000114/2023/2024/0901000000
0.releases.171.relatedProcesses.0,0.releases.171,0,P000003/2025/2026/4900000000,planning,Rehabilitation of Kibirizi Health Center,ocid,ocds-ozzobm-P000003/2025/2026/4900000000
0.releases.172.relatedProcesses.0,0.releases.172,0,P000006/2025/2026/4900000000,planning,Supervision of Rehabilitation of Kibirizi Health Center,ocid,ocds-ozzobm-P000006/2025/2026/4900000000
0.releases.173.relatedProcesses.0,0.releases.173,0,P000018/2025/2026/0702000000,planning,Acquisition of printers for TVET Centers,ocid,ocds-ozzobm-P000018/2025/2026/0702000000
0.releases.174.relatedProcesses.0,0.releases.174,0,P000015/2024/2025/2605000000,planning,Provision of decoration services to NCDA in City of Kigali and Provinces,ocid,ocds-ozzobm-P000015/2024/2025/2605000000
0.releases.175.relatedProcesses.0,0.releases.175,0,P000009/2025/2026/1001000000,planning,"Supply of metrology laboratories consumables, measuring equipment accessories and spare parts (Framework contract)",ocid,ocds-ozzobm-P000009/2025/2026/1001000000
0.releases.176.relatedProcesses.0,0.releases.176,0,P000086/2025/2026/1601000000,planning,Supply of stationary,ocid,ocds-ozzobm-P000086/2025/2026/1601000000
0.releases.177.relatedProcesses.0,0.releases.177,0,P000004/2025/2026/1801000000,planning,supply of office furniture,ocid,ocds-ozzobm-P000004/2025/2026/1801000000
0.releases.178.relatedProcesses.0,0.releases.178,0,P000009/2025/2026/1001000000,planning,"Supply of metrology laboratories consumables, measuring equipment accessories and spare parts (Framework contract)",ocid,ocds-ozzobm-P000009/2025/2026/1001000000
0.releases.179.relatedProcesses.0,0.releases.179,0,P000081/2025/2026/0901000000,planning,Supply of Exotic Rabbits,ocid,ocds-ozzobm-P000081/2025/2026/0901000000
0.releases.180.relatedProcesses.0,0.releases.180,0,P000081/2025/2026/0901000000,planning,Supply of Exotic Rabbits,ocid,ocds-ozzobm-P000081/2025/2026/0901000000
0.releases.181.relatedProcesses.0,0.releases.181,0,P000021/2025/2026/2901000000,planning,"on boarding of an external auditing firm for an annual audit of Ireme Invest funded projects (DANIDA funds) for year ended December 31st, 2025",ocid,ocds-ozzobm-P000021/2025/2026/2901000000
0.releases.182.relatedProcesses.0,0.releases.182,0,P000021/2025/2026/2901000000,planning,"on boarding of an external auditing firm for an annual audit of Ireme Invest funded projects (DANIDA funds) for year ended December 31st, 2025",ocid,ocds-ozzobm-P000021/2025/2026/2901000000
0.releases.183.relatedProcesses.0,0.releases.183,0,P000065/2025/2026/1806000000,planning,"Supplying, installing, testing, commissioning and maintenance of Solar Water Heating systems in residential and non-residential sector under framework contracts (Recruitment of additional suppliers)",ocid,ocds-ozzobm-P000065/2025/2026/1806000000
0.releases.184.relatedProcesses.0,0.releases.184,0,P000053/2025/2026/3100000000,planning,"Tender for conception, design and printing of documents and other material for MINUBUMWE 's events( Certificates,  Umbrellas , pull-up banners, branded t-shirts,…..)",ocid,ocds-ozzobm-P000053/2025/2026/3100000000
0.releases.185.relatedProcesses.0,0.releases.185,0,P000005/2025/2026/1801000000,planning,supply of sports equipment,ocid,ocds-ozzobm-P000005/2025/2026/1801000000
0.releases.186.relatedProcesses.0,0.releases.186,0,P000097/2025/2026/0901000000,planning,Acquisition of GPS in RAB vehicles,ocid,ocds-ozzobm-P000097/2025/2026/0901000000
0.releases.187.relatedProcesses.0,0.releases.187,0,P000035/2022/2023/1804000000,planning,Consultancy services for  development of CHUB Mater plan,ocid,ocds-ozzobm-P000035/2022/2023/1804000000
0.releases.188.relatedProcesses.0,0.releases.188,0,P000035/2022/2023/1804000000,planning,Consultancy services for  development of CHUB Mater plan,ocid,ocds-ozzobm-P000035/2022/2023/1804000000
0.releases.189.relatedProcesses.0,0.releases.189,0,P000084/2025/2026/6300000000,planning,Construction of Adeper-GS Muhoza-Bralirwa asphalt road,ocid,ocds-ozzobm-P000084/2025/2026/6300000000
0.releases.190.relatedProcesses.0,0.releases.190,0,P000054/2025/2026/5900000000,planning,Re-advertising of Hotels Sourcing services during twelve months (2LOTS),ocid,ocds-ozzobm-P000054/2025/2026/5900000000
0.releases.191.relatedProcesses.0,0.releases.191,0,P000049/2025/2026/4100000000,planning,Hotel and Motel services,ocid,ocds-ozzobm-P000049/2025/2026/4100000000
0.releases.192.relatedProcesses.0,0.releases.192,0,P000012/2025/2026/2901000000,planning,Call-down consultant,ocid,ocds-ozzobm-P000012/2025/2026/2901000000
0.releases.193.relatedProcesses.0,0.releases.193,0,P000014/2025/2026/2901000000,planning,Hiring a consultant firm for Developing the new Results framework of RGF,ocid,ocds-ozzobm-P000014/2025/2026/2901000000
0.releases.194.relatedProcesses.0,0.releases.194,0,P000014/2025/2026/2901000000,planning,Hiring a consultant firm for Developing the new Results framework of RGF,ocid,ocds-ozzobm-P000014/2025/2026/2901000000
0.releases.195.relatedProcesses.0,0.releases.195,0,P000006/2025/2026/2304000000,planning,Acquisition of Hotel services,ocid,ocds-ozzobm-P000006/2025/2026/2304000000
0.releases.196.relatedProcesses.0,0.releases.196,0,P000018/2024/2025/2605000000,planning,Supply of beverages for NCDA staff,ocid,ocds-ozzobm-P000018/2024/2025/2605000000
0.releases.197.relatedProcesses.0,0.releases.197,0,P000088/2025/2026/0702000000,planning,Acquisition of CUG (AIRTEL RWANDA) for Rwanda Correctional Service staff,ocid,ocds-ozzobm-P000088/2025/2026/0702000000
0.releases.198.relatedProcesses.0,0.releases.198,0,P000027/2025/2026/1413000000,planning,Supply of Chalks,ocid,ocds-ozzobm-P000027/2025/2026/1413000000
0.releases.199.relatedProcesses.0,0.releases.199,0,P000036/2025/2026/0800000000,planning,supply of sports wear for minaffet,ocid,ocds-ozzobm-P000036/2025/2026/0800000000
0.releases.200.relatedProcesses.0,0.releases.200,0,P000127/2024/2025/0702000000,planning,Acquisition of Cement for RCS HQS and correctional facilities,ocid,ocds-ozzobm-P000127/2024/2025/0702000000
0.releases.201.relatedProcesses.0,0.releases.201,0,P000079/2025/2026/0108000000,planning,Hiring a consulting firm to Conduct feasibility studies and detailed engineering designs of infrastructure for Kigali Special Economic Zone phase 3 &4,ocid,ocds-ozzobm-P000079/2025/2026/0108000000
0.releases.202.relatedProcesses.0,0.releases.202,0,P000084/2025/2026/6300000000,planning,Construction of Adeper-GS Muhoza-Bralirwa asphalt road,ocid,ocds-ozzobm-P000084/2025/2026/6300000000
0.releases.203.relatedProcesses.0,0.releases.203,0,P000033/2025/2026/1202000000,planning,Hiring an individual consultant for EICV8 fieldwork coordination,ocid,ocds-ozzobm-P000033/2025/2026/1202000000
0.releases.204.relatedProcesses.0,0.releases.204,0,P000050/2025/2026/0901000000,planning,Supply of animal feeds,ocid,ocds-ozzobm-P000050/2025/2026/0901000000
0.releases.205.relatedProcesses.0,0.releases.205,0,P000006/2025/2026/2304000000,planning,Acquisition of Hotel services,ocid,ocds-ozzobm-P000006/2025/2026/2304000000
0.releases.206.relatedProcesses.0,0.releases.206,0,P000042/2025/2026/0901000000,planning,Supply of pig feeds,ocid,ocds-ozzobm-P000042/2025/2026/0901000000
0.releases.207.relatedProcesses.0,0.releases.207,0,P000119/2025/2026/1804000000,planning,Supply of Building Materials for Construction of MUZO IDP Model Village (Framework Contract),ocid,ocds-ozzobm-P000119/2025/2026/1804000000
0.releases.208.relatedProcesses.0,0.releases.208,0,P000023/2025/2026/4700000000,planning,Annual framework tender for providing the sevice of sonorization in Huye district,ocid,ocds-ozzobm-P000023/2025/2026/4700000000
0.releases.209.relatedProcesses.0,0.releases.209,0,P000119/2025/2026/1804000000,planning,Supply of Building Materials for Construction of MUZO IDP Model Village (Framework Contract),ocid,ocds-ozzobm-P000119/2025/2026/1804000000
0.releases.210.relatedProcesses.0,0.releases.210,0,P000019/2025/2026/5400001000,planning,Tender of purchase Mineral water for staff and others,ocid,ocds-ozzobm-P000019/2025/2026/5400001000
0.releases.211.relatedProcesses.0,0.releases.211,0,P000015/2021/2022/2305000000,planning,Hiring of two (2) floating consulting Engineers to give a technical support to RUDP II,ocid,ocds-ozzobm-P000015/2021/2022/2305000000
0.releases.212.relatedProcesses.0,0.releases.212,0,P000046/2025/2026/4200000000,planning,Supply and fix windows and doors in Classrooms with house furniture,ocid,ocds-ozzobm-P000046/2025/2026/4200000000
0.releases.213.relatedProcesses.0,0.releases.213,0,P000046/2025/2026/4200000000,planning,Supply and fix windows and doors in Classrooms with house furniture,ocid,ocds-ozzobm-P000046/2025/2026/4200000000
0.releases.214.relatedProcesses.0,0.releases.214,0,P000008/2025/2026/2304000000,planning,Supply of office furniture,ocid,ocds-ozzobm-P000008/2025/2026/2304000000
0.releases.215.relatedProcesses.0,0.releases.215,0,P000021/2024/2025/6300000000,planning,"Supervision of the food court/Park project, focusing on green building initiatives and environmental sustainability",ocid,ocds-ozzobm-P000021/2024/2025/6300000000
0.releases.216.relatedProcesses.0,0.releases.216,0,P000021/2024/2025/6300000000,planning,"Supervision of the food court/Park project, focusing on green building initiatives and environmental sustainability",ocid,ocds-ozzobm-P000021/2024/2025/6300000000
0.releases.217.relatedProcesses.0,0.releases.217,0,P000002/2023/2024/2308000000,planning,Security service,ocid,ocds-ozzobm-P000002/2023/2024/2308000000
0.releases.218.relatedProcesses.0,0.releases.218,0,P000027/2025/2026/6100003001,planning,Installation of water purification system for safe water for drinking,ocid,ocds-ozzobm-P000027/2025/2026/6100003001
0.releases.219.relatedProcesses.0,0.releases.219,0,P000006/2025/2026/2304000000,planning,Acquisition of Hotel services,ocid,ocds-ozzobm-P000006/2025/2026/2304000000
0.releases.220.relatedProcesses.0,0.releases.220,0,P000004/2025/2026/1801000000,planning,supply of office furniture,ocid,ocds-ozzobm-P000004/2025/2026/1801000000
0.releases.221.relatedProcesses.0,0.releases.221,0,P000007/2025/2026/1801000000,planning,Equipping RMF meeting room,ocid,ocds-ozzobm-P000007/2025/2026/1801000000
0.releases.222.relatedProcesses.0,0.releases.222,0,P000005/2025/2026/1801000000,planning,supply of sports equipment,ocid,ocds-ozzobm-P000005/2025/2026/1801000000
0.releases.223.relatedProcesses.0,0.releases.223,0,P000022/2025/2026/6500003002,planning,Supply of Medical drugs and consummables,ocid,ocds-ozzobm-P000022/2025/2026/6500003002
0.releases.224.relatedProcesses.0,0.releases.224,0,P000092/2025/2026/0901000000,planning,Supply of MCS equipment's to be  used in Rwandan  Lakes,ocid,ocds-ozzobm-P000092/2025/2026/0901000000
0.releases.225.relatedProcesses.0,0.releases.225,0,P000092/2025/2026/0901000000,planning,Supply of MCS equipment's to be  used in Rwandan  Lakes,ocid,ocds-ozzobm-P000092/2025/2026/0901000000
0.releases.226.relatedProcesses.0,0.releases.226,0,P000012/2023/2024/1800000000,planning,Provision of Insurance services cover for Administration Office Complex Building( AOC),ocid,ocds-ozzobm-P000012/2023/2024/1800000000
0.releases.227.relatedProcesses.0,0.releases.227,0,P000012/2023/2024/1800000000,planning,Provision of Insurance services cover for Administration Office Complex Building( AOC),ocid,ocds-ozzobm-P000012/2023/2024/1800000000
0.releases.228.relatedProcesses.0,0.releases.228,0,P000015/2023/2024/1800000000,planning,Tender for annual provision of sport services and recreational facilities for MININFRA Staff.,ocid,ocds-ozzobm-P000015/2023/2024/1800000000
0.releases.229.relatedProcesses.0,0.releases.229,0,P000015/2023/2024/1800000000,planning,Tender for annual provision of sport services and recreational facilities for MININFRA Staff.,ocid,ocds-ozzobm-P000015/2023/2024/1800000000
0.releases.230.relatedProcesses.0,0.releases.230,0,P000015/2023/2024/1800000000,planning,Tender for annual provision of sport services and recreational facilities for MININFRA Staff.,ocid,ocds-ozzobm-P000015/2023/2024/1800000000
0.releases.231.relatedProcesses.0,0.releases.231,0,P000015/2023/2024/1800000000,planning,Tender for annual provision of sport services and recreational facilities for MININFRA Staff.,ocid,ocds-ozzobm-P000015/2023/2024/1800000000
0.releases.232.relatedProcesses.0,0.releases.232,0,P000005/2023/2024/5300003001,planning,Tender for Security Service,ocid,ocds-ozzobm-P000005/2023/2024/5300003001
0.releases.233.relatedProcesses.0,0.releases.233,0,P000015/2023/2024/1800000000,planning,Tender for annual provision of sport services and recreational facilities for MININFRA Staff.,ocid,ocds-ozzobm-P000015/2023/2024/1800000000
0.releases.234.relatedProcesses.0,0.releases.234,0,P000040/2025/2026/0901000000,planning,Supply of charcoal and wood wastes,ocid,ocds-ozzobm-P000040/2025/2026/0901000000
0.releases.235.relatedProcesses.0,0.releases.235,0,P000013/2023/2024/0800000000,planning,Provision of sports services to MINAFFET staff,ocid,ocds-ozzobm-P000013/2023/2024/0800000000
0.releases.236.relatedProcesses.0,0.releases.236,0,P000013/2023/2024/0800000000,planning,Provision of sports services to MINAFFET staff,ocid,ocds-ozzobm-P000013/2023/2024/0800000000
0.releases.237.relatedProcesses.0,0.releases.237,0,P000013/2023/2024/0800000000,planning,Provision of sports services to MINAFFET staff,ocid,ocds-ozzobm-P000013/2023/2024/0800000000
0.releases.238.relatedProcesses.0,0.releases.238,0,P000013/2023/2024/0800000000,planning,Provision of sports services to MINAFFET staff,ocid,ocds-ozzobm-P000013/2023/2024/0800000000
0.releases.239.relatedProcesses.0,0.releases.239,0,P000013/2023/2024/0800000000,planning,Provision of sports services to MINAFFET staff,ocid,ocds-ozzobm-P000013/2023/2024/0800000000
0.releases.240.relatedProcesses.0,0.releases.240,0,P000006/2025/2026/2304000000,planning,Acquisition of Hotel services,ocid,ocds-ozzobm-P000006/2025/2026/2304000000
0.releases.241.relatedProcesses.0,0.releases.241,0,P000079/2024/2025/6600000000,planning,Tender for cleaning services of public places in Kinazi sector,ocid,ocds-ozzobm-P000079/2024/2025/6600000000
0.releases.242.relatedProcesses.0,0.releases.242,0,P000103/2025/2026/1601000000,planning,Supply of office furniture,ocid,ocds-ozzobm-P000103/2025/2026/1601000000
0.releases.243.relatedProcesses.0,0.releases.243,0,P000056/2024/2025/6600000000,planning,Tender for office supply and stationary,ocid,ocds-ozzobm-P000056/2024/2025/6600000000
0.releases.244.relatedProcesses.0,0.releases.244,0,P000054/2024/2025/6600000000,planning,Supply of office Beverages,ocid,ocds-ozzobm-P000054/2024/2025/6600000000
0.releases.245.relatedProcesses.0,0.releases.245,0,P000039/2025/2026/0902000001,planning,"Hiring service provider to provide technical assistance for readiness to certification for agricultural export products (Coffee, Tea and Horticulture)",ocid,ocds-ozzobm-P000039/2025/2026/0902000001
0.releases.246.relatedProcesses.0,0.releases.246,0,P000114/2023/2024/0901000000,planning,Supply of fuel,ocid,ocds-ozzobm-P000114/2023/2024/0901000000
0.releases.247.relatedProcesses.0,0.releases.247,0,P000024/2025/2026/1602000000,planning,Recruitment of a Bailiff,ocid,ocds-ozzobm-P000024/2025/2026/1602000000
0.releases.248.relatedProcesses.0,0.releases.248,0,P000008/2025/2026/1413000000,planning,Supply of Wall Charts to Non-Formal ECD Centers,ocid,ocds-ozzobm-P000008/2025/2026/1413000000
0.releases.249.relatedProcesses.0,0.releases.249,0,P000006/2025/2026/2304000000,planning,Acquisition of Hotel services,ocid,ocds-ozzobm-P000006/2025/2026/2304000000
0.releases.250.relatedProcesses.0,0.releases.250,0,P000118/2025/2026/7000000000,planning,Provision of insurance services for City of  Kigali Assets,ocid,ocds-ozzobm-P000118/2025/2026/7000000000
0.releases.251.relatedProcesses.0,0.releases.251,0,P000128/2022/2023/1605000000,planning,Maintenance Of  General Electrical (GE) Equipment,ocid,ocds-ozzobm-P000128/2022/2023/1605000000
0.releases.252.relatedProcesses.0,0.releases.252,0,P000007/2025/2026/0901001017,planning,Supervision of Rehabilitation MCPs,ocid,ocds-ozzobm-P000007/2025/2026/0901001017
0.releases.253.relatedProcesses.0,0.releases.253,0,P000009/2025/2026/0901001017,planning,Supervision of Rehabilitation MCCs,ocid,ocds-ozzobm-P000009/2025/2026/0901001017
0.releases.254.relatedProcesses.0,0.releases.254,0,P000066/2024/2025/4900000000,planning,"Rehabilitation and extension of Nyakagezi-Gikonko,  Murambi-Save Water supply system",ocid,ocds-ozzobm-P000066/2024/2025/4900000000
0.releases.255.relatedProcesses.0,0.releases.255,0,P000015/2025/2026/6500003002,planning,Supply of electricity,ocid,ocds-ozzobm-P000015/2025/2026/6500003002
0.releases.256.relatedProcesses.0,0.releases.256,0,P000031/2024/2025/1606000000,planning,Catering services to Rwanda FDA staff,ocid,ocds-ozzobm-P000031/2024/2025/1606000000
0.releases.257.relatedProcesses.0,0.releases.257,0,P000048/2025/2026/5700000000,planning,Supply of food and materials for transit center,ocid,ocds-ozzobm-P000048/2025/2026/5700000000
0.releases.258.relatedProcesses.0,0.releases.258,0,P000055/2025/2026/5300000000,planning,Feasibility study for clean water pipelines for universal coverage,ocid,ocds-ozzobm-P000055/2025/2026/5300000000
0.releases.259.relatedProcesses.0,0.releases.259,0,P000013/2025/2026/5700003002,planning,Tender of maintenance and repair IT equipment,ocid,ocds-ozzobm-P000013/2025/2026/5700003002
0.releases.260.relatedProcesses.0,0.releases.260,0,P000013/2025/2026/5700003002,planning,Tender of maintenance and repair IT equipment,ocid,ocds-ozzobm-P000013/2025/2026/5700003002
0.releases.261.relatedProcesses.0,0.releases.261,0,P000015/2023/2024/0901001008,planning,Recruitment of a Service provider to scale up of vermicompost and animal protein feeds production,ocid,ocds-ozzobm-P000015/2023/2024/0901001008
0.releases.262.relatedProcesses.0,0.releases.262,0,P000048/2025/2026/5700000000,planning,Supply of food and materials for transit center,ocid,ocds-ozzobm-P000048/2025/2026/5700000000
0.releases.263.relatedProcesses.0,0.releases.263,0,P000026/2025/2026/2204000000,planning,Annual provisions of weather stations consummables,ocid,ocds-ozzobm-P000026/2025/2026/2204000000
0.releases.264.relatedProcesses.0,0.releases.264,0,P000048/2025/2026/5700000000,planning,Supply of food and materials for transit center,ocid,ocds-ozzobm-P000048/2025/2026/5700000000
0.releases.265.relatedProcesses.0,0.releases.265,0,P000081/2025/2026/0901000000,planning,Supply of Exotic Rabbits,ocid,ocds-ozzobm-P000081/2025/2026/0901000000
0.releases.266.relatedProcesses.0,0.releases.266,0,P000006/2025/2026/2304000000,planning,Acquisition of Hotel services,ocid,ocds-ozzobm-P000006/2025/2026/2304000000
0.releases.267.relatedProcesses.0,0.releases.267,0,P000046/2024/2025/6400000000,planning,Tender for supervision of works of Rehabilitation of Kinywamagana pump and Connected water network,ocid,ocds-ozzobm-P000046/2024/2025/6400000000
0.releases.268.relatedProcesses.0,0.releases.268,0,P000081/2025/2026/0108000000,planning,Hiring Insurance for other RDB IT equipments,ocid,ocds-ozzobm-P000081/2025/2026/0108000000
0.releases.269.relatedProcesses.0,0.releases.269,0,P000103/2025/2026/1203000000,planning,Annual Maintenance of RRA Data Center (Frame work Contract),ocid,ocds-ozzobm-P000103/2025/2026/1203000000
0.releases.270.relatedProcesses.0,0.releases.270,0,P000103/2025/2026/1203000000,planning,Annual Maintenance of RRA Data Center (Frame work Contract),ocid,ocds-ozzobm-P000103/2025/2026/1203000000
0.releases.271.relatedProcesses.0,0.releases.271,0,P000004/2025/2026/5700000000,planning,Supply of Sound system,ocid,ocds-ozzobm-P000004/2025/2026/5700000000
0.releases.272.relatedProcesses.0,0.releases.272,0,P000026/2024/2025/4200003002,planning,Repair and maintain hospital Incinerator and spare parts,ocid,ocds-ozzobm-P000026/2024/2025/4200003002
0.releases.273.relatedProcesses.0,0.releases.273,0,P000007/2025/2026/5700000000,planning,Maintenance of Electrical equipment,ocid,ocds-ozzobm-P000007/2025/2026/5700000000
0.releases.274.relatedProcesses.0,0.releases.274,0,P000004/2025/2026/5700000000,planning,Supply of Sound system,ocid,ocds-ozzobm-P000004/2025/2026/5700000000
0.releases.275.relatedProcesses.0,0.releases.275,0,P000085/2023/2024/1605000000,planning,"Tender for airing Radio/TV programs, and adverts, and announcement",ocid,ocds-ozzobm-P000085/2023/2024/1605000000
0.releases.276.relatedProcesses.0,0.releases.276,0,P000085/2023/2024/1605000000,planning,"Tender for airing Radio/TV programs, and adverts, and announcement",ocid,ocds-ozzobm-P000085/2023/2024/1605000000
0.releases.277.relatedProcesses.0,0.releases.277,0,P000097/2023/2024/1804000000,planning,Construction works of the High Level Isolation Unit,ocid,ocds-ozzobm-P000097/2023/2024/1804000000
0.releases.278.relatedProcesses.0,0.releases.278,0,P000085/2023/2024/1605000000,planning,"Tender for airing Radio/TV programs, and adverts, and announcement",ocid,ocds-ozzobm-P000085/2023/2024/1605000000
0.releases.279.relatedProcesses.0,0.releases.279,0,P000006/2025/2026/2304000000,planning,Acquisition of Hotel services,ocid,ocds-ozzobm-P000006/2025/2026/2304000000
0.releases.280.relatedProcesses.0,0.releases.280,0,P000025/2025/2026/4200000000,planning,Provision of Veterinary Service through Veterinary Sanitary Mandate Animal Insemination and Vaccination Campaign,ocid,ocds-ozzobm-P000025/2025/2026/4200000000
0.releases.281.relatedProcesses.0,0.releases.281,0,P000025/2025/2026/4200000000,planning,Provision of Veterinary Service through Veterinary Sanitary Mandate Animal Insemination and Vaccination Campaign,ocid,ocds-ozzobm-P000025/2025/2026/4200000000
0.releases.282.relatedProcesses.0,0.releases.282,0,P000038/2024/2025/2201000000,planning,Hiring of local media outlets' services for REMA,ocid,ocds-ozzobm-P000038/2024/2025/2201000000
0.releases.283.relatedProcesses.0,0.releases.283,0,P000038/2024/2025/2201000000,planning,Hiring of local media outlets' services for REMA,ocid,ocds-ozzobm-P000038/2024/2025/2201000000
0.releases.284.relatedProcesses.0,0.releases.284,0,P000018/2024/2025/1421000000,planning,"Hiring broadcasting media houses to provide NESA with Radio ,television and online services ( Under Framework contract)",ocid,ocds-ozzobm-P000018/2024/2025/1421000000
0.releases.285.relatedProcesses.0,0.releases.285,0,P000038/2024/2025/2201000000,planning,Hiring of local media outlets' services for REMA,ocid,ocds-ozzobm-P000038/2024/2025/2201000000
0.releases.286.relatedProcesses.0,0.releases.286,0,P000017/2025/2026/0111000000,planning,TENDER FOR SUPPLY OF OFFICE FURNITURE,ocid,ocds-ozzobm-P000017/2025/2026/0111000000
0.releases.287.relatedProcesses.0,0.releases.287,0,P000017/2025/2026/0111000000,planning,TENDER FOR SUPPLY OF OFFICE FURNITURE,ocid,ocds-ozzobm-P000017/2025/2026/0111000000
0.releases.288.relatedProcesses.0,0.releases.288,0,P000038/2024/2025/2201000000,planning,Hiring of local media outlets' services for REMA,ocid,ocds-ozzobm-P000038/2024/2025/2201000000
0.releases.289.relatedProcesses.0,0.releases.289,0,P000065/2024/2025/1802000000,planning,Urgent works of rehabilitation /Repair of damaged Road Sections Located on Kamuhanda-Kabuga-Ngamba-Rukoma -Gacurabwenge Unpaved District  Road under Design and Build Approach,ocid,ocds-ozzobm-P000065/2024/2025/1802000000
0.releases.290.relatedProcesses.0,0.releases.290,0,P000006/2025/2026/2304000000,planning,Acquisition of Hotel services,ocid,ocds-ozzobm-P000006/2025/2026/2304000000
0.releases.291.relatedProcesses.0,0.releases.291,0,P000025/2025/2026/2204000000,planning,Annual provisions of weather stations spare parts,ocid,ocds-ozzobm-P000025/2025/2026/2204000000
0.releases.292.relatedProcesses.0,0.releases.292,0,P000042/2025/2026/0901000000,planning,Supply of pig feeds,ocid,ocds-ozzobm-P000042/2025/2026/0901000000
0.releases.293.relatedProcesses.0,0.releases.293,0,P000020/2025/2026/5700003002,planning,"Purchase of Non-Medical Equipment(uniforms of nurse and Midwife,driver,tables,curtins,alezes,rideaux.....)",ocid,ocds-ozzobm-P000020/2025/2026/5700003002
0.releases.294.relatedProcesses.0,0.releases.294,0,P000020/2025/2026/5700003002,planning,"Purchase of Non-Medical Equipment(uniforms of nurse and Midwife,driver,tables,curtins,alezes,rideaux.....)",ocid,ocds-ozzobm-P000020/2025/2026/5700003002
0.releases.295.relatedProcesses.0,0.releases.295,0,P000015/2025/2026/6500003002,planning,Supply of electricity,ocid,ocds-ozzobm-P000015/2025/2026/6500003002
0.releases.296.relatedProcesses.0,0.releases.296,0,P000020/2025/2026/5700003002,planning,"Purchase of Non-Medical Equipment(uniforms of nurse and Midwife,driver,tables,curtins,alezes,rideaux.....)",ocid,ocds-ozzobm-P000020/2025/2026/5700003002
0.releases.297.relatedProcesses.0,0.releases.297,0,P000056/2025/2026/3100000000,planning,Hiring service provider for Maintenance and Repairs of Vehicles (Garage services) under framework contract,ocid,ocds-ozzobm-P000056/2025/2026/3100000000
0.releases.298.relatedProcesses.0,0.releases.298,0,P000038/2023/2024/2902000000,planning,Supply of Fuel,ocid,ocds-ozzobm-P000038/2023/2024/2902000000
0.releases.299.relatedProcesses.0,0.releases.299,0,P000048/2023/2024/4500000000,planning,Extension and maintenance of public light in NyagatareDistrict,ocid,ocds-ozzobm-P000048/2023/2024/4500000000
0.releases.300.relatedProcesses.0,0.releases.300,0,P000006/2025/2026/2304000000,planning,Acquisition of Hotel services,ocid,ocds-ozzobm-P000006/2025/2026/2304000000
0.releases.301.relatedProcesses.0,0.releases.301,0,P000050/2025/2026/0901000000,planning,Supply of animal feeds,ocid,ocds-ozzobm-P000050/2025/2026/0901000000
0.releases.302.relatedProcesses.0,0.releases.302,0,P000204/2024/2025/4800000000,planning,"Supply and Installation of Curtains at Mugano, Nyarwungo and Nyamagabe Maternity",ocid,ocds-ozzobm-P000204/2024/2025/4800000000
0.releases.303.relatedProcesses.0,0.releases.303,0,P000019/2025/2026/0702000000,planning,Consultancy Service for providing External Audit for TVET Project,ocid,ocds-ozzobm-P000019/2025/2026/0702000000
0.releases.304.relatedProcesses.0,0.releases.304,0,P000019/2025/2026/0702000000,planning,Consultancy Service for providing External Audit for TVET Project,ocid,ocds-ozzobm-P000019/2025/2026/0702000000
0.releases.305.relatedProcesses.0,0.releases.305,0,P000026/2025/2026/5200000000,planning,Location véhicule et Moto pour le personnel du District de Nyanza,ocid,ocds-ozzobm-P000026/2025/2026/5200000000
0.releases.306.relatedProcesses.0,0.releases.306,0,P000025/2023/2024/1413000000,planning,Provision of  Two  and three STAR hotel services on annual basis,ocid,ocds-ozzobm-P000025/2023/2024/1413000000
0.releases.307.relatedProcesses.0,0.releases.307,0,P000025/2023/2024/1413000000,planning,Provision of  Two  and three STAR hotel services on annual basis,ocid,ocds-ozzobm-P000025/2023/2024/1413000000
0.releases.308.relatedProcesses.0,0.releases.308,0,P000035/2025/2026/5700000000,planning,Supply of cows,ocid,ocds-ozzobm-P000035/2025/2026/5700000000
0.releases.309.relatedProcesses.0,0.releases.309,0,P000021/2024/2025/6300000000,planning,"Supervision of the food court/Park project, focusing on green building initiatives and environmental sustainability",ocid,ocds-ozzobm-P000021/2024/2025/6300000000
0.releases.310.relatedProcesses.0,0.releases.310,0,P000021/2024/2025/6300000000,planning,"Supervision of the food court/Park project, focusing on green building initiatives and environmental sustainability",ocid,ocds-ozzobm-P000021/2024/2025/6300000000
0.releases.311.relatedProcesses.0,0.releases.311,0,P000022/2025/2026/1204000000,planning,Tender for update of existing standard bidding documents and development of new standard bidding documents and procurement user guides,ocid,ocds-ozzobm-P000022/2025/2026/1204000000
0.releases.312.relatedProcesses.0,0.releases.312,0,P000103/2025/2026/0108000000,planning,Supply and commissioning tyres for RDB's vehicles and motorcycles,ocid,ocds-ozzobm-P000103/2025/2026/0108000000
0.releases.313.relatedProcesses.0,0.releases.313,0,P000028/2025/2026/4800003002,planning,"Make the ordinary  orientation sign posts,/ banners and posters at hospital",ocid,ocds-ozzobm-P000028/2025/2026/4800003002
0.releases.314.relatedProcesses.0,0.releases.314,0,P000019/2024/2025/2500001000,planning,Supply of office stationeries,ocid,ocds-ozzobm-P000019/2024/2025/2500001000
0.releases.315.relatedProcesses.0,0.releases.315,0,P000046/2024/2025/6400000000,planning,Tender for supervision of works of Rehabilitation of Kinywamagana pump and Connected water network,ocid,ocds-ozzobm-P000046/2024/2025/6400000000
0.releases.316.relatedProcesses.0,0.releases.316,0,P000001/2023/2024/1413000000,planning,"Printing, Binding, Sewing, Packaging and Distribution of Primary and Secondary Textbooks",ocid,ocds-ozzobm-P000001/2023/2024/1413000000
0.releases.317.relatedProcesses.0,0.releases.317,0,P000001/2023/2024/1413000000,planning,"Printing, Binding, Sewing, Packaging and Distribution of Primary and Secondary Textbooks",ocid,ocds-ozzobm-P000001/2023/2024/1413000000
0.releases.318.relatedProcesses.0,0.releases.318,0,P000022/2025/2026/1204000000,planning,Tender for update of existing standard bidding documents and development of new standard bidding documents and procurement user guides,ocid,ocds-ozzobm-P000022/2025/2026/1204000000
0.releases.319.relatedProcesses.0,0.releases.319,0,P000012/2025/2026/6400000000,planning,Execution works for Construction of Gitanda health center,ocid,ocds-ozzobm-P000012/2025/2026/6400000000
0.releases.320.relatedProcesses.0,0.releases.320,0,P000022/2025/2026/1204000000,planning,Tender for update of existing standard bidding documents and development of new standard bidding documents and procurement user guides,ocid,ocds-ozzobm-P000022/2025/2026/1204000000
0.releases.321.relatedProcesses.0,0.releases.321,0,P000065/2025/2026/1806000000,planning,"Supplying, installing, testing, commissioning and maintenance of Solar Water Heating systems in residential and non-residential sector under framework contracts (Recruitment of additional suppliers)",ocid,ocds-ozzobm-P000065/2025/2026/1806000000
0.releases.322.relatedProcesses.0,0.releases.322,0,P000049/2025/2026/1305000000,planning,"Provision of Sports and Recreational Facilities for RFI Staff: Access to Gym, Aerobics, Sauna, and Swimming",ocid,ocds-ozzobm-P000049/2025/2026/1305000000
0.releases.323.relatedProcesses.0,0.releases.323,0,P000097/2025/2026/0901000000,planning,Acquisition of GPS in RAB vehicles,ocid,ocds-ozzobm-P000097/2025/2026/0901000000
0.releases.324.relatedProcesses.0,0.releases.324,0,P000105/2025/2026/4800000000,planning,Rehabilitation of Teachers Hostel,ocid,ocds-ozzobm-P000105/2025/2026/4800000000
0.releases.325.relatedProcesses.0,0.releases.325,0,P000049/2025/2026/1305000000,planning,"Provision of Sports and Recreational Facilities for RFI Staff: Access to Gym, Aerobics, Sauna, and Swimming",ocid,ocds-ozzobm-P000049/2025/2026/1305000000
0.releases.326.relatedProcesses.0,0.releases.326,0,P000049/2025/2026/1305000000,planning,"Provision of Sports and Recreational Facilities for RFI Staff: Access to Gym, Aerobics, Sauna, and Swimming",ocid,ocds-ozzobm-P000049/2025/2026/1305000000
0.releases.327.relatedProcesses.0,0.releases.327,0,P000204/2024/2025/4800000000,planning,"Supply and Installation of Curtains at Mugano, Nyarwungo and Nyamagabe Maternity",ocid,ocds-ozzobm-P000204/2024/2025/4800000000
0.releases.328.relatedProcesses.0,0.releases.328,0,P000015/2023/2024/4800000000,planning,Periodic maintenance of roads in NYAMAGABE DISTRICT,ocid,ocds-ozzobm-P000015/2023/2024/4800000000
0.releases.329.relatedProcesses.0,0.releases.329,0,P000121/2025/2026/1203000000,planning,Provision of Maintenance and repair of vehicles in RUSIZI for RRA,ocid,ocds-ozzobm-P000121/2025/2026/1203000000
0.releases.330.relatedProcesses.0,0.releases.330,0,P000121/2025/2026/1203000000,planning,Provision of Maintenance and repair of vehicles in RUSIZI for RRA,ocid,ocds-ozzobm-P000121/2025/2026/1203000000
0.releases.331.relatedProcesses.0,0.releases.331,0,P000029/2025/2026/5900003002,planning,To extend The network Connection in the hospital.,ocid,ocds-ozzobm-P000029/2025/2026/5900003002
0.releases.332.relatedProcesses.0,0.releases.332,0,P000035/2025/2026/5700000000,planning,Supply of cows,ocid,ocds-ozzobm-P000035/2025/2026/5700000000
0.releases.333.relatedProcesses.0,0.releases.333,0,P000012/2024/2025/2204000000,planning,Annual provision of security services,ocid,ocds-ozzobm-P000012/2024/2025/2204000000
0.releases.334.relatedProcesses.0,0.releases.334,0,P000022/2025/2026/2301000000,planning,Hiring individual consultant to train NEC staff on Elections,ocid,ocds-ozzobm-P000022/2025/2026/2301000000
0.releases.335.relatedProcesses.0,0.releases.335,0,P000022/2025/2026/2301000000,planning,Hiring individual consultant to train NEC staff on Elections,ocid,ocds-ozzobm-P000022/2025/2026/2301000000
0.releases.336.relatedProcesses.0,0.releases.336,0,P000014/2025/2026/1001000000,planning,Supply of laboratory gases on a framework contract,ocid,ocds-ozzobm-P000014/2025/2026/1001000000
0.releases.337.relatedProcesses.0,0.releases.337,0,P000041/2023/2024/4800003002,planning,Provision of cleaning services in Kigeme Hospital,ocid,ocds-ozzobm-P000041/2023/2024/4800003002
0.releases.338.relatedProcesses.0,0.releases.338,0,P000006/2025/2026/4800003001,planning,Supply and installation of spare parts for maintenance of Kaduha Hospital Vehicles & Motorcycles,ocid,ocds-ozzobm-P000006/2025/2026/4800003001
0.releases.339.relatedProcesses.0,0.releases.339,0,P000006/2025/2026/4800003001,planning,Supply and installation of spare parts for maintenance of Kaduha Hospital Vehicles & Motorcycles,ocid,ocds-ozzobm-P000006/2025/2026/4800003001
0.releases.340.relatedProcesses.0,0.releases.340,0,P000011/2025/2026/6400003002,planning,Maintenance and repair of ICT Equipment,ocid,ocds-ozzobm-P000011/2025/2026/6400003002
0.releases.341.relatedProcesses.0,0.releases.341,0,P000004/2023/2024/1421000001,planning,"Hiring a consulting firm to develop, review, pilot and administer the assessment tool in the 300 low performing schools for the remedial teaching and learning pilot program.",ocid,ocds-ozzobm-P000004/2023/2024/1421000001
0.releases.342.relatedProcesses.0,0.releases.342,0,P000004/2023/2024/1421000001,planning,"Hiring a consulting firm to develop, review, pilot and administer the assessment tool in the 300 low performing schools for the remedial teaching and learning pilot program.",ocid,ocds-ozzobm-P000004/2023/2024/1421000001
0.releases.343.relatedProcesses.0,0.releases.343,0,P000020/2025/2026/6900003002,planning,Provision  of  Plumbing  materials for  Kacyiru Hospital,ocid,ocds-ozzobm-P000020/2025/2026/6900003002
0.releases.344.relatedProcesses.0,0.releases.344,0,P000020/2024/2025/2204000000,planning,Annual provisions of sports services,ocid,ocds-ozzobm-P000020/2024/2025/2204000000
0.releases.345.relatedProcesses.0,0.releases.345,0,P000052/2023/2024/2204000000,planning,Hire a company to provide TV weather presenters outfit,ocid,ocds-ozzobm-P000052/2023/2024/2204000000
0.releases.346.relatedProcesses.0,0.releases.346,0,P000025/2021/2022/1203000000,planning,Provision of rental services for RRA staff accommodation-A in RUSIZI District (framework contract),ocid,ocds-ozzobm-P000025/2021/2022/1203000000
0.releases.347.relatedProcesses.0,0.releases.347,0,P000020/2025/2026/6900003002,planning,Provision  of  Plumbing  materials for  Kacyiru Hospital,ocid,ocds-ozzobm-P000020/2025/2026/6900003002
0.releases.348.relatedProcesses.0,0.releases.348,0,P000019/2025/2026/1203000000,planning,Provision of annual repair and maintenance of RRA Water dispensers (framework contract).,ocid,ocds-ozzobm-P000019/2025/2026/1203000000
0.releases.349.relatedProcesses.0,0.releases.349,0,P000018/2022/2023/2204000000,planning,Annual provision of communication services (CUG),ocid,ocds-ozzobm-P000018/2022/2023/2204000000
0.releases.350.relatedProcesses.0,0.releases.350,0,P000013/2025/2026/6400003001,planning,Supply of medical equipments,ocid,ocds-ozzobm-P000013/2025/2026/6400003001
0.releases.351.relatedProcesses.0,0.releases.351,0,P000026/2025/2026/5200000000,planning,Location véhicule et Moto pour le personnel du District de Nyanza,ocid,ocds-ozzobm-P000026/2025/2026/5200000000
0.releases.352.relatedProcesses.0,0.releases.352,0,P000024/2025/2026/5200000000,planning,"ISOKO RYO GUCUNGA IKIMOTERI CYA NYANZA,GUTWARA IMYANDA(COLLECTION)YO MU MUJYI WA NYANZA NO GUSUKURA IMIHANDA",ocid,ocds-ozzobm-P000024/2025/2026/5200000000
0.releases.353.relatedProcesses.0,0.releases.353,0,P000016/2025/2026/0701000000,planning,PROVISION OF ANNUAL AIRTIME SPACE ON TV & RADIOS FOR PUBLIC AWARENESS ON FRAMEWORK AGREEMENT,ocid,ocds-ozzobm-P000016/2025/2026/0701000000
0.releases.354.relatedProcesses.0,0.releases.354,0,P000014/2025/2026/2901000000,planning,Hiring a consultant firm for Developing the new Results framework of RGF,ocid,ocds-ozzobm-P000014/2025/2026/2901000000
0.releases.355.relatedProcesses.0,0.releases.355,0,P000010/2023/2024/6900003001,planning,Supply of Electrical and plumbing  materials under framework agreements,ocid,ocds-ozzobm-P000010/2023/2024/6900003001
0.releases.356.relatedProcesses.0,0.releases.356,0,P000039/2025/2026/0902000001,planning,"Hiring service provider to provide technical assistance for readiness to certification for agricultural export products (Coffee, Tea and Horticulture)",ocid,ocds-ozzobm-P000039/2025/2026/0902000001
0.releases.357.relatedProcesses.0,0.releases.357,0,P000005/2025/2026/0800000000,planning,provision of coding services for MINAFFET assets,ocid,ocds-ozzobm-P000005/2025/2026/0800000000
0.releases.358.relatedProcesses.0,0.releases.358,0,P000019/2025/2026/0404000000,planning,Provision of catering and decoration services,ocid,ocds-ozzobm-P000019/2025/2026/0404000000
0.releases.359.relatedProcesses.0,0.releases.359,0,P000019/2025/2026/0404000000,planning,Provision of catering and decoration services,ocid,ocds-ozzobm-P000019/2025/2026/0404000000
0.releases.360.relatedProcesses.0,0.releases.360,0,P000019/2025/2026/0404000000,planning,Provision of catering and decoration services,ocid,ocds-ozzobm-P000019/2025/2026/0404000000
0.releases.361.relatedProcesses.0,0.releases.361,0,P000019/2025/2026/0404000000,planning,Provision of catering and decoration services,ocid,ocds-ozzobm-P000019/2025/2026/0404000000
0.releases.362.relatedProcesses.0,0.releases.362,0,P000012/2025/2026/0301000000,planning,Supply of Office Stationeries,ocid,ocds-ozzobm-P000012/2025/2026/0301000000
0.releases.363.relatedProcesses.0,0.releases.363,0,P000012/2025/2026/0301000000,planning,Supply of Office Stationeries,ocid,ocds-ozzobm-P000012/2025/2026/0301000000
0.releases.364.relatedProcesses.0,0.releases.364,0,P000038/2021/2022/5600000000,planning,Tender for maintenance of vehicles  and moto vehicles,ocid,ocds-ozzobm-P000038/2021/2022/5600000000
0.releases.365.relatedProcesses.0,0.releases.365,0,P000016/2025/2026/2301000000,planning,Insurance for NEC movable assets,ocid,ocds-ozzobm-P000016/2025/2026/2301000000
0.releases.366.relatedProcesses.0,0.releases.366,0,P000019/2025/2026/4300003001,planning,SUPPLY AND MAINTENANCE OF MEDICAL EQUIPMENTS,ocid,ocds-ozzobm-P000019/2025/2026/4300003001
0.releases.367.relatedProcesses.0,0.releases.367,0,P000032/2025/2026/0900000000,planning,Supply refreshment products MINAGRI,ocid,ocds-ozzobm-P000032/2025/2026/0900000000
0.releases.368.relatedProcesses.0,0.releases.368,0,P000019/2024/2025/2305000000,planning,"Provision of Content Production, Television and Radio Broadcasting Services",ocid,ocds-ozzobm-P000019/2024/2025/2305000000
0.releases.369.relatedProcesses.0,0.releases.369,0,P000019/2024/2025/2305000000,planning,"Provision of Content Production, Television and Radio Broadcasting Services",ocid,ocds-ozzobm-P000019/2024/2025/2305000000
0.releases.370.relatedProcesses.0,0.releases.370,0,P000011/2025/2026/2900000000,planning,Hiring a service provider for codification of MoE assets,ocid,ocds-ozzobm-P000011/2025/2026/2900000000
0.releases.371.relatedProcesses.0,0.releases.371,0,P000054/2025/2026/1605000000,planning,Supply of Kitchen Materials,ocid,ocds-ozzobm-P000054/2025/2026/1605000000
0.releases.372.relatedProcesses.0,0.releases.372,0,P000006/2025/2026/2304000000,planning,Acquisition of Hotel services,ocid,ocds-ozzobm-P000006/2025/2026/2304000000
0.releases.373.relatedProcesses.0,0.releases.373,0,P000032/2025/2026/1605000000,planning,Tender of supply of vehicles tyres,ocid,ocds-ozzobm-P000032/2025/2026/1605000000
0.releases.374.relatedProcesses.0,0.releases.374,0,P000010/2023/2024/1417000000,planning,Provision of Restaurant services to University of Rwanda Busogo Campus,ocid,ocds-ozzobm-P000010/2023/2024/1417000000
0.releases.375.relatedProcesses.0,0.releases.375,0,P000181/2025/2026/1804000000,planning,Design and Build for Renovation of Podium Gallery located at Plenary Hall of the Chamber of Deputies at the Parliament of Rwanda,ocid,ocds-ozzobm-P000181/2025/2026/1804000000
0.releases.376.relatedProcesses.0,0.releases.376,0,P000273/2023/2024/1804000000,planning,Supervision of Completion of the construction works of two workshops and Construction of classrooms at Mutobo VTC in Musanze District,ocid,ocds-ozzobm-P000273/2023/2024/1804000000
0.releases.377.relatedProcesses.0,0.releases.377,0,P000011/2025/2026/1903001000,planning,Framework contract for maintenance of Fab-Lab equipment and accessories (preventive and curative) and provision of spare parts,ocid,ocds-ozzobm-P000011/2025/2026/1903001000
0.releases.378.relatedProcesses.0,0.releases.378,0,P000304/2023/2024/1804000000,planning,Supervision services on upgrading works for coffee warehouse and parking yard for NAEB,ocid,ocds-ozzobm-P000304/2023/2024/1804000000
0.releases.379.relatedProcesses.0,0.releases.379,0,P000026/2025/2026/4300000000,planning,Supply of Agricultural Inputs and Irrigation Equipment for Crop Trials and Model Farms,ocid,ocds-ozzobm-P000026/2025/2026/4300000000
0.releases.380.relatedProcesses.0,0.releases.380,0,P000008/2025/2026/6400000000,planning,Providing Support to Community Home based-ECDs operational in parallel with VUP expanded public works,ocid,ocds-ozzobm-P000008/2025/2026/6400000000
0.releases.381.relatedProcesses.0,0.releases.381,0,P000019/2025/2026/0702000000,planning,Consultancy Service for providing External Audit for TVET Project,ocid,ocds-ozzobm-P000019/2025/2026/0702000000
0.releases.382.relatedProcesses.0,0.releases.382,0,P000154/2025/2026/1804000000,planning,Detailed study update and subsequent supervision for construction works of Rubengera Meteo Weather Station,ocid,ocds-ozzobm-P000154/2025/2026/1804000000
0.releases.383.relatedProcesses.0,0.releases.383,0,P000019/2025/2026/0404000000,planning,Provision of catering and decoration services,ocid,ocds-ozzobm-P000019/2025/2026/0404000000
0.releases.384.relatedProcesses.0,0.releases.384,0,P000008/2025/2026/6400000000,planning,Providing Support to Community Home based-ECDs operational in parallel with VUP expanded public works,ocid,ocds-ozzobm-P000008/2025/2026/6400000000
0.releases.385.relatedProcesses.0,0.releases.385,0,P000046/2025/2026/4200000000,planning,Supply and fix windows and doors in Classrooms with house furniture,ocid,ocds-ozzobm-P000046/2025/2026/4200000000
0.releases.386.relatedProcesses.0,0.releases.386,0,P000017/2025/2026/0111000000,planning,TENDER FOR SUPPLY OF OFFICE FURNITURE,ocid,ocds-ozzobm-P000017/2025/2026/0111000000
0.releases.387.relatedProcesses.0,0.releases.387,0,P000019/2024/2025/2305000000,planning,"Provision of Content Production, Television and Radio Broadcasting Services",ocid,ocds-ozzobm-P000019/2024/2025/2305000000
0.releases.388.relatedProcesses.0,0.releases.388,0,P000049/2025/2026/5300000000,planning,TV ( Pre recoded talkshows and success stories covered by the Media Houses),ocid,ocds-ozzobm-P000049/2025/2026/5300000000
0.releases.389.relatedProcesses.0,0.releases.389,0,P000034/2025/2026/4200000000,planning,Privatization of Management of Kabarore Guest House,ocid,ocds-ozzobm-P000034/2025/2026/4200000000
0.releases.390.relatedProcesses.0,0.releases.390,0,P000003/2025/2026/1419000000,planning,Supply of Graduation Gowns and Hoods with their cleaning services to Rwanda Polytechnic under Framework Agreement),ocid,ocds-ozzobm-P000003/2025/2026/1419000000
0.releases.391.relatedProcesses.0,0.releases.391,0,P000002/2022/2023/2308000000,planning,Hiring vehicles for transport service,ocid,ocds-ozzobm-P000002/2022/2023/2308000000
0.releases.392.relatedProcesses.0,0.releases.392,0,P000136/2025/2026/1203000000,planning,Supply of library reading material to RRA,ocid,ocds-ozzobm-P000136/2025/2026/1203000000
0.releases.393.relatedProcesses.0,0.releases.393,0,P000019/2025/2026/1500000000,planning,Supply of Audio visual Services,ocid,ocds-ozzobm-P000019/2025/2026/1500000000
0.releases.394.relatedProcesses.0,0.releases.394,0,P000041/2025/2026/1500000000,planning,Power supply Motor Pump for Amahoro Stadium,ocid,ocds-ozzobm-P000041/2025/2026/1500000000
0.releases.395.relatedProcesses.0,0.releases.395,0,P000017/2025/2026/4300003001,planning,Provision of hotel services,ocid,ocds-ozzobm-P000017/2025/2026/4300003001
0.releases.396.relatedProcesses.0,0.releases.396,0,P000012/2024/2025/5100003001,planning,"Office Supplies, consumables and printing services",ocid,ocds-ozzobm-P000012/2024/2025/5100003001
0.releases.397.relatedProcesses.0,0.releases.397,0,P000009/2025/2026/2700000000,planning,Provision of decoration services.,ocid,ocds-ozzobm-P000009/2025/2026/2700000000
0.releases.398.relatedProcesses.0,0.releases.398,0,P000011/2024/2025/2500001000,planning,Provision of broadcasting services through Radio and TV by highest media,ocid,ocds-ozzobm-P000011/2024/2025/2500001000
0.releases.399.relatedProcesses.0,0.releases.399,0,P000019/2024/2025/2305000000,planning,"Provision of Content Production, Television and Radio Broadcasting Services",ocid,ocds-ozzobm-P000019/2024/2025/2305000000
0.releases.400.relatedProcesses.0,0.releases.400,0,P000011/2024/2025/2500001000,planning,Provision of broadcasting services through Radio and TV by highest media,ocid,ocds-ozzobm-P000011/2024/2025/2500001000
0.releases.401.relatedProcesses.0,0.releases.401,0,P000012/2025/2026/6400000000,planning,Execution works for Construction of Gitanda health center,ocid,ocds-ozzobm-P000012/2025/2026/6400000000
0.releases.402.relatedProcesses.0,0.releases.402,0,P000009/2025/2026/2700000000,planning,Provision of decoration services.,ocid,ocds-ozzobm-P000009/2025/2026/2700000000
0.releases.403.relatedProcesses.0,0.releases.403,0,P000019/2024/2025/2305000000,planning,"Provision of Content Production, Television and Radio Broadcasting Services",ocid,ocds-ozzobm-P000019/2024/2025/2305000000
0.releases.404.relatedProcesses.0,0.releases.404,0,P000019/2024/2025/2305000000,planning,"Provision of Content Production, Television and Radio Broadcasting Services",ocid,ocds-ozzobm-P000019/2024/2025/2305000000
0.releases.405.relatedProcesses.0,0.releases.405,0,P000020/2024/2025/4100003001,planning,"Maintence of all ambulances, others vehicules and motocycles and spare parts",ocid,ocds-ozzobm-P000020/2024/2025/4100003001
0.releases.406.relatedProcesses.0,0.releases.406,0,P000052/2025/2026/5900000000,planning,Decoration services for Nyamasheke District events,ocid,ocds-ozzobm-P000052/2025/2026/5900000000
0.releases.407.relatedProcesses.0,0.releases.407,0,P000027/2025/2026/1413000000,planning,Supply of Chalks,ocid,ocds-ozzobm-P000027/2025/2026/1413000000
0.releases.408.relatedProcesses.0,0.releases.408,0,P000015/2025/2026/0829000000,planning,Supply of kitchenware materials and other refreshment items,ocid,ocds-ozzobm-P000015/2025/2026/0829000000
0.releases.409.relatedProcesses.0,0.releases.409,0,P000015/2025/2026/0829000000,planning,Supply of kitchenware materials and other refreshment items,ocid,ocds-ozzobm-P000015/2025/2026/0829000000
0.releases.410.relatedProcesses.0,0.releases.410,0,P000025/2025/2026/4200000000,planning,Provision of Veterinary Service through Veterinary Sanitary Mandate Animal Insemination and Vaccination Campaign,ocid,ocds-ozzobm-P000025/2025/2026/4200000000
0.releases.411.relatedProcesses.0,0.releases.411,0,P000018/2025/2026/5800003002,planning,Purchase of Office Equipments,ocid,ocds-ozzobm-P000018/2025/2026/5800003002
0.releases.412.relatedProcesses.0,0.releases.412,0,P000065/2025/2026/1806000000,planning,"Supplying, installing, testing, commissioning and maintenance of Solar Water Heating systems in residential and non-residential sector under framework contracts (Recruitment of additional suppliers)",ocid,ocds-ozzobm-P000065/2025/2026/1806000000
0.releases.413.relatedProcesses.0,0.releases.413,0,P000021/2025/2026/0500000000,planning,Provision of refreshment to staff of judiciary,ocid,ocds-ozzobm-P000021/2025/2026/0500000000
0.releases.414.relatedProcesses.0,0.releases.414,0,P000021/2025/2026/0500000000,planning,Provision of refreshment to staff of judiciary,ocid,ocds-ozzobm-P000021/2025/2026/0500000000
0.releases.415.relatedProcesses.0,0.releases.415,0,P000118/2025/2026/8000000000,planning,Supply and installation complete push bars for fire resistant Doors,ocid,ocds-ozzobm-P000118/2025/2026/8000000000
0.releases.416.relatedProcesses.0,0.releases.416,0,P000042/2024/2025/6100000000,planning,Provision for insurance services for Burera District buildings and movable assets (Framework contract),ocid,ocds-ozzobm-P000042/2024/2025/6100000000
0.releases.417.relatedProcesses.0,0.releases.417,0,P000083/2024/2025/6100000000,planning,Supply electricity cash power,ocid,ocds-ozzobm-P000083/2024/2025/6100000000
0.releases.418.relatedProcesses.0,0.releases.418,0,P000025/2025/2026/1000000000,planning,Terms of reference for Hiring a consultancy firm to conduct the feasibility study for upgrading Kiyanzi Warehouse Facility for Regional Logistics Hub Development,ocid,ocds-ozzobm-P000025/2025/2026/1000000000
0.releases.419.relatedProcesses.0,0.releases.419,0,P000022/2025/2026/6100000000,planning,Purchase and distribute  Girinka One Cow Per Poor  Family and its package,ocid,ocds-ozzobm-P000022/2025/2026/6100000000
0.releases.420.relatedProcesses.0,0.releases.420,0,P000019/2024/2025/2305000000,planning,"Provision of Content Production, Television and Radio Broadcasting Services",ocid,ocds-ozzobm-P000019/2024/2025/2305000000
0.releases.421.relatedProcesses.0,0.releases.421,0,P000019/2024/2025/2305000000,planning,"Provision of Content Production, Television and Radio Broadcasting Services",ocid,ocds-ozzobm-P000019/2024/2025/2305000000
0.releases.422.relatedProcesses.0,0.releases.422,0,P000076/2023/2024/4400000000,planning,Purchase and supply of Equipmemts of ECD model,ocid,ocds-ozzobm-P000076/2023/2024/4400000000
0.releases.423.relatedProcesses.0,0.releases.423,0,P000024/2025/2026/4400000000,planning,Privatization of management of Rwanteru Slaugther House,ocid,ocds-ozzobm-P000024/2025/2026/4400000000
0.releases.424.relatedProcesses.0,0.releases.424,0,P000019/2024/2025/2305000000,planning,"Provision of Content Production, Television and Radio Broadcasting Services",ocid,ocds-ozzobm-P000019/2024/2025/2305000000
0.releases.425.relatedProcesses.0,0.releases.425,0,P000019/2024/2025/2305000000,planning,"Provision of Content Production, Television and Radio Broadcasting Services",ocid,ocds-ozzobm-P000019/2024/2025/2305000000
0.releases.426.relatedProcesses.0,0.releases.426,0,P000077/2023/2024/0702000000,planning,Maintenance of Speed governors for RCS Vehicles,ocid,ocds-ozzobm-P000077/2023/2024/0702000000
0.releases.427.relatedProcesses.0,0.releases.427,0,P000005/2023/2024/5300003001,planning,Tender for Security Service,ocid,ocds-ozzobm-P000005/2023/2024/5300003001
0.releases.428.relatedProcesses.0,0.releases.428,0,P000040/2025/2026/5300003001,planning,Tender for insurance of vehicle,ocid,ocds-ozzobm-P000040/2025/2026/5300003001
0.releases.429.relatedProcesses.0,0.releases.429,0,P000015/2025/2026/0829000000,planning,Supply of kitchenware materials and other refreshment items,ocid,ocds-ozzobm-P000015/2025/2026/0829000000
0.releases.430.relatedProcesses.0,0.releases.430,0,P000015/2025/2026/0829000000,planning,Supply of kitchenware materials and other refreshment items,ocid,ocds-ozzobm-P000015/2025/2026/0829000000
0.releases.431.relatedProcesses.0,0.releases.431,0,P000019/2025/2026/0702000000,planning,Consultancy Service for providing External Audit for TVET Project,ocid,ocds-ozzobm-P000019/2025/2026/0702000000
0.releases.432.relatedProcesses.0,0.releases.432,0,P000067/2023/2024/1806000000,planning,Provision of insurance services under framework contract,ocid,ocds-ozzobm-P000067/2023/2024/1806000000
0.releases.433.relatedProcesses.0,0.releases.433,0,P000027/2025/2026/4300000000,planning,Supply of VUP Productive Asset Transfer (Tool Kts),ocid,ocds-ozzobm-P000027/2025/2026/4300000000
0.releases.434.relatedProcesses.0,0.releases.434,0,P000009/2025/2026/0301000000,planning,Provision of Catering services to OAG staff,ocid,ocds-ozzobm-P000009/2025/2026/0301000000
0.releases.435.relatedProcesses.0,0.releases.435,0,P000095/2023/2024/2315000000,planning,Acquisition of Tyres for OBVANS,ocid,ocds-ozzobm-P000095/2023/2024/2315000000
0.releases.436.relatedProcesses.0,0.releases.436,0,P000019/2024/2025/2500001000,planning,Supply of office stationeries,ocid,ocds-ozzobm-P000019/2024/2025/2500001000
0.releases.437.relatedProcesses.0,0.releases.437,0,P000001/2025/2026/2903001008,planning,Rehabilitation  of Degraded Private Forest through the PFMU Approach in Ngororero and Rutsiro Districts,ocid,ocds-ozzobm-P000001/2025/2026/2903001008
0.releases.438.relatedProcesses.0,0.releases.438,0,P000001/2025/2026/1412008000,planning,Supply of tools and training consumables for Masonry in RP Gishari College,ocid,ocds-ozzobm-P000001/2025/2026/1412008000
0.releases.439.relatedProcesses.0,0.releases.439,0,P000055/2025/2026/1200001000,planning,Recruitment of a Tuition provider to provide training in Certified board of directors,ocid,ocds-ozzobm-P000055/2025/2026/1200001000
0.releases.440.relatedProcesses.0,0.releases.440,0,P000061/2025/2026/0702000000,planning,Acquisition of Gas for RCS Training School,ocid,ocds-ozzobm-P000061/2025/2026/0702000000
0.releases.441.relatedProcesses.0,0.releases.441,0,P000061/2025/2026/0702000000,planning,Acquisition of Gas for RCS Training School,ocid,ocds-ozzobm-P000061/2025/2026/0702000000
0.releases.442.relatedProcesses.0,0.releases.442,0,P000006/2025/2026/2304000000,planning,Acquisition of Hotel services,ocid,ocds-ozzobm-P000006/2025/2026/2304000000
0.releases.443.relatedProcesses.0,0.releases.443,0,P000016/2025/2026/2301000000,planning,Insurance for NEC movable assets,ocid,ocds-ozzobm-P000016/2025/2026/2301000000
0.releases.444.relatedProcesses.0,0.releases.444,0,P000067/2025/2026/6200000000,planning,Supply personal protective equipments PPEs at new classrooms construction under PPD Basket Fund,ocid,ocds-ozzobm-P000067/2025/2026/6200000000
0.releases.445.relatedProcesses.0,0.releases.445,0,P000069/2024/2025/4200000000,planning,Construction works for improving capacity of water spring and extension of Gihengeri Water Supply System to Nyabiheke Refugee Camp,ocid,ocds-ozzobm-P000069/2024/2025/4200000000
0.releases.446.relatedProcesses.0,0.releases.446,0,P000009/2021/2022/2800000000,planning,Hiring cars for staff local transportation,ocid,ocds-ozzobm-P000009/2021/2022/2800000000
0.releases.447.relatedProcesses.0,0.releases.447,0,P000054/2025/2026/1200001000,planning,"Acquisition of Software Licenses of IFMIS ESB, BI, Software Development Tools, and Developers' Laptops",ocid,ocds-ozzobm-P000054/2025/2026/1200001000
0.releases.448.relatedProcesses.0,0.releases.448,0,P000003/2025/2026/1606000000,planning,Provision for supplying the tires to Rwanda FDA,ocid,ocds-ozzobm-P000003/2025/2026/1606000000
0.releases.449.relatedProcesses.0,0.releases.449,0,P000034/2025/2026/1420000000,planning,Annual subscription to digital library,ocid,ocds-ozzobm-P000034/2025/2026/1420000000
0.releases.450.relatedProcesses.0,0.releases.450,0,P000041/2025/2026/1500000000,planning,Power supply Motor Pump for Amahoro Stadium,ocid,ocds-ozzobm-P000041/2025/2026/1500000000
0.releases.451.relatedProcesses.0,0.releases.451,0,P000021/2025/2026/1412002000,planning,Maintenance of cars and generators,ocid,ocds-ozzobm-P000021/2025/2026/1412002000
0.releases.452.relatedProcesses.0,0.releases.452,0,P000021/2025/2026/1412002000,planning,Maintenance of cars and generators,ocid,ocds-ozzobm-P000021/2025/2026/1412002000
0.releases.453.relatedProcesses.0,0.releases.453,0,P000092/2025/2026/1400000000,planning,Provision of  vehicle Insurance,ocid,ocds-ozzobm-P000092/2025/2026/1400000000
0.releases.454.relatedProcesses.0,0.releases.454,0,P000011/2025/2026/7000003001,planning,Tender of Supply Hygien Materials,ocid,ocds-ozzobm-P000011/2025/2026/7000003001
0.releases.455.relatedProcesses.0,0.releases.455,0,P000022/2025/2026/2301000000,planning,Hiring individual consultant to train NEC staff on Elections,ocid,ocds-ozzobm-P000022/2025/2026/2301000000
0.releases.456.relatedProcesses.0,0.releases.456,0,P000055/2025/2026/1200001000,planning,Recruitment of a Tuition provider to provide training in Certified board of directors,ocid,ocds-ozzobm-P000055/2025/2026/1200001000
0.releases.457.relatedProcesses.0,0.releases.457,0,P000054/2025/2026/1200001000,planning,"Acquisition of Software Licenses of IFMIS ESB, BI, Software Development Tools, and Developers' Laptops",ocid,ocds-ozzobm-P000054/2025/2026/1200001000
0.releases.458.relatedProcesses.0,0.releases.458,0,P000024/2025/2026/5200000000,planning,"ISOKO RYO GUCUNGA IKIMOTERI CYA NYANZA,GUTWARA IMYANDA(COLLECTION)YO MU MUJYI WA NYANZA NO GUSUKURA IMIHANDA",ocid,ocds-ozzobm-P000024/2025/2026/5200000000
0.releases.459.relatedProcesses.0,0.releases.459,0,P000038/2023/2024/2902000000,planning,Supply of Fuel,ocid,ocds-ozzobm-P000038/2023/2024/2902000000
0.releases.460.relatedProcesses.0,0.releases.460,0,P000020/2025/2026/1000000000,planning,Hiring of the Construction Company to Construct Basic Infrastructure in Muhanga Industrial Park,ocid,ocds-ozzobm-P000020/2025/2026/1000000000
0.releases.461.relatedProcesses.0,0.releases.461,0,P000020/2025/2026/1000000000,planning,Hiring of the Construction Company to Construct Basic Infrastructure in Muhanga Industrial Park,ocid,ocds-ozzobm-P000020/2025/2026/1000000000
0.releases.462.relatedProcesses.0,0.releases.462,0,P000048/2025/2026/0500000000,planning,Insurance Services for Supreme Court Vehicles,ocid,ocds-ozzobm-P000048/2025/2026/0500000000
0.releases.463.relatedProcesses.0,0.releases.463,0,P000048/2025/2026/0500000000,planning,Insurance Services for Supreme Court Vehicles,ocid,ocds-ozzobm-P000048/2025/2026/0500000000
0.releases.464.relatedProcesses.0,0.releases.464,0,P000061/2025/2026/0702000000,planning,Acquisition of Gas for RCS Training School,ocid,ocds-ozzobm-P000061/2025/2026/0702000000
0.releases.465.relatedProcesses.0,0.releases.465,0,P000065/2024/2025/1802000000,planning,Urgent works of rehabilitation /Repair of damaged Road Sections Located on Kamuhanda-Kabuga-Ngamba-Rukoma -Gacurabwenge Unpaved District  Road under Design and Build Approach,ocid,ocds-ozzobm-P000065/2024/2025/1802000000
0.releases.466.relatedProcesses.0,0.releases.466,0,P000007/2025/2026/1606000000,planning,Markets and Bus station radios under a framework contract,ocid,ocds-ozzobm-P000007/2025/2026/1606000000
0.releases.467.relatedProcesses.0,0.releases.467,0,P000019/2025/2026/1503000000,planning,"Provision of event management(Sound system, stage, stage requirement Decoration, camera services, and photo etc..) For CHENO events",ocid,ocds-ozzobm-P000019/2025/2026/1503000000
0.releases.468.relatedProcesses.0,0.releases.468,0,P000019/2025/2026/0702000000,planning,Consultancy Service for providing External Audit for TVET Project,ocid,ocds-ozzobm-P000019/2025/2026/0702000000
0.releases.469.relatedProcesses.0,0.releases.469,0,P000049/2025/2026/1804000000,planning,Rental of residential building to accommodate Ambassador of Guinee Conakry,ocid,ocds-ozzobm-P000049/2025/2026/1804000000
0.releases.470.relatedProcesses.0,0.releases.470,0,P000030/2025/2026/1412008000,planning,Supply of small tools and consumables in Electrical Department,ocid,ocds-ozzobm-P000030/2025/2026/1412008000
0.releases.471.relatedProcesses.0,0.releases.471,0,P000046/2022/2023/4500000000,planning,Supply of office stationary,ocid,ocds-ozzobm-P000046/2022/2023/4500000000
0.releases.472.relatedProcesses.0,0.releases.472,0,P000024/2025/2026/5900000000,planning,Supply of stationeries and other supplies in Nyamasheke District,ocid,ocds-ozzobm-P000024/2025/2026/5900000000
0.releases.473.relatedProcesses.0,0.releases.473,0,P000007/2025/2026/1004000000,planning,Provision of Hotel and Restaurant services for workshops and conferences,ocid,ocds-ozzobm-P000007/2025/2026/1004000000
0.releases.474.relatedProcesses.0,0.releases.474,0,P000027/2025/2026/1413000000,planning,Supply of Chalks,ocid,ocds-ozzobm-P000027/2025/2026/1413000000
0.releases.475.relatedProcesses.0,0.releases.475,0,P000004/2024/2025/1800000000,planning,Consultancy service for preparation of Project Implementation Completion Report.,ocid,ocds-ozzobm-P000004/2024/2025/1800000000
0.releases.476.relatedProcesses.0,0.releases.476,0,P000021/2025/2026/2204000000,planning,Annual provisions of SSL certificates,ocid,ocds-ozzobm-P000021/2025/2026/2204000000
0.releases.477.relatedProcesses.0,0.releases.477,0,P000025/2023/2024/2800000000,planning,Provision of designing and printing services,ocid,ocds-ozzobm-P000025/2023/2024/2800000000
0.releases.478.relatedProcesses.0,0.releases.478,0,P000029/2025/2026/5900003002,planning,To extend The network Connection in the hospital.,ocid,ocds-ozzobm-P000029/2025/2026/5900003002
0.releases.479.relatedProcesses.0,0.releases.479,0,P000019/2025/2026/4300003001,planning,SUPPLY AND MAINTENANCE OF MEDICAL EQUIPMENTS,ocid,ocds-ozzobm-P000019/2025/2026/4300003001
0.releases.480.relatedProcesses.0,0.releases.480,0,P000006/2023/2024/1605000000,planning,Supply of hygienic materilas,ocid,ocds-ozzobm-P000006/2023/2024/1605000000
0.releases.481.relatedProcesses.0,0.releases.481,0,P000075/2025/2026/0108000000,planning,supply of IT equipment under VCRP,ocid,ocds-ozzobm-P000075/2025/2026/0108000000
0.releases.482.relatedProcesses.0,0.releases.482,0,P000141/2024/2025/0702000000,planning,Acquisition materials for Isolation for RCS 2024-2025,ocid,ocds-ozzobm-P000141/2024/2025/0702000000
0.releases.483.relatedProcesses.0,0.releases.483,0,P000014/2025/2026/2901000000,planning,Hiring a consultant firm for Developing the new Results framework of RGF,ocid,ocds-ozzobm-P000014/2025/2026/2901000000
0.releases.484.relatedProcesses.0,0.releases.484,0,P000019/2024/2025/2305000000,planning,"Provision of Content Production, Television and Radio Broadcasting Services",ocid,ocds-ozzobm-P000019/2024/2025/2305000000
0.releases.485.relatedProcesses.0,0.releases.485,0,P000021/2025/2026/2901000000,planning,"on boarding of an external auditing firm for an annual audit of Ireme Invest funded projects (DANIDA funds) for year ended December 31st, 2025",ocid,ocds-ozzobm-P000021/2025/2026/2901000000
0.releases.486.relatedProcesses.0,0.releases.486,0,P000018/2025/2026/4300000000,planning,Tender for Maintenance of Public lights in Kayonza District,ocid,ocds-ozzobm-P000018/2025/2026/4300000000
0.releases.487.relatedProcesses.0,0.releases.487,0,P000019/2024/2025/2305000000,planning,"Provision of Content Production, Television and Radio Broadcasting Services",ocid,ocds-ozzobm-P000019/2024/2025/2305000000
0.releases.488.relatedProcesses.0,0.releases.488,0,P000029/2025/2026/2204000000,planning,Hiring a consulting firm to undertake the consultation of set up  and configure WRF Hydro and links to NWP model and workflow,ocid,ocds-ozzobm-P000029/2025/2026/2204000000
0.releases.489.relatedProcesses.0,0.releases.489,0,P000029/2025/2026/2204000000,planning,Hiring a consulting firm to undertake the consultation of set up  and configure WRF Hydro and links to NWP model and workflow,ocid,ocds-ozzobm-P000029/2025/2026/2204000000
0.releases.490.relatedProcesses.0,0.releases.490,0,P000012/2024/2025/2204000000,planning,Annual provision of security services,ocid,ocds-ozzobm-P000012/2024/2025/2204000000
0.releases.491.relatedProcesses.0,0.releases.491,0,P000007/2024/2025/1203000000,planning,Provision of annual technical maintenance and prosupport service for the dell core equipments and software (framework contract) to RRA,ocid,ocds-ozzobm-P000007/2024/2025/1203000000
0.releases.492.relatedProcesses.0,0.releases.492,0,P000049/2025/2026/4100000000,planning,Hotel and Motel services,ocid,ocds-ozzobm-P000049/2025/2026/4100000000
0.releases.493.relatedProcesses.0,0.releases.493,0,P000019/2024/2025/2305000000,planning,"Provision of Content Production, Television and Radio Broadcasting Services",ocid,ocds-ozzobm-P000019/2024/2025/2305000000
0.releases.494.relatedProcesses.0,0.releases.494,0,P000034/2025/2026/4100000000,planning,Supervision of Construction of Nyamata health center,ocid,ocds-ozzobm-P000034/2025/2026/4100000000
0.releases.495.relatedProcesses.0,0.releases.495,0,P000036/2025/2026/7000000000,planning,Tender for provision of hotel services for the City of Kigali,ocid,ocds-ozzobm-P000036/2025/2026/7000000000
0.releases.496.relatedProcesses.0,0.releases.496,0,P000036/2025/2026/7000000000,planning,Tender for provision of hotel services for the City of Kigali,ocid,ocds-ozzobm-P000036/2025/2026/7000000000
0.releases.497.relatedProcesses.0,0.releases.497,0,P000181/2025/2026/1804000000,planning,Design and Build for Renovation of Podium Gallery located at Plenary Hall of the Chamber of Deputies at the Parliament of Rwanda,ocid,ocds-ozzobm-P000181/2025/2026/1804000000
0.releases.498.relatedProcesses.0,0.releases.498,0,P000065/2025/2026/6500000000,planning,CONSTRUCTION OF LATRINES AT EP KARAMA IN JANJA SECTOR,ocid,ocds-ozzobm-P000065/2025/2026/6500000000
0.releases.499.relatedProcesses.0,0.releases.499,0,P000081/2025/2026/6300000000,planning,Maintenance of District water infrastructures and extensions,ocid,ocds-ozzobm-P000081/2025/2026/6300000000
0.releases.500.relatedProcesses.0,0.releases.500,0,P000081/2025/2026/6300000000,planning,Maintenance of District water infrastructures and extensions,ocid,ocds-ozzobm-P000081/2025/2026/6300000000
0.releases.501.relatedProcesses.0,0.releases.501,0,P000018/2025/2026/4300000000,planning,Tender for Maintenance of Public lights in Kayonza District,ocid,ocds-ozzobm-P000018/2025/2026/4300000000
0.releases.502.relatedProcesses.0,0.releases.502,0,P000065/2025/2026/6500000000,planning,CONSTRUCTION OF LATRINES AT EP KARAMA IN JANJA SECTOR,ocid,ocds-ozzobm-P000065/2025/2026/6500000000
0.releases.503.relatedProcesses.0,0.releases.503,0,P000002/2025/2026/5700003001,planning,Supply and Installation of New Air conditioners(SUMSANG),ocid,ocds-ozzobm-P000002/2025/2026/5700003001
0.releases.504.relatedProcesses.0,0.releases.504,0,P000049/2025/2026/1305000000,planning,"Provision of Sports and Recreational Facilities for RFI Staff: Access to Gym, Aerobics, Sauna, and Swimming",ocid,ocds-ozzobm-P000049/2025/2026/1305000000
0.releases.505.relatedProcesses.0,0.releases.505,0,P000049/2025/2026/1305000000,planning,"Provision of Sports and Recreational Facilities for RFI Staff: Access to Gym, Aerobics, Sauna, and Swimming",ocid,ocds-ozzobm-P000049/2025/2026/1305000000
0.releases.506.relatedProcesses.0,0.releases.506,0,P000049/2025/2026/1305000000,planning,"Provision of Sports and Recreational Facilities for RFI Staff: Access to Gym, Aerobics, Sauna, and Swimming",ocid,ocds-ozzobm-P000049/2025/2026/1305000000
0.releases.507.relatedProcesses.0,0.releases.507,0,P000049/2025/2026/1305000000,planning,"Provision of Sports and Recreational Facilities for RFI Staff: Access to Gym, Aerobics, Sauna, and Swimming",ocid,ocds-ozzobm-P000049/2025/2026/1305000000
0.releases.508.relatedProcesses.0,0.releases.508,0,P000049/2025/2026/1305000000,planning,"Provision of Sports and Recreational Facilities for RFI Staff: Access to Gym, Aerobics, Sauna, and Swimming",ocid,ocds-ozzobm-P000049/2025/2026/1305000000
0.releases.509.relatedProcesses.0,0.releases.509,0,P000049/2025/2026/1305000000,planning,"Provision of Sports and Recreational Facilities for RFI Staff: Access to Gym, Aerobics, Sauna, and Swimming",ocid,ocds-ozzobm-P000049/2025/2026/1305000000
0.releases.510.relatedProcesses.0,0.releases.510,0,P000049/2025/2026/1305000000,planning,"Provision of Sports and Recreational Facilities for RFI Staff: Access to Gym, Aerobics, Sauna, and Swimming",ocid,ocds-ozzobm-P000049/2025/2026/1305000000
0.releases.511.relatedProcesses.0,0.releases.511,0,P000049/2025/2026/1305000000,planning,"Provision of Sports and Recreational Facilities for RFI Staff: Access to Gym, Aerobics, Sauna, and Swimming",ocid,ocds-ozzobm-P000049/2025/2026/1305000000
0.releases.512.relatedProcesses.0,0.releases.512,0,P000049/2025/2026/1305000000,planning,"Provision of Sports and Recreational Facilities for RFI Staff: Access to Gym, Aerobics, Sauna, and Swimming",ocid,ocds-ozzobm-P000049/2025/2026/1305000000
0.releases.513.relatedProcesses.0,0.releases.513,0,P000049/2025/2026/1305000000,planning,"Provision of Sports and Recreational Facilities for RFI Staff: Access to Gym, Aerobics, Sauna, and Swimming",ocid,ocds-ozzobm-P000049/2025/2026/1305000000
0.releases.514.relatedProcesses.0,0.releases.514,0,P000049/2025/2026/1305000000,planning,"Provision of Sports and Recreational Facilities for RFI Staff: Access to Gym, Aerobics, Sauna, and Swimming",ocid,ocds-ozzobm-P000049/2025/2026/1305000000
0.releases.515.relatedProcesses.0,0.releases.515,0,P000018/2024/2025/1421000000,planning,"Hiring broadcasting media houses to provide NESA with Radio ,television and online services ( Under Framework contract)",ocid,ocds-ozzobm-P000018/2024/2025/1421000000
0.releases.516.relatedProcesses.0,0.releases.516,0,P000018/2024/2025/1421000000,planning,"Hiring broadcasting media houses to provide NESA with Radio ,television and online services ( Under Framework contract)",ocid,ocds-ozzobm-P000018/2024/2025/1421000000
0.releases.517.relatedProcesses.0,0.releases.517,0,P000021/2025/2026/1412002000,planning,Maintenance of cars and generators,ocid,ocds-ozzobm-P000021/2025/2026/1412002000
0.releases.518.relatedProcesses.0,0.releases.518,0,P000021/2023/2024/5400003002,planning,Tender for security service,ocid,ocds-ozzobm-P000021/2023/2024/5400003002
0.releases.519.relatedProcesses.0,0.releases.519,0,P000002/2025/2026/5700003001,planning,Supply and Installation of New Air conditioners(SUMSANG),ocid,ocds-ozzobm-P000002/2025/2026/5700003001
0.releases.520.relatedProcesses.0,0.releases.520,0,P000025/2025/2026/1000000000,planning,Terms of reference for Hiring a consultancy firm to conduct the feasibility study for upgrading Kiyanzi Warehouse Facility for Regional Logistics Hub Development,ocid,ocds-ozzobm-P000025/2025/2026/1000000000
0.releases.521.relatedProcesses.0,0.releases.521,0,P000029/2025/2026/2204000000,planning,Hiring a consulting firm to undertake the consultation of set up  and configure WRF Hydro and links to NWP model and workflow,ocid,ocds-ozzobm-P000029/2025/2026/2204000000
0.releases.522.relatedProcesses.0,0.releases.522,0,P000019/2025/2026/1500000000,planning,Supply of Audio visual Services,ocid,ocds-ozzobm-P000019/2025/2026/1500000000
0.releases.523.relatedProcesses.0,0.releases.523,0,P000061/2025/2026/0702000000,planning,Acquisition of Gas for RCS Training School,ocid,ocds-ozzobm-P000061/2025/2026/0702000000
0.releases.524.relatedProcesses.0,0.releases.524,0,P000019/2025/2026/0702000000,planning,Consultancy Service for providing External Audit for TVET Project,ocid,ocds-ozzobm-P000019/2025/2026/0702000000
0.releases.525.relatedProcesses.0,0.releases.525,0,P000004/2025/2026/7000001001,planning,Purchase non medical supplies,ocid,ocds-ozzobm-P000004/2025/2026/7000001001
0.releases.526.relatedProcesses.0,0.releases.526,0,P000041/2023/2024/4800003002,planning,Provision of cleaning services in Kigeme Hospital,ocid,ocds-ozzobm-P000041/2023/2024/4800003002
0.releases.527.relatedProcesses.0,0.releases.527,0,P000016/2023/2024/1300000000,planning,Supply of office stationaries,ocid,ocds-ozzobm-P000016/2023/2024/1300000000
0.releases.528.relatedProcesses.0,0.releases.528,0,P000181/2025/2026/1804000000,planning,Design and Build for Renovation of Podium Gallery located at Plenary Hall of the Chamber of Deputies at the Parliament of Rwanda,ocid,ocds-ozzobm-P000181/2025/2026/1804000000
0.releases.529.relatedProcesses.0,0.releases.529,0,P000018/2023/2024/0400000000,planning,Sports and recreational facilities and services,ocid,ocds-ozzobm-P000018/2023/2024/0400000000
0.releases.530.relatedProcesses.0,0.releases.530,0,P000018/2023/2024/0400000000,planning,Sports and recreational facilities and services,ocid,ocds-ozzobm-P000018/2023/2024/0400000000
0.releases.531.relatedProcesses.0,0.releases.531,0,P000018/2023/2024/0400000000,planning,Sports and recreational facilities and services,ocid,ocds-ozzobm-P000018/2023/2024/0400000000
0.releases.532.relatedProcesses.0,0.releases.532,0,P000018/2023/2024/0400000000,planning,Sports and recreational facilities and services,ocid,ocds-ozzobm-P000018/2023/2024/0400000000
0.releases.533.relatedProcesses.0,0.releases.533,0,P000018/2023/2024/0400000000,planning,Sports and recreational facilities and services,ocid,ocds-ozzobm-P000018/2023/2024/0400000000
0.releases.534.relatedProcesses.0,0.releases.534,0,P000018/2023/2024/0400000000,planning,Sports and recreational facilities and services,ocid,ocds-ozzobm-P000018/2023/2024/0400000000
0.releases.535.relatedProcesses.0,0.releases.535,0,P000092/2025/2026/1400000000,planning,Provision of  vehicle Insurance,ocid,ocds-ozzobm-P000092/2025/2026/1400000000
0.releases.536.relatedProcesses.0,0.releases.536,0,P000020/2025/2026/1000000000,planning,Hiring of the Construction Company to Construct Basic Infrastructure in Muhanga Industrial Park,ocid,ocds-ozzobm-P000020/2025/2026/1000000000
0.releases.537.relatedProcesses.0,0.releases.537,0,P000007/2025/2026/1412002000,planning,Supply of IT training consumables,ocid,ocds-ozzobm-P000007/2025/2026/1412002000
0.releases.538.relatedProcesses.0,0.releases.538,0,P000029/2025/2026/4200000000,planning,Maintenance of public lightings in Gatsibo District,ocid,ocds-ozzobm-P000029/2025/2026/4200000000
0.releases.539.relatedProcesses.0,0.releases.539,0,P000013/2025/2026/5700003002,planning,Tender of maintenance and repair IT equipment,ocid,ocds-ozzobm-P000013/2025/2026/5700003002
0.releases.540.relatedProcesses.0,0.releases.540,0,P000026/2025/2026/4300000000,planning,Supply of Agricultural Inputs and Irrigation Equipment for Crop Trials and Model Farms,ocid,ocds-ozzobm-P000026/2025/2026/4300000000
0.releases.541.relatedProcesses.0,0.releases.541,0,P000037/2025/2026/1808000000,planning,Feasibility and Detailed Design for the Rehabilitation and Upgrading of Kimisagara WTP,ocid,ocds-ozzobm-P000037/2025/2026/1808000000
0.releases.542.relatedProcesses.0,0.releases.542,0,P000020/2025/2026/5700003002,planning,"Purchase of Non-Medical Equipment(uniforms of nurse and Midwife,driver,tables,curtins,alezes,rideaux.....)",ocid,ocds-ozzobm-P000020/2025/2026/5700003002
0.releases.543.relatedProcesses.0,0.releases.543,0,P000021/2023/2024/5400003002,planning,Tender for security service,ocid,ocds-ozzobm-P000021/2023/2024/5400003002
0.releases.544.relatedProcesses.0,0.releases.544,0,P000049/2025/2026/1804000000,planning,Rental of residential building to accommodate Ambassador of Guinee Conakry,ocid,ocds-ozzobm-P000049/2025/2026/1804000000
0.releases.545.relatedProcesses.0,0.releases.545,0,P000037/2025/2026/1808000000,planning,Feasibility and Detailed Design for the Rehabilitation and Upgrading of Kimisagara WTP,ocid,ocds-ozzobm-P000037/2025/2026/1808000000
0.releases.546.relatedProcesses.0,0.releases.546,0,P000006/2025/2026/2304000000,planning,Acquisition of Hotel services,ocid,ocds-ozzobm-P000006/2025/2026/2304000000
0.releases.547.relatedProcesses.0,0.releases.547,0,P000026/2023/2024/4000000000,planning,ANNUAL PROVISION OF MANPOWER SERVICES TO NGOMA DISTRICT,ocid,ocds-ozzobm-P000026/2023/2024/4000000000
0.releases.548.relatedProcesses.0,0.releases.548,0,P000021/2025/2026/0500000000,planning,Provision of refreshment to staff of judiciary,ocid,ocds-ozzobm-P000021/2025/2026/0500000000
0.releases.549.relatedProcesses.0,0.releases.549,0,P000002/2024/2025/1300000000,planning,Suply of refreshment,ocid,ocds-ozzobm-P000002/2024/2025/1300000000
0.releases.550.relatedProcesses.0,0.releases.550,0,P000038/2025/2026/1808000000,planning,Feasibility and Detailed Design for the Rehabilitation and Upgrading of Kimisagara WTP,ocid,ocds-ozzobm-P000038/2025/2026/1808000000
0.releases.551.relatedProcesses.0,0.releases.551,0,P000010/2023/2024/1417000000,planning,Provision of Restaurant services to University of Rwanda Busogo Campus,ocid,ocds-ozzobm-P000010/2023/2024/1417000000
0.releases.552.relatedProcesses.0,0.releases.552,0,P000048/2025/2026/0500000000,planning,Insurance Services for Supreme Court Vehicles,ocid,ocds-ozzobm-P000048/2025/2026/0500000000
0.releases.553.relatedProcesses.0,0.releases.553,0,P000097/2023/2024/1804000000,planning,Construction works of the High Level Isolation Unit,ocid,ocds-ozzobm-P000097/2023/2024/1804000000
0.releases.554.relatedProcesses.0,0.releases.554,0,P000065/2025/2026/1806000000,planning,"Supplying, installing, testing, commissioning and maintenance of Solar Water Heating systems in residential and non-residential sector under framework contracts (Recruitment of additional suppliers)",ocid,ocds-ozzobm-P000065/2025/2026/1806000000
0.releases.555.relatedProcesses.0,0.releases.555,0,P000033/2025/2026/0500000000,planning,Broadcasting of Judicial Talk-Shows Live or Pre-Recorded,ocid,ocds-ozzobm-P000033/2025/2026/0500000000
0.releases.556.relatedProcesses.0,0.releases.556,0,P000003/2025/2026/0701000000,planning,SUPPLY OF EQUIPMENT FOR NEW ACCOMODATION OF NPC AND CTTC MAYANGE,ocid,ocds-ozzobm-P000003/2025/2026/0701000000
0.releases.557.relatedProcesses.0,0.releases.557,0,P000075/2025/2026/0108000000,planning,supply of IT equipment under VCRP,ocid,ocds-ozzobm-P000075/2025/2026/0108000000
0.releases.558.relatedProcesses.0,0.releases.558,0,P000006/2025/2026/2304000000,planning,Acquisition of Hotel services,ocid,ocds-ozzobm-P000006/2025/2026/2304000000
0.releases.559.relatedProcesses.0,0.releases.559,0,P000003/2025/2026/1903000000,planning,Supply of Office Furniture to RISA,ocid,ocds-ozzobm-P000003/2025/2026/1903000000
0.releases.560.relatedProcesses.0,0.releases.560,0,P000021/2025/2026/0500000000,planning,Provision of refreshment to staff of judiciary,ocid,ocds-ozzobm-P000021/2025/2026/0500000000
0.releases.561.relatedProcesses.0,0.releases.561,0,P000048/2025/2026/0500000000,planning,Insurance Services for Supreme Court Vehicles,ocid,ocds-ozzobm-P000048/2025/2026/0500000000
0.releases.562.relatedProcesses.0,0.releases.562,0,P000003/2025/2026/0701000000,planning,SUPPLY OF EQUIPMENT FOR NEW ACCOMODATION OF NPC AND CTTC MAYANGE,ocid,ocds-ozzobm-P000003/2025/2026/0701000000
0.releases.563.relatedProcesses.0,0.releases.563,0,P000081/2025/2026/6300000000,planning,Maintenance of District water infrastructures and extensions,ocid,ocds-ozzobm-P000081/2025/2026/6300000000
0.releases.564.relatedProcesses.0,0.releases.564,0,P000013/2025/2026/5700003002,planning,Tender of maintenance and repair IT equipment,ocid,ocds-ozzobm-P000013/2025/2026/5700003002
0.releases.565.relatedProcesses.0,0.releases.565,0,P000018/2024/2025/1421000000,planning,"Hiring broadcasting media houses to provide NESA with Radio ,television and online services ( Under Framework contract)",ocid,ocds-ozzobm-P000018/2024/2025/1421000000
0.releases.566.relatedProcesses.0,0.releases.566,0,P000013/2025/2026/5700003002,planning,Tender of maintenance and repair IT equipment,ocid,ocds-ozzobm-P000013/2025/2026/5700003002
0.releases.567.relatedProcesses.0,0.releases.567,0,P000013/2025/2026/5700003002,planning,Tender of maintenance and repair IT equipment,ocid,ocds-ozzobm-P000013/2025/2026/5700003002
0.releases.568.relatedProcesses.0,0.releases.568,0,P000011/2025/2026/2310000000,planning,Sport Services,ocid,ocds-ozzobm-P000011/2025/2026/2310000000
0.releases.569.relatedProcesses.0,0.releases.569,0,P000020/2025/2026/0701000000,planning,SERVICE OF ADVERTISEMENT IN LOCAL DAILY ELECTRONIC MAGAZINE  ON FRAMEWORK AGREEMENT,ocid,ocds-ozzobm-P000020/2025/2026/0701000000
0.releases.570.relatedProcesses.0,0.releases.570,0,P000020/2025/2026/0701000000,planning,SERVICE OF ADVERTISEMENT IN LOCAL DAILY ELECTRONIC MAGAZINE  ON FRAMEWORK AGREEMENT,ocid,ocds-ozzobm-P000020/2025/2026/0701000000
0.releases.571.relatedProcesses.0,0.releases.571,0,P000020/2025/2026/1001000000,planning,"Supply, installation and training on RSB Laboratory Management System for metrology laboratories and upgrading existing system for testing laboratories",ocid,ocds-ozzobm-P000020/2025/2026/1001000000
0.releases.572.relatedProcesses.0,0.releases.572,0,P000031/2025/2026/2304000000,planning,"Acquisition of Survey to Go questionnaires (10,000 questionnaires)",ocid,ocds-ozzobm-P000031/2025/2026/2304000000
0.releases.573.relatedProcesses.0,0.releases.573,0,P000184/2025/2026/7000000000,planning,"Operationalization of Home Based ECD(HBECD)/porridge for 251HBECD (Gasab0:187, Kicukiro:19;Nyarugenge:45)",ocid,ocds-ozzobm-P000184/2025/2026/7000000000
0.releases.574.relatedProcesses.0,0.releases.574,0,P000012/2025/2026/8400000000,planning,Codification of SGF Assets,ocid,ocds-ozzobm-P000012/2025/2026/8400000000
0.releases.575.relatedProcesses.0,0.releases.575,0,P000032/2025/2026/0200000000,planning,Maintenance and repair of photocopying machines,ocid,ocds-ozzobm-P000032/2025/2026/0200000000
0.releases.576.relatedProcesses.0,0.releases.576,0,P000007/2025/2026/2001000000,planning,Hiring a local transportation Company for RMI Staff for period of one year,ocid,ocds-ozzobm-P000007/2025/2026/2001000000
0.releases.577.relatedProcesses.0,0.releases.577,0,P000021/2025/2026/0500000000,planning,Provision of refreshment to staff of judiciary,ocid,ocds-ozzobm-P000021/2025/2026/0500000000
0.releases.578.relatedProcesses.0,0.releases.578,0,P000048/2025/2026/0500000000,planning,Insurance Services for Supreme Court Vehicles,ocid,ocds-ozzobm-P000048/2025/2026/0500000000
0.releases.579.relatedProcesses.0,0.releases.579,0,P000013/2025/2026/5900003001,planning,supply of uniforms for staff,ocid,ocds-ozzobm-P000013/2025/2026/5900003001
0.releases.580.relatedProcesses.0,0.releases.580,0,P000022/2025/2026/4700003001,planning,Renting of vehicles  for IRS  activities and for others activities,ocid,ocds-ozzobm-P000022/2025/2026/4700003001
0.releases.581.relatedProcesses.0,0.releases.581,0,P000096/2025/2026/0702000000,planning,Acquisition of water pump for RCS Headquarters,ocid,ocds-ozzobm-P000096/2025/2026/0702000000
0.releases.582.relatedProcesses.0,0.releases.582,0,P000030/2025/2026/5200000000,planning,"Feasibility and technical study for Rehabilitation and upgrading of 5Health centers Mucubira,nyamiyaga,Gatagara,Mweya and Hanika at different Sector in Nyanza District",ocid,ocds-ozzobm-P000030/2025/2026/5200000000
0.releases.583.relatedProcesses.0,0.releases.583,0,P000016/2024/2025/1802000000,planning,Consultancy Services for Supervision of Execution Works of Periodic Maintenance of Huye- Kibeho-Ndago-Munini & Ndago-Ngoma (68.219Km) Paved Road,ocid,ocds-ozzobm-P000016/2024/2025/1802000000
0.releases.584.relatedProcesses.0,0.releases.584,0,P000016/2024/2025/1802000000,planning,Consultancy Services for Supervision of Execution Works of Periodic Maintenance of Huye- Kibeho-Ndago-Munini & Ndago-Ngoma (68.219Km) Paved Road,ocid,ocds-ozzobm-P000016/2024/2025/1802000000
0.releases.585.relatedProcesses.0,0.releases.585,0,P000015/2025/2026/1400000000,planning,Supply of furniture  at Ntare Louisenlund School,ocid,ocds-ozzobm-P000015/2025/2026/1400000000
0.releases.586.relatedProcesses.0,0.releases.586,0,P000015/2025/2026/1400000000,planning,Supply of furniture  at Ntare Louisenlund School,ocid,ocds-ozzobm-P000015/2025/2026/1400000000
0.releases.587.relatedProcesses.0,0.releases.587,0,P000015/2025/2026/1400000000,planning,Supply of furniture  at Ntare Louisenlund School,ocid,ocds-ozzobm-P000015/2025/2026/1400000000
0.releases.588.relatedProcesses.0,0.releases.588,0,P000015/2025/2026/0829000000,planning,Supply of kitchenware materials and other refreshment items,ocid,ocds-ozzobm-P000015/2025/2026/0829000000
0.releases.589.relatedProcesses.0,0.releases.589,0,P000015/2025/2026/1400000000,planning,Supply of furniture  at Ntare Louisenlund School,ocid,ocds-ozzobm-P000015/2025/2026/1400000000
0.releases.590.relatedProcesses.0,0.releases.590,0,P000011/2025/2026/1903000000,planning,Tender for Supply of Mobile devices on behalf of all Government Institutions,ocid,ocds-ozzobm-P000011/2025/2026/1903000000
0.releases.591.relatedProcesses.0,0.releases.591,0,P000045/2025/2026/6500000000,planning,SUPERVISION OF REHABILITATION OF MUHONDO HEALTH CENTER IN MUHONDO SECTOR PHASE II,ocid,ocds-ozzobm-P000045/2025/2026/6500000000
0.releases.592.relatedProcesses.0,0.releases.592,0,P000097/2025/2026/0702000000,planning,Acquisition of hygienic Materials for RCS Training School,ocid,ocds-ozzobm-P000097/2025/2026/0702000000
0.releases.593.relatedProcesses.0,0.releases.593,0,P000034/2025/2026/6100000000,planning,Insemination and vaccination,ocid,ocds-ozzobm-P000034/2025/2026/6100000000
0.releases.594.relatedProcesses.0,0.releases.594,0,P000034/2025/2026/6100000000,planning,Insemination and vaccination,ocid,ocds-ozzobm-P000034/2025/2026/6100000000
0.releases.595.relatedProcesses.0,0.releases.595,0,P000092/2022/2023/1200001000,planning,Training Institution to provide training in certified Financial Analyst (CFA) to GOR staff and high performing students,ocid,ocds-ozzobm-P000092/2022/2023/1200001000
0.releases.596.relatedProcesses.0,0.releases.596,0,P000092/2022/2023/1200001000,planning,Training Institution to provide training in certified Financial Analyst (CFA) to GOR staff and high performing students,ocid,ocds-ozzobm-P000092/2022/2023/1200001000
0.releases.597.relatedProcesses.0,0.releases.597,0,P000029/2025/2026/4200000000,planning,Maintenance of public lightings in Gatsibo District,ocid,ocds-ozzobm-P000029/2025/2026/4200000000
0.releases.598.relatedProcesses.0,0.releases.598,0,P000003/2025/2026/0701000000,planning,SUPPLY OF EQUIPMENT FOR NEW ACCOMODATION OF NPC AND CTTC MAYANGE,ocid,ocds-ozzobm-P000003/2025/2026/0701000000
0.releases.599.relatedProcesses.0,0.releases.599,0,P000088/2025/2026/0702000000,planning,Acquisition of CUG (AIRTEL RWANDA) for Rwanda Correctional Service staff,ocid,ocds-ozzobm-P000088/2025/2026/0702000000
0.releases.600.relatedProcesses.0,0.releases.600,0,P000019/2025/2026/4100000000,planning,Provision of necessary needs to Transit center,ocid,ocds-ozzobm-P000019/2025/2026/4100000000
0.releases.601.relatedProcesses.0,0.releases.601,0,P000160/2024/2025/1605000000,planning,Supply and installation of fire safety equipment,ocid,ocds-ozzobm-P000160/2024/2025/1605000000
0.releases.602.relatedProcesses.0,0.releases.602,0,P000019/2024/2025/2500001000,planning,Supply of office stationeries,ocid,ocds-ozzobm-P000019/2024/2025/2500001000
0.releases.603.relatedProcesses.0,0.releases.603,0,P000002/2025/2026/2305000000,planning,"Supply of sugar, coffee and tea made in Rwanda",ocid,ocds-ozzobm-P000002/2025/2026/2305000000
0.releases.604.relatedProcesses.0,0.releases.604,0,P000095/2023/2024/2315000000,planning,Acquisition of Tyres for OBVANS,ocid,ocds-ozzobm-P000095/2023/2024/2315000000
0.releases.605.relatedProcesses.0,0.releases.605,0,P000035/2025/2026/6300000000,planning,Vehicle and Motos insurance,ocid,ocds-ozzobm-P000035/2025/2026/6300000000
0.releases.606.relatedProcesses.0,0.releases.606,0,P000035/2025/2026/6300000000,planning,Vehicle and Motos insurance,ocid,ocds-ozzobm-P000035/2025/2026/6300000000
0.releases.607.relatedProcesses.0,0.releases.607,0,P000029/2023/2024/2305000000,planning,Construction Supervision Consultancy (CSC) services for RUDP II phase 4 infrastructure in 6 secondary cities,ocid,ocds-ozzobm-P000029/2023/2024/2305000000
0.releases.608.relatedProcesses.0,0.releases.608,0,P000095/2023/2024/2315000000,planning,Acquisition of Tyres for OBVANS,ocid,ocds-ozzobm-P000095/2023/2024/2315000000
0.releases.609.relatedProcesses.0,0.releases.609,0,P000008/2025/2026/2701000000,planning,supply of office stationaries,ocid,ocds-ozzobm-P000008/2025/2026/2701000000
0.releases.610.relatedProcesses.0,0.releases.610,0,P000008/2025/2026/2701000000,planning,supply of office stationaries,ocid,ocds-ozzobm-P000008/2025/2026/2701000000
0.releases.611.relatedProcesses.0,0.releases.611,0,P000008/2025/2026/2701000000,planning,supply of office stationaries,ocid,ocds-ozzobm-P000008/2025/2026/2701000000
0.releases.612.relatedProcesses.0,0.releases.612,0,P000008/2025/2026/2701000000,planning,supply of office stationaries,ocid,ocds-ozzobm-P000008/2025/2026/2701000000
0.releases.613.relatedProcesses.0,0.releases.613,0,P000008/2025/2026/2701000000,planning,supply of office stationaries,ocid,ocds-ozzobm-P000008/2025/2026/2701000000
0.releases.614.relatedProcesses.0,0.releases.614,0,P000024/2025/2026/2318000000,planning,Provision of Sports and recreation facilities to NRS Staffs,ocid,ocds-ozzobm-P000024/2025/2026/2318000000
0.releases.615.relatedProcesses.0,0.releases.615,0,P000024/2025/2026/2318000000,planning,Provision of Sports and recreation facilities to NRS Staffs,ocid,ocds-ozzobm-P000024/2025/2026/2318000000
0.releases.616.relatedProcesses.0,0.releases.616,0,P000024/2025/2026/2318000000,planning,Provision of Sports and recreation facilities to NRS Staffs,ocid,ocds-ozzobm-P000024/2025/2026/2318000000
0.releases.617.relatedProcesses.0,0.releases.617,0,P000024/2025/2026/2318000000,planning,Provision of Sports and recreation facilities to NRS Staffs,ocid,ocds-ozzobm-P000024/2025/2026/2318000000
0.releases.618.relatedProcesses.0,0.releases.618,0,P000024/2025/2026/2318000000,planning,Provision of Sports and recreation facilities to NRS Staffs,ocid,ocds-ozzobm-P000024/2025/2026/2318000000
0.releases.619.relatedProcesses.0,0.releases.619,0,P000024/2025/2026/2318000000,planning,Provision of Sports and recreation facilities to NRS Staffs,ocid,ocds-ozzobm-P000024/2025/2026/2318000000
0.releases.620.relatedProcesses.0,0.releases.620,0,P000024/2025/2026/2318000000,planning,Provision of Sports and recreation facilities to NRS Staffs,ocid,ocds-ozzobm-P000024/2025/2026/2318000000
0.releases.621.relatedProcesses.0,0.releases.621,0,P000166/2023/2024/7000000000,planning,Hiring a consultancy firm to carry out RAP for Urban Mobility Project,ocid,ocds-ozzobm-P000166/2023/2024/7000000000
0.releases.622.relatedProcesses.0,0.releases.622,0,P000039/2025/2026/5100000000,planning,Supply of asset transfer (ToolKits) under Framework contract.,ocid,ocds-ozzobm-P000039/2025/2026/5100000000
0.releases.623.relatedProcesses.0,0.releases.623,0,P000012/2023/2024/0109000000,planning,Provision of Sports services,ocid,ocds-ozzobm-P000012/2023/2024/0109000000
0.releases.624.relatedProcesses.0,0.releases.624,0,P000064/2024/2025/1903000000,planning,Tender for supply of photo  CAMERAS   on behalf of all Government Institutions,ocid,ocds-ozzobm-P000064/2024/2025/1903000000
0.releases.625.relatedProcesses.0,0.releases.625,0,P000011/2024/2025/0109000000,planning,Supply of Office Beverages,ocid,ocds-ozzobm-P000011/2024/2025/0109000000
0.releases.626.relatedProcesses.0,0.releases.626,0,P000012/2023/2024/0109000000,planning,Provision of Sports services,ocid,ocds-ozzobm-P000012/2023/2024/0109000000
0.releases.627.relatedProcesses.0,0.releases.627,0,P000006/2025/2026/5400000000,planning,Tender for renovation works of Gashonga Preliminary rehabilitation Center in Rusizi District,ocid,ocds-ozzobm-P000006/2025/2026/5400000000
0.releases.628.relatedProcesses.0,0.releases.628,0,P000016/2023/2024/0109000000,planning,PROVISION OF INTERNET SERVICES AND MSS PACKAGE CHARCHAGES,ocid,ocds-ozzobm-P000016/2023/2024/0109000000
0.releases.629.relatedProcesses.0,0.releases.629,0,P000007/2025/2026/2001000000,planning,Hiring a local transportation Company for RMI Staff for period of one year,ocid,ocds-ozzobm-P000007/2025/2026/2001000000
0.releases.630.relatedProcesses.0,0.releases.630,0,P000180/2025/2026/7000000000,planning,Renovation of Muhima HC Maternity,ocid,ocds-ozzobm-P000180/2025/2026/7000000000
0.releases.631.relatedProcesses.0,0.releases.631,0,P000062/2025/2026/0701000000,planning,SUPPLY OF DIFFERENT REQUIREMENTS FOR REINFORCEMENT IN FPU PHASE III,ocid,ocds-ozzobm-P000062/2025/2026/0701000000
0.releases.632.relatedProcesses.0,0.releases.632,0,P000191/2025/2026/7000000000,planning,Consultant for Construction Supervision of Nyabisindu rehousing project works (Construction Supervision of 2 housing blocks for Nyabisindu Compensation in Kind for road 13),ocid,ocds-ozzobm-P000191/2025/2026/7000000000
0.releases.633.relatedProcesses.0,0.releases.633,0,P000039/2025/2026/5100000000,planning,Supply of asset transfer (ToolKits) under Framework contract.,ocid,ocds-ozzobm-P000039/2025/2026/5100000000
0.releases.634.relatedProcesses.0,0.releases.634,0,P000193/2024/2025/1804000000,planning,"Construction works of ECDs centers in Ngororero, Nyamagabe,Nyaruguru, Ruhango and Huye District",ocid,ocds-ozzobm-P000193/2024/2025/1804000000
0.releases.635.relatedProcesses.0,0.releases.635,0,P000031/2025/2026/2304000000,planning,"Acquisition of Survey to Go questionnaires (10,000 questionnaires)",ocid,ocds-ozzobm-P000031/2025/2026/2304000000
0.releases.636.relatedProcesses.0,0.releases.636,0,P000005/2025/2026/1209000000,planning,Stationaries and Printing Consumables,ocid,ocds-ozzobm-P000005/2025/2026/1209000000
0.releases.637.relatedProcesses.0,0.releases.637,0,P000043/2025/2026/1420000000,planning,SUPPLY AND INSTALLATION  OF DRAINAGE CHANNEL COVERS  ON PLAYGROUND FACILITIES FOR 4 TVET SCHOOLS ON BORDERS IN NYAGATARE AND GICUMBI DISTRICT,ocid,ocds-ozzobm-P000043/2025/2026/1420000000
0.releases.638.relatedProcesses.0,0.releases.638,0,P000043/2025/2026/1420000000,planning,SUPPLY AND INSTALLATION  OF DRAINAGE CHANNEL COVERS  ON PLAYGROUND FACILITIES FOR 4 TVET SCHOOLS ON BORDERS IN NYAGATARE AND GICUMBI DISTRICT,ocid,ocds-ozzobm-P000043/2025/2026/1420000000
0.releases.639.relatedProcesses.0,0.releases.639,0,P000093/2025/2026/8000000000,planning,Conduct Actuarial Valuation of RSSB Medical Insurance Schemes (RAMA and CBHI) as at 30 June 2024,ocid,ocds-ozzobm-P000093/2025/2026/8000000000
0.releases.640.relatedProcesses.0,0.releases.640,0,P000031/2025/2026/0800000000,planning,supply and installation of security system and items,ocid,ocds-ozzobm-P000031/2025/2026/0800000000
0.releases.641.relatedProcesses.0,0.releases.641,0,P000052/2025/2026/0901000000,planning,Supply of lime grade 1,ocid,ocds-ozzobm-P000052/2025/2026/0901000000
0.releases.642.relatedProcesses.0,0.releases.642,0,P000003/2025/2026/0800000000,planning,Tender for design and beautification of MINAFFET conference rooms.,ocid,ocds-ozzobm-P000003/2025/2026/0800000000
0.releases.643.relatedProcesses.0,0.releases.643,0,P000008/2025/2026/1602000000,planning,Supply of Plumbing materials,ocid,ocds-ozzobm-P000008/2025/2026/1602000000
0.releases.644.relatedProcesses.0,0.releases.644,0,P000007/2025/2026/2001000000,planning,Hiring a local transportation Company for RMI Staff for period of one year,ocid,ocds-ozzobm-P000007/2025/2026/2001000000
0.releases.645.relatedProcesses.0,0.releases.645,0,P000153/2025/2026/1804000000,planning,Design and Build proposed beautifications at Amahoro Stadium,ocid,ocds-ozzobm-P000153/2025/2026/1804000000
0.releases.646.relatedProcesses.0,0.releases.646,0,P000153/2025/2026/1804000000,planning,Design and Build proposed beautifications at Amahoro Stadium,ocid,ocds-ozzobm-P000153/2025/2026/1804000000
0.releases.647.relatedProcesses.0,0.releases.647,0,P000012/2025/2026/6400000000,planning,Execution works for Construction of Gitanda health center,ocid,ocds-ozzobm-P000012/2025/2026/6400000000
0.releases.648.relatedProcesses.0,0.releases.648,0,P000007/2025/2026/1004000000,planning,Provision of Hotel and Restaurant services for workshops and conferences,ocid,ocds-ozzobm-P000007/2025/2026/1004000000
0.releases.649.relatedProcesses.0,0.releases.649,0,P000030/2025/2026/1603000000,planning,Framework contract for Provision of Hospital Vehicle Maintenance Service,ocid,ocds-ozzobm-P000030/2025/2026/1603000000
0.releases.650.relatedProcesses.0,0.releases.650,0,P000030/2025/2026/1603000000,planning,Framework contract for Provision of Hospital Vehicle Maintenance Service,ocid,ocds-ozzobm-P000030/2025/2026/1603000000
0.releases.651.relatedProcesses.0,0.releases.651,0,P000030/2025/2026/1603000000,planning,Framework contract for Provision of Hospital Vehicle Maintenance Service,ocid,ocds-ozzobm-P000030/2025/2026/1603000000
0.releases.652.relatedProcesses.0,0.releases.652,0,P000030/2025/2026/1603000000,planning,Framework contract for Provision of Hospital Vehicle Maintenance Service,ocid,ocds-ozzobm-P000030/2025/2026/1603000000
0.releases.653.relatedProcesses.0,0.releases.653,0,P000121/2025/2026/1203000000,planning,Provision of Maintenance and repair of vehicles in RUSIZI for RRA,ocid,ocds-ozzobm-P000121/2025/2026/1203000000
0.releases.654.relatedProcesses.0,0.releases.654,0,P000202/2025/2026/1203000000,planning,"Annual supply and installation of office furnitures to RRA, meeting and conference furniture (Framework contract).",ocid,ocds-ozzobm-P000202/2025/2026/1203000000
0.releases.655.relatedProcesses.0,0.releases.655,0,P000103/2025/2026/1203000000,planning,Annual Maintenance of RRA Data Center (Frame work Contract),ocid,ocds-ozzobm-P000103/2025/2026/1203000000
0.releases.656.relatedProcesses.0,0.releases.656,0,P000022/2024/2025/1808000000,planning,"Construction of  Latrines for Schools, Public places and Health facilities",ocid,ocds-ozzobm-P000022/2024/2025/1808000000
0.releases.657.relatedProcesses.0,0.releases.657,0,P000019/2025/2026/4100000000,planning,Provision of necessary needs to Transit center,ocid,ocds-ozzobm-P000019/2025/2026/4100000000
0.releases.658.relatedProcesses.0,0.releases.658,0,P000175/2025/2026/7000000000,planning,"A supply of construction materials, which includes the installation of electrical equipment and water tanks in schools. Framework contract (1 Lot by District)",ocid,ocds-ozzobm-P000175/2025/2026/7000000000
0.releases.659.relatedProcesses.0,0.releases.659,0,P000043/2025/2026/1420000000,planning,SUPPLY AND INSTALLATION  OF DRAINAGE CHANNEL COVERS  ON PLAYGROUND FACILITIES FOR 4 TVET SCHOOLS ON BORDERS IN NYAGATARE AND GICUMBI DISTRICT,ocid,ocds-ozzobm-P000043/2025/2026/1420000000
0.releases.660.relatedProcesses.0,0.releases.660,0,P000067/2024/2025/1605000000,planning,Maintenance of Laboratory information system at NRL,ocid,ocds-ozzobm-P000067/2024/2025/1605000000
0.releases.661.relatedProcesses.0,0.releases.661,0,P000018/2025/2026/5800003002,planning,Purchase of Office Equipments,ocid,ocds-ozzobm-P000018/2025/2026/5800003002
0.releases.662.relatedProcesses.0,0.releases.662,0,P000004/2024/2025/0829000000,planning,Provision of advertising and media services to promote GoR activities,ocid,ocds-ozzobm-P000004/2024/2025/0829000000
0.releases.663.relatedProcesses.0,0.releases.663,0,P000015/2025/2026/0829000000,planning,Supply of kitchenware materials and other refreshment items,ocid,ocds-ozzobm-P000015/2025/2026/0829000000
0.releases.664.relatedProcesses.0,0.releases.664,0,P000077/2023/2024/0702000000,planning,Maintenance of Speed governors for RCS Vehicles,ocid,ocds-ozzobm-P000077/2023/2024/0702000000
0.releases.665.relatedProcesses.0,0.releases.665,0,P000141/2024/2025/0702000000,planning,Acquisition materials for Isolation for RCS 2024-2025,ocid,ocds-ozzobm-P000141/2024/2025/0702000000
0.releases.666.relatedProcesses.0,0.releases.666,0,P000007/2025/2026/2307000000,planning,Supply of office stationary and consumables,ocid,ocds-ozzobm-P000007/2025/2026/2307000000
0.releases.667.relatedProcesses.0,0.releases.667,0,P000085/2023/2024/1605000000,planning,"Tender for airing Radio/TV programs, and adverts, and announcement",ocid,ocds-ozzobm-P000085/2023/2024/1605000000
0.releases.668.relatedProcesses.0,0.releases.668,0,P000094/2025/2026/0702000000,planning,Acquisition of laboratory equipment for Correctional facilities health centers,ocid,ocds-ozzobm-P000094/2025/2026/0702000000
0.releases.669.relatedProcesses.0,0.releases.669,0,P000085/2023/2024/1605000000,planning,"Tender for airing Radio/TV programs, and adverts, and announcement",ocid,ocds-ozzobm-P000085/2023/2024/1605000000
0.releases.670.relatedProcesses.0,0.releases.670,0,P000041/2025/2026/0702000000,planning,Acquisition of Training Consumables and materials for Correctional Facilities,ocid,ocds-ozzobm-P000041/2025/2026/0702000000
0.releases.671.relatedProcesses.0,0.releases.671,0,P000023/2025/2026/5100000000,planning,Purchase of milk for sectors employees,ocid,ocds-ozzobm-P000023/2025/2026/5100000000
0.releases.672.relatedProcesses.0,0.releases.672,0,P000023/2025/2026/5100000000,planning,Purchase of milk for sectors employees,ocid,ocds-ozzobm-P000023/2025/2026/5100000000
0.releases.673.relatedProcesses.0,0.releases.673,0,P000085/2023/2024/1605000000,planning,"Tender for airing Radio/TV programs, and adverts, and announcement",ocid,ocds-ozzobm-P000085/2023/2024/1605000000
0.releases.674.relatedProcesses.0,0.releases.674,0,P000041/2025/2026/0702000000,planning,Acquisition of Training Consumables and materials for Correctional Facilities,ocid,ocds-ozzobm-P000041/2025/2026/0702000000
0.releases.675.relatedProcesses.0,0.releases.675,0,P000068/2025/2026/5500000000,planning,Provision of media services to Nyabihu District,ocid,ocds-ozzobm-P000068/2025/2026/5500000000
0.releases.676.relatedProcesses.0,0.releases.676,0,P000133/2022/2023/1804000000,planning,Supervision of construction works  of Parliament Commissions’ Block,ocid,ocds-ozzobm-P000133/2022/2023/1804000000
0.releases.677.relatedProcesses.0,0.releases.677,0,P000002/2025/2026/5400000000,planning,Tender for Construction of livestock market Giheke sector in Rusizi District,ocid,ocds-ozzobm-P000002/2025/2026/5400000000
0.releases.678.relatedProcesses.0,0.releases.678,0,P000041/2025/2026/0702000000,planning,Acquisition of Training Consumables and materials for Correctional Facilities,ocid,ocds-ozzobm-P000041/2025/2026/0702000000
0.releases.679.relatedProcesses.0,0.releases.679,0,P000008/2025/2026/1603000000,planning,Framework contract for incineration of medical and non medical wast,ocid,ocds-ozzobm-P000008/2025/2026/1603000000
0.releases.680.relatedProcesses.0,0.releases.680,0,P000008/2025/2026/1603000000,planning,Framework contract for incineration of medical and non medical wast,ocid,ocds-ozzobm-P000008/2025/2026/1603000000
0.releases.681.relatedProcesses.0,0.releases.681,0,P000106/2025/2026/1804000000,planning,Framework contract for regular maintenance of all Government Buildings located countrywide.,ocid,ocds-ozzobm-P000106/2025/2026/1804000000
0.releases.682.relatedProcesses.0,0.releases.682,0,P000106/2025/2026/1804000000,planning,Framework contract for regular maintenance of all Government Buildings located countrywide.,ocid,ocds-ozzobm-P000106/2025/2026/1804000000
0.releases.683.relatedProcesses.0,0.releases.683,0,P000085/2023/2024/1605000000,planning,"Tender for airing Radio/TV programs, and adverts, and announcement",ocid,ocds-ozzobm-P000085/2023/2024/1605000000
0.releases.684.relatedProcesses.0,0.releases.684,0,P000085/2023/2024/1605000000,planning,"Tender for airing Radio/TV programs, and adverts, and announcement",ocid,ocds-ozzobm-P000085/2023/2024/1605000000
0.releases.685.relatedProcesses.0,0.releases.685,0,P000085/2023/2024/1605000000,planning,"Tender for airing Radio/TV programs, and adverts, and announcement",ocid,ocds-ozzobm-P000085/2023/2024/1605000000
0.releases.686.relatedProcesses.0,0.releases.686,0,P000085/2023/2024/1605000000,planning,"Tender for airing Radio/TV programs, and adverts, and announcement",ocid,ocds-ozzobm-P000085/2023/2024/1605000000
0.releases.687.relatedProcesses.0,0.releases.687,0,P000007/2025/2026/1412002000,planning,Supply of IT training consumables,ocid,ocds-ozzobm-P000007/2025/2026/1412002000
0.releases.688.relatedProcesses.0,0.releases.688,0,P000085/2023/2024/1605000000,planning,"Tender for airing Radio/TV programs, and adverts, and announcement",ocid,ocds-ozzobm-P000085/2023/2024/1605000000
0.releases.689.relatedProcesses.0,0.releases.689,0,P000085/2023/2024/1605000000,planning,"Tender for airing Radio/TV programs, and adverts, and announcement",ocid,ocds-ozzobm-P000085/2023/2024/1605000000
0.releases.690.relatedProcesses.0,0.releases.690,0,P000103/2025/2026/1203000000,planning,Annual Maintenance of RRA Data Center (Frame work Contract),ocid,ocds-ozzobm-P000103/2025/2026/1203000000
0.releases.691.relatedProcesses.0,0.releases.691,0,P000085/2023/2024/1605000000,planning,"Tender for airing Radio/TV programs, and adverts, and announcement",ocid,ocds-ozzobm-P000085/2023/2024/1605000000
0.releases.692.relatedProcesses.0,0.releases.692,0,P000029/2025/2026/4200000000,planning,Maintenance of public lightings in Gatsibo District,ocid,ocds-ozzobm-P000029/2025/2026/4200000000
0.releases.693.relatedProcesses.0,0.releases.693,0,P000077/2022/2023/7000000000,planning,Maintenance of waste water treatment plant in Gacuriro real estate and IDP models,ocid,ocds-ozzobm-P000077/2022/2023/7000000000
0.releases.694.relatedProcesses.0,0.releases.694,0,P000001/2025/2026/1602000000,planning,Supply of Cleaning& Hygiene materials,ocid,ocds-ozzobm-P000001/2025/2026/1602000000
0.releases.695.relatedProcesses.0,0.releases.695,0,P000130/2025/2026/7000000000,planning,Supply of sand for construction of retaining walls in schools on framework contract  (1 Lot by District),ocid,ocds-ozzobm-P000130/2025/2026/7000000000
0.releases.696.relatedProcesses.0,0.releases.696,0,P000012/2025/2026/0301000000,planning,Supply of Office Stationeries,ocid,ocds-ozzobm-P000012/2025/2026/0301000000
0.releases.697.relatedProcesses.0,0.releases.697,0,P000103/2025/2026/1203000000,planning,Annual Maintenance of RRA Data Center (Frame work Contract),ocid,ocds-ozzobm-P000103/2025/2026/1203000000
0.releases.698.relatedProcesses.0,0.releases.698,0,P000009/2025/2026/1503000000,planning,"Provision of Printing services (Banners, Books, Booklets and different binding documents..)",ocid,ocds-ozzobm-P000009/2025/2026/1503000000
0.releases.699.relatedProcesses.0,0.releases.699,0,P000130/2025/2026/7000000000,planning,Supply of sand for construction of retaining walls in schools on framework contract  (1 Lot by District),ocid,ocds-ozzobm-P000130/2025/2026/7000000000
0.releases.700.relatedProcesses.0,0.releases.700,0,P000019/2025/2026/1503000000,planning,"Provision of event management(Sound system, stage, stage requirement Decoration, camera services, and photo etc..) For CHENO events",ocid,ocds-ozzobm-P000019/2025/2026/1503000000
0.releases.701.relatedProcesses.0,0.releases.701,0,P000011/2025/2026/2310000000,planning,Sport Services,ocid,ocds-ozzobm-P000011/2025/2026/2310000000
0.releases.702.relatedProcesses.0,0.releases.702,0,P000012/2025/2026/0301000000,planning,Supply of Office Stationeries,ocid,ocds-ozzobm-P000012/2025/2026/0301000000
0.releases.703.relatedProcesses.0,0.releases.703,0,P000035/2025/2026/6300000000,planning,Vehicle and Motos insurance,ocid,ocds-ozzobm-P000035/2025/2026/6300000000
0.releases.704.relatedProcesses.0,0.releases.704,0,P000012/2025/2026/0301000000,planning,Supply of Office Stationeries,ocid,ocds-ozzobm-P000012/2025/2026/0301000000
0.releases.705.relatedProcesses.0,0.releases.705,0,P000012/2025/2026/0301000000,planning,Supply of Office Stationeries,ocid,ocds-ozzobm-P000012/2025/2026/0301000000
0.releases.706.relatedProcesses.0,0.releases.706,0,P000130/2025/2026/7000000000,planning,Supply of sand for construction of retaining walls in schools on framework contract  (1 Lot by District),ocid,ocds-ozzobm-P000130/2025/2026/7000000000
0.releases.707.relatedProcesses.0,0.releases.707,0,P000012/2025/2026/0301000000,planning,Supply of Office Stationeries,ocid,ocds-ozzobm-P000012/2025/2026/0301000000
0.releases.708.relatedProcesses.0,0.releases.708,0,P000124/2025/2026/7000000000,planning,Tender for Garden and Palm trees fumigation,ocid,ocds-ozzobm-P000124/2025/2026/7000000000
0.releases.709.relatedProcesses.0,0.releases.709,0,P000006/2025/2026/0302000000,planning,Advert and Announcement,ocid,ocds-ozzobm-P000006/2025/2026/0302000000
0.releases.710.relatedProcesses.0,0.releases.710,0,P000014/2024/2025/0901001014,planning,Access the internet at KIIWP office,ocid,ocds-ozzobm-P000014/2024/2025/0901001014
0.releases.711.relatedProcesses.0,0.releases.711,0,P000020/2025/2026/6500003002,planning,Provision of Vehicles Maintenance,ocid,ocds-ozzobm-P000020/2025/2026/6500003002
0.releases.712.relatedProcesses.0,0.releases.712,0,P000020/2025/2026/6500003002,planning,Provision of Vehicles Maintenance,ocid,ocds-ozzobm-P000020/2025/2026/6500003002
0.releases.713.relatedProcesses.0,0.releases.713,0,P000016/2025/2026/0902000000,planning,Tender for the accreditation services for the Specialized Export Quality Infrastructure (SEQI),ocid,ocds-ozzobm-P000016/2025/2026/0902000000
0.releases.714.relatedProcesses.0,0.releases.714,0,P000020/2025/2026/6500003002,planning,Provision of Vehicles Maintenance,ocid,ocds-ozzobm-P000020/2025/2026/6500003002
0.releases.715.relatedProcesses.0,0.releases.715,0,P000038/2024/2025/2201000000,planning,Hiring of local media outlets' services for REMA,ocid,ocds-ozzobm-P000038/2024/2025/2201000000
0.releases.716.relatedProcesses.0,0.releases.716,0,P000180/2025/2026/7000000000,planning,Renovation of Muhima HC Maternity,ocid,ocds-ozzobm-P000180/2025/2026/7000000000
0.releases.717.relatedProcesses.0,0.releases.717,0,P000038/2024/2025/2201000000,planning,Hiring of local media outlets' services for REMA,ocid,ocds-ozzobm-P000038/2024/2025/2201000000
0.releases.718.relatedProcesses.0,0.releases.718,0,P000011/2024/2025/2500001000,planning,Provision of broadcasting services through Radio and TV by highest media,ocid,ocds-ozzobm-P000011/2024/2025/2500001000
0.releases.719.relatedProcesses.0,0.releases.719,0,P000032/2025/2026/1605000000,planning,Tender of supply of vehicles tyres,ocid,ocds-ozzobm-P000032/2025/2026/1605000000
0.releases.720.relatedProcesses.0,0.releases.720,0,P000054/2025/2026/1605000000,planning,Supply of Kitchen Materials,ocid,ocds-ozzobm-P000054/2025/2026/1605000000
0.releases.721.relatedProcesses.0,0.releases.721,0,P000052/2025/2026/0901000000,planning,Supply of lime grade 1,ocid,ocds-ozzobm-P000052/2025/2026/0901000000
0.releases.722.relatedProcesses.0,0.releases.722,0,P000041/2025/2026/6100000000,planning,"provision  of reception services of Burera District during meeting, training, workshop and other events under framework agrement",ocid,ocds-ozzobm-P000041/2025/2026/6100000000
0.releases.723.relatedProcesses.0,0.releases.723,0,P000056/2025/2026/6100000000,planning,Maintenance of road in Burera District,ocid,ocds-ozzobm-P000056/2025/2026/6100000000
0.releases.724.relatedProcesses.0,0.releases.724,0,P000056/2025/2026/6100000000,planning,Maintenance of road in Burera District,ocid,ocds-ozzobm-P000056/2025/2026/6100000000
0.releases.725.relatedProcesses.0,0.releases.725,0,P000100/2024/2025/5300000000,planning,supervision of Construction of Akayanza ( Nyagisozi Sector) and Rukonja ( Cyahinda Sector) Bridges,ocid,ocds-ozzobm-P000100/2024/2025/5300000000
0.releases.726.relatedProcesses.0,0.releases.726,0,P000092/2025/2026/0901000000,planning,Supply of MCS equipment's to be  used in Rwandan  Lakes,ocid,ocds-ozzobm-P000092/2025/2026/0901000000
0.releases.727.relatedProcesses.0,0.releases.727,0,P000097/2025/2026/0901000000,planning,Acquisition of GPS in RAB vehicles,ocid,ocds-ozzobm-P000097/2025/2026/0901000000
0.releases.728.relatedProcesses.0,0.releases.728,0,P000018/2024/2025/1421000000,planning,"Hiring broadcasting media houses to provide NESA with Radio ,television and online services ( Under Framework contract)",ocid,ocds-ozzobm-P000018/2024/2025/1421000000
0.releases.729.relatedProcesses.0,0.releases.729,0,P000002/2024/2025/1421000000,planning,Printing National Examination question papers and Answer booklets for Basic and TVET Education,ocid,ocds-ozzobm-P000002/2024/2025/1421000000
0.releases.730.relatedProcesses.0,0.releases.730,0,P000130/2025/2026/7000000000,planning,Supply of sand for construction of retaining walls in schools on framework contract  (1 Lot by District),ocid,ocds-ozzobm-P000130/2025/2026/7000000000
0.releases.731.relatedProcesses.0,0.releases.731,0,P000130/2025/2026/7000000000,planning,Supply of sand for construction of retaining walls in schools on framework contract  (1 Lot by District),ocid,ocds-ozzobm-P000130/2025/2026/7000000000
0.releases.732.relatedProcesses.0,0.releases.732,0,P000118/2025/2026/7000000000,planning,Provision of insurance services for City of  Kigali Assets,ocid,ocds-ozzobm-P000118/2025/2026/7000000000
0.releases.733.relatedProcesses.0,0.releases.733,0,P000130/2025/2026/7000000000,planning,Supply of sand for construction of retaining walls in schools on framework contract  (1 Lot by District),ocid,ocds-ozzobm-P000130/2025/2026/7000000000
0.releases.734.relatedProcesses.0,0.releases.734,0,P000175/2025/2026/7000000000,planning,"A supply of construction materials, which includes the installation of electrical equipment and water tanks in schools. Framework contract (1 Lot by District)",ocid,ocds-ozzobm-P000175/2025/2026/7000000000
0.releases.735.relatedProcesses.0,0.releases.735,0,P000184/2025/2026/7000000000,planning,"Operationalization of Home Based ECD(HBECD)/porridge for 251HBECD (Gasab0:187, Kicukiro:19;Nyarugenge:45)",ocid,ocds-ozzobm-P000184/2025/2026/7000000000
0.releases.736.relatedProcesses.0,0.releases.736,0,P000031/2025/2026/2304000000,planning,"Acquisition of Survey to Go questionnaires (10,000 questionnaires)",ocid,ocds-ozzobm-P000031/2025/2026/2304000000
0.releases.737.relatedProcesses.0,0.releases.737,0,P000037/2025/2026/1808000000,planning,Feasibility and Detailed Design for the Rehabilitation and Upgrading of Kimisagara WTP,ocid,ocds-ozzobm-P000037/2025/2026/1808000000
0.releases.738.relatedProcesses.0,0.releases.738,0,P000038/2025/2026/1808000000,planning,Feasibility and Detailed Design for the Rehabilitation and Upgrading of Kimisagara WTP,ocid,ocds-ozzobm-P000038/2025/2026/1808000000
0.releases.739.relatedProcesses.0,0.releases.739,0,P000007/2025/2026/1412002000,planning,Supply of IT training consumables,ocid,ocds-ozzobm-P000007/2025/2026/1412002000
0.releases.740.relatedProcesses.0,0.releases.740,0,P000022/2023/2024/1203000000,planning,Annual supply of IT materials used in network installation and day to day work to RRA (Framework Cotract),ocid,ocds-ozzobm-P000022/2023/2024/1203000000
0.releases.741.relatedProcesses.0,0.releases.741,0,P000007/2023/2024/0902000000,planning,"Tender for framework for acquisition of horticultural crop protection materials, tools, and inputs",ocid,ocds-ozzobm-P000007/2023/2024/0902000000
0.releases.742.relatedProcesses.0,0.releases.742,0,P000006/2025/2026/5700003001,planning,Maintenance and repair of air conditioners and Refrigerators of Kibuye referral Hospital,ocid,ocds-ozzobm-P000006/2025/2026/5700003001
0.releases.743.relatedProcesses.0,0.releases.743,0,P000018/2025/2026/0900001005,planning,Acquisition of loading and offloading services,ocid,ocds-ozzobm-P000018/2025/2026/0900001005
0.releases.744.relatedProcesses.0,0.releases.744,0,P000014/2024/2025/0901001014,planning,Access the internet at KIIWP office,ocid,ocds-ozzobm-P000014/2024/2025/0901001014
0.releases.745.relatedProcesses.0,0.releases.745,0,P000045/2025/2026/6500000000,planning,SUPERVISION OF REHABILITATION OF MUHONDO HEALTH CENTER IN MUHONDO SECTOR PHASE II,ocid,ocds-ozzobm-P000045/2025/2026/6500000000
0.releases.746.relatedProcesses.0,0.releases.746,0,P000088/2025/2026/0702000000,planning,Acquisition of CUG (AIRTEL RWANDA) for Rwanda Correctional Service staff,ocid,ocds-ozzobm-P000088/2025/2026/0702000000
0.releases.747.relatedProcesses.0,0.releases.747,0,P000066/2025/2026/1605000000,planning,Consultancy Services for External audit of the RBC- CDC cooperative agreements (CoAgs) supported programs Lot 1,ocid,ocds-ozzobm-P000066/2025/2026/1605000000
0.releases.748.relatedProcesses.0,0.releases.748,0,P000153/2020/2021/1203000000,planning,Provision of Rental services for RRA staff accommodation  in RUBAVU-A (framework contract),ocid,ocds-ozzobm-P000153/2020/2021/1203000000
0.releases.749.relatedProcesses.0,0.releases.749,0,P000053/2022/2023/1203000000,planning,"10.	Annual provision of Insurance of RRA movable and immovable assets (Fire and Allied Perils, Machinery breakdown and General liability) to RRA(Framework contract)",ocid,ocds-ozzobm-P000053/2022/2023/1203000000
0.releases.750.relatedProcesses.0,0.releases.750,0,P000006/2025/2026/5700003001,planning,Maintenance and repair of air conditioners and Refrigerators of Kibuye referral Hospital,ocid,ocds-ozzobm-P000006/2025/2026/5700003001
0.releases.751.relatedProcesses.0,0.releases.751,0,P000033/2024/2025/1203000000,planning,Supply and installation of Air conditioners to RRA Offices(Framework contract),ocid,ocds-ozzobm-P000033/2024/2025/1203000000
0.releases.752.relatedProcesses.0,0.releases.752,0,P000022/2023/2024/1203000000,planning,Annual supply of IT materials used in network installation and day to day work to RRA (Framework Cotract),ocid,ocds-ozzobm-P000022/2023/2024/1203000000
0.releases.753.relatedProcesses.0,0.releases.753,0,P000012/2024/2025/5000003003,planning,Maintenance of ICT equipments,ocid,ocds-ozzobm-P000012/2024/2025/5000003003
0.releases.754.relatedProcesses.0,0.releases.754,0,P000009/2024/2025/0800000000,planning,"Diplomatic bags,seals and stickers.",ocid,ocds-ozzobm-P000009/2024/2025/0800000000
0.releases.755.relatedProcesses.0,0.releases.755,0,P000015/2025/2026/1602000000,planning,Supply of Hemodialysis consumables for NIPPRO Machines/ Medical consumables,ocid,ocds-ozzobm-P000015/2025/2026/1602000000
0.releases.756.relatedProcesses.0,0.releases.756,0,P000030/2025/2026/1202000000,planning,"Hiring a company for the installation, customization and configuration of Koha Software and its DSpace for the NISR Library",ocid,ocds-ozzobm-P000030/2025/2026/1202000000
0.releases.757.relatedProcesses.0,0.releases.757,0,P000166/2024/2025/1605000000,planning,Supervision of construction works of ECD centres,ocid,ocds-ozzobm-P000166/2024/2025/1605000000
0.releases.758.relatedProcesses.0,0.releases.758,0,P000160/2024/2025/1605000000,planning,Supply and installation of fire safety equipment,ocid,ocds-ozzobm-P000160/2024/2025/1605000000
0.releases.759.relatedProcesses.0,0.releases.759,0,P000026/2025/2026/1606000000,planning,Purchase of Refrigerators and Cooler Boxes,ocid,ocds-ozzobm-P000026/2025/2026/1606000000
0.releases.760.relatedProcesses.0,0.releases.760,0,P000037/2025/2026/1500000000,planning,GYM and Fitness Services,ocid,ocds-ozzobm-P000037/2025/2026/1500000000
0.releases.761.relatedProcesses.0,0.releases.761,0,P000191/2025/2026/7000000000,planning,Consultant for Construction Supervision of Nyabisindu rehousing project works (Construction Supervision of 2 housing blocks for Nyabisindu Compensation in Kind for road 13),ocid,ocds-ozzobm-P000191/2025/2026/7000000000
0.releases.762.relatedProcesses.0,0.releases.762,0,P000037/2025/2026/1500000000,planning,GYM and Fitness Services,ocid,ocds-ozzobm-P000037/2025/2026/1500000000
0.releases.763.relatedProcesses.0,0.releases.763,0,P000037/2025/2026/1500000000,planning,GYM and Fitness Services,ocid,ocds-ozzobm-P000037/2025/2026/1500000000
0.releases.764.relatedProcesses.0,0.releases.764,0,P000045/2025/2026/6200000000,planning,Provide transport service for Gicumbi District staff,ocid,ocds-ozzobm-P000045/2025/2026/6200000000
0.releases.765.relatedProcesses.0,0.releases.765,0,P000037/2025/2026/1500000000,planning,GYM and Fitness Services,ocid,ocds-ozzobm-P000037/2025/2026/1500000000
0.releases.766.relatedProcesses.0,0.releases.766,0,P000014/2023/2024/4700000000,planning,Annual  framework  for supply  of construction  materials   in Huye  district,ocid,ocds-ozzobm-P000014/2023/2024/4700000000
0.releases.767.relatedProcesses.0,0.releases.767,0,P000004/2025/2026/7000001001,planning,Purchase non medical supplies,ocid,ocds-ozzobm-P000004/2025/2026/7000001001
0.releases.768.relatedProcesses.0,0.releases.768,0,P000010/2025/2026/5100003001,planning,Purchase ICT equipment and Maintenance of electrical materials,ocid,ocds-ozzobm-P000010/2025/2026/5100003001
0.releases.769.relatedProcesses.0,0.releases.769,0,P000087/2023/2024/6300000000,planning,Upgrading of Cyuve Informal Settlement in Musanze City by Execution Works of Asphalt Roads.,ocid,ocds-ozzobm-P000087/2023/2024/6300000000
0.releases.770.relatedProcesses.0,0.releases.770,0,P000112/2025/2026/1417000000,planning,Provision of Insurance Packages for UR Long Term Assets,ocid,ocds-ozzobm-P000112/2025/2026/1417000000
0.releases.771.relatedProcesses.0,0.releases.771,0,P000112/2025/2026/1417000000,planning,Provision of Insurance Packages for UR Long Term Assets,ocid,ocds-ozzobm-P000112/2025/2026/1417000000
0.releases.772.relatedProcesses.0,0.releases.772,0,P000041/2025/2026/6100000000,planning,"provision  of reception services of Burera District during meeting, training, workshop and other events under framework agrement",ocid,ocds-ozzobm-P000041/2025/2026/6100000000
0.releases.773.relatedProcesses.0,0.releases.773,0,P000037/2025/2026/1500000000,planning,GYM and Fitness Services,ocid,ocds-ozzobm-P000037/2025/2026/1500000000
0.releases.774.relatedProcesses.0,0.releases.774,0,P000043/2025/2026/1903000000,planning,Framework Agreement for 3-Star Hotel Services,ocid,ocds-ozzobm-P000043/2025/2026/1903000000
0.releases.775.relatedProcesses.0,0.releases.775,0,P000007/2023/2024/0902000000,planning,"Tender for framework for acquisition of horticultural crop protection materials, tools, and inputs",ocid,ocds-ozzobm-P000007/2023/2024/0902000000
0.releases.776.relatedProcesses.0,0.releases.776,0,P000027/2024/2025/2306570000,planning,Provision of cleaning service,ocid,ocds-ozzobm-P000027/2024/2025/2306570000
0.releases.777.relatedProcesses.0,0.releases.777,0,P000037/2025/2026/1500000000,planning,GYM and Fitness Services,ocid,ocds-ozzobm-P000037/2025/2026/1500000000
0.releases.778.relatedProcesses.0,0.releases.778,0,P000037/2025/2026/1500000000,planning,GYM and Fitness Services,ocid,ocds-ozzobm-P000037/2025/2026/1500000000
0.releases.779.relatedProcesses.0,0.releases.779,0,P000016/2024/2025/8000000000,planning,Hiring a custodian for RSSB securities,ocid,ocds-ozzobm-P000016/2024/2025/8000000000
0.releases.780.relatedProcesses.0,0.releases.780,0,P000045/2025/2026/1804000000,planning,Supervision of remaining works for construction works of G+3 school project in Gasabo District,ocid,ocds-ozzobm-P000045/2025/2026/1804000000
0.releases.781.relatedProcesses.0,0.releases.781,0,P000023/2025/2026/1000000000,planning,"Feasibility Study on Fuel Storage Demand, Development of Storage Capacities and Basic Infrastructure in Ruhanga Strategic Fuel Reserve Zone",ocid,ocds-ozzobm-P000023/2025/2026/1000000000
0.releases.782.relatedProcesses.0,0.releases.782,0,P000023/2025/2026/1000000000,planning,"Feasibility Study on Fuel Storage Demand, Development of Storage Capacities and Basic Infrastructure in Ruhanga Strategic Fuel Reserve Zone",ocid,ocds-ozzobm-P000023/2025/2026/1000000000
0.releases.783.relatedProcesses.0,0.releases.783,0,P000097/2025/2026/0901000000,planning,Acquisition of GPS in RAB vehicles,ocid,ocds-ozzobm-P000097/2025/2026/0901000000
0.releases.784.relatedProcesses.0,0.releases.784,0,P000097/2025/2026/0901000000,planning,Acquisition of GPS in RAB vehicles,ocid,ocds-ozzobm-P000097/2025/2026/0901000000
0.releases.785.relatedProcesses.0,0.releases.785,0,P000075/2025/2026/0108000000,planning,supply of IT equipment under VCRP,ocid,ocds-ozzobm-P000075/2025/2026/0108000000
0.releases.786.relatedProcesses.0,0.releases.786,0,P000006/2025/2026/2304000000,planning,Acquisition of Hotel services,ocid,ocds-ozzobm-P000006/2025/2026/2304000000
0.releases.787.relatedProcesses.0,0.releases.787,0,P000016/2025/2026/0902000000,planning,Tender for the accreditation services for the Specialized Export Quality Infrastructure (SEQI),ocid,ocds-ozzobm-P000016/2025/2026/0902000000
0.releases.788.relatedProcesses.0,0.releases.788,0,P000093/2025/2026/1203000000,planning,"Provision of IT infrastructure and Cyber-security review, enhancement, automation of the DR site configurations and implementations of recommendations, advisory and trainings(framework contract)",ocid,ocds-ozzobm-P000093/2025/2026/1203000000
0.releases.789.relatedProcesses.0,0.releases.789,0,P000074/2025/2026/1800000000,planning,Recruitment of an Individual Consultant to support the development of a Virtual Property and Building Addressing System.,ocid,ocds-ozzobm-P000074/2025/2026/1800000000
0.releases.790.relatedProcesses.0,0.releases.790,0,P000074/2025/2026/1800000000,planning,Recruitment of an Individual Consultant to support the development of a Virtual Property and Building Addressing System.,ocid,ocds-ozzobm-P000074/2025/2026/1800000000
0.releases.791.relatedProcesses.0,0.releases.791,0,P000041/2025/2026/6100000000,planning,"provision  of reception services of Burera District during meeting, training, workshop and other events under framework agrement",ocid,ocds-ozzobm-P000041/2025/2026/6100000000
0.releases.792.relatedProcesses.0,0.releases.792,0,P000076/2025/2026/1417000000,planning,Supply and installation of laboratory equipment for Nyagatare Campus (re-advertized),ocid,ocds-ozzobm-P000076/2025/2026/1417000000
0.releases.793.relatedProcesses.0,0.releases.793,0,P000011/2025/2026/4100003001,planning,"Purchase uniform, curtain labelling and sport equipment",ocid,ocds-ozzobm-P000011/2025/2026/4100003001
0.releases.794.relatedProcesses.0,0.releases.794,0,P000076/2025/2026/1417000000,planning,Supply and installation of laboratory equipment for Nyagatare Campus (re-advertized),ocid,ocds-ozzobm-P000076/2025/2026/1417000000
0.releases.795.relatedProcesses.0,0.releases.795,0,P000008/2025/2026/4800000000,planning,Conduct full feasibility study of marshlands rehabilitation in Nyamagabe District,ocid,ocds-ozzobm-P000008/2025/2026/4800000000
0.releases.796.relatedProcesses.0,0.releases.796,0,P000020/2025/2026/6500003002,planning,Provision of Vehicles Maintenance,ocid,ocds-ozzobm-P000020/2025/2026/6500003002
0.releases.797.relatedProcesses.0,0.releases.797,0,P000006/2025/2026/2304000000,planning,Acquisition of Hotel services,ocid,ocds-ozzobm-P000006/2025/2026/2304000000
0.releases.798.relatedProcesses.0,0.releases.798,0,P000021/2025/2026/1000000000,planning,Hiring of the Construction Company to Construct Basic Infrastructure in Musanze Industrial Park,ocid,ocds-ozzobm-P000021/2025/2026/1000000000
0.releases.799.relatedProcesses.0,0.releases.799,0,P000021/2025/2026/1000000000,planning,Hiring of the Construction Company to Construct Basic Infrastructure in Musanze Industrial Park,ocid,ocds-ozzobm-P000021/2025/2026/1000000000
0.releases.800.relatedProcesses.0,0.releases.800,0,P000026/2025/2026/2300000000,planning,Tender for the  Airtime and space in different media platforms,ocid,ocds-ozzobm-P000026/2025/2026/2300000000
0.releases.801.relatedProcesses.0,0.releases.801,0,P000009/2025/2026/6500003002,planning,Provision of cleaning services,ocid,ocds-ozzobm-P000009/2025/2026/6500003002
0.releases.802.relatedProcesses.0,0.releases.802,0,P000045/2024/2025/1200000000,planning,Provision of Cleaning services for MINECOFIN buildings,ocid,ocds-ozzobm-P000045/2024/2025/1200000000
0.releases.803.relatedProcesses.0,0.releases.803,0,P000009/2025/2026/6500003002,planning,Provision of cleaning services,ocid,ocds-ozzobm-P000009/2025/2026/6500003002
0.releases.804.relatedProcesses.0,0.releases.804,0,P000020/2025/2026/6500003002,planning,Provision of Vehicles Maintenance,ocid,ocds-ozzobm-P000020/2025/2026/6500003002
0.releases.805.relatedProcesses.0,0.releases.805,0,P000063/2025/2026/5900000000,planning,Execution work for  Rehabilitatation and upgrading Yove Health Center,ocid,ocds-ozzobm-P000063/2025/2026/5900000000
0.releases.806.relatedProcesses.0,0.releases.806,0,P000095/2025/2026/0702000000,planning,Acquisition of foodstuff for trainees and trainers at RCS training school,ocid,ocds-ozzobm-P000095/2025/2026/0702000000
0.releases.807.relatedProcesses.0,0.releases.807,0,P000027/2025/2026/6100000000,planning,Supervision of construction of construction of 21 classrooms & 85 altrines,ocid,ocds-ozzobm-P000027/2025/2026/6100000000
0.releases.808.relatedProcesses.0,0.releases.808,0,P000092/2025/2026/1400000000,planning,Provision of  vehicle Insurance,ocid,ocds-ozzobm-P000092/2025/2026/1400000000
0.releases.809.relatedProcesses.0,0.releases.809,0,P000054/2025/2026/6100000000,planning,Supervision of Rehabilitation and construction of Cyanika health center,ocid,ocds-ozzobm-P000054/2025/2026/6100000000
0.releases.810.relatedProcesses.0,0.releases.810,0,P000101/2025/2026/0702000000,planning,"Acquisition of curtain Nyarugenge CF, Nyamasheke CF and Nyamagabe CF",ocid,ocds-ozzobm-P000101/2025/2026/0702000000
0.releases.811.relatedProcesses.0,0.releases.811,0,P000018/2023/2024/0400000000,planning,Sports and recreational facilities and services,ocid,ocds-ozzobm-P000018/2023/2024/0400000000
0.releases.812.relatedProcesses.0,0.releases.812,0,P000018/2023/2024/0400000000,planning,Sports and recreational facilities and services,ocid,ocds-ozzobm-P000018/2023/2024/0400000000
0.releases.813.relatedProcesses.0,0.releases.813,0,P000020/2025/2026/6500003002,planning,Provision of Vehicles Maintenance,ocid,ocds-ozzobm-P000020/2025/2026/6500003002
0.releases.814.relatedProcesses.0,0.releases.814,0,P000018/2023/2024/0400000000,planning,Sports and recreational facilities and services,ocid,ocds-ozzobm-P000018/2023/2024/0400000000
0.releases.815.relatedProcesses.0,0.releases.815,0,P000018/2023/2024/0400000000,planning,Sports and recreational facilities and services,ocid,ocds-ozzobm-P000018/2023/2024/0400000000
0.releases.816.relatedProcesses.0,0.releases.816,0,P000020/2025/2026/6500003002,planning,Provision of Vehicles Maintenance,ocid,ocds-ozzobm-P000020/2025/2026/6500003002
0.releases.817.relatedProcesses.0,0.releases.817,0,P000018/2023/2024/0400000000,planning,Sports and recreational facilities and services,ocid,ocds-ozzobm-P000018/2023/2024/0400000000
0.releases.818.relatedProcesses.0,0.releases.818,0,P000018/2023/2024/0400000000,planning,Sports and recreational facilities and services,ocid,ocds-ozzobm-P000018/2023/2024/0400000000
0.releases.819.relatedProcesses.0,0.releases.819,0,P000059/2025/2026/0702000000,planning,Acquisition of raw materials for fabrication of sauce pan,ocid,ocds-ozzobm-P000059/2025/2026/0702000000
0.releases.820.relatedProcesses.0,0.releases.820,0,P000006/2025/2026/6500003002,planning,Supply of Smart water tank,ocid,ocds-ozzobm-P000006/2025/2026/6500003002
0.releases.821.relatedProcesses.0,0.releases.821,0,P000092/2025/2026/1400000000,planning,Provision of  vehicle Insurance,ocid,ocds-ozzobm-P000092/2025/2026/1400000000
0.releases.822.relatedProcesses.0,0.releases.822,0,P000027/2025/2026/4300000000,planning,Supply of VUP Productive Asset Transfer (Tool Kts),ocid,ocds-ozzobm-P000027/2025/2026/4300000000
0.releases.823.relatedProcesses.0,0.releases.823,0,P000231/2024/2025/1804000000,planning,Provision of Insurance Service for Government Buildings,ocid,ocds-ozzobm-P000231/2024/2025/1804000000
0.releases.824.relatedProcesses.0,0.releases.824,0,P000032/2025/2026/0200000000,planning,Maintenance and repair of photocopying machines,ocid,ocds-ozzobm-P000032/2025/2026/0200000000
0.releases.825.relatedProcesses.0,0.releases.825,0,P000023/2025/2026/0200000000,planning,Supplying and installation of conference screen monitor,ocid,ocds-ozzobm-P000023/2025/2026/0200000000
0.releases.826.relatedProcesses.0,0.releases.826,0,P000193/2024/2025/1804000000,planning,"Construction works of ECDs centers in Ngororero, Nyamagabe,Nyaruguru, Ruhango and Huye District",ocid,ocds-ozzobm-P000193/2024/2025/1804000000
0.releases.827.relatedProcesses.0,0.releases.827,0,P000193/2024/2025/1804000000,planning,"Construction works of ECDs centers in Ngororero, Nyamagabe,Nyaruguru, Ruhango and Huye District",ocid,ocds-ozzobm-P000193/2024/2025/1804000000
0.releases.828.relatedProcesses.0,0.releases.828,0,P000231/2024/2025/1804000000,planning,Provision of Insurance Service for Government Buildings,ocid,ocds-ozzobm-P000231/2024/2025/1804000000
0.releases.829.relatedProcesses.0,0.releases.829,0,P000020/2024/2025/1200000000,planning,"Provision of Venue for Meetings, Conferences and Accommodation",ocid,ocds-ozzobm-P000020/2024/2025/1200000000
0.releases.830.relatedProcesses.0,0.releases.830,0,P000026/2023/2024/4000000000,planning,ANNUAL PROVISION OF MANPOWER SERVICES TO NGOMA DISTRICT,ocid,ocds-ozzobm-P000026/2023/2024/4000000000
0.releases.831.relatedProcesses.0,0.releases.831,0,P000011/2025/2026/1402000000,planning,SPORTS AND RECREATION SERVICES,ocid,ocds-ozzobm-P000011/2025/2026/1402000000
0.releases.832.relatedProcesses.0,0.releases.832,0,P000011/2025/2026/1402000000,planning,SPORTS AND RECREATION SERVICES,ocid,ocds-ozzobm-P000011/2025/2026/1402000000
0.releases.833.relatedProcesses.0,0.releases.833,0,P000005/2025/2026/1903001002,planning,Tender for hiring a Consulting  Firm to audit disposition funds for the ICT facility project,ocid,ocds-ozzobm-P000005/2025/2026/1903001002
0.releases.834.relatedProcesses.0,0.releases.834,0,P000166/2024/2025/1605000000,planning,Supervision of construction works of ECD centres,ocid,ocds-ozzobm-P000166/2024/2025/1605000000
0.releases.835.relatedProcesses.0,0.releases.835,0,P000090/2024/2025/0701000000,planning,SERVICE FOR MAINTENANCE OF ELEVATOR LIFT FOR RNP ON FRAMEWORK AGREEMENT,ocid,ocds-ozzobm-P000090/2024/2025/0701000000
0.releases.836.relatedProcesses.0,0.releases.836,0,P000018/2024/2025/1421000000,planning,"Hiring broadcasting media houses to provide NESA with Radio ,television and online services ( Under Framework contract)",ocid,ocds-ozzobm-P000018/2024/2025/1421000000
0.releases.837.relatedProcesses.0,0.releases.837,0,P000166/2024/2025/1605000000,planning,Supervision of construction works of ECD centres,ocid,ocds-ozzobm-P000166/2024/2025/1605000000
0.releases.838.relatedProcesses.0,0.releases.838,0,P000020/2024/2025/0701000000,planning,SUPPLY OF SOLAR HOME SYSTEMS & ACCESSORIES AND INSTALLATION ON FRAMEWORK AGREEMENT,ocid,ocds-ozzobm-P000020/2024/2025/0701000000
0.releases.839.relatedProcesses.0,0.releases.839,0,P000013/2024/2025/0701000000,planning,PROVISION OF DIFFERENT SERVICES FOR PUBLIC RELATIONS (branding material) ON FRAMEWORK AGREEMENT,ocid,ocds-ozzobm-P000013/2024/2025/0701000000
0.releases.840.relatedProcesses.0,0.releases.840,0,P000018/2024/2025/1421000000,planning,"Hiring broadcasting media houses to provide NESA with Radio ,television and online services ( Under Framework contract)",ocid,ocds-ozzobm-P000018/2024/2025/1421000000
0.releases.841.relatedProcesses.0,0.releases.841,0,P000018/2024/2025/1421000000,planning,"Hiring broadcasting media houses to provide NESA with Radio ,television and online services ( Under Framework contract)",ocid,ocds-ozzobm-P000018/2024/2025/1421000000
0.releases.842.relatedProcesses.0,0.releases.842,0,P000019/2022/2023/4500003001,planning,Hotel services,ocid,ocds-ozzobm-P000019/2022/2023/4500003001
0.releases.843.relatedProcesses.0,0.releases.843,0,P000018/2024/2025/1421000000,planning,"Hiring broadcasting media houses to provide NESA with Radio ,television and online services ( Under Framework contract)",ocid,ocds-ozzobm-P000018/2024/2025/1421000000
0.releases.844.relatedProcesses.0,0.releases.844,0,P000038/2023/2024/4500003001,planning,Cleaning services,ocid,ocds-ozzobm-P000038/2023/2024/4500003001
0.releases.845.relatedProcesses.0,0.releases.845,0,P000021/2023/2024/4500003001,planning,Rehabilitation hospital buildings,ocid,ocds-ozzobm-P000021/2023/2024/4500003001
0.releases.846.relatedProcesses.0,0.releases.846,0,P000050/2025/2026/6100000000,planning,Construction of 3 ECD Classroom and Rehabilitation of 1 ECD Classroom under Revenue sharing Program,ocid,ocds-ozzobm-P000050/2025/2026/6100000000
0.releases.847.relatedProcesses.0,0.releases.847,0,P000006/2025/2026/6500003002,planning,Supply of Smart water tank,ocid,ocds-ozzobm-P000006/2025/2026/6500003002
0.releases.848.relatedProcesses.0,0.releases.848,0,P000132/2025/2026/1417000000,planning,Swimming subscription for Teaching physical education and sports,ocid,ocds-ozzobm-P000132/2025/2026/1417000000
0.releases.849.relatedProcesses.0,0.releases.849,0,P000026/2025/2026/2300000000,planning,Tender for the  Airtime and space in different media platforms,ocid,ocds-ozzobm-P000026/2025/2026/2300000000
0.releases.850.relatedProcesses.0,0.releases.850,0,P000026/2025/2026/2300000000,planning,Tender for the  Airtime and space in different media platforms,ocid,ocds-ozzobm-P000026/2025/2026/2300000000
0.releases.851.relatedProcesses.0,0.releases.851,0,P000026/2025/2026/2300000000,planning,Tender for the  Airtime and space in different media platforms,ocid,ocds-ozzobm-P000026/2025/2026/2300000000
0.releases.852.relatedProcesses.0,0.releases.852,0,P000026/2025/2026/2300000000,planning,Tender for the  Airtime and space in different media platforms,ocid,ocds-ozzobm-P000026/2025/2026/2300000000
0.releases.853.relatedProcesses.0,0.releases.853,0,P000026/2025/2026/2300000000,planning,Tender for the  Airtime and space in different media platforms,ocid,ocds-ozzobm-P000026/2025/2026/2300000000
0.releases.854.relatedProcesses.0,0.releases.854,0,P000026/2025/2026/2300000000,planning,Tender for the  Airtime and space in different media platforms,ocid,ocds-ozzobm-P000026/2025/2026/2300000000
0.releases.855.relatedProcesses.0,0.releases.855,0,P000026/2025/2026/2300000000,planning,Tender for the  Airtime and space in different media platforms,ocid,ocds-ozzobm-P000026/2025/2026/2300000000
0.releases.856.relatedProcesses.0,0.releases.856,0,P000015/2025/2026/1500000000,planning,Supply of refreshment for Minisports Leadership,ocid,ocds-ozzobm-P000015/2025/2026/1500000000
0.releases.857.relatedProcesses.0,0.releases.857,0,P000023/2024/2025/2304000000,planning,Provision of sport and recreation facilities services,ocid,ocds-ozzobm-P000023/2024/2025/2304000000
0.releases.858.relatedProcesses.0,0.releases.858,0,P000023/2024/2025/2304000000,planning,Provision of sport and recreation facilities services,ocid,ocds-ozzobm-P000023/2024/2025/2304000000
0.releases.859.relatedProcesses.0,0.releases.859,0,P000026/2025/2026/2300000000,planning,Tender for the  Airtime and space in different media platforms,ocid,ocds-ozzobm-P000026/2025/2026/2300000000
0.releases.860.relatedProcesses.0,0.releases.860,0,P000026/2025/2026/2300000000,planning,Tender for the  Airtime and space in different media platforms,ocid,ocds-ozzobm-P000026/2025/2026/2300000000
0.releases.861.relatedProcesses.0,0.releases.861,0,P000023/2024/2025/2304000000,planning,Provision of sport and recreation facilities services,ocid,ocds-ozzobm-P000023/2024/2025/2304000000
0.releases.862.relatedProcesses.0,0.releases.862,0,P000005/2023/2024/2300000000,planning,Tender for Acquisition of printing consumables and office stationaries,ocid,ocds-ozzobm-P000005/2023/2024/2300000000
0.releases.863.relatedProcesses.0,0.releases.863,0,P000005/2024/2025/2300000000,planning,Tender for Acquisition of gifts and awards,ocid,ocds-ozzobm-P000005/2024/2025/2300000000
0.releases.864.relatedProcesses.0,0.releases.864,0,P000005/2024/2025/2300000000,planning,Tender for Acquisition of gifts and awards,ocid,ocds-ozzobm-P000005/2024/2025/2300000000
0.releases.865.relatedProcesses.0,0.releases.865,0,P000018/2024/2025/1421000000,planning,"Hiring broadcasting media houses to provide NESA with Radio ,television and online services ( Under Framework contract)",ocid,ocds-ozzobm-P000018/2024/2025/1421000000
0.releases.866.relatedProcesses.0,0.releases.866,0,P000018/2024/2025/1421000000,planning,"Hiring broadcasting media houses to provide NESA with Radio ,television and online services ( Under Framework contract)",ocid,ocds-ozzobm-P000018/2024/2025/1421000000
0.releases.867.relatedProcesses.0,0.releases.867,0,P000016/2025/2026/6700003001,planning,FRAMEWORK AGREEMENT FOR SUPPLY CONSUMMABLES and PRINTING.,ocid,ocds-ozzobm-P000016/2025/2026/6700003001
0.releases.868.relatedProcesses.0,0.releases.868,0,P000016/2025/2026/1412008000,planning,Supply of small tools and consumables in Irrigation and drainage  Technology department,ocid,ocds-ozzobm-P000016/2025/2026/1412008000
0.releases.869.relatedProcesses.0,0.releases.869,0,P000016/2025/2026/1412008000,planning,Supply of small tools and consumables in Irrigation and drainage  Technology department,ocid,ocds-ozzobm-P000016/2025/2026/1412008000
0.releases.870.relatedProcesses.0,0.releases.870,0,P000092/2025/2026/1400000000,planning,Provision of  vehicle Insurance,ocid,ocds-ozzobm-P000092/2025/2026/1400000000
0.releases.871.relatedProcesses.0,0.releases.871,0,P000010/2023/2024/2300000000,planning,Tender related to the supply of Inyange products,ocid,ocds-ozzobm-P000010/2023/2024/2300000000
0.releases.872.relatedProcesses.0,0.releases.872,0,P000060/2023/2024/6500000000,planning,"Supervision of Production of quality tree seedlings, Afforestation, Reforestation, Agroforestry plantation and Fruit seedlings supply to the community in GAKENKE DISTRICT",ocid,ocds-ozzobm-P000060/2023/2024/6500000000
0.releases.873.relatedProcesses.0,0.releases.873,0,P000027/2025/2026/6100000000,planning,Supervision of construction of construction of 21 classrooms & 85 altrines,ocid,ocds-ozzobm-P000027/2025/2026/6100000000
0.releases.874.relatedProcesses.0,0.releases.874,0,P000023/2024/2025/2304000000,planning,Provision of sport and recreation facilities services,ocid,ocds-ozzobm-P000023/2024/2025/2304000000
0.releases.875.relatedProcesses.0,0.releases.875,0,P000091/2023/2024/0901001015,planning,Recruiting consultant to carry out feasibility and detailed design study for rehabilitation and improvement of Nyarubogo marshland (150ha),ocid,ocds-ozzobm-P000091/2023/2024/0901001015
0.releases.876.relatedProcesses.0,0.releases.876,0,P000091/2023/2024/0901001015,planning,Recruiting consultant to carry out feasibility and detailed design study for rehabilitation and improvement of Nyarubogo marshland (150ha),ocid,ocds-ozzobm-P000091/2023/2024/0901001015
0.releases.877.relatedProcesses.0,0.releases.877,0,P000062/2025/2026/0108000000,planning,Hiring a professional service compny to provide translation services,ocid,ocds-ozzobm-P000062/2025/2026/0108000000
0.releases.878.relatedProcesses.0,0.releases.878,0,P000014/2024/2025/2314000000,planning,NCPD Cleaning services,ocid,ocds-ozzobm-P000014/2024/2025/2314000000
0.releases.879.relatedProcesses.0,0.releases.879,0,P000009/2025/2026/0901001017,planning,Supervision of Rehabilitation MCCs,ocid,ocds-ozzobm-P000009/2025/2026/0901001017
0.releases.880.relatedProcesses.0,0.releases.880,0,P000052/2025/2026/5900000000,planning,Decoration services for Nyamasheke District events,ocid,ocds-ozzobm-P000052/2025/2026/5900000000
0.releases.881.relatedProcesses.0,0.releases.881,0,P000052/2025/2026/5900000000,planning,Decoration services for Nyamasheke District events,ocid,ocds-ozzobm-P000052/2025/2026/5900000000
0.releases.882.relatedProcesses.0,0.releases.882,0,P000036/2025/2026/1500000000,planning,Transport services for staff,ocid,ocds-ozzobm-P000036/2025/2026/1500000000
0.releases.883.relatedProcesses.0,0.releases.883,0,P000107/2024/2025/1400000000,planning,Supply of Assistive Devices and Hygienic materials for students with disabilities,ocid,ocds-ozzobm-P000107/2024/2025/1400000000
0.releases.884.relatedProcesses.0,0.releases.884,0,P000107/2024/2025/1400000000,planning,Supply of Assistive Devices and Hygienic materials for students with disabilities,ocid,ocds-ozzobm-P000107/2024/2025/1400000000
0.releases.885.relatedProcesses.0,0.releases.885,0,P000004/2025/2026/2001000000,planning,Supply and installation of Office furniture for period of 4 months,ocid,ocds-ozzobm-P000004/2025/2026/2001000000
0.releases.886.relatedProcesses.0,0.releases.886,0,P000132/2025/2026/1417000000,planning,Swimming subscription for Teaching physical education and sports,ocid,ocds-ozzobm-P000132/2025/2026/1417000000
0.releases.887.relatedProcesses.0,0.releases.887,0,P000112/2025/2026/1417000000,planning,Provision of Insurance Packages for UR Long Term Assets,ocid,ocds-ozzobm-P000112/2025/2026/1417000000
0.releases.888.relatedProcesses.0,0.releases.888,0,P000084/2025/2026/6300000000,planning,Construction of Adeper-GS Muhoza-Bralirwa asphalt road,ocid,ocds-ozzobm-P000084/2025/2026/6300000000
0.releases.889.relatedProcesses.0,0.releases.889,0,P000001/2025/2026/8500000000,planning,Supply of office stationary,ocid,ocds-ozzobm-P000001/2025/2026/8500000000
0.releases.890.relatedProcesses.0,0.releases.890,0,P000053/2025/2026/1806000000,planning,Provision of clearing and forwarding services under framework,ocid,ocds-ozzobm-P000053/2025/2026/1806000000
0.releases.891.relatedProcesses.0,0.releases.891,0,P000050/2025/2026/6100000000,planning,Construction of 3 ECD Classroom and Rehabilitation of 1 ECD Classroom under Revenue sharing Program,ocid,ocds-ozzobm-P000050/2025/2026/6100000000
0.releases.892.relatedProcesses.0,0.releases.892,0,P000056/2025/2026/6100000000,planning,Maintenance of road in Burera District,ocid,ocds-ozzobm-P000056/2025/2026/6100000000
0.releases.893.relatedProcesses.0,0.releases.893,0,P000032/2025/2026/1204000000,planning,"Tender for Supply of refreshments and beverages to RPPA(clean drinking water, milk and juice)",ocid,ocds-ozzobm-P000032/2025/2026/1204000000
0.releases.894.relatedProcesses.0,0.releases.894,0,P000019/2024/2025/2314000000,planning,Tender for Acquisition of office refreshment,ocid,ocds-ozzobm-P000019/2024/2025/2314000000
0.releases.895.relatedProcesses.0,0.releases.895,0,P000002/2022/2023/2308000000,planning,Hiring vehicles for transport service,ocid,ocds-ozzobm-P000002/2022/2023/2308000000
0.releases.896.relatedProcesses.0,0.releases.896,0,P000034/2025/2026/6100000000,planning,Insemination and vaccination,ocid,ocds-ozzobm-P000034/2025/2026/6100000000
0.releases.897.relatedProcesses.0,0.releases.897,0,P000016/2025/2026/4700003001,planning,500lph Drinking Water Purification Plant,ocid,ocds-ozzobm-P000016/2025/2026/4700003001
0.releases.898.relatedProcesses.0,0.releases.898,0,P000055/2025/2026/3100000000,planning,Supply of MINUBUMWE Stationary under framework contract,ocid,ocds-ozzobm-P000055/2025/2026/3100000000
0.releases.899.relatedProcesses.0,0.releases.899,0,P000055/2025/2026/3100000000,planning,Supply of MINUBUMWE Stationary under framework contract,ocid,ocds-ozzobm-P000055/2025/2026/3100000000
0.releases.900.relatedProcesses.0,0.releases.900,0,P000063/2024/2025/1802000000,planning,Urgent works of rehabilitation /Repair of damaged Road Sections Located on Kitabi -Shaba-Muganza Tea Factory and Muganza Tea Factory -Kibeho Unpaved District  Road under Design and Build Approach,ocid,ocds-ozzobm-P000063/2024/2025/1802000000
0.releases.901.relatedProcesses.0,0.releases.901,0,P000054/2025/2026/6100000000,planning,Supervision of Rehabilitation and construction of Cyanika health center,ocid,ocds-ozzobm-P000054/2025/2026/6100000000
0.releases.902.relatedProcesses.0,0.releases.902,0,P000008/2025/2026/5700000000,planning,Maintenance of Sound System,ocid,ocds-ozzobm-P000008/2025/2026/5700000000
0.releases.903.relatedProcesses.0,0.releases.903,0,P000008/2025/2026/5700000000,planning,Maintenance of Sound System,ocid,ocds-ozzobm-P000008/2025/2026/5700000000
0.releases.904.relatedProcesses.0,0.releases.904,0,P000085/2023/2024/1605000000,planning,"Tender for airing Radio/TV programs, and adverts, and announcement",ocid,ocds-ozzobm-P000085/2023/2024/1605000000
0.releases.905.relatedProcesses.0,0.releases.905,0,P000037/2025/2026/0800000000,planning,Insurance of minaffet vip cars,ocid,ocds-ozzobm-P000037/2025/2026/0800000000
0.releases.906.relatedProcesses.0,0.releases.906,0,P000085/2023/2024/1605000000,planning,"Tender for airing Radio/TV programs, and adverts, and announcement",ocid,ocds-ozzobm-P000085/2023/2024/1605000000
0.releases.907.relatedProcesses.0,0.releases.907,0,P000085/2023/2024/1605000000,planning,"Tender for airing Radio/TV programs, and adverts, and announcement",ocid,ocds-ozzobm-P000085/2023/2024/1605000000
0.releases.908.relatedProcesses.0,0.releases.908,0,P000085/2023/2024/1605000000,planning,"Tender for airing Radio/TV programs, and adverts, and announcement",ocid,ocds-ozzobm-P000085/2023/2024/1605000000
0.releases.909.relatedProcesses.0,0.releases.909,0,P000085/2023/2024/1605000000,planning,"Tender for airing Radio/TV programs, and adverts, and announcement",ocid,ocds-ozzobm-P000085/2023/2024/1605000000
0.releases.910.relatedProcesses.0,0.releases.910,0,P000085/2023/2024/1605000000,planning,"Tender for airing Radio/TV programs, and adverts, and announcement",ocid,ocds-ozzobm-P000085/2023/2024/1605000000
0.releases.911.relatedProcesses.0,0.releases.911,0,P000015/2025/2026/1602000000,planning,Supply of Hemodialysis consumables for NIPPRO Machines/ Medical consumables,ocid,ocds-ozzobm-P000015/2025/2026/1602000000
0.releases.912.relatedProcesses.0,0.releases.912,0,P000085/2023/2024/1605000000,planning,"Tender for airing Radio/TV programs, and adverts, and announcement",ocid,ocds-ozzobm-P000085/2023/2024/1605000000
0.releases.913.relatedProcesses.0,0.releases.913,0,P000085/2023/2024/1605000000,planning,"Tender for airing Radio/TV programs, and adverts, and announcement",ocid,ocds-ozzobm-P000085/2023/2024/1605000000
0.releases.914.relatedProcesses.0,0.releases.914,0,P000101/2025/2026/0702000000,planning,"Acquisition of curtain Nyarugenge CF, Nyamasheke CF and Nyamagabe CF",ocid,ocds-ozzobm-P000101/2025/2026/0702000000
0.releases.915.relatedProcesses.0,0.releases.915,0,P000001/2025/2026/0113000000,planning,Tender for supply of office furniture for RAEB,ocid,ocds-ozzobm-P000001/2025/2026/0113000000
0.releases.916.relatedProcesses.0,0.releases.916,0,P000096/2025/2026/0702000000,planning,Acquisition of water pump for RCS Headquarters,ocid,ocds-ozzobm-P000096/2025/2026/0702000000
0.releases.917.relatedProcesses.0,0.releases.917,0,P000026/2025/2026/1903000000,planning,Framework agreement to supply all in one desktops,ocid,ocds-ozzobm-P000026/2025/2026/1903000000
0.releases.918.relatedProcesses.0,0.releases.918,0,P000057/2025/2026/1903000000,planning,"A framework contract for supplying Uninterruptible Power Supplies (UPSs of 1KVA, 6KVA and 60KVA) for Government institutions",ocid,ocds-ozzobm-P000057/2025/2026/1903000000
0.releases.919.relatedProcesses.0,0.releases.919,0,P000026/2025/2026/2300000000,planning,Tender for the  Airtime and space in different media platforms,ocid,ocds-ozzobm-P000026/2025/2026/2300000000
0.releases.920.relatedProcesses.0,0.releases.920,0,P000026/2025/2026/2300000000,planning,Tender for the  Airtime and space in different media platforms,ocid,ocds-ozzobm-P000026/2025/2026/2300000000
0.releases.921.relatedProcesses.0,0.releases.921,0,P000086/2025/2026/5500000000,planning,"Providing insurance of assets of Nyabihu District (Motorcycles, motor vehicles & buildings",ocid,ocds-ozzobm-P000086/2025/2026/5500000000
0.releases.922.relatedProcesses.0,0.releases.922,0,P000086/2025/2026/5500000000,planning,"Providing insurance of assets of Nyabihu District (Motorcycles, motor vehicles & buildings",ocid,ocds-ozzobm-P000086/2025/2026/5500000000
0.releases.923.relatedProcesses.0,0.releases.923,0,P000086/2025/2026/5500000000,planning,"Providing insurance of assets of Nyabihu District (Motorcycles, motor vehicles & buildings",ocid,ocds-ozzobm-P000086/2025/2026/5500000000
0.releases.924.relatedProcesses.0,0.releases.924,0,P000086/2025/2026/5500000000,planning,"Providing insurance of assets of Nyabihu District (Motorcycles, motor vehicles & buildings",ocid,ocds-ozzobm-P000086/2025/2026/5500000000
0.releases.925.relatedProcesses.0,0.releases.925,0,P000231/2024/2025/1804000000,planning,Provision of Insurance Service for Government Buildings,ocid,ocds-ozzobm-P000231/2024/2025/1804000000
0.releases.926.relatedProcesses.0,0.releases.926,0,P000010/2025/2026/1808000000,planning,"Supervision  for Construction works of 16 latrines for schools, public places and health facilities in  Karongi, Rutsiro,Gatsibo,Kayonza  Districts",ocid,ocds-ozzobm-P000010/2025/2026/1808000000
0.releases.927.relatedProcesses.0,0.releases.927,0,P000009/2025/2026/1808000000,planning,"Supervision  for Construction works of 16 latrines for schools, public places and health facilities in Huye,Gisagara,Nyaruguru, Gicumbi  Districts",ocid,ocds-ozzobm-P000009/2025/2026/1808000000
0.releases.928.relatedProcesses.0,0.releases.928,0,P000031/2025/2026/1412008000,planning,Provision of cleaning services,ocid,ocds-ozzobm-P000031/2025/2026/1412008000
0.releases.929.relatedProcesses.0,0.releases.929,0,P000024/2024/2025/1808000000,planning,Supply water meters,ocid,ocds-ozzobm-P000024/2024/2025/1808000000
0.releases.930.relatedProcesses.0,0.releases.930,0,P000034/2025/2026/6100000000,planning,Insemination and vaccination,ocid,ocds-ozzobm-P000034/2025/2026/6100000000
0.releases.931.relatedProcesses.0,0.releases.931,0,P000092/2025/2026/1400000000,planning,Provision of  vehicle Insurance,ocid,ocds-ozzobm-P000092/2025/2026/1400000000
0.releases.932.relatedProcesses.0,0.releases.932,0,P000028/2025/2026/1420000000,planning,"Provision of Media Services to RTB (Radios, Televisions and Social media services)",ocid,ocds-ozzobm-P000028/2025/2026/1420000000
0.releases.933.relatedProcesses.0,0.releases.933,0,P000075/2025/2026/0400000000,planning,Repair and replacement of car shelter tents,ocid,ocds-ozzobm-P000075/2025/2026/0400000000
0.releases.934.relatedProcesses.0,0.releases.934,0,P000028/2025/2026/1420000000,planning,"Provision of Media Services to RTB (Radios, Televisions and Social media services)",ocid,ocds-ozzobm-P000028/2025/2026/1420000000
0.releases.935.relatedProcesses.0,0.releases.935,0,P000075/2025/2026/0400000000,planning,Repair and replacement of car shelter tents,ocid,ocds-ozzobm-P000075/2025/2026/0400000000
0.releases.936.relatedProcesses.0,0.releases.936,0,P000087/2023/2024/6300000000,planning,Upgrading of Cyuve Informal Settlement in Musanze City by Execution Works of Asphalt Roads.,ocid,ocds-ozzobm-P000087/2023/2024/6300000000
0.releases.937.relatedProcesses.0,0.releases.937,0,P000034/2025/2026/6100000000,planning,Insemination and vaccination,ocid,ocds-ozzobm-P000034/2025/2026/6100000000
0.releases.938.relatedProcesses.0,0.releases.938,0,P000014/2025/2026/0108000000,planning,Hiring a firm to supply uniforms to park staff,ocid,ocds-ozzobm-P000014/2025/2026/0108000000
0.releases.939.relatedProcesses.0,0.releases.939,0,P000046/2025/2026/1200000000,planning,Recruitment Services for Hiring of MINECOFIN Gym Attendant,ocid,ocds-ozzobm-P000046/2025/2026/1200000000
0.releases.940.relatedProcesses.0,0.releases.940,0,P000037/2025/2026/1808000000,planning,Feasibility and Detailed Design for the Rehabilitation and Upgrading of Kimisagara WTP,ocid,ocds-ozzobm-P000037/2025/2026/1808000000
0.releases.941.relatedProcesses.0,0.releases.941,0,P000038/2025/2026/1808000000,planning,Feasibility and Detailed Design for the Rehabilitation and Upgrading of Kimisagara WTP,ocid,ocds-ozzobm-P000038/2025/2026/1808000000
0.releases.942.relatedProcesses.0,0.releases.942,0,P000017/2025/2026/1412008000,planning,Supply of small tools and consumables in Agri Mechanization Technology department,ocid,ocds-ozzobm-P000017/2025/2026/1412008000
0.releases.943.relatedProcesses.0,0.releases.943,0,P000017/2025/2026/1412008000,planning,Supply of small tools and consumables in Agri Mechanization Technology department,ocid,ocds-ozzobm-P000017/2025/2026/1412008000
0.releases.944.relatedProcesses.0,0.releases.944,0,P000026/2025/2026/2300000000,planning,Tender for the  Airtime and space in different media platforms,ocid,ocds-ozzobm-P000026/2025/2026/2300000000
0.releases.945.relatedProcesses.0,0.releases.945,0,P000001/2025/2026/1412008000,planning,Supply of tools and training consumables for Masonry in RP Gishari College,ocid,ocds-ozzobm-P000001/2025/2026/1412008000
0.releases.946.relatedProcesses.0,0.releases.946,0,P000020/2025/2026/0701000000,planning,SERVICE OF ADVERTISEMENT IN LOCAL DAILY ELECTRONIC MAGAZINE  ON FRAMEWORK AGREEMENT,ocid,ocds-ozzobm-P000020/2025/2026/0701000000
0.releases.947.relatedProcesses.0,0.releases.947,0,P000032/2025/2026/1204000000,planning,"Tender for Supply of refreshments and beverages to RPPA(clean drinking water, milk and juice)",ocid,ocds-ozzobm-P000032/2025/2026/1204000000
0.releases.948.relatedProcesses.0,0.releases.948,0,P000011/2023/2024/1204000000,planning,Provide Services of codification and engraving of RPPA Assets,ocid,ocds-ozzobm-P000011/2023/2024/1204000000
0.releases.949.relatedProcesses.0,0.releases.949,0,P000032/2025/2026/0200000000,planning,Maintenance and repair of photocopying machines,ocid,ocds-ozzobm-P000032/2025/2026/0200000000
0.releases.950.relatedProcesses.0,0.releases.950,0,P000026/2024/2025/4200003002,planning,Repair and maintain hospital Incinerator and spare parts,ocid,ocds-ozzobm-P000026/2024/2025/4200003002
0.releases.951.relatedProcesses.0,0.releases.951,0,P000069/2024/2025/4200000000,planning,Construction works for improving capacity of water spring and extension of Gihengeri Water Supply System to Nyabiheke Refugee Camp,ocid,ocds-ozzobm-P000069/2024/2025/4200000000
0.releases.952.relatedProcesses.0,0.releases.952,0,P000024/2025/2026/1412008000,planning,Provision of Hotel Services in zone of  Rwamagana and  Kayonza,ocid,ocds-ozzobm-P000024/2025/2026/1412008000
0.releases.953.relatedProcesses.0,0.releases.953,0,P000024/2025/2026/1412008000,planning,Provision of Hotel Services in zone of  Rwamagana and  Kayonza,ocid,ocds-ozzobm-P000024/2025/2026/1412008000
0.releases.954.relatedProcesses.0,0.releases.954,0,P000023/2024/2025/2304000000,planning,Provision of sport and recreation facilities services,ocid,ocds-ozzobm-P000023/2024/2025/2304000000
0.releases.955.relatedProcesses.0,0.releases.955,0,P000008/2025/2026/5400000000,planning,Annual framework tender for supply of food stuffs and other materials for transit center in Rusizi District,ocid,ocds-ozzobm-P000008/2025/2026/5400000000
0.releases.956.relatedProcesses.0,0.releases.956,0,P000084/2025/2026/6300000000,planning,Construction of Adeper-GS Muhoza-Bralirwa asphalt road,ocid,ocds-ozzobm-P000084/2025/2026/6300000000
0.releases.957.relatedProcesses.0,0.releases.957,0,P000008/2025/2026/5400000000,planning,Annual framework tender for supply of food stuffs and other materials for transit center in Rusizi District,ocid,ocds-ozzobm-P000008/2025/2026/5400000000
0.releases.958.relatedProcesses.0,0.releases.958,0,P000029/2025/2026/4100000000,planning,Construction of Nyamata Health Center,ocid,ocds-ozzobm-P000029/2025/2026/4100000000
0.releases.959.relatedProcesses.0,0.releases.959,0,P000001/2025/2026/1412008000,planning,Supply of tools and training consumables for Masonry in RP Gishari College,ocid,ocds-ozzobm-P000001/2025/2026/1412008000
0.releases.960.relatedProcesses.0,0.releases.960,0,P000023/2025/2026/0200000000,planning,Supplying and installation of conference screen monitor,ocid,ocds-ozzobm-P000023/2025/2026/0200000000
0.releases.961.relatedProcesses.0,0.releases.961,0,P000024/2025/2026/1412008000,planning,Provision of Hotel Services in zone of  Rwamagana and  Kayonza,ocid,ocds-ozzobm-P000024/2025/2026/1412008000
0.releases.962.relatedProcesses.0,0.releases.962,0,P000016/2025/2026/1412008000,planning,Supply of small tools and consumables in Irrigation and drainage  Technology department,ocid,ocds-ozzobm-P000016/2025/2026/1412008000
0.releases.963.relatedProcesses.0,0.releases.963,0,P000017/2025/2026/1412008000,planning,Supply of small tools and consumables in Agri Mechanization Technology department,ocid,ocds-ozzobm-P000017/2025/2026/1412008000
0.releases.964.relatedProcesses.0,0.releases.964,0,P000090/2024/2025/0701000000,planning,SERVICE FOR MAINTENANCE OF ELEVATOR LIFT FOR RNP ON FRAMEWORK AGREEMENT,ocid,ocds-ozzobm-P000090/2024/2025/0701000000
0.releases.965.relatedProcesses.0,0.releases.965,0,P000049/2025/2026/5600000000,planning,"Tender for Supply and installation of acoustic Solution,security checking equipment, outdoor display screen, remoted curtains, projectors and HVAC Systems in Rubavu District Hall",ocid,ocds-ozzobm-P000049/2025/2026/5600000000
0.releases.966.relatedProcesses.0,0.releases.966,0,P000016/2025/2026/6700003001,planning,FRAMEWORK AGREEMENT FOR SUPPLY CONSUMMABLES and PRINTING.,ocid,ocds-ozzobm-P000016/2025/2026/6700003001
0.releases.967.relatedProcesses.0,0.releases.967,0,P000031/2025/2026/1412008000,planning,Provision of cleaning services,ocid,ocds-ozzobm-P000031/2025/2026/1412008000
0.releases.968.relatedProcesses.0,0.releases.968,0,P000020/2025/2026/6700003001,planning,"purchase materials for hospital infrastructure maintenance and rehabilitation (construction,electrical and plumbing)",ocid,ocds-ozzobm-P000020/2025/2026/6700003001
0.releases.969.relatedProcesses.0,0.releases.969,0,P000084/2025/2026/6300000000,planning,Construction of Adeper-GS Muhoza-Bralirwa asphalt road,ocid,ocds-ozzobm-P000084/2025/2026/6300000000
0.releases.970.relatedProcesses.0,0.releases.970,0,P000011/2025/2026/4200003002,planning,"Maintenance and repair of air conditioners, hospital fridge and mortuary fridge",ocid,ocds-ozzobm-P000011/2025/2026/4200003002
0.releases.971.relatedProcesses.0,0.releases.971,0,P000011/2025/2026/4200003002,planning,"Maintenance and repair of air conditioners, hospital fridge and mortuary fridge",ocid,ocds-ozzobm-P000011/2025/2026/4200003002
0.releases.972.relatedProcesses.0,0.releases.972,0,P000050/2025/2026/4000000000,planning,VACCINATION AND INSEMINATION OF ANIMALS IN NGOMA DISTRICT,ocid,ocds-ozzobm-P000050/2025/2026/4000000000
0.releases.973.relatedProcesses.0,0.releases.973,0,P000050/2025/2026/4000000000,planning,VACCINATION AND INSEMINATION OF ANIMALS IN NGOMA DISTRICT,ocid,ocds-ozzobm-P000050/2025/2026/4000000000
0.releases.974.relatedProcesses.0,0.releases.974,0,P000011/2025/2026/4200003002,planning,"Maintenance and repair of air conditioners, hospital fridge and mortuary fridge",ocid,ocds-ozzobm-P000011/2025/2026/4200003002
0.releases.975.relatedProcesses.0,0.releases.975,0,P000046/2022/2023/4500000000,planning,Supply of office stationary,ocid,ocds-ozzobm-P000046/2022/2023/4500000000
0.releases.976.relatedProcesses.0,0.releases.976,0,P000007/2025/2026/1420000000,planning,Provision of Asset codification services,ocid,ocds-ozzobm-P000007/2025/2026/1420000000
0.releases.977.relatedProcesses.0,0.releases.977,0,P000001/2023/2024/4500000000,planning,Hiring of Private Lawyer of Nyagatare District,ocid,ocds-ozzobm-P000001/2023/2024/4500000000
0.releases.978.relatedProcesses.0,0.releases.978,0,P000022/2025/2026/5600003001,planning,Tender for ICT MAINTENANCE AND SUPPLY OF ACCESSORIES,ocid,ocds-ozzobm-P000022/2025/2026/5600003001
0.releases.979.relatedProcesses.0,0.releases.979,0,P000039/2025/2026/1200000000,planning,Fixed Asset Inventory Update & Coding,ocid,ocds-ozzobm-P000039/2025/2026/1200000000
0.releases.980.relatedProcesses.0,0.releases.980,0,P000019/2022/2023/8300000000,planning,MAINTENANCE OF 5 STABILIZERS OF 100KVA CAPACITY,ocid,ocds-ozzobm-P000019/2022/2023/8300000000
0.releases.981.relatedProcesses.0,0.releases.981,0,P000020/2024/2025/1200000000,planning,"Provision of Venue for Meetings, Conferences and Accommodation",ocid,ocds-ozzobm-P000020/2024/2025/1200000000
0.releases.982.relatedProcesses.0,0.releases.982,0,P000045/2024/2025/1200000000,planning,Provision of Cleaning services for MINECOFIN buildings,ocid,ocds-ozzobm-P000045/2024/2025/1200000000
0.releases.983.relatedProcesses.0,0.releases.983,0,P000019/2024/2025/2305000000,planning,"Provision of Content Production, Television and Radio Broadcasting Services",ocid,ocds-ozzobm-P000019/2024/2025/2305000000
0.releases.984.relatedProcesses.0,0.releases.984,0,P000019/2024/2025/2305000000,planning,"Provision of Content Production, Television and Radio Broadcasting Services",ocid,ocds-ozzobm-P000019/2024/2025/2305000000
0.releases.985.relatedProcesses.0,0.releases.985,0,P000072/2020/2021/0901000000,planning,Irrigation development for Mahama 2,ocid,ocds-ozzobm-P000072/2020/2021/0901000000
0.releases.986.relatedProcesses.0,0.releases.986,0,P000038/2025/2026/1202000000,planning,Hiring of individual consultant to conduct the 2025/26 User Satisfaction Survey.,ocid,ocds-ozzobm-P000038/2025/2026/1202000000
0.releases.987.relatedProcesses.0,0.releases.987,0,P000016/2025/2026/4700003001,planning,500lph Drinking Water Purification Plant,ocid,ocds-ozzobm-P000016/2025/2026/4700003001
0.releases.988.relatedProcesses.0,0.releases.988,0,P000036/2025/2026/4800003002,planning,Purchase and Supply of  Dental Materials,ocid,ocds-ozzobm-P000036/2025/2026/4800003002
0.releases.989.relatedProcesses.0,0.releases.989,0,P000055/2025/2026/5300000000,planning,Feasibility study for clean water pipelines for universal coverage,ocid,ocds-ozzobm-P000055/2025/2026/5300000000
0.releases.990.relatedProcesses.0,0.releases.990,0,P000052/2025/2026/0902000000,planning,Tender for acquisition of laboratory equipment under CDAT funds,ocid,ocds-ozzobm-P000052/2025/2026/0902000000
0.releases.991.relatedProcesses.0,0.releases.991,0,P000037/2025/2026/1202000000,planning,Hiring for an Individual Consultant to train NISR staff in data visualization,ocid,ocds-ozzobm-P000037/2025/2026/1202000000
0.releases.992.relatedProcesses.0,0.releases.992,0,P000007/2025/2026/2307000000,planning,Supply of office stationary and consumables,ocid,ocds-ozzobm-P000007/2025/2026/2307000000
0.releases.993.relatedProcesses.0,0.releases.993,0,P000008/2025/2026/5200003001,planning,TENDER FOR INSURANCE OF BUILDINGS AND ASSETS OF NYANZA DISTRICT HOSPITAL,ocid,ocds-ozzobm-P000008/2025/2026/5200003001
0.releases.994.relatedProcesses.0,0.releases.994,0,P000076/2023/2024/4400000000,planning,Purchase and supply of Equipmemts of ECD model,ocid,ocds-ozzobm-P000076/2023/2024/4400000000
0.releases.995.relatedProcesses.0,0.releases.995,0,P000024/2025/2026/4400000000,planning,Privatization of management of Rwanteru Slaugther House,ocid,ocds-ozzobm-P000024/2025/2026/4400000000
0.releases.996.relatedProcesses.0,0.releases.996,0,P000014/2025/2026/6100000000,planning,Supply of personal protective equipment for school under SGT Project (Pre-Primary Classrooms),ocid,ocds-ozzobm-P000014/2025/2026/6100000000
0.releases.997.relatedProcesses.0,0.releases.997,0,P000020/2025/2026/5700003002,planning,"Purchase of Non-Medical Equipment(uniforms of nurse and Midwife,driver,tables,curtins,alezes,rideaux.....)",ocid,ocds-ozzobm-P000020/2025/2026/5700003002
0.releases.998.relatedProcesses.0,0.releases.998,0,P000014/2025/2026/1808000000,planning,"Rehabilitation of non-functional rural water supply systems in Kirehe, Kayonza and Rwamagana",ocid,ocds-ozzobm-P000014/2025/2026/1808000000
0.releases.999.relatedProcesses.0,0.releases.999,0,P000007/2025/2026/1000001000,planning,"Supply, commissioning and training of laboratory equipment for establishment of molecular testing laboratory",ocid,ocds-ozzobm-P000007/2025/2026/1000001000
0.releases.1000.relatedProcesses.0,0.releases.1000,0,P000028/2023/2024/1420000000,planning,Supervision of Construction works of Rwanda Coding Academy (RCA) new campus in Nyabihu District.,ocid,ocds-ozzobm-P000028/2023/2024/1420000000
0.releases.1001.relatedProcesses.0,0.releases.1001,0,P000028/2023/2024/1420000000,planning,Supervision of Construction works of Rwanda Coding Academy (RCA) new campus in Nyabihu District.,ocid,ocds-ozzobm-P000028/2023/2024/1420000000
0.releases.1002.relatedProcesses.0,0.releases.1002,0,P000008/2025/2026/6400000000,planning,Providing Support to Community Home based-ECDs operational in parallel with VUP expanded public works,ocid,ocds-ozzobm-P000008/2025/2026/6400000000
0.releases.1003.relatedProcesses.0,0.releases.1003,0,P000058/2023/2024/1903000000,planning,Tender to supply of  Access Controls ( Centralized),ocid,ocds-ozzobm-P000058/2023/2024/1903000000
0.releases.1004.relatedProcesses.0,0.releases.1004,0,P000049/2025/2026/1305000000,planning,"Provision of Sports and Recreational Facilities for RFI Staff: Access to Gym, Aerobics, Sauna, and Swimming",ocid,ocds-ozzobm-P000049/2025/2026/1305000000
0.releases.1005.relatedProcesses.0,0.releases.1005,0,P000049/2025/2026/1305000000,planning,"Provision of Sports and Recreational Facilities for RFI Staff: Access to Gym, Aerobics, Sauna, and Swimming",ocid,ocds-ozzobm-P000049/2025/2026/1305000000
0.releases.1006.relatedProcesses.0,0.releases.1006,0,P000036/2025/2026/4800003002,planning,Purchase and Supply of  Dental Materials,ocid,ocds-ozzobm-P000036/2025/2026/4800003002
0.releases.1007.relatedProcesses.0,0.releases.1007,0,P000013/2025/2026/6400000000,planning,Execution works for Construction of Science Laboratory at Inyange Girls Schools of Science in Rulindo District,ocid,ocds-ozzobm-P000013/2025/2026/6400000000
0.releases.1008.relatedProcesses.0,0.releases.1008,0,P000013/2025/2026/6400000000,planning,Execution works for Construction of Science Laboratory at Inyange Girls Schools of Science in Rulindo District,ocid,ocds-ozzobm-P000013/2025/2026/6400000000
0.releases.1009.relatedProcesses.0,0.releases.1009,0,P000008/2025/2026/6400000000,planning,Providing Support to Community Home based-ECDs operational in parallel with VUP expanded public works,ocid,ocds-ozzobm-P000008/2025/2026/6400000000
0.releases.1010.relatedProcesses.0,0.releases.1010,0,P000009/2025/2026/0901001017,planning,Supervision of Rehabilitation MCCs,ocid,ocds-ozzobm-P000009/2025/2026/0901001017
0.releases.1011.relatedProcesses.0,0.releases.1011,0,P000231/2024/2025/1804000000,planning,Provision of Insurance Service for Government Buildings,ocid,ocds-ozzobm-P000231/2024/2025/1804000000
0.releases.1012.relatedProcesses.0,0.releases.1012,0,P000006/2023/2024/1700000000,planning,"Supply of Fuel to NPPA Vehicles, Motorcycles and Generator",ocid,ocds-ozzobm-P000006/2023/2024/1700000000
0.releases.1013.relatedProcesses.0,0.releases.1013,0,P000086/2025/2026/1203000000,planning,Supply and installation of SOCLass licenses (Framework contract).,ocid,ocds-ozzobm-P000086/2025/2026/1203000000
0.releases.1014.relatedProcesses.0,0.releases.1014,0,P000075/2023/2024/1200001000,planning,Recruitment of a Business Analyst to support IPSAS implementation in IFMIS,ocid,ocds-ozzobm-P000075/2023/2024/1200001000
0.releases.1015.relatedProcesses.0,0.releases.1015,0,P000091/2023/2024/0901001015,planning,Recruiting consultant to carry out feasibility and detailed design study for rehabilitation and improvement of Nyarubogo marshland (150ha),ocid,ocds-ozzobm-P000091/2023/2024/0901001015
0.releases.1016.relatedProcesses.0,0.releases.1016,0,P000091/2023/2024/0901001015,planning,Recruiting consultant to carry out feasibility and detailed design study for rehabilitation and improvement of Nyarubogo marshland (150ha),ocid,ocds-ozzobm-P000091/2023/2024/0901001015
0.releases.1017.relatedProcesses.0,0.releases.1017,0,P000046/2025/2026/1305000000,planning,Provision of Clearing and Forwarding Services for RFI Goods,ocid,ocds-ozzobm-P000046/2025/2026/1305000000
0.releases.1018.relatedProcesses.0,0.releases.1018,0,P000145/2025/2026/1804000000,planning,Rehabilitation of the TGI Ngoma Court Building,ocid,ocds-ozzobm-P000145/2025/2026/1804000000
0.releases.1019.relatedProcesses.0,0.releases.1019,0,P000021/2025/2026/1000000000,planning,Hiring of the Construction Company to Construct Basic Infrastructure in Musanze Industrial Park,ocid,ocds-ozzobm-P000021/2025/2026/1000000000
0.releases.1020.relatedProcesses.0,0.releases.1020,0,P000231/2024/2025/1804000000,planning,Provision of Insurance Service for Government Buildings,ocid,ocds-ozzobm-P000231/2024/2025/1804000000
0.releases.1021.relatedProcesses.0,0.releases.1021,0,P000029/2025/2026/6600003002,planning,Construction  of  public pit latrines in hospitalisation,ocid,ocds-ozzobm-P000029/2025/2026/6600003002
0.releases.1022.relatedProcesses.0,0.releases.1022,0,P000231/2024/2025/1804000000,planning,Provision of Insurance Service for Government Buildings,ocid,ocds-ozzobm-P000231/2024/2025/1804000000
0.releases.1023.relatedProcesses.0,0.releases.1023,0,P000023/2024/2025/2304000000,planning,Provision of sport and recreation facilities services,ocid,ocds-ozzobm-P000023/2024/2025/2304000000
0.releases.1024.relatedProcesses.0,0.releases.1024,0,P000231/2024/2025/1804000000,planning,Provision of Insurance Service for Government Buildings,ocid,ocds-ozzobm-P000231/2024/2025/1804000000
0.releases.1025.relatedProcesses.0,0.releases.1025,0,P000023/2024/2025/2304000000,planning,Provision of sport and recreation facilities services,ocid,ocds-ozzobm-P000023/2024/2025/2304000000
0.releases.1026.relatedProcesses.0,0.releases.1026,0,P000023/2024/2025/2304000000,planning,Provision of sport and recreation facilities services,ocid,ocds-ozzobm-P000023/2024/2025/2304000000
0.releases.1027.relatedProcesses.0,0.releases.1027,0,P000231/2024/2025/1804000000,planning,Provision of Insurance Service for Government Buildings,ocid,ocds-ozzobm-P000231/2024/2025/1804000000
0.releases.1028.relatedProcesses.0,0.releases.1028,0,P000023/2024/2025/2304000000,planning,Provision of sport and recreation facilities services,ocid,ocds-ozzobm-P000023/2024/2025/2304000000
0.releases.1029.relatedProcesses.0,0.releases.1029,0,P000022/2025/2026/5600003001,planning,Tender for ICT MAINTENANCE AND SUPPLY OF ACCESSORIES,ocid,ocds-ozzobm-P000022/2025/2026/5600003001
0.releases.1030.relatedProcesses.0,0.releases.1030,0,P000231/2024/2025/1804000000,planning,Provision of Insurance Service for Government Buildings,ocid,ocds-ozzobm-P000231/2024/2025/1804000000
0.releases.1031.relatedProcesses.0,0.releases.1031,0,P000023/2024/2025/2304000000,planning,Provision of sport and recreation facilities services,ocid,ocds-ozzobm-P000023/2024/2025/2304000000
0.releases.1032.relatedProcesses.0,0.releases.1032,0,P000023/2024/2025/2300000000,planning,Tender for security of VIP,ocid,ocds-ozzobm-P000023/2024/2025/2300000000
0.releases.1033.relatedProcesses.0,0.releases.1033,0,P000023/2025/2026/5000003003,planning,Maintenance of furnutures,ocid,ocds-ozzobm-P000023/2025/2026/5000003003
0.releases.1034.relatedProcesses.0,0.releases.1034,0,P000034/2024/2025/1204000000,planning,Provision of call center connectivity services to RPPA,ocid,ocds-ozzobm-P000034/2024/2025/1204000000
0.releases.1035.relatedProcesses.0,0.releases.1035,0,P000019/2024/2025/2305000000,planning,"Provision of Content Production, Television and Radio Broadcasting Services",ocid,ocds-ozzobm-P000019/2024/2025/2305000000
0.releases.1036.relatedProcesses.0,0.releases.1036,0,P000034/2024/2025/1204000000,planning,Provision of call center connectivity services to RPPA,ocid,ocds-ozzobm-P000034/2024/2025/1204000000
0.releases.1037.relatedProcesses.0,0.releases.1037,0,P000067/2023/2024/4100000000,planning,Assets Valuation and Properties Expropriation,ocid,ocds-ozzobm-P000067/2023/2024/4100000000
0.releases.1038.relatedProcesses.0,0.releases.1038,0,P000008/2025/2026/5200003001,planning,TENDER FOR INSURANCE OF BUILDINGS AND ASSETS OF NYANZA DISTRICT HOSPITAL,ocid,ocds-ozzobm-P000008/2025/2026/5200003001
0.releases.1039.relatedProcesses.0,0.releases.1039,0,P000019/2024/2025/2305000000,planning,"Provision of Content Production, Television and Radio Broadcasting Services",ocid,ocds-ozzobm-P000019/2024/2025/2305000000
0.releases.1040.relatedProcesses.0,0.releases.1040,0,P000076/2024/2025/5000000000,planning,Construction of RUDP II phase 4 Asphalt Road in the City of Muhanga,ocid,ocds-ozzobm-P000076/2024/2025/5000000000
0.releases.1041.relatedProcesses.0,0.releases.1041,0,P000013/2025/2026/5900003001,planning,supply of uniforms for staff,ocid,ocds-ozzobm-P000013/2025/2026/5900003001
0.releases.1042.relatedProcesses.0,0.releases.1042,0,P000021/2025/2026/2204000000,planning,Annual provisions of SSL certificates,ocid,ocds-ozzobm-P000021/2025/2026/2204000000
0.releases.1043.relatedProcesses.0,0.releases.1043,0,P000031/2025/2026/2701000000,planning,Tender for Construction of Snakes Cages and Shelter,ocid,ocds-ozzobm-P000031/2025/2026/2701000000
0.releases.1044.relatedProcesses.0,0.releases.1044,0,P000153/2025/2026/1804000000,planning,Design and Build proposed beautifications at Amahoro Stadium,ocid,ocds-ozzobm-P000153/2025/2026/1804000000
0.releases.1045.relatedProcesses.0,0.releases.1045,0,P000106/2025/2026/1804000000,planning,Framework contract for regular maintenance of all Government Buildings located countrywide.,ocid,ocds-ozzobm-P000106/2025/2026/1804000000
0.releases.1046.relatedProcesses.0,0.releases.1046,0,P000008/2023/2024/8400000000,planning,System users notification by SMS,ocid,ocds-ozzobm-P000008/2023/2024/8400000000
0.releases.1047.relatedProcesses.0,0.releases.1047,0,P000039/2025/2026/0902000001,planning,"Hiring service provider to provide technical assistance for readiness to certification for agricultural export products (Coffee, Tea and Horticulture)",ocid,ocds-ozzobm-P000039/2025/2026/0902000001
0.releases.1048.relatedProcesses.0,0.releases.1048,0,P000251/2024/2025/1804000000,planning,Consultancy services for design and supervision of urgent government constriction projects countrywide,ocid,ocds-ozzobm-P000251/2024/2025/1804000000
0.releases.1049.relatedProcesses.0,0.releases.1049,0,P000043/2025/2026/1804000000,planning,Consultancy services for design and supervision of urgent government constriction projects countrywide,ocid,ocds-ozzobm-P000043/2025/2026/1804000000
0.releases.1050.relatedProcesses.0,0.releases.1050,0,P000006/2024/2025/0800000000,planning,"printing of promotional materials services(banners,flyers,badges,business cards)",ocid,ocds-ozzobm-P000006/2024/2025/0800000000
0.releases.1051.relatedProcesses.0,0.releases.1051,0,P000004/2025/2026/0113000000,planning,Provision of internet connectivity services in RAEB offices,ocid,ocds-ozzobm-P000004/2025/2026/0113000000
0.releases.1052.relatedProcesses.0,0.releases.1052,0,P000004/2025/2026/0113000000,planning,Provision of internet connectivity services in RAEB offices,ocid,ocds-ozzobm-P000004/2025/2026/0113000000
0.releases.1053.relatedProcesses.0,0.releases.1053,0,P000056/2025/2026/1903000000,planning,Framework agreement (centralized) to supply and installation of display equipment,ocid,ocds-ozzobm-P000056/2025/2026/1903000000
0.releases.1054.relatedProcesses.0,0.releases.1054,0,P000019/2025/2026/1903000000,planning,"A framework agreement for ICT equipment maintenance, support, and spare parts supply to governemt institutions",ocid,ocds-ozzobm-P000019/2025/2026/1903000000
0.releases.1055.relatedProcesses.0,0.releases.1055,0,P000058/2023/2024/1903000000,planning,Tender to supply of  Access Controls ( Centralized),ocid,ocds-ozzobm-P000058/2023/2024/1903000000
0.releases.1056.relatedProcesses.0,0.releases.1056,0,P000059/2025/2026/1903000000,planning,Centralized framework agreement for supplying USSD and SMS services to government entities.,ocid,ocds-ozzobm-P000059/2025/2026/1903000000
0.releases.1057.relatedProcesses.0,0.releases.1057,0,P000011/2025/2026/2900000000,planning,Hiring a service provider for codification of MoE assets,ocid,ocds-ozzobm-P000011/2025/2026/2900000000
0.releases.1058.relatedProcesses.0,0.releases.1058,0,P000004/2024/2025/0829000000,planning,Provision of advertising and media services to promote GoR activities,ocid,ocds-ozzobm-P000004/2024/2025/0829000000
0.releases.1059.relatedProcesses.0,0.releases.1059,0,P000209/2023/2024/1804000000,planning,"Supervision of External Works, Playgrounds and Fencing of 2 TVET Schools on Borders in GIcumbi District.",ocid,ocds-ozzobm-P000209/2023/2024/1804000000
0.releases.1060.relatedProcesses.0,0.releases.1060,0,P000057/2025/2026/0901001015,planning,Production of Audio Visual Communication Materials (Hiring Knowledge Management and Communication Firm),ocid,ocds-ozzobm-P000057/2025/2026/0901001015
0.releases.1061.relatedProcesses.0,0.releases.1061,0,P000028/2025/2026/4700000000,planning,"Annual framework tender for maintenance and assembly service of office equipments,chairs,table for Huye District",ocid,ocds-ozzobm-P000028/2025/2026/4700000000
0.releases.1062.relatedProcesses.0,0.releases.1062,0,P000003/2025/2026/5300003001,planning,Tender for purchase of bed covers and bed sheets,ocid,ocds-ozzobm-P000003/2025/2026/5300003001
0.releases.1063.relatedProcesses.0,0.releases.1063,0,P000023/2025/2026/1412001000,planning,Supply ICT training Consumables to RP/Kigali  College under Framework contract.,ocid,ocds-ozzobm-P000023/2025/2026/1412001000
0.releases.1064.relatedProcesses.0,0.releases.1064,0,P000002/2025/2026/5300003001,planning,Tender for purchase of medical equipments,ocid,ocds-ozzobm-P000002/2025/2026/5300003001
0.releases.1065.relatedProcesses.0,0.releases.1065,0,P000068/2025/2026/2318000000,planning,SUPPLY AND DELIVERY OF TRAINING MATERIALS AT NGARAMA REHABILITATION CENTER,ocid,ocds-ozzobm-P000068/2025/2026/2318000000
0.releases.1066.relatedProcesses.0,0.releases.1066,0,P000022/2025/2026/2313000000,planning,"Provision of hotel services (hiring of conference halls, workshops, trainings, accommodations, restaurants and receptions outside of Kigali (framework contract)",ocid,ocds-ozzobm-P000022/2025/2026/2313000000
0.releases.1067.relatedProcesses.0,0.releases.1067,0,P000022/2025/2026/2313000000,planning,"Provision of hotel services (hiring of conference halls, workshops, trainings, accommodations, restaurants and receptions outside of Kigali (framework contract)",ocid,ocds-ozzobm-P000022/2025/2026/2313000000
0.releases.1068.relatedProcesses.0,0.releases.1068,0,P000022/2025/2026/2313000000,planning,"Provision of hotel services (hiring of conference halls, workshops, trainings, accommodations, restaurants and receptions outside of Kigali (framework contract)",ocid,ocds-ozzobm-P000022/2025/2026/2313000000
0.releases.1069.relatedProcesses.0,0.releases.1069,0,P000022/2025/2026/2313000000,planning,"Provision of hotel services (hiring of conference halls, workshops, trainings, accommodations, restaurants and receptions outside of Kigali (framework contract)",ocid,ocds-ozzobm-P000022/2025/2026/2313000000
0.releases.1070.relatedProcesses.0,0.releases.1070,0,P000022/2025/2026/2313000000,planning,"Provision of hotel services (hiring of conference halls, workshops, trainings, accommodations, restaurants and receptions outside of Kigali (framework contract)",ocid,ocds-ozzobm-P000022/2025/2026/2313000000
0.releases.1071.relatedProcesses.0,0.releases.1071,0,P000022/2025/2026/2313000000,planning,"Provision of hotel services (hiring of conference halls, workshops, trainings, accommodations, restaurants and receptions outside of Kigali (framework contract)",ocid,ocds-ozzobm-P000022/2025/2026/2313000000
0.releases.1072.relatedProcesses.0,0.releases.1072,0,P000022/2025/2026/2313000000,planning,"Provision of hotel services (hiring of conference halls, workshops, trainings, accommodations, restaurants and receptions outside of Kigali (framework contract)",ocid,ocds-ozzobm-P000022/2025/2026/2313000000
0.releases.1073.relatedProcesses.0,0.releases.1073,0,P000022/2025/2026/2313000000,planning,"Provision of hotel services (hiring of conference halls, workshops, trainings, accommodations, restaurants and receptions outside of Kigali (framework contract)",ocid,ocds-ozzobm-P000022/2025/2026/2313000000
0.releases.1074.relatedProcesses.0,0.releases.1074,0,P000022/2025/2026/2313000000,planning,"Provision of hotel services (hiring of conference halls, workshops, trainings, accommodations, restaurants and receptions outside of Kigali (framework contract)",ocid,ocds-ozzobm-P000022/2025/2026/2313000000
0.releases.1075.relatedProcesses.0,0.releases.1075,0,P000022/2025/2026/2313000000,planning,"Provision of hotel services (hiring of conference halls, workshops, trainings, accommodations, restaurants and receptions outside of Kigali (framework contract)",ocid,ocds-ozzobm-P000022/2025/2026/2313000000
0.releases.1076.relatedProcesses.0,0.releases.1076,0,P000022/2025/2026/2313000000,planning,"Provision of hotel services (hiring of conference halls, workshops, trainings, accommodations, restaurants and receptions outside of Kigali (framework contract)",ocid,ocds-ozzobm-P000022/2025/2026/2313000000
0.releases.1077.relatedProcesses.0,0.releases.1077,0,P000022/2025/2026/2313000000,planning,"Provision of hotel services (hiring of conference halls, workshops, trainings, accommodations, restaurants and receptions outside of Kigali (framework contract)",ocid,ocds-ozzobm-P000022/2025/2026/2313000000
0.releases.1078.relatedProcesses.0,0.releases.1078,0,P000022/2025/2026/2313000000,planning,"Provision of hotel services (hiring of conference halls, workshops, trainings, accommodations, restaurants and receptions outside of Kigali (framework contract)",ocid,ocds-ozzobm-P000022/2025/2026/2313000000
0.releases.1079.relatedProcesses.0,0.releases.1079,0,P000022/2025/2026/2313000000,planning,"Provision of hotel services (hiring of conference halls, workshops, trainings, accommodations, restaurants and receptions outside of Kigali (framework contract)",ocid,ocds-ozzobm-P000022/2025/2026/2313000000
0.releases.1080.relatedProcesses.0,0.releases.1080,0,P000022/2025/2026/2313000000,planning,"Provision of hotel services (hiring of conference halls, workshops, trainings, accommodations, restaurants and receptions outside of Kigali (framework contract)",ocid,ocds-ozzobm-P000022/2025/2026/2313000000
0.releases.1081.relatedProcesses.0,0.releases.1081,0,P000022/2025/2026/2313000000,planning,"Provision of hotel services (hiring of conference halls, workshops, trainings, accommodations, restaurants and receptions outside of Kigali (framework contract)",ocid,ocds-ozzobm-P000022/2025/2026/2313000000
0.releases.1082.relatedProcesses.0,0.releases.1082,0,P000022/2025/2026/2313000000,planning,"Provision of hotel services (hiring of conference halls, workshops, trainings, accommodations, restaurants and receptions outside of Kigali (framework contract)",ocid,ocds-ozzobm-P000022/2025/2026/2313000000
0.releases.1083.relatedProcesses.0,0.releases.1083,0,P000022/2025/2026/2313000000,planning,"Provision of hotel services (hiring of conference halls, workshops, trainings, accommodations, restaurants and receptions outside of Kigali (framework contract)",ocid,ocds-ozzobm-P000022/2025/2026/2313000000
0.releases.1084.relatedProcesses.0,0.releases.1084,0,P000003/2024/2025/2300000000,planning,Tender for the supply of construction materials for vulnerable people,ocid,ocds-ozzobm-P000003/2024/2025/2300000000
0.releases.1085.relatedProcesses.0,0.releases.1085,0,P000003/2024/2025/2300000000,planning,Tender for the supply of construction materials for vulnerable people,ocid,ocds-ozzobm-P000003/2024/2025/2300000000
0.releases.1086.relatedProcesses.0,0.releases.1086,0,P000003/2024/2025/2300000000,planning,Tender for the supply of construction materials for vulnerable people,ocid,ocds-ozzobm-P000003/2024/2025/2300000000
0.releases.1087.relatedProcesses.0,0.releases.1087,0,P000003/2024/2025/2300000000,planning,Tender for the supply of construction materials for vulnerable people,ocid,ocds-ozzobm-P000003/2024/2025/2300000000
0.releases.1088.relatedProcesses.0,0.releases.1088,0,P000025/2025/2026/2313000000,planning,Tender for hiring  furnished tents  and generators at District level  ( framework ),ocid,ocds-ozzobm-P000025/2025/2026/2313000000
0.releases.1089.relatedProcesses.0,0.releases.1089,0,P000025/2025/2026/2313000000,planning,Tender for hiring  furnished tents  and generators at District level  ( framework ),ocid,ocds-ozzobm-P000025/2025/2026/2313000000
0.releases.1090.relatedProcesses.0,0.releases.1090,0,P000026/2025/2026/2300000000,planning,Tender for the  Airtime and space in different media platforms,ocid,ocds-ozzobm-P000026/2025/2026/2300000000
0.releases.1091.relatedProcesses.0,0.releases.1091,0,P000068/2025/2026/2318000000,planning,SUPPLY AND DELIVERY OF TRAINING MATERIALS AT NGARAMA REHABILITATION CENTER,ocid,ocds-ozzobm-P000068/2025/2026/2318000000
0.releases.1092.relatedProcesses.0,0.releases.1092,0,P000026/2025/2026/2300000000,planning,Tender for the  Airtime and space in different media platforms,ocid,ocds-ozzobm-P000026/2025/2026/2300000000
0.releases.1093.relatedProcesses.0,0.releases.1093,0,P000026/2025/2026/2300000000,planning,Tender for the  Airtime and space in different media platforms,ocid,ocds-ozzobm-P000026/2025/2026/2300000000
0.releases.1094.relatedProcesses.0,0.releases.1094,0,P000025/2025/2026/2313000000,planning,Tender for hiring  furnished tents  and generators at District level  ( framework ),ocid,ocds-ozzobm-P000025/2025/2026/2313000000
0.releases.1095.relatedProcesses.0,0.releases.1095,0,P000025/2025/2026/2313000000,planning,Tender for hiring  furnished tents  and generators at District level  ( framework ),ocid,ocds-ozzobm-P000025/2025/2026/2313000000
0.releases.1096.relatedProcesses.0,0.releases.1096,0,P000025/2025/2026/2313000000,planning,Tender for hiring  furnished tents  and generators at District level  ( framework ),ocid,ocds-ozzobm-P000025/2025/2026/2313000000
0.releases.1097.relatedProcesses.0,0.releases.1097,0,P000026/2025/2026/2300000000,planning,Tender for the  Airtime and space in different media platforms,ocid,ocds-ozzobm-P000026/2025/2026/2300000000
0.releases.1098.relatedProcesses.0,0.releases.1098,0,P000026/2025/2026/2300000000,planning,Tender for the  Airtime and space in different media platforms,ocid,ocds-ozzobm-P000026/2025/2026/2300000000
0.releases.1099.relatedProcesses.0,0.releases.1099,0,P000026/2025/2026/2300000000,planning,Tender for the  Airtime and space in different media platforms,ocid,ocds-ozzobm-P000026/2025/2026/2300000000
0.releases.1100.relatedProcesses.0,0.releases.1100,0,P000026/2025/2026/2300000000,planning,Tender for the  Airtime and space in different media platforms,ocid,ocds-ozzobm-P000026/2025/2026/2300000000
0.releases.1101.relatedProcesses.0,0.releases.1101,0,P000026/2025/2026/2300000000,planning,Tender for the  Airtime and space in different media platforms,ocid,ocds-ozzobm-P000026/2025/2026/2300000000
0.releases.1102.relatedProcesses.0,0.releases.1102,0,P000026/2025/2026/2300000000,planning,Tender for the  Airtime and space in different media platforms,ocid,ocds-ozzobm-P000026/2025/2026/2300000000
0.releases.1103.relatedProcesses.0,0.releases.1103,0,P000026/2025/2026/2300000000,planning,Tender for the  Airtime and space in different media platforms,ocid,ocds-ozzobm-P000026/2025/2026/2300000000
0.releases.1104.relatedProcesses.0,0.releases.1104,0,P000026/2025/2026/2300000000,planning,Tender for the  Airtime and space in different media platforms,ocid,ocds-ozzobm-P000026/2025/2026/2300000000
0.releases.1105.relatedProcesses.0,0.releases.1105,0,P000026/2025/2026/2300000000,planning,Tender for the  Airtime and space in different media platforms,ocid,ocds-ozzobm-P000026/2025/2026/2300000000
0.releases.1106.relatedProcesses.0,0.releases.1106,0,P000026/2025/2026/2300000000,planning,Tender for the  Airtime and space in different media platforms,ocid,ocds-ozzobm-P000026/2025/2026/2300000000
0.releases.1107.relatedProcesses.0,0.releases.1107,0,P000026/2025/2026/2300000000,planning,Tender for the  Airtime and space in different media platforms,ocid,ocds-ozzobm-P000026/2025/2026/2300000000
0.releases.1108.relatedProcesses.0,0.releases.1108,0,P000026/2025/2026/2300000000,planning,Tender for the  Airtime and space in different media platforms,ocid,ocds-ozzobm-P000026/2025/2026/2300000000
0.releases.1109.relatedProcesses.0,0.releases.1109,0,P000076/2024/2025/1802000000,planning,"Consultancy Services for Supervision of Urgent Works of Rehabilitation /Repair of Selected, Damaged and Unpaved District Road Sections in Southern Province,Rwanda",ocid,ocds-ozzobm-P000076/2024/2025/1802000000
0.releases.1110.relatedProcesses.0,0.releases.1110,0,P000026/2025/2026/2300000000,planning,Tender for the  Airtime and space in different media platforms,ocid,ocds-ozzobm-P000026/2025/2026/2300000000
0.releases.1111.relatedProcesses.0,0.releases.1111,0,P000026/2025/2026/2300000000,planning,Tender for the  Airtime and space in different media platforms,ocid,ocds-ozzobm-P000026/2025/2026/2300000000
0.releases.1112.relatedProcesses.0,0.releases.1112,0,P000026/2025/2026/2300000000,planning,Tender for the  Airtime and space in different media platforms,ocid,ocds-ozzobm-P000026/2025/2026/2300000000
0.releases.1113.relatedProcesses.0,0.releases.1113,0,P000026/2025/2026/2300000000,planning,Tender for the  Airtime and space in different media platforms,ocid,ocds-ozzobm-P000026/2025/2026/2300000000
0.releases.1114.relatedProcesses.0,0.releases.1114,0,P000026/2025/2026/2300000000,planning,Tender for the  Airtime and space in different media platforms,ocid,ocds-ozzobm-P000026/2025/2026/2300000000
0.releases.1115.relatedProcesses.0,0.releases.1115,0,P000019/2024/2025/2500001000,planning,Supply of office stationeries,ocid,ocds-ozzobm-P000019/2024/2025/2500001000
0.releases.1116.relatedProcesses.0,0.releases.1116,0,P000111/2023/2024/1200001000,planning,Recruitment of IFMIS software architect to support IPSAS implementation,ocid,ocds-ozzobm-P000111/2023/2024/1200001000
0.releases.1117.relatedProcesses.0,0.releases.1117,0,P000015/2025/2026/0902000000,planning,"Tender for framework contract for supply and installation of spare parts, repair and maintenance of color sorter machine and accessories",ocid,ocds-ozzobm-P000015/2025/2026/0902000000
0.releases.1118.relatedProcesses.0,0.releases.1118,0,P000016/2024/2025/8000000000,planning,Hiring a custodian for RSSB securities,ocid,ocds-ozzobm-P000016/2024/2025/8000000000
0.releases.1119.relatedProcesses.0,0.releases.1119,0,P000018/2025/2026/0900001005,planning,Acquisition of loading and offloading services,ocid,ocds-ozzobm-P000018/2025/2026/0900001005
0.releases.1120.relatedProcesses.0,0.releases.1120,0,P000004/2025/2026/0113000000,planning,Provision of internet connectivity services in RAEB offices,ocid,ocds-ozzobm-P000004/2025/2026/0113000000
0.releases.1121.relatedProcesses.0,0.releases.1121,0,P000098/2025/2026/0702000000,planning,Acquisition of operation vehicles (Bick-up and minibus) for RCS,ocid,ocds-ozzobm-P000098/2025/2026/0702000000
0.releases.1122.relatedProcesses.0,0.releases.1122,0,P000073/2024/2025/1802000000,planning,"Consultancy Services for Supervision of Urgent Works of Rehabilitation /Repair of Selected Damaged Unpaved National Road Sections in Northern Province,Rwand",ocid,ocds-ozzobm-P000073/2024/2025/1802000000
0.releases.1123.relatedProcesses.0,0.releases.1123,0,P000079/2025/2026/1601000000,planning,clearing  services,ocid,ocds-ozzobm-P000079/2025/2026/1601000000
0.releases.1124.relatedProcesses.0,0.releases.1124,0,P000095/2025/2026/8000000000,planning,supply of hand held metal detectors,ocid,ocds-ozzobm-P000095/2025/2026/8000000000
0.releases.1125.relatedProcesses.0,0.releases.1125,0,P000003/2025/2026/0901000000,planning,"Supply and installation of CCTV cameras, control room and its maintenance",ocid,ocds-ozzobm-P000003/2025/2026/0901000000
0.releases.1126.relatedProcesses.0,0.releases.1126,0,P000003/2025/2026/0901000000,planning,"Supply and installation of CCTV cameras, control room and its maintenance",ocid,ocds-ozzobm-P000003/2025/2026/0901000000
0.releases.1127.relatedProcesses.0,0.releases.1127,0,P000068/2025/2026/0702000000,planning,Construction works of Canteen and Kitchen at Nyamasheke Correctional Facility,ocid,ocds-ozzobm-P000068/2025/2026/0702000000
0.releases.1128.relatedProcesses.0,0.releases.1128,0,P000011/2025/2026/1402000000,planning,SPORTS AND RECREATION SERVICES,ocid,ocds-ozzobm-P000011/2025/2026/1402000000
0.releases.1129.relatedProcesses.0,0.releases.1129,0,P000002/2025/2026/5300003001,planning,Tender for purchase of medical equipments,ocid,ocds-ozzobm-P000002/2025/2026/5300003001
0.releases.1130.relatedProcesses.0,0.releases.1130,0,P000020/2024/2025/1200000000,planning,"Provision of Venue for Meetings, Conferences and Accommodation",ocid,ocds-ozzobm-P000020/2024/2025/1200000000
0.releases.1131.relatedProcesses.0,0.releases.1131,0,P000011/2025/2026/1402000000,planning,SPORTS AND RECREATION SERVICES,ocid,ocds-ozzobm-P000011/2025/2026/1402000000
0.releases.1132.relatedProcesses.0,0.releases.1132,0,P000003/2025/2026/5300003001,planning,Tender for purchase of bed covers and bed sheets,ocid,ocds-ozzobm-P000003/2025/2026/5300003001
0.releases.1133.relatedProcesses.0,0.releases.1133,0,P000044/2024/2025/0200000000,planning,Provision of insurance of Senate properties,ocid,ocds-ozzobm-P000044/2024/2025/0200000000
0.releases.1134.relatedProcesses.0,0.releases.1134,0,P000044/2024/2025/0200000000,planning,Provision of insurance of Senate properties,ocid,ocds-ozzobm-P000044/2024/2025/0200000000
0.releases.1135.relatedProcesses.0,0.releases.1135,0,P000009/2025/2026/6200003001,planning,Tender for Supply of tyres for vehicles of Byumba Hospital,ocid,ocds-ozzobm-P000009/2025/2026/6200003001
0.releases.1136.relatedProcesses.0,0.releases.1136,0,P000003/2024/2025/2300000000,planning,Tender for the supply of construction materials for vulnerable people,ocid,ocds-ozzobm-P000003/2024/2025/2300000000
0.releases.1137.relatedProcesses.0,0.releases.1137,0,P000009/2025/2026/6200003001,planning,Tender for Supply of tyres for vehicles of Byumba Hospital,ocid,ocds-ozzobm-P000009/2025/2026/6200003001
0.releases.1138.relatedProcesses.0,0.releases.1138,0,P000029/2025/2026/4700000000,planning,Hiring vehicles for transport of district staff under framework agreement,ocid,ocds-ozzobm-P000029/2025/2026/4700000000
0.releases.1139.relatedProcesses.0,0.releases.1139,0,P000003/2024/2025/2300000000,planning,Tender for the supply of construction materials for vulnerable people,ocid,ocds-ozzobm-P000003/2024/2025/2300000000
0.releases.1140.relatedProcesses.0,0.releases.1140,0,P000003/2024/2025/2300000000,planning,Tender for the supply of construction materials for vulnerable people,ocid,ocds-ozzobm-P000003/2024/2025/2300000000
0.releases.1141.relatedProcesses.0,0.releases.1141,0,P000012/2023/2024/1700000000,planning,Provision of Cleaning Service to PRIMARY LEVEL KICUKIRO (Nyarugunga),ocid,ocds-ozzobm-P000012/2023/2024/1700000000
0.releases.1142.relatedProcesses.0,0.releases.1142,0,P000003/2024/2025/2300000000,planning,Tender for the supply of construction materials for vulnerable people,ocid,ocds-ozzobm-P000003/2024/2025/2300000000
0.releases.1143.relatedProcesses.0,0.releases.1143,0,P000043/2025/2026/4500000000,planning,Construction of Nyagashanga cell in Karangazi Sector,ocid,ocds-ozzobm-P000043/2025/2026/4500000000
0.releases.1144.relatedProcesses.0,0.releases.1144,0,P000014/2023/2024/4700000000,planning,Annual  framework  for supply  of construction  materials   in Huye  district,ocid,ocds-ozzobm-P000014/2023/2024/4700000000
0.releases.1145.relatedProcesses.0,0.releases.1145,0,P000001/2025/2026/6600003002,planning,SUPPLY OF SPARE PARTS FOR INFRASTRUCTURE MAINTENANCE,ocid,ocds-ozzobm-P000001/2025/2026/6600003002
0.releases.1146.relatedProcesses.0,0.releases.1146,0,P000016/2024/2025/1802000000,planning,Consultancy Services for Supervision of Execution Works of Periodic Maintenance of Huye- Kibeho-Ndago-Munini & Ndago-Ngoma (68.219Km) Paved Road,ocid,ocds-ozzobm-P000016/2024/2025/1802000000
0.releases.1147.relatedProcesses.0,0.releases.1147,0,P000026/2025/2026/2300000000,planning,Tender for the  Airtime and space in different media platforms,ocid,ocds-ozzobm-P000026/2025/2026/2300000000
0.releases.1148.relatedProcesses.0,0.releases.1148,0,P000026/2025/2026/2300000000,planning,Tender for the  Airtime and space in different media platforms,ocid,ocds-ozzobm-P000026/2025/2026/2300000000
0.releases.1149.relatedProcesses.0,0.releases.1149,0,P000026/2025/2026/2300000000,planning,Tender for the  Airtime and space in different media platforms,ocid,ocds-ozzobm-P000026/2025/2026/2300000000
0.releases.1150.relatedProcesses.0,0.releases.1150,0,P000026/2025/2026/2300000000,planning,Tender for the  Airtime and space in different media platforms,ocid,ocds-ozzobm-P000026/2025/2026/2300000000
0.releases.1151.relatedProcesses.0,0.releases.1151,0,P000026/2025/2026/2300000000,planning,Tender for the  Airtime and space in different media platforms,ocid,ocds-ozzobm-P000026/2025/2026/2300000000
0.releases.1152.relatedProcesses.0,0.releases.1152,0,P000026/2025/2026/2300000000,planning,Tender for the  Airtime and space in different media platforms,ocid,ocds-ozzobm-P000026/2025/2026/2300000000
0.releases.1153.relatedProcesses.0,0.releases.1153,0,P000026/2025/2026/2300000000,planning,Tender for the  Airtime and space in different media platforms,ocid,ocds-ozzobm-P000026/2025/2026/2300000000
0.releases.1154.relatedProcesses.0,0.releases.1154,0,P000016/2024/2025/1802000000,planning,Consultancy Services for Supervision of Execution Works of Periodic Maintenance of Huye- Kibeho-Ndago-Munini & Ndago-Ngoma (68.219Km) Paved Road,ocid,ocds-ozzobm-P000016/2024/2025/1802000000
0.releases.1155.relatedProcesses.0,0.releases.1155,0,P000026/2025/2026/2300000000,planning,Tender for the  Airtime and space in different media platforms,ocid,ocds-ozzobm-P000026/2025/2026/2300000000
0.releases.1156.relatedProcesses.0,0.releases.1156,0,P000026/2025/2026/2300000000,planning,Tender for the  Airtime and space in different media platforms,ocid,ocds-ozzobm-P000026/2025/2026/2300000000
0.releases.1157.relatedProcesses.0,0.releases.1157,0,P000053/2025/2026/1800000000,planning,Consultancy service for  urban design services in the City of Kigali and other districts.,ocid,ocds-ozzobm-P000053/2025/2026/1800000000
0.releases.1158.relatedProcesses.0,0.releases.1158,0,P000017/2025/2026/0113000000,planning,Consultancy Services for Comprehensive Electrical Grid Study for the Integration of SMR-based Nuclear Power into Rwanda’s National Energy Mix,ocid,ocds-ozzobm-P000017/2025/2026/0113000000
0.releases.1159.relatedProcesses.0,0.releases.1159,0,P000017/2025/2026/0113000000,planning,Consultancy Services for Comprehensive Electrical Grid Study for the Integration of SMR-based Nuclear Power into Rwanda’s National Energy Mix,ocid,ocds-ozzobm-P000017/2025/2026/0113000000
0.releases.1160.relatedProcesses.0,0.releases.1160,0,P000026/2025/2026/2300000000,planning,Tender for the  Airtime and space in different media platforms,ocid,ocds-ozzobm-P000026/2025/2026/2300000000
0.releases.1161.relatedProcesses.0,0.releases.1161,0,P000026/2025/2026/2300000000,planning,Tender for the  Airtime and space in different media platforms,ocid,ocds-ozzobm-P000026/2025/2026/2300000000
0.releases.1162.relatedProcesses.0,0.releases.1162,0,P000026/2025/2026/2300000000,planning,Tender for the  Airtime and space in different media platforms,ocid,ocds-ozzobm-P000026/2025/2026/2300000000
0.releases.1163.relatedProcesses.0,0.releases.1163,0,P000026/2025/2026/2300000000,planning,Tender for the  Airtime and space in different media platforms,ocid,ocds-ozzobm-P000026/2025/2026/2300000000
0.releases.1164.relatedProcesses.0,0.releases.1164,0,P000032/2025/2026/0900000000,planning,Supply refreshment products MINAGRI,ocid,ocds-ozzobm-P000032/2025/2026/0900000000
0.releases.1165.relatedProcesses.0,0.releases.1165,0,P000026/2025/2026/2300000000,planning,Tender for the  Airtime and space in different media platforms,ocid,ocds-ozzobm-P000026/2025/2026/2300000000
0.releases.1166.relatedProcesses.0,0.releases.1166,0,P000026/2025/2026/2300000000,planning,Tender for the  Airtime and space in different media platforms,ocid,ocds-ozzobm-P000026/2025/2026/2300000000
0.releases.1167.relatedProcesses.0,0.releases.1167,0,P000006/2025/2026/6200003001,planning,Tender for purchase of materials needed for conneting/installation of the new Oxgen Plant,ocid,ocds-ozzobm-P000006/2025/2026/6200003001
0.releases.1168.relatedProcesses.0,0.releases.1168,0,P000003/2025/2026/4100000000,planning,Supply of pregnant heifers One Cow Per Poor  Family Program,ocid,ocds-ozzobm-P000003/2025/2026/4100000000
0.releases.1169.relatedProcesses.0,0.releases.1169,0,P000026/2025/2026/2300000000,planning,Tender for the  Airtime and space in different media platforms,ocid,ocds-ozzobm-P000026/2025/2026/2300000000
0.releases.1170.relatedProcesses.0,0.releases.1170,0,P000026/2025/2026/2300000000,planning,Tender for the  Airtime and space in different media platforms,ocid,ocds-ozzobm-P000026/2025/2026/2300000000
0.releases.1171.relatedProcesses.0,0.releases.1171,0,P000026/2025/2026/2300000000,planning,Tender for the  Airtime and space in different media platforms,ocid,ocds-ozzobm-P000026/2025/2026/2300000000
0.releases.1172.relatedProcesses.0,0.releases.1172,0,P000026/2025/2026/2300000000,planning,Tender for the  Airtime and space in different media platforms,ocid,ocds-ozzobm-P000026/2025/2026/2300000000
0.releases.1173.relatedProcesses.0,0.releases.1173,0,P000026/2025/2026/2300000000,planning,Tender for the  Airtime and space in different media platforms,ocid,ocds-ozzobm-P000026/2025/2026/2300000000
0.releases.1174.relatedProcesses.0,0.releases.1174,0,P000068/2025/2026/2318000000,planning,SUPPLY AND DELIVERY OF TRAINING MATERIALS AT NGARAMA REHABILITATION CENTER,ocid,ocds-ozzobm-P000068/2025/2026/2318000000
0.releases.1175.relatedProcesses.0,0.releases.1175,0,P000017/2025/2026/1400000000,planning,Provision of codification service,ocid,ocds-ozzobm-P000017/2025/2026/1400000000
0.releases.1176.relatedProcesses.0,0.releases.1176,0,P000040/2025/2026/4000000000,planning,SERVICE OF PURCHASE OF FUEL OF NGOMA DISTRICT,ocid,ocds-ozzobm-P000040/2025/2026/4000000000
0.releases.1177.relatedProcesses.0,0.releases.1177,0,P000040/2025/2026/4000000000,planning,SERVICE OF PURCHASE OF FUEL OF NGOMA DISTRICT,ocid,ocds-ozzobm-P000040/2025/2026/4000000000
0.releases.1178.relatedProcesses.0,0.releases.1178,0,P000011/2023/2024/2314000000,planning,Transport of NCPD Staff in Kigali,ocid,ocds-ozzobm-P000011/2023/2024/2314000000
0.releases.1179.relatedProcesses.0,0.releases.1179,0,P000016/2023/2024/2314000000,planning,Supply of Refreshment,ocid,ocds-ozzobm-P000016/2023/2024/2314000000
0.releases.1180.relatedProcesses.0,0.releases.1180,0,P000016/2024/2025/1802000000,planning,Consultancy Services for Supervision of Execution Works of Periodic Maintenance of Huye- Kibeho-Ndago-Munini & Ndago-Ngoma (68.219Km) Paved Road,ocid,ocds-ozzobm-P000016/2024/2025/1802000000
0.releases.1181.relatedProcesses.0,0.releases.1181,0,P000017/2025/2026/0113000000,planning,Consultancy Services for Comprehensive Electrical Grid Study for the Integration of SMR-based Nuclear Power into Rwanda’s National Energy Mix,ocid,ocds-ozzobm-P000017/2025/2026/0113000000
0.releases.1182.relatedProcesses.0,0.releases.1182,0,P000049/2025/2026/4100000000,planning,Hotel and Motel services,ocid,ocds-ozzobm-P000049/2025/2026/4100000000
0.releases.1183.relatedProcesses.0,0.releases.1183,0,P000008/2025/2026/1602000000,planning,Supply of Plumbing materials,ocid,ocds-ozzobm-P000008/2025/2026/1602000000
0.releases.1184.relatedProcesses.0,0.releases.1184,0,P000002/2023/2024/1001000000,planning,"Provision of online media services on on RSB Standardization, Metrology and conformity assessment services (Framework)",ocid,ocds-ozzobm-P000002/2023/2024/1001000000
0.releases.1185.relatedProcesses.0,0.releases.1185,0,P000078/2025/2026/5500000000,planning,Supply of refleshments to Nyabihu District,ocid,ocds-ozzobm-P000078/2025/2026/5500000000
0.releases.1186.relatedProcesses.0,0.releases.1186,0,P000078/2025/2026/5500000000,planning,Supply of refleshments to Nyabihu District,ocid,ocds-ozzobm-P000078/2025/2026/5500000000
0.releases.1187.relatedProcesses.0,0.releases.1187,0,P000015/2025/2026/1808000000,planning,Rehabilitation of non-functional rural water supply systems in Gakenke District,ocid,ocds-ozzobm-P000015/2025/2026/1808000000
0.releases.1188.relatedProcesses.0,0.releases.1188,0,P000004/2025/2026/0113000000,planning,Provision of internet connectivity services in RAEB offices,ocid,ocds-ozzobm-P000004/2025/2026/0113000000
0.releases.1189.relatedProcesses.0,0.releases.1189,0,P000078/2025/2026/5500000000,planning,Supply of refleshments to Nyabihu District,ocid,ocds-ozzobm-P000078/2025/2026/5500000000
0.releases.1190.relatedProcesses.0,0.releases.1190,0,P000006/2025/2026/1402000000,planning,MAINTENANCE AND REPAIR HEC's ASSETS,ocid,ocds-ozzobm-P000006/2025/2026/1402000000
0.releases.1191.relatedProcesses.0,0.releases.1191,0,P000175/2025/2026/7000000000,planning,"A supply of construction materials, which includes the installation of electrical equipment and water tanks in schools. Framework contract (1 Lot by District)",ocid,ocds-ozzobm-P000175/2025/2026/7000000000
0.releases.1192.relatedProcesses.0,0.releases.1192,0,P000006/2025/2026/2304000000,planning,Acquisition of Hotel services,ocid,ocds-ozzobm-P000006/2025/2026/2304000000
0.releases.1193.relatedProcesses.0,0.releases.1193,0,P000093/2025/2026/7000000000,planning,"Tender  for the Purchase of office furniture (Desks, chairs,..) for KISUP team",ocid,ocds-ozzobm-P000093/2025/2026/7000000000
0.releases.1194.relatedProcesses.0,0.releases.1194,0,P000002/2023/2024/1001000000,planning,"Provision of online media services on on RSB Standardization, Metrology and conformity assessment services (Framework)",ocid,ocds-ozzobm-P000002/2023/2024/1001000000
0.releases.1195.relatedProcesses.0,0.releases.1195,0,P000012/2025/2026/1412006000,planning,Supply of Branding and Promotional materials,ocid,ocds-ozzobm-P000012/2025/2026/1412006000
0.releases.1196.relatedProcesses.0,0.releases.1196,0,P000074/2024/2025/1802000000,planning,"Consultancy Services for Supervision of Urgent Works of Rehabilitation /Repair of Selected, Damaged and Unpaved District Road Sections in Western Province,Rwanda",ocid,ocds-ozzobm-P000074/2024/2025/1802000000
0.releases.1197.relatedProcesses.0,0.releases.1197,0,P000016/2025/2026/4900000000,planning,Maintenance and Rehabilitation of electricity infrastructures in Gisagara District,ocid,ocds-ozzobm-P000016/2025/2026/4900000000
0.releases.1198.relatedProcesses.0,0.releases.1198,0,P000015/2025/2026/4900000000,planning,Supply of Foodstuff (Porridge) for HBECD Gisagara District,ocid,ocds-ozzobm-P000015/2025/2026/4900000000
0.releases.1199.relatedProcesses.0,0.releases.1199,0,P000050/2025/2026/4000000000,planning,VACCINATION AND INSEMINATION OF ANIMALS IN NGOMA DISTRICT,ocid,ocds-ozzobm-P000050/2025/2026/4000000000
0.releases.1200.relatedProcesses.0,0.releases.1200,0,P000085/2022/2023/1400000000,planning,Consultancy services for supervision of Construction works to upgrade GS Uwinkomo and TTC Mbuga in Nyamagabe District,ocid,ocds-ozzobm-P000085/2022/2023/1400000000
0.releases.1201.relatedProcesses.0,0.releases.1201,0,P000085/2022/2023/1400000000,planning,Consultancy services for supervision of Construction works to upgrade GS Uwinkomo and TTC Mbuga in Nyamagabe District,ocid,ocds-ozzobm-P000085/2022/2023/1400000000
0.releases.1202.relatedProcesses.0,0.releases.1202,0,P000013/2025/2026/1302000000,planning,Provision of Decoration Services under Framework Contract,ocid,ocds-ozzobm-P000013/2025/2026/1302000000
0.releases.1203.relatedProcesses.0,0.releases.1203,0,P000007/2025/2026/1420000000,planning,Provision of Asset codification services,ocid,ocds-ozzobm-P000007/2025/2026/1420000000
0.releases.1204.relatedProcesses.0,0.releases.1204,0,P000040/2025/2026/4000000000,planning,SERVICE OF PURCHASE OF FUEL OF NGOMA DISTRICT,ocid,ocds-ozzobm-P000040/2025/2026/4000000000
0.releases.1205.relatedProcesses.0,0.releases.1205,0,P000068/2025/2026/0702000000,planning,Construction works of Canteen and Kitchen at Nyamasheke Correctional Facility,ocid,ocds-ozzobm-P000068/2025/2026/0702000000
0.releases.1206.relatedProcesses.0,0.releases.1206,0,P000047/2024/2025/2201000000,planning,Framework contract for Provision of security services for REMA,ocid,ocds-ozzobm-P000047/2024/2025/2201000000
0.releases.1207.relatedProcesses.0,0.releases.1207,0,P000047/2025/2026/6500000000,planning,ANIMAL INSEMINATION AND VACCINATION CAMPAIGN THROUGH SANITARY MANDATE,ocid,ocds-ozzobm-P000047/2025/2026/6500000000
0.releases.1208.relatedProcesses.0,0.releases.1208,0,P000041/2025/2026/6100000000,planning,"provision  of reception services of Burera District during meeting, training, workshop and other events under framework agrement",ocid,ocds-ozzobm-P000041/2025/2026/6100000000
0.releases.1209.relatedProcesses.0,0.releases.1209,0,P000023/2025/2026/1602000000,planning,Consultancy services for Proficiency Testing,ocid,ocds-ozzobm-P000023/2025/2026/1602000000
0.releases.1210.relatedProcesses.0,0.releases.1210,0,P000041/2025/2026/6100000000,planning,"provision  of reception services of Burera District during meeting, training, workshop and other events under framework agrement",ocid,ocds-ozzobm-P000041/2025/2026/6100000000
0.releases.1211.relatedProcesses.0,0.releases.1211,0,P000041/2025/2026/6100000000,planning,"provision  of reception services of Burera District during meeting, training, workshop and other events under framework agrement",ocid,ocds-ozzobm-P000041/2025/2026/6100000000
0.releases.1212.relatedProcesses.0,0.releases.1212,0,P000041/2025/2026/6100000000,planning,"provision  of reception services of Burera District during meeting, training, workshop and other events under framework agrement",ocid,ocds-ozzobm-P000041/2025/2026/6100000000
0.releases.1213.relatedProcesses.0,0.releases.1213,0,P000093/2025/2026/1601000000,planning,Supply and installation of electrical cable,ocid,ocds-ozzobm-P000093/2025/2026/1601000000
0.releases.1214.relatedProcesses.0,0.releases.1214,0,P000001/2025/2026/1300000000,planning,Provide communication facilities to Abunzi ( CUG),ocid,ocds-ozzobm-P000001/2025/2026/1300000000
0.releases.1215.relatedProcesses.0,0.releases.1215,0,P000015/2025/2026/4900000000,planning,Supply of Foodstuff (Porridge) for HBECD Gisagara District,ocid,ocds-ozzobm-P000015/2025/2026/4900000000
0.releases.1216.relatedProcesses.0,0.releases.1216,0,P000103/2025/2026/4800000000,planning,Veterinary Sanitary Mandate Services,ocid,ocds-ozzobm-P000103/2025/2026/4800000000
0.releases.1217.relatedProcesses.0,0.releases.1217,0,P000103/2025/2026/4800000000,planning,Veterinary Sanitary Mandate Services,ocid,ocds-ozzobm-P000103/2025/2026/4800000000
0.releases.1218.relatedProcesses.0,0.releases.1218,0,P000045/2025/2026/0702000000,planning,"Acquisition of Office equipment, furniture and fittings for RCS Headquarters and all CFs",ocid,ocds-ozzobm-P000045/2025/2026/0702000000
0.releases.1219.relatedProcesses.0,0.releases.1219,0,P000073/2024/2025/1802000000,planning,"Consultancy Services for Supervision of Urgent Works of Rehabilitation /Repair of Selected Damaged Unpaved National Road Sections in Northern Province,Rwand",ocid,ocds-ozzobm-P000073/2024/2025/1802000000
0.releases.1220.relatedProcesses.0,0.releases.1220,0,P000175/2025/2026/7000000000,planning,"A supply of construction materials, which includes the installation of electrical equipment and water tanks in schools. Framework contract (1 Lot by District)",ocid,ocds-ozzobm-P000175/2025/2026/7000000000
0.releases.1221.relatedProcesses.0,0.releases.1221,0,P000011/2025/2026/0901001015,planning,Hiring a Consultancy firm for supervision of irrigation rehabilitation works for Kamiranzovu marshland (140ha),ocid,ocds-ozzobm-P000011/2025/2026/0901001015
0.releases.1222.relatedProcesses.0,0.releases.1222,0,P000032/2025/2026/0901001016,planning,"Preparation of Environmental and Social Safeguards Instruments (RAP, ESIA, ESA)",ocid,ocds-ozzobm-P000032/2025/2026/0901001016
0.releases.1223.relatedProcesses.0,0.releases.1223,0,P000057/2025/2026/0901001015,planning,Production of Audio Visual Communication Materials (Hiring Knowledge Management and Communication Firm),ocid,ocds-ozzobm-P000057/2025/2026/0901001015
0.releases.1224.relatedProcesses.0,0.releases.1224,0,P000005/2023/2024/6900003001,planning,Supply of Construction Materials to be used to maintain hospital infrastructure under framework agreements,ocid,ocds-ozzobm-P000005/2023/2024/6900003001
0.releases.1225.relatedProcesses.0,0.releases.1225,0,P000047/2025/2026/5300000000,planning,Maintenance and Repairs of Vehicles and Motorbikes,ocid,ocds-ozzobm-P000047/2025/2026/5300000000
0.releases.1226.relatedProcesses.0,0.releases.1226,0,P000005/2023/2024/6900003001,planning,Supply of Construction Materials to be used to maintain hospital infrastructure under framework agreements,ocid,ocds-ozzobm-P000005/2023/2024/6900003001
0.releases.1227.relatedProcesses.0,0.releases.1227,0,P000015/2025/2026/1300000000,planning,Hiring a cunsultant to provide international legal services and representation to the Government of Rwanda UK case,ocid,ocds-ozzobm-P000015/2025/2026/1300000000
0.releases.1228.relatedProcesses.0,0.releases.1228,0,P000012/2023/2024/0109000000,planning,Provision of Sports services,ocid,ocds-ozzobm-P000012/2023/2024/0109000000
0.releases.1229.relatedProcesses.0,0.releases.1229,0,P000038/2025/2026/1302000000,planning,Acquisition of Furniture,ocid,ocds-ozzobm-P000038/2025/2026/1302000000
0.releases.1230.relatedProcesses.0,0.releases.1230,0,P000038/2025/2026/1302000000,planning,Acquisition of Furniture,ocid,ocds-ozzobm-P000038/2025/2026/1302000000
0.releases.1231.relatedProcesses.0,0.releases.1231,0,P000097/2025/2026/0702000000,planning,Acquisition of hygienic Materials for RCS Training School,ocid,ocds-ozzobm-P000097/2025/2026/0702000000
0.releases.1232.relatedProcesses.0,0.releases.1232,0,P000094/2025/2026/0702000000,planning,Acquisition of laboratory equipment for Correctional facilities health centers,ocid,ocds-ozzobm-P000094/2025/2026/0702000000
0.releases.1233.relatedProcesses.0,0.releases.1233,0,P000095/2025/2026/0702000000,planning,Acquisition of foodstuff for trainees and trainers at RCS training school,ocid,ocds-ozzobm-P000095/2025/2026/0702000000
0.releases.1234.relatedProcesses.0,0.releases.1234,0,P000101/2025/2026/0702000000,planning,"Acquisition of curtain Nyarugenge CF, Nyamasheke CF and Nyamagabe CF",ocid,ocds-ozzobm-P000101/2025/2026/0702000000
0.releases.1235.relatedProcesses.0,0.releases.1235,0,P000007/2025/2026/2601000000,planning,Provision of audio-visual services,ocid,ocds-ozzobm-P000007/2025/2026/2601000000
0.releases.1236.relatedProcesses.0,0.releases.1236,0,P000038/2025/2026/1302000000,planning,Acquisition of Furniture,ocid,ocds-ozzobm-P000038/2025/2026/1302000000
0.releases.1237.relatedProcesses.0,0.releases.1237,0,P000096/2025/2026/0702000000,planning,Acquisition of water pump for RCS Headquarters,ocid,ocds-ozzobm-P000096/2025/2026/0702000000
0.releases.1238.relatedProcesses.0,0.releases.1238,0,P000005/2025/2026/0901001014,planning,Detailed design and supervision for Kanyeganyege 2 and upgrading irrigation infrastructure in the existing orchard.,ocid,ocds-ozzobm-P000005/2025/2026/0901001014
0.releases.1239.relatedProcesses.0,0.releases.1239,0,P000005/2025/2026/0901001014,planning,Detailed design and supervision for Kanyeganyege 2 and upgrading irrigation infrastructure in the existing orchard.,ocid,ocds-ozzobm-P000005/2025/2026/0901001014
0.releases.1240.relatedProcesses.0,0.releases.1240,0,P000059/2025/2026/0702000000,planning,Acquisition of raw materials for fabrication of sauce pan,ocid,ocds-ozzobm-P000059/2025/2026/0702000000
0.releases.1241.relatedProcesses.0,0.releases.1241,0,P000023/2025/2026/1802000000,planning,Hiring Consultancy Firm to carry out valuation of properties to be affected by various RTDA Transport Projects under a framework contract,ocid,ocds-ozzobm-P000023/2025/2026/1802000000
0.releases.1242.relatedProcesses.0,0.releases.1242,0,P000023/2025/2026/1802000000,planning,Hiring Consultancy Firm to carry out valuation of properties to be affected by various RTDA Transport Projects under a framework contract,ocid,ocds-ozzobm-P000023/2025/2026/1802000000
0.releases.1243.relatedProcesses.0,0.releases.1243,0,P000062/2025/2026/0701000000,planning,SUPPLY OF DIFFERENT REQUIREMENTS FOR REINFORCEMENT IN FPU PHASE III,ocid,ocds-ozzobm-P000062/2025/2026/0701000000
0.releases.1244.relatedProcesses.0,0.releases.1244,0,P000016/2023/2024/5600003001,planning,Purchase water and electricity for hospital,ocid,ocds-ozzobm-P000016/2023/2024/5600003001
0.releases.1245.relatedProcesses.0,0.releases.1245,0,P000175/2025/2026/7000000000,planning,"A supply of construction materials, which includes the installation of electrical equipment and water tanks in schools. Framework contract (1 Lot by District)",ocid,ocds-ozzobm-P000175/2025/2026/7000000000
0.releases.1246.relatedProcesses.0,0.releases.1246,0,P000175/2025/2026/7000000000,planning,"A supply of construction materials, which includes the installation of electrical equipment and water tanks in schools. Framework contract (1 Lot by District)",ocid,ocds-ozzobm-P000175/2025/2026/7000000000
0.releases.1247.relatedProcesses.0,0.releases.1247,0,P000022/2025/2026/2313000000,planning,"Provision of hotel services (hiring of conference halls, workshops, trainings, accommodations, restaurants and receptions outside of Kigali (framework contract)",ocid,ocds-ozzobm-P000022/2025/2026/2313000000
0.releases.1248.relatedProcesses.0,0.releases.1248,0,P000026/2025/2026/1412001000,planning,Refiling of RP /Kigali College Fire extinguisher (framework contract ),ocid,ocds-ozzobm-P000026/2025/2026/1412001000
0.releases.1249.relatedProcesses.0,0.releases.1249,0,P000025/2025/2026/2313000000,planning,Tender for hiring  furnished tents  and generators at District level  ( framework ),ocid,ocds-ozzobm-P000025/2025/2026/2313000000
0.releases.1250.relatedProcesses.0,0.releases.1250,0,P000184/2024/2025/1417000000,planning,Supply and Installation of Network Equipment and Devices,ocid,ocds-ozzobm-P000184/2024/2025/1417000000
0.releases.1251.relatedProcesses.0,0.releases.1251,0,P000045/2025/2026/0702000000,planning,"Acquisition of Office equipment, furniture and fittings for RCS Headquarters and all CFs",ocid,ocds-ozzobm-P000045/2025/2026/0702000000
0.releases.1252.relatedProcesses.0,0.releases.1252,0,P000009/2025/2026/1412006000,planning,Provision of Media Coverage and Communication services,ocid,ocds-ozzobm-P000009/2025/2026/1412006000
0.releases.1253.relatedProcesses.0,0.releases.1253,0,P000011/2025/2026/1412006000,planning,Provision of garage services for RP Karongi  College Vehicles,ocid,ocds-ozzobm-P000011/2025/2026/1412006000
0.releases.1254.relatedProcesses.0,0.releases.1254,0,P000010/2025/2026/5900003001,planning,Providing cleaning services,ocid,ocds-ozzobm-P000010/2025/2026/5900003001
0.releases.1255.relatedProcesses.0,0.releases.1255,0,P000119/2025/2026/1203000000,planning,Provision of Maintenance and repair of vehicles in HUYE for RRA,ocid,ocds-ozzobm-P000119/2025/2026/1203000000
0.releases.1256.relatedProcesses.0,0.releases.1256,0,P000119/2025/2026/1203000000,planning,Provision of Maintenance and repair of vehicles in HUYE for RRA,ocid,ocds-ozzobm-P000119/2025/2026/1203000000
0.releases.1257.relatedProcesses.0,0.releases.1257,0,P000079/2025/2026/1601000000,planning,clearing  services,ocid,ocds-ozzobm-P000079/2025/2026/1601000000
0.releases.1258.relatedProcesses.0,0.releases.1258,0,P000093/2025/2026/1601000000,planning,Supply and installation of electrical cable,ocid,ocds-ozzobm-P000093/2025/2026/1601000000
0.releases.1259.relatedProcesses.0,0.releases.1259,0,P000009/2022/2023/8300000000,planning,CONSULTANCY SERVICES FOR IMPLEMENTING SMS GETAWAY IN RURA,ocid,ocds-ozzobm-P000009/2022/2023/8300000000
0.releases.1260.relatedProcesses.0,0.releases.1260,0,P000001/2025/2026/6600003002,planning,SUPPLY OF SPARE PARTS FOR INFRASTRUCTURE MAINTENANCE,ocid,ocds-ozzobm-P000001/2025/2026/6600003002
0.releases.1261.relatedProcesses.0,0.releases.1261,0,P000074/2025/2026/1800000000,planning,Recruitment of an Individual Consultant to support the development of a Virtual Property and Building Addressing System.,ocid,ocds-ozzobm-P000074/2025/2026/1800000000
0.releases.1262.relatedProcesses.0,0.releases.1262,0,P000029/2025/2026/6600003002,planning,Construction  of  public pit latrines in hospitalisation,ocid,ocds-ozzobm-P000029/2025/2026/6600003002
0.releases.1263.relatedProcesses.0,0.releases.1263,0,P000047/2025/2026/6500000000,planning,ANIMAL INSEMINATION AND VACCINATION CAMPAIGN THROUGH SANITARY MANDATE,ocid,ocds-ozzobm-P000047/2025/2026/6500000000
0.releases.1264.relatedProcesses.0,0.releases.1264,0,P000002/2025/2026/6600000000,planning,Tender For Cleaning Services of Public Places In Kinazi Sector,ocid,ocds-ozzobm-P000002/2025/2026/6600000000
0.releases.1265.relatedProcesses.0,0.releases.1265,0,P000002/2025/2026/6600000000,planning,Tender For Cleaning Services of Public Places In Kinazi Sector,ocid,ocds-ozzobm-P000002/2025/2026/6600000000
0.releases.1266.relatedProcesses.0,0.releases.1266,0,P000007/2025/2026/2601000000,planning,Provision of audio-visual services,ocid,ocds-ozzobm-P000007/2025/2026/2601000000
0.releases.1267.relatedProcesses.0,0.releases.1267,0,P000013/2024/2025/5700000000,planning,supply of pigs,ocid,ocds-ozzobm-P000013/2024/2025/5700000000
0.releases.1268.relatedProcesses.0,0.releases.1268,0,P000044/2025/2026/6400000000,planning,"Maintenance, Renovation and Rehabilitation of Rulindo District Infrastructures",ocid,ocds-ozzobm-P000044/2025/2026/6400000000
0.releases.1269.relatedProcesses.0,0.releases.1269,0,P000044/2025/2026/6400000000,planning,"Maintenance, Renovation and Rehabilitation of Rulindo District Infrastructures",ocid,ocds-ozzobm-P000044/2025/2026/6400000000
0.releases.1270.relatedProcesses.0,0.releases.1270,0,P000008/2025/2026/5700000000,planning,Maintenance of Sound System,ocid,ocds-ozzobm-P000008/2025/2026/5700000000
0.releases.1271.relatedProcesses.0,0.releases.1271,0,P000004/2024/2025/2701000000,planning,Supply of ibiribwa by'Inyambo,ocid,ocds-ozzobm-P000004/2024/2025/2701000000
0.releases.1272.relatedProcesses.0,0.releases.1272,0,P000067/2023/2024/4100000000,planning,Assets Valuation and Properties Expropriation,ocid,ocds-ozzobm-P000067/2023/2024/4100000000
0.releases.1273.relatedProcesses.0,0.releases.1273,0,P000032/2025/2026/7000000000,planning,"Tender for greening, gardening and planting trees on demand",ocid,ocds-ozzobm-P000032/2025/2026/7000000000
0.releases.1274.relatedProcesses.0,0.releases.1274,0,P000044/2025/2026/6400000000,planning,"Maintenance, Renovation and Rehabilitation of Rulindo District Infrastructures",ocid,ocds-ozzobm-P000044/2025/2026/6400000000
0.releases.1275.relatedProcesses.0,0.releases.1275,0,P000044/2025/2026/6400000000,planning,"Maintenance, Renovation and Rehabilitation of Rulindo District Infrastructures",ocid,ocds-ozzobm-P000044/2025/2026/6400000000
0.releases.1276.relatedProcesses.0,0.releases.1276,0,P000044/2025/2026/6400000000,planning,"Maintenance, Renovation and Rehabilitation of Rulindo District Infrastructures",ocid,ocds-ozzobm-P000044/2025/2026/6400000000
0.releases.1277.relatedProcesses.0,0.releases.1277,0,P000001/2025/2026/1421000000,planning,Supply of Office Stationaries for NESA staff under Framework agreement,ocid,ocds-ozzobm-P000001/2025/2026/1421000000
0.releases.1278.relatedProcesses.0,0.releases.1278,0,P000019/2025/2026/5400001000,planning,Tender of purchase Mineral water for staff and others,ocid,ocds-ozzobm-P000019/2025/2026/5400001000
0.releases.1279.relatedProcesses.0,0.releases.1279,0,P000001/2025/2026/1421000000,planning,Supply of Office Stationaries for NESA staff under Framework agreement,ocid,ocds-ozzobm-P000001/2025/2026/1421000000
0.releases.1280.relatedProcesses.0,0.releases.1280,0,P000005/2025/2026/8300000000,planning,"Hiring a Human Resource( HR) Firm for talent acquisition,  HR policy development and training and development  services in a framework manner",ocid,ocds-ozzobm-P000005/2025/2026/8300000000
0.releases.1281.relatedProcesses.0,0.releases.1281,0,P000015/2025/2026/1300000000,planning,Hiring a cunsultant to provide international legal services and representation to the Government of Rwanda UK case,ocid,ocds-ozzobm-P000015/2025/2026/1300000000
0.releases.1282.relatedProcesses.0,0.releases.1282,0,P000001/2025/2026/1300000000,planning,Provide communication facilities to Abunzi ( CUG),ocid,ocds-ozzobm-P000001/2025/2026/1300000000
0.releases.1283.relatedProcesses.0,0.releases.1283,0,P000005/2025/2026/8300000000,planning,"Hiring a Human Resource( HR) Firm for talent acquisition,  HR policy development and training and development  services in a framework manner",ocid,ocds-ozzobm-P000005/2025/2026/8300000000
0.releases.1284.relatedProcesses.0,0.releases.1284,0,P000045/2025/2026/6200000000,planning,Provide transport service for Gicumbi District staff,ocid,ocds-ozzobm-P000045/2025/2026/6200000000
0.releases.1285.relatedProcesses.0,0.releases.1285,0,P000008/2025/2026/1602000000,planning,Supply of Plumbing materials,ocid,ocds-ozzobm-P000008/2025/2026/1602000000
0.releases.1286.relatedProcesses.0,0.releases.1286,0,P000044/2025/2026/6400000000,planning,"Maintenance, Renovation and Rehabilitation of Rulindo District Infrastructures",ocid,ocds-ozzobm-P000044/2025/2026/6400000000
0.releases.1287.relatedProcesses.0,0.releases.1287,0,P000044/2025/2026/6400000000,planning,"Maintenance, Renovation and Rehabilitation of Rulindo District Infrastructures",ocid,ocds-ozzobm-P000044/2025/2026/6400000000
0.releases.1288.relatedProcesses.0,0.releases.1288,0,P000044/2025/2026/6400000000,planning,"Maintenance, Renovation and Rehabilitation of Rulindo District Infrastructures",ocid,ocds-ozzobm-P000044/2025/2026/6400000000
0.releases.1289.relatedProcesses.0,0.releases.1289,0,P000044/2025/2026/6400000000,planning,"Maintenance, Renovation and Rehabilitation of Rulindo District Infrastructures",ocid,ocds-ozzobm-P000044/2025/2026/6400000000
0.releases.1290.relatedProcesses.0,0.releases.1290,0,P000044/2025/2026/6400000000,planning,"Maintenance, Renovation and Rehabilitation of Rulindo District Infrastructures",ocid,ocds-ozzobm-P000044/2025/2026/6400000000
0.releases.1291.relatedProcesses.0,0.releases.1291,0,P000044/2025/2026/6400000000,planning,"Maintenance, Renovation and Rehabilitation of Rulindo District Infrastructures",ocid,ocds-ozzobm-P000044/2025/2026/6400000000
0.releases.1292.relatedProcesses.0,0.releases.1292,0,P000014/2024/2025/2903001000,planning,Provision of Hotel services(3 stars)  under framework contract,ocid,ocds-ozzobm-P000014/2024/2025/2903001000
0.releases.1293.relatedProcesses.0,0.releases.1293,0,P000273/2023/2024/1804000000,planning,Supervision of Completion of the construction works of two workshops and Construction of classrooms at Mutobo VTC in Musanze District,ocid,ocds-ozzobm-P000273/2023/2024/1804000000
0.releases.1294.relatedProcesses.0,0.releases.1294,0,P000014/2024/2025/2903001000,planning,Provision of Hotel services(3 stars)  under framework contract,ocid,ocds-ozzobm-P000014/2024/2025/2903001000
0.releases.1295.relatedProcesses.0,0.releases.1295,0,P000026/2024/2025/2701000000,planning,Codification of RCHA 'assets,ocid,ocds-ozzobm-P000026/2024/2025/2701000000
0.releases.1296.relatedProcesses.0,0.releases.1296,0,P000055/2025/2026/3100000000,planning,Supply of MINUBUMWE Stationary under framework contract,ocid,ocds-ozzobm-P000055/2025/2026/3100000000
0.releases.1297.relatedProcesses.0,0.releases.1297,0,P000020/2024/2025/0701000000,planning,SUPPLY OF SOLAR HOME SYSTEMS & ACCESSORIES AND INSTALLATION ON FRAMEWORK AGREEMENT,ocid,ocds-ozzobm-P000020/2024/2025/0701000000
0.releases.1298.relatedProcesses.0,0.releases.1298,0,P000013/2024/2025/0701000000,planning,PROVISION OF DIFFERENT SERVICES FOR PUBLIC RELATIONS (branding material) ON FRAMEWORK AGREEMENT,ocid,ocds-ozzobm-P000013/2024/2025/0701000000
0.releases.1299.relatedProcesses.0,0.releases.1299,0,P000090/2024/2025/0701000000,planning,SERVICE FOR MAINTENANCE OF ELEVATOR LIFT FOR RNP ON FRAMEWORK AGREEMENT,ocid,ocds-ozzobm-P000090/2024/2025/0701000000
0.releases.1300.relatedProcesses.0,0.releases.1300,0,P000090/2024/2025/0701000000,planning,SERVICE FOR MAINTENANCE OF ELEVATOR LIFT FOR RNP ON FRAMEWORK AGREEMENT,ocid,ocds-ozzobm-P000090/2024/2025/0701000000
0.releases.1301.relatedProcesses.0,0.releases.1301,0,P000014/2024/2025/2903001000,planning,Provision of Hotel services(3 stars)  under framework contract,ocid,ocds-ozzobm-P000014/2024/2025/2903001000
0.releases.1302.relatedProcesses.0,0.releases.1302,0,P000017/2025/2026/5700000000,planning,Supply of Productive assets,ocid,ocds-ozzobm-P000017/2025/2026/5700000000
0.releases.1303.relatedProcesses.0,0.releases.1303,0,P000017/2025/2026/5700000000,planning,Supply of Productive assets,ocid,ocds-ozzobm-P000017/2025/2026/5700000000
0.releases.1304.relatedProcesses.0,0.releases.1304,0,P000013/2024/2025/5700000000,planning,supply of pigs,ocid,ocds-ozzobm-P000013/2024/2025/5700000000
0.releases.1305.relatedProcesses.0,0.releases.1305,0,P000015/2025/2026/5800003001,planning,Tender for Hospital Vehicles and Moto's Tyres,ocid,ocds-ozzobm-P000015/2025/2026/5800003001
0.releases.1306.relatedProcesses.0,0.releases.1306,0,P000011/2025/2026/2201000000,planning,Consultant services  to conduct a  study on Inventory of  air pollution sources  in Rwanda,ocid,ocds-ozzobm-P000011/2025/2026/2201000000
0.releases.1307.relatedProcesses.0,0.releases.1307,0,P000011/2025/2026/2201000000,planning,Consultant services  to conduct a  study on Inventory of  air pollution sources  in Rwanda,ocid,ocds-ozzobm-P000011/2025/2026/2201000000
0.releases.1308.relatedProcesses.0,0.releases.1308,0,P000029/2025/2026/4100000000,planning,Construction of Nyamata Health Center,ocid,ocds-ozzobm-P000029/2025/2026/4100000000
0.releases.1309.relatedProcesses.0,0.releases.1309,0,P000058/2024/2025/2318000000,planning,Provision of maritime transport across lake Kivu,ocid,ocds-ozzobm-P000058/2024/2025/2318000000
0.releases.1310.relatedProcesses.0,0.releases.1310,0,P000118/2025/2026/7000000000,planning,Provision of insurance services for City of  Kigali Assets,ocid,ocds-ozzobm-P000118/2025/2026/7000000000
0.releases.1311.relatedProcesses.0,0.releases.1311,0,P000049/2025/2026/4100000000,planning,Hotel and Motel services,ocid,ocds-ozzobm-P000049/2025/2026/4100000000
0.releases.1312.relatedProcesses.0,0.releases.1312,0,P000251/2024/2025/1804000000,planning,Consultancy services for design and supervision of urgent government constriction projects countrywide,ocid,ocds-ozzobm-P000251/2024/2025/1804000000
0.releases.1313.relatedProcesses.0,0.releases.1313,0,P000043/2025/2026/1804000000,planning,Consultancy services for design and supervision of urgent government constriction projects countrywide,ocid,ocds-ozzobm-P000043/2025/2026/1804000000
0.releases.1314.relatedProcesses.0,0.releases.1314,0,P000001/2025/2026/1602000000,planning,Supply of Cleaning& Hygiene materials,ocid,ocds-ozzobm-P000001/2025/2026/1602000000
0.releases.1315.relatedProcesses.0,0.releases.1315,0,P000001/2025/2026/1602000000,planning,Supply of Cleaning& Hygiene materials,ocid,ocds-ozzobm-P000001/2025/2026/1602000000
0.releases.1316.relatedProcesses.0,0.releases.1316,0,P000015/2025/2026/1602000000,planning,Supply of Hemodialysis consumables for NIPPRO Machines/ Medical consumables,ocid,ocds-ozzobm-P000015/2025/2026/1602000000
0.releases.1317.relatedProcesses.0,0.releases.1317,0,P000026/2025/2026/4300000000,planning,Supply of Agricultural Inputs and Irrigation Equipment for Crop Trials and Model Farms,ocid,ocds-ozzobm-P000026/2025/2026/4300000000
0.releases.1318.relatedProcesses.0,0.releases.1318,0,P000026/2025/2026/4300000000,planning,Supply of Agricultural Inputs and Irrigation Equipment for Crop Trials and Model Farms,ocid,ocds-ozzobm-P000026/2025/2026/4300000000
0.releases.1319.relatedProcesses.0,0.releases.1319,0,P000050/2024/2025/1001000000,planning,Supply and installation of office furniture for Rwanda Standards Board (framework contract),ocid,ocds-ozzobm-P000050/2024/2025/1001000000
0.releases.1320.relatedProcesses.0,0.releases.1320,0,P000014/2024/2025/2903001000,planning,Provision of Hotel services(3 stars)  under framework contract,ocid,ocds-ozzobm-P000014/2024/2025/2903001000
0.releases.1321.relatedProcesses.0,0.releases.1321,0,P000064/2025/2026/1305000000,planning,Provision of Maintenance and Repair Services for Electric Minibus Vehicles,ocid,ocds-ozzobm-P000064/2025/2026/1305000000
0.releases.1322.relatedProcesses.0,0.releases.1322,0,P000064/2025/2026/1305000000,planning,Provision of Maintenance and Repair Services for Electric Minibus Vehicles,ocid,ocds-ozzobm-P000064/2025/2026/1305000000
0.releases.1323.relatedProcesses.0,0.releases.1323,0,P000051/2025/2026/1305000000,planning,Provision of Catering Services for RFI Staff,ocid,ocds-ozzobm-P000051/2025/2026/1305000000
0.releases.1324.relatedProcesses.0,0.releases.1324,0,P000014/2024/2025/2903001000,planning,Provision of Hotel services(3 stars)  under framework contract,ocid,ocds-ozzobm-P000014/2024/2025/2903001000
0.releases.1325.relatedProcesses.0,0.releases.1325,0,P000052/2025/2026/5900000000,planning,Decoration services for Nyamasheke District events,ocid,ocds-ozzobm-P000052/2025/2026/5900000000
0.releases.1326.relatedProcesses.0,0.releases.1326,0,P000043/2025/2026/0902000000,planning,Tender for framework contract for supply of promotional materials,ocid,ocds-ozzobm-P000043/2025/2026/0902000000
0.releases.1327.relatedProcesses.0,0.releases.1327,0,P000015/2025/2026/6700003001,planning,Establishment of framework agreement for supply of stationnairies(office supplies),ocid,ocds-ozzobm-P000015/2025/2026/6700003001
0.releases.1328.relatedProcesses.0,0.releases.1328,0,P000020/2024/2025/6700003001,planning,"To maintain ,repair and rehabilitate hospital infrastructure (including water supply system, hospital building)",ocid,ocds-ozzobm-P000020/2024/2025/6700003001
0.releases.1329.relatedProcesses.0,0.releases.1329,0,P000014/2024/2025/2903001000,planning,Provision of Hotel services(3 stars)  under framework contract,ocid,ocds-ozzobm-P000014/2024/2025/2903001000
0.releases.1330.relatedProcesses.0,0.releases.1330,0,P000003/2025/2026/0901001017,planning,Purchase of different promotional materials,ocid,ocds-ozzobm-P000003/2025/2026/0901001017
0.releases.1331.relatedProcesses.0,0.releases.1331,0,P000010/2024/2025/0901000000,planning,"Supply of pig, chicken, rabbits  veterinary drugs",ocid,ocds-ozzobm-P000010/2024/2025/0901000000
0.releases.1332.relatedProcesses.0,0.releases.1332,0,P000010/2024/2025/0901000000,planning,"Supply of pig, chicken, rabbits  veterinary drugs",ocid,ocds-ozzobm-P000010/2024/2025/0901000000
0.releases.1333.relatedProcesses.0,0.releases.1333,0,P000022/2023/2024/2500001000,planning,Execution works of ravines rehabilitation in and around Kiziba and Gihembe refugee camps,ocid,ocds-ozzobm-P000022/2023/2024/2500001000
0.releases.1334.relatedProcesses.0,0.releases.1334,0,P000090/2024/2025/1806000000,planning,Car wash services for EDCL Vehicles under framework contract,ocid,ocds-ozzobm-P000090/2024/2025/1806000000
0.releases.1335.relatedProcesses.0,0.releases.1335,0,P000026/2025/2026/4300000000,planning,Supply of Agricultural Inputs and Irrigation Equipment for Crop Trials and Model Farms,ocid,ocds-ozzobm-P000026/2025/2026/4300000000
0.releases.1336.relatedProcesses.0,0.releases.1336,0,P000030/2025/2026/1419000000,planning,Provision of restaurant services and events management for RP,ocid,ocds-ozzobm-P000030/2025/2026/1419000000
0.releases.1337.relatedProcesses.0,0.releases.1337,0,P000030/2025/2026/1419000000,planning,Provision of restaurant services and events management for RP,ocid,ocds-ozzobm-P000030/2025/2026/1419000000
0.releases.1338.relatedProcesses.0,0.releases.1338,0,P000051/2025/2026/0702000000,planning,Decoration and related Services for Rwanda Correctional Service Events,ocid,ocds-ozzobm-P000051/2025/2026/0702000000
0.releases.1339.relatedProcesses.0,0.releases.1339,0,P000082/2025/2026/0901000000,planning,Supply of  Rabbit cages,ocid,ocds-ozzobm-P000082/2025/2026/0901000000
0.releases.1340.relatedProcesses.0,0.releases.1340,0,P000082/2025/2026/0901000000,planning,Supply of  Rabbit cages,ocid,ocds-ozzobm-P000082/2025/2026/0901000000
0.releases.1341.relatedProcesses.0,0.releases.1341,0,P000011/2025/2026/0106000000,planning,Transport services,ocid,ocds-ozzobm-P000011/2025/2026/0106000000
0.releases.1342.relatedProcesses.0,0.releases.1342,0,P000011/2025/2026/0106000000,planning,Transport services,ocid,ocds-ozzobm-P000011/2025/2026/0106000000
0.releases.1343.relatedProcesses.0,0.releases.1343,0,P000051/2025/2026/0702000000,planning,Decoration and related Services for Rwanda Correctional Service Events,ocid,ocds-ozzobm-P000051/2025/2026/0702000000
0.releases.1344.relatedProcesses.0,0.releases.1344,0,P000087/2023/2024/6300000000,planning,Upgrading of Cyuve Informal Settlement in Musanze City by Execution Works of Asphalt Roads.,ocid,ocds-ozzobm-P000087/2023/2024/6300000000
0.releases.1345.relatedProcesses.0,0.releases.1345,0,P000038/2025/2026/2204000000,planning,Hiring a technical advisor to support MINEMA on Flood Early warning system(FEWS),ocid,ocds-ozzobm-P000038/2025/2026/2204000000
0.releases.1346.relatedProcesses.0,0.releases.1346,0,P000038/2025/2026/2204000000,planning,Hiring a technical advisor to support MINEMA on Flood Early warning system(FEWS),ocid,ocds-ozzobm-P000038/2025/2026/2204000000
0.releases.1347.relatedProcesses.0,0.releases.1347,0,P000014/2024/2025/2903001000,planning,Provision of Hotel services(3 stars)  under framework contract,ocid,ocds-ozzobm-P000014/2024/2025/2903001000
0.releases.1348.relatedProcesses.0,0.releases.1348,0,P000036/2023/2024/1700000000,planning,"Provision of Hotels Services to NPPA  in Kigali City (Accommodation, Meeting Rooms, Outside Catering)",ocid,ocds-ozzobm-P000036/2023/2024/1700000000
0.releases.1349.relatedProcesses.0,0.releases.1349,0,P000036/2023/2024/1700000000,planning,"Provision of Hotels Services to NPPA  in Kigali City (Accommodation, Meeting Rooms, Outside Catering)",ocid,ocds-ozzobm-P000036/2023/2024/1700000000
0.releases.1350.relatedProcesses.0,0.releases.1350,0,P000036/2023/2024/1700000000,planning,"Provision of Hotels Services to NPPA  in Kigali City (Accommodation, Meeting Rooms, Outside Catering)",ocid,ocds-ozzobm-P000036/2023/2024/1700000000
0.releases.1351.relatedProcesses.0,0.releases.1351,0,P000036/2023/2024/1700000000,planning,"Provision of Hotels Services to NPPA  in Kigali City (Accommodation, Meeting Rooms, Outside Catering)",ocid,ocds-ozzobm-P000036/2023/2024/1700000000
0.releases.1352.relatedProcesses.0,0.releases.1352,0,P000014/2024/2025/2903001000,planning,Provision of Hotel services(3 stars)  under framework contract,ocid,ocds-ozzobm-P000014/2024/2025/2903001000
0.releases.1353.relatedProcesses.0,0.releases.1353,0,P000022/2025/2026/8100000000,planning,Telecommunication Services,ocid,ocds-ozzobm-P000022/2025/2026/8100000000
0.releases.1354.relatedProcesses.0,0.releases.1354,0,P000036/2025/2026/0901000000,planning,Supply and Installation of Plant Growth Thermotherapy chamber,ocid,ocds-ozzobm-P000036/2025/2026/0901000000
0.releases.1355.relatedProcesses.0,0.releases.1355,0,P000086/2025/2026/1203000000,planning,Supply and installation of SOCLass licenses (Framework contract).,ocid,ocds-ozzobm-P000086/2025/2026/1203000000
0.releases.1356.relatedProcesses.0,0.releases.1356,0,P000098/2025/2026/0702000000,planning,Acquisition of operation vehicles (Bick-up and minibus) for RCS,ocid,ocds-ozzobm-P000098/2025/2026/0702000000
0.releases.1357.relatedProcesses.0,0.releases.1357,0,P000086/2025/2026/1203000000,planning,Supply and installation of SOCLass licenses (Framework contract).,ocid,ocds-ozzobm-P000086/2025/2026/1203000000
0.releases.1358.relatedProcesses.0,0.releases.1358,0,P000019/2025/2026/1203000000,planning,Provision of annual repair and maintenance of RRA Water dispensers (framework contract).,ocid,ocds-ozzobm-P000019/2025/2026/1203000000
0.releases.1359.relatedProcesses.0,0.releases.1359,0,P000151/2022/2023/0108000000,planning,Supervision of the construction works of the advance factory Unit,ocid,ocds-ozzobm-P000151/2022/2023/0108000000
0.releases.1360.relatedProcesses.0,0.releases.1360,0,P000151/2022/2023/0108000000,planning,Supervision of the construction works of the advance factory Unit,ocid,ocds-ozzobm-P000151/2022/2023/0108000000
0.releases.1361.relatedProcesses.0,0.releases.1361,0,P000129/2023/2024/1203000000,planning,Maintenance and repair of RRA Vehicles in NGOMA (framework contract),ocid,ocds-ozzobm-P000129/2023/2024/1203000000
0.releases.1362.relatedProcesses.0,0.releases.1362,0,P000172/2021/2022/1203000000,planning,Provision of Rental services for RRA staff accommodations at Gatuna Border (framework contract).,ocid,ocds-ozzobm-P000172/2021/2022/1203000000
0.releases.1363.relatedProcesses.0,0.releases.1363,0,P000066/2025/2026/1605000000,planning,Consultancy Services for External audit of the RBC- CDC cooperative agreements (CoAgs) supported programs Lot 1,ocid,ocds-ozzobm-P000066/2025/2026/1605000000
0.releases.1364.relatedProcesses.0,0.releases.1364,0,P000053/2022/2023/1203000000,planning,"10.	Annual provision of Insurance of RRA movable and immovable assets (Fire and Allied Perils, Machinery breakdown and General liability) to RRA(Framework contract)",ocid,ocds-ozzobm-P000053/2022/2023/1203000000
0.releases.1365.relatedProcesses.0,0.releases.1365,0,P000053/2022/2023/1203000000,planning,"10.	Annual provision of Insurance of RRA movable and immovable assets (Fire and Allied Perils, Machinery breakdown and General liability) to RRA(Framework contract)",ocid,ocds-ozzobm-P000053/2022/2023/1203000000
0.releases.1366.relatedProcesses.0,0.releases.1366,0,P000151/2022/2023/0108000000,planning,Supervision of the construction works of the advance factory Unit,ocid,ocds-ozzobm-P000151/2022/2023/0108000000
0.releases.1367.relatedProcesses.0,0.releases.1367,0,P000151/2022/2023/0108000000,planning,Supervision of the construction works of the advance factory Unit,ocid,ocds-ozzobm-P000151/2022/2023/0108000000
0.releases.1368.relatedProcesses.0,0.releases.1368,0,P000002/2024/2025/8000000000,planning,Annual contract for cleaning gardening and manpower services to RSSB Headquarters offices 30 branches and all other RSSB work places,ocid,ocds-ozzobm-P000002/2024/2025/8000000000
0.releases.1369.relatedProcesses.0,0.releases.1369,0,P000002/2024/2025/1902512000,planning,Designing and printing T-shirts to be used in NYC Events,ocid,ocds-ozzobm-P000002/2024/2025/1902512000
0.releases.1370.relatedProcesses.0,0.releases.1370,0,P000001/2024/2025/1902512000,planning,Provision of decoration and related services,ocid,ocds-ozzobm-P000001/2024/2025/1902512000
0.releases.1371.relatedProcesses.0,0.releases.1371,0,P000002/2024/2025/8000000000,planning,Annual contract for cleaning gardening and manpower services to RSSB Headquarters offices 30 branches and all other RSSB work places,ocid,ocds-ozzobm-P000002/2024/2025/8000000000
0.releases.1372.relatedProcesses.0,0.releases.1372,0,P000001/2024/2025/1902512000,planning,Provision of decoration and related services,ocid,ocds-ozzobm-P000001/2024/2025/1902512000
0.releases.1373.relatedProcesses.0,0.releases.1373,0,P000002/2024/2025/1902512000,planning,Designing and printing T-shirts to be used in NYC Events,ocid,ocds-ozzobm-P000002/2024/2025/1902512000
0.releases.1374.relatedProcesses.0,0.releases.1374,0,P000047/2024/2025/2201000000,planning,Framework contract for Provision of security services for REMA,ocid,ocds-ozzobm-P000047/2024/2025/2201000000
0.releases.1375.relatedProcesses.0,0.releases.1375,0,P000055/2025/2026/5300000000,planning,Feasibility study for clean water pipelines for universal coverage,ocid,ocds-ozzobm-P000055/2025/2026/5300000000
0.releases.1376.relatedProcesses.0,0.releases.1376,0,P000166/2024/2025/1605000000,planning,Supervision of construction works of ECD centres,ocid,ocds-ozzobm-P000166/2024/2025/1605000000
0.releases.1377.relatedProcesses.0,0.releases.1377,0,P000006/2023/2024/1605000000,planning,Supply of hygienic materilas,ocid,ocds-ozzobm-P000006/2023/2024/1605000000
0.releases.1378.relatedProcesses.0,0.releases.1378,0,P000231/2024/2025/1804000000,planning,Provision of Insurance Service for Government Buildings,ocid,ocds-ozzobm-P000231/2024/2025/1804000000
0.releases.1379.relatedProcesses.0,0.releases.1379,0,P000003/2025/2026/4200003001,planning,Tender of  fuel and engine oil,ocid,ocds-ozzobm-P000003/2025/2026/4200003001
0.releases.1380.relatedProcesses.0,0.releases.1380,0,P000003/2025/2026/4200003001,planning,Tender of  fuel and engine oil,ocid,ocds-ozzobm-P000003/2025/2026/4200003001
0.releases.1381.relatedProcesses.0,0.releases.1381,0,P000020/2024/2025/1200000000,planning,"Provision of Venue for Meetings, Conferences and Accommodation",ocid,ocds-ozzobm-P000020/2024/2025/1200000000
0.releases.1382.relatedProcesses.0,0.releases.1382,0,P000104/2022/2023/1417000000,planning,"Supply of Laboratory reagents, consumables and accessories for UR CMHS",ocid,ocds-ozzobm-P000104/2022/2023/1417000000
0.releases.1383.relatedProcesses.0,0.releases.1383,0,P000047/2025/2026/5300000000,planning,Maintenance and Repairs of Vehicles and Motorbikes,ocid,ocds-ozzobm-P000047/2025/2026/5300000000
0.releases.1384.relatedProcesses.0,0.releases.1384,0,P000040/2025/2026/0901001015,planning,Provision of car wash services,ocid,ocds-ozzobm-P000040/2025/2026/0901001015
0.releases.1385.relatedProcesses.0,0.releases.1385,0,P000013/2025/2026/4900000000,planning,Provide Girinka package -Veternary Medecine,ocid,ocds-ozzobm-P000013/2025/2026/4900000000
0.releases.1386.relatedProcesses.0,0.releases.1386,0,P000017/2025/2026/0113000000,planning,Consultancy Services for Comprehensive Electrical Grid Study for the Integration of SMR-based Nuclear Power into Rwanda’s National Energy Mix,ocid,ocds-ozzobm-P000017/2025/2026/0113000000
0.releases.1387.relatedProcesses.0,0.releases.1387,0,P000004/2025/2026/0113000000,planning,Provision of internet connectivity services in RAEB offices,ocid,ocds-ozzobm-P000004/2025/2026/0113000000
0.releases.1388.relatedProcesses.0,0.releases.1388,0,P000007/2025/2026/8100000000,planning,"Supply of IT Equipment, Maintenance Services, & provision of Spare Parts",ocid,ocds-ozzobm-P000007/2025/2026/8100000000
0.releases.1389.relatedProcesses.0,0.releases.1389,0,P000011/2022/2023/1800000000,planning,Transport services for civil servants across the country,ocid,ocds-ozzobm-P000011/2022/2023/1800000000
0.releases.1390.relatedProcesses.0,0.releases.1390,0,P000100/2024/2025/5300000000,planning,supervision of Construction of Akayanza ( Nyagisozi Sector) and Rukonja ( Cyahinda Sector) Bridges,ocid,ocds-ozzobm-P000100/2024/2025/5300000000
0.releases.1391.relatedProcesses.0,0.releases.1391,0,P000172/2025/2026/7000000000,planning,Detailed studies for construction of 8 critical ravines,ocid,ocds-ozzobm-P000172/2025/2026/7000000000
0.releases.1392.relatedProcesses.0,0.releases.1392,0,P000019/2024/2025/2305000000,planning,"Provision of Content Production, Television and Radio Broadcasting Services",ocid,ocds-ozzobm-P000019/2024/2025/2305000000
0.releases.1393.relatedProcesses.0,0.releases.1393,0,P000039/2025/2026/1200000000,planning,Fixed Asset Inventory Update & Coding,ocid,ocds-ozzobm-P000039/2025/2026/1200000000
0.releases.1394.relatedProcesses.0,0.releases.1394,0,P000043/2025/2026/2204000000,planning,Consultancy to perform Flood risk mapping to inform the FEWS as well as  vulnerability and exposure mapping.,ocid,ocds-ozzobm-P000043/2025/2026/2204000000
0.releases.1395.relatedProcesses.0,0.releases.1395,0,P000051/2025/2026/0702000000,planning,Decoration and related Services for Rwanda Correctional Service Events,ocid,ocds-ozzobm-P000051/2025/2026/0702000000
0.releases.1396.relatedProcesses.0,0.releases.1396,0,P000025/2025/2026/5800003001,planning,Purchase of airtime /Communication,ocid,ocds-ozzobm-P000025/2025/2026/5800003001
0.releases.1397.relatedProcesses.0,0.releases.1397,0,P000007/2024/2025/0800000000,planning,Supply of Fuel for MINAFFET Vehicles and Generator,ocid,ocds-ozzobm-P000007/2024/2025/0800000000
0.releases.1398.relatedProcesses.0,0.releases.1398,0,P000030/2025/2026/1419000000,planning,Provision of restaurant services and events management for RP,ocid,ocds-ozzobm-P000030/2025/2026/1419000000
0.releases.1399.relatedProcesses.0,0.releases.1399,0,P000037/2025/2026/1500000000,planning,GYM and Fitness Services,ocid,ocds-ozzobm-P000037/2025/2026/1500000000
0.releases.1400.relatedProcesses.0,0.releases.1400,0,P000036/2025/2026/1500000000,planning,Transport services for staff,ocid,ocds-ozzobm-P000036/2025/2026/1500000000
0.releases.1401.relatedProcesses.0,0.releases.1401,0,P000024/2025/2026/1002000000,planning,Supply of I.T Office equipment,ocid,ocds-ozzobm-P000024/2025/2026/1002000000
0.releases.1402.relatedProcesses.0,0.releases.1402,0,P000009/2025/2026/1808000000,planning,"Supervision  for Construction works of 16 latrines for schools, public places and health facilities in Huye,Gisagara,Nyaruguru, Gicumbi  Districts",ocid,ocds-ozzobm-P000009/2025/2026/1808000000
0.releases.1403.relatedProcesses.0,0.releases.1403,0,P000010/2025/2026/1808000000,planning,"Supervision  for Construction works of 16 latrines for schools, public places and health facilities in  Karongi, Rutsiro,Gatsibo,Kayonza  Districts",ocid,ocds-ozzobm-P000010/2025/2026/1808000000
0.releases.1404.relatedProcesses.0,0.releases.1404,0,P000011/2025/2026/1808000000,planning,Rehabilitation of non-functional rural water supply systems in Musanze and Burera Districts,ocid,ocds-ozzobm-P000011/2025/2026/1808000000
0.releases.1405.relatedProcesses.0,0.releases.1405,0,P000045/2025/2026/6200000000,planning,Provide transport service for Gicumbi District staff,ocid,ocds-ozzobm-P000045/2025/2026/6200000000
0.releases.1406.relatedProcesses.0,0.releases.1406,0,P000033/2025/2026/1602000000,planning,Provision of communication services,ocid,ocds-ozzobm-P000033/2025/2026/1602000000
0.releases.1407.relatedProcesses.0,0.releases.1407,0,P000020/2025/2026/5800000000,planning,Provide Girinka package under framework agreement,ocid,ocds-ozzobm-P000020/2025/2026/5800000000
0.releases.1408.relatedProcesses.0,0.releases.1408,0,P000015/2025/2026/1500000000,planning,Supply of refreshment for Minisports Leadership,ocid,ocds-ozzobm-P000015/2025/2026/1500000000
0.releases.1409.relatedProcesses.0,0.releases.1409,0,P000029/2025/2026/1602000000,planning,Provision of Sports and recreational facilities and services,ocid,ocds-ozzobm-P000029/2025/2026/1602000000
0.releases.1410.relatedProcesses.0,0.releases.1410,0,P000038/2025/2026/2204000000,planning,Hiring a technical advisor to support MINEMA on Flood Early warning system(FEWS),ocid,ocds-ozzobm-P000038/2025/2026/2204000000
0.releases.1411.relatedProcesses.0,0.releases.1411,0,P000029/2023/2024/2305000000,planning,Construction Supervision Consultancy (CSC) services for RUDP II phase 4 infrastructure in 6 secondary cities,ocid,ocds-ozzobm-P000029/2023/2024/2305000000
0.releases.1412.relatedProcesses.0,0.releases.1412,0,P000029/2025/2026/1602000000,planning,Provision of Sports and recreational facilities and services,ocid,ocds-ozzobm-P000029/2025/2026/1602000000
0.releases.1413.relatedProcesses.0,0.releases.1413,0,P000009/2021/2022/2800000000,planning,Hiring cars for staff local transportation,ocid,ocds-ozzobm-P000009/2021/2022/2800000000
0.releases.1414.relatedProcesses.0,0.releases.1414,0,P000025/2023/2024/2800000000,planning,Provision of designing and printing services,ocid,ocds-ozzobm-P000025/2023/2024/2800000000
0.releases.1415.relatedProcesses.0,0.releases.1415,0,P000037/2025/2026/1500000000,planning,GYM and Fitness Services,ocid,ocds-ozzobm-P000037/2025/2026/1500000000
0.releases.1416.relatedProcesses.0,0.releases.1416,0,P000037/2025/2026/1500000000,planning,GYM and Fitness Services,ocid,ocds-ozzobm-P000037/2025/2026/1500000000
0.releases.1417.relatedProcesses.0,0.releases.1417,0,P000019/2024/2025/2305000000,planning,"Provision of Content Production, Television and Radio Broadcasting Services",ocid,ocds-ozzobm-P000019/2024/2025/2305000000
0.releases.1418.relatedProcesses.0,0.releases.1418,0,P000019/2024/2025/2305000000,planning,"Provision of Content Production, Television and Radio Broadcasting Services",ocid,ocds-ozzobm-P000019/2024/2025/2305000000
0.releases.1419.relatedProcesses.0,0.releases.1419,0,P000053/2025/2026/6100000000,planning,Supervision of construction of 85 latrines,ocid,ocds-ozzobm-P000053/2025/2026/6100000000
0.releases.1420.relatedProcesses.0,0.releases.1420,0,P000027/2025/2026/7000000000,planning,Construction of Busanza Youth Centre /Playground,ocid,ocds-ozzobm-P000027/2025/2026/7000000000
0.releases.1421.relatedProcesses.0,0.releases.1421,0,P000027/2025/2026/7000000000,planning,Construction of Busanza Youth Centre /Playground,ocid,ocds-ozzobm-P000027/2025/2026/7000000000
0.releases.1422.relatedProcesses.0,0.releases.1422,0,P000010/2025/2026/5100003001,planning,Purchase ICT equipment and Maintenance of electrical materials,ocid,ocds-ozzobm-P000010/2025/2026/5100003001
0.releases.1423.relatedProcesses.0,0.releases.1423,0,P000014/2025/2026/2201000000,planning,Consultancy Services to Conduct Audit  for Global Biodiversity Flamework-Early Action Plan Project(GBF-EAS),ocid,ocds-ozzobm-P000014/2025/2026/2201000000
0.releases.1424.relatedProcesses.0,0.releases.1424,0,P000103/2025/2026/4800000000,planning,Veterinary Sanitary Mandate Services,ocid,ocds-ozzobm-P000103/2025/2026/4800000000
0.releases.1425.relatedProcesses.0,0.releases.1425,0,P000038/2025/2026/2204000000,planning,Hiring a technical advisor to support MINEMA on Flood Early warning system(FEWS),ocid,ocds-ozzobm-P000038/2025/2026/2204000000
0.releases.1426.relatedProcesses.0,0.releases.1426,0,P000038/2025/2026/2204000000,planning,Hiring a technical advisor to support MINEMA on Flood Early warning system(FEWS),ocid,ocds-ozzobm-P000038/2025/2026/2204000000
0.releases.1427.relatedProcesses.0,0.releases.1427,0,P000027/2025/2026/7000000000,planning,Construction of Busanza Youth Centre /Playground,ocid,ocds-ozzobm-P000027/2025/2026/7000000000
0.releases.1428.relatedProcesses.0,0.releases.1428,0,P000103/2025/2026/4800000000,planning,Veterinary Sanitary Mandate Services,ocid,ocds-ozzobm-P000103/2025/2026/4800000000
0.releases.1429.relatedProcesses.0,0.releases.1429,0,P000094/2024/2025/2201000000,planning,Consultancy services to conduct National Plastic Inventory,ocid,ocds-ozzobm-P000094/2024/2025/2201000000
0.releases.1430.relatedProcesses.0,0.releases.1430,0,P000094/2024/2025/2201000000,planning,Consultancy services to conduct National Plastic Inventory,ocid,ocds-ozzobm-P000094/2024/2025/2201000000
0.releases.1431.relatedProcesses.0,0.releases.1431,0,P000078/2024/2025/2201000000,planning,Consultancy Services to conduct a national study on Lead contamination and Exposure .,ocid,ocds-ozzobm-P000078/2024/2025/2201000000
0.releases.1432.relatedProcesses.0,0.releases.1432,0,P000078/2024/2025/2201000000,planning,Consultancy Services to conduct a national study on Lead contamination and Exposure .,ocid,ocds-ozzobm-P000078/2024/2025/2201000000
0.releases.1433.relatedProcesses.0,0.releases.1433,0,P000078/2024/2025/2201000000,planning,Consultancy Services to conduct a national study on Lead contamination and Exposure .,ocid,ocds-ozzobm-P000078/2024/2025/2201000000
0.releases.1434.relatedProcesses.0,0.releases.1434,0,P000078/2024/2025/2201000000,planning,Consultancy Services to conduct a national study on Lead contamination and Exposure .,ocid,ocds-ozzobm-P000078/2024/2025/2201000000
0.releases.1435.relatedProcesses.0,0.releases.1435,0,P000022/2025/2026/8100000000,planning,Telecommunication Services,ocid,ocds-ozzobm-P000022/2025/2026/8100000000
0.releases.1436.relatedProcesses.0,0.releases.1436,0,P000006/2024/2025/0800000000,planning,"printing of promotional materials services(banners,flyers,badges,business cards)",ocid,ocds-ozzobm-P000006/2024/2025/0800000000
0.releases.1437.relatedProcesses.0,0.releases.1437,0,P000026/2024/2025/8100000000,planning,Provision of architectural and engineering services,ocid,ocds-ozzobm-P000026/2024/2025/8100000000
0.releases.1438.relatedProcesses.0,0.releases.1438,0,P000001/2024/2025/1700000000,planning,Provision of Cleaning and Garderning Services to NPPA  Headquarter (Gishushu) and Nyarutarama,ocid,ocds-ozzobm-P000001/2024/2025/1700000000
0.releases.1439.relatedProcesses.0,0.releases.1439,0,P000140/2025/2026/1203000000,planning,Consultancy service for provision of training services for Certified Professional Business Analyst(CBA) to RRA.,ocid,ocds-ozzobm-P000140/2025/2026/1203000000
0.releases.1440.relatedProcesses.0,0.releases.1440,0,P000064/2025/2026/0300000000,planning,Acquisition of a Service Trolley use in Cafeteria Canteen for the parliament of Rwanda,ocid,ocds-ozzobm-P000064/2025/2026/0300000000
0.releases.1441.relatedProcesses.0,0.releases.1441,0,P000119/2025/2026/1203000000,planning,Provision of Maintenance and repair of vehicles in HUYE for RRA,ocid,ocds-ozzobm-P000119/2025/2026/1203000000
0.releases.1442.relatedProcesses.0,0.releases.1442,0,P000032/2024/2025/1200000000,planning,Provision of media services,ocid,ocds-ozzobm-P000032/2024/2025/1200000000
0.releases.1443.relatedProcesses.0,0.releases.1443,0,P000054/2025/2026/1203000000,planning,Provision of cleaning in the compound and garden maintenance services at RRA-OAG-NEC Headquarters (Framework contract),ocid,ocds-ozzobm-P000054/2025/2026/1203000000
0.releases.1444.relatedProcesses.0,0.releases.1444,0,P000062/2025/2026/1605000000,planning,Media Production services for communication activities,ocid,ocds-ozzobm-P000062/2025/2026/1605000000
0.releases.1445.relatedProcesses.0,0.releases.1445,0,P000015/2025/2026/2201000000,planning,Hiring the consultancy Firm in Preparation of the 7th National Report to the CBD,ocid,ocds-ozzobm-P000015/2025/2026/2201000000
0.releases.1446.relatedProcesses.0,0.releases.1446,0,P000066/2025/2026/1203000000,planning,"Supply and installation of licenses for firepower, radware, one identity PAM, vulnerability assessment tool, motadata to RRA (framework contract).",ocid,ocds-ozzobm-P000066/2025/2026/1203000000
0.releases.1447.relatedProcesses.0,0.releases.1447,0,P000153/2025/2026/1417000000,planning,Supply and installation of software and tools for establishment of modern english lab,ocid,ocds-ozzobm-P000153/2025/2026/1417000000
0.releases.1448.relatedProcesses.0,0.releases.1448,0,P000153/2025/2026/1417000000,planning,Supply and installation of software and tools for establishment of modern english lab,ocid,ocds-ozzobm-P000153/2025/2026/1417000000
0.releases.1449.relatedProcesses.0,0.releases.1449,0,P000018/2025/2026/4500003002,planning,Purchase of health commodities,ocid,ocds-ozzobm-P000018/2025/2026/4500003002
0.releases.1450.relatedProcesses.0,0.releases.1450,0,P000075/2023/2024/1200001000,planning,Recruitment of a Business Analyst to support IPSAS implementation in IFMIS,ocid,ocds-ozzobm-P000075/2023/2024/1200001000
0.releases.1451.relatedProcesses.0,0.releases.1451,0,P000111/2023/2024/1200001000,planning,Recruitment of IFMIS software architect to support IPSAS implementation,ocid,ocds-ozzobm-P000111/2023/2024/1200001000
0.releases.1452.relatedProcesses.0,0.releases.1452,0,P000092/2022/2023/1200001000,planning,Training Institution to provide training in certified Financial Analyst (CFA) to GOR staff and high performing students,ocid,ocds-ozzobm-P000092/2022/2023/1200001000
0.releases.1453.relatedProcesses.0,0.releases.1453,0,P000092/2022/2023/1200001000,planning,Training Institution to provide training in certified Financial Analyst (CFA) to GOR staff and high performing students,ocid,ocds-ozzobm-P000092/2022/2023/1200001000
0.releases.1454.relatedProcesses.0,0.releases.1454,0,P000091/2025/2026/0901000000,planning,Supply of  Foot and Mouth Disease (FMD)  vaccines,ocid,ocds-ozzobm-P000091/2025/2026/0901000000
0.releases.1455.relatedProcesses.0,0.releases.1455,0,P000001/2025/2026/2314000000,planning,Supply of Assistive Devices,ocid,ocds-ozzobm-P000001/2025/2026/2314000000
0.releases.1456.relatedProcesses.0,0.releases.1456,0,P000077/2024/2025/1605000000,planning,Supply of utensils for Home ECD centres,ocid,ocds-ozzobm-P000077/2024/2025/1605000000
0.releases.1457.relatedProcesses.0,0.releases.1457,0,P000018/2025/2026/0702000000,planning,Acquisition of printers for TVET Centers,ocid,ocds-ozzobm-P000018/2025/2026/0702000000
0.releases.1458.relatedProcesses.0,0.releases.1458,0,P000026/2025/2026/2300000000,planning,Tender for the  Airtime and space in different media platforms,ocid,ocds-ozzobm-P000026/2025/2026/2300000000
0.releases.1459.relatedProcesses.0,0.releases.1459,0,P000026/2025/2026/2300000000,planning,Tender for the  Airtime and space in different media platforms,ocid,ocds-ozzobm-P000026/2025/2026/2300000000
0.releases.1460.relatedProcesses.0,0.releases.1460,0,P000140/2025/2026/1203000000,planning,Consultancy service for provision of training services for Certified Professional Business Analyst(CBA) to RRA.,ocid,ocds-ozzobm-P000140/2025/2026/1203000000
0.releases.1461.relatedProcesses.0,0.releases.1461,0,P000014/2024/2025/1200000000,planning,Provision of Maintenance Services & Repair Program for Elevator,ocid,ocds-ozzobm-P000014/2024/2025/1200000000
0.releases.1462.relatedProcesses.0,0.releases.1462,0,P000100/2025/2026/1203000000,planning,Annual Supply of beverages to RRA (Framework contract),ocid,ocds-ozzobm-P000100/2025/2026/1203000000
0.releases.1463.relatedProcesses.0,0.releases.1463,0,P000136/2025/2026/1203000000,planning,Supply of library reading material to RRA,ocid,ocds-ozzobm-P000136/2025/2026/1203000000
0.releases.1464.relatedProcesses.0,0.releases.1464,0,P000014/2024/2025/1200000000,planning,Provision of Maintenance Services & Repair Program for Elevator,ocid,ocds-ozzobm-P000014/2024/2025/1200000000
0.releases.1465.relatedProcesses.0,0.releases.1465,0,P000091/2025/2026/0702000000,planning,Acquisition of Batteries for RCS Vehicles and Motorcycles,ocid,ocds-ozzobm-P000091/2025/2026/0702000000
0.releases.1466.relatedProcesses.0,0.releases.1466,0,P000014/2025/2026/4700003001,planning,Maintain vehicles and motorcycles of the hospital,ocid,ocds-ozzobm-P000014/2025/2026/4700003001
0.releases.1467.relatedProcesses.0,0.releases.1467,0,P000026/2025/2026/2300000000,planning,Tender for the  Airtime and space in different media platforms,ocid,ocds-ozzobm-P000026/2025/2026/2300000000
0.releases.1468.relatedProcesses.0,0.releases.1468,0,P000026/2025/2026/2300000000,planning,Tender for the  Airtime and space in different media platforms,ocid,ocds-ozzobm-P000026/2025/2026/2300000000
0.releases.1469.relatedProcesses.0,0.releases.1469,0,P000026/2025/2026/2300000000,planning,Tender for the  Airtime and space in different media platforms,ocid,ocds-ozzobm-P000026/2025/2026/2300000000
0.releases.1470.relatedProcesses.0,0.releases.1470,0,P000026/2025/2026/2300000000,planning,Tender for the  Airtime and space in different media platforms,ocid,ocds-ozzobm-P000026/2025/2026/2300000000
0.releases.1471.relatedProcesses.0,0.releases.1471,0,P000026/2025/2026/2300000000,planning,Tender for the  Airtime and space in different media platforms,ocid,ocds-ozzobm-P000026/2025/2026/2300000000
0.releases.1472.relatedProcesses.0,0.releases.1472,0,P000026/2025/2026/2300000000,planning,Tender for the  Airtime and space in different media platforms,ocid,ocds-ozzobm-P000026/2025/2026/2300000000
0.releases.1473.relatedProcesses.0,0.releases.1473,0,P000090/2025/2026/0901000000,planning,"Supply of Vaccines (LSD, BQ, Brucellosis, Rabies, and other)",ocid,ocds-ozzobm-P000090/2025/2026/0901000000
0.releases.1474.relatedProcesses.0,0.releases.1474,0,P000067/2023/2024/1200001000,planning,Recruitment of Data Managers for U-SACCO Automation,ocid,ocds-ozzobm-P000067/2023/2024/1200001000
0.releases.1475.relatedProcesses.0,0.releases.1475,0,P000023/2025/2026/5100000000,planning,Purchase of milk for sectors employees,ocid,ocds-ozzobm-P000023/2025/2026/5100000000
0.releases.1476.relatedProcesses.0,0.releases.1476,0,P000015/2024/2025/1421000000,planning,Supply of diesel fuel and gasoline (essence) for NESA Vehicles,ocid,ocds-ozzobm-P000015/2024/2025/1421000000
0.releases.1477.relatedProcesses.0,0.releases.1477,0,P000086/2025/2026/0702000000,planning,Insurance of RCS Animals,ocid,ocds-ozzobm-P000086/2025/2026/0702000000
0.releases.1478.relatedProcesses.0,0.releases.1478,0,P000014/2025/2026/4700003001,planning,Maintain vehicles and motorcycles of the hospital,ocid,ocds-ozzobm-P000014/2025/2026/4700003001
0.releases.1479.relatedProcesses.0,0.releases.1479,0,P000103/2022/2023/1200001000,planning,Recruitment of 14 Data Managers for U-SACCO Automation,ocid,ocds-ozzobm-P000103/2022/2023/1200001000
0.releases.1480.relatedProcesses.0,0.releases.1480,0,P000007/2025/2026/8100000000,planning,"Supply of IT Equipment, Maintenance Services, & provision of Spare Parts",ocid,ocds-ozzobm-P000007/2025/2026/8100000000
0.releases.1481.relatedProcesses.0,0.releases.1481,0,P000026/2024/2025/8100000000,planning,Provision of architectural and engineering services,ocid,ocds-ozzobm-P000026/2024/2025/8100000000
0.releases.1482.relatedProcesses.0,0.releases.1482,0,P000023/2025/2026/6100000000,planning,Rehabilitation and construction of Cyanika health center,ocid,ocds-ozzobm-P000023/2025/2026/6100000000
0.releases.1483.relatedProcesses.0,0.releases.1483,0,P000019/2025/2026/0702000000,planning,Consultancy Service for providing External Audit for TVET Project,ocid,ocds-ozzobm-P000019/2025/2026/0702000000
0.releases.1484.relatedProcesses.0,0.releases.1484,0,P000070/2023/2024/1200001000,planning,Recruitment of Data Migration Specialist for U-SACCO Automation,ocid,ocds-ozzobm-P000070/2023/2024/1200001000
0.releases.1485.relatedProcesses.0,0.releases.1485,0,P000088/2025/2026/7000000000,planning,Tender for maintenance of waste water treatment plant in Gacuriro real estate and IDP model Villages,ocid,ocds-ozzobm-P000088/2025/2026/7000000000
0.releases.1486.relatedProcesses.0,0.releases.1486,0,P000088/2025/2026/7000000000,planning,Tender for maintenance of waste water treatment plant in Gacuriro real estate and IDP model Villages,ocid,ocds-ozzobm-P000088/2025/2026/7000000000
0.releases.1487.relatedProcesses.0,0.releases.1487,0,P000043/2025/2026/2315000000,planning,Acquisition of Radio &TV satellite spares for existing transmission infrastructure (Framework contract),ocid,ocds-ozzobm-P000043/2025/2026/2315000000
0.releases.1488.relatedProcesses.0,0.releases.1488,0,P000043/2025/2026/2315000000,planning,Acquisition of Radio &TV satellite spares for existing transmission infrastructure (Framework contract),ocid,ocds-ozzobm-P000043/2025/2026/2315000000
0.releases.1489.relatedProcesses.0,0.releases.1489,0,P000029/2025/2026/6100000000,planning,Supply and installation of lift at Burera District headquarter,ocid,ocds-ozzobm-P000029/2025/2026/6100000000
0.releases.1490.relatedProcesses.0,0.releases.1490,0,P000018/2023/2024/0400000000,planning,Sports and recreational facilities and services,ocid,ocds-ozzobm-P000018/2023/2024/0400000000
0.releases.1491.relatedProcesses.0,0.releases.1491,0,P000198/2024/2025/1203000000,planning,Subscription to Risk assessment and Transfer pricing analysis database (Framework),ocid,ocds-ozzobm-P000198/2024/2025/1203000000
0.releases.1492.relatedProcesses.0,0.releases.1492,0,P000018/2023/2024/0400000000,planning,Sports and recreational facilities and services,ocid,ocds-ozzobm-P000018/2023/2024/0400000000
0.releases.1493.relatedProcesses.0,0.releases.1493,0,P000067/2023/2024/1806000000,planning,Provision of insurance services under framework contract,ocid,ocds-ozzobm-P000067/2023/2024/1806000000
0.releases.1494.relatedProcesses.0,0.releases.1494,0,P000002/2025/2026/1806000000,planning,Purchase the existing Arc Power’s power distribution assets for electrification of Murama village,ocid,ocds-ozzobm-P000002/2025/2026/1806000000
0.releases.1495.relatedProcesses.0,0.releases.1495,0,P000042/2025/2026/5600000000,planning,Study for Street naming and City mobility Plan in Rubavu District,ocid,ocds-ozzobm-P000042/2025/2026/5600000000
0.releases.1496.relatedProcesses.0,0.releases.1496,0,P000007/2025/2026/4800000000,planning,Medical Equipment in Kibumbwe Maternity,ocid,ocds-ozzobm-P000007/2025/2026/4800000000
0.releases.1497.relatedProcesses.0,0.releases.1497,0,P000018/2025/2026/0702000000,planning,Acquisition of printers for TVET Centers,ocid,ocds-ozzobm-P000018/2025/2026/0702000000
0.releases.1498.relatedProcesses.0,0.releases.1498,0,P000001/2025/2026/1602000000,planning,Supply of Cleaning& Hygiene materials,ocid,ocds-ozzobm-P000001/2025/2026/1602000000
0.releases.1499.relatedProcesses.0,0.releases.1499,0,P000001/2025/2026/7000001001,planning,"Purchase Construction ,electrical, plumbing and other materiels for rehabilitation hospital building",ocid,ocds-ozzobm-P000001/2025/2026/7000001001
0.releases.1500.relatedProcesses.0,0.releases.1500,0,P000001/2025/2026/7000001001,planning,"Purchase Construction ,electrical, plumbing and other materiels for rehabilitation hospital building",ocid,ocds-ozzobm-P000001/2025/2026/7000001001
0.releases.1501.relatedProcesses.0,0.releases.1501,0,P000075/2025/2026/6500000000,planning,SUPERVISION FOR CONSTRUCTION OF LATRINES AT EP KARAMA IN JANJA SECTOR,ocid,ocds-ozzobm-P000075/2025/2026/6500000000
0.releases.1502.relatedProcesses.0,0.releases.1502,0,P000075/2025/2026/6500000000,planning,SUPERVISION FOR CONSTRUCTION OF LATRINES AT EP KARAMA IN JANJA SECTOR,ocid,ocds-ozzobm-P000075/2025/2026/6500000000
0.releases.1503.relatedProcesses.0,0.releases.1503,0,P000107/2025/2026/0108000000,planning,Hiring Graphic Design Consultant,ocid,ocds-ozzobm-P000107/2025/2026/0108000000
0.releases.1504.relatedProcesses.0,0.releases.1504,0,P000051/2025/2026/1602000000,planning,Provision of Maintenance services for Laundry machine,ocid,ocds-ozzobm-P000051/2025/2026/1602000000
0.releases.1505.relatedProcesses.0,0.releases.1505,0,P000051/2025/2026/1602000000,planning,Provision of Maintenance services for Laundry machine,ocid,ocds-ozzobm-P000051/2025/2026/1602000000
0.releases.1506.relatedProcesses.0,0.releases.1506,0,P000191/2023/2024/1203000000,planning,Supply of sport material to RRA (Framework contract),ocid,ocds-ozzobm-P000191/2023/2024/1203000000
0.releases.1507.relatedProcesses.0,0.releases.1507,0,P000023/2025/2026/1602000000,planning,Consultancy services for Proficiency Testing,ocid,ocds-ozzobm-P000023/2025/2026/1602000000
0.releases.1508.relatedProcesses.0,0.releases.1508,0,P000002/2025/2026/5800003002,planning,Purchase of medical equipment,ocid,ocds-ozzobm-P000002/2025/2026/5800003002
0.releases.1509.relatedProcesses.0,0.releases.1509,0,P000020/2025/2026/2315000000,planning,Service Level Agreement for AVID products,ocid,ocds-ozzobm-P000020/2025/2026/2315000000
0.releases.1510.relatedProcesses.0,0.releases.1510,0,P000020/2025/2026/2315000000,planning,Service Level Agreement for AVID products,ocid,ocds-ozzobm-P000020/2025/2026/2315000000
0.releases.1511.relatedProcesses.0,0.releases.1511,0,P000135/2025/2026/1417000000,planning,Supply of Solar Home Systems,ocid,ocds-ozzobm-P000135/2025/2026/1417000000
0.releases.1512.relatedProcesses.0,0.releases.1512,0,P000135/2025/2026/1417000000,planning,Supply of Solar Home Systems,ocid,ocds-ozzobm-P000135/2025/2026/1417000000
0.releases.1513.relatedProcesses.0,0.releases.1513,0,P000034/2025/2026/4100000000,planning,Supervision of Construction of Nyamata health center,ocid,ocds-ozzobm-P000034/2025/2026/4100000000
0.releases.1514.relatedProcesses.0,0.releases.1514,0,P000034/2025/2026/4100000000,planning,Supervision of Construction of Nyamata health center,ocid,ocds-ozzobm-P000034/2025/2026/4100000000
0.releases.1515.relatedProcesses.0,0.releases.1515,0,P000002/2022/2023/2308000000,planning,Hiring vehicles for transport service,ocid,ocds-ozzobm-P000002/2022/2023/2308000000
0.releases.1516.relatedProcesses.0,0.releases.1516,0,P000002/2022/2023/2308000000,planning,Hiring vehicles for transport service,ocid,ocds-ozzobm-P000002/2022/2023/2308000000
0.releases.1517.relatedProcesses.0,0.releases.1517,0,P000024/2024/2025/1000000000,planning,Feasibility study and engineering designs for the Construction of basic infrastructure and facilities for Industrial/SME park,ocid,ocds-ozzobm-P000024/2024/2025/1000000000
0.releases.1518.relatedProcesses.0,0.releases.1518,0,P000024/2024/2025/1000000000,planning,Feasibility study and engineering designs for the Construction of basic infrastructure and facilities for Industrial/SME park,ocid,ocds-ozzobm-P000024/2024/2025/1000000000
0.releases.1519.relatedProcesses.0,0.releases.1519,0,P000043/2024/2025/2318000000,planning,Supply and Delivery training materials at NRS centers,ocid,ocds-ozzobm-P000043/2024/2025/2318000000
0.releases.1520.relatedProcesses.0,0.releases.1520,0,P000080/2025/2026/0901000000,planning,"Supply of Specialized equipment in poultry, pig, and Rabbit",ocid,ocds-ozzobm-P000080/2025/2026/0901000000
0.releases.1521.relatedProcesses.0,0.releases.1521,0,P000080/2025/2026/0901000000,planning,"Supply of Specialized equipment in poultry, pig, and Rabbit",ocid,ocds-ozzobm-P000080/2025/2026/0901000000
0.releases.1522.relatedProcesses.0,0.releases.1522,0,P000025/2021/2022/1203000000,planning,Provision of rental services for RRA staff accommodation-A in RUSIZI District (framework contract),ocid,ocds-ozzobm-P000025/2021/2022/1203000000
0.releases.1523.relatedProcesses.0,0.releases.1523,0,P000026/2021/2022/1203000000,planning,Provision of rental services for RRA staff accommodation-B in RUSIZI District (framework contract),ocid,ocds-ozzobm-P000026/2021/2022/1203000000
0.releases.1524.relatedProcesses.0,0.releases.1524,0,P000026/2021/2022/1203000000,planning,Provision of rental services for RRA staff accommodation-B in RUSIZI District (framework contract),ocid,ocds-ozzobm-P000026/2021/2022/1203000000
0.releases.1525.relatedProcesses.0,0.releases.1525,0,P000043/2024/2025/2318000000,planning,Supply and Delivery training materials at NRS centers,ocid,ocds-ozzobm-P000043/2024/2025/2318000000
0.releases.1526.relatedProcesses.0,0.releases.1526,0,P000005/2025/2026/1209000000,planning,Stationaries and Printing Consumables,ocid,ocds-ozzobm-P000005/2025/2026/1209000000
0.releases.1527.relatedProcesses.0,0.releases.1527,0,P000023/2025/2026/1001000000,planning,Provision of hotel services in Karongi district,ocid,ocds-ozzobm-P000023/2025/2026/1001000000
0.releases.1528.relatedProcesses.0,0.releases.1528,0,P000046/2025/2026/1202000000,planning,Supply of Sport Equipment for NISR Sport Teams,ocid,ocds-ozzobm-P000046/2025/2026/1202000000
0.releases.1529.relatedProcesses.0,0.releases.1529,0,P000045/2025/2026/0500000000,planning,Provision of Hotel services in Kigali City / out of Kigali City for Judiciary,ocid,ocds-ozzobm-P000045/2025/2026/0500000000
0.releases.1530.relatedProcesses.0,0.releases.1530,0,P000045/2025/2026/0500000000,planning,Provision of Hotel services in Kigali City / out of Kigali City for Judiciary,ocid,ocds-ozzobm-P000045/2025/2026/0500000000
0.releases.1531.relatedProcesses.0,0.releases.1531,0,P000009/2025/2026/0901001016,planning,Acquisition of plastic tubings,ocid,ocds-ozzobm-P000009/2025/2026/0901001016
0.releases.1532.relatedProcesses.0,0.releases.1532,0,P000012/2025/2026/5400000000,planning,Annual framework tender for supply of small stock to Rusizi District,ocid,ocds-ozzobm-P000012/2025/2026/5400000000
0.releases.1533.relatedProcesses.0,0.releases.1533,0,P000009/2025/2026/0901001016,planning,Acquisition of plastic tubings,ocid,ocds-ozzobm-P000009/2025/2026/0901001016
0.releases.1534.relatedProcesses.0,0.releases.1534,0,P000052/2025/2026/0901000000,planning,Supply of lime grade 1,ocid,ocds-ozzobm-P000052/2025/2026/0901000000
0.releases.1535.relatedProcesses.0,0.releases.1535,0,P000052/2025/2026/0901000000,planning,Supply of lime grade 1,ocid,ocds-ozzobm-P000052/2025/2026/0901000000
0.releases.1536.relatedProcesses.0,0.releases.1536,0,P000034/2024/2025/1419000000,planning,Construction of Rehabilitation works for football and volleyball Playgrounds at RP Kigali College_Rutongo Campus,ocid,ocds-ozzobm-P000034/2024/2025/1419000000
0.releases.1537.relatedProcesses.0,0.releases.1537,0,P000011/2024/2025/7000003001,planning,Tender of Catering Services for staff and clients,ocid,ocds-ozzobm-P000011/2024/2025/7000003001
0.releases.1538.relatedProcesses.0,0.releases.1538,0,P000008/2025/2026/0901000000,planning,Works for the rehabilitation of Irrigation Infrastructures,ocid,ocds-ozzobm-P000008/2025/2026/0901000000
0.releases.1539.relatedProcesses.0,0.releases.1539,0,P000023/2024/2025/0800000000,planning,Provision of decoration  services,ocid,ocds-ozzobm-P000023/2024/2025/0800000000
0.releases.1540.relatedProcesses.0,0.releases.1540,0,P000020/2025/2026/4900000000,planning,Supply and Fix Windows and Doors in Classrooms on Framework Contract,ocid,ocds-ozzobm-P000020/2025/2026/4900000000
0.releases.1541.relatedProcesses.0,0.releases.1541,0,P000047/2025/2026/1417000000,planning,"Supply and installation of Laboratory Equipment (light cycler, Nanodrop, thermocycler) for MSc and PhD in Biotechnology",ocid,ocds-ozzobm-P000047/2025/2026/1417000000
0.releases.1542.relatedProcesses.0,0.releases.1542,0,P000047/2025/2026/1417000000,planning,"Supply and installation of Laboratory Equipment (light cycler, Nanodrop, thermocycler) for MSc and PhD in Biotechnology",ocid,ocds-ozzobm-P000047/2025/2026/1417000000
0.releases.1543.relatedProcesses.0,0.releases.1543,0,P000004/2025/2026/0902000000,planning,"Tender for framework contract for supply and install pest monitoring & control devices and equipment in packhouse, warehouses and SEQI",ocid,ocds-ozzobm-P000004/2025/2026/0902000000
0.releases.1544.relatedProcesses.0,0.releases.1544,0,P000014/2024/2025/2903001000,planning,Provision of Hotel services(3 stars)  under framework contract,ocid,ocds-ozzobm-P000014/2024/2025/2903001000
0.releases.1545.relatedProcesses.0,0.releases.1545,0,P000008/2025/2026/1603000000,planning,Framework contract for incineration of medical and non medical wast,ocid,ocds-ozzobm-P000008/2025/2026/1603000000
0.releases.1546.relatedProcesses.0,0.releases.1546,0,P000030/2025/2026/1603000000,planning,Framework contract for Provision of Hospital Vehicle Maintenance Service,ocid,ocds-ozzobm-P000030/2025/2026/1603000000
0.releases.1547.relatedProcesses.0,0.releases.1547,0,P000005/2025/2026/2318000000,planning,Provision for service of Empting toilets and fosses at Gitagata Rehabilitation Center,ocid,ocds-ozzobm-P000005/2025/2026/2318000000
0.releases.1548.relatedProcesses.0,0.releases.1548,0,P000005/2025/2026/2318000000,planning,Provision for service of Empting toilets and fosses at Gitagata Rehabilitation Center,ocid,ocds-ozzobm-P000005/2025/2026/2318000000
0.releases.1549.relatedProcesses.0,0.releases.1549,0,P000008/2024/2025/1602000000,planning,Provision of Maintenance services for cold chain equipment,ocid,ocds-ozzobm-P000008/2024/2025/1602000000
0.releases.1550.relatedProcesses.0,0.releases.1550,0,P000011/2023/2024/2314000000,planning,Transport of NCPD Staff in Kigali,ocid,ocds-ozzobm-P000011/2023/2024/2314000000
0.releases.1551.relatedProcesses.0,0.releases.1551,0,P000016/2023/2024/2314000000,planning,Supply of Refreshment,ocid,ocds-ozzobm-P000016/2023/2024/2314000000
0.releases.1552.relatedProcesses.0,0.releases.1552,0,P000015/2024/2025/2314000000,planning,Provision of Hotel Services to NCPD,ocid,ocds-ozzobm-P000015/2024/2025/2314000000
0.releases.1553.relatedProcesses.0,0.releases.1553,0,P000003/2025/2026/6400003002,planning,Supply of Airtime to the staff of Kinihira Hospital,ocid,ocds-ozzobm-P000003/2025/2026/6400003002
0.releases.1554.relatedProcesses.0,0.releases.1554,0,P000005/2025/2026/2318000000,planning,Provision for service of Empting toilets and fosses at Gitagata Rehabilitation Center,ocid,ocds-ozzobm-P000005/2025/2026/2318000000
0.releases.1555.relatedProcesses.0,0.releases.1555,0,P000098/2025/2026/1601000000,planning,Supply of curtains,ocid,ocds-ozzobm-P000098/2025/2026/1601000000
0.releases.1556.relatedProcesses.0,0.releases.1556,0,P000065/2025/2026/1806000000,planning,"Supplying, installing, testing, commissioning and maintenance of Solar Water Heating systems in residential and non-residential sector under framework contracts (Recruitment of additional suppliers)",ocid,ocds-ozzobm-P000065/2025/2026/1806000000
0.releases.1557.relatedProcesses.0,0.releases.1557,0,P000065/2025/2026/1806000000,planning,"Supplying, installing, testing, commissioning and maintenance of Solar Water Heating systems in residential and non-residential sector under framework contracts (Recruitment of additional suppliers)",ocid,ocds-ozzobm-P000065/2025/2026/1806000000
0.releases.1558.relatedProcesses.0,0.releases.1558,0,P000065/2025/2026/1806000000,planning,"Supplying, installing, testing, commissioning and maintenance of Solar Water Heating systems in residential and non-residential sector under framework contracts (Recruitment of additional suppliers)",ocid,ocds-ozzobm-P000065/2025/2026/1806000000
0.releases.1559.relatedProcesses.0,0.releases.1559,0,P000065/2025/2026/1806000000,planning,"Supplying, installing, testing, commissioning and maintenance of Solar Water Heating systems in residential and non-residential sector under framework contracts (Recruitment of additional suppliers)",ocid,ocds-ozzobm-P000065/2025/2026/1806000000
0.releases.1560.relatedProcesses.0,0.releases.1560,0,P000065/2025/2026/1806000000,planning,"Supplying, installing, testing, commissioning and maintenance of Solar Water Heating systems in residential and non-residential sector under framework contracts (Recruitment of additional suppliers)",ocid,ocds-ozzobm-P000065/2025/2026/1806000000
0.releases.1561.relatedProcesses.0,0.releases.1561,0,P000030/2025/2026/1202000000,planning,"Hiring a company for the installation, customization and configuration of Koha Software and its DSpace for the NISR Library",ocid,ocds-ozzobm-P000030/2025/2026/1202000000
0.releases.1562.relatedProcesses.0,0.releases.1562,0,P000027/2025/2026/1420000000,planning,Provision of media services to RTB,ocid,ocds-ozzobm-P000027/2025/2026/1420000000
0.releases.1563.relatedProcesses.0,0.releases.1563,0,P000011/2025/2026/5000003003,planning,Supply of Laundry materials,ocid,ocds-ozzobm-P000011/2025/2026/5000003003
0.releases.1564.relatedProcesses.0,0.releases.1564,0,P000020/2025/2026/0404000000,planning,supply  of curtains,ocid,ocds-ozzobm-P000020/2025/2026/0404000000
0.releases.1565.relatedProcesses.0,0.releases.1565,0,P000016/2025/2026/6700003001,planning,FRAMEWORK AGREEMENT FOR SUPPLY CONSUMMABLES and PRINTING.,ocid,ocds-ozzobm-P000016/2025/2026/6700003001
0.releases.1566.relatedProcesses.0,0.releases.1566,0,P000002/2025/2026/5800003002,planning,Purchase of medical equipment,ocid,ocds-ozzobm-P000002/2025/2026/5800003002
0.releases.1567.relatedProcesses.0,0.releases.1567,0,P000020/2025/2026/0404000000,planning,supply  of curtains,ocid,ocds-ozzobm-P000020/2025/2026/0404000000
0.releases.1568.relatedProcesses.0,0.releases.1568,0,P000019/2025/2026/4300000000,planning,Hiring a bailiff on behalf of Kayonza District,ocid,ocds-ozzobm-P000019/2025/2026/4300000000
0.releases.1569.relatedProcesses.0,0.releases.1569,0,P000016/2023/2024/5600003001,planning,Purchase water and electricity for hospital,ocid,ocds-ozzobm-P000016/2023/2024/5600003001
0.releases.1570.relatedProcesses.0,0.releases.1570,0,P000135/2022/2023/1804000000,planning,"Feasibility study and housing design models for upgrading Mount Jali, Mount Rebero and Mount Kigali unplanned settlement sites in City of Kigali",ocid,ocds-ozzobm-P000135/2022/2023/1804000000
0.releases.1571.relatedProcesses.0,0.releases.1571,0,P000135/2022/2023/1804000000,planning,"Feasibility study and housing design models for upgrading Mount Jali, Mount Rebero and Mount Kigali unplanned settlement sites in City of Kigali",ocid,ocds-ozzobm-P000135/2022/2023/1804000000
0.releases.1572.relatedProcesses.0,0.releases.1572,0,P000047/2025/2026/0300000000,planning,Acquisition of Offices tables,ocid,ocds-ozzobm-P000047/2025/2026/0300000000
0.releases.1573.relatedProcesses.0,0.releases.1573,0,P000012/2025/2026/6400000000,planning,Execution works for Construction of Gitanda health center,ocid,ocds-ozzobm-P000012/2025/2026/6400000000
0.releases.1574.relatedProcesses.0,0.releases.1574,0,P000022/2025/2026/5600003001,planning,Tender for ICT MAINTENANCE AND SUPPLY OF ACCESSORIES,ocid,ocds-ozzobm-P000022/2025/2026/5600003001
0.releases.1575.relatedProcesses.0,0.releases.1575,0,P000003/2025/2026/1606000000,planning,Provision for supplying the tires to Rwanda FDA,ocid,ocds-ozzobm-P000003/2025/2026/1606000000
0.releases.1576.relatedProcesses.0,0.releases.1576,0,P000018/2025/2026/4300003002,planning,Hotel services framework,ocid,ocds-ozzobm-P000018/2025/2026/4300003002
0.releases.1577.relatedProcesses.0,0.releases.1577,0,P000018/2025/2026/4300003002,planning,Hotel services framework,ocid,ocds-ozzobm-P000018/2025/2026/4300003002
0.releases.1578.relatedProcesses.0,0.releases.1578,0,P000007/2025/2026/1606000000,planning,Markets and Bus station radios under a framework contract,ocid,ocds-ozzobm-P000007/2025/2026/1606000000
0.releases.1579.relatedProcesses.0,0.releases.1579,0,P000114/2025/2026/8000000000,planning,Maintenance of generators,ocid,ocds-ozzobm-P000114/2025/2026/8000000000
0.releases.1580.relatedProcesses.0,0.releases.1580,0,P000011/2025/2026/1402000000,planning,SPORTS AND RECREATION SERVICES,ocid,ocds-ozzobm-P000011/2025/2026/1402000000
0.releases.1581.relatedProcesses.0,0.releases.1581,0,P000007/2025/2026/1402000000,planning,DECORATION AND PROMOTIONAL MATERIALS,ocid,ocds-ozzobm-P000007/2025/2026/1402000000
0.releases.1582.relatedProcesses.0,0.releases.1582,0,P000010/2025/2026/5400000000,planning,Annual framework tender for maintenance and repairing of office furnitures,ocid,ocds-ozzobm-P000010/2025/2026/5400000000
0.releases.1583.relatedProcesses.0,0.releases.1583,0,P000066/2025/2026/1203000000,planning,"Supply and installation of licenses for firepower, radware, one identity PAM, vulnerability assessment tool, motadata to RRA (framework contract).",ocid,ocds-ozzobm-P000066/2025/2026/1203000000
0.releases.1584.relatedProcesses.0,0.releases.1584,0,P000051/2025/2026/5200000000,planning,Tender for Veterinary services artificial insemination & Vaccination (Sanitary veterinary mandate),ocid,ocds-ozzobm-P000051/2025/2026/5200000000
0.releases.1585.relatedProcesses.0,0.releases.1585,0,P000051/2025/2026/5200000000,planning,Tender for Veterinary services artificial insemination & Vaccination (Sanitary veterinary mandate),ocid,ocds-ozzobm-P000051/2025/2026/5200000000
0.releases.1586.relatedProcesses.0,0.releases.1586,0,P000026/2024/2025/5100003001,planning,SUPPLY OF RESTAURENT AND HOTEL SERVICES TO REMERA RUKOMA HOSPITAL,ocid,ocds-ozzobm-P000026/2024/2025/5100003001
0.releases.1587.relatedProcesses.0,0.releases.1587,0,P000042/2025/2026/2318000000,planning,Supply and Delivery training materials at NRS centers,ocid,ocds-ozzobm-P000042/2025/2026/2318000000
0.releases.1588.relatedProcesses.0,0.releases.1588,0,P000042/2025/2026/2318000000,planning,Supply and Delivery training materials at NRS centers,ocid,ocds-ozzobm-P000042/2025/2026/2318000000
0.releases.1589.relatedProcesses.0,0.releases.1589,0,P000056/2024/2025/1903001001,planning,Technical assistance to provide ISO 27001:2022 and ISO 27701:2019 certification services to 5 institutions (category 3),ocid,ocds-ozzobm-P000056/2024/2025/1903001001
0.releases.1590.relatedProcesses.0,0.releases.1590,0,P000055/2024/2025/1903001001,planning,Technical assistance to provide ISO 27001:2022 and ISO 27701:2019 certification services to 3 institutions (category 2),ocid,ocds-ozzobm-P000055/2024/2025/1903001001
0.releases.1591.relatedProcesses.0,0.releases.1591,0,P000057/2024/2025/1903001001,planning,Technical assistance to provide ISO 27001:2022 and ISO 27701:2019 certification services to 5 institutions (category 4),ocid,ocds-ozzobm-P000057/2024/2025/1903001001
0.releases.1592.relatedProcesses.0,0.releases.1592,0,P000054/2024/2025/1903001001,planning,Technical assistance to provide ISO 27001:2022 and ISO 27701:2019 certification services to 3 institutions (category 1),ocid,ocds-ozzobm-P000054/2024/2025/1903001001
0.releases.1593.relatedProcesses.0,0.releases.1593,0,P000052/2025/2026/0901000000,planning,Supply of lime grade 1,ocid,ocds-ozzobm-P000052/2025/2026/0901000000
0.releases.1594.relatedProcesses.0,0.releases.1594,0,P000009/2025/2026/1606000000,planning,Provision of local transport to Rwanda FDA,ocid,ocds-ozzobm-P000009/2025/2026/1606000000
0.releases.1595.relatedProcesses.0,0.releases.1595,0,P000052/2025/2026/0901000000,planning,Supply of lime grade 1,ocid,ocds-ozzobm-P000052/2025/2026/0901000000
0.releases.1596.relatedProcesses.0,0.releases.1596,0,P000009/2025/2026/1606000000,planning,Provision of local transport to Rwanda FDA,ocid,ocds-ozzobm-P000009/2025/2026/1606000000
0.releases.1597.relatedProcesses.0,0.releases.1597,0,P000116/2023/2024/0901000000,planning,Provision of transport services to RAB Staff,ocid,ocds-ozzobm-P000116/2023/2024/0901000000
0.releases.1598.relatedProcesses.0,0.releases.1598,0,P000015/2023/2024/1305000000,planning,Acquisition of fuel and lubricants,ocid,ocds-ozzobm-P000015/2023/2024/1305000000
0.releases.1599.relatedProcesses.0,0.releases.1599,0,P000008/2025/2026/1002000000,planning,Provision of codification services of RCA asset in framework,ocid,ocds-ozzobm-P000008/2025/2026/1002000000
0.releases.1600.relatedProcesses.0,0.releases.1600,0,P000008/2025/2026/1002000000,planning,Provision of codification services of RCA asset in framework,ocid,ocds-ozzobm-P000008/2025/2026/1002000000
0.releases.1601.relatedProcesses.0,0.releases.1601,0,P000019/2025/2026/1903000000,planning,"A framework agreement for ICT equipment maintenance, support, and spare parts supply to governemt institutions",ocid,ocds-ozzobm-P000019/2025/2026/1903000000
0.releases.1602.relatedProcesses.0,0.releases.1602,0,P000009/2025/2026/6400000000,planning,Providing House furniture to the needy beneficiaries of Rulindo District,ocid,ocds-ozzobm-P000009/2025/2026/6400000000
0.releases.1603.relatedProcesses.0,0.releases.1603,0,P000006/2025/2026/5700000000,planning,Provision of Bulk SMS Services,ocid,ocds-ozzobm-P000006/2025/2026/5700000000
0.releases.1604.relatedProcesses.0,0.releases.1604,0,P000001/2025/2026/2314000000,planning,Supply of Assistive Devices,ocid,ocds-ozzobm-P000001/2025/2026/2314000000
0.releases.1605.relatedProcesses.0,0.releases.1605,0,P000019/2024/2025/0400000000,planning,Sports facilities,ocid,ocds-ozzobm-P000019/2024/2025/0400000000
0.releases.1606.relatedProcesses.0,0.releases.1606,0,P000019/2024/2025/0400000000,planning,Sports facilities,ocid,ocds-ozzobm-P000019/2024/2025/0400000000
0.releases.1607.relatedProcesses.0,0.releases.1607,0,P000095/2025/2026/8000000000,planning,supply of hand held metal detectors,ocid,ocds-ozzobm-P000095/2025/2026/8000000000
0.releases.1608.relatedProcesses.0,0.releases.1608,0,P000015/2025/2026/4300000000,planning,Tender for animal Insemination and Vaccination campaign through sanitary mandate,ocid,ocds-ozzobm-P000015/2025/2026/4300000000
0.releases.1609.relatedProcesses.0,0.releases.1609,0,P000028/2025/2026/1606000000,planning,Framework contract for Production of Audio-Visual Content,ocid,ocds-ozzobm-P000028/2025/2026/1606000000
0.releases.1610.relatedProcesses.0,0.releases.1610,0,P000025/2025/2026/6100003001,planning,Purchase biohazard plastic bags and other waste management materials,ocid,ocds-ozzobm-P000025/2025/2026/6100003001
0.releases.1611.relatedProcesses.0,0.releases.1611,0,P000049/2024/2025/5700000000,planning,Provision of Animal Insermination and Vaccination Services,ocid,ocds-ozzobm-P000049/2024/2025/5700000000
0.releases.1612.relatedProcesses.0,0.releases.1612,0,P000049/2024/2025/5700000000,planning,Provision of Animal Insermination and Vaccination Services,ocid,ocds-ozzobm-P000049/2024/2025/5700000000
0.releases.1613.relatedProcesses.0,0.releases.1613,0,P000039/2025/2026/0902000001,planning,"Hiring service provider to provide technical assistance for readiness to certification for agricultural export products (Coffee, Tea and Horticulture)",ocid,ocds-ozzobm-P000039/2025/2026/0902000001
0.releases.1614.relatedProcesses.0,0.releases.1614,0,P000019/2025/2026/4300000000,planning,Hiring a bailiff on behalf of Kayonza District,ocid,ocds-ozzobm-P000019/2025/2026/4300000000
0.releases.1615.relatedProcesses.0,0.releases.1615,0,P000036/2023/2024/1700000000,planning,"Provision of Hotels Services to NPPA  in Kigali City (Accommodation, Meeting Rooms, Outside Catering)",ocid,ocds-ozzobm-P000036/2023/2024/1700000000
0.releases.1616.relatedProcesses.0,0.releases.1616,0,P000003/2025/2026/5100003001,planning,Insurance of Buildings and Equipment's Hospital,ocid,ocds-ozzobm-P000003/2025/2026/5100003001
0.releases.1617.relatedProcesses.0,0.releases.1617,0,P000005/2025/2026/4700000000,planning,Annual framework tender for maintenance and repair of district vehicles and motorcycles ( garage services),ocid,ocds-ozzobm-P000005/2025/2026/4700000000
0.releases.1618.relatedProcesses.0,0.releases.1618,0,P000084/2025/2026/6300000000,planning,Construction of Adeper-GS Muhoza-Bralirwa asphalt road,ocid,ocds-ozzobm-P000084/2025/2026/6300000000
0.releases.1619.relatedProcesses.0,0.releases.1619,0,P000018/2025/2026/4700000000,planning,Annual framework tender for management of Ngoma  cementery,ocid,ocds-ozzobm-P000018/2025/2026/4700000000
0.releases.1620.relatedProcesses.0,0.releases.1620,0,P000048/2025/2026/0701000000,planning,SUPPLY OF SPARE PARTS FOR GENERATORS FOR FPU ROTATIONS ON FRAMEWORK AGREEMENT,ocid,ocds-ozzobm-P000048/2025/2026/0701000000
0.releases.1621.relatedProcesses.0,0.releases.1621,0,P000011/2024/2025/8300000000,planning,Framework contract for Car Wash for a period of one year renewable twice,ocid,ocds-ozzobm-P000011/2024/2025/8300000000
0.releases.1622.relatedProcesses.0,0.releases.1622,0,P000001/2025/2026/6100003001,planning,"Purchase materials, Furnitures, maintenance and rehabilitation infrastructure of BUTAROLevel Two Teaching Hospital (including water supply materials )",ocid,ocds-ozzobm-P000001/2025/2026/6100003001
0.releases.1623.relatedProcesses.0,0.releases.1623,0,P000052/2025/2026/0902000000,planning,Tender for acquisition of laboratory equipment under CDAT funds,ocid,ocds-ozzobm-P000052/2025/2026/0902000000
0.releases.1624.relatedProcesses.0,0.releases.1624,0,P000019/2025/2026/4700000000,planning,Annual framework tender for maintenance and rehabilitation  works of Huye district buildings and infrastructures,ocid,ocds-ozzobm-P000019/2025/2026/4700000000
0.releases.1625.relatedProcesses.0,0.releases.1625,0,P000078/2022/2023/4200000000,planning,"Tender for protection of ditches and radical terraces using  cuttings,trees and grasses",ocid,ocds-ozzobm-P000078/2022/2023/4200000000
0.releases.1626.relatedProcesses.0,0.releases.1626,0,P000021/2023/2024/2500001000,planning,Execution works of ravines rehabilitation in and around Nyabiheke and Mahama refugee camps,ocid,ocds-ozzobm-P000021/2023/2024/2500001000
0.releases.1627.relatedProcesses.0,0.releases.1627,0,P000046/2025/2026/2318000000,planning,"Supply and delivery of shoes, clothes and bedding materials at NRS and its Centers",ocid,ocds-ozzobm-P000046/2025/2026/2318000000
0.releases.1628.relatedProcesses.0,0.releases.1628,0,P000046/2025/2026/2318000000,planning,"Supply and delivery of shoes, clothes and bedding materials at NRS and its Centers",ocid,ocds-ozzobm-P000046/2025/2026/2318000000
0.releases.1629.relatedProcesses.0,0.releases.1629,0,P000058/2024/2025/2318000000,planning,Provision of maritime transport across lake Kivu,ocid,ocds-ozzobm-P000058/2024/2025/2318000000
0.releases.1630.relatedProcesses.0,0.releases.1630,0,P000014/2024/2025/2903001000,planning,Provision of Hotel services(3 stars)  under framework contract,ocid,ocds-ozzobm-P000014/2024/2025/2903001000
0.releases.1631.relatedProcesses.0,0.releases.1631,0,P000038/2025/2026/1202000000,planning,Hiring of individual consultant to conduct the 2025/26 User Satisfaction Survey.,ocid,ocds-ozzobm-P000038/2025/2026/1202000000
0.releases.1632.relatedProcesses.0,0.releases.1632,0,P000001/2025/2026/5000003003,planning,Provision of cleaning services and Gardening,ocid,ocds-ozzobm-P000001/2025/2026/5000003003
0.releases.1633.relatedProcesses.0,0.releases.1633,0,P000001/2025/2026/2800000000,planning,supply of Office Stationery under Framework agreement,ocid,ocds-ozzobm-P000001/2025/2026/2800000000
0.releases.1634.relatedProcesses.0,0.releases.1634,0,P000040/2024/2025/5000000000,planning,Reception of visitors for District under framework agreement,ocid,ocds-ozzobm-P000040/2024/2025/5000000000
0.releases.1635.relatedProcesses.0,0.releases.1635,0,P000014/2024/2025/5600000000,planning,"Banners  T -SHIRT,SINPOST,DEPLIAT AND CURTAINS",ocid,ocds-ozzobm-P000014/2024/2025/5600000000
0.releases.1636.relatedProcesses.0,0.releases.1636,0,P000036/2023/2024/1700000000,planning,"Provision of Hotels Services to NPPA  in Kigali City (Accommodation, Meeting Rooms, Outside Catering)",ocid,ocds-ozzobm-P000036/2023/2024/1700000000
0.releases.1637.relatedProcesses.0,0.releases.1637,0,P000005/2024/2025/5200003001,planning,Provision of communication services (closed user group) and airtime Cards,ocid,ocds-ozzobm-P000005/2024/2025/5200003001
0.releases.1638.relatedProcesses.0,0.releases.1638,0,P000007/2025/2026/2901000000,planning,Provision of parking services,ocid,ocds-ozzobm-P000007/2025/2026/2901000000
0.releases.1639.relatedProcesses.0,0.releases.1639,0,P000063/2025/2026/5900000000,planning,Execution work for  Rehabilitatation and upgrading Yove Health Center,ocid,ocds-ozzobm-P000063/2025/2026/5900000000
0.releases.1640.relatedProcesses.0,0.releases.1640,0,P000014/2024/2025/1200000000,planning,Provision of Maintenance Services & Repair Program for Elevator,ocid,ocds-ozzobm-P000014/2024/2025/1200000000
0.releases.1641.relatedProcesses.0,0.releases.1641,0,P000045/2023/2024/1804000000,planning,Rental of office space to accommodate RCA,ocid,ocds-ozzobm-P000045/2023/2024/1804000000
0.releases.1642.relatedProcesses.0,0.releases.1642,0,P000037/2025/2026/5700000000,planning,Refreshment for District staffs Re-advertised,ocid,ocds-ozzobm-P000037/2025/2026/5700000000
0.releases.1643.relatedProcesses.0,0.releases.1643,0,P000037/2025/2026/5700000000,planning,Refreshment for District staffs Re-advertised,ocid,ocds-ozzobm-P000037/2025/2026/5700000000
0.releases.1644.relatedProcesses.0,0.releases.1644,0,P000086/2025/2026/0702000000,planning,Insurance of RCS Animals,ocid,ocds-ozzobm-P000086/2025/2026/0702000000
0.releases.1645.relatedProcesses.0,0.releases.1645,0,P000091/2025/2026/0702000000,planning,Acquisition of Batteries for RCS Vehicles and Motorcycles,ocid,ocds-ozzobm-P000091/2025/2026/0702000000
0.releases.1646.relatedProcesses.0,0.releases.1646,0,P000013/2025/2026/5400003002,planning,TENDER FOR TRANSPORT,ocid,ocds-ozzobm-P000013/2025/2026/5400003002
0.releases.1647.relatedProcesses.0,0.releases.1647,0,P000258/2023/2024/1804000000,planning,Supervision of rehabilitation works of Kamonyi Research Center,ocid,ocds-ozzobm-P000258/2023/2024/1804000000
0.releases.1648.relatedProcesses.0,0.releases.1648,0,P000258/2023/2024/1804000000,planning,Supervision of rehabilitation works of Kamonyi Research Center,ocid,ocds-ozzobm-P000258/2023/2024/1804000000
0.releases.1649.relatedProcesses.0,0.releases.1649,0,P000086/2025/2026/0702000000,planning,Insurance of RCS Animals,ocid,ocds-ozzobm-P000086/2025/2026/0702000000
0.releases.1650.relatedProcesses.0,0.releases.1650,0,P000014/2025/2026/4900000000,planning,Vaccination & Insemination through Veterinary Sanitary Mandate,ocid,ocds-ozzobm-P000014/2025/2026/4900000000
0.releases.1651.relatedProcesses.0,0.releases.1651,0,P000045/2025/2026/0500000000,planning,Provision of Hotel services in Kigali City / out of Kigali City for Judiciary,ocid,ocds-ozzobm-P000045/2025/2026/0500000000
0.releases.1652.relatedProcesses.0,0.releases.1652,0,P000103/2022/2023/1903001001,planning,Tender to upgrade of electronic medical record and hospital management information system,ocid,ocds-ozzobm-P000103/2022/2023/1903001001
0.releases.1653.relatedProcesses.0,0.releases.1653,0,P000011/2025/2026/0106000000,planning,Transport services,ocid,ocds-ozzobm-P000011/2025/2026/0106000000
0.releases.1654.relatedProcesses.0,0.releases.1654,0,P000091/2025/2026/0702000000,planning,Acquisition of Batteries for RCS Vehicles and Motorcycles,ocid,ocds-ozzobm-P000091/2025/2026/0702000000
0.releases.1655.relatedProcesses.0,0.releases.1655,0,P000032/2022/2023/6200000000,planning,Providing cleaning service for Gicumbi District,ocid,ocds-ozzobm-P000032/2022/2023/6200000000
0.releases.1656.relatedProcesses.0,0.releases.1656,0,P000038/2021/2022/5600000000,planning,Tender for maintenance of vehicles  and moto vehicles,ocid,ocds-ozzobm-P000038/2021/2022/5600000000
0.releases.1657.relatedProcesses.0,0.releases.1657,0,P000027/2024/2025/2306570000,planning,Provision of cleaning service,ocid,ocds-ozzobm-P000027/2024/2025/2306570000
0.releases.1658.relatedProcesses.0,0.releases.1658,0,P000043/2024/2025/2318000000,planning,Supply and Delivery training materials at NRS centers,ocid,ocds-ozzobm-P000043/2024/2025/2318000000
0.releases.1659.relatedProcesses.0,0.releases.1659,0,P000062/2025/2026/0701000000,planning,SUPPLY OF DIFFERENT REQUIREMENTS FOR REINFORCEMENT IN FPU PHASE III,ocid,ocds-ozzobm-P000062/2025/2026/0701000000
0.releases.1660.relatedProcesses.0,0.releases.1660,0,P000062/2025/2026/0701000000,planning,SUPPLY OF DIFFERENT REQUIREMENTS FOR REINFORCEMENT IN FPU PHASE III,ocid,ocds-ozzobm-P000062/2025/2026/0701000000
0.releases.1661.relatedProcesses.0,0.releases.1661,0,P000004/2025/2026/5900000000,planning,Supervision of Execution works for  Rehabilitation and upgrading Yove Health Center,ocid,ocds-ozzobm-P000004/2025/2026/5900000000
0.releases.1662.relatedProcesses.0,0.releases.1662,0,P000041/2025/2026/1903000000,planning,Framework agreement for Provision of sports and recreational facilities and services for RISA staff,ocid,ocds-ozzobm-P000041/2025/2026/1903000000
0.releases.1663.relatedProcesses.0,0.releases.1663,0,P000041/2025/2026/1903000000,planning,Framework agreement for Provision of sports and recreational facilities and services for RISA staff,ocid,ocds-ozzobm-P000041/2025/2026/1903000000
0.releases.1664.relatedProcesses.0,0.releases.1664,0,P000041/2025/2026/1903000000,planning,Framework agreement for Provision of sports and recreational facilities and services for RISA staff,ocid,ocds-ozzobm-P000041/2025/2026/1903000000
0.releases.1665.relatedProcesses.0,0.releases.1665,0,P000016/2023/2024/1903001001,planning,Tender for Civil Registration Archives Digitization,ocid,ocds-ozzobm-P000016/2023/2024/1903001001
0.releases.1666.relatedProcesses.0,0.releases.1666,0,P000002/2025/2026/5900000000,planning,Supervision of Execution work for Rehabilitation and upgrading of Mwezi health center(Phase 2) in Karengera Sector in Nyamasheke District,ocid,ocds-ozzobm-P000002/2025/2026/5900000000
0.releases.1667.relatedProcesses.0,0.releases.1667,0,P000016/2023/2024/5900000000,planning,Tender for transport services in Nyamasheke District,ocid,ocds-ozzobm-P000016/2023/2024/5900000000
0.releases.1668.relatedProcesses.0,0.releases.1668,0,P000020/2024/2025/1200000000,planning,"Provision of Venue for Meetings, Conferences and Accommodation",ocid,ocds-ozzobm-P000020/2024/2025/1200000000
0.releases.1669.relatedProcesses.0,0.releases.1669,0,P000020/2024/2025/1200000000,planning,"Provision of Venue for Meetings, Conferences and Accommodation",ocid,ocds-ozzobm-P000020/2024/2025/1200000000
0.releases.1670.relatedProcesses.0,0.releases.1670,0,P000013/2024/2025/0110000000,planning,PROVISION OF INSURANCE OF ASSET,ocid,ocds-ozzobm-P000013/2024/2025/0110000000
0.releases.1671.relatedProcesses.0,0.releases.1671,0,P000171/2025/2026/1203000000,planning,"Production, supply and installation of specialized printing materials to RRA such as Notepads, Danglers (framework contract)",ocid,ocds-ozzobm-P000171/2025/2026/1203000000
0.releases.1672.relatedProcesses.0,0.releases.1672,0,P000082/2025/2026/0901000000,planning,Supply of  Rabbit cages,ocid,ocds-ozzobm-P000082/2025/2026/0901000000
0.releases.1673.relatedProcesses.0,0.releases.1673,0,P000080/2025/2026/0901000000,planning,"Supply of Specialized equipment in poultry, pig, and Rabbit",ocid,ocds-ozzobm-P000080/2025/2026/0901000000
0.releases.1674.relatedProcesses.0,0.releases.1674,0,P000044/2025/2026/6400000000,planning,"Maintenance, Renovation and Rehabilitation of Rulindo District Infrastructures",ocid,ocds-ozzobm-P000044/2025/2026/6400000000
0.releases.1675.relatedProcesses.0,0.releases.1675,0,P000212/2024/2025/1804000000,planning,Supply and Installation of FIFA approved artificial Turf at Huye Stadium and returning floodlights borrowed from Rubavu,ocid,ocds-ozzobm-P000212/2024/2025/1804000000
0.releases.1676.relatedProcesses.0,0.releases.1676,0,P000044/2025/2026/6400000000,planning,"Maintenance, Renovation and Rehabilitation of Rulindo District Infrastructures",ocid,ocds-ozzobm-P000044/2025/2026/6400000000
0.releases.1677.relatedProcesses.0,0.releases.1677,0,P000044/2025/2026/6400000000,planning,"Maintenance, Renovation and Rehabilitation of Rulindo District Infrastructures",ocid,ocds-ozzobm-P000044/2025/2026/6400000000
0.releases.1678.relatedProcesses.0,0.releases.1678,0,P000075/2025/2026/6500000000,planning,SUPERVISION FOR CONSTRUCTION OF LATRINES AT EP KARAMA IN JANJA SECTOR,ocid,ocds-ozzobm-P000075/2025/2026/6500000000
0.releases.1679.relatedProcesses.0,0.releases.1679,0,P000062/2025/2026/0701000000,planning,SUPPLY OF DIFFERENT REQUIREMENTS FOR REINFORCEMENT IN FPU PHASE III,ocid,ocds-ozzobm-P000062/2025/2026/0701000000
0.releases.1680.relatedProcesses.0,0.releases.1680,0,P000087/2022/2023/1804000000,planning,Supervision of Construction Works of 500 housing units with infrastructure,ocid,ocds-ozzobm-P000087/2022/2023/1804000000
0.releases.1681.relatedProcesses.0,0.releases.1681,0,P000087/2022/2023/1804000000,planning,Supervision of Construction Works of 500 housing units with infrastructure,ocid,ocds-ozzobm-P000087/2022/2023/1804000000
0.releases.1682.relatedProcesses.0,0.releases.1682,0,P000219/2023/2024/1804000000,planning,Framework contract for design and supervision of urgent government construction projects,ocid,ocds-ozzobm-P000219/2023/2024/1804000000
0.releases.1683.relatedProcesses.0,0.releases.1683,0,P000011/2025/2026/1200000000,planning,Consultancy Services for Developing Standard Operating Procedures for MINECOFIN Service Delivery,ocid,ocds-ozzobm-P000011/2025/2026/1200000000
0.releases.1684.relatedProcesses.0,0.releases.1684,0,P000008/2025/2026/0901000000,planning,Works for the rehabilitation of Irrigation Infrastructures,ocid,ocds-ozzobm-P000008/2025/2026/0901000000
0.releases.1685.relatedProcesses.0,0.releases.1685,0,P000116/2023/2024/0901000000,planning,Provision of transport services to RAB Staff,ocid,ocds-ozzobm-P000116/2023/2024/0901000000
0.releases.1686.relatedProcesses.0,0.releases.1686,0,P000020/2025/2026/2315000000,planning,Service Level Agreement for AVID products,ocid,ocds-ozzobm-P000020/2025/2026/2315000000
0.releases.1687.relatedProcesses.0,0.releases.1687,0,P000067/2024/2025/1605000000,planning,Maintenance of Laboratory information system at NRL,ocid,ocds-ozzobm-P000067/2024/2025/1605000000
0.releases.1688.relatedProcesses.0,0.releases.1688,0,P000026/2025/2026/2300000000,planning,Tender for the  Airtime and space in different media platforms,ocid,ocds-ozzobm-P000026/2025/2026/2300000000
0.releases.1689.relatedProcesses.0,0.releases.1689,0,P000026/2024/2025/5100003001,planning,SUPPLY OF RESTAURENT AND HOTEL SERVICES TO REMERA RUKOMA HOSPITAL,ocid,ocds-ozzobm-P000026/2024/2025/5100003001
0.releases.1690.relatedProcesses.0,0.releases.1690,0,P000012/2024/2025/5100003001,planning,"Office Supplies, consumables and printing services",ocid,ocds-ozzobm-P000012/2024/2025/5100003001
0.releases.1691.relatedProcesses.0,0.releases.1691,0,P000020/2025/2026/1001000000,planning,"Supply, installation and training on RSB Laboratory Management System for metrology laboratories and upgrading existing system for testing laboratories",ocid,ocds-ozzobm-P000020/2025/2026/1001000000
0.releases.1692.relatedProcesses.0,0.releases.1692,0,P000004/2025/2026/2903001008,planning,Review of the management plan of Gishwati-Mukura national park,ocid,ocds-ozzobm-P000004/2025/2026/2903001008
0.releases.1693.relatedProcesses.0,0.releases.1693,0,P000073/2024/2025/1802000000,planning,"Consultancy Services for Supervision of Urgent Works of Rehabilitation /Repair of Selected Damaged Unpaved National Road Sections in Northern Province,Rwand",ocid,ocds-ozzobm-P000073/2024/2025/1802000000
0.releases.1694.relatedProcesses.0,0.releases.1694,0,P000076/2024/2025/1802000000,planning,"Consultancy Services for Supervision of Urgent Works of Rehabilitation /Repair of Selected, Damaged and Unpaved District Road Sections in Southern Province,Rwanda",ocid,ocds-ozzobm-P000076/2024/2025/1802000000
0.releases.1695.relatedProcesses.0,0.releases.1695,0,P000019/2025/2026/4300000000,planning,Hiring a bailiff on behalf of Kayonza District,ocid,ocds-ozzobm-P000019/2025/2026/4300000000
0.releases.1696.relatedProcesses.0,0.releases.1696,0,P000015/2025/2026/4300000000,planning,Tender for animal Insemination and Vaccination campaign through sanitary mandate,ocid,ocds-ozzobm-P000015/2025/2026/4300000000
0.releases.1697.relatedProcesses.0,0.releases.1697,0,P000026/2025/2026/4300000000,planning,Supply of Agricultural Inputs and Irrigation Equipment for Crop Trials and Model Farms,ocid,ocds-ozzobm-P000026/2025/2026/4300000000
0.releases.1698.relatedProcesses.0,0.releases.1698,0,P000042/2025/2026/2318000000,planning,Supply and Delivery training materials at NRS centers,ocid,ocds-ozzobm-P000042/2025/2026/2318000000
0.releases.1699.relatedProcesses.0,0.releases.1699,0,P000046/2025/2026/2318000000,planning,"Supply and delivery of shoes, clothes and bedding materials at NRS and its Centers",ocid,ocds-ozzobm-P000046/2025/2026/2318000000
0.releases.1700.relatedProcesses.0,0.releases.1700,0,P000012/2025/2026/1001000000,planning,Provision of hotel services in Muhanga (Framework contract),ocid,ocds-ozzobm-P000012/2025/2026/1001000000
0.releases.1701.relatedProcesses.0,0.releases.1701,0,P000005/2025/2026/2318000000,planning,Provision for service of Empting toilets and fosses at Gitagata Rehabilitation Center,ocid,ocds-ozzobm-P000005/2025/2026/2318000000
0.releases.1702.relatedProcesses.0,0.releases.1702,0,P000043/2024/2025/2318000000,planning,Supply and Delivery training materials at NRS centers,ocid,ocds-ozzobm-P000043/2024/2025/2318000000
0.releases.1703.relatedProcesses.0,0.releases.1703,0,P000050/2024/2025/1001000000,planning,Supply and installation of office furniture for Rwanda Standards Board (framework contract),ocid,ocds-ozzobm-P000050/2024/2025/1001000000
0.releases.1704.relatedProcesses.0,0.releases.1704,0,P000016/2025/2026/5800000000,planning,Supply and installation of health centers equipment(PHASE II),ocid,ocds-ozzobm-P000016/2025/2026/5800000000
0.releases.1705.relatedProcesses.0,0.releases.1705,0,P000020/2025/2026/5800000000,planning,Provide Girinka package under framework agreement,ocid,ocds-ozzobm-P000020/2025/2026/5800000000
0.releases.1706.relatedProcesses.0,0.releases.1706,0,P000017/2024/2025/2301000000,planning,TV and Radio production,ocid,ocds-ozzobm-P000017/2024/2025/2301000000
0.releases.1707.relatedProcesses.0,0.releases.1707,0,P000005/2025/2026/5100003001,planning,"Decoration and sonolisation services (location chairs,tents, Cameras).",ocid,ocds-ozzobm-P000005/2025/2026/5100003001
0.releases.1708.relatedProcesses.0,0.releases.1708,0,P000002/2025/2026/2301000000,planning,Adverts and announcements,ocid,ocds-ozzobm-P000002/2025/2026/2301000000
0.releases.1709.relatedProcesses.0,0.releases.1709,0,P000077/2024/2025/4200000000,planning,"Feasibility Study for upgrading and rehabilitation of 4 markets (Kabarore, Rwagitima, Kiramuruzi and Muhura) in Gatsibo District",ocid,ocds-ozzobm-P000077/2024/2025/4200000000
0.releases.1710.relatedProcesses.0,0.releases.1710,0,P000077/2024/2025/4200000000,planning,"Feasibility Study for upgrading and rehabilitation of 4 markets (Kabarore, Rwagitima, Kiramuruzi and Muhura) in Gatsibo District",ocid,ocds-ozzobm-P000077/2024/2025/4200000000
0.releases.1711.relatedProcesses.0,0.releases.1711,0,P000001/2025/2026/6000000000,planning,Construction of Gahabwa Center- Bikono -Muramba chip seal road of ( 3.743km),ocid,ocds-ozzobm-P000001/2025/2026/6000000000
0.releases.1712.relatedProcesses.0,0.releases.1712,0,P000015/2025/2026/1001000000,planning,Framework contract for the supply of sports equipment to RSB staff,ocid,ocds-ozzobm-P000015/2025/2026/1001000000
0.releases.1713.relatedProcesses.0,0.releases.1713,0,P000029/2025/2026/1602000000,planning,Provision of Sports and recreational facilities and services,ocid,ocds-ozzobm-P000029/2025/2026/1602000000
0.releases.1714.relatedProcesses.0,0.releases.1714,0,P000001/2025/2026/1602000000,planning,Supply of Cleaning& Hygiene materials,ocid,ocds-ozzobm-P000001/2025/2026/1602000000
0.releases.1715.relatedProcesses.0,0.releases.1715,0,P000062/2025/2026/7000000000,planning,"Provision of Online, Radio and TV broadcasting services",ocid,ocds-ozzobm-P000062/2025/2026/7000000000
0.releases.1716.relatedProcesses.0,0.releases.1716,0,P000062/2025/2026/7000000000,planning,"Provision of Online, Radio and TV broadcasting services",ocid,ocds-ozzobm-P000062/2025/2026/7000000000
0.releases.1717.relatedProcesses.0,0.releases.1717,0,P000027/2025/2026/7000000000,planning,Construction of Busanza Youth Centre /Playground,ocid,ocds-ozzobm-P000027/2025/2026/7000000000
0.releases.1718.relatedProcesses.0,0.releases.1718,0,P000008/2025/2026/5600003001,planning,"Tender for Medical equipment maintenance  (Echographie, Radiographie, Anesthesia machine, patient monitors, incubetors, ...)",ocid,ocds-ozzobm-P000008/2025/2026/5600003001
0.releases.1719.relatedProcesses.0,0.releases.1719,0,P000008/2025/2026/5600003001,planning,"Tender for Medical equipment maintenance  (Echographie, Radiographie, Anesthesia machine, patient monitors, incubetors, ...)",ocid,ocds-ozzobm-P000008/2025/2026/5600003001
0.releases.1720.relatedProcesses.0,0.releases.1720,0,P000068/2025/2026/0702000000,planning,Construction works of Canteen and Kitchen at Nyamasheke Correctional Facility,ocid,ocds-ozzobm-P000068/2025/2026/0702000000
0.releases.1721.relatedProcesses.0,0.releases.1721,0,P000037/2025/2026/1700000000,planning,Purchase of Books for NPPA/Re-Advertised,ocid,ocds-ozzobm-P000037/2025/2026/1700000000
0.releases.1722.relatedProcesses.0,0.releases.1722,0,P000002/2025/2026/2903000000,planning,Codification of Assets,ocid,ocds-ozzobm-P000002/2025/2026/2903000000
0.releases.1723.relatedProcesses.0,0.releases.1723,0,P000002/2025/2026/2903000000,planning,Codification of Assets,ocid,ocds-ozzobm-P000002/2025/2026/2903000000
0.releases.1724.relatedProcesses.0,0.releases.1724,0,P000024/2025/2026/7000001001,planning,Conduct preventive and curative maintenance of non- medical equipment and spare parts,ocid,ocds-ozzobm-P000024/2025/2026/7000001001
0.releases.1725.relatedProcesses.0,0.releases.1725,0,P000001/2025/2026/0829000000,planning,Production of graphic design and printing services for promotional materials,ocid,ocds-ozzobm-P000001/2025/2026/0829000000
0.releases.1726.relatedProcesses.0,0.releases.1726,0,P000013/2025/2026/2206000000,planning,Framework Contract for the Supply and Delivery of Office Consumables to the National Land Authority,ocid,ocds-ozzobm-P000013/2025/2026/2206000000
0.releases.1727.relatedProcesses.0,0.releases.1727,0,P000013/2025/2026/2206000000,planning,Framework Contract for the Supply and Delivery of Office Consumables to the National Land Authority,ocid,ocds-ozzobm-P000013/2025/2026/2206000000
0.releases.1728.relatedProcesses.0,0.releases.1728,0,P000013/2025/2026/2206000000,planning,Framework Contract for the Supply and Delivery of Office Consumables to the National Land Authority,ocid,ocds-ozzobm-P000013/2025/2026/2206000000
0.releases.1729.relatedProcesses.0,0.releases.1729,0,P000050/2025/2026/0902000000,planning,Tender for framework contract for supply and installation of office equipment (Furniture),ocid,ocds-ozzobm-P000050/2025/2026/0902000000
0.releases.1730.relatedProcesses.0,0.releases.1730,0,P000038/2025/2026/1808000000,planning,Feasibility and Detailed Design for the Rehabilitation and Upgrading of Kimisagara WTP,ocid,ocds-ozzobm-P000038/2025/2026/1808000000
0.releases.1731.relatedProcesses.0,0.releases.1731,0,P000037/2025/2026/1808000000,planning,Feasibility and Detailed Design for the Rehabilitation and Upgrading of Kimisagara WTP,ocid,ocds-ozzobm-P000037/2025/2026/1808000000
0.releases.1732.relatedProcesses.0,0.releases.1732,0,P000019/2025/2026/6600003001,planning,Purchase of ICT Equipment,ocid,ocds-ozzobm-P000019/2025/2026/6600003001
0.releases.1733.relatedProcesses.0,0.releases.1733,0,P000025/2025/2026/6600000000,planning,Tender for supply of Foodstuff for transit Center,ocid,ocds-ozzobm-P000025/2025/2026/6600000000
0.releases.1734.relatedProcesses.0,0.releases.1734,0,P000001/2025/2026/2903000000,planning,Provision of Cleaning Services at RFA Huye Headquater,ocid,ocds-ozzobm-P000001/2025/2026/2903000000
0.releases.1735.relatedProcesses.0,0.releases.1735,0,P000001/2025/2026/2903000000,planning,Provision of Cleaning Services at RFA Huye Headquater,ocid,ocds-ozzobm-P000001/2025/2026/2903000000
0.releases.1736.relatedProcesses.0,0.releases.1736,0,P000001/2025/2026/2903000000,planning,Provision of Cleaning Services at RFA Huye Headquater,ocid,ocds-ozzobm-P000001/2025/2026/2903000000
0.releases.1737.relatedProcesses.0,0.releases.1737,0,P000001/2025/2026/2903000000,planning,Provision of Cleaning Services at RFA Huye Headquater,ocid,ocds-ozzobm-P000001/2025/2026/2903000000
0.releases.1738.relatedProcesses.0,0.releases.1738,0,P000065/2025/2026/6500000000,planning,CONSTRUCTION OF LATRINES AT EP KARAMA IN JANJA SECTOR,ocid,ocds-ozzobm-P000065/2025/2026/6500000000
0.releases.1739.relatedProcesses.0,0.releases.1739,0,P000014/2025/2026/2700000000,planning,Provision of transport services for Ministry of Youth and Arts' staff in City of Kigali,ocid,ocds-ozzobm-P000014/2025/2026/2700000000
0.releases.1740.relatedProcesses.0,0.releases.1740,0,P000014/2025/2026/2700000000,planning,Provision of transport services for Ministry of Youth and Arts' staff in City of Kigali,ocid,ocds-ozzobm-P000014/2025/2026/2700000000
0.releases.1741.relatedProcesses.0,0.releases.1741,0,P000019/2025/2026/1606000000,planning,Provision of Archive Materials to Rwanda FDA,ocid,ocds-ozzobm-P000019/2025/2026/1606000000
0.releases.1742.relatedProcesses.0,0.releases.1742,0,P000027/2025/2026/4300000000,planning,Supply of VUP Productive Asset Transfer (Tool Kts),ocid,ocds-ozzobm-P000027/2025/2026/4300000000
0.releases.1743.relatedProcesses.0,0.releases.1743,0,P000077/2025/2026/1802000000,planning,Consultancy Services for social economic impact study monitoring and evaluation under Kigali Urban Transport Improvement (KUTI) Project,ocid,ocds-ozzobm-P000077/2025/2026/1802000000
0.releases.1744.relatedProcesses.0,0.releases.1744,0,P000077/2025/2026/1802000000,planning,Consultancy Services for social economic impact study monitoring and evaluation under Kigali Urban Transport Improvement (KUTI) Project,ocid,ocds-ozzobm-P000077/2025/2026/1802000000
0.releases.1745.relatedProcesses.0,0.releases.1745,0,P000013/2025/2026/2206000000,planning,Framework Contract for the Supply and Delivery of Office Consumables to the National Land Authority,ocid,ocds-ozzobm-P000013/2025/2026/2206000000
0.releases.1746.relatedProcesses.0,0.releases.1746,0,P000009/2025/2026/5700000000,planning,Provision of Land Valuation Services,ocid,ocds-ozzobm-P000009/2025/2026/5700000000
0.releases.1747.relatedProcesses.0,0.releases.1747,0,P000065/2025/2026/6500000000,planning,CONSTRUCTION OF LATRINES AT EP KARAMA IN JANJA SECTOR,ocid,ocds-ozzobm-P000065/2025/2026/6500000000
0.releases.1748.relatedProcesses.0,0.releases.1748,0,P000001/2025/2026/2314000000,planning,Supply of Assistive Devices,ocid,ocds-ozzobm-P000001/2025/2026/2314000000
0.releases.1749.relatedProcesses.0,0.releases.1749,0,P000001/2025/2026/0701000000,planning,SUPPLY OF MEDICAL PRODUCTS AND EQUIPMENT FOR RNP,ocid,ocds-ozzobm-P000001/2025/2026/0701000000
0.releases.1750.relatedProcesses.0,0.releases.1750,0,P000007/2025/2026/4600000000,planning,Supply of cows for Girinka Program in Rwamagana District 2025-2026,ocid,ocds-ozzobm-P000007/2025/2026/4600000000
0.releases.1751.relatedProcesses.0,0.releases.1751,0,P000056/2025/2026/6200000000,planning,supply materials for construction of eleven new classrooms in Gicumbi District,ocid,ocds-ozzobm-P000056/2025/2026/6200000000
0.releases.1752.relatedProcesses.0,0.releases.1752,0,P000007/2025/2026/1421000000,planning,Designing and printing promotion materials for NESA (Under framework contract),ocid,ocds-ozzobm-P000007/2025/2026/1421000000
0.releases.1753.relatedProcesses.0,0.releases.1753,0,P000007/2025/2026/6400003002,planning,Refilling and Supply of fire extinguishers,ocid,ocds-ozzobm-P000007/2025/2026/6400003002
0.releases.1754.relatedProcesses.0,0.releases.1754,0,P000007/2025/2026/1421000000,planning,Designing and printing promotion materials for NESA (Under framework contract),ocid,ocds-ozzobm-P000007/2025/2026/1421000000
0.releases.1755.relatedProcesses.0,0.releases.1755,0,P000006/2025/2026/2700000000,planning,Provision of insurance for A@P Building,ocid,ocds-ozzobm-P000006/2025/2026/2700000000
0.releases.1756.relatedProcesses.0,0.releases.1756,0,P000006/2025/2026/2700000000,planning,Provision of insurance for A@P Building,ocid,ocds-ozzobm-P000006/2025/2026/2700000000
0.releases.1757.relatedProcesses.0,0.releases.1757,0,P000024/2025/2026/2000000000,planning,"Tender for acquisition of toners/cartridge for printers: Canon image,Runner advance 4545i and Canon image Runner C3025i",ocid,ocds-ozzobm-P000024/2025/2026/2000000000
0.releases.1758.relatedProcesses.0,0.releases.1758,0,P000024/2025/2026/2000000000,planning,"Tender for acquisition of toners/cartridge for printers: Canon image,Runner advance 4545i and Canon image Runner C3025i",ocid,ocds-ozzobm-P000024/2025/2026/2000000000
0.releases.1759.relatedProcesses.0,0.releases.1759,0,P000051/2024/2025/1903000000,planning,Centralized procurement of monitor on behalf of all Government Institutions,ocid,ocds-ozzobm-P000051/2024/2025/1903000000
0.releases.1760.relatedProcesses.0,0.releases.1760,0,P000002/2025/2026/6400003002,planning,Purchase of Hospital staff Uniform,ocid,ocds-ozzobm-P000002/2025/2026/6400003002
0.releases.1761.relatedProcesses.0,0.releases.1761,0,P000014/2025/2026/5200000000,planning,Tender for Supply of Bicycles for FFS Facilitators in Nyanza District,ocid,ocds-ozzobm-P000014/2025/2026/5200000000
0.releases.1762.relatedProcesses.0,0.releases.1762,0,P000043/2025/2026/0901000000,planning,Supply of bull center laboratory equipment and consumables,ocid,ocds-ozzobm-P000043/2025/2026/0901000000
0.releases.1763.relatedProcesses.0,0.releases.1763,0,P000002/2025/2026/1420000000,planning,SUPERVISION SERVICES FOR REHABILITATION AND EXPANSION OF CYANIKA IN NYAMAGABE DISTRICT AND MUHORORO TVET SCHOOLS IN KARONGI DISTRICT.,ocid,ocds-ozzobm-P000002/2025/2026/1420000000
0.releases.1764.relatedProcesses.0,0.releases.1764,0,P000043/2025/2026/0901000000,planning,Supply of bull center laboratory equipment and consumables,ocid,ocds-ozzobm-P000043/2025/2026/0901000000
0.releases.1765.relatedProcesses.0,0.releases.1765,0,P000066/2023/2024/1419000000,planning,Construction of football pitches at Karongi and Kitabi IPRCs together with construction of basketball court at IPRC Karongi,ocid,ocds-ozzobm-P000066/2023/2024/1419000000
0.releases.1766.relatedProcesses.0,0.releases.1766,0,P000009/2024/2025/0901001014,planning,Supervision work for Ihema and Nasho Blocks,ocid,ocds-ozzobm-P000009/2024/2025/0901001014
0.releases.1767.relatedProcesses.0,0.releases.1767,0,P000093/2025/2026/0702000000,planning,Maintenance of BIOGAZ for RCS,ocid,ocds-ozzobm-P000093/2025/2026/0702000000
0.releases.1768.relatedProcesses.0,0.releases.1768,0,P000093/2025/2026/0702000000,planning,Maintenance of BIOGAZ for RCS,ocid,ocds-ozzobm-P000093/2025/2026/0702000000
0.releases.1769.relatedProcesses.0,0.releases.1769,0,P000093/2025/2026/0702000000,planning,Maintenance of BIOGAZ for RCS,ocid,ocds-ozzobm-P000093/2025/2026/0702000000
0.releases.1770.relatedProcesses.0,0.releases.1770,0,P000093/2025/2026/0702000000,planning,Maintenance of BIOGAZ for RCS,ocid,ocds-ozzobm-P000093/2025/2026/0702000000
0.releases.1771.relatedProcesses.0,0.releases.1771,0,P000002/2025/2026/1420000000,planning,SUPERVISION SERVICES FOR REHABILITATION AND EXPANSION OF CYANIKA IN NYAMAGABE DISTRICT AND MUHORORO TVET SCHOOLS IN KARONGI DISTRICT.,ocid,ocds-ozzobm-P000002/2025/2026/1420000000
0.releases.1772.relatedProcesses.0,0.releases.1772,0,P000013/2025/2026/5200000000,planning,Tender for supply of full electric Motorcycle in Nyanza District,ocid,ocds-ozzobm-P000013/2025/2026/5200000000
0.releases.1773.relatedProcesses.0,0.releases.1773,0,P000007/2025/2026/0901000000,planning,"Supply, Installation, and commissioning of Plant biotechnology equipment",ocid,ocds-ozzobm-P000007/2025/2026/0901000000
0.releases.1774.relatedProcesses.0,0.releases.1774,0,P000012/2025/2026/0702000000,planning,Maintenance and repairs of Domestic appliances,ocid,ocds-ozzobm-P000012/2025/2026/0702000000
0.releases.1775.relatedProcesses.0,0.releases.1775,0,P000012/2025/2026/0702000000,planning,Maintenance and repairs of Domestic appliances,ocid,ocds-ozzobm-P000012/2025/2026/0702000000
0.releases.1776.relatedProcesses.0,0.releases.1776,0,P000001/2025/2026/2903001007,planning,Recruitment of consultancy firm to conduct the Midi-Term Review of COMBIO Project,ocid,ocds-ozzobm-P000001/2025/2026/2903001007
0.releases.1777.relatedProcesses.0,0.releases.1777,0,P000026/2025/2026/5900003002,planning,To construct Genocide against Tutsi Monument,ocid,ocds-ozzobm-P000026/2025/2026/5900003002
0.releases.1778.relatedProcesses.0,0.releases.1778,0,P000026/2025/2026/5900003002,planning,To construct Genocide against Tutsi Monument,ocid,ocds-ozzobm-P000026/2025/2026/5900003002
0.releases.1779.relatedProcesses.0,0.releases.1779,0,P000010/2025/2026/5100000000,planning,Purchase of electricity,ocid,ocds-ozzobm-P000010/2025/2026/5100000000
0.releases.1780.relatedProcesses.0,0.releases.1780,0,P000047/2025/2026/2900000000,planning,Supply of MOE vehicle spare parts,ocid,ocds-ozzobm-P000047/2025/2026/2900000000
0.releases.1781.relatedProcesses.0,0.releases.1781,0,P000047/2025/2026/2900000000,planning,Supply of MOE vehicle spare parts,ocid,ocds-ozzobm-P000047/2025/2026/2900000000
0.releases.1782.relatedProcesses.0,0.releases.1782,0,P000093/2025/2026/0702000000,planning,Maintenance of BIOGAZ for RCS,ocid,ocds-ozzobm-P000093/2025/2026/0702000000
0.releases.1783.relatedProcesses.0,0.releases.1783,0,P000002/2025/2026/1700000000,planning,Provision of Engraving Service of NPPA Assets,ocid,ocds-ozzobm-P000002/2025/2026/1700000000
0.releases.1784.relatedProcesses.0,0.releases.1784,0,P000002/2025/2026/1700000000,planning,Provision of Engraving Service of NPPA Assets,ocid,ocds-ozzobm-P000002/2025/2026/1700000000
0.releases.1785.relatedProcesses.0,0.releases.1785,0,P000006/2025/2026/2308000000,planning,Hiring vehicle for  transport service,ocid,ocds-ozzobm-P000006/2025/2026/2308000000
0.releases.1786.relatedProcesses.0,0.releases.1786,0,P000009/2025/2026/6600000000,planning,Tender for supply of furnitures in constructed house for needy Genocide survivors,ocid,ocds-ozzobm-P000009/2025/2026/6600000000
0.releases.1787.relatedProcesses.0,0.releases.1787,0,P000009/2025/2026/6600000000,planning,Tender for supply of furnitures in constructed house for needy Genocide survivors,ocid,ocds-ozzobm-P000009/2025/2026/6600000000
0.releases.1788.relatedProcesses.0,0.releases.1788,0,P000002/2025/2026/1700000000,planning,Provision of Engraving Service of NPPA Assets,ocid,ocds-ozzobm-P000002/2025/2026/1700000000
0.releases.1789.relatedProcesses.0,0.releases.1789,0,P000002/2025/2026/6400003002,planning,Purchase of Hospital staff Uniform,ocid,ocds-ozzobm-P000002/2025/2026/6400003002
0.releases.1790.relatedProcesses.0,0.releases.1790,0,P000011/2025/2026/5100000000,planning,Vaccination & Insemination through Veterinary Sanitary Mandate,ocid,ocds-ozzobm-P000011/2025/2026/5100000000
0.releases.1791.relatedProcesses.0,0.releases.1791,0,P000008/2025/2026/0901000000,planning,Works for the rehabilitation of Irrigation Infrastructures,ocid,ocds-ozzobm-P000008/2025/2026/0901000000
0.releases.1792.relatedProcesses.0,0.releases.1792,0,P000093/2025/2026/1203000000,planning,"Provision of IT infrastructure and Cyber-security review, enhancement, automation of the DR site configurations and implementations of recommendations, advisory and trainings(framework contract)",ocid,ocds-ozzobm-P000093/2025/2026/1203000000
0.releases.1793.relatedProcesses.0,0.releases.1793,0,P000055/2024/2025/1419000000,planning,"Supervision of rehabilitation and renovation (refurbishment) works for the rooms to host smart classrooms and smart labs located in IPRC Huye, IPRC Kigali, Nyamata TVET School, and EFA Nyagahanga.",ocid,ocds-ozzobm-P000055/2024/2025/1419000000
0.releases.1794.relatedProcesses.0,0.releases.1794,0,P000038/2024/2025/1400000000,planning,Consultancy service for development and administration of an online French language placement test & an application for learning French online,ocid,ocds-ozzobm-P000038/2024/2025/1400000000
0.releases.1795.relatedProcesses.0,0.releases.1795,0,P000002/2025/2026/6400003002,planning,Purchase of Hospital staff Uniform,ocid,ocds-ozzobm-P000002/2025/2026/6400003002
0.releases.1796.relatedProcesses.0,0.releases.1796,0,P000002/2025/2026/6400003002,planning,Purchase of Hospital staff Uniform,ocid,ocds-ozzobm-P000002/2025/2026/6400003002
0.releases.1797.relatedProcesses.0,0.releases.1797,0,P000007/2025/2026/4600000000,planning,Supply of cows for Girinka Program in Rwamagana District 2025-2026,ocid,ocds-ozzobm-P000007/2025/2026/4600000000
0.releases.1798.relatedProcesses.0,0.releases.1798,0,P000002/2025/2026/6400003002,planning,Purchase of Hospital staff Uniform,ocid,ocds-ozzobm-P000002/2025/2026/6400003002
0.releases.1799.relatedProcesses.0,0.releases.1799,0,P000002/2025/2026/6400003002,planning,Purchase of Hospital staff Uniform,ocid,ocds-ozzobm-P000002/2025/2026/6400003002
0.releases.1800.relatedProcesses.0,0.releases.1800,0,P000051/2025/2026/4000000000,planning,HIRING A SERVICE PROVIDER FOR PROPERTY VALUATION,ocid,ocds-ozzobm-P000051/2025/2026/4000000000
0.releases.1801.relatedProcesses.0,0.releases.1801,0,P000051/2025/2026/4000000000,planning,HIRING A SERVICE PROVIDER FOR PROPERTY VALUATION,ocid,ocds-ozzobm-P000051/2025/2026/4000000000
0.releases.1802.relatedProcesses.0,0.releases.1802,0,P000007/2025/2026/6400003002,planning,Refilling and Supply of fire extinguishers,ocid,ocds-ozzobm-P000007/2025/2026/6400003002
0.releases.1803.relatedProcesses.0,0.releases.1803,0,P000051/2025/2026/4000000000,planning,HIRING A SERVICE PROVIDER FOR PROPERTY VALUATION,ocid,ocds-ozzobm-P000051/2025/2026/4000000000
0.releases.1804.relatedProcesses.0,0.releases.1804,0,P000092/2025/2026/0702000000,planning,Acquisition  of tea break required for the RCS staff,ocid,ocds-ozzobm-P000092/2025/2026/0702000000
0.releases.1805.relatedProcesses.0,0.releases.1805,0,P000092/2025/2026/0702000000,planning,Acquisition  of tea break required for the RCS staff,ocid,ocds-ozzobm-P000092/2025/2026/0702000000
0.releases.1806.relatedProcesses.0,0.releases.1806,0,P000010/2025/2026/2700000000,planning,Production of T-shirts and their branding to used in the events.,ocid,ocds-ozzobm-P000010/2025/2026/2700000000
0.releases.1807.relatedProcesses.0,0.releases.1807,0,P000010/2025/2026/2700000000,planning,Production of T-shirts and their branding to used in the events.,ocid,ocds-ozzobm-P000010/2025/2026/2700000000
0.releases.1808.relatedProcesses.0,0.releases.1808,0,P000077/2025/2026/1802000000,planning,Consultancy Services for social economic impact study monitoring and evaluation under Kigali Urban Transport Improvement (KUTI) Project,ocid,ocds-ozzobm-P000077/2025/2026/1802000000
0.releases.1809.relatedProcesses.0,0.releases.1809,0,P000026/2025/2026/5900003002,planning,To construct Genocide against Tutsi Monument,ocid,ocds-ozzobm-P000026/2025/2026/5900003002
0.releases.1810.relatedProcesses.0,0.releases.1810,0,P000026/2025/2026/5900003002,planning,To construct Genocide against Tutsi Monument,ocid,ocds-ozzobm-P000026/2025/2026/5900003002
0.releases.1811.relatedProcesses.0,0.releases.1811,0,P000017/2025/2026/0111000000,planning,TENDER FOR SUPPLY OF OFFICE FURNITURE,ocid,ocds-ozzobm-P000017/2025/2026/0111000000
0.releases.1812.relatedProcesses.0,0.releases.1812,0,P000175/2025/2026/1804000000,planning,Replacement of Giant Screens/Scoreboards at Amahoro National Stadium,ocid,ocds-ozzobm-P000175/2025/2026/1804000000
0.releases.1813.relatedProcesses.0,0.releases.1813,0,P000175/2025/2026/1804000000,planning,Replacement of Giant Screens/Scoreboards at Amahoro National Stadium,ocid,ocds-ozzobm-P000175/2025/2026/1804000000
0.releases.1814.relatedProcesses.0,0.releases.1814,0,P000017/2025/2026/0111000000,planning,TENDER FOR SUPPLY OF OFFICE FURNITURE,ocid,ocds-ozzobm-P000017/2025/2026/0111000000
0.releases.1815.relatedProcesses.0,0.releases.1815,0,P000022/2025/2026/5600003001,planning,Tender for ICT MAINTENANCE AND SUPPLY OF ACCESSORIES,ocid,ocds-ozzobm-P000022/2025/2026/5600003001
0.releases.1816.relatedProcesses.0,0.releases.1816,0,P000090/2025/2026/0702000000,planning,Acquisition of Electricity power System(Lightining Conductors),ocid,ocds-ozzobm-P000090/2025/2026/0702000000
0.releases.1817.relatedProcesses.0,0.releases.1817,0,P000025/2025/2026/6600000000,planning,Tender for supply of Foodstuff for transit Center,ocid,ocds-ozzobm-P000025/2025/2026/6600000000
0.releases.1818.relatedProcesses.0,0.releases.1818,0,P000014/2025/2026/0112000000,planning,Framework contract for the provision of 3star Hotel services,ocid,ocds-ozzobm-P000014/2025/2026/0112000000
0.releases.1819.relatedProcesses.0,0.releases.1819,0,P000014/2025/2026/0112000000,planning,Framework contract for the provision of 3star Hotel services,ocid,ocds-ozzobm-P000014/2025/2026/0112000000
0.releases.1820.relatedProcesses.0,0.releases.1820,0,P000014/2025/2026/0112000000,planning,Framework contract for the provision of 3star Hotel services,ocid,ocds-ozzobm-P000014/2025/2026/0112000000
0.releases.1821.relatedProcesses.0,0.releases.1821,0,P000014/2025/2026/0112000000,planning,Framework contract for the provision of 3star Hotel services,ocid,ocds-ozzobm-P000014/2025/2026/0112000000
0.releases.1822.relatedProcesses.0,0.releases.1822,0,P000014/2025/2026/0112000000,planning,Framework contract for the provision of 3star Hotel services,ocid,ocds-ozzobm-P000014/2025/2026/0112000000
0.releases.1823.relatedProcesses.0,0.releases.1823,0,P000017/2025/2026/0111000000,planning,TENDER FOR SUPPLY OF OFFICE FURNITURE,ocid,ocds-ozzobm-P000017/2025/2026/0111000000
0.releases.1824.relatedProcesses.0,0.releases.1824,0,P000148/2025/2026/1804000000,planning,Rehabilitation of the TB Sake Court Building,ocid,ocds-ozzobm-P000148/2025/2026/1804000000
0.releases.1825.relatedProcesses.0,0.releases.1825,0,P000148/2025/2026/1804000000,planning,Rehabilitation of the TB Sake Court Building,ocid,ocds-ozzobm-P000148/2025/2026/1804000000
0.releases.1826.relatedProcesses.0,0.releases.1826,0,P000056/2024/2025/1903001001,planning,Technical assistance to provide ISO 27001:2022 and ISO 27701:2019 certification services to 5 institutions (category 3),ocid,ocds-ozzobm-P000056/2024/2025/1903001001
0.releases.1827.relatedProcesses.0,0.releases.1827,0,P000092/2025/2026/0702000000,planning,Acquisition  of tea break required for the RCS staff,ocid,ocds-ozzobm-P000092/2025/2026/0702000000
0.releases.1828.relatedProcesses.0,0.releases.1828,0,P000017/2025/2026/0112000000,planning,Framework Contract to Supply Fuel,ocid,ocds-ozzobm-P000017/2025/2026/0112000000
0.releases.1829.relatedProcesses.0,0.releases.1829,0,P000012/2025/2026/8300000000,planning,Framework tender for Maintenance and Upgrade of the SAP S4 HANA System,ocid,ocds-ozzobm-P000012/2025/2026/8300000000
0.releases.1830.relatedProcesses.0,0.releases.1830,0,P000037/2025/2026/2315000000,planning,Acquisition of Radio & TV microwave spares for existing transmission infrastructure (Framework contract),ocid,ocds-ozzobm-P000037/2025/2026/2315000000
0.releases.1831.relatedProcesses.0,0.releases.1831,0,P000008/2025/2026/4600000000,planning,Purchase of Drugs for Girinka package,ocid,ocds-ozzobm-P000008/2025/2026/4600000000
0.releases.1832.relatedProcesses.0,0.releases.1832,0,P000092/2025/2026/0702000000,planning,Acquisition  of tea break required for the RCS staff,ocid,ocds-ozzobm-P000092/2025/2026/0702000000
0.releases.1833.relatedProcesses.0,0.releases.1833,0,P000011/2025/2026/4200003002,planning,"Maintenance and repair of air conditioners, hospital fridge and mortuary fridge",ocid,ocds-ozzobm-P000011/2025/2026/4200003002
0.releases.1834.relatedProcesses.0,0.releases.1834,0,P000067/2025/2026/0400000000,planning,Sound system,ocid,ocds-ozzobm-P000067/2025/2026/0400000000
0.releases.1835.relatedProcesses.0,0.releases.1835,0,P000033/2025/2026/0901001015,planning,Conduct ESIA/ESMP for Cyabayaga irrigation scheme,ocid,ocds-ozzobm-P000033/2025/2026/0901001015
0.releases.1836.relatedProcesses.0,0.releases.1836,0,P000033/2025/2026/0901001015,planning,Conduct ESIA/ESMP for Cyabayaga irrigation scheme,ocid,ocds-ozzobm-P000033/2025/2026/0901001015
0.releases.1837.relatedProcesses.0,0.releases.1837,0,P000001/2025/2026/1804000000,planning,Supervision of proposed beautifications at Amahoro Stadium,ocid,ocds-ozzobm-P000001/2025/2026/1804000000
0.releases.1838.relatedProcesses.0,0.releases.1838,0,P000001/2025/2026/2903001007,planning,Recruitment of consultancy firm to conduct the Midi-Term Review of COMBIO Project,ocid,ocds-ozzobm-P000001/2025/2026/2903001007
0.releases.1839.relatedProcesses.0,0.releases.1839,0,P000105/2025/2026/2315000000,planning,Acquisition of Data Disaster Recovery and Broadcasting Services Continuity/Lumpsum,ocid,ocds-ozzobm-P000105/2025/2026/2315000000
0.releases.1840.relatedProcesses.0,0.releases.1840,0,P000105/2025/2026/2315000000,planning,Acquisition of Data Disaster Recovery and Broadcasting Services Continuity/Lumpsum,ocid,ocds-ozzobm-P000105/2025/2026/2315000000
0.releases.1841.relatedProcesses.0,0.releases.1841,0,P000067/2025/2026/0400000000,planning,Sound system,ocid,ocds-ozzobm-P000067/2025/2026/0400000000
0.releases.1842.relatedProcesses.0,0.releases.1842,0,P000092/2025/2026/0702000000,planning,Acquisition  of tea break required for the RCS staff,ocid,ocds-ozzobm-P000092/2025/2026/0702000000
0.releases.1843.relatedProcesses.0,0.releases.1843,0,P000025/2025/2026/6600000000,planning,Tender for supply of Foodstuff for transit Center,ocid,ocds-ozzobm-P000025/2025/2026/6600000000
0.releases.1844.relatedProcesses.0,0.releases.1844,0,P000104/2025/2026/0702000000,planning,Acquistion of Medical Equipment for Rwamaagana Social Reintegration centre,ocid,ocds-ozzobm-P000104/2025/2026/0702000000
0.releases.1845.relatedProcesses.0,0.releases.1845,0,P000012/2025/2026/0702000000,planning,Maintenance and repairs of Domestic appliances,ocid,ocds-ozzobm-P000012/2025/2026/0702000000
0.releases.1846.relatedProcesses.0,0.releases.1846,0,P000118/2025/2026/1417000000,planning,"Supply, install, test and commissioning of laboratory Equipment to UR-CMHS",ocid,ocds-ozzobm-P000118/2025/2026/1417000000
0.releases.1847.relatedProcesses.0,0.releases.1847,0,P000001/2025/2026/1414000000,planning,Provision of transport services to CNRU staff in the Kigali city,ocid,ocds-ozzobm-P000001/2025/2026/1414000000
0.releases.1848.relatedProcesses.0,0.releases.1848,0,P000101/2025/2026/0702000000,planning,"Acquisition of curtain Nyarugenge CF, Nyamasheke CF and Nyamagabe CF",ocid,ocds-ozzobm-P000101/2025/2026/0702000000
0.releases.1849.relatedProcesses.0,0.releases.1849,0,P000092/2025/2026/0702000000,planning,Acquisition  of tea break required for the RCS staff,ocid,ocds-ozzobm-P000092/2025/2026/0702000000
0.releases.1850.relatedProcesses.0,0.releases.1850,0,P000038/2025/2026/2315000000,planning,Acquisition of Radio Automation Software/Lumpsum,ocid,ocds-ozzobm-P000038/2025/2026/2315000000
0.releases.1851.relatedProcesses.0,0.releases.1851,0,P000038/2025/2026/2315000000,planning,Acquisition of Radio Automation Software/Lumpsum,ocid,ocds-ozzobm-P000038/2025/2026/2315000000
0.releases.1852.relatedProcesses.0,0.releases.1852,0,P000009/2025/2026/6600000000,planning,Tender for supply of furnitures in constructed house for needy Genocide survivors,ocid,ocds-ozzobm-P000009/2025/2026/6600000000
0.releases.1853.relatedProcesses.0,0.releases.1853,0,P000090/2025/2026/0702000000,planning,Acquisition of Electricity power System(Lightining Conductors),ocid,ocds-ozzobm-P000090/2025/2026/0702000000
0.releases.1854.relatedProcesses.0,0.releases.1854,0,P000026/2025/2026/5900003002,planning,To construct Genocide against Tutsi Monument,ocid,ocds-ozzobm-P000026/2025/2026/5900003002
0.releases.1855.relatedProcesses.0,0.releases.1855,0,P000012/2025/2026/0702000000,planning,Maintenance and repairs of Domestic appliances,ocid,ocds-ozzobm-P000012/2025/2026/0702000000
0.releases.1856.relatedProcesses.0,0.releases.1856,0,P000032/2025/2026/5600003001,planning,"Tender for Non medical equipment maintenance (Incinerator, Groupe electrogene, Loundry machine,Morgue frigo,etc...)",ocid,ocds-ozzobm-P000032/2025/2026/5600003001
0.releases.1857.relatedProcesses.0,0.releases.1857,0,P000104/2025/2026/0702000000,planning,Acquistion of Medical Equipment for Rwamaagana Social Reintegration centre,ocid,ocds-ozzobm-P000104/2025/2026/0702000000
0.releases.1858.relatedProcesses.0,0.releases.1858,0,P000004/2025/2026/6400000000,planning,Consultancy services for supervision of Construction of Gitanda health center,ocid,ocds-ozzobm-P000004/2025/2026/6400000000
0.releases.1859.relatedProcesses.0,0.releases.1859,0,P000004/2025/2026/6400000000,planning,Consultancy services for supervision of Construction of Gitanda health center,ocid,ocds-ozzobm-P000004/2025/2026/6400000000
0.releases.1860.relatedProcesses.0,0.releases.1860,0,P000003/2025/2026/6500000000,planning,PURCHASE AND SUPPLY OF MATERIALS FOR PEOPLE TRAINED IN SKILLS DEVELOPMENT (Productive Assets Transfer),ocid,ocds-ozzobm-P000003/2025/2026/6500000000
0.releases.1861.relatedProcesses.0,0.releases.1861,0,P000012/2023/2024/1420000000,planning,Provision of Hotel and restaurant services to RTB,ocid,ocds-ozzobm-P000012/2023/2024/1420000000
0.releases.1862.relatedProcesses.0,0.releases.1862,0,P000006/2025/2026/6600003002,planning,Tender for Office SUPPLIES,ocid,ocds-ozzobm-P000006/2025/2026/6600003002
0.releases.1863.relatedProcesses.0,0.releases.1863,0,P000004/2025/2026/6400000000,planning,Consultancy services for supervision of Construction of Gitanda health center,ocid,ocds-ozzobm-P000004/2025/2026/6400000000
0.releases.1864.relatedProcesses.0,0.releases.1864,0,P000004/2025/2026/6400000000,planning,Consultancy services for supervision of Construction of Gitanda health center,ocid,ocds-ozzobm-P000004/2025/2026/6400000000
0.releases.1865.relatedProcesses.0,0.releases.1865,0,P000011/2025/2026/2500001000,planning,Hiring a consultancy firm to conduct an End line evaluation of phase I of the project,ocid,ocds-ozzobm-P000011/2025/2026/2500001000
0.releases.1866.relatedProcesses.0,0.releases.1866,0,P000011/2025/2026/2500001000,planning,Hiring a consultancy firm to conduct an End line evaluation of phase I of the project,ocid,ocds-ozzobm-P000011/2025/2026/2500001000
0.releases.1867.relatedProcesses.0,0.releases.1867,0,P000004/2025/2026/6400000000,planning,Consultancy services for supervision of Construction of Gitanda health center,ocid,ocds-ozzobm-P000004/2025/2026/6400000000
0.releases.1868.relatedProcesses.0,0.releases.1868,0,P000001/2025/2026/4700003001,planning,Privatization of management of Kabutare District Hospital Canteen that provide the refreshment and other provisions to the Staff; Visitors and Patients,ocid,ocds-ozzobm-P000001/2025/2026/4700003001
0.releases.1869.relatedProcesses.0,0.releases.1869,0,P000011/2025/2026/2500001000,planning,Hiring a consultancy firm to conduct an End line evaluation of phase I of the project,ocid,ocds-ozzobm-P000011/2025/2026/2500001000
0.releases.1870.relatedProcesses.0,0.releases.1870,0,P000011/2025/2026/2500001000,planning,Hiring a consultancy firm to conduct an End line evaluation of phase I of the project,ocid,ocds-ozzobm-P000011/2025/2026/2500001000
0.releases.1871.relatedProcesses.0,0.releases.1871,0,P000001/2025/2026/4700003001,planning,Privatization of management of Kabutare District Hospital Canteen that provide the refreshment and other provisions to the Staff; Visitors and Patients,ocid,ocds-ozzobm-P000001/2025/2026/4700003001
0.releases.1872.relatedProcesses.0,0.releases.1872,0,P000001/2025/2026/4700003001,planning,Privatization of management of Kabutare District Hospital Canteen that provide the refreshment and other provisions to the Staff; Visitors and Patients,ocid,ocds-ozzobm-P000001/2025/2026/4700003001
0.releases.1873.relatedProcesses.0,0.releases.1873,0,P000004/2025/2026/6400000000,planning,Consultancy services for supervision of Construction of Gitanda health center,ocid,ocds-ozzobm-P000004/2025/2026/6400000000
0.releases.1874.relatedProcesses.0,0.releases.1874,0,P000004/2025/2026/6400000000,planning,Consultancy services for supervision of Construction of Gitanda health center,ocid,ocds-ozzobm-P000004/2025/2026/6400000000
0.releases.1875.relatedProcesses.0,0.releases.1875,0,P000004/2025/2026/6400000000,planning,Consultancy services for supervision of Construction of Gitanda health center,ocid,ocds-ozzobm-P000004/2025/2026/6400000000
0.releases.1876.relatedProcesses.0,0.releases.1876,0,P000005/2025/2026/4700003001,planning,Purchase Stationery and Printing Consumables including staff badges and photoes and IRS Activities,ocid,ocds-ozzobm-P000005/2025/2026/4700003001
0.releases.1877.relatedProcesses.0,0.releases.1877,0,P000004/2025/2026/6400000000,planning,Consultancy services for supervision of Construction of Gitanda health center,ocid,ocds-ozzobm-P000004/2025/2026/6400000000
0.releases.1878.relatedProcesses.0,0.releases.1878,0,P000011/2025/2026/2500001000,planning,Hiring a consultancy firm to conduct an End line evaluation of phase I of the project,ocid,ocds-ozzobm-P000011/2025/2026/2500001000
0.releases.1879.relatedProcesses.0,0.releases.1879,0,P000011/2025/2026/2500001000,planning,Hiring a consultancy firm to conduct an End line evaluation of phase I of the project,ocid,ocds-ozzobm-P000011/2025/2026/2500001000
0.releases.1880.relatedProcesses.0,0.releases.1880,0,P000011/2025/2026/2500001000,planning,Hiring a consultancy firm to conduct an End line evaluation of phase I of the project,ocid,ocds-ozzobm-P000011/2025/2026/2500001000
0.releases.1881.relatedProcesses.0,0.releases.1881,0,P000052/2023/2024/5400000000,planning,Construction of CST road Gihundwe- Rwahi-Busekanka (8.5 Km) Phase I Gihundwe-Rwahi 4.6km,ocid,ocds-ozzobm-P000052/2023/2024/5400000000
0.releases.1882.relatedProcesses.0,0.releases.1882,0,P000001/2025/2026/0701000000,planning,SUPPLY OF MEDICAL PRODUCTS AND EQUIPMENT FOR RNP,ocid,ocds-ozzobm-P000001/2025/2026/0701000000
0.releases.1883.relatedProcesses.0,0.releases.1883,0,P000079/2025/2026/5500000000,planning,Supply of tyres to Nyabihu District under framework agreement,ocid,ocds-ozzobm-P000079/2025/2026/5500000000
0.releases.1884.relatedProcesses.0,0.releases.1884,0,P000124/2022/2023/5400000000,planning,Tender for make surpervision of Upgrade Rasano Health Post,ocid,ocds-ozzobm-P000124/2022/2023/5400000000
0.releases.1885.relatedProcesses.0,0.releases.1885,0,P000046/2025/2026/1305000000,planning,Provision of Clearing and Forwarding Services for RFI Goods,ocid,ocds-ozzobm-P000046/2025/2026/1305000000
0.releases.1886.relatedProcesses.0,0.releases.1886,0,P000010/2025/2026/6600003002,planning,"Tender for FURNITURES(Office Chairs, staff room chairs and Cupboards)",ocid,ocds-ozzobm-P000010/2025/2026/6600003002
0.releases.1887.relatedProcesses.0,0.releases.1887,0,P000010/2025/2026/6600003002,planning,"Tender for FURNITURES(Office Chairs, staff room chairs and Cupboards)",ocid,ocds-ozzobm-P000010/2025/2026/6600003002
0.releases.1888.relatedProcesses.0,0.releases.1888,0,P000052/2023/2024/5400000000,planning,Construction of CST road Gihundwe- Rwahi-Busekanka (8.5 Km) Phase I Gihundwe-Rwahi 4.6km,ocid,ocds-ozzobm-P000052/2023/2024/5400000000
0.releases.1889.relatedProcesses.0,0.releases.1889,0,P000124/2022/2023/5400000000,planning,Tender for make surpervision of Upgrade Rasano Health Post,ocid,ocds-ozzobm-P000124/2022/2023/5400000000
0.releases.1890.relatedProcesses.0,0.releases.1890,0,P000037/2025/2026/2315000000,planning,Acquisition of Radio & TV microwave spares for existing transmission infrastructure (Framework contract),ocid,ocds-ozzobm-P000037/2025/2026/2315000000
0.releases.1891.relatedProcesses.0,0.releases.1891,0,P000001/2025/2026/1421000000,planning,Supply of Office Stationaries for NESA staff under Framework agreement,ocid,ocds-ozzobm-P000001/2025/2026/1421000000
0.releases.1892.relatedProcesses.0,0.releases.1892,0,P000001/2025/2026/1421000000,planning,Supply of Office Stationaries for NESA staff under Framework agreement,ocid,ocds-ozzobm-P000001/2025/2026/1421000000
0.releases.1893.relatedProcesses.0,0.releases.1893,0,P000029/2025/2026/0901000000,planning,Construction works of four (4) watering troughs at Gishwati RAB Station,ocid,ocds-ozzobm-P000029/2025/2026/0901000000
0.releases.1894.relatedProcesses.0,0.releases.1894,0,P000008/2025/2026/0901000000,planning,Works for the rehabilitation of Irrigation Infrastructures,ocid,ocds-ozzobm-P000008/2025/2026/0901000000
0.releases.1895.relatedProcesses.0,0.releases.1895,0,P000008/2024/2025/2903001000,planning,"Tender for provision  sound system,docolation and related services under framework contract",ocid,ocds-ozzobm-P000008/2024/2025/2903001000
0.releases.1896.relatedProcesses.0,0.releases.1896,0,P000041/2025/2026/1700000000,planning,Maintenance Service and Repair of the Different Systems for the Offices of NPPA Headquarter and Provinces (Electricity/Plumbing/Houses/Doors/Windows and Air Conditioners,ocid,ocds-ozzobm-P000041/2025/2026/1700000000
0.releases.1897.relatedProcesses.0,0.releases.1897,0,P000041/2025/2026/1700000000,planning,Maintenance Service and Repair of the Different Systems for the Offices of NPPA Headquarter and Provinces (Electricity/Plumbing/Houses/Doors/Windows and Air Conditioners,ocid,ocds-ozzobm-P000041/2025/2026/1700000000
0.releases.1898.relatedProcesses.0,0.releases.1898,0,P000002/2025/2026/1700000000,planning,Provision of Engraving Service of NPPA Assets,ocid,ocds-ozzobm-P000002/2025/2026/1700000000
0.releases.1899.relatedProcesses.0,0.releases.1899,0,P000041/2025/2026/1700000000,planning,Maintenance Service and Repair of the Different Systems for the Offices of NPPA Headquarter and Provinces (Electricity/Plumbing/Houses/Doors/Windows and Air Conditioners,ocid,ocds-ozzobm-P000041/2025/2026/1700000000
0.releases.1900.relatedProcesses.0,0.releases.1900,0,P000041/2025/2026/1700000000,planning,Maintenance Service and Repair of the Different Systems for the Offices of NPPA Headquarter and Provinces (Electricity/Plumbing/Houses/Doors/Windows and Air Conditioners,ocid,ocds-ozzobm-P000041/2025/2026/1700000000
0.releases.1901.relatedProcesses.0,0.releases.1901,0,P000041/2025/2026/1700000000,planning,Maintenance Service and Repair of the Different Systems for the Offices of NPPA Headquarter and Provinces (Electricity/Plumbing/Houses/Doors/Windows and Air Conditioners,ocid,ocds-ozzobm-P000041/2025/2026/1700000000
0.releases.1902.relatedProcesses.0,0.releases.1902,0,P000075/2024/2025/4300000000,planning,Construction of Staff quarters at EP Kibimba in Kabare Sector,ocid,ocds-ozzobm-P000075/2024/2025/4300000000
0.releases.1903.relatedProcesses.0,0.releases.1903,0,P000011/2025/2026/2500001000,planning,Hiring a consultancy firm to conduct an End line evaluation of phase I of the project,ocid,ocds-ozzobm-P000011/2025/2026/2500001000
0.releases.1904.relatedProcesses.0,0.releases.1904,0,P000020/2025/2026/1903001001,planning,Implementation of National SOC Upgrade and Establishment of Disaster Recovery Site,ocid,ocds-ozzobm-P000020/2025/2026/1903001001
0.releases.1905.relatedProcesses.0,0.releases.1905,0,P000033/2025/2026/0901001015,planning,Conduct ESIA/ESMP for Cyabayaga irrigation scheme,ocid,ocds-ozzobm-P000033/2025/2026/0901001015
0.releases.1906.relatedProcesses.0,0.releases.1906,0,P000022/2025/2026/4100003001,planning,Hiring Hygiene company and laundry product,ocid,ocds-ozzobm-P000022/2025/2026/4100003001
0.releases.1907.relatedProcesses.0,0.releases.1907,0,P000001/2025/2026/1414000000,planning,Provision of transport services to CNRU staff in the Kigali city,ocid,ocds-ozzobm-P000001/2025/2026/1414000000
0.releases.1908.relatedProcesses.0,0.releases.1908,0,P000038/2025/2026/2315000000,planning,Acquisition of Radio Automation Software/Lumpsum,ocid,ocds-ozzobm-P000038/2025/2026/2315000000
0.releases.1909.relatedProcesses.0,0.releases.1909,0,P000105/2025/2026/2315000000,planning,Acquisition of Data Disaster Recovery and Broadcasting Services Continuity/Lumpsum,ocid,ocds-ozzobm-P000105/2025/2026/2315000000
0.releases.1910.relatedProcesses.0,0.releases.1910,0,P000024/2025/2026/2000000000,planning,"Tender for acquisition of toners/cartridge for printers: Canon image,Runner advance 4545i and Canon image Runner C3025i",ocid,ocds-ozzobm-P000024/2025/2026/2000000000
0.releases.1911.relatedProcesses.0,0.releases.1911,0,P000002/2025/2026/5300003001,planning,Tender for purchase of medical equipments,ocid,ocds-ozzobm-P000002/2025/2026/5300003001
0.releases.1912.relatedProcesses.0,0.releases.1912,0,P000030/2025/2026/4900000000,planning,Supply of Agroforest trees and reeds,ocid,ocds-ozzobm-P000030/2025/2026/4900000000
0.releases.1913.relatedProcesses.0,0.releases.1913,0,P000007/2025/2026/2500001000,planning,"Supply of motorcycle equipment, field equipment and related accessories",ocid,ocds-ozzobm-P000007/2025/2026/2500001000
0.releases.1914.relatedProcesses.0,0.releases.1914,0,P000043/2025/2026/0902000000,planning,Tender for framework contract for supply of promotional materials,ocid,ocds-ozzobm-P000043/2025/2026/0902000000
0.releases.1917.relatedProcesses.0,0.releases.1917,0,P000140/2023/2024/0108000000,planning,Tender for Food and Hygienic Supply for Baby Gorilla in Quarantine,ocid,ocds-ozzobm-P000140/2023/2024/0108000000
0.releases.1918.relatedProcesses.0,0.releases.1918,0,P000118/2025/2026/1417000000,planning,"Supply, install, test and commissioning of laboratory Equipment to UR-CMHS",ocid,ocds-ozzobm-P000118/2025/2026/1417000000
0.releases.1919.relatedProcesses.0,0.releases.1919,0,P000010/2025/2026/6600003002,planning,"Tender for FURNITURES(Office Chairs, staff room chairs and Cupboards)",ocid,ocds-ozzobm-P000010/2025/2026/6600003002
0.releases.1920.relatedProcesses.0,0.releases.1920,0,P000006/2025/2026/6600003002,planning,Tender for Office SUPPLIES,ocid,ocds-ozzobm-P000006/2025/2026/6600003002
0.releases.1921.relatedProcesses.0,0.releases.1921,0,P000184/2024/2025/1417000000,planning,Supply and Installation of Network Equipment and Devices,ocid,ocds-ozzobm-P000184/2024/2025/1417000000
0.releases.1922.relatedProcesses.0,0.releases.1922,0,P000038/2025/2026/1302000000,planning,Acquisition of Furniture,ocid,ocds-ozzobm-P000038/2025/2026/1302000000
0.releases.1923.relatedProcesses.0,0.releases.1923,0,P000001/2025/2026/2313000000,planning,Supply of office stationaries and consumables,ocid,ocds-ozzobm-P000001/2025/2026/2313000000
0.releases.1924.relatedProcesses.0,0.releases.1924,0,P000004/2025/2026/4800003001,planning,Provision of Communication Services and CUG,ocid,ocds-ozzobm-P000004/2025/2026/4800003001
0.releases.1925.relatedProcesses.0,0.releases.1925,0,P000004/2025/2026/4800003001,planning,Provision of Communication Services and CUG,ocid,ocds-ozzobm-P000004/2025/2026/4800003001
0.releases.1926.relatedProcesses.0,0.releases.1926,0,P000045/2025/2026/4200000000,planning,Support to HH Genocide Survivors with house furniture,ocid,ocds-ozzobm-P000045/2025/2026/4200000000
0.releases.1927.relatedProcesses.0,0.releases.1927,0,P000045/2025/2026/4200000000,planning,Support to HH Genocide Survivors with house furniture,ocid,ocds-ozzobm-P000045/2025/2026/4200000000
0.releases.1928.relatedProcesses.0,0.releases.1928,0,P000004/2025/2026/1000001000,planning,"Supply, installation, CTM, validation and periodic monitoring of temperature, humidity and airflow of warehouses, stores, and Calibration of cold chain facilities established by KLP project.",ocid,ocds-ozzobm-P000004/2025/2026/1000001000
0.releases.1929.relatedProcesses.0,0.releases.1929,0,P000062/2025/2026/6500000000,planning,"Purchase and distribute Girinka ""One Cow Per Poor  Family""",ocid,ocds-ozzobm-P000062/2025/2026/6500000000
0.releases.1930.relatedProcesses.0,0.releases.1930,0,P000005/2025/2026/2500000000,planning,Supply of relief items,ocid,ocds-ozzobm-P000005/2025/2026/2500000000
0.releases.1931.relatedProcesses.0,0.releases.1931,0,P000078/2025/2026/6300000000,planning,"Consultancy services for feasibility study and detailled engineering design for Kinkware,Nyirambundi modern market and upgrading Musanze youth center playgrounds to Gyymnasium",ocid,ocds-ozzobm-P000078/2025/2026/6300000000
0.releases.1932.relatedProcesses.0,0.releases.1932,0,P000078/2025/2026/6300000000,planning,"Consultancy services for feasibility study and detailled engineering design for Kinkware,Nyirambundi modern market and upgrading Musanze youth center playgrounds to Gyymnasium",ocid,ocds-ozzobm-P000078/2025/2026/6300000000
0.releases.1933.relatedProcesses.0,0.releases.1933,0,P000017/2025/2026/1412008000,planning,Supply of small tools and consumables in Agri Mechanization Technology department,ocid,ocds-ozzobm-P000017/2025/2026/1412008000
0.releases.1934.relatedProcesses.0,0.releases.1934,0,P000090/2025/2026/1400000000,planning,Provision of media services,ocid,ocds-ozzobm-P000090/2025/2026/1400000000
0.releases.1935.relatedProcesses.0,0.releases.1935,0,P000090/2025/2026/1400000000,planning,Provision of media services,ocid,ocds-ozzobm-P000090/2025/2026/1400000000
0.releases.1936.relatedProcesses.0,0.releases.1936,0,P000027/2025/2026/2315000000,planning,Provision of maintenance and repair services for Printers and Photocopiers,ocid,ocds-ozzobm-P000027/2025/2026/2315000000
0.releases.1937.relatedProcesses.0,0.releases.1937,0,P000090/2025/2026/1400000000,planning,Provision of media services,ocid,ocds-ozzobm-P000090/2025/2026/1400000000
0.releases.1938.relatedProcesses.0,0.releases.1938,0,P000020/2025/2026/6900003002,planning,Provision  of  Plumbing  materials for  Kacyiru Hospital,ocid,ocds-ozzobm-P000020/2025/2026/6900003002
0.releases.1939.relatedProcesses.0,0.releases.1939,0,P000035/2025/2026/2701000000,planning,Hiring online media for advertising RCHA activities.,ocid,ocds-ozzobm-P000035/2025/2026/2701000000
0.releases.1940.relatedProcesses.0,0.releases.1940,0,P000035/2025/2026/2701000000,planning,Hiring online media for advertising RCHA activities.,ocid,ocds-ozzobm-P000035/2025/2026/2701000000
0.releases.1941.relatedProcesses.0,0.releases.1941,0,P000087/2025/2026/0702000000,planning,Acquisition of Airtimes (MTN RWANDA) for Rwanda Correctional Service Staff,ocid,ocds-ozzobm-P000087/2025/2026/0702000000
0.releases.1942.relatedProcesses.0,0.releases.1942,0,P000090/2025/2026/1400000000,planning,Provision of media services,ocid,ocds-ozzobm-P000090/2025/2026/1400000000
0.releases.1943.relatedProcesses.0,0.releases.1943,0,P000059/2025/2026/0702000000,planning,Acquisition of raw materials for fabrication of sauce pan,ocid,ocds-ozzobm-P000059/2025/2026/0702000000
0.releases.1944.relatedProcesses.0,0.releases.1944,0,P000015/2025/2026/6700003001,planning,Establishment of framework agreement for supply of stationnairies(office supplies),ocid,ocds-ozzobm-P000015/2025/2026/6700003001
0.releases.1945.relatedProcesses.0,0.releases.1945,0,P000022/2025/2026/4200000000,planning,Supply of food stuff and other materials to be used in Transit Centre in Gatsibo District,ocid,ocds-ozzobm-P000022/2025/2026/4200000000
0.releases.1946.relatedProcesses.0,0.releases.1946,0,P000022/2025/2026/4200000000,planning,Supply of food stuff and other materials to be used in Transit Centre in Gatsibo District,ocid,ocds-ozzobm-P000022/2025/2026/4200000000
0.releases.1947.relatedProcesses.0,0.releases.1947,0,P000046/2025/2026/0901000000,planning,Supply of Hormones and accessories,ocid,ocds-ozzobm-P000046/2025/2026/0901000000
0.releases.1948.relatedProcesses.0,0.releases.1948,0,P000041/2025/2026/1700000000,planning,Maintenance Service and Repair of the Different Systems for the Offices of NPPA Headquarter and Provinces (Electricity/Plumbing/Houses/Doors/Windows and Air Conditioners,ocid,ocds-ozzobm-P000041/2025/2026/1700000000
0.releases.1949.relatedProcesses.0,0.releases.1949,0,P000012/2025/2026/0901001014,planning,Refreshment service (different meetings& workshops),ocid,ocds-ozzobm-P000012/2025/2026/0901001014
0.releases.1950.relatedProcesses.0,0.releases.1950,0,P000012/2025/2026/0901001014,planning,Refreshment service (different meetings& workshops),ocid,ocds-ozzobm-P000012/2025/2026/0901001014
0.releases.1951.relatedProcesses.0,0.releases.1951,0,P000005/2025/2026/1400000000,planning,Supply and installation of  science laboratories and related accessories,ocid,ocds-ozzobm-P000005/2025/2026/1400000000
0.releases.1952.relatedProcesses.0,0.releases.1952,0,P000002/2025/2026/1000001000,planning,"Supply, installation ,commissioning and training of force equipment calibration equipment and accessories",ocid,ocds-ozzobm-P000002/2025/2026/1000001000
0.releases.1953.relatedProcesses.0,0.releases.1953,0,P000026/2025/2026/2313000000,planning,Supply of hand sanitizers and face masks,ocid,ocds-ozzobm-P000026/2025/2026/2313000000
0.releases.1954.relatedProcesses.0,0.releases.1954,0,P000001/2025/2026/1203000000,planning,Annual curative maintenance and repairs for  RRA security equipments(Framework contract),ocid,ocds-ozzobm-P000001/2025/2026/1203000000
0.releases.1955.relatedProcesses.0,0.releases.1955,0,P000001/2025/2026/1203000000,planning,Annual curative maintenance and repairs for  RRA security equipments(Framework contract),ocid,ocds-ozzobm-P000001/2025/2026/1203000000
0.releases.1956.relatedProcesses.0,0.releases.1956,0,P000001/2025/2026/1414000000,planning,Provision of transport services to CNRU staff in the Kigali city,ocid,ocds-ozzobm-P000001/2025/2026/1414000000
0.releases.1959.relatedProcesses.0,0.releases.1959,0,P000082/2025/2026/6300000000,planning,Consultancy services for feasibility study of extension of water Supply System in Musanze Sector,ocid,ocds-ozzobm-P000082/2025/2026/6300000000
0.releases.1960.relatedProcesses.0,0.releases.1960,0,P000082/2025/2026/6300000000,planning,Consultancy services for feasibility study of extension of water Supply System in Musanze Sector,ocid,ocds-ozzobm-P000082/2025/2026/6300000000
0.releases.1961.relatedProcesses.0,0.releases.1961,0,P000074/2025/2026/1800000000,planning,Recruitment of an Individual Consultant to support the development of a Virtual Property and Building Addressing System.,ocid,ocds-ozzobm-P000074/2025/2026/1800000000
0.releases.1962.relatedProcesses.0,0.releases.1962,0,P000008/2025/2026/2700000000,planning,Codification of ministry's assets(MOYA HQ) and Kimisagara Youth,ocid,ocds-ozzobm-P000008/2025/2026/2700000000
0.releases.1963.relatedProcesses.0,0.releases.1963,0,P000042/2025/2026/0901000000,planning,Supply of pig feeds,ocid,ocds-ozzobm-P000042/2025/2026/0901000000
0.releases.1964.relatedProcesses.0,0.releases.1964,0,P000015/2025/2026/1400000000,planning,Supply of furniture  at Ntare Louisenlund School,ocid,ocds-ozzobm-P000015/2025/2026/1400000000
0.releases.1965.relatedProcesses.0,0.releases.1965,0,P000002/2025/2026/1000001000,planning,"Supply, installation ,commissioning and training of force equipment calibration equipment and accessories",ocid,ocds-ozzobm-P000002/2025/2026/1000001000
0.releases.1966.relatedProcesses.0,0.releases.1966,0,P000050/2025/2026/0901000000,planning,Supply of animal feeds,ocid,ocds-ozzobm-P000050/2025/2026/0901000000
0.releases.1967.relatedProcesses.0,0.releases.1967,0,P000001/2025/2026/1421000000,planning,Supply of Office Stationaries for NESA staff under Framework agreement,ocid,ocds-ozzobm-P000001/2025/2026/1421000000
0.releases.1968.relatedProcesses.0,0.releases.1968,0,P000043/2025/2026/0901000000,planning,Supply of bull center laboratory equipment and consumables,ocid,ocds-ozzobm-P000043/2025/2026/0901000000
0.releases.1969.relatedProcesses.0,0.releases.1969,0,P000007/2025/2026/0901000000,planning,"Supply, Installation, and commissioning of Plant biotechnology equipment",ocid,ocds-ozzobm-P000007/2025/2026/0901000000
0.releases.1970.relatedProcesses.0,0.releases.1970,0,P000002/2025/2026/6400003002,planning,Purchase of Hospital staff Uniform,ocid,ocds-ozzobm-P000002/2025/2026/6400003002
0.releases.1971.relatedProcesses.0,0.releases.1971,0,P000105/2025/2026/2315000000,planning,Acquisition of Data Disaster Recovery and Broadcasting Services Continuity/Lumpsum,ocid,ocds-ozzobm-P000105/2025/2026/2315000000
0.releases.1972.relatedProcesses.0,0.releases.1972,0,P000002/2025/2026/6400003002,planning,Purchase of Hospital staff Uniform,ocid,ocds-ozzobm-P000002/2025/2026/6400003002
0.releases.1973.relatedProcesses.0,0.releases.1973,0,P000008/2025/2026/2500001000,planning,Supply of Communication Materials and related accessories,ocid,ocds-ozzobm-P000008/2025/2026/2500001000
0.releases.1974.relatedProcesses.0,0.releases.1974,0,P000029/2025/2026/1419000000,planning,Provision of decoration services to RP,ocid,ocds-ozzobm-P000029/2025/2026/1419000000
0.releases.1975.relatedProcesses.0,0.releases.1975,0,P000011/2025/2026/1903000000,planning,Tender for Supply of Mobile devices on behalf of all Government Institutions,ocid,ocds-ozzobm-P000011/2025/2026/1903000000
0.releases.1976.relatedProcesses.0,0.releases.1976,0,P000067/2025/2026/0400000000,planning,Sound system,ocid,ocds-ozzobm-P000067/2025/2026/0400000000
0.releases.1977.relatedProcesses.0,0.releases.1977,0,P000025/2025/2026/1800000000,planning,Tender for provision VIP Transport Services for civil servants across the country,ocid,ocds-ozzobm-P000025/2025/2026/1800000000
0.releases.1978.relatedProcesses.0,0.releases.1978,0,P000025/2025/2026/1800000000,planning,Tender for provision VIP Transport Services for civil servants across the country,ocid,ocds-ozzobm-P000025/2025/2026/1800000000
0.releases.1979.relatedProcesses.0,0.releases.1979,0,P000025/2025/2026/1800000000,planning,Tender for provision VIP Transport Services for civil servants across the country,ocid,ocds-ozzobm-P000025/2025/2026/1800000000
0.releases.1980.relatedProcesses.0,0.releases.1980,0,P000025/2025/2026/1800000000,planning,Tender for provision VIP Transport Services for civil servants across the country,ocid,ocds-ozzobm-P000025/2025/2026/1800000000
0.releases.1981.relatedProcesses.0,0.releases.1981,0,P000074/2025/2026/1417000000,planning,Supply of asset tags and labels to UR (Framework Contract),ocid,ocds-ozzobm-P000074/2025/2026/1417000000
0.releases.1982.relatedProcesses.0,0.releases.1982,0,P000074/2025/2026/1417000000,planning,Supply of asset tags and labels to UR (Framework Contract),ocid,ocds-ozzobm-P000074/2025/2026/1417000000
0.releases.1983.relatedProcesses.0,0.releases.1983,0,P000025/2025/2026/1800000000,planning,Tender for provision VIP Transport Services for civil servants across the country,ocid,ocds-ozzobm-P000025/2025/2026/1800000000
0.releases.1984.relatedProcesses.0,0.releases.1984,0,P000025/2025/2026/1800000000,planning,Tender for provision VIP Transport Services for civil servants across the country,ocid,ocds-ozzobm-P000025/2025/2026/1800000000
0.releases.1985.relatedProcesses.0,0.releases.1985,0,P000015/2025/2026/4900000000,planning,Supply of Foodstuff (Porridge) for HBECD Gisagara District,ocid,ocds-ozzobm-P000015/2025/2026/4900000000
0.releases.1986.relatedProcesses.0,0.releases.1986,0,P000016/2025/2026/4900000000,planning,Maintenance and Rehabilitation of electricity infrastructures in Gisagara District,ocid,ocds-ozzobm-P000016/2025/2026/4900000000
0.releases.1987.relatedProcesses.0,0.releases.1987,0,P000056/2025/2026/1305000000,planning,Provision of Maintenance and Repair Services for RFI Toyota Vehicles,ocid,ocds-ozzobm-P000056/2025/2026/1305000000
0.releases.1988.relatedProcesses.0,0.releases.1988,0,P000002/2025/2026/6400003002,planning,Purchase of Hospital staff Uniform,ocid,ocds-ozzobm-P000002/2025/2026/6400003002
0.releases.1989.relatedProcesses.0,0.releases.1989,0,P000063/2025/2026/1305000000,planning,Provision of Maintenance and Repair Services for Hyundai Vehicles,ocid,ocds-ozzobm-P000063/2025/2026/1305000000
0.releases.1990.relatedProcesses.0,0.releases.1990,0,P000004/2025/2026/0303000000,planning,Supply of office stationeries,ocid,ocds-ozzobm-P000004/2025/2026/0303000000
0.releases.1991.relatedProcesses.0,0.releases.1991,0,P000025/2025/2026/1800000000,planning,Tender for provision VIP Transport Services for civil servants across the country,ocid,ocds-ozzobm-P000025/2025/2026/1800000000
0.releases.1992.relatedProcesses.0,0.releases.1992,0,P000003/2025/2026/2700000000,planning,Provision of Hotel services and sports facilities.,ocid,ocds-ozzobm-P000003/2025/2026/2700000000
0.releases.1993.relatedProcesses.0,0.releases.1993,0,P000008/2025/2026/2700000000,planning,Codification of ministry's assets(MOYA HQ) and Kimisagara Youth,ocid,ocds-ozzobm-P000008/2025/2026/2700000000
0.releases.1994.relatedProcesses.0,0.releases.1994,0,P000012/2025/2026/0901001014,planning,Refreshment service (different meetings& workshops),ocid,ocds-ozzobm-P000012/2025/2026/0901001014
0.releases.1995.relatedProcesses.0,0.releases.1995,0,P000025/2025/2026/1800000000,planning,Tender for provision VIP Transport Services for civil servants across the country,ocid,ocds-ozzobm-P000025/2025/2026/1800000000
0.releases.1996.relatedProcesses.0,0.releases.1996,0,P000025/2025/2026/1800000000,planning,Tender for provision VIP Transport Services for civil servants across the country,ocid,ocds-ozzobm-P000025/2025/2026/1800000000
0.releases.1997.relatedProcesses.0,0.releases.1997,0,P000007/2025/2026/1412004000,planning,"Supply of Consumables for Crop production, Irrigation drainage and Agri-Mechanization divided in two lots under framework contract",ocid,ocds-ozzobm-P000007/2025/2026/1412004000
0.releases.1998.relatedProcesses.0,0.releases.1998,0,P000001/2025/2026/2700000000,planning,Supply and delivery of office stationaries,ocid,ocds-ozzobm-P000001/2025/2026/2700000000
0.releases.1999.relatedProcesses.0,0.releases.1999,0,P000014/2025/2026/2700000000,planning,Provision of transport services for Ministry of Youth and Arts' staff in City of Kigali,ocid,ocds-ozzobm-P000014/2025/2026/2700000000
0.releases.2000.relatedProcesses.0,0.releases.2000,0,P000010/2025/2026/2700000000,planning,Production of T-shirts and their branding to used in the events.,ocid,ocds-ozzobm-P000010/2025/2026/2700000000
0.releases.2001.relatedProcesses.0,0.releases.2001,0,P000091/2025/2026/0901000000,planning,Supply of  Foot and Mouth Disease (FMD)  vaccines,ocid,ocds-ozzobm-P000091/2025/2026/0901000000
0.releases.2002.relatedProcesses.0,0.releases.2002,0,P000006/2025/2026/2700000000,planning,Provision of insurance for A@P Building,ocid,ocds-ozzobm-P000006/2025/2026/2700000000
0.releases.2003.relatedProcesses.0,0.releases.2003,0,P000016/2025/2026/1412008000,planning,Supply of small tools and consumables in Irrigation and drainage  Technology department,ocid,ocds-ozzobm-P000016/2025/2026/1412008000
0.releases.2004.relatedProcesses.0,0.releases.2004,0,P000167/2025/2026/1804000000,planning,Feasibility Study and Detailed designs for construction works of affordable housing pilot project in Rwamagana District,ocid,ocds-ozzobm-P000167/2025/2026/1804000000
0.releases.2005.relatedProcesses.0,0.releases.2005,0,P000013/2025/2026/5100000000,planning,Purchase of fuel for various District operations,ocid,ocds-ozzobm-P000013/2025/2026/5100000000
0.releases.2006.relatedProcesses.0,0.releases.2006,0,P000001/2025/2026/2700000000,planning,Supply and delivery of office stationaries,ocid,ocds-ozzobm-P000001/2025/2026/2700000000
0.releases.2007.relatedProcesses.0,0.releases.2007,0,P000006/2025/2026/2700000000,planning,Provision of insurance for A@P Building,ocid,ocds-ozzobm-P000006/2025/2026/2700000000
0.releases.2008.relatedProcesses.0,0.releases.2008,0,P000012/2025/2026/0901001014,planning,Refreshment service (different meetings& workshops),ocid,ocds-ozzobm-P000012/2025/2026/0901001014
0.releases.2009.relatedProcesses.0,0.releases.2009,0,P000003/2025/2026/6500000000,planning,PURCHASE AND SUPPLY OF MATERIALS FOR PEOPLE TRAINED IN SKILLS DEVELOPMENT (Productive Assets Transfer),ocid,ocds-ozzobm-P000003/2025/2026/6500000000
0.releases.2010.relatedProcesses.0,0.releases.2010,0,P000062/2025/2026/6500000000,planning,"Purchase and distribute Girinka ""One Cow Per Poor  Family""",ocid,ocds-ozzobm-P000062/2025/2026/6500000000
0.releases.2011.relatedProcesses.0,0.releases.2011,0,P000001/2025/2026/2700000000,planning,Supply and delivery of office stationaries,ocid,ocds-ozzobm-P000001/2025/2026/2700000000
0.releases.2012.relatedProcesses.0,0.releases.2012,0,P000006/2025/2026/2700000000,planning,Provision of insurance for A@P Building,ocid,ocds-ozzobm-P000006/2025/2026/2700000000
0.releases.2013.relatedProcesses.0,0.releases.2013,0,P000105/2025/2026/2315000000,planning,Acquisition of Data Disaster Recovery and Broadcasting Services Continuity/Lumpsum,ocid,ocds-ozzobm-P000105/2025/2026/2315000000
0.releases.2014.relatedProcesses.0,0.releases.2014,0,P000008/2025/2026/5600003001,planning,"Tender for Medical equipment maintenance  (Echographie, Radiographie, Anesthesia machine, patient monitors, incubetors, ...)",ocid,ocds-ozzobm-P000008/2025/2026/5600003001
0.releases.2015.relatedProcesses.0,0.releases.2015,0,P000004/2025/2026/1300000002,planning,Hire a consultant to conduct Study on the root causes of the case backlogs,ocid,ocds-ozzobm-P000004/2025/2026/1300000002
0.releases.2016.relatedProcesses.0,0.releases.2016,0,P000004/2025/2026/1300000002,planning,Hire a consultant to conduct Study on the root causes of the case backlogs,ocid,ocds-ozzobm-P000004/2025/2026/1300000002
0.releases.2017.relatedProcesses.0,0.releases.2017,0,P000012/2025/2026/0901000000,planning,Supply of culture media for bacteria identification and AST,ocid,ocds-ozzobm-P000012/2025/2026/0901000000
0.releases.2018.relatedProcesses.0,0.releases.2018,0,P000045/2025/2026/1804000000,planning,Supervision of remaining works for construction works of G+3 school project in Gasabo District,ocid,ocds-ozzobm-P000045/2025/2026/1804000000
0.releases.2019.relatedProcesses.0,0.releases.2019,0,P000022/2025/2026/5600003001,planning,Tender for ICT MAINTENANCE AND SUPPLY OF ACCESSORIES,ocid,ocds-ozzobm-P000022/2025/2026/5600003001
0.releases.2020.relatedProcesses.0,0.releases.2020,0,P000002/2025/2026/0901000000,planning,Supply of grass-cutter machine,ocid,ocds-ozzobm-P000002/2025/2026/0901000000
0.releases.2021.relatedProcesses.0,0.releases.2021,0,P000022/2025/2026/4100003001,planning,Hiring Hygiene company and laundry product,ocid,ocds-ozzobm-P000022/2025/2026/4100003001
0.releases.2022.relatedProcesses.0,0.releases.2022,0,P000148/2025/2026/1804000000,planning,Rehabilitation of the TB Sake Court Building,ocid,ocds-ozzobm-P000148/2025/2026/1804000000
0.releases.2023.relatedProcesses.0,0.releases.2023,0,P000175/2025/2026/1804000000,planning,Replacement of Giant Screens/Scoreboards at Amahoro National Stadium,ocid,ocds-ozzobm-P000175/2025/2026/1804000000
0.releases.2024.relatedProcesses.0,0.releases.2024,0,P000006/2025/2026/1412008000,planning,Maintenance of Carpentry and Plumbing machines and spare parts,ocid,ocds-ozzobm-P000006/2025/2026/1412008000
0.releases.2025.relatedProcesses.0,0.releases.2025,0,P000082/2025/2026/0400000000,planning,Supply and Delivery of Printers,ocid,ocds-ozzobm-P000082/2025/2026/0400000000
0.releases.2026.relatedProcesses.0,0.releases.2026,0,P000082/2025/2026/0400000000,planning,Supply and Delivery of Printers,ocid,ocds-ozzobm-P000082/2025/2026/0400000000
0.releases.2027.relatedProcesses.0,0.releases.2027,0,P000006/2025/2026/6500003002,planning,Supply of Smart water tank,ocid,ocds-ozzobm-P000006/2025/2026/6500003002
0.releases.2028.relatedProcesses.0,0.releases.2028,0,P000012/2025/2026/0901001014,planning,Refreshment service (different meetings& workshops),ocid,ocds-ozzobm-P000012/2025/2026/0901001014
0.releases.2029.relatedProcesses.0,0.releases.2029,0,P000006/2025/2026/1412008000,planning,Maintenance of Carpentry and Plumbing machines and spare parts,ocid,ocds-ozzobm-P000006/2025/2026/1412008000
0.releases.2030.relatedProcesses.0,0.releases.2030,0,P000203/2025/2026/1203000000,planning,Implementation of a Next-Generation virtualization and application containerization solution for RRA (Framework Contract),ocid,ocds-ozzobm-P000203/2025/2026/1203000000
0.releases.2031.relatedProcesses.0,0.releases.2031,0,P000203/2025/2026/1203000000,planning,Implementation of a Next-Generation virtualization and application containerization solution for RRA (Framework Contract),ocid,ocds-ozzobm-P000203/2025/2026/1203000000
0.releases.2032.relatedProcesses.0,0.releases.2032,0,P000045/2023/2024/5400000000,planning,CONSULTANCY SERVICE FOR HIRING AN INDIVIDUAL PROFESSIONAL COURT BAILIFF OF RUSIZI DISTRICT,ocid,ocds-ozzobm-P000045/2023/2024/5400000000
0.releases.2033.relatedProcesses.0,0.releases.2033,0,P000025/2025/2026/1800000000,planning,Tender for provision VIP Transport Services for civil servants across the country,ocid,ocds-ozzobm-P000025/2025/2026/1800000000
0.releases.2034.relatedProcesses.0,0.releases.2034,0,P000078/2025/2026/6300000000,planning,"Consultancy services for feasibility study and detailled engineering design for Kinkware,Nyirambundi modern market and upgrading Musanze youth center playgrounds to Gyymnasium",ocid,ocds-ozzobm-P000078/2025/2026/6300000000
0.releases.2035.relatedProcesses.0,0.releases.2035,0,P000025/2025/2026/1800000000,planning,Tender for provision VIP Transport Services for civil servants across the country,ocid,ocds-ozzobm-P000025/2025/2026/1800000000
0.releases.2036.relatedProcesses.0,0.releases.2036,0,P000010/2025/2026/5100000000,planning,Purchase of electricity,ocid,ocds-ozzobm-P000010/2025/2026/5100000000
0.releases.2037.relatedProcesses.0,0.releases.2037,0,P000013/2025/2026/5100000000,planning,Purchase of fuel for various District operations,ocid,ocds-ozzobm-P000013/2025/2026/5100000000
0.releases.2038.relatedProcesses.0,0.releases.2038,0,P000015/2025/2026/1808000000,planning,Rehabilitation of non-functional rural water supply systems in Gakenke District,ocid,ocds-ozzobm-P000015/2025/2026/1808000000
0.releases.2039.relatedProcesses.0,0.releases.2039,0,P000004/2025/2026/1417000000,planning,Purchase of Laboratory Tools for CAFF,ocid,ocds-ozzobm-P000004/2025/2026/1417000000
0.releases.2040.relatedProcesses.0,0.releases.2040,0,P000002/2025/2026/2903000000,planning,Codification of Assets,ocid,ocds-ozzobm-P000002/2025/2026/2903000000
0.releases.2041.relatedProcesses.0,0.releases.2041,0,P000025/2025/2026/1800000000,planning,Tender for provision VIP Transport Services for civil servants across the country,ocid,ocds-ozzobm-P000025/2025/2026/1800000000
0.releases.2042.relatedProcesses.0,0.releases.2042,0,P000012/2025/2026/0901001014,planning,Refreshment service (different meetings& workshops),ocid,ocds-ozzobm-P000012/2025/2026/0901001014
0.releases.2043.relatedProcesses.0,0.releases.2043,0,P000012/2025/2026/0901001014,planning,Refreshment service (different meetings& workshops),ocid,ocds-ozzobm-P000012/2025/2026/0901001014
0.releases.2044.relatedProcesses.0,0.releases.2044,0,P000082/2025/2026/6300000000,planning,Consultancy services for feasibility study of extension of water Supply System in Musanze Sector,ocid,ocds-ozzobm-P000082/2025/2026/6300000000
0.releases.2045.relatedProcesses.0,0.releases.2045,0,P000009/2025/2026/1421000000,planning,Provision of sports and recreational facilities and services for NESA Staff (across the country,ocid,ocds-ozzobm-P000009/2025/2026/1421000000
0.releases.2046.relatedProcesses.0,0.releases.2046,0,P000009/2025/2026/1421000000,planning,Provision of sports and recreational facilities and services for NESA Staff (across the country,ocid,ocds-ozzobm-P000009/2025/2026/1421000000
0.releases.2047.relatedProcesses.0,0.releases.2047,0,P000009/2025/2026/1421000000,planning,Provision of sports and recreational facilities and services for NESA Staff (across the country,ocid,ocds-ozzobm-P000009/2025/2026/1421000000
0.releases.2048.relatedProcesses.0,0.releases.2048,0,P000009/2025/2026/1421000000,planning,Provision of sports and recreational facilities and services for NESA Staff (across the country,ocid,ocds-ozzobm-P000009/2025/2026/1421000000
0.releases.2049.relatedProcesses.0,0.releases.2049,0,P000009/2025/2026/1421000000,planning,Provision of sports and recreational facilities and services for NESA Staff (across the country,ocid,ocds-ozzobm-P000009/2025/2026/1421000000
0.releases.2050.relatedProcesses.0,0.releases.2050,0,P000009/2025/2026/1421000000,planning,Provision of sports and recreational facilities and services for NESA Staff (across the country,ocid,ocds-ozzobm-P000009/2025/2026/1421000000
0.releases.2051.relatedProcesses.0,0.releases.2051,0,P000009/2025/2026/1421000000,planning,Provision of sports and recreational facilities and services for NESA Staff (across the country,ocid,ocds-ozzobm-P000009/2025/2026/1421000000
0.releases.2052.relatedProcesses.0,0.releases.2052,0,P000009/2025/2026/1421000000,planning,Provision of sports and recreational facilities and services for NESA Staff (across the country,ocid,ocds-ozzobm-P000009/2025/2026/1421000000
0.releases.2053.relatedProcesses.0,0.releases.2053,0,P000009/2025/2026/1421000000,planning,Provision of sports and recreational facilities and services for NESA Staff (across the country,ocid,ocds-ozzobm-P000009/2025/2026/1421000000
0.releases.2054.relatedProcesses.0,0.releases.2054,0,P000003/2023/2024/2500000000,planning,Provision of insurance of office equipment,ocid,ocds-ozzobm-P000003/2023/2024/2500000000
0.releases.2055.relatedProcesses.0,0.releases.2055,0,P000008/2025/2026/4500003001,planning,Cleaning Services,ocid,ocds-ozzobm-P000008/2025/2026/4500003001
0.releases.2056.relatedProcesses.0,0.releases.2056,0,P000011/2025/2026/4200003002,planning,"Maintenance and repair of air conditioners, hospital fridge and mortuary fridge",ocid,ocds-ozzobm-P000011/2025/2026/4200003002
0.releases.2057.relatedProcesses.0,0.releases.2057,0,P000032/2024/2025/1802000000,planning,Supervision of Rehabilitation and repair of damaged spots located on Crete Congo Nil- Buhinga paved road,ocid,ocds-ozzobm-P000032/2024/2025/1802000000
0.releases.2058.relatedProcesses.0,0.releases.2058,0,P000015/2025/2026/1808000000,planning,Rehabilitation of non-functional rural water supply systems in Gakenke District,ocid,ocds-ozzobm-P000015/2025/2026/1808000000
0.releases.2059.relatedProcesses.0,0.releases.2059,0,P000100/2024/2025/5400000000,planning,Tender for Rehabilitation of Cyafuku -Kibangira and Kiziguro I&II water supply system damaged by Flooding/Landslides in Gikundamvura and  ButareSectors in Rusizi district,ocid,ocds-ozzobm-P000100/2024/2025/5400000000
0.releases.2060.relatedProcesses.0,0.releases.2060,0,P000022/2025/2026/4100003001,planning,Hiring Hygiene company and laundry product,ocid,ocds-ozzobm-P000022/2025/2026/4100003001
0.releases.2061.relatedProcesses.0,0.releases.2061,0,P000020/2025/2026/5200000000,planning,"Supply and installation of medical equipments, building curtains and Furnitures for well operationalization of 4 Health centers:Cyaratsi, Ntyazo,Nyabinyenga  and  Gahombo  in Nyanza District",ocid,ocds-ozzobm-P000020/2025/2026/5200000000
0.releases.2062.relatedProcesses.0,0.releases.2062,0,P000039/2025/2026/0500000000,planning,Provision of Gifts for V V I P leaders of judiciary,ocid,ocds-ozzobm-P000039/2025/2026/0500000000
0.releases.2063.relatedProcesses.0,0.releases.2063,0,P000093/2025/2026/0108000000,planning,Hiring  a supervising firm to oversee Gikoba construction works,ocid,ocds-ozzobm-P000093/2025/2026/0108000000
0.releases.2064.relatedProcesses.0,0.releases.2064,0,P000093/2025/2026/0108000000,planning,Hiring  a supervising firm to oversee Gikoba construction works,ocid,ocds-ozzobm-P000093/2025/2026/0108000000
0.releases.2065.relatedProcesses.0,0.releases.2065,0,P000093/2025/2026/0108000000,planning,Hiring  a supervising firm to oversee Gikoba construction works,ocid,ocds-ozzobm-P000093/2025/2026/0108000000
0.releases.2066.relatedProcesses.0,0.releases.2066,0,P000099/2024/2025/5400000000,planning,"Tender for Rehabilitation of Rusayo-Rwabuto and Muvugangoma water supply system damaged by Flooding/Landslides in Gihundwe ,Nkanka and  Rwimbogo Sectors in Rusizi district",ocid,ocds-ozzobm-P000099/2024/2025/5400000000
0.releases.2067.relatedProcesses.0,0.releases.2067,0,P000022/2025/2026/4200000000,planning,Supply of food stuff and other materials to be used in Transit Centre in Gatsibo District,ocid,ocds-ozzobm-P000022/2025/2026/4200000000
0.releases.2068.relatedProcesses.0,0.releases.2068,0,P000020/2025/2026/5200000000,planning,"Supply and installation of medical equipments, building curtains and Furnitures for well operationalization of 4 Health centers:Cyaratsi, Ntyazo,Nyabinyenga  and  Gahombo  in Nyanza District",ocid,ocds-ozzobm-P000020/2025/2026/5200000000
0.releases.2069.relatedProcesses.0,0.releases.2069,0,P000045/2025/2026/4200000000,planning,Support to HH Genocide Survivors with house furniture,ocid,ocds-ozzobm-P000045/2025/2026/4200000000
0.releases.2070.relatedProcesses.0,0.releases.2070,0,P000008/2025/2026/2500001000,planning,Supply of Communication Materials and related accessories,ocid,ocds-ozzobm-P000008/2025/2026/2500001000
0.releases.2071.relatedProcesses.0,0.releases.2071,0,P000020/2025/2026/5200000000,planning,"Supply and installation of medical equipments, building curtains and Furnitures for well operationalization of 4 Health centers:Cyaratsi, Ntyazo,Nyabinyenga  and  Gahombo  in Nyanza District",ocid,ocds-ozzobm-P000020/2025/2026/5200000000
0.releases.2072.relatedProcesses.0,0.releases.2072,0,P000093/2025/2026/0108000000,planning,Hiring  a supervising firm to oversee Gikoba construction works,ocid,ocds-ozzobm-P000093/2025/2026/0108000000
0.releases.2073.relatedProcesses.0,0.releases.2073,0,P000068/2025/2026/0108000000,planning,Hiring a consultant to develop a cannabis project strategy,ocid,ocds-ozzobm-P000068/2025/2026/0108000000
0.releases.2074.relatedProcesses.0,0.releases.2074,0,P000004/2025/2026/1300000002,planning,Hire a consultant to conduct Study on the root causes of the case backlogs,ocid,ocds-ozzobm-P000004/2025/2026/1300000002
0.releases.2075.relatedProcesses.0,0.releases.2075,0,P000041/2025/2026/1700000000,planning,Maintenance Service and Repair of the Different Systems for the Offices of NPPA Headquarter and Provinces (Electricity/Plumbing/Houses/Doors/Windows and Air Conditioners,ocid,ocds-ozzobm-P000041/2025/2026/1700000000
0.releases.2076.relatedProcesses.0,0.releases.2076,0,P000040/2025/2026/5600000000,planning,Tender for Study of Roads in Rubavu District,ocid,ocds-ozzobm-P000040/2025/2026/5600000000
0.releases.2077.relatedProcesses.0,0.releases.2077,0,P000022/2025/2026/2204000000,planning,"Design , printing,supply and fixing Rwanda promotional material",ocid,ocds-ozzobm-P000022/2025/2026/2204000000
0.releases.2078.relatedProcesses.0,0.releases.2078,0,P000022/2025/2026/2204000000,planning,"Design , printing,supply and fixing Rwanda promotional material",ocid,ocds-ozzobm-P000022/2025/2026/2204000000
0.releases.2079.relatedProcesses.0,0.releases.2079,0,P000004/2025/2026/1417000000,planning,Purchase of Laboratory Tools for CAFF,ocid,ocds-ozzobm-P000004/2025/2026/1417000000
0.releases.2080.relatedProcesses.0,0.releases.2080,0,P000096/2025/2026/0901000000,planning,Insurance for new exotic bulls,ocid,ocds-ozzobm-P000096/2025/2026/0901000000
0.releases.2081.relatedProcesses.0,0.releases.2081,0,P000096/2025/2026/0901000000,planning,Insurance for new exotic bulls,ocid,ocds-ozzobm-P000096/2025/2026/0901000000
0.releases.2082.relatedProcesses.0,0.releases.2082,0,P000103/2025/2026/7000000000,planning,Provision of Sports Services to the CoK staff,ocid,ocds-ozzobm-P000103/2025/2026/7000000000
0.releases.2083.relatedProcesses.0,0.releases.2083,0,P000103/2025/2026/7000000000,planning,Provision of Sports Services to the CoK staff,ocid,ocds-ozzobm-P000103/2025/2026/7000000000
0.releases.2084.relatedProcesses.0,0.releases.2084,0,P000025/2025/2026/1800000000,planning,Tender for provision VIP Transport Services for civil servants across the country,ocid,ocds-ozzobm-P000025/2025/2026/1800000000
0.releases.2085.relatedProcesses.0,0.releases.2085,0,P000025/2025/2026/1800000000,planning,Tender for provision VIP Transport Services for civil servants across the country,ocid,ocds-ozzobm-P000025/2025/2026/1800000000
0.releases.2086.relatedProcesses.0,0.releases.2086,0,P000025/2025/2026/1800000000,planning,Tender for provision VIP Transport Services for civil servants across the country,ocid,ocds-ozzobm-P000025/2025/2026/1800000000
0.releases.2087.relatedProcesses.0,0.releases.2087,0,P000025/2025/2026/1800000000,planning,Tender for provision VIP Transport Services for civil servants across the country,ocid,ocds-ozzobm-P000025/2025/2026/1800000000
0.releases.2088.relatedProcesses.0,0.releases.2088,0,P000047/2024/2025/5700000000,planning,Provision of loading and unloading service,ocid,ocds-ozzobm-P000047/2024/2025/5700000000
0.releases.2089.relatedProcesses.0,0.releases.2089,0,P000099/2024/2025/5400000000,planning,"Tender for Rehabilitation of Rusayo-Rwabuto and Muvugangoma water supply system damaged by Flooding/Landslides in Gihundwe ,Nkanka and  Rwimbogo Sectors in Rusizi district",ocid,ocds-ozzobm-P000099/2024/2025/5400000000
0.releases.2090.relatedProcesses.0,0.releases.2090,0,P000045/2023/2024/5400000000,planning,CONSULTANCY SERVICE FOR HIRING AN INDIVIDUAL PROFESSIONAL COURT BAILIFF OF RUSIZI DISTRICT,ocid,ocds-ozzobm-P000045/2023/2024/5400000000
0.releases.2091.relatedProcesses.0,0.releases.2091,0,P000005/2025/2026/6100003001,planning,Supply of medical and non-medical spare parts and its Maintenance services,ocid,ocds-ozzobm-P000005/2025/2026/6100003001
0.releases.2092.relatedProcesses.0,0.releases.2092,0,P000005/2025/2026/6100003001,planning,Supply of medical and non-medical spare parts and its Maintenance services,ocid,ocds-ozzobm-P000005/2025/2026/6100003001
0.releases.2093.relatedProcesses.0,0.releases.2093,0,P000100/2024/2025/5400000000,planning,Tender for Rehabilitation of Cyafuku -Kibangira and Kiziguro I&II water supply system damaged by Flooding/Landslides in Gikundamvura and  ButareSectors in Rusizi district,ocid,ocds-ozzobm-P000100/2024/2025/5400000000
0.releases.2094.relatedProcesses.0,0.releases.2094,0,P000153/2025/2026/1804000000,planning,Design and Build proposed beautifications at Amahoro Stadium,ocid,ocds-ozzobm-P000153/2025/2026/1804000000
0.releases.2095.relatedProcesses.0,0.releases.2095,0,P000004/2025/2026/6400000000,planning,Consultancy services for supervision of Construction of Gitanda health center,ocid,ocds-ozzobm-P000004/2025/2026/6400000000
0.releases.2096.relatedProcesses.0,0.releases.2096,0,P000004/2025/2026/6400000000,planning,Consultancy services for supervision of Construction of Gitanda health center,ocid,ocds-ozzobm-P000004/2025/2026/6400000000
0.releases.2097.relatedProcesses.0,0.releases.2097,0,P000041/2025/2026/1700000000,planning,Maintenance Service and Repair of the Different Systems for the Offices of NPPA Headquarter and Provinces (Electricity/Plumbing/Houses/Doors/Windows and Air Conditioners,ocid,ocds-ozzobm-P000041/2025/2026/1700000000
0.releases.2098.relatedProcesses.0,0.releases.2098,0,P000067/2025/2026/1605000000,planning,Supply of promotional and marketing materials for RBC,ocid,ocds-ozzobm-P000067/2025/2026/1605000000
0.releases.2099.relatedProcesses.0,0.releases.2099,0,P000015/2025/2026/1400000000,planning,Supply of furniture  at Ntare Louisenlund School,ocid,ocds-ozzobm-P000015/2025/2026/1400000000
0.releases.2100.relatedProcesses.0,0.releases.2100,0,P000012/2025/2026/0901001014,planning,Refreshment service (different meetings& workshops),ocid,ocds-ozzobm-P000012/2025/2026/0901001014
0.releases.2101.relatedProcesses.0,0.releases.2101,0,P000019/2024/2025/0404000000,planning,Provision of relocation services for GMO,ocid,ocds-ozzobm-P000019/2024/2025/0404000000
0.releases.2102.relatedProcesses.0,0.releases.2102,0,P000003/2024/2025/2903001008,planning,Design of PFMUs and corresponding SFMPs,ocid,ocds-ozzobm-P000003/2024/2025/2903001008
0.releases.2103.relatedProcesses.0,0.releases.2103,0,P000003/2024/2025/2903001008,planning,Design of PFMUs and corresponding SFMPs,ocid,ocds-ozzobm-P000003/2024/2025/2903001008
0.releases.2104.relatedProcesses.0,0.releases.2104,0,P000102/2025/2026/1601000000,planning,Supply of plumbing materials,ocid,ocds-ozzobm-P000102/2025/2026/1601000000
0.releases.2105.relatedProcesses.0,0.releases.2105,0,P000015/2025/2026/1400000000,planning,Supply of furniture  at Ntare Louisenlund School,ocid,ocds-ozzobm-P000015/2025/2026/1400000000
0.releases.2106.relatedProcesses.0,0.releases.2106,0,P000012/2023/2024/1302000000,planning,Provision of Cleaning and  Gardening services,ocid,ocds-ozzobm-P000012/2023/2024/1302000000
0.releases.2107.relatedProcesses.0,0.releases.2107,0,P000012/2023/2024/1302000000,planning,Provision of Cleaning and  Gardening services,ocid,ocds-ozzobm-P000012/2023/2024/1302000000
0.releases.2108.relatedProcesses.0,0.releases.2108,0,P000020/2025/2026/4100000000,planning,Purchase and Supply of Girinka Packages,ocid,ocds-ozzobm-P000020/2025/2026/4100000000
0.releases.2109.relatedProcesses.0,0.releases.2109,0,P000300/2023/2024/1804000000,planning,Framework contract for regular maintenance of all Government Buildings located countrywide.,ocid,ocds-ozzobm-P000300/2023/2024/1804000000
0.releases.2110.relatedProcesses.0,0.releases.2110,0,P000300/2023/2024/1804000000,planning,Framework contract for regular maintenance of all Government Buildings located countrywide.,ocid,ocds-ozzobm-P000300/2023/2024/1804000000
0.releases.2111.relatedProcesses.0,0.releases.2111,0,P000300/2023/2024/1804000000,planning,Framework contract for regular maintenance of all Government Buildings located countrywide.,ocid,ocds-ozzobm-P000300/2023/2024/1804000000
0.releases.2112.relatedProcesses.0,0.releases.2112,0,P000042/2023/2024/1804000000,planning,Rental of office space to accommodate Archives and used assets for MININFRA+MINIJUST+MINISANTE+PMO +RPPA+RHA,ocid,ocds-ozzobm-P000042/2023/2024/1804000000
0.releases.2113.relatedProcesses.0,0.releases.2113,0,P000001/2025/2026/0113000000,planning,Tender for supply of office furniture for RAEB,ocid,ocds-ozzobm-P000001/2025/2026/0113000000
0.releases.2114.relatedProcesses.0,0.releases.2114,0,P000035/2025/2026/2701000000,planning,Hiring online media for advertising RCHA activities.,ocid,ocds-ozzobm-P000035/2025/2026/2701000000
0.releases.2115.relatedProcesses.0,0.releases.2115,0,P000032/2025/2026/0900000000,planning,Supply refreshment products MINAGRI,ocid,ocds-ozzobm-P000032/2025/2026/0900000000
0.releases.2116.relatedProcesses.0,0.releases.2116,0,P000125/2022/2023/7000000000,planning,"Construction Supervision Consultancy for Nyabisindu,nyagatovu and Gatenga",ocid,ocds-ozzobm-P000125/2022/2023/7000000000
0.releases.2117.relatedProcesses.0,0.releases.2117,0,P000125/2022/2023/7000000000,planning,"Construction Supervision Consultancy for Nyabisindu,nyagatovu and Gatenga",ocid,ocds-ozzobm-P000125/2022/2023/7000000000
0.releases.2118.relatedProcesses.0,0.releases.2118,0,P000002/2025/2026/5300003001,planning,Tender for purchase of medical equipments,ocid,ocds-ozzobm-P000002/2025/2026/5300003001
0.releases.2119.relatedProcesses.0,0.releases.2119,0,P000067/2025/2026/0400000000,planning,Sound system,ocid,ocds-ozzobm-P000067/2025/2026/0400000000
0.releases.2120.relatedProcesses.0,0.releases.2120,0,P000097/2025/2026/1305000000,planning,Acquisition of Office Furniture,ocid,ocds-ozzobm-P000097/2025/2026/1305000000
0.releases.2121.relatedProcesses.0,0.releases.2121,0,P000097/2025/2026/1305000000,planning,Acquisition of Office Furniture,ocid,ocds-ozzobm-P000097/2025/2026/1305000000
0.releases.2122.relatedProcesses.0,0.releases.2122,0,P000029/2025/2026/2315000000,planning,Supply of Food and beverages to RBA staff,ocid,ocds-ozzobm-P000029/2025/2026/2315000000
0.releases.2123.relatedProcesses.0,0.releases.2123,0,P000027/2025/2026/2315000000,planning,Provision of maintenance and repair services for Printers and Photocopiers,ocid,ocds-ozzobm-P000027/2025/2026/2315000000
0.releases.2124.relatedProcesses.0,0.releases.2124,0,P000067/2025/2026/0400000000,planning,Sound system,ocid,ocds-ozzobm-P000067/2025/2026/0400000000
0.releases.2125.relatedProcesses.0,0.releases.2125,0,P000067/2025/2026/0400000000,planning,Sound system,ocid,ocds-ozzobm-P000067/2025/2026/0400000000
0.releases.2126.relatedProcesses.0,0.releases.2126,0,P000074/2025/2026/1417000000,planning,Supply of asset tags and labels to UR (Framework Contract),ocid,ocds-ozzobm-P000074/2025/2026/1417000000
0.releases.2127.relatedProcesses.0,0.releases.2127,0,P000048/2025/2026/1305000000,planning,Provision of Comprehensive Maintenance Services for RFI Furniture and Furnishings,ocid,ocds-ozzobm-P000048/2025/2026/1305000000
0.releases.2128.relatedProcesses.0,0.releases.2128,0,P000048/2025/2026/1305000000,planning,Provision of Comprehensive Maintenance Services for RFI Furniture and Furnishings,ocid,ocds-ozzobm-P000048/2025/2026/1305000000
0.releases.2129.relatedProcesses.0,0.releases.2129,0,P000027/2025/2026/2205000000,planning,"HIRING A COMPANY FOR PROVISION OF MAINTENANCE, REPAIR SERVICE AND SUPPLY SPARE PARTS FOR RMB VEHICLES",ocid,ocds-ozzobm-P000027/2025/2026/2205000000
0.releases.2130.relatedProcesses.0,0.releases.2130,0,P000027/2025/2026/2205000000,planning,"HIRING A COMPANY FOR PROVISION OF MAINTENANCE, REPAIR SERVICE AND SUPPLY SPARE PARTS FOR RMB VEHICLES",ocid,ocds-ozzobm-P000027/2025/2026/2205000000
0.releases.2131.relatedProcesses.0,0.releases.2131,0,P000002/2025/2026/2601000000,planning,Provision hotel services,ocid,ocds-ozzobm-P000002/2025/2026/2601000000
0.releases.2132.relatedProcesses.0,0.releases.2132,0,P000082/2025/2026/5600000000,planning,Tender for supply of construction materials of cells office,ocid,ocds-ozzobm-P000082/2025/2026/5600000000
0.releases.2133.relatedProcesses.0,0.releases.2133,0,P000025/2025/2026/1903001001,planning,Supply and installation of 600 laptops for SDID enrolment,ocid,ocds-ozzobm-P000025/2025/2026/1903001001
0.releases.2134.relatedProcesses.0,0.releases.2134,0,P000002/2025/2026/1000001000,planning,"Supply, installation ,commissioning and training of force equipment calibration equipment and accessories",ocid,ocds-ozzobm-P000002/2025/2026/1000001000
0.releases.2135.relatedProcesses.0,0.releases.2135,0,P000008/2025/2026/1001000000,planning,Provision of fuel marking and monitoring program to RSB,ocid,ocds-ozzobm-P000008/2025/2026/1001000000
0.releases.2136.relatedProcesses.0,0.releases.2136,0,P000025/2025/2026/5800000000,planning,KUGURA IFU Y'IGIKOMA YO GUHA HOME BASED ECDs UNDER FRAMEWORK AGREEMENT,ocid,ocds-ozzobm-P000025/2025/2026/5800000000
0.releases.2137.relatedProcesses.0,0.releases.2137,0,P000011/2025/2026/4200003002,planning,"Maintenance and repair of air conditioners, hospital fridge and mortuary fridge",ocid,ocds-ozzobm-P000011/2025/2026/4200003002
0.releases.2138.relatedProcesses.0,0.releases.2138,0,P000011/2025/2026/4200003002,planning,"Maintenance and repair of air conditioners, hospital fridge and mortuary fridge",ocid,ocds-ozzobm-P000011/2025/2026/4200003002
0.releases.2139.relatedProcesses.0,0.releases.2139,0,P000076/2025/2026/4800000000,planning,Supervision of Rehabilitation of Nyesayo-Mugote mixed water supply network(20.6km) in Kaduha sector,ocid,ocds-ozzobm-P000076/2025/2026/4800000000
0.releases.2140.relatedProcesses.0,0.releases.2140,0,P000025/2025/2026/4700000000,planning,Annual Framework tender for maintenance of roads in Huye District,ocid,ocds-ozzobm-P000025/2025/2026/4700000000
0.releases.2141.relatedProcesses.0,0.releases.2141,0,P000025/2025/2026/4700000000,planning,Annual Framework tender for maintenance of roads in Huye District,ocid,ocds-ozzobm-P000025/2025/2026/4700000000
0.releases.2142.relatedProcesses.0,0.releases.2142,0,P000082/2025/2026/0400000000,planning,Supply and Delivery of Printers,ocid,ocds-ozzobm-P000082/2025/2026/0400000000
0.releases.2143.relatedProcesses.0,0.releases.2143,0,P000011/2025/2026/4200003002,planning,"Maintenance and repair of air conditioners, hospital fridge and mortuary fridge",ocid,ocds-ozzobm-P000011/2025/2026/4200003002
0.releases.2144.relatedProcesses.0,0.releases.2144,0,P000011/2025/2026/4200003002,planning,"Maintenance and repair of air conditioners, hospital fridge and mortuary fridge",ocid,ocds-ozzobm-P000011/2025/2026/4200003002
0.releases.2145.relatedProcesses.0,0.releases.2145,0,P000011/2025/2026/4200003002,planning,"Maintenance and repair of air conditioners, hospital fridge and mortuary fridge",ocid,ocds-ozzobm-P000011/2025/2026/4200003002
0.releases.2146.relatedProcesses.0,0.releases.2146,0,P000203/2025/2026/1203000000,planning,Implementation of a Next-Generation virtualization and application containerization solution for RRA (Framework Contract),ocid,ocds-ozzobm-P000203/2025/2026/1203000000
0.releases.2147.relatedProcesses.0,0.releases.2147,0,P000001/2025/2026/1203000000,planning,Annual curative maintenance and repairs for  RRA security equipments(Framework contract),ocid,ocds-ozzobm-P000001/2025/2026/1203000000
0.releases.2148.relatedProcesses.0,0.releases.2148,0,P000098/2025/2026/1305000000,planning,Acquisition of Integrated Tools for Forensic Multimedia image/video Ecosystem,ocid,ocds-ozzobm-P000098/2025/2026/1305000000
0.releases.2149.relatedProcesses.0,0.releases.2149,0,P000098/2025/2026/1305000000,planning,Acquisition of Integrated Tools for Forensic Multimedia image/video Ecosystem,ocid,ocds-ozzobm-P000098/2025/2026/1305000000
0.releases.2150.relatedProcesses.0,0.releases.2150,0,P000039/2024/2025/1802000000,planning,Execution Works of Periodic Maintenance of Rukomo-Nyagatare-Ryabega Paved Road(83Km),ocid,ocds-ozzobm-P000039/2024/2025/1802000000
0.releases.2151.relatedProcesses.0,0.releases.2151,0,P000055/2024/2025/1802000000,planning,Execution Works of Periodic Maintenance of Rubengera -Rambura(15.15Km)& Rambura -Nyange (22.6Km) Paved Road,ocid,ocds-ozzobm-P000055/2024/2025/1802000000
0.releases.2152.relatedProcesses.0,0.releases.2152,0,P000004/2024/2025/1802000000,planning,Execution Works of Periodic Maintenance of Huye- Kibeho-Ndago-Munini & Ndago-Ngoma (68.219Km) Paved Road,ocid,ocds-ozzobm-P000004/2024/2025/1802000000
0.releases.2153.relatedProcesses.0,0.releases.2153,0,P000032/2024/2025/1802000000,planning,Supervision of Rehabilitation and repair of damaged spots located on Crete Congo Nil- Buhinga paved road,ocid,ocds-ozzobm-P000032/2024/2025/1802000000
0.releases.2154.relatedProcesses.0,0.releases.2154,0,P000038/2023/2024/1417000000,planning,Supply of farming tools and materials,ocid,ocds-ozzobm-P000038/2023/2024/1417000000
0.releases.2155.relatedProcesses.0,0.releases.2155,0,P000001/2025/2026/1005000000,planning,SUPPLY OF LABORATORY CONSUMABLES,ocid,ocds-ozzobm-P000001/2025/2026/1005000000
0.releases.2156.relatedProcesses.0,0.releases.2156,0,P000058/2024/2025/1417000000,planning,Supply of Animal drugs to Nyagatare Campus,ocid,ocds-ozzobm-P000058/2024/2025/1417000000
0.releases.2157.relatedProcesses.0,0.releases.2157,0,P000028/2025/2026/2205000000,planning,SUPPLY OF LAB CONSUMABLES FOR RMB LABORATORY,ocid,ocds-ozzobm-P000028/2025/2026/2205000000
0.releases.2158.relatedProcesses.0,0.releases.2158,0,P000028/2025/2026/2205000000,planning,SUPPLY OF LAB CONSUMABLES FOR RMB LABORATORY,ocid,ocds-ozzobm-P000028/2025/2026/2205000000
0.releases.2160.relatedProcesses.0,0.releases.2160,0,P000056/2025/2026/6200000000,planning,supply materials for construction of eleven new classrooms in Gicumbi District,ocid,ocds-ozzobm-P000056/2025/2026/6200000000
0.releases.2161.relatedProcesses.0,0.releases.2161,0,P000101/2023/2024/1802000000,planning,Supervision of Rehabilitation and repair of damaged spots located on  Kitabi - Crete Congo Nil Road,ocid,ocds-ozzobm-P000101/2023/2024/1802000000
0.releases.2162.relatedProcesses.0,0.releases.2162,0,P000101/2023/2024/1802000000,planning,Supervision of Rehabilitation and repair of damaged spots located on  Kitabi - Crete Congo Nil Road,ocid,ocds-ozzobm-P000101/2023/2024/1802000000
0.releases.2163.relatedProcesses.0,0.releases.2163,0,P000028/2025/2026/1606000000,planning,Framework contract for Production of Audio-Visual Content,ocid,ocds-ozzobm-P000028/2025/2026/1606000000
0.releases.2164.relatedProcesses.0,0.releases.2164,0,P000025/2025/2026/1800000000,planning,Tender for provision VIP Transport Services for civil servants across the country,ocid,ocds-ozzobm-P000025/2025/2026/1800000000
0.releases.2165.relatedProcesses.0,0.releases.2165,0,P000001/2025/2026/8000000000,planning,Maintenance of 8 KONE lifts of RSSB Tower I&II,ocid,ocds-ozzobm-P000001/2025/2026/8000000000
0.releases.2166.relatedProcesses.0,0.releases.2166,0,P000047/2025/2026/1417000000,planning,"Supply and installation of Laboratory Equipment (light cycler, Nanodrop, thermocycler) for MSc and PhD in Biotechnology",ocid,ocds-ozzobm-P000047/2025/2026/1417000000
0.releases.2167.relatedProcesses.0,0.releases.2167,0,P000102/2025/2026/1601000000,planning,Supply of plumbing materials,ocid,ocds-ozzobm-P000102/2025/2026/1601000000
0.releases.2168.relatedProcesses.0,0.releases.2168,0,P000027/2025/2026/4700000000,planning,Vaccination & Insemination through Veterinary Sanitary Mandate,ocid,ocds-ozzobm-P000027/2025/2026/4700000000
0.releases.2169.relatedProcesses.0,0.releases.2169,0,P000002/2025/2026/2304000000,planning,Provision of refreshment/ Beverage,ocid,ocds-ozzobm-P000002/2025/2026/2304000000
0.releases.2170.relatedProcesses.0,0.releases.2170,0,P000002/2025/2026/2304000000,planning,Provision of refreshment/ Beverage,ocid,ocds-ozzobm-P000002/2025/2026/2304000000
0.releases.2171.relatedProcesses.0,0.releases.2171,0,P000037/2025/2026/1800000000,planning,Tender for annual supply of office stationery for MININFRA,ocid,ocds-ozzobm-P000037/2025/2026/1800000000
0.releases.2172.relatedProcesses.0,0.releases.2172,0,P000151/2023/2024/1417000000,planning,"Purchase of branded and promotional materials -supply, designing, printing, manufacturing, availing and fixation of promotional materials for UR Campuses",ocid,ocds-ozzobm-P000151/2023/2024/1417000000
0.releases.2173.relatedProcesses.0,0.releases.2173,0,P000078/2025/2026/6300000000,planning,"Consultancy services for feasibility study and detailled engineering design for Kinkware,Nyirambundi modern market and upgrading Musanze youth center playgrounds to Gyymnasium",ocid,ocds-ozzobm-P000078/2025/2026/6300000000
0.releases.2174.relatedProcesses.0,0.releases.2174,0,P000090/2025/2026/1400000000,planning,Provision of media services,ocid,ocds-ozzobm-P000090/2025/2026/1400000000
0.releases.2176.relatedProcesses.0,0.releases.2176,0,P000005/2025/2026/1400000000,planning,Supply and installation of  science laboratories and related accessories,ocid,ocds-ozzobm-P000005/2025/2026/1400000000
0.releases.2177.relatedProcesses.0,0.releases.2177,0,P000005/2025/2026/2500000000,planning,Supply of relief items,ocid,ocds-ozzobm-P000005/2025/2026/2500000000
0.releases.2178.relatedProcesses.0,0.releases.2178,0,P000005/2025/2026/1400000000,planning,Supply and installation of  science laboratories and related accessories,ocid,ocds-ozzobm-P000005/2025/2026/1400000000
0.releases.2179.relatedProcesses.0,0.releases.2179,0,P000005/2025/2026/1400000000,planning,Supply and installation of  science laboratories and related accessories,ocid,ocds-ozzobm-P000005/2025/2026/1400000000
0.releases.2180.relatedProcesses.0,0.releases.2180,0,P000017/2025/2026/2300000000,planning,Provision of MINALOC TLG car insurance,ocid,ocds-ozzobm-P000017/2025/2026/2300000000
0.releases.2181.relatedProcesses.0,0.releases.2181,0,P000017/2025/2026/2300000000,planning,Provision of MINALOC TLG car insurance,ocid,ocds-ozzobm-P000017/2025/2026/2300000000
0.releases.2182.relatedProcesses.0,0.releases.2182,0,P000012/2025/2026/0901001014,planning,Refreshment service (different meetings& workshops),ocid,ocds-ozzobm-P000012/2025/2026/0901001014
0.releases.2183.relatedProcesses.0,0.releases.2183,0,P000078/2025/2026/6300000000,planning,"Consultancy services for feasibility study and detailled engineering design for Kinkware,Nyirambundi modern market and upgrading Musanze youth center playgrounds to Gyymnasium",ocid,ocds-ozzobm-P000078/2025/2026/6300000000
0.releases.2184.relatedProcesses.0,0.releases.2184,0,P000012/2025/2026/0901001014,planning,Refreshment service (different meetings& workshops),ocid,ocds-ozzobm-P000012/2025/2026/0901001014
0.releases.2185.relatedProcesses.0,0.releases.2185,0,P000028/2025/2026/1420000000,planning,"Provision of Media Services to RTB (Radios, Televisions and Social media services)",ocid,ocds-ozzobm-P000028/2025/2026/1420000000
0.releases.2186.relatedProcesses.0,0.releases.2186,0,P000069/2025/2026/6500000000,planning,valuation of Real properties during 12Months renewable twice,ocid,ocds-ozzobm-P000069/2025/2026/6500000000
0.releases.2187.relatedProcesses.0,0.releases.2187,0,P000069/2025/2026/6500000000,planning,valuation of Real properties during 12Months renewable twice,ocid,ocds-ozzobm-P000069/2025/2026/6500000000
0.releases.2188.relatedProcesses.0,0.releases.2188,0,P000140/2023/2024/0108000000,planning,Tender for Food and Hygienic Supply for Baby Gorilla in Quarantine,ocid,ocds-ozzobm-P000140/2023/2024/0108000000
0.releases.2189.relatedProcesses.0,0.releases.2189,0,P000003/2024/2025/6300000000,planning,"Construction of the food court/Park project, focusing on green building initiatives and environmental",ocid,ocds-ozzobm-P000003/2024/2025/6300000000
0.releases.2190.relatedProcesses.0,0.releases.2190,0,P000003/2024/2025/6300000000,planning,"Construction of the food court/Park project, focusing on green building initiatives and environmental",ocid,ocds-ozzobm-P000003/2024/2025/6300000000
0.releases.2191.relatedProcesses.0,0.releases.2191,0,P000003/2024/2025/6300000000,planning,"Construction of the food court/Park project, focusing on green building initiatives and environmental",ocid,ocds-ozzobm-P000003/2024/2025/6300000000
0.releases.2192.relatedProcesses.0,0.releases.2192,0,P000003/2024/2025/6300000000,planning,"Construction of the food court/Park project, focusing on green building initiatives and environmental",ocid,ocds-ozzobm-P000003/2024/2025/6300000000
0.releases.2193.relatedProcesses.0,0.releases.2193,0,P000003/2024/2025/6300000000,planning,"Construction of the food court/Park project, focusing on green building initiatives and environmental",ocid,ocds-ozzobm-P000003/2024/2025/6300000000
0.releases.2194.relatedProcesses.0,0.releases.2194,0,P000003/2024/2025/6300000000,planning,"Construction of the food court/Park project, focusing on green building initiatives and environmental",ocid,ocds-ozzobm-P000003/2024/2025/6300000000
0.releases.2195.relatedProcesses.0,0.releases.2195,0,P000003/2024/2025/6300000000,planning,"Construction of the food court/Park project, focusing on green building initiatives and environmental",ocid,ocds-ozzobm-P000003/2024/2025/6300000000
0.releases.2196.relatedProcesses.0,0.releases.2196,0,P000003/2024/2025/6300000000,planning,"Construction of the food court/Park project, focusing on green building initiatives and environmental",ocid,ocds-ozzobm-P000003/2024/2025/6300000000
0.releases.2197.relatedProcesses.0,0.releases.2197,0,P000003/2024/2025/6300000000,planning,"Construction of the food court/Park project, focusing on green building initiatives and environmental",ocid,ocds-ozzobm-P000003/2024/2025/6300000000
0.releases.2198.relatedProcesses.0,0.releases.2198,0,P000003/2024/2025/6300000000,planning,"Construction of the food court/Park project, focusing on green building initiatives and environmental",ocid,ocds-ozzobm-P000003/2024/2025/6300000000
0.releases.2199.relatedProcesses.0,0.releases.2199,0,P000003/2024/2025/6300000000,planning,"Construction of the food court/Park project, focusing on green building initiatives and environmental",ocid,ocds-ozzobm-P000003/2024/2025/6300000000
0.releases.2200.relatedProcesses.0,0.releases.2200,0,P000003/2024/2025/6300000000,planning,"Construction of the food court/Park project, focusing on green building initiatives and environmental",ocid,ocds-ozzobm-P000003/2024/2025/6300000000
0.releases.2201.relatedProcesses.0,0.releases.2201,0,P000003/2024/2025/6300000000,planning,"Construction of the food court/Park project, focusing on green building initiatives and environmental",ocid,ocds-ozzobm-P000003/2024/2025/6300000000
0.releases.2202.relatedProcesses.0,0.releases.2202,0,P000003/2024/2025/6300000000,planning,"Construction of the food court/Park project, focusing on green building initiatives and environmental",ocid,ocds-ozzobm-P000003/2024/2025/6300000000
0.releases.2203.relatedProcesses.0,0.releases.2203,0,P000003/2024/2025/6300000000,planning,"Construction of the food court/Park project, focusing on green building initiatives and environmental",ocid,ocds-ozzobm-P000003/2024/2025/6300000000
0.releases.2204.relatedProcesses.0,0.releases.2204,0,P000003/2024/2025/6300000000,planning,"Construction of the food court/Park project, focusing on green building initiatives and environmental",ocid,ocds-ozzobm-P000003/2024/2025/6300000000
0.releases.2205.relatedProcesses.0,0.releases.2205,0,P000003/2024/2025/6300000000,planning,"Construction of the food court/Park project, focusing on green building initiatives and environmental",ocid,ocds-ozzobm-P000003/2024/2025/6300000000
0.releases.2206.relatedProcesses.0,0.releases.2206,0,P000003/2024/2025/6300000000,planning,"Construction of the food court/Park project, focusing on green building initiatives and environmental",ocid,ocds-ozzobm-P000003/2024/2025/6300000000
0.releases.2207.relatedProcesses.0,0.releases.2207,0,P000003/2024/2025/6300000000,planning,"Construction of the food court/Park project, focusing on green building initiatives and environmental",ocid,ocds-ozzobm-P000003/2024/2025/6300000000
0.releases.2208.relatedProcesses.0,0.releases.2208,0,P000087/2025/2026/0702000000,planning,Acquisition of Airtimes (MTN RWANDA) for Rwanda Correctional Service Staff,ocid,ocds-ozzobm-P000087/2025/2026/0702000000
0.releases.2209.relatedProcesses.0,0.releases.2209,0,P000020/2025/2026/4100000000,planning,Purchase and Supply of Girinka Packages,ocid,ocds-ozzobm-P000020/2025/2026/4100000000
0.releases.2210.relatedProcesses.0,0.releases.2210,0,P000005/2025/2026/2500000000,planning,Supply of relief items,ocid,ocds-ozzobm-P000005/2025/2026/2500000000
0.releases.2211.relatedProcesses.0,0.releases.2211,0,P000014/2025/2026/0901000000,planning,Repair and maintenance of VITEK System for Rubirizi National Veterinary Laboratory,ocid,ocds-ozzobm-P000014/2025/2026/0901000000
0.releases.2212.relatedProcesses.0,0.releases.2212,0,P000009/2025/2026/1421000000,planning,Provision of sports and recreational facilities and services for NESA Staff (across the country,ocid,ocds-ozzobm-P000009/2025/2026/1421000000
0.releases.2213.relatedProcesses.0,0.releases.2213,0,P000017/2025/2026/2300000000,planning,Provision of MINALOC TLG car insurance,ocid,ocds-ozzobm-P000017/2025/2026/2300000000
0.releases.2214.relatedProcesses.0,0.releases.2214,0,P000002/2025/2026/6400003002,planning,Purchase of Hospital staff Uniform,ocid,ocds-ozzobm-P000002/2025/2026/6400003002
0.releases.2215.relatedProcesses.0,0.releases.2215,0,P000002/2025/2026/6400003002,planning,Purchase of Hospital staff Uniform,ocid,ocds-ozzobm-P000002/2025/2026/6400003002
0.releases.2216.relatedProcesses.0,0.releases.2216,0,P000002/2025/2026/6400003002,planning,Purchase of Hospital staff Uniform,ocid,ocds-ozzobm-P000002/2025/2026/6400003002
0.releases.2217.relatedProcesses.0,0.releases.2217,0,P000002/2025/2026/6400003002,planning,Purchase of Hospital staff Uniform,ocid,ocds-ozzobm-P000002/2025/2026/6400003002
0.releases.2218.relatedProcesses.0,0.releases.2218,0,P000047/2024/2025/1200000000,planning,professional advisory services to the Government of Rwanda on bulk oil purchase negotiations with the Kingdom of Saudi Arabia,ocid,ocds-ozzobm-P000047/2024/2025/1200000000
0.releases.2219.relatedProcesses.0,0.releases.2219,0,P000048/2025/2026/1305000000,planning,Provision of Comprehensive Maintenance Services for RFI Furniture and Furnishings,ocid,ocds-ozzobm-P000048/2025/2026/1305000000
0.releases.2220.relatedProcesses.0,0.releases.2220,0,P000034/2025/2026/4200000000,planning,Privatization of Management of Kabarore Guest House,ocid,ocds-ozzobm-P000034/2025/2026/4200000000
0.releases.2221.relatedProcesses.0,0.releases.2221,0,P000098/2025/2026/1305000000,planning,Acquisition of Integrated Tools for Forensic Multimedia image/video Ecosystem,ocid,ocds-ozzobm-P000098/2025/2026/1305000000
0.releases.2222.relatedProcesses.0,0.releases.2222,0,P000097/2025/2026/1305000000,planning,Acquisition of Office Furniture,ocid,ocds-ozzobm-P000097/2025/2026/1305000000
0.releases.2223.relatedProcesses.0,0.releases.2223,0,P000072/2025/2026/5500000000,planning,Hiring insurance brokerage services company for Nyabihu District under framework agreement,ocid,ocds-ozzobm-P000072/2025/2026/5500000000
0.releases.2224.relatedProcesses.0,0.releases.2224,0,P000021/2025/2026/4900000000,planning,BF- Feasibility Study of Rehabilitation of Mugombwa Health Center,ocid,ocds-ozzobm-P000021/2025/2026/4900000000
0.releases.2225.relatedProcesses.0,0.releases.2225,0,P000051/2025/2026/5500000000,planning,Supply of materials for Construction of 20 classrooms and 72 Latrines,ocid,ocds-ozzobm-P000051/2025/2026/5500000000
0.releases.2226.relatedProcesses.0,0.releases.2226,0,P000103/2025/2026/7000000000,planning,Provision of Sports Services to the CoK staff,ocid,ocds-ozzobm-P000103/2025/2026/7000000000
0.releases.2227.relatedProcesses.0,0.releases.2227,0,P000090/2023/2024/5300000000,planning,Provision of transport service( framework contract),ocid,ocds-ozzobm-P000090/2023/2024/5300000000
0.releases.2228.relatedProcesses.0,0.releases.2228,0,P000080/2025/2026/4800000000,planning,Supervision of Extension of Nyungwe-Kizimyamuriro Pumping water supply network (23.5km),ocid,ocds-ozzobm-P000080/2025/2026/4800000000
0.releases.2229.relatedProcesses.0,0.releases.2229,0,P000076/2025/2026/4800000000,planning,Supervision of Rehabilitation of Nyesayo-Mugote mixed water supply network(20.6km) in Kaduha sector,ocid,ocds-ozzobm-P000076/2025/2026/4800000000
0.releases.2230.relatedProcesses.0,0.releases.2230,0,P000039/2025/2026/4800000000,planning,Hiring providers of cleaning services for NYAMAGABE District services,ocid,ocds-ozzobm-P000039/2025/2026/4800000000
0.releases.2231.relatedProcesses.0,0.releases.2231,0,P000051/2025/2026/5400000000,planning,"Annual Framework Tender for Support to Animal artificial insemination, vaccination campaign and other veterinary services through Veterinary Sanitary Mandate",ocid,ocds-ozzobm-P000051/2025/2026/5400000000
0.releases.2232.relatedProcesses.0,0.releases.2232,0,P000103/2025/2026/7000000000,planning,Provision of Sports Services to the CoK staff,ocid,ocds-ozzobm-P000103/2025/2026/7000000000
0.releases.2233.relatedProcesses.0,0.releases.2233,0,P000103/2025/2026/7000000000,planning,Provision of Sports Services to the CoK staff,ocid,ocds-ozzobm-P000103/2025/2026/7000000000
0.releases.2234.relatedProcesses.0,0.releases.2234,0,P000103/2025/2026/7000000000,planning,Provision of Sports Services to the CoK staff,ocid,ocds-ozzobm-P000103/2025/2026/7000000000
0.releases.2235.relatedProcesses.0,0.releases.2235,0,P000012/2024/2025/5400001000,planning,Tender of maintenance and Repair non medical equipments,ocid,ocds-ozzobm-P000012/2024/2025/5400001000
0.releases.2236.relatedProcesses.0,0.releases.2236,0,P000044/2025/2026/5100000000,planning,Construction of Bwirabo water drainage system in Runda Sector,ocid,ocds-ozzobm-P000044/2025/2026/5100000000
0.releases.2237.relatedProcesses.0,0.releases.2237,0,P000044/2025/2026/5100000000,planning,Construction of Bwirabo water drainage system in Runda Sector,ocid,ocds-ozzobm-P000044/2025/2026/5100000000
0.releases.2238.relatedProcesses.0,0.releases.2238,0,P000109/2024/2025/0901000000,planning,Supply of tires,ocid,ocds-ozzobm-P000109/2024/2025/0901000000
0.releases.2239.relatedProcesses.0,0.releases.2239,0,P000039/2025/2026/4000000000,planning,"SERVICE FOR DECORATION AND HIRING OF TENTS,CHAIRS, SONORISATION, GENERATOR FOR DISTRICT CEREMONY",ocid,ocds-ozzobm-P000039/2025/2026/4000000000
0.releases.2240.relatedProcesses.0,0.releases.2240,0,P000039/2025/2026/4000000000,planning,"SERVICE FOR DECORATION AND HIRING OF TENTS,CHAIRS, SONORISATION, GENERATOR FOR DISTRICT CEREMONY",ocid,ocds-ozzobm-P000039/2025/2026/4000000000
0.releases.2241.relatedProcesses.0,0.releases.2241,0,P000017/2025/2026/2903001007,planning,Recruitment of National Technical Coordinator of COMBIO Project,ocid,ocds-ozzobm-P000017/2025/2026/2903001007
0.releases.2242.relatedProcesses.0,0.releases.2242,0,P000017/2025/2026/4400000000,planning,consultancy for valuation services for Kirehe District,ocid,ocds-ozzobm-P000017/2025/2026/4400000000
0.releases.2243.relatedProcesses.0,0.releases.2243,0,P000005/2025/2026/0302000000,planning,Arrange for sport activities for staff,ocid,ocds-ozzobm-P000005/2025/2026/0302000000
0.releases.2244.relatedProcesses.0,0.releases.2244,0,P000005/2025/2026/0302000000,planning,Arrange for sport activities for staff,ocid,ocds-ozzobm-P000005/2025/2026/0302000000
0.releases.2245.relatedProcesses.0,0.releases.2245,0,P000005/2025/2026/0302000000,planning,Arrange for sport activities for staff,ocid,ocds-ozzobm-P000005/2025/2026/0302000000
0.releases.2246.relatedProcesses.0,0.releases.2246,0,P000017/2025/2026/2903001007,planning,Recruitment of National Technical Coordinator of COMBIO Project,ocid,ocds-ozzobm-P000017/2025/2026/2903001007
0.releases.2247.relatedProcesses.0,0.releases.2247,0,P000045/2025/2026/5100000000,planning,Supervision of construction of Bwirabo water drainage system in Runda Sector,ocid,ocds-ozzobm-P000045/2025/2026/5100000000
0.releases.2248.relatedProcesses.0,0.releases.2248,0,P000045/2025/2026/5100000000,planning,Supervision of construction of Bwirabo water drainage system in Runda Sector,ocid,ocds-ozzobm-P000045/2025/2026/5100000000
0.releases.2249.relatedProcesses.0,0.releases.2249,0,P000045/2025/2026/5100000000,planning,Supervision of construction of Bwirabo water drainage system in Runda Sector,ocid,ocds-ozzobm-P000045/2025/2026/5100000000
0.releases.2250.relatedProcesses.0,0.releases.2250,0,P000044/2025/2026/5100000000,planning,Construction of Bwirabo water drainage system in Runda Sector,ocid,ocds-ozzobm-P000044/2025/2026/5100000000
0.releases.2251.relatedProcesses.0,0.releases.2251,0,P000087/2025/2026/0702000000,planning,Acquisition of Airtimes (MTN RWANDA) for Rwanda Correctional Service Staff,ocid,ocds-ozzobm-P000087/2025/2026/0702000000
0.releases.2252.relatedProcesses.0,0.releases.2252,0,P000041/2025/2026/5700003001,planning,Maintenance of biomedical equipment ( washing machine),ocid,ocds-ozzobm-P000041/2025/2026/5700003001
0.releases.2253.relatedProcesses.0,0.releases.2253,0,P000041/2025/2026/5700003001,planning,Maintenance of biomedical equipment ( washing machine),ocid,ocds-ozzobm-P000041/2025/2026/5700003001
0.releases.2254.relatedProcesses.0,0.releases.2254,0,P000090/2023/2024/5300000000,planning,Provision of transport service( framework contract),ocid,ocds-ozzobm-P000090/2023/2024/5300000000
0.releases.2255.relatedProcesses.0,0.releases.2255,0,P000025/2025/2026/1000000000,planning,Terms of reference for Hiring a consultancy firm to conduct the feasibility study for upgrading Kiyanzi Warehouse Facility for Regional Logistics Hub Development,ocid,ocds-ozzobm-P000025/2025/2026/1000000000
0.releases.2256.relatedProcesses.0,0.releases.2256,0,P000025/2025/2026/1000000000,planning,Terms of reference for Hiring a consultancy firm to conduct the feasibility study for upgrading Kiyanzi Warehouse Facility for Regional Logistics Hub Development,ocid,ocds-ozzobm-P000025/2025/2026/1000000000
0.releases.2257.relatedProcesses.0,0.releases.2257,0,P000024/2025/2026/2318000000,planning,Provision of Sports and recreation facilities to NRS Staffs,ocid,ocds-ozzobm-P000024/2025/2026/2318000000
0.releases.2258.relatedProcesses.0,0.releases.2258,0,P000024/2025/2026/2318000000,planning,Provision of Sports and recreation facilities to NRS Staffs,ocid,ocds-ozzobm-P000024/2025/2026/2318000000
0.releases.2259.relatedProcesses.0,0.releases.2259,0,P000024/2025/2026/2318000000,planning,Provision of Sports and recreation facilities to NRS Staffs,ocid,ocds-ozzobm-P000024/2025/2026/2318000000
0.releases.2260.relatedProcesses.0,0.releases.2260,0,P000024/2025/2026/2318000000,planning,Provision of Sports and recreation facilities to NRS Staffs,ocid,ocds-ozzobm-P000024/2025/2026/2318000000
0.releases.2261.relatedProcesses.0,0.releases.2261,0,P000024/2025/2026/2318000000,planning,Provision of Sports and recreation facilities to NRS Staffs,ocid,ocds-ozzobm-P000024/2025/2026/2318000000
0.releases.2262.relatedProcesses.0,0.releases.2262,0,P000024/2025/2026/2318000000,planning,Provision of Sports and recreation facilities to NRS Staffs,ocid,ocds-ozzobm-P000024/2025/2026/2318000000
0.releases.2263.relatedProcesses.0,0.releases.2263,0,P000024/2025/2026/2318000000,planning,Provision of Sports and recreation facilities to NRS Staffs,ocid,ocds-ozzobm-P000024/2025/2026/2318000000
0.releases.2264.relatedProcesses.0,0.releases.2264,0,P000024/2025/2026/2318000000,planning,Provision of Sports and recreation facilities to NRS Staffs,ocid,ocds-ozzobm-P000024/2025/2026/2318000000
0.releases.2265.relatedProcesses.0,0.releases.2265,0,P000041/2025/2026/5700003001,planning,Maintenance of biomedical equipment ( washing machine),ocid,ocds-ozzobm-P000041/2025/2026/5700003001
0.releases.2266.relatedProcesses.0,0.releases.2266,0,P000002/2025/2026/2304000000,planning,Provision of refreshment/ Beverage,ocid,ocds-ozzobm-P000002/2025/2026/2304000000
0.releases.2267.relatedProcesses.0,0.releases.2267,0,P000025/2025/2026/1800000000,planning,Tender for provision VIP Transport Services for civil servants across the country,ocid,ocds-ozzobm-P000025/2025/2026/1800000000
0.releases.2268.relatedProcesses.0,0.releases.2268,0,P000025/2025/2026/1800000000,planning,Tender for provision VIP Transport Services for civil servants across the country,ocid,ocds-ozzobm-P000025/2025/2026/1800000000
0.releases.2269.relatedProcesses.0,0.releases.2269,0,P000025/2025/2026/1800000000,planning,Tender for provision VIP Transport Services for civil servants across the country,ocid,ocds-ozzobm-P000025/2025/2026/1800000000
0.releases.2270.relatedProcesses.0,0.releases.2270,0,P000001/2025/2026/2903001007,planning,Recruitment of consultancy firm to conduct the Midi-Term Review of COMBIO Project,ocid,ocds-ozzobm-P000001/2025/2026/2903001007
0.releases.2271.relatedProcesses.0,0.releases.2271,0,P000025/2025/2026/1800000000,planning,Tender for provision VIP Transport Services for civil servants across the country,ocid,ocds-ozzobm-P000025/2025/2026/1800000000
0.releases.2272.relatedProcesses.0,0.releases.2272,0,P000025/2025/2026/1800000000,planning,Tender for provision VIP Transport Services for civil servants across the country,ocid,ocds-ozzobm-P000025/2025/2026/1800000000
0.releases.2273.relatedProcesses.0,0.releases.2273,0,P000045/2024/2025/0901000000,planning,Supply of Spare part for general maintenance,ocid,ocds-ozzobm-P000045/2024/2025/0901000000
0.releases.2274.relatedProcesses.0,0.releases.2274,0,P000025/2025/2026/1800000000,planning,Tender for provision VIP Transport Services for civil servants across the country,ocid,ocds-ozzobm-P000025/2025/2026/1800000000
0.releases.2275.relatedProcesses.0,0.releases.2275,0,P000047/2025/2026/1417000000,planning,"Supply and installation of Laboratory Equipment (light cycler, Nanodrop, thermocycler) for MSc and PhD in Biotechnology",ocid,ocds-ozzobm-P000047/2025/2026/1417000000
0.releases.2276.relatedProcesses.0,0.releases.2276,0,P000025/2025/2026/1800000000,planning,Tender for provision VIP Transport Services for civil servants across the country,ocid,ocds-ozzobm-P000025/2025/2026/1800000000
0.releases.2277.relatedProcesses.0,0.releases.2277,0,P000044/2025/2026/4500000000,planning,Construction of Krambo cell in Kiyombe Sector,ocid,ocds-ozzobm-P000044/2025/2026/4500000000
0.releases.2278.relatedProcesses.0,0.releases.2278,0,P000025/2025/2026/1800000000,planning,Tender for provision VIP Transport Services for civil servants across the country,ocid,ocds-ozzobm-P000025/2025/2026/1800000000
0.releases.2279.relatedProcesses.0,0.releases.2279,0,P000025/2025/2026/1800000000,planning,Tender for provision VIP Transport Services for civil servants across the country,ocid,ocds-ozzobm-P000025/2025/2026/1800000000
0.releases.2280.relatedProcesses.0,0.releases.2280,0,P000025/2025/2026/1800000000,planning,Tender for provision VIP Transport Services for civil servants across the country,ocid,ocds-ozzobm-P000025/2025/2026/1800000000
0.releases.2281.relatedProcesses.0,0.releases.2281,0,P000025/2025/2026/1800000000,planning,Tender for provision VIP Transport Services for civil servants across the country,ocid,ocds-ozzobm-P000025/2025/2026/1800000000
0.releases.2282.relatedProcesses.0,0.releases.2282,0,P000025/2025/2026/1800000000,planning,Tender for provision VIP Transport Services for civil servants across the country,ocid,ocds-ozzobm-P000025/2025/2026/1800000000
0.releases.2283.relatedProcesses.0,0.releases.2283,0,P000025/2025/2026/1800000000,planning,Tender for provision VIP Transport Services for civil servants across the country,ocid,ocds-ozzobm-P000025/2025/2026/1800000000
0.releases.2284.relatedProcesses.0,0.releases.2284,0,P000025/2025/2026/1800000000,planning,Tender for provision VIP Transport Services for civil servants across the country,ocid,ocds-ozzobm-P000025/2025/2026/1800000000
0.releases.2285.relatedProcesses.0,0.releases.2285,0,P000025/2025/2026/1800000000,planning,Tender for provision VIP Transport Services for civil servants across the country,ocid,ocds-ozzobm-P000025/2025/2026/1800000000
0.releases.2286.relatedProcesses.0,0.releases.2286,0,P000025/2025/2026/1800000000,planning,Tender for provision VIP Transport Services for civil servants across the country,ocid,ocds-ozzobm-P000025/2025/2026/1800000000
0.releases.2287.relatedProcesses.0,0.releases.2287,0,P000025/2025/2026/1800000000,planning,Tender for provision VIP Transport Services for civil servants across the country,ocid,ocds-ozzobm-P000025/2025/2026/1800000000
0.releases.2288.relatedProcesses.0,0.releases.2288,0,P000025/2025/2026/1800000000,planning,Tender for provision VIP Transport Services for civil servants across the country,ocid,ocds-ozzobm-P000025/2025/2026/1800000000
0.releases.2289.relatedProcesses.0,0.releases.2289,0,P000001/2025/2026/1005000000,planning,SUPPLY OF LABORATORY CONSUMABLES,ocid,ocds-ozzobm-P000001/2025/2026/1005000000
0.releases.2290.relatedProcesses.0,0.releases.2290,0,P000002/2025/2026/6500003003,planning,To pay building insurances,ocid,ocds-ozzobm-P000002/2025/2026/6500003003
0.releases.2291.relatedProcesses.0,0.releases.2291,0,P000011/2025/2026/1412006000,planning,Provision of garage services for RP Karongi  College Vehicles,ocid,ocds-ozzobm-P000011/2025/2026/1412006000
0.releases.2292.relatedProcesses.0,0.releases.2292,0,P000072/2025/2026/0300000000,planning,Acquisition of Sport  Facilities for  the Parliament of Rwanda,ocid,ocds-ozzobm-P000072/2025/2026/0300000000
0.releases.2293.relatedProcesses.0,0.releases.2293,0,P000072/2025/2026/0300000000,planning,Acquisition of Sport  Facilities for  the Parliament of Rwanda,ocid,ocds-ozzobm-P000072/2025/2026/0300000000
0.releases.2294.relatedProcesses.0,0.releases.2294,0,P000011/2025/2026/5800003002,planning,Cleaning services,ocid,ocds-ozzobm-P000011/2025/2026/5800003002
0.releases.2295.relatedProcesses.0,0.releases.2295,0,P000011/2025/2026/5800003002,planning,Cleaning services,ocid,ocds-ozzobm-P000011/2025/2026/5800003002
0.releases.2296.relatedProcesses.0,0.releases.2296,0,P000053/2024/2025/1417000000,planning,Supply and installation of submerged water pump with electrical floater at Muhabura Building at UR CST,ocid,ocds-ozzobm-P000053/2024/2025/1417000000
0.releases.2297.relatedProcesses.0,0.releases.2297,0,P000037/2025/2026/0800000000,planning,Insurance of minaffet vip cars,ocid,ocds-ozzobm-P000037/2025/2026/0800000000
0.releases.2298.relatedProcesses.0,0.releases.2298,0,P000151/2023/2024/1417000000,planning,"Purchase of branded and promotional materials -supply, designing, printing, manufacturing, availing and fixation of promotional materials for UR Campuses",ocid,ocds-ozzobm-P000151/2023/2024/1417000000
0.releases.2299.relatedProcesses.0,0.releases.2299,0,P000019/2025/2026/0111000000,planning,"Consultancy Services for Training DPOs across Public Institutions on Data Dubject rights, Complaint Handling, Technical and Organisational Measures and Data Breach.",ocid,ocds-ozzobm-P000019/2025/2026/0111000000
0.releases.2300.relatedProcesses.0,0.releases.2300,0,P000058/2024/2025/1417000000,planning,Supply of Animal drugs to Nyagatare Campus,ocid,ocds-ozzobm-P000058/2024/2025/1417000000
0.releases.2301.relatedProcesses.0,0.releases.2301,0,P000038/2023/2024/1417000000,planning,Supply of farming tools and materials,ocid,ocds-ozzobm-P000038/2023/2024/1417000000
0.releases.2302.relatedProcesses.0,0.releases.2302,0,P000006/2023/2024/1700000000,planning,"Supply of Fuel to NPPA Vehicles, Motorcycles and Generator",ocid,ocds-ozzobm-P000006/2023/2024/1700000000
0.releases.2303.relatedProcesses.0,0.releases.2303,0,P000009/2025/2026/2700000000,planning,Provision of decoration services.,ocid,ocds-ozzobm-P000009/2025/2026/2700000000
0.releases.2304.relatedProcesses.0,0.releases.2304,0,P000075/2025/2026/6500000000,planning,SUPERVISION FOR CONSTRUCTION OF LATRINES AT EP KARAMA IN JANJA SECTOR,ocid,ocds-ozzobm-P000075/2025/2026/6500000000
0.releases.2305.relatedProcesses.0,0.releases.2305,0,P000027/2025/2026/2205000000,planning,"HIRING A COMPANY FOR PROVISION OF MAINTENANCE, REPAIR SERVICE AND SUPPLY SPARE PARTS FOR RMB VEHICLES",ocid,ocds-ozzobm-P000027/2025/2026/2205000000
0.releases.2306.relatedProcesses.0,0.releases.2306,0,P000028/2025/2026/2205000000,planning,SUPPLY OF LAB CONSUMABLES FOR RMB LABORATORY,ocid,ocds-ozzobm-P000028/2025/2026/2205000000
0.releases.2307.relatedProcesses.0,0.releases.2307,0,P000022/2025/2026/4500000000,planning,Supply of special need education equipment in schools,ocid,ocds-ozzobm-P000022/2025/2026/4500000000
0.releases.2308.relatedProcesses.0,0.releases.2308,0,P000008/2024/2025/5400001000,planning,"Tender of purchase Mattresses, bed covers, blankets, draps and others related",ocid,ocds-ozzobm-P000008/2024/2025/5400001000
0.releases.2309.relatedProcesses.0,0.releases.2309,0,P000037/2025/2026/0800000000,planning,Insurance of minaffet vip cars,ocid,ocds-ozzobm-P000037/2025/2026/0800000000
0.releases.2310.relatedProcesses.0,0.releases.2310,0,P000015/2025/2026/1400000000,planning,Supply of furniture  at Ntare Louisenlund School,ocid,ocds-ozzobm-P000015/2025/2026/1400000000
0.releases.2311.relatedProcesses.0,0.releases.2311,0,P000013/2025/2026/6400000000,planning,Execution works for Construction of Science Laboratory at Inyange Girls Schools of Science in Rulindo District,ocid,ocds-ozzobm-P000013/2025/2026/6400000000
0.releases.2312.relatedProcesses.0,0.releases.2312,0,P000008/2024/2025/5400001000,planning,"Tender of purchase Mattresses, bed covers, blankets, draps and others related",ocid,ocds-ozzobm-P000008/2024/2025/5400001000
0.releases.2313.relatedProcesses.0,0.releases.2313,0,P000013/2025/2026/6400000000,planning,Execution works for Construction of Science Laboratory at Inyange Girls Schools of Science in Rulindo District,ocid,ocds-ozzobm-P000013/2025/2026/6400000000
0.releases.2314.relatedProcesses.0,0.releases.2314,0,P000020/2025/2026/1903001001,planning,Implementation of National SOC Upgrade and Establishment of Disaster Recovery Site,ocid,ocds-ozzobm-P000020/2025/2026/1903001001
0.releases.2315.relatedProcesses.0,0.releases.2315,0,P000085/2025/2026/6300000000,planning,consultancy services for supervision of road maintenance works in musanze,ocid,ocds-ozzobm-P000085/2025/2026/6300000000
0.releases.2316.relatedProcesses.0,0.releases.2316,0,P000027/2025/2026/4700000000,planning,Vaccination & Insemination through Veterinary Sanitary Mandate,ocid,ocds-ozzobm-P000027/2025/2026/4700000000
0.releases.2317.relatedProcesses.0,0.releases.2317,0,P000008/2025/2026/1602000000,planning,Supply of Plumbing materials,ocid,ocds-ozzobm-P000008/2025/2026/1602000000
0.releases.2318.relatedProcesses.0,0.releases.2318,0,P000004/2025/2026/0113000000,planning,Provision of internet connectivity services in RAEB offices,ocid,ocds-ozzobm-P000004/2025/2026/0113000000
0.releases.2319.relatedProcesses.0,0.releases.2319,0,P000007/2025/2026/1903001001,planning,Develop a national cybersecurity & Privacy skills Framework,ocid,ocds-ozzobm-P000007/2025/2026/1903001001
0.releases.2320.relatedProcesses.0,0.releases.2320,0,P000025/2025/2026/4700000000,planning,Annual Framework tender for maintenance of roads in Huye District,ocid,ocds-ozzobm-P000025/2025/2026/4700000000
0.releases.2321.relatedProcesses.0,0.releases.2321,0,P000004/2025/2026/4800003001,planning,Provision of Communication Services and CUG,ocid,ocds-ozzobm-P000004/2025/2026/4800003001
0.releases.2322.relatedProcesses.0,0.releases.2322,0,P000029/2025/2026/6400000000,planning,"Provision of Fuels for Vehicles, Motorbikes and standby generator of Rulindo District",ocid,ocds-ozzobm-P000029/2025/2026/6400000000
0.releases.2323.relatedProcesses.0,0.releases.2323,0,P000002/2025/2026/6400003002,planning,Purchase of Hospital staff Uniform,ocid,ocds-ozzobm-P000002/2025/2026/6400003002
0.releases.2324.relatedProcesses.0,0.releases.2324,0,P000002/2025/2026/6400003002,planning,Purchase of Hospital staff Uniform,ocid,ocds-ozzobm-P000002/2025/2026/6400003002
0.releases.2325.relatedProcesses.0,0.releases.2325,0,P000002/2025/2026/6400003002,planning,Purchase of Hospital staff Uniform,ocid,ocds-ozzobm-P000002/2025/2026/6400003002
0.releases.2326.relatedProcesses.0,0.releases.2326,0,P000002/2025/2026/6400003002,planning,Purchase of Hospital staff Uniform,ocid,ocds-ozzobm-P000002/2025/2026/6400003002
0.releases.2327.relatedProcesses.0,0.releases.2327,0,P000043/2025/2026/1808000000,planning,Implimentation of Nzove 3 water treatment plant upgrade,ocid,ocds-ozzobm-P000043/2025/2026/1808000000
0.releases.2328.relatedProcesses.0,0.releases.2328,0,P000043/2025/2026/1808000000,planning,Implimentation of Nzove 3 water treatment plant upgrade,ocid,ocds-ozzobm-P000043/2025/2026/1808000000
0.releases.2329.relatedProcesses.0,0.releases.2329,0,P000035/2025/2026/5700000000,planning,Supply of cows,ocid,ocds-ozzobm-P000035/2025/2026/5700000000
0.releases.2330.relatedProcesses.0,0.releases.2330,0,P000048/2025/2026/5700000000,planning,Supply of food and materials for transit center,ocid,ocds-ozzobm-P000048/2025/2026/5700000000
0.releases.2331.relatedProcesses.0,0.releases.2331,0,P000021/2025/2026/2901000000,planning,"on boarding of an external auditing firm for an annual audit of Ireme Invest funded projects (DANIDA funds) for year ended December 31st, 2025",ocid,ocds-ozzobm-P000021/2025/2026/2901000000
0.releases.2332.relatedProcesses.0,0.releases.2332,0,P000008/2024/2025/4000003001,planning,Maintenance of Kibungo referral Hospital Vehicules   and Generator,ocid,ocds-ozzobm-P000008/2024/2025/4000003001
0.releases.2333.relatedProcesses.0,0.releases.2333,0,P000020/2023/2024/5700000000,planning,Provision of cleaning services,ocid,ocds-ozzobm-P000020/2023/2024/5700000000
0.releases.2334.relatedProcesses.0,0.releases.2334,0,P000097/2025/2026/0702000000,planning,Acquisition of hygienic Materials for RCS Training School,ocid,ocds-ozzobm-P000097/2025/2026/0702000000
0.releases.2335.relatedProcesses.0,0.releases.2335,0,P000078/2024/2025/0901001015,planning,Hiring a service provider for mechanization services,ocid,ocds-ozzobm-P000078/2024/2025/0901001015
0.releases.2336.relatedProcesses.0,0.releases.2336,0,P000092/2025/2026/0702000000,planning,Acquisition  of tea break required for the RCS staff,ocid,ocds-ozzobm-P000092/2025/2026/0702000000
0.releases.2337.relatedProcesses.0,0.releases.2337,0,P000037/2024/2025/2605000000,planning,"Supply of plastic child friendly hand washing facilities to Households with under 2 years children, pregnant women and home Based ECD",ocid,ocds-ozzobm-P000037/2024/2025/2605000000
0.releases.2338.relatedProcesses.0,0.releases.2338,0,P000022/2025/2026/4500000000,planning,Supply of special need education equipment in schools,ocid,ocds-ozzobm-P000022/2025/2026/4500000000
0.releases.2339.relatedProcesses.0,0.releases.2339,0,P000036/2024/2025/2605000000,planning,"Supply of plastic toilet sanitation facilities to Households with under 2 years children, pregnant women and Home based ECD",ocid,ocds-ozzobm-P000036/2024/2025/2605000000
0.releases.2340.relatedProcesses.0,0.releases.2340,0,P000035/2024/2025/2605000000,planning,"Supply of ceramic water filters to households with under 2 years children and pregnant women, to community based ECD facilities and Home based ECD",ocid,ocds-ozzobm-P000035/2024/2025/2605000000
0.releases.2341.relatedProcesses.0,0.releases.2341,0,P000044/2025/2026/4500000000,planning,Construction of Krambo cell in Kiyombe Sector,ocid,ocds-ozzobm-P000044/2025/2026/4500000000
0.releases.2342.relatedProcesses.0,0.releases.2342,0,P000049/2020/2021/1419000000,planning,Upgrading teaching & learning at Rwanda Polytechnic on integrated package (facilities & ICT-enabled pedagogy),ocid,ocds-ozzobm-P000049/2020/2021/1419000000
0.releases.2343.relatedProcesses.0,0.releases.2343,0,P000049/2020/2021/1419000000,planning,Upgrading teaching & learning at Rwanda Polytechnic on integrated package (facilities & ICT-enabled pedagogy),ocid,ocds-ozzobm-P000049/2020/2021/1419000000
0.releases.2344.relatedProcesses.0,0.releases.2344,0,P000002/2025/2026/4200000000,planning,Installation of 2 Solar powered irrigation systems on consolidated land cultivated by Amizero and COPUCUMA farmer cooperatives supporting year round crop production,ocid,ocds-ozzobm-P000002/2025/2026/4200000000
0.releases.2345.relatedProcesses.0,0.releases.2345,0,P000039/2024/2025/2605000000,planning,Provision of wheel chairs and crutches for children under 6 years,ocid,ocds-ozzobm-P000039/2024/2025/2605000000
0.releases.2346.relatedProcesses.0,0.releases.2346,0,P000047/2025/2026/0901000000,planning,Supply and installation of spare parts for the liquid nitrogen plant,ocid,ocds-ozzobm-P000047/2025/2026/0901000000
0.releases.2347.relatedProcesses.0,0.releases.2347,0,P000015/2025/2026/1400000000,planning,Supply of furniture  at Ntare Louisenlund School,ocid,ocds-ozzobm-P000015/2025/2026/1400000000
0.releases.2348.relatedProcesses.0,0.releases.2348,0,P000103/2025/2026/7000000000,planning,Provision of Sports Services to the CoK staff,ocid,ocds-ozzobm-P000103/2025/2026/7000000000
0.releases.2349.relatedProcesses.0,0.releases.2349,0,P000026/2025/2026/0901000000,planning,Supply of four (4) electrical shearing machines with one motor power plant (for sheep),ocid,ocds-ozzobm-P000026/2025/2026/0901000000
0.releases.2350.relatedProcesses.0,0.releases.2350,0,P000095/2025/2026/0702000000,planning,Acquisition of foodstuff for trainees and trainers at RCS training school,ocid,ocds-ozzobm-P000095/2025/2026/0702000000
0.releases.2351.relatedProcesses.0,0.releases.2351,0,P000051/2025/2026/5400000000,planning,"Annual Framework Tender for Support to Animal artificial insemination, vaccination campaign and other veterinary services through Veterinary Sanitary Mandate",ocid,ocds-ozzobm-P000051/2025/2026/5400000000
0.releases.2352.relatedProcesses.0,0.releases.2352,0,P000002/2025/2026/4200000000,planning,Installation of 2 Solar powered irrigation systems on consolidated land cultivated by Amizero and COPUCUMA farmer cooperatives supporting year round crop production,ocid,ocds-ozzobm-P000002/2025/2026/4200000000
0.releases.2353.relatedProcesses.0,0.releases.2353,0,P000081/2025/2026/5600000000,planning,Tender for management of Rugerero Cemetery,ocid,ocds-ozzobm-P000081/2025/2026/5600000000
0.releases.2354.relatedProcesses.0,0.releases.2354,0,P000081/2025/2026/5600000000,planning,Tender for management of Rugerero Cemetery,ocid,ocds-ozzobm-P000081/2025/2026/5600000000
0.releases.2355.relatedProcesses.0,0.releases.2355,0,P000043/2025/2026/1808000000,planning,Implimentation of Nzove 3 water treatment plant upgrade,ocid,ocds-ozzobm-P000043/2025/2026/1808000000
0.releases.2356.relatedProcesses.0,0.releases.2356,0,P000043/2025/2026/1808000000,planning,Implimentation of Nzove 3 water treatment plant upgrade,ocid,ocds-ozzobm-P000043/2025/2026/1808000000
0.releases.2357.relatedProcesses.0,0.releases.2357,0,P000043/2025/2026/1808000000,planning,Implimentation of Nzove 3 water treatment plant upgrade,ocid,ocds-ozzobm-P000043/2025/2026/1808000000
0.releases.2358.relatedProcesses.0,0.releases.2358,0,P000043/2025/2026/1808000000,planning,Implimentation of Nzove 3 water treatment plant upgrade,ocid,ocds-ozzobm-P000043/2025/2026/1808000000
0.releases.2359.relatedProcesses.0,0.releases.2359,0,P000043/2025/2026/1808000000,planning,Implimentation of Nzove 3 water treatment plant upgrade,ocid,ocds-ozzobm-P000043/2025/2026/1808000000
0.releases.2360.relatedProcesses.0,0.releases.2360,0,P000003/2025/2026/6600000000,planning,Supply of Girinka Package,ocid,ocds-ozzobm-P000003/2025/2026/6600000000
0.releases.2361.relatedProcesses.0,0.releases.2361,0,P000003/2025/2026/6600000000,planning,Supply of Girinka Package,ocid,ocds-ozzobm-P000003/2025/2026/6600000000
0.releases.2362.relatedProcesses.0,0.releases.2362,0,P000043/2025/2026/1808000000,planning,Implimentation of Nzove 3 water treatment plant upgrade,ocid,ocds-ozzobm-P000043/2025/2026/1808000000
0.releases.2363.relatedProcesses.0,0.releases.2363,0,P000043/2025/2026/1808000000,planning,Implimentation of Nzove 3 water treatment plant upgrade,ocid,ocds-ozzobm-P000043/2025/2026/1808000000
0.releases.2364.relatedProcesses.0,0.releases.2364,0,P000043/2025/2026/1808000000,planning,Implimentation of Nzove 3 water treatment plant upgrade,ocid,ocds-ozzobm-P000043/2025/2026/1808000000
0.releases.2365.relatedProcesses.0,0.releases.2365,0,P000026/2025/2026/2300000000,planning,Tender for the  Airtime and space in different media platforms,ocid,ocds-ozzobm-P000026/2025/2026/2300000000
0.releases.2366.relatedProcesses.0,0.releases.2366,0,P000002/2025/2026/6400003002,planning,Purchase of Hospital staff Uniform,ocid,ocds-ozzobm-P000002/2025/2026/6400003002
0.releases.2367.relatedProcesses.0,0.releases.2367,0,P000026/2025/2026/2300000000,planning,Tender for the  Airtime and space in different media platforms,ocid,ocds-ozzobm-P000026/2025/2026/2300000000
0.releases.2368.relatedProcesses.0,0.releases.2368,0,P000043/2025/2026/1808000000,planning,Implimentation of Nzove 3 water treatment plant upgrade,ocid,ocds-ozzobm-P000043/2025/2026/1808000000
0.releases.2369.relatedProcesses.0,0.releases.2369,0,P000043/2025/2026/1808000000,planning,Implimentation of Nzove 3 water treatment plant upgrade,ocid,ocds-ozzobm-P000043/2025/2026/1808000000
0.releases.2370.relatedProcesses.0,0.releases.2370,0,P000002/2025/2026/6400003002,planning,Purchase of Hospital staff Uniform,ocid,ocds-ozzobm-P000002/2025/2026/6400003002
0.releases.2371.relatedProcesses.0,0.releases.2371,0,P000002/2025/2026/6400003002,planning,Purchase of Hospital staff Uniform,ocid,ocds-ozzobm-P000002/2025/2026/6400003002
0.releases.2372.relatedProcesses.0,0.releases.2372,0,P000040/2025/2026/4400000000,planning,Provide vaccination and insemination related activities,ocid,ocds-ozzobm-P000040/2025/2026/4400000000
0.releases.2373.relatedProcesses.0,0.releases.2373,0,P000013/2025/2026/1808000000,planning,Rehabilitation of non-functional rural water supply systems in Kamonyi and Muhanga Districts,ocid,ocds-ozzobm-P000013/2025/2026/1808000000
0.releases.2374.relatedProcesses.0,0.releases.2374,0,P000043/2025/2026/1808000000,planning,Implimentation of Nzove 3 water treatment plant upgrade,ocid,ocds-ozzobm-P000043/2025/2026/1808000000
0.releases.2375.relatedProcesses.0,0.releases.2375,0,P000036/2025/2026/2900000000,planning,Supply of tyres for the Ministry of Environment vehicles,ocid,ocds-ozzobm-P000036/2025/2026/2900000000
0.releases.2376.relatedProcesses.0,0.releases.2376,0,P000036/2025/2026/2900000000,planning,Supply of tyres for the Ministry of Environment vehicles,ocid,ocds-ozzobm-P000036/2025/2026/2900000000
0.releases.2377.relatedProcesses.0,0.releases.2377,0,P000005/2025/2026/2500000000,planning,Supply of relief items,ocid,ocds-ozzobm-P000005/2025/2026/2500000000
0.releases.2378.relatedProcesses.0,0.releases.2378,0,P000022/2025/2026/2500001000,planning,Provision of Water Sanitation and Hygiene (WASH) facility rental services for Emergency Response,ocid,ocds-ozzobm-P000022/2025/2026/2500001000
0.releases.2379.relatedProcesses.0,0.releases.2379,0,P000088/2024/2025/5300000000,planning,Provision of insurance services for District assets,ocid,ocds-ozzobm-P000088/2024/2025/5300000000
0.releases.2380.relatedProcesses.0,0.releases.2380,0,P000006/2023/2024/1903000000,planning,Framework Agreement to Provide Home Broadband Solutions to Public Servants,ocid,ocds-ozzobm-P000006/2023/2024/1903000000
0.releases.2381.relatedProcesses.0,0.releases.2381,0,P000006/2023/2024/1903000000,planning,Framework Agreement to Provide Home Broadband Solutions to Public Servants,ocid,ocds-ozzobm-P000006/2023/2024/1903000000
0.releases.2382.relatedProcesses.0,0.releases.2382,0,P000006/2023/2024/1903000000,planning,Framework Agreement to Provide Home Broadband Solutions to Public Servants,ocid,ocds-ozzobm-P000006/2023/2024/1903000000
0.releases.2383.relatedProcesses.0,0.releases.2383,0,P000006/2023/2024/1903000000,planning,Framework Agreement to Provide Home Broadband Solutions to Public Servants,ocid,ocds-ozzobm-P000006/2023/2024/1903000000
0.releases.2384.relatedProcesses.0,0.releases.2384,0,P000107/2025/2026/2315000000,planning,Hiring audiovisual equipment and services,ocid,ocds-ozzobm-P000107/2025/2026/2315000000
0.releases.2385.relatedProcesses.0,0.releases.2385,0,P000107/2025/2026/2315000000,planning,Hiring audiovisual equipment and services,ocid,ocds-ozzobm-P000107/2025/2026/2315000000
0.releases.2386.relatedProcesses.0,0.releases.2386,0,P000003/2024/2025/6300000000,planning,"Construction of the food court/Park project, focusing on green building initiatives and environmental",ocid,ocds-ozzobm-P000003/2024/2025/6300000000
0.releases.2387.relatedProcesses.0,0.releases.2387,0,P000185/2025/2026/1203000000,planning,Provision of full Communication consultacy services to RRA (Framework Contract),ocid,ocds-ozzobm-P000185/2025/2026/1203000000
0.releases.2388.relatedProcesses.0,0.releases.2388,0,P000185/2025/2026/1203000000,planning,Provision of full Communication consultacy services to RRA (Framework Contract),ocid,ocds-ozzobm-P000185/2025/2026/1203000000
0.releases.2389.relatedProcesses.0,0.releases.2389,0,P000054/2025/2026/5900000000,planning,Re-advertising of Hotels Sourcing services during twelve months (2LOTS),ocid,ocds-ozzobm-P000054/2025/2026/5900000000
0.releases.2390.relatedProcesses.0,0.releases.2390,0,P000054/2025/2026/5900000000,planning,Re-advertising of Hotels Sourcing services during twelve months (2LOTS),ocid,ocds-ozzobm-P000054/2025/2026/5900000000
0.releases.2391.relatedProcesses.0,0.releases.2391,0,P000029/2025/2026/1204000000,planning,Tender for acquisition of office furniture and other equipment,ocid,ocds-ozzobm-P000029/2025/2026/1204000000
0.releases.2392.relatedProcesses.0,0.releases.2392,0,P000029/2025/2026/1204000000,planning,Tender for acquisition of office furniture and other equipment,ocid,ocds-ozzobm-P000029/2025/2026/1204000000
0.releases.2393.relatedProcesses.0,0.releases.2393,0,P000009/2025/2026/2700000000,planning,Provision of decoration services.,ocid,ocds-ozzobm-P000009/2025/2026/2700000000
0.releases.2394.relatedProcesses.0,0.releases.2394,0,P000039/2025/2026/4000000000,planning,"SERVICE FOR DECORATION AND HIRING OF TENTS,CHAIRS, SONORISATION, GENERATOR FOR DISTRICT CEREMONY",ocid,ocds-ozzobm-P000039/2025/2026/4000000000
0.releases.2395.relatedProcesses.0,0.releases.2395,0,P000011/2025/2026/6200000000,planning,Rehabilitate Gaseke-Muyanza chipseal road (9.4km) by construction of bridges in Phase II in Gicumbi District,ocid,ocds-ozzobm-P000011/2025/2026/6200000000
0.releases.2396.relatedProcesses.0,0.releases.2396,0,P000130/2024/2025/1200001000,planning,"Recruitment of a Consultant to manage IIA Rwanda IIA Rwanda Business development, trainings and events Programs",ocid,ocds-ozzobm-P000130/2024/2025/1200001000
0.releases.2397.relatedProcesses.0,0.releases.2397,0,P000013/2025/2026/1001000000,planning,Supply of uniforms for RSB personnel under framework contract,ocid,ocds-ozzobm-P000013/2025/2026/1001000000
0.releases.2398.relatedProcesses.0,0.releases.2398,0,P000042/2025/2026/6200000000,planning,Providing cleaning service for Gicumbi District,ocid,ocds-ozzobm-P000042/2025/2026/6200000000
0.releases.2399.relatedProcesses.0,0.releases.2399,0,P000073/2024/2025/4300000000,planning,Construction of Selling point at Matinza in Rwinkwavu Sector,ocid,ocds-ozzobm-P000073/2024/2025/4300000000
0.releases.2400.relatedProcesses.0,0.releases.2400,0,P000006/2023/2024/5900003001,planning,Supply of office stationeries,ocid,ocds-ozzobm-P000006/2023/2024/5900003001
0.releases.2401.relatedProcesses.0,0.releases.2401,0,P000088/2024/2025/5300000000,planning,Provision of insurance services for District assets,ocid,ocds-ozzobm-P000088/2024/2025/5300000000
0.releases.2402.relatedProcesses.0,0.releases.2402,0,P000012/2024/2025/0902000000,planning,"Tender for framework contract for hiring Public Relations, Marketing and Communication services",ocid,ocds-ozzobm-P000012/2024/2025/0902000000
0.releases.2403.relatedProcesses.0,0.releases.2403,0,P000012/2025/2026/8300000000,planning,Framework tender for Maintenance and Upgrade of the SAP S4 HANA System,ocid,ocds-ozzobm-P000012/2025/2026/8300000000
0.releases.2404.relatedProcesses.0,0.releases.2404,0,P000031/2023/2024/5400000000,planning,Tender for upgrading of Rasano Health post,ocid,ocds-ozzobm-P000031/2023/2024/5400000000
0.releases.2405.relatedProcesses.0,0.releases.2405,0,P000002/2025/2026/6400003002,planning,Purchase of Hospital staff Uniform,ocid,ocds-ozzobm-P000002/2025/2026/6400003002
0.releases.2406.relatedProcesses.0,0.releases.2406,0,P000012/2024/2025/5400001000,planning,Tender of maintenance and Repair non medical equipments,ocid,ocds-ozzobm-P000012/2024/2025/5400001000
0.releases.2407.relatedProcesses.0,0.releases.2407,0,P000047/2025/2026/1417000000,planning,"Supply and installation of Laboratory Equipment (light cycler, Nanodrop, thermocycler) for MSc and PhD in Biotechnology",ocid,ocds-ozzobm-P000047/2025/2026/1417000000
0.releases.2408.relatedProcesses.0,0.releases.2408,0,P000018/2025/2026/2000000000,planning,Tender for acquisition of orthopedic office chairs,ocid,ocds-ozzobm-P000018/2025/2026/2000000000
0.releases.2409.relatedProcesses.0,0.releases.2409,0,P000092/2025/2026/0702000000,planning,Acquisition  of tea break required for the RCS staff,ocid,ocds-ozzobm-P000092/2025/2026/0702000000
0.releases.2410.relatedProcesses.0,0.releases.2410,0,P000039/2025/2026/1204000000,planning,Tender for maintenance of RPPA offices,ocid,ocds-ozzobm-P000039/2025/2026/1204000000
0.releases.2411.relatedProcesses.0,0.releases.2411,0,P000039/2025/2026/1204000000,planning,Tender for maintenance of RPPA offices,ocid,ocds-ozzobm-P000039/2025/2026/1204000000
0.releases.2412.relatedProcesses.0,0.releases.2412,0,P000025/2025/2026/2000000000,planning,Framework tender for hiring of playgrounds for football and volley ball sport activities,ocid,ocds-ozzobm-P000025/2025/2026/2000000000
0.releases.2413.relatedProcesses.0,0.releases.2413,0,P000025/2025/2026/2000000000,planning,Framework tender for hiring of playgrounds for football and volley ball sport activities,ocid,ocds-ozzobm-P000025/2025/2026/2000000000
0.releases.2414.relatedProcesses.0,0.releases.2414,0,P000012/2025/2026/6200000000,planning,Supevision  Rehabilitate Gaseke-Muyanza chipseal road (9.4km) by construction of bridges in Phase II in Gicumbi District,ocid,ocds-ozzobm-P000012/2025/2026/6200000000
0.releases.2415.relatedProcesses.0,0.releases.2415,0,P000029/2025/2026/1204000000,planning,Tender for acquisition of office furniture and other equipment,ocid,ocds-ozzobm-P000029/2025/2026/1204000000
0.releases.2416.relatedProcesses.0,0.releases.2416,0,P000001/2025/2026/2313000000,planning,Supply of office stationaries and consumables,ocid,ocds-ozzobm-P000001/2025/2026/2313000000
0.releases.2417.relatedProcesses.0,0.releases.2417,0,P000103/2025/2026/7000000000,planning,Provision of Sports Services to the CoK staff,ocid,ocds-ozzobm-P000103/2025/2026/7000000000
0.releases.2418.relatedProcesses.0,0.releases.2418,0,P000018/2025/2026/2000000000,planning,Tender for acquisition of orthopedic office chairs,ocid,ocds-ozzobm-P000018/2025/2026/2000000000
0.releases.2419.relatedProcesses.0,0.releases.2419,0,P000025/2025/2026/2000000000,planning,Framework tender for hiring of playgrounds for football and volley ball sport activities,ocid,ocds-ozzobm-P000025/2025/2026/2000000000
0.releases.2420.relatedProcesses.0,0.releases.2420,0,P000069/2025/2026/6500000000,planning,valuation of Real properties during 12Months renewable twice,ocid,ocds-ozzobm-P000069/2025/2026/6500000000
0.releases.2421.relatedProcesses.0,0.releases.2421,0,P000069/2025/2026/6500000000,planning,valuation of Real properties during 12Months renewable twice,ocid,ocds-ozzobm-P000069/2025/2026/6500000000
0.releases.2422.relatedProcesses.0,0.releases.2422,0,P000069/2025/2026/6500000000,planning,valuation of Real properties during 12Months renewable twice,ocid,ocds-ozzobm-P000069/2025/2026/6500000000
0.releases.2423.relatedProcesses.0,0.releases.2423,0,P000061/2025/2026/1305000000,planning,Provision of Comprehensive Maintenance Services (Preventive and Curative) for Biology Equipment,ocid,ocds-ozzobm-P000061/2025/2026/1305000000
0.releases.2424.relatedProcesses.0,0.releases.2424,0,P000061/2025/2026/1305000000,planning,Provision of Comprehensive Maintenance Services (Preventive and Curative) for Biology Equipment,ocid,ocds-ozzobm-P000061/2025/2026/1305000000
0.releases.2425.relatedProcesses.0,0.releases.2425,0,P000067/2025/2026/5900000000,planning,Purchase and Supply of lime (grade 1)/ha,ocid,ocds-ozzobm-P000067/2025/2026/5900000000
0.releases.2426.relatedProcesses.0,0.releases.2426,0,P000067/2025/2026/5900000000,planning,Purchase and Supply of lime (grade 1)/ha,ocid,ocds-ozzobm-P000067/2025/2026/5900000000
0.releases.2427.relatedProcesses.0,0.releases.2427,0,P000056/2025/2026/0902000000,planning,Tender for Supply of five generators at NPC and LPCs,ocid,ocds-ozzobm-P000056/2025/2026/0902000000
0.releases.2428.relatedProcesses.0,0.releases.2428,0,P000072/2025/2026/0300000000,planning,Acquisition of Sport  Facilities for  the Parliament of Rwanda,ocid,ocds-ozzobm-P000072/2025/2026/0300000000
0.releases.2429.relatedProcesses.0,0.releases.2429,0,P000040/2025/2026/4400000000,planning,Provide vaccination and insemination related activities,ocid,ocds-ozzobm-P000040/2025/2026/4400000000
0.releases.2430.relatedProcesses.0,0.releases.2430,0,P000068/2025/2026/5900000000,planning,Purchase and Supply of compost/ha,ocid,ocds-ozzobm-P000068/2025/2026/5900000000
0.releases.2431.relatedProcesses.0,0.releases.2431,0,P000068/2025/2026/5900000000,planning,Purchase and Supply of compost/ha,ocid,ocds-ozzobm-P000068/2025/2026/5900000000
0.releases.2432.relatedProcesses.0,0.releases.2432,0,P000012/2025/2026/8300000000,planning,Framework tender for Maintenance and Upgrade of the SAP S4 HANA System,ocid,ocds-ozzobm-P000012/2025/2026/8300000000
0.releases.2433.relatedProcesses.0,0.releases.2433,0,P000037/2025/2026/4000000000,planning,SERVICE OF TRANSPORT (VEHICULE AND MOTOS) IN NGOMA DISTRICT,ocid,ocds-ozzobm-P000037/2025/2026/4000000000
0.releases.2434.relatedProcesses.0,0.releases.2434,0,P000037/2025/2026/4000000000,planning,SERVICE OF TRANSPORT (VEHICULE AND MOTOS) IN NGOMA DISTRICT,ocid,ocds-ozzobm-P000037/2025/2026/4000000000
0.releases.2435.relatedProcesses.0,0.releases.2435,0,P000118/2025/2026/5900000000,planning,"Seedlings preparation, planting and maintenance agroforestry (Grivelia,Caliandra lecena and Native species)",ocid,ocds-ozzobm-P000118/2025/2026/5900000000
0.releases.2436.relatedProcesses.0,0.releases.2436,0,P000118/2025/2026/5900000000,planning,"Seedlings preparation, planting and maintenance agroforestry (Grivelia,Caliandra lecena and Native species)",ocid,ocds-ozzobm-P000118/2025/2026/5900000000
0.releases.2437.relatedProcesses.0,0.releases.2437,0,P000120/2025/2026/5900000000,planning,Supply of improved seeds(beans),ocid,ocds-ozzobm-P000120/2025/2026/5900000000
0.releases.2438.relatedProcesses.0,0.releases.2438,0,P000120/2025/2026/5900000000,planning,Supply of improved seeds(beans),ocid,ocds-ozzobm-P000120/2025/2026/5900000000
0.releases.2439.relatedProcesses.0,0.releases.2439,0,P000023/2023/2024/0112000000,planning,"Supply, installation and development of Smart Agriculture Application for Geospatial  Hub",ocid,ocds-ozzobm-P000023/2023/2024/0112000000
0.releases.2440.relatedProcesses.0,0.releases.2440,0,P000024/2023/2024/0112000000,planning,"Supply, installation and development of forestry application for Geospatial Hub",ocid,ocds-ozzobm-P000024/2023/2024/0112000000
0.releases.2441.relatedProcesses.0,0.releases.2441,0,P000001/2025/2026/2313000000,planning,Supply of office stationaries and consumables,ocid,ocds-ozzobm-P000001/2025/2026/2313000000
0.releases.2442.relatedProcesses.0,0.releases.2442,0,P000011/2025/2026/6200000000,planning,Rehabilitate Gaseke-Muyanza chipseal road (9.4km) by construction of bridges in Phase II in Gicumbi District,ocid,ocds-ozzobm-P000011/2025/2026/6200000000
0.releases.2443.relatedProcesses.0,0.releases.2443,0,P000050/2025/2026/2305000000,planning,Hiring floating Engineer to give technical supports to RUDP II Phase 4,ocid,ocds-ozzobm-P000050/2025/2026/2305000000
0.releases.2444.relatedProcesses.0,0.releases.2444,0,P000050/2025/2026/2305000000,planning,Hiring floating Engineer to give technical supports to RUDP II Phase 4,ocid,ocds-ozzobm-P000050/2025/2026/2305000000
0.releases.2445.relatedProcesses.0,0.releases.2445,0,P000004/2025/2026/4800003001,planning,Provision of Communication Services and CUG,ocid,ocds-ozzobm-P000004/2025/2026/4800003001
0.releases.2446.relatedProcesses.0,0.releases.2446,0,P000107/2025/2026/2315000000,planning,Hiring audiovisual equipment and services,ocid,ocds-ozzobm-P000107/2025/2026/2315000000
0.releases.2447.relatedProcesses.0,0.releases.2447,0,P000119/2025/2026/5900000000,planning,"Supply,planting and maintenance grasses(pennisetum porpoleum(urubingo) for new and existing Radical terraces and progressive terraces",ocid,ocds-ozzobm-P000119/2025/2026/5900000000
0.releases.2448.relatedProcesses.0,0.releases.2448,0,P000119/2025/2026/5900000000,planning,"Supply,planting and maintenance grasses(pennisetum porpoleum(urubingo) for new and existing Radical terraces and progressive terraces",ocid,ocds-ozzobm-P000119/2025/2026/5900000000
0.releases.2449.relatedProcesses.0,0.releases.2449,0,P000116/2025/2026/5900000000,planning,"Riverbank protection with bamboo, Native tree species and shrubs with maintenance",ocid,ocds-ozzobm-P000116/2025/2026/5900000000
0.releases.2450.relatedProcesses.0,0.releases.2450,0,P000116/2025/2026/5900000000,planning,"Riverbank protection with bamboo, Native tree species and shrubs with maintenance",ocid,ocds-ozzobm-P000116/2025/2026/5900000000
0.releases.2451.relatedProcesses.0,0.releases.2451,0,P000004/2025/2026/4800003001,planning,Provision of Communication Services and CUG,ocid,ocds-ozzobm-P000004/2025/2026/4800003001
0.releases.2452.relatedProcesses.0,0.releases.2452,0,P000117/2025/2026/5900000000,planning,"Seedlings preparation, planting Fruit trees (9/hh with 3 different grafted species) with maintenance",ocid,ocds-ozzobm-P000117/2025/2026/5900000000
0.releases.2453.relatedProcesses.0,0.releases.2453,0,P000117/2025/2026/5900000000,planning,"Seedlings preparation, planting Fruit trees (9/hh with 3 different grafted species) with maintenance",ocid,ocds-ozzobm-P000117/2025/2026/5900000000
0.releases.2454.relatedProcesses.0,0.releases.2454,0,P000019/2025/2026/0901000000,planning,Supply of Anaplasmosis vaccine,ocid,ocds-ozzobm-P000019/2025/2026/0901000000
0.releases.2455.relatedProcesses.0,0.releases.2455,0,P000022/2025/2026/0901000000,planning,Supply of Laboratory equipment and consumables for food safety in food processing research,ocid,ocds-ozzobm-P000022/2025/2026/0901000000
0.releases.2456.relatedProcesses.0,0.releases.2456,0,P000054/2025/2026/5900000000,planning,Re-advertising of Hotels Sourcing services during twelve months (2LOTS),ocid,ocds-ozzobm-P000054/2025/2026/5900000000
0.releases.2457.relatedProcesses.0,0.releases.2457,0,P000082/2025/2026/5600000000,planning,Tender for supply of construction materials of cells office,ocid,ocds-ozzobm-P000082/2025/2026/5600000000
0.releases.2458.relatedProcesses.0,0.releases.2458,0,P000047/2025/2026/1417000000,planning,"Supply and installation of Laboratory Equipment (light cycler, Nanodrop, thermocycler) for MSc and PhD in Biotechnology",ocid,ocds-ozzobm-P000047/2025/2026/1417000000
0.releases.2459.relatedProcesses.0,0.releases.2459,0,P000075/2025/2026/5900000000,planning,Supply and installation of plastic water tank of 10m3 and 3m3 capacity,ocid,ocds-ozzobm-P000075/2025/2026/5900000000
0.releases.2460.relatedProcesses.0,0.releases.2460,0,P000075/2025/2026/5900000000,planning,Supply and installation of plastic water tank of 10m3 and 3m3 capacity,ocid,ocds-ozzobm-P000075/2025/2026/5900000000
0.releases.2461.relatedProcesses.0,0.releases.2461,0,P000010/2024/2025/1412004000,planning,Supply of Mechanical and Welding Consumables to IPRC Huye under framework Contract,ocid,ocds-ozzobm-P000010/2024/2025/1412004000
0.releases.2462.relatedProcesses.0,0.releases.2462,0,P000082/2025/2026/5600000000,planning,Tender for supply of construction materials of cells office,ocid,ocds-ozzobm-P000082/2025/2026/5600000000
0.releases.2463.relatedProcesses.0,0.releases.2463,0,P000081/2025/2026/5600000000,planning,Tender for management of Rugerero Cemetery,ocid,ocds-ozzobm-P000081/2025/2026/5600000000
0.releases.2464.relatedProcesses.0,0.releases.2464,0,P000097/2024/2025/4800000000,planning,Protection of radical terraces by grasses(Ha),ocid,ocds-ozzobm-P000097/2024/2025/4800000000
0.releases.2465.relatedProcesses.0,0.releases.2465,0,P000084/2025/2026/0901000000,planning,Supply of stationery,ocid,ocds-ozzobm-P000084/2025/2026/0901000000
0.releases.2466.relatedProcesses.0,0.releases.2466,0,P000011/2025/2026/5000003003,planning,Supply of Laundry materials,ocid,ocds-ozzobm-P000011/2025/2026/5000003003
0.releases.2467.relatedProcesses.0,0.releases.2467,0,P000068/2025/2026/5900000000,planning,Purchase and Supply of compost/ha,ocid,ocds-ozzobm-P000068/2025/2026/5900000000
0.releases.2468.relatedProcesses.0,0.releases.2468,0,P000120/2025/2026/5900000000,planning,Supply of improved seeds(beans),ocid,ocds-ozzobm-P000120/2025/2026/5900000000
0.releases.2469.relatedProcesses.0,0.releases.2469,0,P000067/2025/2026/5900000000,planning,Purchase and Supply of lime (grade 1)/ha,ocid,ocds-ozzobm-P000067/2025/2026/5900000000
0.releases.2470.relatedProcesses.0,0.releases.2470,0,P000006/2025/2026/6500003002,planning,Supply of Smart water tank,ocid,ocds-ozzobm-P000006/2025/2026/6500003002
0.releases.2471.relatedProcesses.0,0.releases.2471,0,P000118/2025/2026/5900000000,planning,"Seedlings preparation, planting and maintenance agroforestry (Grivelia,Caliandra lecena and Native species)",ocid,ocds-ozzobm-P000118/2025/2026/5900000000
0.releases.2472.relatedProcesses.0,0.releases.2472,0,P000117/2025/2026/5900000000,planning,"Seedlings preparation, planting Fruit trees (9/hh with 3 different grafted species) with maintenance",ocid,ocds-ozzobm-P000117/2025/2026/5900000000
0.releases.2473.relatedProcesses.0,0.releases.2473,0,P000116/2025/2026/5900000000,planning,"Riverbank protection with bamboo, Native tree species and shrubs with maintenance",ocid,ocds-ozzobm-P000116/2025/2026/5900000000
0.releases.2474.relatedProcesses.0,0.releases.2474,0,P000119/2025/2026/5900000000,planning,"Supply,planting and maintenance grasses(pennisetum porpoleum(urubingo) for new and existing Radical terraces and progressive terraces",ocid,ocds-ozzobm-P000119/2025/2026/5900000000
0.releases.2475.relatedProcesses.0,0.releases.2475,0,P000056/2025/2026/6200000000,planning,supply materials for construction of eleven new classrooms in Gicumbi District,ocid,ocds-ozzobm-P000056/2025/2026/6200000000
0.releases.2476.relatedProcesses.0,0.releases.2476,0,P000076/2025/2026/5500000000,planning,SupervisionWorks for Construction of 20 classrooms and 72 Latrines,ocid,ocds-ozzobm-P000076/2025/2026/5500000000
0.releases.2477.relatedProcesses.0,0.releases.2477,0,P000076/2025/2026/5500000000,planning,SupervisionWorks for Construction of 20 classrooms and 72 Latrines,ocid,ocds-ozzobm-P000076/2025/2026/5500000000
0.releases.2478.relatedProcesses.0,0.releases.2478,0,P000051/2025/2026/5400000000,planning,"Annual Framework Tender for Support to Animal artificial insemination, vaccination campaign and other veterinary services through Veterinary Sanitary Mandate",ocid,ocds-ozzobm-P000051/2025/2026/5400000000
0.releases.2479.relatedProcesses.0,0.releases.2479,0,P000076/2025/2026/5500000000,planning,SupervisionWorks for Construction of 20 classrooms and 72 Latrines,ocid,ocds-ozzobm-P000076/2025/2026/5500000000
0.releases.2480.relatedProcesses.0,0.releases.2480,0,P000029/2025/2026/1204000000,planning,Tender for acquisition of office furniture and other equipment,ocid,ocds-ozzobm-P000029/2025/2026/1204000000
0.releases.2481.relatedProcesses.0,0.releases.2481,0,P000039/2025/2026/1204000000,planning,Tender for maintenance of RPPA offices,ocid,ocds-ozzobm-P000039/2025/2026/1204000000
0.releases.2482.relatedProcesses.0,0.releases.2482,0,P000042/2025/2026/6000000000,planning,Framework tender for Hotel Services for Rutsiro District Staff and visitors out of District,ocid,ocds-ozzobm-P000042/2025/2026/6000000000
0.releases.2483.relatedProcesses.0,0.releases.2483,0,P000042/2025/2026/6000000000,planning,Framework tender for Hotel Services for Rutsiro District Staff and visitors out of District,ocid,ocds-ozzobm-P000042/2025/2026/6000000000
0.releases.2484.relatedProcesses.0,0.releases.2484,0,P000023/2023/2024/0112000000,planning,"Supply, installation and development of Smart Agriculture Application for Geospatial  Hub",ocid,ocds-ozzobm-P000023/2023/2024/0112000000
0.releases.2485.relatedProcesses.0,0.releases.2485,0,P000061/2025/2026/1305000000,planning,Provision of Comprehensive Maintenance Services (Preventive and Curative) for Biology Equipment,ocid,ocds-ozzobm-P000061/2025/2026/1305000000
0.releases.2486.relatedProcesses.0,0.releases.2486,0,P000024/2023/2024/0112000000,planning,"Supply, installation and development of forestry application for Geospatial Hub",ocid,ocds-ozzobm-P000024/2023/2024/0112000000
0.releases.2487.relatedProcesses.0,0.releases.2487,0,P000045/2024/2025/0901000000,planning,Supply of Spare part for general maintenance,ocid,ocds-ozzobm-P000045/2024/2025/0901000000
0.releases.2488.relatedProcesses.0,0.releases.2488,0,P000045/2024/2025/0901000000,planning,Supply of Spare part for general maintenance,ocid,ocds-ozzobm-P000045/2024/2025/0901000000
0.releases.2489.relatedProcesses.0,0.releases.2489,0,P000037/2025/2026/4000000000,planning,SERVICE OF TRANSPORT (VEHICULE AND MOTOS) IN NGOMA DISTRICT,ocid,ocds-ozzobm-P000037/2025/2026/4000000000
0.releases.2490.relatedProcesses.0,0.releases.2490,0,P000016/2025/2026/0701000000,planning,PROVISION OF ANNUAL AIRTIME SPACE ON TV & RADIOS FOR PUBLIC AWARENESS ON FRAMEWORK AGREEMENT,ocid,ocds-ozzobm-P000016/2025/2026/0701000000
0.releases.2491.relatedProcesses.0,0.releases.2491,0,P000002/2025/2026/6400003002,planning,Purchase of Hospital staff Uniform,ocid,ocds-ozzobm-P000002/2025/2026/6400003002
0.releases.2492.relatedProcesses.0,0.releases.2492,0,P000050/2025/2026/2305000000,planning,Hiring floating Engineer to give technical supports to RUDP II Phase 4,ocid,ocds-ozzobm-P000050/2025/2026/2305000000
0.releases.2493.relatedProcesses.0,0.releases.2493,0,P000050/2025/2026/2305000000,planning,Hiring floating Engineer to give technical supports to RUDP II Phase 4,ocid,ocds-ozzobm-P000050/2025/2026/2305000000
0.releases.2494.relatedProcesses.0,0.releases.2494,0,P000050/2025/2026/2305000000,planning,Hiring floating Engineer to give technical supports to RUDP II Phase 4,ocid,ocds-ozzobm-P000050/2025/2026/2305000000
0.releases.2495.relatedProcesses.0,0.releases.2495,0,P000032/2025/2026/1808000000,planning,Provision of Grobal Asset Insurance,ocid,ocds-ozzobm-P000032/2025/2026/1808000000
0.releases.2496.relatedProcesses.0,0.releases.2496,0,P000032/2025/2026/1808000000,planning,Provision of Grobal Asset Insurance,ocid,ocds-ozzobm-P000032/2025/2026/1808000000
0.releases.2497.relatedProcesses.0,0.releases.2497,0,P000032/2025/2026/1808000000,planning,Provision of Grobal Asset Insurance,ocid,ocds-ozzobm-P000032/2025/2026/1808000000
0.releases.2498.relatedProcesses.0,0.releases.2498,0,P000032/2025/2026/1808000000,planning,Provision of Grobal Asset Insurance,ocid,ocds-ozzobm-P000032/2025/2026/1808000000
0.releases.2499.relatedProcesses.0,0.releases.2499,0,P000028/2025/2026/2201000000,planning,Supply and installation of equipments in the chemicals and hazardous waste interim storage facility,ocid,ocds-ozzobm-P000028/2025/2026/2201000000
0.releases.2500.relatedProcesses.0,0.releases.2500,0,P000010/2024/2025/1412004000,planning,Supply of Mechanical and Welding Consumables to IPRC Huye under framework Contract,ocid,ocds-ozzobm-P000010/2024/2025/1412004000
0.releases.2501.relatedProcesses.0,0.releases.2501,0,P000117/2025/2026/5900000000,planning,"Seedlings preparation, planting Fruit trees (9/hh with 3 different grafted species) with maintenance",ocid,ocds-ozzobm-P000117/2025/2026/5900000000
0.releases.2502.relatedProcesses.0,0.releases.2502,0,P000036/2023/2024/1700000000,planning,"Provision of Hotels Services to NPPA  in Kigali City (Accommodation, Meeting Rooms, Outside Catering)",ocid,ocds-ozzobm-P000036/2023/2024/1700000000
0.releases.2503.relatedProcesses.0,0.releases.2503,0,P000012/2023/2024/1700000000,planning,Provision of Cleaning Service to PRIMARY LEVEL KICUKIRO (Nyarugunga),ocid,ocds-ozzobm-P000012/2023/2024/1700000000
0.releases.2504.relatedProcesses.0,0.releases.2504,0,P000084/2025/2026/0901000000,planning,Supply of stationery,ocid,ocds-ozzobm-P000084/2025/2026/0901000000
0.releases.2505.relatedProcesses.0,0.releases.2505,0,P000022/2025/2026/0901000000,planning,Supply of Laboratory equipment and consumables for food safety in food processing research,ocid,ocds-ozzobm-P000022/2025/2026/0901000000
0.releases.2506.relatedProcesses.0,0.releases.2506,0,P000019/2025/2026/0901000000,planning,Supply of Anaplasmosis vaccine,ocid,ocds-ozzobm-P000019/2025/2026/0901000000
0.releases.2507.relatedProcesses.0,0.releases.2507,0,P000014/2025/2026/0901000000,planning,Repair and maintenance of VITEK System for Rubirizi National Veterinary Laboratory,ocid,ocds-ozzobm-P000014/2025/2026/0901000000
0.releases.2508.relatedProcesses.0,0.releases.2508,0,P000002/2025/2026/0901000000,planning,Supply of grass-cutter machine,ocid,ocds-ozzobm-P000002/2025/2026/0901000000
0.releases.2509.relatedProcesses.0,0.releases.2509,0,P000015/2025/2026/2204000000,planning,"Annual cleaning , Gardening services for MeteoRwanda Buildings and Gardens of meteorological stations",ocid,ocds-ozzobm-P000015/2025/2026/2204000000
0.releases.2510.relatedProcesses.0,0.releases.2510,0,P000045/2024/2025/0901000000,planning,Supply of Spare part for general maintenance,ocid,ocds-ozzobm-P000045/2024/2025/0901000000
0.releases.2511.relatedProcesses.0,0.releases.2511,0,P000096/2025/2026/0901000000,planning,Insurance for new exotic bulls,ocid,ocds-ozzobm-P000096/2025/2026/0901000000
0.releases.2512.relatedProcesses.0,0.releases.2512,0,P000032/2025/2026/0901001016,planning,"Preparation of Environmental and Social Safeguards Instruments (RAP, ESIA, ESA)",ocid,ocds-ozzobm-P000032/2025/2026/0901001016
0.releases.2513.relatedProcesses.0,0.releases.2513,0,P000032/2025/2026/0901001016,planning,"Preparation of Environmental and Social Safeguards Instruments (RAP, ESIA, ESA)",ocid,ocds-ozzobm-P000032/2025/2026/0901001016
0.releases.2514.relatedProcesses.0,0.releases.2514,0,P000096/2025/2026/0901000000,planning,Insurance for new exotic bulls,ocid,ocds-ozzobm-P000096/2025/2026/0901000000
0.releases.2515.relatedProcesses.0,0.releases.2515,0,P000117/2025/2026/5900000000,planning,"Seedlings preparation, planting Fruit trees (9/hh with 3 different grafted species) with maintenance",ocid,ocds-ozzobm-P000117/2025/2026/5900000000
0.releases.2516.relatedProcesses.0,0.releases.2516,0,P000118/2025/2026/5900000000,planning,"Seedlings preparation, planting and maintenance agroforestry (Grivelia,Caliandra lecena and Native species)",ocid,ocds-ozzobm-P000118/2025/2026/5900000000
0.releases.2517.relatedProcesses.0,0.releases.2517,0,P000109/2024/2025/0901000000,planning,Supply of tires,ocid,ocds-ozzobm-P000109/2024/2025/0901000000
0.releases.2518.relatedProcesses.0,0.releases.2518,0,P000011/2025/2026/0901001015,planning,Hiring a Consultancy firm for supervision of irrigation rehabilitation works for Kamiranzovu marshland (140ha),ocid,ocds-ozzobm-P000011/2025/2026/0901001015
0.releases.2519.relatedProcesses.0,0.releases.2519,0,P000011/2025/2026/0901001015,planning,Hiring a Consultancy firm for supervision of irrigation rehabilitation works for Kamiranzovu marshland (140ha),ocid,ocds-ozzobm-P000011/2025/2026/0901001015
0.releases.2520.relatedProcesses.0,0.releases.2520,0,P000023/2023/2024/4000003001,planning,Maintenance and Rehabilitation of Building of Kibungo Referral Hospital,ocid,ocds-ozzobm-P000023/2023/2024/4000003001
0.releases.2521.relatedProcesses.0,0.releases.2521,0,P000012/2023/2024/1302000000,planning,Provision of Cleaning and  Gardening services,ocid,ocds-ozzobm-P000012/2023/2024/1302000000
0.releases.2522.relatedProcesses.0,0.releases.2522,0,P000022/2025/2026/2204000000,planning,"Design , printing,supply and fixing Rwanda promotional material",ocid,ocds-ozzobm-P000022/2025/2026/2204000000
0.releases.2523.relatedProcesses.0,0.releases.2523,0,P000114/2025/2026/8000000000,planning,Maintenance of generators,ocid,ocds-ozzobm-P000114/2025/2026/8000000000
0.releases.2524.relatedProcesses.0,0.releases.2524,0,P000067/2025/2026/0400000000,planning,Sound system,ocid,ocds-ozzobm-P000067/2025/2026/0400000000
0.releases.2525.relatedProcesses.0,0.releases.2525,0,P000067/2025/2026/0400000000,planning,Sound system,ocid,ocds-ozzobm-P000067/2025/2026/0400000000
0.releases.2526.relatedProcesses.0,0.releases.2526,0,P000091/2025/2026/0702000000,planning,Acquisition of Batteries for RCS Vehicles and Motorcycles,ocid,ocds-ozzobm-P000091/2025/2026/0702000000
0.releases.2527.relatedProcesses.0,0.releases.2527,0,P000075/2025/2026/5900000000,planning,Supply and installation of plastic water tank of 10m3 and 3m3 capacity,ocid,ocds-ozzobm-P000075/2025/2026/5900000000
0.releases.2528.relatedProcesses.0,0.releases.2528,0,P000118/2025/2026/5900000000,planning,"Seedlings preparation, planting and maintenance agroforestry (Grivelia,Caliandra lecena and Native species)",ocid,ocds-ozzobm-P000118/2025/2026/5900000000
0.releases.2529.relatedProcesses.0,0.releases.2529,0,P000045/2023/2024/1700000000,planning,"Tender for Regular Repair and Maintenance Services of NPPA Vehicles, Motorcycles and Generator",ocid,ocds-ozzobm-P000045/2023/2024/1700000000
0.releases.2530.relatedProcesses.0,0.releases.2530,0,P000096/2025/2026/0901000000,planning,Insurance for new exotic bulls,ocid,ocds-ozzobm-P000096/2025/2026/0901000000
0.releases.2531.relatedProcesses.0,0.releases.2531,0,P000096/2025/2026/0901000000,planning,Insurance for new exotic bulls,ocid,ocds-ozzobm-P000096/2025/2026/0901000000
0.releases.2532.relatedProcesses.0,0.releases.2532,0,P000015/2024/2025/5900003001,planning,Payment of  electricity bills,ocid,ocds-ozzobm-P000015/2024/2025/5900003001
0.releases.2533.relatedProcesses.0,0.releases.2533,0,P000078/2024/2025/0901001015,planning,Hiring a service provider for mechanization services,ocid,ocds-ozzobm-P000078/2024/2025/0901001015
0.releases.2534.relatedProcesses.0,0.releases.2534,0,P000078/2024/2025/4600000000,planning,Provision of insurance services for moto of Rwamagana district;,ocid,ocds-ozzobm-P000078/2024/2025/4600000000
0.releases.2535.relatedProcesses.0,0.releases.2535,0,P000078/2024/2025/4600000000,planning,Provision of insurance services for moto of Rwamagana district;,ocid,ocds-ozzobm-P000078/2024/2025/4600000000
0.releases.2536.relatedProcesses.0,0.releases.2536,0,P000102/2023/2024/0108000000,planning,Services for  repair and Maintenance of Elevators,ocid,ocds-ozzobm-P000102/2023/2024/0108000000
0.releases.2537.relatedProcesses.0,0.releases.2537,0,P000167/2024/2025/1605000000,planning,Supply and installation of ECD equipment,ocid,ocds-ozzobm-P000167/2024/2025/1605000000
0.releases.2538.relatedProcesses.0,0.releases.2538,0,P000103/2025/2026/7000000000,planning,Provision of Sports Services to the CoK staff,ocid,ocds-ozzobm-P000103/2025/2026/7000000000
0.releases.2539.relatedProcesses.0,0.releases.2539,0,P000103/2025/2026/7000000000,planning,Provision of Sports Services to the CoK staff,ocid,ocds-ozzobm-P000103/2025/2026/7000000000
0.releases.2540.relatedProcesses.0,0.releases.2540,0,P000130/2024/2025/1200001000,planning,"Recruitment of a Consultant to manage IIA Rwanda IIA Rwanda Business development, trainings and events Programs",ocid,ocds-ozzobm-P000130/2024/2025/1200001000
0.releases.2541.relatedProcesses.0,0.releases.2541,0,P000103/2025/2026/7000000000,planning,Provision of Sports Services to the CoK staff,ocid,ocds-ozzobm-P000103/2025/2026/7000000000
0.releases.2542.relatedProcesses.0,0.releases.2542,0,P000102/2023/2024/0108000000,planning,Services for  repair and Maintenance of Elevators,ocid,ocds-ozzobm-P000102/2023/2024/0108000000
0.releases.2543.relatedProcesses.0,0.releases.2543,0,P000103/2025/2026/7000000000,planning,Provision of Sports Services to the CoK staff,ocid,ocds-ozzobm-P000103/2025/2026/7000000000
0.releases.2544.relatedProcesses.0,0.releases.2544,0,P000031/2023/2024/5400000000,planning,Tender for upgrading of Rasano Health post,ocid,ocds-ozzobm-P000031/2023/2024/5400000000
0.releases.2545.relatedProcesses.0,0.releases.2545,0,P000103/2025/2026/7000000000,planning,Provision of Sports Services to the CoK staff,ocid,ocds-ozzobm-P000103/2025/2026/7000000000
0.releases.2546.relatedProcesses.0,0.releases.2546,0,P000103/2025/2026/7000000000,planning,Provision of Sports Services to the CoK staff,ocid,ocds-ozzobm-P000103/2025/2026/7000000000
0.releases.2547.relatedProcesses.0,0.releases.2547,0,P000004/2023/2024/0900001005,planning,Supply of Spare parts for SPIU-MINAGRI vehicles,ocid,ocds-ozzobm-P000004/2023/2024/0900001005
0.releases.2548.relatedProcesses.0,0.releases.2548,0,P000001/2025/2026/6500003002,planning,WORKFORCE FOR  INFRASTRUCTURE MAINTENANCE AND REHABILITATION WORKS,ocid,ocds-ozzobm-P000001/2025/2026/6500003002
0.releases.2549.relatedProcesses.0,0.releases.2549,0,P000001/2025/2026/6500003002,planning,WORKFORCE FOR  INFRASTRUCTURE MAINTENANCE AND REHABILITATION WORKS,ocid,ocds-ozzobm-P000001/2025/2026/6500003002
0.releases.2550.relatedProcesses.0,0.releases.2550,0,P000103/2025/2026/7000000000,planning,Provision of Sports Services to the CoK staff,ocid,ocds-ozzobm-P000103/2025/2026/7000000000
0.releases.2551.relatedProcesses.0,0.releases.2551,0,P000013/2025/2026/1000000000,planning,Maintenance of office equipment,ocid,ocds-ozzobm-P000013/2025/2026/1000000000
0.releases.2552.relatedProcesses.0,0.releases.2552,0,P000103/2025/2026/7000000000,planning,Provision of Sports Services to the CoK staff,ocid,ocds-ozzobm-P000103/2025/2026/7000000000
0.releases.2553.relatedProcesses.0,0.releases.2553,0,P000035/2024/2025/2605000000,planning,"Supply of ceramic water filters to households with under 2 years children and pregnant women, to community based ECD facilities and Home based ECD",ocid,ocds-ozzobm-P000035/2024/2025/2605000000
0.releases.2554.relatedProcesses.0,0.releases.2554,0,P000039/2024/2025/2605000000,planning,Provision of wheel chairs and crutches for children under 6 years,ocid,ocds-ozzobm-P000039/2024/2025/2605000000
0.releases.2555.relatedProcesses.0,0.releases.2555,0,P000036/2024/2025/2605000000,planning,"Supply of plastic toilet sanitation facilities to Households with under 2 years children, pregnant women and Home based ECD",ocid,ocds-ozzobm-P000036/2024/2025/2605000000
0.releases.2556.relatedProcesses.0,0.releases.2556,0,P000037/2024/2025/2605000000,planning,"Supply of plastic child friendly hand washing facilities to Households with under 2 years children, pregnant women and home Based ECD",ocid,ocds-ozzobm-P000037/2024/2025/2605000000
0.releases.2557.relatedProcesses.0,0.releases.2557,0,P000004/2023/2024/0900001005,planning,Supply of Spare parts for SPIU-MINAGRI vehicles,ocid,ocds-ozzobm-P000004/2023/2024/0900001005
0.releases.2558.relatedProcesses.0,0.releases.2558,0,P000012/2025/2026/1302000000,planning,Supply of Office Stationery and Printing Consumables,ocid,ocds-ozzobm-P000012/2025/2026/1302000000
0.releases.2559.relatedProcesses.0,0.releases.2559,0,P000037/2025/2026/2900000000,planning,Hiring a consulting firm for endline GGP evaluation,ocid,ocds-ozzobm-P000037/2025/2026/2900000000
0.releases.2560.relatedProcesses.0,0.releases.2560,0,P000012/2025/2026/1302000000,planning,Supply of Office Stationery and Printing Consumables,ocid,ocds-ozzobm-P000012/2025/2026/1302000000
0.releases.2561.relatedProcesses.0,0.releases.2561,0,P000032/2025/2026/0900000000,planning,Supply refreshment products MINAGRI,ocid,ocds-ozzobm-P000032/2025/2026/0900000000
0.releases.2562.relatedProcesses.0,0.releases.2562,0,P000021/2024/2025/1601000000,planning,Laboratory reagents,ocid,ocds-ozzobm-P000021/2024/2025/1601000000
0.releases.2563.relatedProcesses.0,0.releases.2563,0,P000021/2024/2025/1601000000,planning,Laboratory reagents,ocid,ocds-ozzobm-P000021/2024/2025/1601000000
0.releases.2564.relatedProcesses.0,0.releases.2564,0,P000012/2024/2025/0902000000,planning,"Tender for framework contract for hiring Public Relations, Marketing and Communication services",ocid,ocds-ozzobm-P000012/2024/2025/0902000000
0.releases.2565.relatedProcesses.0,0.releases.2565,0,P000021/2024/2025/1601000000,planning,Laboratory reagents,ocid,ocds-ozzobm-P000021/2024/2025/1601000000
0.releases.2566.relatedProcesses.0,0.releases.2566,0,P000021/2024/2025/1601000000,planning,Laboratory reagents,ocid,ocds-ozzobm-P000021/2024/2025/1601000000
0.releases.2567.relatedProcesses.0,0.releases.2567,0,P000072/2025/2026/0300000000,planning,Acquisition of Sport  Facilities for  the Parliament of Rwanda,ocid,ocds-ozzobm-P000072/2025/2026/0300000000
0.releases.2568.relatedProcesses.0,0.releases.2568,0,P000107/2025/2026/1804000000,planning,Regular Maintenance of  MINUBUMWE Genocide  Memorials and National  Ubutore Development  Center NKUMBA (NUDC  NKUMBA),ocid,ocds-ozzobm-P000107/2025/2026/1804000000
0.releases.2569.relatedProcesses.0,0.releases.2569,0,P000107/2025/2026/1804000000,planning,Regular Maintenance of  MINUBUMWE Genocide  Memorials and National  Ubutore Development  Center NKUMBA (NUDC  NKUMBA),ocid,ocds-ozzobm-P000107/2025/2026/1804000000
0.releases.2570.relatedProcesses.0,0.releases.2570,0,P000300/2023/2024/1804000000,planning,Framework contract for regular maintenance of all Government Buildings located countrywide.,ocid,ocds-ozzobm-P000300/2023/2024/1804000000
0.releases.2571.relatedProcesses.0,0.releases.2571,0,P000016/2025/2026/4900000000,planning,Maintenance and Rehabilitation of electricity infrastructures in Gisagara District,ocid,ocds-ozzobm-P000016/2025/2026/4900000000
0.releases.2572.relatedProcesses.0,0.releases.2572,0,P000015/2024/2025/2309000000,planning,Provision of Hotel Services in Rusizi District,ocid,ocds-ozzobm-P000015/2024/2025/2309000000
0.releases.2573.relatedProcesses.0,0.releases.2573,0,P000015/2025/2026/4900000000,planning,Supply of Foodstuff (Porridge) for HBECD Gisagara District,ocid,ocds-ozzobm-P000015/2025/2026/4900000000
0.releases.2574.relatedProcesses.0,0.releases.2574,0,P000049/2025/2026/0400000000,planning,"Hiring tents, chairs, tables and decoration services",ocid,ocds-ozzobm-P000049/2025/2026/0400000000
0.releases.2575.relatedProcesses.0,0.releases.2575,0,P000037/2023/2024/5600000000,planning,Cleaning of public spaces in Rubavu city,ocid,ocds-ozzobm-P000037/2023/2024/5600000000
0.releases.2576.relatedProcesses.0,0.releases.2576,0,P000036/2025/2026/6100000000,planning,framework contract for Provision services for maintenances and repair of vehicle and motorcycle,ocid,ocds-ozzobm-P000036/2025/2026/6100000000
0.releases.2579.relatedProcesses.0,0.releases.2579,0,P000062/2025/2026/5900000000,planning,Execution work for Rehabilitation and upgrading of Mwezi health center phase (2) in Karengera Sector in Nyamasheke Distric,ocid,ocds-ozzobm-P000062/2025/2026/5900000000
0.releases.2580.relatedProcesses.0,0.releases.2580,0,P000072/2025/2026/0300000000,planning,Acquisition of Sport  Facilities for  the Parliament of Rwanda,ocid,ocds-ozzobm-P000072/2025/2026/0300000000
0.releases.2581.relatedProcesses.0,0.releases.2581,0,P000004/2025/2026/1903001001,planning,Tender for furniture equipment for RCA.,ocid,ocds-ozzobm-P000004/2025/2026/1903001001
0.releases.2582.relatedProcesses.0,0.releases.2582,0,P000004/2025/2026/1903001001,planning,Tender for furniture equipment for RCA.,ocid,ocds-ozzobm-P000004/2025/2026/1903001001
0.releases.2583.relatedProcesses.0,0.releases.2583,0,P000050/2025/2026/4000000000,planning,VACCINATION AND INSEMINATION OF ANIMALS IN NGOMA DISTRICT,ocid,ocds-ozzobm-P000050/2025/2026/4000000000
0.releases.2584.relatedProcesses.0,0.releases.2584,0,P000050/2025/2026/4000000000,planning,VACCINATION AND INSEMINATION OF ANIMALS IN NGOMA DISTRICT,ocid,ocds-ozzobm-P000050/2025/2026/4000000000
0.releases.2585.relatedProcesses.0,0.releases.2585,0,P000072/2025/2026/0300000000,planning,Acquisition of Sport  Facilities for  the Parliament of Rwanda,ocid,ocds-ozzobm-P000072/2025/2026/0300000000
0.releases.2586.relatedProcesses.0,0.releases.2586,0,P000050/2025/2026/4000000000,planning,VACCINATION AND INSEMINATION OF ANIMALS IN NGOMA DISTRICT,ocid,ocds-ozzobm-P000050/2025/2026/4000000000
0.releases.2587.relatedProcesses.0,0.releases.2587,0,P000132/2025/2026/1417000000,planning,Swimming subscription for Teaching physical education and sports,ocid,ocds-ozzobm-P000132/2025/2026/1417000000
0.releases.2588.relatedProcesses.0,0.releases.2588,0,P000050/2025/2026/4000000000,planning,VACCINATION AND INSEMINATION OF ANIMALS IN NGOMA DISTRICT,ocid,ocds-ozzobm-P000050/2025/2026/4000000000
0.releases.2589.relatedProcesses.0,0.releases.2589,0,P000019/2025/2026/0110000000,planning,Supply of digital cameras and related accessories,ocid,ocds-ozzobm-P000019/2025/2026/0110000000
0.releases.2590.relatedProcesses.0,0.releases.2590,0,P000019/2025/2026/0110000000,planning,Supply of digital cameras and related accessories,ocid,ocds-ozzobm-P000019/2025/2026/0110000000
0.releases.2591.relatedProcesses.0,0.releases.2591,0,P000008/2025/2026/2700000000,planning,Codification of ministry's assets(MOYA HQ) and Kimisagara Youth,ocid,ocds-ozzobm-P000008/2025/2026/2700000000
0.releases.2592.relatedProcesses.0,0.releases.2592,0,P000067/2025/2026/0400000000,planning,Sound system,ocid,ocds-ozzobm-P000067/2025/2026/0400000000
0.releases.2593.relatedProcesses.0,0.releases.2593,0,P000072/2025/2026/0300000000,planning,Acquisition of Sport  Facilities for  the Parliament of Rwanda,ocid,ocds-ozzobm-P000072/2025/2026/0300000000
0.releases.2594.relatedProcesses.0,0.releases.2594,0,P000040/2025/2026/4100000000,planning,Maintenance of Bugesera District public lighting,ocid,ocds-ozzobm-P000040/2025/2026/4100000000
0.releases.2595.relatedProcesses.0,0.releases.2595,0,P000040/2025/2026/4100000000,planning,Maintenance of Bugesera District public lighting,ocid,ocds-ozzobm-P000040/2025/2026/4100000000
0.releases.2596.relatedProcesses.0,0.releases.2596,0,P000026/2025/2026/1302000000,planning,Provision of Airtime under framework contract,ocid,ocds-ozzobm-P000026/2025/2026/1302000000
0.releases.2597.relatedProcesses.0,0.releases.2597,0,P000026/2025/2026/1302000000,planning,Provision of Airtime under framework contract,ocid,ocds-ozzobm-P000026/2025/2026/1302000000
0.releases.2598.relatedProcesses.0,0.releases.2598,0,P000035/2025/2026/5700000000,planning,Supply of cows,ocid,ocds-ozzobm-P000035/2025/2026/5700000000
0.releases.2599.relatedProcesses.0,0.releases.2599,0,P000007/2025/2026/4700000000,planning,Annual framework tender for provision of insurance of Huye district vehicles and motorcycles,ocid,ocds-ozzobm-P000007/2025/2026/4700000000
0.releases.2600.relatedProcesses.0,0.releases.2600,0,P000026/2025/2026/1302000000,planning,Provision of Airtime under framework contract,ocid,ocds-ozzobm-P000026/2025/2026/1302000000
0.releases.2601.relatedProcesses.0,0.releases.2601,0,P000011/2025/2026/0110000000,planning,Provision of Broadcasting services,ocid,ocds-ozzobm-P000011/2025/2026/0110000000
0.releases.2602.relatedProcesses.0,0.releases.2602,0,P000011/2025/2026/0110000000,planning,Provision of Broadcasting services,ocid,ocds-ozzobm-P000011/2025/2026/0110000000
0.releases.2603.relatedProcesses.0,0.releases.2603,0,P000001/2025/2026/0901000000,planning,Provision of cleaning services,ocid,ocds-ozzobm-P000001/2025/2026/0901000000
0.releases.2604.relatedProcesses.0,0.releases.2604,0,P000053/2025/2026/1800000000,planning,Consultancy service for  urban design services in the City of Kigali and other districts.,ocid,ocds-ozzobm-P000053/2025/2026/1800000000
0.releases.2605.relatedProcesses.0,0.releases.2605,0,P000074/2025/2026/1605000000,planning,Provision of Electricity,ocid,ocds-ozzobm-P000074/2025/2026/1605000000
0.releases.2606.relatedProcesses.0,0.releases.2606,0,P000018/2025/2026/2301000000,planning,printing and Supply of Uniforms for Local Elections,ocid,ocds-ozzobm-P000018/2025/2026/2301000000
0.releases.2607.relatedProcesses.0,0.releases.2607,0,P000018/2025/2026/2301000000,planning,printing and Supply of Uniforms for Local Elections,ocid,ocds-ozzobm-P000018/2025/2026/2301000000
0.releases.2608.relatedProcesses.0,0.releases.2608,0,P000036/2025/2026/0901000000,planning,Supply and Installation of Plant Growth Thermotherapy chamber,ocid,ocds-ozzobm-P000036/2025/2026/0901000000
0.releases.2609.relatedProcesses.0,0.releases.2609,0,P000004/2023/2024/4600003001,planning,TENDER FOR MAINTENANCE OF HOSPITAL BUILDING,ocid,ocds-ozzobm-P000004/2023/2024/4600003001
0.releases.2610.relatedProcesses.0,0.releases.2610,0,P000025/2025/2026/8000000000,planning,Acquisition of sport uniforms for RSSB Teams,ocid,ocds-ozzobm-P000025/2025/2026/8000000000
0.releases.2611.relatedProcesses.0,0.releases.2611,0,P000004/2024/2025/4900003002,planning,Purchase for office fournitures,ocid,ocds-ozzobm-P000004/2024/2025/4900003002
0.releases.2612.relatedProcesses.0,0.releases.2612,0,P000007/2023/2024/4600003001,planning,TENDER FOR GARAGE SERVICES,ocid,ocds-ozzobm-P000007/2023/2024/4600003001
0.releases.2613.relatedProcesses.0,0.releases.2613,0,P000011/2025/2026/5800003002,planning,Cleaning services,ocid,ocds-ozzobm-P000011/2025/2026/5800003002
0.releases.2614.relatedProcesses.0,0.releases.2614,0,P000010/2025/2026/6600003002,planning,"Tender for FURNITURES(Office Chairs, staff room chairs and Cupboards)",ocid,ocds-ozzobm-P000010/2025/2026/6600003002
0.releases.2615.relatedProcesses.0,0.releases.2615,0,P000004/2025/2026/0303000000,planning,Supply of office stationeries,ocid,ocds-ozzobm-P000004/2025/2026/0303000000
0.releases.2616.relatedProcesses.0,0.releases.2616,0,P000004/2025/2026/0303000000,planning,Supply of office stationeries,ocid,ocds-ozzobm-P000004/2025/2026/0303000000
0.releases.2617.relatedProcesses.0,0.releases.2617,0,P000028/2025/2026/4700000000,planning,"Annual framework tender for maintenance and assembly service of office equipments,chairs,table for Huye District",ocid,ocds-ozzobm-P000028/2025/2026/4700000000
0.releases.2618.relatedProcesses.0,0.releases.2618,0,P000040/2025/2026/4100000000,planning,Maintenance of Bugesera District public lighting,ocid,ocds-ozzobm-P000040/2025/2026/4100000000
0.releases.2619.relatedProcesses.0,0.releases.2619,0,P000032/2025/2026/1808000000,planning,Provision of Grobal Asset Insurance,ocid,ocds-ozzobm-P000032/2025/2026/1808000000
0.releases.2620.relatedProcesses.0,0.releases.2620,0,P000032/2025/2026/1808000000,planning,Provision of Grobal Asset Insurance,ocid,ocds-ozzobm-P000032/2025/2026/1808000000
0.releases.2621.relatedProcesses.0,0.releases.2621,0,P000032/2025/2026/1808000000,planning,Provision of Grobal Asset Insurance,ocid,ocds-ozzobm-P000032/2025/2026/1808000000
0.releases.2622.relatedProcesses.0,0.releases.2622,0,P000062/2025/2026/5000000000,planning,Supply House - furniture in the constructed houses for needy Genocide,ocid,ocds-ozzobm-P000062/2025/2026/5000000000
0.releases.2623.relatedProcesses.0,0.releases.2623,0,P000062/2025/2026/5000000000,planning,Supply House - furniture in the constructed houses for needy Genocide,ocid,ocds-ozzobm-P000062/2025/2026/5000000000
0.releases.2624.relatedProcesses.0,0.releases.2624,0,P000028/2025/2026/6100000000,planning,Supply and installation of security metal detection tools and its accessories (ICT infrastructure) at Burera District Headquarters,ocid,ocds-ozzobm-P000028/2025/2026/6100000000
0.releases.2625.relatedProcesses.0,0.releases.2625,0,P000031/2025/2026/5700000000,planning,Provision of loading and unloading service,ocid,ocds-ozzobm-P000031/2025/2026/5700000000
0.releases.2626.relatedProcesses.0,0.releases.2626,0,P000031/2025/2026/5700000000,planning,Provision of loading and unloading service,ocid,ocds-ozzobm-P000031/2025/2026/5700000000
0.releases.2627.relatedProcesses.0,0.releases.2627,0,P000006/2023/2024/5900003001,planning,Supply of office stationeries,ocid,ocds-ozzobm-P000006/2023/2024/5900003001
0.releases.2628.relatedProcesses.0,0.releases.2628,0,P000015/2024/2025/5900003001,planning,Payment of  electricity bills,ocid,ocds-ozzobm-P000015/2024/2025/5900003001
0.releases.2629.relatedProcesses.0,0.releases.2629,0,P000001/2025/2026/1000001000,planning,"Supply ,installation ,commissioning and training of electricity measuring calibration and verification equipment and accessories for monitoring the energy efficiency and management in KLP",ocid,ocds-ozzobm-P000001/2025/2026/1000001000
0.releases.2630.relatedProcesses.0,0.releases.2630,0,P000007/2025/2026/1000001000,planning,"Supply, commissioning and training of laboratory equipment for establishment of molecular testing laboratory",ocid,ocds-ozzobm-P000007/2025/2026/1000001000
0.releases.2631.relatedProcesses.0,0.releases.2631,0,P000013/2025/2026/1000000000,planning,Maintenance of office equipment,ocid,ocds-ozzobm-P000013/2025/2026/1000000000
0.releases.2632.relatedProcesses.0,0.releases.2632,0,P000073/2025/2026/1605000000,planning,Provision of Printing Services for  RBC,ocid,ocds-ozzobm-P000073/2025/2026/1605000000
0.releases.2633.relatedProcesses.0,0.releases.2633,0,P000054/2025/2026/6100000000,planning,Supervision of Rehabilitation and construction of Cyanika health center,ocid,ocds-ozzobm-P000054/2025/2026/6100000000
0.releases.2634.relatedProcesses.0,0.releases.2634,0,P000025/2025/2026/1000000000,planning,Terms of reference for Hiring a consultancy firm to conduct the feasibility study for upgrading Kiyanzi Warehouse Facility for Regional Logistics Hub Development,ocid,ocds-ozzobm-P000025/2025/2026/1000000000
0.releases.2635.relatedProcesses.0,0.releases.2635,0,P000025/2025/2026/1000000000,planning,Terms of reference for Hiring a consultancy firm to conduct the feasibility study for upgrading Kiyanzi Warehouse Facility for Regional Logistics Hub Development,ocid,ocds-ozzobm-P000025/2025/2026/1000000000
0.releases.2636.relatedProcesses.0,0.releases.2636,0,P000012/2025/2026/6400000000,planning,Execution works for Construction of Gitanda health center,ocid,ocds-ozzobm-P000012/2025/2026/6400000000
0.releases.2637.relatedProcesses.0,0.releases.2637,0,P000029/2025/2026/2500000000,planning,Provision of car wash services,ocid,ocds-ozzobm-P000029/2025/2026/2500000000
0.releases.2638.relatedProcesses.0,0.releases.2638,0,P000029/2025/2026/2500000000,planning,Provision of car wash services,ocid,ocds-ozzobm-P000029/2025/2026/2500000000
0.releases.2639.relatedProcesses.0,0.releases.2639,0,P000024/2025/2026/2500001000,planning,Hiring a consultancy firm for supervision of the remaining works of ravines rehabilitation in and around Nyabiheke and Mahama refugee camps,ocid,ocds-ozzobm-P000024/2025/2026/2500001000
0.releases.2640.relatedProcesses.0,0.releases.2640,0,P000023/2025/2026/2500001000,planning,Hiring a consultancy firm for supervision of the remaining works of ravines rehabilitation in and around Kiziba and Former Gihembe refugee camps,ocid,ocds-ozzobm-P000023/2025/2026/2500001000
0.releases.2641.relatedProcesses.0,0.releases.2641,0,P000022/2025/2026/2313000000,planning,"Provision of hotel services (hiring of conference halls, workshops, trainings, accommodations, restaurants and receptions outside of Kigali (framework contract)",ocid,ocds-ozzobm-P000022/2025/2026/2313000000
0.releases.2642.relatedProcesses.0,0.releases.2642,0,P000022/2025/2026/2313000000,planning,"Provision of hotel services (hiring of conference halls, workshops, trainings, accommodations, restaurants and receptions outside of Kigali (framework contract)",ocid,ocds-ozzobm-P000022/2025/2026/2313000000
0.releases.2643.relatedProcesses.0,0.releases.2643,0,P000062/2025/2026/5000000000,planning,Supply House - furniture in the constructed houses for needy Genocide,ocid,ocds-ozzobm-P000062/2025/2026/5000000000
0.releases.2644.relatedProcesses.0,0.releases.2644,0,P000110/2024/2025/6100000000,planning,Construction of 7 Classrooms under PPD Basket fund program,ocid,ocds-ozzobm-P000110/2024/2025/6100000000
0.releases.2645.relatedProcesses.0,0.releases.2645,0,P000062/2025/2026/5000000000,planning,Supply House - furniture in the constructed houses for needy Genocide,ocid,ocds-ozzobm-P000062/2025/2026/5000000000
0.releases.2646.relatedProcesses.0,0.releases.2646,0,P000058/2025/2026/3100000000,planning,"Providing security service materials ,CC TV camera monitoring and  Visitor management system(VMS)  to MINUBUMWE to support the enforcement of required security measures.",ocid,ocds-ozzobm-P000058/2025/2026/3100000000
0.releases.2647.relatedProcesses.0,0.releases.2647,0,P000019/2025/2026/4000003001,planning,Maintenance and Repair of biomedical Equipment,ocid,ocds-ozzobm-P000019/2025/2026/4000003001
0.releases.2648.relatedProcesses.0,0.releases.2648,0,P000035/2024/2025/1802000000,planning,Supervision of Rehabilitation and repair of damaged spots located on  Rubengera-Gisiza Road,ocid,ocds-ozzobm-P000035/2024/2025/1802000000
0.releases.2649.relatedProcesses.0,0.releases.2649,0,P000062/2025/2026/7000000000,planning,"Provision of Online, Radio and TV broadcasting services",ocid,ocds-ozzobm-P000062/2025/2026/7000000000
0.releases.2650.relatedProcesses.0,0.releases.2650,0,P000015/2025/2026/2309000000,planning,Supply of tables and chairs for the meeting room of Western Province,ocid,ocds-ozzobm-P000015/2025/2026/2309000000
0.releases.2651.relatedProcesses.0,0.releases.2651,0,P000007/2024/2025/1302000000,planning,Supply of Beverages for ILPD,ocid,ocds-ozzobm-P000007/2024/2025/1302000000
0.releases.2652.relatedProcesses.0,0.releases.2652,0,P000078/2025/2026/1001000000,planning,Supply of Legal metrology seals to RSB (Framework contract),ocid,ocds-ozzobm-P000078/2025/2026/1001000000
0.releases.2653.relatedProcesses.0,0.releases.2653,0,P000014/2024/2025/1302000000,planning,Supply of  Plumbing Equipment,ocid,ocds-ozzobm-P000014/2024/2025/1302000000
0.releases.2654.relatedProcesses.0,0.releases.2654,0,P000023/2025/2026/2500001000,planning,Hiring a consultancy firm for supervision of the remaining works of ravines rehabilitation in and around Kiziba and Former Gihembe refugee camps,ocid,ocds-ozzobm-P000023/2025/2026/2500001000
0.releases.2655.relatedProcesses.0,0.releases.2655,0,P000041/2023/2024/4800003002,planning,Provision of cleaning services in Kigeme Hospital,ocid,ocds-ozzobm-P000041/2023/2024/4800003002
0.releases.2656.relatedProcesses.0,0.releases.2656,0,P000024/2025/2026/2500001000,planning,Hiring a consultancy firm for supervision of the remaining works of ravines rehabilitation in and around Nyabiheke and Mahama refugee camps,ocid,ocds-ozzobm-P000024/2025/2026/2500001000
0.releases.2657.relatedProcesses.0,0.releases.2657,0,P000033/2025/2026/6400000000,planning,Purchase and supply of Food Supplies for Civic engagement through national service (Urugerero) in Rulindo District,ocid,ocds-ozzobm-P000033/2025/2026/6400000000
0.releases.2658.relatedProcesses.0,0.releases.2658,0,P000033/2025/2026/6400000000,planning,Purchase and supply of Food Supplies for Civic engagement through national service (Urugerero) in Rulindo District,ocid,ocds-ozzobm-P000033/2025/2026/6400000000
0.releases.2659.relatedProcesses.0,0.releases.2659,0,P000041/2024/2025/4400000000,planning,Insurance of District buildings,ocid,ocds-ozzobm-P000041/2024/2025/4400000000
0.releases.2660.relatedProcesses.0,0.releases.2660,0,P000018/2025/2026/6400000000,planning,Supply and fix  plastic water tanks to different schools in Rulindo District,ocid,ocds-ozzobm-P000018/2025/2026/6400000000
0.releases.2661.relatedProcesses.0,0.releases.2661,0,P000018/2025/2026/6400000000,planning,Supply and fix  plastic water tanks to different schools in Rulindo District,ocid,ocds-ozzobm-P000018/2025/2026/6400000000
0.releases.2662.relatedProcesses.0,0.releases.2662,0,P000017/2025/2026/1000000000,planning,"Production of TV and radio show, documentary film, spot on radio and TV promoting MINICOM activities",ocid,ocds-ozzobm-P000017/2025/2026/1000000000
0.releases.2663.relatedProcesses.0,0.releases.2663,0,P000017/2025/2026/1000000000,planning,"Production of TV and radio show, documentary film, spot on radio and TV promoting MINICOM activities",ocid,ocds-ozzobm-P000017/2025/2026/1000000000
0.releases.2664.relatedProcesses.0,0.releases.2664,0,P000021/2024/2025/1302000000,planning,Supply of hostel amenities,ocid,ocds-ozzobm-P000021/2024/2025/1302000000
0.releases.2665.relatedProcesses.0,0.releases.2665,0,P000029/2025/2026/2500000000,planning,Provision of car wash services,ocid,ocds-ozzobm-P000029/2025/2026/2500000000
0.releases.2666.relatedProcesses.0,0.releases.2666,0,P000029/2025/2026/2500000000,planning,Provision of car wash services,ocid,ocds-ozzobm-P000029/2025/2026/2500000000
0.releases.2667.relatedProcesses.0,0.releases.2667,0,P000018/2025/2026/6400000000,planning,Supply and fix  plastic water tanks to different schools in Rulindo District,ocid,ocds-ozzobm-P000018/2025/2026/6400000000
0.releases.2668.relatedProcesses.0,0.releases.2668,0,P000005/2025/2026/0902000000,planning,"Tender for framework contract for maintenance and repair services (including spare parts) of SEQI/lab equipment, materials amd tools",ocid,ocds-ozzobm-P000005/2025/2026/0902000000
0.releases.2669.relatedProcesses.0,0.releases.2669,0,P000005/2025/2026/0902000000,planning,"Tender for framework contract for maintenance and repair services (including spare parts) of SEQI/lab equipment, materials amd tools",ocid,ocds-ozzobm-P000005/2025/2026/0902000000
0.releases.2670.relatedProcesses.0,0.releases.2670,0,P000005/2025/2026/0902000000,planning,"Tender for framework contract for maintenance and repair services (including spare parts) of SEQI/lab equipment, materials amd tools",ocid,ocds-ozzobm-P000005/2025/2026/0902000000
0.releases.2671.relatedProcesses.0,0.releases.2671,0,P000018/2025/2026/6400000000,planning,Supply and fix  plastic water tanks to different schools in Rulindo District,ocid,ocds-ozzobm-P000018/2025/2026/6400000000
0.releases.2672.relatedProcesses.0,0.releases.2672,0,P000029/2025/2026/2500000000,planning,Provision of car wash services,ocid,ocds-ozzobm-P000029/2025/2026/2500000000
0.releases.2673.relatedProcesses.0,0.releases.2673,0,P000049/2024/2025/6000000000,planning,Supervision of Execution for upgrading works of Mukura Health post to Health center,ocid,ocds-ozzobm-P000049/2024/2025/6000000000
0.releases.2674.relatedProcesses.0,0.releases.2674,0,P000069/2023/2024/1200001000,planning,Recruitment of Training Specialists for U-SACCO Automation,ocid,ocds-ozzobm-P000069/2023/2024/1200001000
0.releases.2675.relatedProcesses.0,0.releases.2675,0,P000011/2025/2026/5800003002,planning,Cleaning services,ocid,ocds-ozzobm-P000011/2025/2026/5800003002
0.releases.2676.relatedProcesses.0,0.releases.2676,0,P000082/2025/2026/6300000000,planning,Consultancy services for feasibility study of extension of water Supply System in Musanze Sector,ocid,ocds-ozzobm-P000082/2025/2026/6300000000
0.releases.2677.relatedProcesses.0,0.releases.2677,0,P000045/2025/2026/2315000000,planning,Hiring STAGE for RBA HAFI YAWE OUTREACH Program,ocid,ocds-ozzobm-P000045/2025/2026/2315000000
0.releases.2678.relatedProcesses.0,0.releases.2678,0,P000033/2025/2026/6400000000,planning,Purchase and supply of Food Supplies for Civic engagement through national service (Urugerero) in Rulindo District,ocid,ocds-ozzobm-P000033/2025/2026/6400000000
0.releases.2679.relatedProcesses.0,0.releases.2679,0,P000018/2025/2026/6400000000,planning,Supply and fix  plastic water tanks to different schools in Rulindo District,ocid,ocds-ozzobm-P000018/2025/2026/6400000000
0.releases.2680.relatedProcesses.0,0.releases.2680,0,P000058/2024/2025/1903000000,planning,Centralized procurement of Tablets on behalf of all Government Institutions,ocid,ocds-ozzobm-P000058/2024/2025/1903000000
0.releases.2681.relatedProcesses.0,0.releases.2681,0,P000052/2025/2026/6600000000,planning,Tender for managing the District cattle slaugterhouse,ocid,ocds-ozzobm-P000052/2025/2026/6600000000
0.releases.2682.relatedProcesses.0,0.releases.2682,0,P000052/2025/2026/6600000000,planning,Tender for managing the District cattle slaugterhouse,ocid,ocds-ozzobm-P000052/2025/2026/6600000000
0.releases.2683.relatedProcesses.0,0.releases.2683,0,P000006/2023/2024/1903000000,planning,Framework Agreement to Provide Home Broadband Solutions to Public Servants,ocid,ocds-ozzobm-P000006/2023/2024/1903000000
0.releases.2684.relatedProcesses.0,0.releases.2684,0,P000035/2024/2025/1802000000,planning,Supervision of Rehabilitation and repair of damaged spots located on  Rubengera-Gisiza Road,ocid,ocds-ozzobm-P000035/2024/2025/1802000000
0.releases.2685.relatedProcesses.0,0.releases.2685,0,P000001/2025/2026/6500003002,planning,WORKFORCE FOR  INFRASTRUCTURE MAINTENANCE AND REHABILITATION WORKS,ocid,ocds-ozzobm-P000001/2025/2026/6500003002
0.releases.2686.relatedProcesses.0,0.releases.2686,0,P000001/2025/2026/6500003002,planning,WORKFORCE FOR  INFRASTRUCTURE MAINTENANCE AND REHABILITATION WORKS,ocid,ocds-ozzobm-P000001/2025/2026/6500003002
0.releases.2687.relatedProcesses.0,0.releases.2687,0,P000120/2025/2026/0108000000,planning,lHiring hotel/M Hotel,ocid,ocds-ozzobm-P000120/2025/2026/0108000000
0.releases.2688.relatedProcesses.0,0.releases.2688,0,P000120/2025/2026/0108000000,planning,lHiring hotel/M Hotel,ocid,ocds-ozzobm-P000120/2025/2026/0108000000
0.releases.2689.relatedProcesses.0,0.releases.2689,0,P000120/2025/2026/0108000000,planning,lHiring hotel/M Hotel,ocid,ocds-ozzobm-P000120/2025/2026/0108000000
0.releases.2690.relatedProcesses.0,0.releases.2690,0,P000120/2025/2026/0108000000,planning,lHiring hotel/M Hotel,ocid,ocds-ozzobm-P000120/2025/2026/0108000000
0.releases.2691.relatedProcesses.0,0.releases.2691,0,P000167/2024/2025/1605000000,planning,Supply and installation of ECD equipment,ocid,ocds-ozzobm-P000167/2024/2025/1605000000
0.releases.2692.relatedProcesses.0,0.releases.2692,0,P000167/2024/2025/1605000000,planning,Supply and installation of ECD equipment,ocid,ocds-ozzobm-P000167/2024/2025/1605000000
0.releases.2693.relatedProcesses.0,0.releases.2693,0,P000019/2025/2026/0500000000,planning,Provision of Maintenance of Courts  Buildings,ocid,ocds-ozzobm-P000019/2025/2026/0500000000
0.releases.2694.relatedProcesses.0,0.releases.2694,0,P000019/2025/2026/0500000000,planning,Provision of Maintenance of Courts  Buildings,ocid,ocds-ozzobm-P000019/2025/2026/0500000000
0.releases.2695.relatedProcesses.0,0.releases.2695,0,P000001/2025/2026/6500003002,planning,WORKFORCE FOR  INFRASTRUCTURE MAINTENANCE AND REHABILITATION WORKS,ocid,ocds-ozzobm-P000001/2025/2026/6500003002
0.releases.2696.relatedProcesses.0,0.releases.2696,0,P000075/2025/2026/6500000000,planning,SUPERVISION FOR CONSTRUCTION OF LATRINES AT EP KARAMA IN JANJA SECTOR,ocid,ocds-ozzobm-P000075/2025/2026/6500000000
0.releases.2697.relatedProcesses.0,0.releases.2697,0,P000075/2025/2026/6500000000,planning,SUPERVISION FOR CONSTRUCTION OF LATRINES AT EP KARAMA IN JANJA SECTOR,ocid,ocds-ozzobm-P000075/2025/2026/6500000000
0.releases.2698.relatedProcesses.0,0.releases.2698,0,P000003/2025/2026/2700000000,planning,Provision of Hotel services and sports facilities.,ocid,ocds-ozzobm-P000003/2025/2026/2700000000
0.releases.2699.relatedProcesses.0,0.releases.2699,0,P000003/2025/2026/2700000000,planning,Provision of Hotel services and sports facilities.,ocid,ocds-ozzobm-P000003/2025/2026/2700000000
0.releases.2700.relatedProcesses.0,0.releases.2700,0,P000003/2025/2026/2700000000,planning,Provision of Hotel services and sports facilities.,ocid,ocds-ozzobm-P000003/2025/2026/2700000000
0.releases.2701.relatedProcesses.0,0.releases.2701,0,P000003/2025/2026/2700000000,planning,Provision of Hotel services and sports facilities.,ocid,ocds-ozzobm-P000003/2025/2026/2700000000
0.releases.2702.relatedProcesses.0,0.releases.2702,0,P000003/2025/2026/2700000000,planning,Provision of Hotel services and sports facilities.,ocid,ocds-ozzobm-P000003/2025/2026/2700000000
0.releases.2703.relatedProcesses.0,0.releases.2703,0,P000003/2025/2026/2700000000,planning,Provision of Hotel services and sports facilities.,ocid,ocds-ozzobm-P000003/2025/2026/2700000000
0.releases.2704.relatedProcesses.0,0.releases.2704,0,P000003/2025/2026/2700000000,planning,Provision of Hotel services and sports facilities.,ocid,ocds-ozzobm-P000003/2025/2026/2700000000
0.releases.2705.relatedProcesses.0,0.releases.2705,0,P000003/2025/2026/2700000000,planning,Provision of Hotel services and sports facilities.,ocid,ocds-ozzobm-P000003/2025/2026/2700000000
0.releases.2706.relatedProcesses.0,0.releases.2706,0,P000003/2025/2026/2700000000,planning,Provision of Hotel services and sports facilities.,ocid,ocds-ozzobm-P000003/2025/2026/2700000000
0.releases.2707.relatedProcesses.0,0.releases.2707,0,P000003/2025/2026/2700000000,planning,Provision of Hotel services and sports facilities.,ocid,ocds-ozzobm-P000003/2025/2026/2700000000
0.releases.2708.relatedProcesses.0,0.releases.2708,0,P000003/2025/2026/2700000000,planning,Provision of Hotel services and sports facilities.,ocid,ocds-ozzobm-P000003/2025/2026/2700000000
0.releases.2709.relatedProcesses.0,0.releases.2709,0,P000003/2025/2026/2700000000,planning,Provision of Hotel services and sports facilities.,ocid,ocds-ozzobm-P000003/2025/2026/2700000000
0.releases.2710.relatedProcesses.0,0.releases.2710,0,P000003/2025/2026/2700000000,planning,Provision of Hotel services and sports facilities.,ocid,ocds-ozzobm-P000003/2025/2026/2700000000
0.releases.2711.relatedProcesses.0,0.releases.2711,0,P000003/2025/2026/2700000000,planning,Provision of Hotel services and sports facilities.,ocid,ocds-ozzobm-P000003/2025/2026/2700000000
0.releases.2712.relatedProcesses.0,0.releases.2712,0,P000003/2025/2026/2700000000,planning,Provision of Hotel services and sports facilities.,ocid,ocds-ozzobm-P000003/2025/2026/2700000000
0.releases.2713.relatedProcesses.0,0.releases.2713,0,P000003/2025/2026/2700000000,planning,Provision of Hotel services and sports facilities.,ocid,ocds-ozzobm-P000003/2025/2026/2700000000
0.releases.2714.relatedProcesses.0,0.releases.2714,0,P000001/2025/2026/1804000000,planning,Supervision of proposed beautifications at Amahoro Stadium,ocid,ocds-ozzobm-P000001/2025/2026/1804000000
0.releases.2715.relatedProcesses.0,0.releases.2715,0,P000031/2025/2026/2701000000,planning,Tender for Construction of Snakes Cages and Shelter,ocid,ocds-ozzobm-P000031/2025/2026/2701000000
0.releases.2716.relatedProcesses.0,0.releases.2716,0,P000046/2025/2026/1603000000,planning,Upgrading the openclinic software (pharmacy module),ocid,ocds-ozzobm-P000046/2025/2026/1603000000
0.releases.2717.relatedProcesses.0,0.releases.2717,0,P000046/2025/2026/1603000000,planning,Upgrading the openclinic software (pharmacy module),ocid,ocds-ozzobm-P000046/2025/2026/1603000000
0.releases.2718.relatedProcesses.0,0.releases.2718,0,P000064/2024/2025/5000000000,planning,Recruitment of Proffessional court bailiff,ocid,ocds-ozzobm-P000064/2024/2025/5000000000
0.releases.2719.relatedProcesses.0,0.releases.2719,0,P000064/2024/2025/5000000000,planning,Recruitment of Proffessional court bailiff,ocid,ocds-ozzobm-P000064/2024/2025/5000000000
0.releases.2720.relatedProcesses.0,0.releases.2720,0,P000072/2025/2026/0300000000,planning,Acquisition of Sport  Facilities for  the Parliament of Rwanda,ocid,ocds-ozzobm-P000072/2025/2026/0300000000
0.releases.2721.relatedProcesses.0,0.releases.2721,0,P000004/2025/2026/1400000000,planning,Supply of Bricks for construction of science laboratories,ocid,ocds-ozzobm-P000004/2025/2026/1400000000
0.releases.2722.relatedProcesses.0,0.releases.2722,0,P000004/2025/2026/1400000000,planning,Supply of Bricks for construction of science laboratories,ocid,ocds-ozzobm-P000004/2025/2026/1400000000
0.releases.2723.relatedProcesses.0,0.releases.2723,0,P000064/2024/2025/5000000000,planning,Recruitment of Proffessional court bailiff,ocid,ocds-ozzobm-P000064/2024/2025/5000000000
0.releases.2724.relatedProcesses.0,0.releases.2724,0,P000072/2025/2026/0300000000,planning,Acquisition of Sport  Facilities for  the Parliament of Rwanda,ocid,ocds-ozzobm-P000072/2025/2026/0300000000
0.releases.2725.relatedProcesses.0,0.releases.2725,0,P000038/2025/2026/6100000000,planning,Tender for hiring a consultant firm for property valuation of Burera District,ocid,ocds-ozzobm-P000038/2025/2026/6100000000
0.releases.2726.relatedProcesses.0,0.releases.2726,0,P000004/2025/2026/1420000000,planning,"Provision of Security services to RTB Head office, RSAM and Kiyumba",ocid,ocds-ozzobm-P000004/2025/2026/1420000000
0.releases.2727.relatedProcesses.0,0.releases.2727,0,P000082/2025/2026/6300000000,planning,Consultancy services for feasibility study of extension of water Supply System in Musanze Sector,ocid,ocds-ozzobm-P000082/2025/2026/6300000000
0.releases.2728.relatedProcesses.0,0.releases.2728,0,P000002/2024/2025/6000000000,planning,Codification of Rutsiro District office equipment,ocid,ocds-ozzobm-P000002/2024/2025/6000000000
0.releases.2729.relatedProcesses.0,0.releases.2729,0,P000028/2025/2026/6000000000,planning,Management of pig slaughter house of Rutsiro District,ocid,ocds-ozzobm-P000028/2025/2026/6000000000
0.releases.2730.relatedProcesses.0,0.releases.2730,0,P000002/2025/2026/1421000000,planning,Provision of Hotel services of 2 and 3 stars  across the country under Framework contract,ocid,ocds-ozzobm-P000002/2025/2026/1421000000
0.releases.2731.relatedProcesses.0,0.releases.2731,0,P000002/2025/2026/1421000000,planning,Provision of Hotel services of 2 and 3 stars  across the country under Framework contract,ocid,ocds-ozzobm-P000002/2025/2026/1421000000
0.releases.2732.relatedProcesses.0,0.releases.2732,0,P000002/2025/2026/1421000000,planning,Provision of Hotel services of 2 and 3 stars  across the country under Framework contract,ocid,ocds-ozzobm-P000002/2025/2026/1421000000
0.releases.2733.relatedProcesses.0,0.releases.2733,0,P000002/2025/2026/1421000000,planning,Provision of Hotel services of 2 and 3 stars  across the country under Framework contract,ocid,ocds-ozzobm-P000002/2025/2026/1421000000
0.releases.2734.relatedProcesses.0,0.releases.2734,0,P000002/2025/2026/1421000000,planning,Provision of Hotel services of 2 and 3 stars  across the country under Framework contract,ocid,ocds-ozzobm-P000002/2025/2026/1421000000
0.releases.2735.relatedProcesses.0,0.releases.2735,0,P000002/2025/2026/1421000000,planning,Provision of Hotel services of 2 and 3 stars  across the country under Framework contract,ocid,ocds-ozzobm-P000002/2025/2026/1421000000
0.releases.2736.relatedProcesses.0,0.releases.2736,0,P000002/2025/2026/1421000000,planning,Provision of Hotel services of 2 and 3 stars  across the country under Framework contract,ocid,ocds-ozzobm-P000002/2025/2026/1421000000
0.releases.2737.relatedProcesses.0,0.releases.2737,0,P000002/2025/2026/1421000000,planning,Provision of Hotel services of 2 and 3 stars  across the country under Framework contract,ocid,ocds-ozzobm-P000002/2025/2026/1421000000
0.releases.2738.relatedProcesses.0,0.releases.2738,0,P000002/2025/2026/1421000000,planning,Provision of Hotel services of 2 and 3 stars  across the country under Framework contract,ocid,ocds-ozzobm-P000002/2025/2026/1421000000
0.releases.2739.relatedProcesses.0,0.releases.2739,0,P000002/2025/2026/1421000000,planning,Provision of Hotel services of 2 and 3 stars  across the country under Framework contract,ocid,ocds-ozzobm-P000002/2025/2026/1421000000
0.releases.2740.relatedProcesses.0,0.releases.2740,0,P000002/2025/2026/1421000000,planning,Provision of Hotel services of 2 and 3 stars  across the country under Framework contract,ocid,ocds-ozzobm-P000002/2025/2026/1421000000
0.releases.2741.relatedProcesses.0,0.releases.2741,0,P000002/2025/2026/1421000000,planning,Provision of Hotel services of 2 and 3 stars  across the country under Framework contract,ocid,ocds-ozzobm-P000002/2025/2026/1421000000
0.releases.2742.relatedProcesses.0,0.releases.2742,0,P000002/2025/2026/1421000000,planning,Provision of Hotel services of 2 and 3 stars  across the country under Framework contract,ocid,ocds-ozzobm-P000002/2025/2026/1421000000
0.releases.2743.relatedProcesses.0,0.releases.2743,0,P000002/2025/2026/1421000000,planning,Provision of Hotel services of 2 and 3 stars  across the country under Framework contract,ocid,ocds-ozzobm-P000002/2025/2026/1421000000
0.releases.2744.relatedProcesses.0,0.releases.2744,0,P000002/2025/2026/1421000000,planning,Provision of Hotel services of 2 and 3 stars  across the country under Framework contract,ocid,ocds-ozzobm-P000002/2025/2026/1421000000
0.releases.2745.relatedProcesses.0,0.releases.2745,0,P000002/2025/2026/1421000000,planning,Provision of Hotel services of 2 and 3 stars  across the country under Framework contract,ocid,ocds-ozzobm-P000002/2025/2026/1421000000
0.releases.2746.relatedProcesses.0,0.releases.2746,0,P000002/2025/2026/1421000000,planning,Provision of Hotel services of 2 and 3 stars  across the country under Framework contract,ocid,ocds-ozzobm-P000002/2025/2026/1421000000
0.releases.2747.relatedProcesses.0,0.releases.2747,0,P000092/2025/2026/0702000000,planning,Acquisition  of tea break required for the RCS staff,ocid,ocds-ozzobm-P000092/2025/2026/0702000000
0.releases.2748.relatedProcesses.0,0.releases.2748,0,P000007/2023/2024/4600003001,planning,TENDER FOR GARAGE SERVICES,ocid,ocds-ozzobm-P000007/2023/2024/4600003001
0.releases.2749.relatedProcesses.0,0.releases.2749,0,P000029/2025/2026/6400000000,planning,"Provision of Fuels for Vehicles, Motorbikes and standby generator of Rulindo District",ocid,ocds-ozzobm-P000029/2025/2026/6400000000
0.releases.2750.relatedProcesses.0,0.releases.2750,0,P000067/2025/2026/4400000000,planning,Purchase and supply of dryer machine for beneficiaries,ocid,ocds-ozzobm-P000067/2025/2026/4400000000
0.releases.2751.relatedProcesses.0,0.releases.2751,0,P000004/2023/2024/4600003001,planning,TENDER FOR MAINTENANCE OF HOSPITAL BUILDING,ocid,ocds-ozzobm-P000004/2023/2024/4600003001
0.releases.2752.relatedProcesses.0,0.releases.2752,0,P000014/2025/2026/4700003001,planning,Maintain vehicles and motorcycles of the hospital,ocid,ocds-ozzobm-P000014/2025/2026/4700003001
0.releases.2753.relatedProcesses.0,0.releases.2753,0,P000043/2025/2026/4500000000,planning,Construction of Nyagashanga cell in Karangazi Sector,ocid,ocds-ozzobm-P000043/2025/2026/4500000000
0.releases.2754.relatedProcesses.0,0.releases.2754,0,P000019/2023/2024/1420000000,planning,Provision of sport facilities to RTB Staff,ocid,ocds-ozzobm-P000019/2023/2024/1420000000
0.releases.2755.relatedProcesses.0,0.releases.2755,0,P000040/2025/2026/1500000000,planning,Installation of a dedicated booster pump and Pipeline for Amahoro Stadium,ocid,ocds-ozzobm-P000040/2025/2026/1500000000
0.releases.2756.relatedProcesses.0,0.releases.2756,0,P000185/2025/2026/1203000000,planning,Provision of full Communication consultacy services to RRA (Framework Contract),ocid,ocds-ozzobm-P000185/2025/2026/1203000000
0.releases.2757.relatedProcesses.0,0.releases.2757,0,P000003/2025/2026/2700000000,planning,Provision of Hotel services and sports facilities.,ocid,ocds-ozzobm-P000003/2025/2026/2700000000
0.releases.2758.relatedProcesses.0,0.releases.2758,0,P000001/2025/2026/1421000000,planning,Supply of Office Stationaries for NESA staff under Framework agreement,ocid,ocds-ozzobm-P000001/2025/2026/1421000000
0.releases.2759.relatedProcesses.0,0.releases.2759,0,P000042/2025/2026/6000000000,planning,Framework tender for Hotel Services for Rutsiro District Staff and visitors out of District,ocid,ocds-ozzobm-P000042/2025/2026/6000000000
0.releases.2760.relatedProcesses.0,0.releases.2760,0,P000019/2025/2026/0500000000,planning,Provision of Maintenance of Courts  Buildings,ocid,ocds-ozzobm-P000019/2025/2026/0500000000
0.releases.2761.relatedProcesses.0,0.releases.2761,0,P000002/2024/2025/6000000000,planning,Codification of Rutsiro District office equipment,ocid,ocds-ozzobm-P000002/2024/2025/6000000000
0.releases.2762.relatedProcesses.0,0.releases.2762,0,P000075/2025/2026/6500000000,planning,SUPERVISION FOR CONSTRUCTION OF LATRINES AT EP KARAMA IN JANJA SECTOR,ocid,ocds-ozzobm-P000075/2025/2026/6500000000
0.releases.2763.relatedProcesses.0,0.releases.2763,0,P000098/2024/2025/4800000000,planning,Protection of radical terraces by Agroforestry trees/shrubs(1500 trees/shrubs/ha ) in Ha,ocid,ocds-ozzobm-P000098/2024/2025/4800000000
0.releases.2764.relatedProcesses.0,0.releases.2764,0,P000029/2025/2026/2500000000,planning,Provision of car wash services,ocid,ocds-ozzobm-P000029/2025/2026/2500000000
0.releases.2765.relatedProcesses.0,0.releases.2765,0,P000001/2025/2026/1421000000,planning,Supply of Office Stationaries for NESA staff under Framework agreement,ocid,ocds-ozzobm-P000001/2025/2026/1421000000
0.releases.2766.relatedProcesses.0,0.releases.2766,0,P000015/2023/2024/0700000000,planning,Provision of security services and other related equipment,ocid,ocds-ozzobm-P000015/2023/2024/0700000000
0.releases.2767.relatedProcesses.0,0.releases.2767,0,P000040/2023/2024/5900000000,planning,"supply of food, wood, material of hygiene, clothes and bed-clothes in Nyamasheke District",ocid,ocds-ozzobm-P000040/2023/2024/5900000000
0.releases.2768.relatedProcesses.0,0.releases.2768,0,P000076/2024/2025/1903001001,planning,Public service Migration on Irembo Low-code/No-Code Platform and Capacity Building,ocid,ocds-ozzobm-P000076/2024/2025/1903001001
0.releases.2769.relatedProcesses.0,0.releases.2769,0,P000001/2025/2026/2903001007,planning,Recruitment of consultancy firm to conduct the Midi-Term Review of COMBIO Project,ocid,ocds-ozzobm-P000001/2025/2026/2903001007
0.releases.2770.relatedProcesses.0,0.releases.2770,0,P000014/2024/2025/6500000000,planning,PURCHASE AND SUPPLY OF MILK IN ONE CUP PER CHILD PROGRAMM,ocid,ocds-ozzobm-P000014/2024/2025/6500000000
0.releases.2771.relatedProcesses.0,0.releases.2771,0,P000040/2023/2024/5900000000,planning,"supply of food, wood, material of hygiene, clothes and bed-clothes in Nyamasheke District",ocid,ocds-ozzobm-P000040/2023/2024/5900000000
0.releases.2772.relatedProcesses.0,0.releases.2772,0,P000120/2025/2026/0108000000,planning,lHiring hotel/M Hotel,ocid,ocds-ozzobm-P000120/2025/2026/0108000000
0.releases.2773.relatedProcesses.0,0.releases.2773,0,P000006/2024/2025/4200003001,planning,Tender of  all supplies,ocid,ocds-ozzobm-P000006/2024/2025/4200003001
0.releases.2774.relatedProcesses.0,0.releases.2774,0,P000005/2024/2025/4200003001,planning,Tender of Insurance of vehicle and motocycle and fire for building,ocid,ocds-ozzobm-P000005/2024/2025/4200003001
0.releases.2775.relatedProcesses.0,0.releases.2775,0,P000049/2025/2026/0400000000,planning,"Hiring tents, chairs, tables and decoration services",ocid,ocds-ozzobm-P000049/2025/2026/0400000000
0.releases.2776.relatedProcesses.0,0.releases.2776,0,P000001/2025/2026/6500003002,planning,WORKFORCE FOR  INFRASTRUCTURE MAINTENANCE AND REHABILITATION WORKS,ocid,ocds-ozzobm-P000001/2025/2026/6500003002
0.releases.2777.relatedProcesses.0,0.releases.2777,0,P000050/2025/2026/4000000000,planning,VACCINATION AND INSEMINATION OF ANIMALS IN NGOMA DISTRICT,ocid,ocds-ozzobm-P000050/2025/2026/4000000000
0.releases.2778.relatedProcesses.0,0.releases.2778,0,P000001/2024/2025/4000003001,planning,Provision of cleaning services,ocid,ocds-ozzobm-P000001/2024/2025/4000003001
0.releases.2779.relatedProcesses.0,0.releases.2779,0,P000040/2025/2026/0901001015,planning,Provision of car wash services,ocid,ocds-ozzobm-P000040/2025/2026/0901001015
0.releases.2780.relatedProcesses.0,0.releases.2780,0,P000049/2025/2026/0400000000,planning,"Hiring tents, chairs, tables and decoration services",ocid,ocds-ozzobm-P000049/2025/2026/0400000000
0.releases.2781.relatedProcesses.0,0.releases.2781,0,P000021/2025/2026/4900000000,planning,BF- Feasibility Study of Rehabilitation of Mugombwa Health Center,ocid,ocds-ozzobm-P000021/2025/2026/4900000000
0.releases.2782.relatedProcesses.0,0.releases.2782,0,P000012/2025/2026/5400000000,planning,Annual framework tender for supply of small stock to Rusizi District,ocid,ocds-ozzobm-P000012/2025/2026/5400000000
0.releases.2783.relatedProcesses.0,0.releases.2783,0,P000043/2025/2026/1808000000,planning,Implimentation of Nzove 3 water treatment plant upgrade,ocid,ocds-ozzobm-P000043/2025/2026/1808000000
0.releases.2784.relatedProcesses.0,0.releases.2784,0,P000008/2025/2026/2700000000,planning,Codification of ministry's assets(MOYA HQ) and Kimisagara Youth,ocid,ocds-ozzobm-P000008/2025/2026/2700000000
0.releases.2785.relatedProcesses.0,0.releases.2785,0,P000030/2025/2026/4900000000,planning,Supply of Agroforest trees and reeds,ocid,ocds-ozzobm-P000030/2025/2026/4900000000
0.releases.2786.relatedProcesses.0,0.releases.2786,0,P000026/2023/2024/2201000000,planning,Provision of services of washing bays,ocid,ocds-ozzobm-P000026/2023/2024/2201000000
0.releases.2787.relatedProcesses.0,0.releases.2787,0,P000043/2025/2026/1808000000,planning,Implimentation of Nzove 3 water treatment plant upgrade,ocid,ocds-ozzobm-P000043/2025/2026/1808000000
0.releases.2788.relatedProcesses.0,0.releases.2788,0,P000018/2025/2026/5700003002,planning,Codification and assets valuation,ocid,ocds-ozzobm-P000018/2025/2026/5700003002
0.releases.2789.relatedProcesses.0,0.releases.2789,0,P000018/2025/2026/5700003002,planning,Codification and assets valuation,ocid,ocds-ozzobm-P000018/2025/2026/5700003002
0.releases.2790.relatedProcesses.0,0.releases.2790,0,P000022/2024/2025/1808000000,planning,"Construction of  Latrines for Schools, Public places and Health facilities",ocid,ocds-ozzobm-P000022/2024/2025/1808000000
0.releases.2791.relatedProcesses.0,0.releases.2791,0,P000022/2024/2025/1808000000,planning,"Construction of  Latrines for Schools, Public places and Health facilities",ocid,ocds-ozzobm-P000022/2024/2025/1808000000
0.releases.2792.relatedProcesses.0,0.releases.2792,0,P000022/2024/2025/1808000000,planning,"Construction of  Latrines for Schools, Public places and Health facilities",ocid,ocds-ozzobm-P000022/2024/2025/1808000000
0.releases.2793.relatedProcesses.0,0.releases.2793,0,P000012/2023/2024/1420000000,planning,Provision of Hotel and restaurant services to RTB,ocid,ocds-ozzobm-P000012/2023/2024/1420000000
0.releases.2794.relatedProcesses.0,0.releases.2794,0,P000018/2025/2026/2901000000,planning,Provision of Maintenance services for water dispensers and refrigerator and their spare parts,ocid,ocds-ozzobm-P000018/2025/2026/2901000000
0.releases.2795.relatedProcesses.0,0.releases.2795,0,P000018/2025/2026/2901000000,planning,Provision of Maintenance services for water dispensers and refrigerator and their spare parts,ocid,ocds-ozzobm-P000018/2025/2026/2901000000
0.releases.2796.relatedProcesses.0,0.releases.2796,0,P000019/2023/2024/1420000000,planning,Provision of sport facilities to RTB Staff,ocid,ocds-ozzobm-P000019/2023/2024/1420000000
0.releases.2797.relatedProcesses.0,0.releases.2797,0,P000006/2025/2026/0113000000,planning,Provision of Printing Services and Promotional Materials for RAEB,ocid,ocds-ozzobm-P000006/2025/2026/0113000000
0.releases.2798.relatedProcesses.0,0.releases.2798,0,P000031/2025/2026/2701000000,planning,Tender for Construction of Snakes Cages and Shelter,ocid,ocds-ozzobm-P000031/2025/2026/2701000000
0.releases.2799.relatedProcesses.0,0.releases.2799,0,P000004/2025/2026/1420000000,planning,"Provision of Security services to RTB Head office, RSAM and Kiyumba",ocid,ocds-ozzobm-P000004/2025/2026/1420000000
0.releases.2800.relatedProcesses.0,0.releases.2800,0,P000034/2025/2026/1204000000,planning,Hiring a Skilled experts in handling procurement assignments (Experts in procurement of all types of tenders),ocid,ocds-ozzobm-P000034/2025/2026/1204000000
0.releases.2801.relatedProcesses.0,0.releases.2801,0,P000091/2025/2026/0702000000,planning,Acquisition of Batteries for RCS Vehicles and Motorcycles,ocid,ocds-ozzobm-P000091/2025/2026/0702000000
0.releases.2802.relatedProcesses.0,0.releases.2802,0,P000018/2025/2026/5700003002,planning,Codification and assets valuation,ocid,ocds-ozzobm-P000018/2025/2026/5700003002
0.releases.2803.relatedProcesses.0,0.releases.2803,0,P000019/2025/2026/8400000000,planning,Supply of Office Furniture,ocid,ocds-ozzobm-P000019/2025/2026/8400000000
0.releases.2804.relatedProcesses.0,0.releases.2804,0,P000001/2025/2026/1804000000,planning,Supervision of proposed beautifications at Amahoro Stadium,ocid,ocds-ozzobm-P000001/2025/2026/1804000000
0.releases.2805.relatedProcesses.0,0.releases.2805,0,P000040/2025/2026/1500000000,planning,Installation of a dedicated booster pump and Pipeline for Amahoro Stadium,ocid,ocds-ozzobm-P000040/2025/2026/1500000000
0.releases.2806.relatedProcesses.0,0.releases.2806,0,P000100/2023/2024/1417000000,planning,Supply and Installation of cabling materials (FRAMEWORK),ocid,ocds-ozzobm-P000100/2023/2024/1417000000
0.releases.2807.relatedProcesses.0,0.releases.2807,0,P000009/2025/2026/1005000000,planning,EVENT MANAGEMENT,ocid,ocds-ozzobm-P000009/2025/2026/1005000000
0.releases.2808.relatedProcesses.0,0.releases.2808,0,P000028/2025/2026/1606000000,planning,Framework contract for Production of Audio-Visual Content,ocid,ocds-ozzobm-P000028/2025/2026/1606000000
0.releases.2809.relatedProcesses.0,0.releases.2809,0,P000028/2025/2026/6100000000,planning,Supply and installation of security metal detection tools and its accessories (ICT infrastructure) at Burera District Headquarters,ocid,ocds-ozzobm-P000028/2025/2026/6100000000
0.releases.2810.relatedProcesses.0,0.releases.2810,0,P000053/2025/2026/6100000000,planning,Supervision of construction of 85 latrines,ocid,ocds-ozzobm-P000053/2025/2026/6100000000
0.releases.2811.relatedProcesses.0,0.releases.2811,0,P000009/2025/2026/0701000000,planning,SUPPLY OF DOUBLE DECKER METTALIC BEDS ON FRAMEWORK AGREEMENT,ocid,ocds-ozzobm-P000009/2025/2026/0701000000
0.releases.2812.relatedProcesses.0,0.releases.2812,0,P000007/2024/2025/1302000000,planning,Supply of Beverages for ILPD,ocid,ocds-ozzobm-P000007/2024/2025/1302000000
0.releases.2813.relatedProcesses.0,0.releases.2813,0,P000003/2025/2026/2903001008,planning,Acquisition of 7 motocyles,ocid,ocds-ozzobm-P000003/2025/2026/2903001008
0.releases.2814.relatedProcesses.0,0.releases.2814,0,P000014/2024/2025/1302000000,planning,Supply of  Plumbing Equipment,ocid,ocds-ozzobm-P000014/2024/2025/1302000000
0.releases.2815.relatedProcesses.0,0.releases.2815,0,P000021/2024/2025/1302000000,planning,Supply of hostel amenities,ocid,ocds-ozzobm-P000021/2024/2025/1302000000
0.releases.2816.relatedProcesses.0,0.releases.2816,0,P000110/2024/2025/6100000000,planning,Construction of 7 Classrooms under PPD Basket fund program,ocid,ocds-ozzobm-P000110/2024/2025/6100000000
0.releases.2817.relatedProcesses.0,0.releases.2817,0,P000107/2025/2026/1804000000,planning,Regular Maintenance of  MINUBUMWE Genocide  Memorials and National  Ubutore Development  Center NKUMBA (NUDC  NKUMBA),ocid,ocds-ozzobm-P000107/2025/2026/1804000000
0.releases.2818.relatedProcesses.0,0.releases.2818,0,P000002/2025/2026/4800003001,planning,Tender for supply of fuel at Kaduha DH,ocid,ocds-ozzobm-P000002/2025/2026/4800003001
0.releases.2819.relatedProcesses.0,0.releases.2819,0,P000002/2025/2026/4800003001,planning,Tender for supply of fuel at Kaduha DH,ocid,ocds-ozzobm-P000002/2025/2026/4800003001
0.releases.2820.relatedProcesses.0,0.releases.2820,0,P000036/2022/2023/6300000000,planning,Automobile Insurance,ocid,ocds-ozzobm-P000036/2022/2023/6300000000
0.releases.2821.relatedProcesses.0,0.releases.2821,0,P000105/2025/2026/0702000000,planning,Acquisition Of Office Furniture and office equipment for Rwamagana Social Reintegration centre,ocid,ocds-ozzobm-P000105/2025/2026/0702000000
0.releases.2822.relatedProcesses.0,0.releases.2822,0,P000100/2023/2024/1417000000,planning,Supply and Installation of cabling materials (FRAMEWORK),ocid,ocds-ozzobm-P000100/2023/2024/1417000000
0.releases.2823.relatedProcesses.0,0.releases.2823,0,P000027/2025/2026/1302000000,planning,Provision of Engraving Services for ILPD Assets under framework contract,ocid,ocds-ozzobm-P000027/2025/2026/1302000000
0.releases.2824.relatedProcesses.0,0.releases.2824,0,P000121/2025/2026/5900000000,planning,"Supply of EHS materials, registers and sisal ropes",ocid,ocds-ozzobm-P000121/2025/2026/5900000000
0.releases.2825.relatedProcesses.0,0.releases.2825,0,P000121/2025/2026/5900000000,planning,"Supply of EHS materials, registers and sisal ropes",ocid,ocds-ozzobm-P000121/2025/2026/5900000000
0.releases.2826.relatedProcesses.0,0.releases.2826,0,P000010/2025/2026/1500000000,planning,Supply of fuel,ocid,ocds-ozzobm-P000010/2025/2026/1500000000
0.releases.2827.relatedProcesses.0,0.releases.2827,0,P000010/2025/2026/1500000000,planning,Supply of fuel,ocid,ocds-ozzobm-P000010/2025/2026/1500000000
0.releases.2828.relatedProcesses.0,0.releases.2828,0,P000013/2025/2026/1302000000,planning,Provision of Decoration Services under Framework Contract,ocid,ocds-ozzobm-P000013/2025/2026/1302000000
0.releases.2829.relatedProcesses.0,0.releases.2829,0,P000025/2025/2026/5500003001,planning,Rehabilitation of Radiology room,ocid,ocds-ozzobm-P000025/2025/2026/5500003001
0.releases.2830.relatedProcesses.0,0.releases.2830,0,P000025/2025/2026/5500003001,planning,Rehabilitation of Radiology room,ocid,ocds-ozzobm-P000025/2025/2026/5500003001
0.releases.2831.relatedProcesses.0,0.releases.2831,0,P000021/2024/2025/1601000000,planning,Laboratory reagents,ocid,ocds-ozzobm-P000021/2024/2025/1601000000
0.releases.2832.relatedProcesses.0,0.releases.2832,0,P000021/2024/2025/1601000000,planning,Laboratory reagents,ocid,ocds-ozzobm-P000021/2024/2025/1601000000
0.releases.2833.relatedProcesses.0,0.releases.2833,0,P000047/2025/2026/6000000000,planning,Framework tender for provision of Cars and transport services in Rutsiro District,ocid,ocds-ozzobm-P000047/2025/2026/6000000000
0.releases.2834.relatedProcesses.0,0.releases.2834,0,P000039/2025/2026/2605000000,planning,"Provision of eyeglasses, prothesis and hearing aids",ocid,ocds-ozzobm-P000039/2025/2026/2605000000
0.releases.2835.relatedProcesses.0,0.releases.2835,0,P000046/2025/2026/4200000000,planning,Supply and fix windows and doors in Classrooms with house furniture,ocid,ocds-ozzobm-P000046/2025/2026/4200000000
0.releases.2836.relatedProcesses.0,0.releases.2836,0,P000021/2024/2025/1601000000,planning,Laboratory reagents,ocid,ocds-ozzobm-P000021/2024/2025/1601000000
0.releases.2837.relatedProcesses.0,0.releases.2837,0,P000021/2024/2025/1601000000,planning,Laboratory reagents,ocid,ocds-ozzobm-P000021/2024/2025/1601000000
0.releases.2838.relatedProcesses.0,0.releases.2838,0,P000022/2025/2026/2313000000,planning,"Provision of hotel services (hiring of conference halls, workshops, trainings, accommodations, restaurants and receptions outside of Kigali (framework contract)",ocid,ocds-ozzobm-P000022/2025/2026/2313000000
0.releases.2839.relatedProcesses.0,0.releases.2839,0,P000049/2025/2026/5600000000,planning,"Tender for Supply and installation of acoustic Solution,security checking equipment, outdoor display screen, remoted curtains, projectors and HVAC Systems in Rubavu District Hall",ocid,ocds-ozzobm-P000049/2025/2026/5600000000
0.releases.2840.relatedProcesses.0,0.releases.2840,0,P000074/2025/2026/5600000000,planning,Tender of Supply of Materials for   houses  of  Genocide Survivors,ocid,ocds-ozzobm-P000074/2025/2026/5600000000
0.releases.2841.relatedProcesses.0,0.releases.2841,0,P000003/2025/2026/2903001008,planning,Acquisition of 7 motocyles,ocid,ocds-ozzobm-P000003/2025/2026/2903001008
0.releases.2842.relatedProcesses.0,0.releases.2842,0,P000002/2025/2026/1420000000,planning,SUPERVISION SERVICES FOR REHABILITATION AND EXPANSION OF CYANIKA IN NYAMAGABE DISTRICT AND MUHORORO TVET SCHOOLS IN KARONGI DISTRICT.,ocid,ocds-ozzobm-P000002/2025/2026/1420000000
0.releases.2843.relatedProcesses.0,0.releases.2843,0,P000069/2025/2026/5600000000,planning,"Acquisition of Office equipment,furniture and fittings",ocid,ocds-ozzobm-P000069/2025/2026/5600000000
0.releases.2844.relatedProcesses.0,0.releases.2844,0,P000025/2025/2026/5500003001,planning,Rehabilitation of Radiology room,ocid,ocds-ozzobm-P000025/2025/2026/5500003001
0.releases.2845.relatedProcesses.0,0.releases.2845,0,P000026/2025/2026/5600000000,planning,Tender for Draining warks of public latrines in Rubavu District,ocid,ocds-ozzobm-P000026/2025/2026/5600000000
0.releases.2846.relatedProcesses.0,0.releases.2846,0,P000021/2025/2026/4300003002,planning,Tender for renting a warehouse for IRS materials,ocid,ocds-ozzobm-P000021/2025/2026/4300003002
0.releases.2847.relatedProcesses.0,0.releases.2847,0,P000007/2025/2026/5100003001,planning,"Rehabilitation  and maintenance of hospital's damaged walls  (rigolet, current kitchen ,parking  , Hangar, windows, doors, mortuary , toilet  and other ground)",ocid,ocds-ozzobm-P000007/2025/2026/5100003001
0.releases.2848.relatedProcesses.0,0.releases.2848,0,P000037/2025/2026/1800000000,planning,Tender for annual supply of office stationery for MININFRA,ocid,ocds-ozzobm-P000037/2025/2026/1800000000
0.releases.2849.relatedProcesses.0,0.releases.2849,0,P000053/2025/2026/1800000000,planning,Consultancy service for  urban design services in the City of Kigali and other districts.,ocid,ocds-ozzobm-P000053/2025/2026/1800000000
0.releases.2850.relatedProcesses.0,0.releases.2850,0,P000035/2025/2026/1204000000,planning,Hiring a Skilled experts in handling procurement assignments (Experts in procurement of works and consultancy services,ocid,ocds-ozzobm-P000035/2025/2026/1204000000
0.releases.2851.relatedProcesses.0,0.releases.2851,0,P000037/2025/2026/4800003002,planning,Maintenance and/or Repairs of Kigeme Hospital Buildings,ocid,ocds-ozzobm-P000037/2025/2026/4800003002
0.releases.2852.relatedProcesses.0,0.releases.2852,0,P000011/2025/2026/4800003002,planning,Supply of tyres for Kigeme District Hospital's moto vehicles,ocid,ocds-ozzobm-P000011/2025/2026/4800003002
0.releases.2853.relatedProcesses.0,0.releases.2853,0,P000013/2025/2026/1302000000,planning,Provision of Decoration Services under Framework Contract,ocid,ocds-ozzobm-P000013/2025/2026/1302000000
0.releases.2854.relatedProcesses.0,0.releases.2854,0,P000132/2025/2026/1417000000,planning,Swimming subscription for Teaching physical education and sports,ocid,ocds-ozzobm-P000132/2025/2026/1417000000
0.releases.2855.relatedProcesses.0,0.releases.2855,0,P000010/2025/2026/1500000000,planning,Supply of fuel,ocid,ocds-ozzobm-P000010/2025/2026/1500000000
0.releases.2856.relatedProcesses.0,0.releases.2856,0,P000031/2025/2026/5700000000,planning,Provision of loading and unloading service,ocid,ocds-ozzobm-P000031/2025/2026/5700000000
0.releases.2857.relatedProcesses.0,0.releases.2857,0,P000031/2025/2026/5700000000,planning,Provision of loading and unloading service,ocid,ocds-ozzobm-P000031/2025/2026/5700000000
0.releases.2858.relatedProcesses.0,0.releases.2858,0,P000033/2025/2026/6400000000,planning,Purchase and supply of Food Supplies for Civic engagement through national service (Urugerero) in Rulindo District,ocid,ocds-ozzobm-P000033/2025/2026/6400000000
0.releases.2859.relatedProcesses.0,0.releases.2859,0,P000033/2025/2026/6400000000,planning,Purchase and supply of Food Supplies for Civic engagement through national service (Urugerero) in Rulindo District,ocid,ocds-ozzobm-P000033/2025/2026/6400000000
0.releases.2860.relatedProcesses.0,0.releases.2860,0,P000034/2025/2026/1204000000,planning,Hiring a Skilled experts in handling procurement assignments (Experts in procurement of all types of tenders),ocid,ocds-ozzobm-P000034/2025/2026/1204000000
0.releases.2861.relatedProcesses.0,0.releases.2861,0,P000035/2025/2026/1204000000,planning,Hiring a Skilled experts in handling procurement assignments (Experts in procurement of works and consultancy services,ocid,ocds-ozzobm-P000035/2025/2026/1204000000
0.releases.2862.relatedProcesses.0,0.releases.2862,0,P000045/2024/2025/4400000000,planning,"Service For Maintenance And Repair ,Provision Of Wheels ,Batteries And Various Spares Parts For Vehicles And Motorcycles Of Kirehe District",ocid,ocds-ozzobm-P000045/2024/2025/4400000000
0.releases.2863.relatedProcesses.0,0.releases.2863,0,P000061/2025/2026/0400000000,planning,Branding for NUC(print production and installation),ocid,ocds-ozzobm-P000061/2025/2026/0400000000
0.releases.2864.relatedProcesses.0,0.releases.2864,0,P000061/2025/2026/0400000000,planning,Branding for NUC(print production and installation),ocid,ocds-ozzobm-P000061/2025/2026/0400000000
0.releases.2865.relatedProcesses.0,0.releases.2865,0,P000034/2025/2026/1204000000,planning,Hiring a Skilled experts in handling procurement assignments (Experts in procurement of all types of tenders),ocid,ocds-ozzobm-P000034/2025/2026/1204000000
0.releases.2866.relatedProcesses.0,0.releases.2866,0,P000015/2023/2024/0108000004,planning,Provision of Printing Services:                  Lot 1: Examination Booklets and Logbooks                    Lot 2: Promotional Materials,ocid,ocds-ozzobm-P000015/2023/2024/0108000004
0.releases.2867.relatedProcesses.0,0.releases.2867,0,P000061/2025/2026/0400000000,planning,Branding for NUC(print production and installation),ocid,ocds-ozzobm-P000061/2025/2026/0400000000
0.releases.2868.relatedProcesses.0,0.releases.2868,0,P000035/2025/2026/1204000000,planning,Hiring a Skilled experts in handling procurement assignments (Experts in procurement of works and consultancy services,ocid,ocds-ozzobm-P000035/2025/2026/1204000000
0.releases.2869.relatedProcesses.0,0.releases.2869,0,P000013/2025/2026/2000000000,planning,Framework tender related to hiring an insurance  company  for provision  of fire and allied perils insurance services for  MIFOTRA assets,ocid,ocds-ozzobm-P000013/2025/2026/2000000000
0.releases.2870.relatedProcesses.0,0.releases.2870,0,P000013/2025/2026/2000000000,planning,Framework tender related to hiring an insurance  company  for provision  of fire and allied perils insurance services for  MIFOTRA assets,ocid,ocds-ozzobm-P000013/2025/2026/2000000000
0.releases.2871.relatedProcesses.0,0.releases.2871,0,P000015/2024/2025/2314000000,planning,Provision of Hotel Services to NCPD,ocid,ocds-ozzobm-P000015/2024/2025/2314000000
0.releases.2872.relatedProcesses.0,0.releases.2872,0,P000001/2025/2026/2314000000,planning,Supply of Assistive Devices,ocid,ocds-ozzobm-P000001/2025/2026/2314000000
0.releases.2873.relatedProcesses.0,0.releases.2873,0,P000061/2025/2026/0400000000,planning,Branding for NUC(print production and installation),ocid,ocds-ozzobm-P000061/2025/2026/0400000000
0.releases.2874.relatedProcesses.0,0.releases.2874,0,P000045/2025/2026/2315000000,planning,Hiring STAGE for RBA HAFI YAWE OUTREACH Program,ocid,ocds-ozzobm-P000045/2025/2026/2315000000
0.releases.2875.relatedProcesses.0,0.releases.2875,0,P000024/2025/2026/0701000000,planning,SUPPLY OF DRUGS AND MEDICAL CONSUMABLES FOR FPU ROTATIONS ON FRAMEWORK AGREEMENT,ocid,ocds-ozzobm-P000024/2025/2026/0701000000
0.releases.2876.relatedProcesses.0,0.releases.2876,0,P000078/2025/2026/1001000000,planning,Supply of Legal metrology seals to RSB (Framework contract),ocid,ocds-ozzobm-P000078/2025/2026/1001000000
0.releases.2877.relatedProcesses.0,0.releases.2877,0,P000070/2023/2024/6300000000,planning,Supply of T-Shirt and Lacoste for Itorero Program,ocid,ocds-ozzobm-P000070/2023/2024/6300000000
0.releases.2878.relatedProcesses.0,0.releases.2878,0,P000061/2025/2026/0400000000,planning,Branding for NUC(print production and installation),ocid,ocds-ozzobm-P000061/2025/2026/0400000000
0.releases.2879.relatedProcesses.0,0.releases.2879,0,P000131/2024/2025/1200001000,planning,Recruitment of a Lead Consultant to Manage IIA Rwanda Operations,ocid,ocds-ozzobm-P000131/2024/2025/1200001000
0.releases.2880.relatedProcesses.0,0.releases.2880,0,P000030/2025/2026/1412008000,planning,Supply of small tools and consumables in Electrical Department,ocid,ocds-ozzobm-P000030/2025/2026/1412008000
0.releases.2881.relatedProcesses.0,0.releases.2881,0,P000045/2025/2026/2315000000,planning,Hiring STAGE for RBA HAFI YAWE OUTREACH Program,ocid,ocds-ozzobm-P000045/2025/2026/2315000000
0.releases.2882.relatedProcesses.0,0.releases.2882,0,P000128/2024/2025/1200001000,planning,Recruitment of Individual Consultant to Manage IIA Rwanda Member Services and Certifications Programs,ocid,ocds-ozzobm-P000128/2024/2025/1200001000
0.releases.2883.relatedProcesses.0,0.releases.2883,0,P000039/2025/2026/2605000000,planning,"Provision of eyeglasses, prothesis and hearing aids",ocid,ocds-ozzobm-P000039/2025/2026/2605000000
0.releases.2884.relatedProcesses.0,0.releases.2884,0,P000061/2025/2026/0400000000,planning,Branding for NUC(print production and installation),ocid,ocds-ozzobm-P000061/2025/2026/0400000000
0.releases.2885.relatedProcesses.0,0.releases.2885,0,P000041/2024/2025/4400000000,planning,Insurance of District buildings,ocid,ocds-ozzobm-P000041/2024/2025/4400000000
0.releases.2886.relatedProcesses.0,0.releases.2886,0,P000045/2024/2025/4400000000,planning,"Service For Maintenance And Repair ,Provision Of Wheels ,Batteries And Various Spares Parts For Vehicles And Motorcycles Of Kirehe District",ocid,ocds-ozzobm-P000045/2024/2025/4400000000
0.releases.2887.relatedProcesses.0,0.releases.2887,0,P000013/2025/2026/1001000000,planning,Supply of uniforms for RSB personnel under framework contract,ocid,ocds-ozzobm-P000013/2025/2026/1001000000
0.releases.2888.relatedProcesses.0,0.releases.2888,0,P000004/2025/2026/1400000000,planning,Supply of Bricks for construction of science laboratories,ocid,ocds-ozzobm-P000004/2025/2026/1400000000
0.releases.2889.relatedProcesses.0,0.releases.2889,0,P000004/2025/2026/1400000000,planning,Supply of Bricks for construction of science laboratories,ocid,ocds-ozzobm-P000004/2025/2026/1400000000
0.releases.2890.relatedProcesses.0,0.releases.2890,0,P000074/2025/2026/7000000000,planning,Provision of Insurance services  for vehicles &Motorcycle,ocid,ocds-ozzobm-P000074/2025/2026/7000000000
0.releases.2891.relatedProcesses.0,0.releases.2891,0,P000061/2025/2026/0400000000,planning,Branding for NUC(print production and installation),ocid,ocds-ozzobm-P000061/2025/2026/0400000000
0.releases.2892.relatedProcesses.0,0.releases.2892,0,P000019/2024/2025/7000000000,planning,Supply of office stationaries,ocid,ocds-ozzobm-P000019/2024/2025/7000000000
0.releases.2893.relatedProcesses.0,0.releases.2893,0,P000061/2025/2026/0400000000,planning,Branding for NUC(print production and installation),ocid,ocds-ozzobm-P000061/2025/2026/0400000000
0.releases.2894.relatedProcesses.0,0.releases.2894,0,P000061/2025/2026/0400000000,planning,Branding for NUC(print production and installation),ocid,ocds-ozzobm-P000061/2025/2026/0400000000
0.releases.2895.relatedProcesses.0,0.releases.2895,0,P000061/2025/2026/0400000000,planning,Branding for NUC(print production and installation),ocid,ocds-ozzobm-P000061/2025/2026/0400000000
0.releases.2896.relatedProcesses.0,0.releases.2896,0,P000061/2025/2026/0400000000,planning,Branding for NUC(print production and installation),ocid,ocds-ozzobm-P000061/2025/2026/0400000000
0.releases.2897.relatedProcesses.0,0.releases.2897,0,P000010/2025/2026/2500000000,planning,Provision of staff refreshments,ocid,ocds-ozzobm-P000010/2025/2026/2500000000
0.releases.2898.relatedProcesses.0,0.releases.2898,0,P000010/2025/2026/2500000000,planning,Provision of staff refreshments,ocid,ocds-ozzobm-P000010/2025/2026/2500000000
0.releases.2899.relatedProcesses.0,0.releases.2899,0,P000061/2025/2026/0400000000,planning,Branding for NUC(print production and installation),ocid,ocds-ozzobm-P000061/2025/2026/0400000000
0.releases.2900.relatedProcesses.0,0.releases.2900,0,P000061/2025/2026/0400000000,planning,Branding for NUC(print production and installation),ocid,ocds-ozzobm-P000061/2025/2026/0400000000
0.releases.2901.relatedProcesses.0,0.releases.2901,0,P000061/2025/2026/0400000000,planning,Branding for NUC(print production and installation),ocid,ocds-ozzobm-P000061/2025/2026/0400000000
0.releases.2902.relatedProcesses.0,0.releases.2902,0,P000061/2025/2026/0400000000,planning,Branding for NUC(print production and installation),ocid,ocds-ozzobm-P000061/2025/2026/0400000000
0.releases.2903.relatedProcesses.0,0.releases.2903,0,P000061/2025/2026/0400000000,planning,Branding for NUC(print production and installation),ocid,ocds-ozzobm-P000061/2025/2026/0400000000
0.releases.2904.relatedProcesses.0,0.releases.2904,0,P000061/2025/2026/0400000000,planning,Branding for NUC(print production and installation),ocid,ocds-ozzobm-P000061/2025/2026/0400000000
0.releases.2905.relatedProcesses.0,0.releases.2905,0,P000082/2025/2026/2318000000,planning,Contract management for NRS Construction works,ocid,ocds-ozzobm-P000082/2025/2026/2318000000
0.releases.2906.relatedProcesses.0,0.releases.2906,0,P000109/2025/2026/1417000000,planning,"Supply of laboratory reagents, consummables and practicals at CST (Molecular Biology)",ocid,ocds-ozzobm-P000109/2025/2026/1417000000
0.releases.2907.relatedProcesses.0,0.releases.2907,0,P000014/2023/2024/4900003002,planning,Safe keeping(hygienic and sanitation materials) TO GBV,ocid,ocds-ozzobm-P000014/2023/2024/4900003002
0.releases.2908.relatedProcesses.0,0.releases.2908,0,P000121/2025/2026/5900000000,planning,"Supply of EHS materials, registers and sisal ropes",ocid,ocds-ozzobm-P000121/2025/2026/5900000000
0.releases.2909.relatedProcesses.0,0.releases.2909,0,P000068/2025/2026/7000000000,planning,Maintenance of smart waste system,ocid,ocds-ozzobm-P000068/2025/2026/7000000000
0.releases.2910.relatedProcesses.0,0.releases.2910,0,P000068/2025/2026/7000000000,planning,Maintenance of smart waste system,ocid,ocds-ozzobm-P000068/2025/2026/7000000000
0.releases.2911.relatedProcesses.0,0.releases.2911,0,P000042/2025/2026/1808000000,planning,Operationalization of sanitation facilities-Daily  management of   Nduba Landfill,ocid,ocds-ozzobm-P000042/2025/2026/1808000000
0.releases.2912.relatedProcesses.0,0.releases.2912,0,P000061/2025/2026/0400000000,planning,Branding for NUC(print production and installation),ocid,ocds-ozzobm-P000061/2025/2026/0400000000
0.releases.2913.relatedProcesses.0,0.releases.2913,0,P000061/2025/2026/0400000000,planning,Branding for NUC(print production and installation),ocid,ocds-ozzobm-P000061/2025/2026/0400000000
0.releases.2914.relatedProcesses.0,0.releases.2914,0,P000028/2025/2026/6300000000,planning,Service of property valuation in Musanze District,ocid,ocds-ozzobm-P000028/2025/2026/6300000000
0.releases.2915.relatedProcesses.0,0.releases.2915,0,P000061/2025/2026/0400000000,planning,Branding for NUC(print production and installation),ocid,ocds-ozzobm-P000061/2025/2026/0400000000
0.releases.2916.relatedProcesses.0,0.releases.2916,0,P000022/2025/2026/2313000000,planning,"Provision of hotel services (hiring of conference halls, workshops, trainings, accommodations, restaurants and receptions outside of Kigali (framework contract)",ocid,ocds-ozzobm-P000022/2025/2026/2313000000
0.releases.2917.relatedProcesses.0,0.releases.2917,0,P000018/2025/2026/5700003002,planning,Codification and assets valuation,ocid,ocds-ozzobm-P000018/2025/2026/5700003002
0.releases.2918.relatedProcesses.0,0.releases.2918,0,P000101/2024/2025/1417000000,planning,Supply and installation of office equipment and furniture for UR Campuses,ocid,ocds-ozzobm-P000101/2024/2025/1417000000
0.releases.2919.relatedProcesses.0,0.releases.2919,0,P000002/2025/2026/2315000000,planning,Generators operating lease,ocid,ocds-ozzobm-P000002/2025/2026/2315000000
0.releases.2920.relatedProcesses.0,0.releases.2920,0,P000003/2025/2026/0109000000,planning,Provision of transport services with in Kigali,ocid,ocds-ozzobm-P000003/2025/2026/0109000000
0.releases.2921.relatedProcesses.0,0.releases.2921,0,P000004/2025/2026/1903001001,planning,Tender for furniture equipment for RCA.,ocid,ocds-ozzobm-P000004/2025/2026/1903001001
0.releases.2922.relatedProcesses.0,0.releases.2922,0,P000038/2025/2026/4500000000,planning,Supply of materials for Immergence transit centers,ocid,ocds-ozzobm-P000038/2025/2026/4500000000
0.releases.2923.relatedProcesses.0,0.releases.2923,0,P000030/2025/2026/1412008000,planning,Supply of small tools and consumables in Electrical Department,ocid,ocds-ozzobm-P000030/2025/2026/1412008000
0.releases.2924.relatedProcesses.0,0.releases.2924,0,P000095/2025/2026/0702000000,planning,Acquisition of foodstuff for trainees and trainers at RCS training school,ocid,ocds-ozzobm-P000095/2025/2026/0702000000
0.releases.2925.relatedProcesses.0,0.releases.2925,0,P000040/2025/2026/1700000000,planning,Supply of Office Stationery  to NPPA,ocid,ocds-ozzobm-P000040/2025/2026/1700000000
0.releases.2926.relatedProcesses.0,0.releases.2926,0,P000001/2025/2026/0901000000,planning,Provision of cleaning services,ocid,ocds-ozzobm-P000001/2025/2026/0901000000
0.releases.2927.relatedProcesses.0,0.releases.2927,0,P000043/2025/2026/1420000000,planning,SUPPLY AND INSTALLATION  OF DRAINAGE CHANNEL COVERS  ON PLAYGROUND FACILITIES FOR 4 TVET SCHOOLS ON BORDERS IN NYAGATARE AND GICUMBI DISTRICT,ocid,ocds-ozzobm-P000043/2025/2026/1420000000
0.releases.2928.relatedProcesses.0,0.releases.2928,0,P000109/2025/2026/2315000000,planning,"Studio interior design, upgrade and decoration",ocid,ocds-ozzobm-P000109/2025/2026/2315000000
0.releases.2929.relatedProcesses.0,0.releases.2929,0,P000109/2025/2026/2315000000,planning,"Studio interior design, upgrade and decoration",ocid,ocds-ozzobm-P000109/2025/2026/2315000000
0.releases.2930.relatedProcesses.0,0.releases.2930,0,P000002/2025/2026/1421000000,planning,Provision of Hotel services of 2 and 3 stars  across the country under Framework contract,ocid,ocds-ozzobm-P000002/2025/2026/1421000000
0.releases.2931.relatedProcesses.0,0.releases.2931,0,P000017/2025/2026/0901000000,planning,Supply and installation of advanced Molecular diagnostic equipments,ocid,ocds-ozzobm-P000017/2025/2026/0901000000
0.releases.2932.relatedProcesses.0,0.releases.2932,0,P000001/2025/2026/6500003002,planning,WORKFORCE FOR  INFRASTRUCTURE MAINTENANCE AND REHABILITATION WORKS,ocid,ocds-ozzobm-P000001/2025/2026/6500003002
0.releases.2933.relatedProcesses.0,0.releases.2933,0,P000002/2025/2026/1420000000,planning,SUPERVISION SERVICES FOR REHABILITATION AND EXPANSION OF CYANIKA IN NYAMAGABE DISTRICT AND MUHORORO TVET SCHOOLS IN KARONGI DISTRICT.,ocid,ocds-ozzobm-P000002/2025/2026/1420000000
0.releases.2934.relatedProcesses.0,0.releases.2934,0,P000013/2025/2026/1302000000,planning,Provision of Decoration Services under Framework Contract,ocid,ocds-ozzobm-P000013/2025/2026/1302000000
0.releases.2935.relatedProcesses.0,0.releases.2935,0,P000026/2025/2026/5600000000,planning,Tender for Draining warks of public latrines in Rubavu District,ocid,ocds-ozzobm-P000026/2025/2026/5600000000
0.releases.2936.relatedProcesses.0,0.releases.2936,0,P000040/2025/2026/5300003001,planning,Tender for insurance of vehicle,ocid,ocds-ozzobm-P000040/2025/2026/5300003001
0.releases.2937.relatedProcesses.0,0.releases.2937,0,P000071/2025/2026/6500000000,planning,FEASIBILITY STUDY FOR REHABILITATION OF KARAMBI-MUYONGWE SECTOR ROAD OFFICE(3KM),ocid,ocds-ozzobm-P000071/2025/2026/6500000000
0.releases.2938.relatedProcesses.0,0.releases.2938,0,P000071/2025/2026/6500000000,planning,FEASIBILITY STUDY FOR REHABILITATION OF KARAMBI-MUYONGWE SECTOR ROAD OFFICE(3KM),ocid,ocds-ozzobm-P000071/2025/2026/6500000000
0.releases.2939.relatedProcesses.0,0.releases.2939,0,P000091/2025/2026/0901000000,planning,Supply of  Foot and Mouth Disease (FMD)  vaccines,ocid,ocds-ozzobm-P000091/2025/2026/0901000000
0.releases.2940.relatedProcesses.0,0.releases.2940,0,P000020/2022/2023/6400003002,planning,Supply Medical oxygen,ocid,ocds-ozzobm-P000020/2022/2023/6400003002
0.releases.2941.relatedProcesses.0,0.releases.2941,0,P000090/2025/2026/0901000000,planning,"Supply of Vaccines (LSD, BQ, Brucellosis, Rabies, and other)",ocid,ocds-ozzobm-P000090/2025/2026/0901000000
0.releases.2942.relatedProcesses.0,0.releases.2942,0,P000062/2025/2026/7000000000,planning,"Provision of Online, Radio and TV broadcasting services",ocid,ocds-ozzobm-P000062/2025/2026/7000000000
0.releases.2943.relatedProcesses.0,0.releases.2943,0,P000011/2025/2026/0901001015,planning,Hiring a Consultancy firm for supervision of irrigation rehabilitation works for Kamiranzovu marshland (140ha),ocid,ocds-ozzobm-P000011/2025/2026/0901001015
0.releases.2944.relatedProcesses.0,0.releases.2944,0,P000069/2025/2026/5600000000,planning,"Acquisition of Office equipment,furniture and fittings",ocid,ocds-ozzobm-P000069/2025/2026/5600000000
0.releases.2945.relatedProcesses.0,0.releases.2945,0,P000074/2025/2026/5600000000,planning,Tender of Supply of Materials for   houses  of  Genocide Survivors,ocid,ocds-ozzobm-P000074/2025/2026/5600000000
0.releases.2946.relatedProcesses.0,0.releases.2946,0,P000049/2025/2026/5600000000,planning,"Tender for Supply and installation of acoustic Solution,security checking equipment, outdoor display screen, remoted curtains, projectors and HVAC Systems in Rubavu District Hall",ocid,ocds-ozzobm-P000049/2025/2026/5600000000
0.releases.2947.relatedProcesses.0,0.releases.2947,0,P000012/2025/2026/0901001014,planning,Refreshment service (different meetings& workshops),ocid,ocds-ozzobm-P000012/2025/2026/0901001014
0.releases.2948.relatedProcesses.0,0.releases.2948,0,P000039/2025/2026/5100000000,planning,Supply of asset transfer (ToolKits) under Framework contract.,ocid,ocds-ozzobm-P000039/2025/2026/5100000000
0.releases.2949.relatedProcesses.0,0.releases.2949,0,P000010/2025/2026/2500000000,planning,Provision of staff refreshments,ocid,ocds-ozzobm-P000010/2025/2026/2500000000
0.releases.2950.relatedProcesses.0,0.releases.2950,0,P000087/2024/2025/4700000000,planning,Travaux de construction et de renovation du stade de Mutunda (Byiza) et son auditorium  dans le district de Huye,ocid,ocds-ozzobm-P000087/2024/2025/4700000000
0.releases.2951.relatedProcesses.0,0.releases.2951,0,P000028/2025/2026/6300000000,planning,Service of property valuation in Musanze District,ocid,ocds-ozzobm-P000028/2025/2026/6300000000
0.releases.2952.relatedProcesses.0,0.releases.2952,0,P000032/2025/2026/0901001016,planning,"Preparation of Environmental and Social Safeguards Instruments (RAP, ESIA, ESA)",ocid,ocds-ozzobm-P000032/2025/2026/0901001016
0.releases.2953.relatedProcesses.0,0.releases.2953,0,P000010/2025/2026/2500000000,planning,Provision of staff refreshments,ocid,ocds-ozzobm-P000010/2025/2026/2500000000
0.releases.2954.relatedProcesses.0,0.releases.2954,0,P000003/2025/2026/6000000000,planning,Supervision for construction works of Gahabwa center-Bikono-Muramba chip seal road (3.743km),ocid,ocds-ozzobm-P000003/2025/2026/6000000000
0.releases.2955.relatedProcesses.0,0.releases.2955,0,P000082/2025/2026/2318000000,planning,Contract management for NRS Construction works,ocid,ocds-ozzobm-P000082/2025/2026/2318000000
0.releases.2956.relatedProcesses.0,0.releases.2956,0,P000026/2025/2026/5900003002,planning,To construct Genocide against Tutsi Monument,ocid,ocds-ozzobm-P000026/2025/2026/5900003002
0.releases.2957.relatedProcesses.0,0.releases.2957,0,P000034/2025/2026/1420000000,planning,Annual subscription to digital library,ocid,ocds-ozzobm-P000034/2025/2026/1420000000
0.releases.2958.relatedProcesses.0,0.releases.2958,0,P000004/2025/2026/6400000000,planning,Consultancy services for supervision of Construction of Gitanda health center,ocid,ocds-ozzobm-P000004/2025/2026/6400000000
0.releases.2959.relatedProcesses.0,0.releases.2959,0,P000004/2025/2026/6400000000,planning,Consultancy services for supervision of Construction of Gitanda health center,ocid,ocds-ozzobm-P000004/2025/2026/6400000000
0.releases.2960.relatedProcesses.0,0.releases.2960,0,P000004/2024/2025/0300000000,planning,Provision of Hotel Services to the Chamber of Deputies,ocid,ocds-ozzobm-P000004/2024/2025/0300000000
0.releases.2961.relatedProcesses.0,0.releases.2961,0,P000043/2025/2026/1420000000,planning,SUPPLY AND INSTALLATION  OF DRAINAGE CHANNEL COVERS  ON PLAYGROUND FACILITIES FOR 4 TVET SCHOOLS ON BORDERS IN NYAGATARE AND GICUMBI DISTRICT,ocid,ocds-ozzobm-P000043/2025/2026/1420000000
0.releases.2962.relatedProcesses.0,0.releases.2962,0,P000026/2025/2026/5900003002,planning,To construct Genocide against Tutsi Monument,ocid,ocds-ozzobm-P000026/2025/2026/5900003002
0.releases.2963.relatedProcesses.0,0.releases.2963,0,P000017/2025/2026/0901000000,planning,Supply and installation of advanced Molecular diagnostic equipments,ocid,ocds-ozzobm-P000017/2025/2026/0901000000
0.releases.2964.relatedProcesses.0,0.releases.2964,0,P000096/2025/2026/0901000000,planning,Insurance for new exotic bulls,ocid,ocds-ozzobm-P000096/2025/2026/0901000000
0.releases.2965.relatedProcesses.0,0.releases.2965,0,P000033/2025/2026/6400000000,planning,Purchase and supply of Food Supplies for Civic engagement through national service (Urugerero) in Rulindo District,ocid,ocds-ozzobm-P000033/2025/2026/6400000000
0.releases.2966.relatedProcesses.0,0.releases.2966,0,P000051/2025/2026/4000000000,planning,HIRING A SERVICE PROVIDER FOR PROPERTY VALUATION,ocid,ocds-ozzobm-P000051/2025/2026/4000000000
0.releases.2967.relatedProcesses.0,0.releases.2967,0,P000051/2025/2026/4000000000,planning,HIRING A SERVICE PROVIDER FOR PROPERTY VALUATION,ocid,ocds-ozzobm-P000051/2025/2026/4000000000
0.releases.2968.relatedProcesses.0,0.releases.2968,0,P000009/2025/2026/1005000000,planning,EVENT MANAGEMENT,ocid,ocds-ozzobm-P000009/2025/2026/1005000000
0.releases.2969.relatedProcesses.0,0.releases.2969,0,P000003/2025/2026/6800003001,planning,acquisition of stationaries,ocid,ocds-ozzobm-P000003/2025/2026/6800003001
0.releases.2970.relatedProcesses.0,0.releases.2970,0,P000052/2024/2025/1305000000,planning,Acquisition of DNA reagents and consumables,ocid,ocds-ozzobm-P000052/2024/2025/1305000000
0.releases.2971.relatedProcesses.0,0.releases.2971,0,P000004/2024/2025/0300000000,planning,Provision of Hotel Services to the Chamber of Deputies,ocid,ocds-ozzobm-P000004/2024/2025/0300000000
0.releases.2972.relatedProcesses.0,0.releases.2972,0,P000022/2025/2026/2313000000,planning,"Provision of hotel services (hiring of conference halls, workshops, trainings, accommodations, restaurants and receptions outside of Kigali (framework contract)",ocid,ocds-ozzobm-P000022/2025/2026/2313000000
0.releases.2973.relatedProcesses.0,0.releases.2973,0,P000061/2025/2026/0400000000,planning,Branding for NUC(print production and installation),ocid,ocds-ozzobm-P000061/2025/2026/0400000000
0.releases.2974.relatedProcesses.0,0.releases.2974,0,P000061/2025/2026/0400000000,planning,Branding for NUC(print production and installation),ocid,ocds-ozzobm-P000061/2025/2026/0400000000
0.releases.2975.relatedProcesses.0,0.releases.2975,0,P000061/2025/2026/0400000000,planning,Branding for NUC(print production and installation),ocid,ocds-ozzobm-P000061/2025/2026/0400000000
0.releases.2976.relatedProcesses.0,0.releases.2976,0,P000068/2025/2026/7000000000,planning,Maintenance of smart waste system,ocid,ocds-ozzobm-P000068/2025/2026/7000000000
0.releases.2977.relatedProcesses.0,0.releases.2977,0,P000061/2025/2026/0400000000,planning,Branding for NUC(print production and installation),ocid,ocds-ozzobm-P000061/2025/2026/0400000000
0.releases.2978.relatedProcesses.0,0.releases.2978,0,P000046/2025/2026/1603000000,planning,Upgrading the openclinic software (pharmacy module),ocid,ocds-ozzobm-P000046/2025/2026/1603000000
0.releases.2979.relatedProcesses.0,0.releases.2979,0,P000033/2024/2025/1602000000,planning,Digitalise CHUB old Documents and purchase storage server,ocid,ocds-ozzobm-P000033/2024/2025/1602000000
0.releases.2980.relatedProcesses.0,0.releases.2980,0,P000198/2024/2025/1203000000,planning,Subscription to Risk assessment and Transfer pricing analysis database (Framework),ocid,ocds-ozzobm-P000198/2024/2025/1203000000
0.releases.2981.relatedProcesses.0,0.releases.2981,0,P000061/2025/2026/0400000000,planning,Branding for NUC(print production and installation),ocid,ocds-ozzobm-P000061/2025/2026/0400000000
0.releases.2982.relatedProcesses.0,0.releases.2982,0,P000003/2025/2026/6000000000,planning,Supervision for construction works of Gahabwa center-Bikono-Muramba chip seal road (3.743km),ocid,ocds-ozzobm-P000003/2025/2026/6000000000
0.releases.2983.relatedProcesses.0,0.releases.2983,0,P000128/2024/2025/1200001000,planning,Recruitment of Individual Consultant to Manage IIA Rwanda Member Services and Certifications Programs,ocid,ocds-ozzobm-P000128/2024/2025/1200001000
0.releases.2984.relatedProcesses.0,0.releases.2984,0,P000003/2025/2026/6600000000,planning,Supply of Girinka Package,ocid,ocds-ozzobm-P000003/2025/2026/6600000000
0.releases.2985.relatedProcesses.0,0.releases.2985,0,P000131/2024/2025/1200001000,planning,Recruitment of a Lead Consultant to Manage IIA Rwanda Operations,ocid,ocds-ozzobm-P000131/2024/2025/1200001000
0.releases.2986.relatedProcesses.0,0.releases.2986,0,P000103/2025/2026/1601000000,planning,Supply of office furniture,ocid,ocds-ozzobm-P000103/2025/2026/1601000000
0.releases.2987.relatedProcesses.0,0.releases.2987,0,P000025/2021/2022/1203000000,planning,Provision of rental services for RRA staff accommodation-A in RUSIZI District (framework contract),ocid,ocds-ozzobm-P000025/2021/2022/1203000000
0.releases.2988.relatedProcesses.0,0.releases.2988,0,P000052/2025/2026/6600000000,planning,Tender for managing the District cattle slaugterhouse,ocid,ocds-ozzobm-P000052/2025/2026/6600000000
0.releases.2989.relatedProcesses.0,0.releases.2989,0,P000040/2025/2026/0901001015,planning,Provision of car wash services,ocid,ocds-ozzobm-P000040/2025/2026/0901001015
0.releases.2990.relatedProcesses.0,0.releases.2990,0,P000002/2025/2026/8500000000,planning,Supply for Fuel of MMI operations,ocid,ocds-ozzobm-P000002/2025/2026/8500000000
0.releases.2991.relatedProcesses.0,0.releases.2991,0,P000074/2025/2026/1001000000,planning,Supply of reagents for food agriculture and mycotoxin laboratory (Framework contract),ocid,ocds-ozzobm-P000074/2025/2026/1001000000
0.releases.2992.relatedProcesses.0,0.releases.2992,0,P000007/2023/2024/6500003001,planning,Provision of Security services at Nemba Hospital,ocid,ocds-ozzobm-P000007/2023/2024/6500003001
0.releases.2993.relatedProcesses.0,0.releases.2993,0,P000025/2025/2026/1306000000,planning,PROVISION OF DIFFERENT SERVICES FOR RIB EVENTS,ocid,ocds-ozzobm-P000025/2025/2026/1306000000
0.releases.2994.relatedProcesses.0,0.releases.2994,0,P000017/2025/2026/4300003001,planning,Provision of hotel services,ocid,ocds-ozzobm-P000017/2025/2026/4300003001
0.releases.2995.relatedProcesses.0,0.releases.2995,0,P000109/2024/2025/5300000000,planning,Supply of   materials used in construction of classroom and retaining wall ( LOTS7) under framework contract,ocid,ocds-ozzobm-P000109/2024/2025/5300000000
0.releases.2996.relatedProcesses.0,0.releases.2996,0,P000109/2024/2025/5300000000,planning,Supply of   materials used in construction of classroom and retaining wall ( LOTS7) under framework contract,ocid,ocds-ozzobm-P000109/2024/2025/5300000000
0.releases.2997.relatedProcesses.0,0.releases.2997,0,P000109/2024/2025/5300000000,planning,Supply of   materials used in construction of classroom and retaining wall ( LOTS7) under framework contract,ocid,ocds-ozzobm-P000109/2024/2025/5300000000
0.releases.2998.relatedProcesses.0,0.releases.2998,0,P000051/2025/2026/4000000000,planning,HIRING A SERVICE PROVIDER FOR PROPERTY VALUATION,ocid,ocds-ozzobm-P000051/2025/2026/4000000000
0.releases.2999.relatedProcesses.0,0.releases.2999,0,P000024/2025/2026/1413000000,planning,Supply of Office Stationaries,ocid,ocds-ozzobm-P000024/2025/2026/1413000000
0.releases.3000.relatedProcesses.0,0.releases.3000,0,P000040/2025/2026/5300003001,planning,Tender for insurance of vehicle,ocid,ocds-ozzobm-P000040/2025/2026/5300003001
0.releases.3001.relatedProcesses.0,0.releases.3001,0,P000067/2025/2026/0400000000,planning,Sound system,ocid,ocds-ozzobm-P000067/2025/2026/0400000000
0.releases.3002.relatedProcesses.0,0.releases.3002,0,P000067/2025/2026/0400000000,planning,Sound system,ocid,ocds-ozzobm-P000067/2025/2026/0400000000
0.releases.3003.relatedProcesses.0,0.releases.3003,0,P000077/2025/2026/1605000000,planning,Supply of Stationary (cartridges),ocid,ocds-ozzobm-P000077/2025/2026/1605000000
0.releases.3004.relatedProcesses.0,0.releases.3004,0,P000020/2025/2026/8300000000,planning,"Consultancy service for Assessment of the public knowledge on nuclear (2 districts), report of the findings, perform risk assessment and develop awareness plan",ocid,ocds-ozzobm-P000020/2025/2026/8300000000
0.releases.3005.relatedProcesses.0,0.releases.3005,0,P000020/2025/2026/8300000000,planning,"Consultancy service for Assessment of the public knowledge on nuclear (2 districts), report of the findings, perform risk assessment and develop awareness plan",ocid,ocds-ozzobm-P000020/2025/2026/8300000000
0.releases.3006.relatedProcesses.0,0.releases.3006,0,P000061/2025/2026/0400000000,planning,Branding for NUC(print production and installation),ocid,ocds-ozzobm-P000061/2025/2026/0400000000
0.releases.3007.relatedProcesses.0,0.releases.3007,0,P000005/2025/2026/6600000000,planning,Tender For Cleaning Services of Public Places In Byimana and Mbuye Sectors,ocid,ocds-ozzobm-P000005/2025/2026/6600000000
0.releases.3008.relatedProcesses.0,0.releases.3008,0,P000007/2025/2026/1412005000,planning,Provision of hotel and Restaurant services under framework contract,ocid,ocds-ozzobm-P000007/2025/2026/1412005000
0.releases.3009.relatedProcesses.0,0.releases.3009,0,P000007/2025/2026/1412005000,planning,Provision of hotel and Restaurant services under framework contract,ocid,ocds-ozzobm-P000007/2025/2026/1412005000
0.releases.3010.relatedProcesses.0,0.releases.3010,0,P000012/2024/2025/4200003001,planning,Tender for Office FURNITURES,ocid,ocds-ozzobm-P000012/2024/2025/4200003001
0.releases.3011.relatedProcesses.0,0.releases.3011,0,P000061/2025/2026/0400000000,planning,Branding for NUC(print production and installation),ocid,ocds-ozzobm-P000061/2025/2026/0400000000
0.releases.3012.relatedProcesses.0,0.releases.3012,0,P000018/2025/2026/5800003002,planning,Purchase of Office Equipments,ocid,ocds-ozzobm-P000018/2025/2026/5800003002
0.releases.3013.relatedProcesses.0,0.releases.3013,0,P000095/2025/2026/0702000000,planning,Acquisition of foodstuff for trainees and trainers at RCS training school,ocid,ocds-ozzobm-P000095/2025/2026/0702000000
0.releases.3014.relatedProcesses.0,0.releases.3014,0,P000025/2025/2026/0900000000,planning,Hiring Hotel services for MINAGRI in different Districts,ocid,ocds-ozzobm-P000025/2025/2026/0900000000
0.releases.3015.relatedProcesses.0,0.releases.3015,0,P000025/2025/2026/0900000000,planning,Hiring Hotel services for MINAGRI in different Districts,ocid,ocds-ozzobm-P000025/2025/2026/0900000000
0.releases.3016.relatedProcesses.0,0.releases.3016,0,P000025/2025/2026/0900000000,planning,Hiring Hotel services for MINAGRI in different Districts,ocid,ocds-ozzobm-P000025/2025/2026/0900000000
0.releases.3017.relatedProcesses.0,0.releases.3017,0,P000043/2025/2026/0400000000,planning,"Maintenance of LED Screen, sound system and supply of sound system accessories",ocid,ocds-ozzobm-P000043/2025/2026/0400000000
0.releases.3018.relatedProcesses.0,0.releases.3018,0,P000052/2025/2026/6600000000,planning,Tender for managing the District cattle slaugterhouse,ocid,ocds-ozzobm-P000052/2025/2026/6600000000
0.releases.3019.relatedProcesses.0,0.releases.3019,0,P000003/2025/2026/4900003001,planning,Service of hygienic gardening and and security for kibilizi DH,ocid,ocds-ozzobm-P000003/2025/2026/4900003001
0.releases.3020.relatedProcesses.0,0.releases.3020,0,P000003/2025/2026/4900003001,planning,Service of hygienic gardening and and security for kibilizi DH,ocid,ocds-ozzobm-P000003/2025/2026/4900003001
0.releases.3021.relatedProcesses.0,0.releases.3021,0,P000003/2023/2024/4000003001,planning,Purchase of  stationaries and printings for Kibungo referral Hospital,ocid,ocds-ozzobm-P000003/2023/2024/4000003001
0.releases.3022.relatedProcesses.0,0.releases.3022,0,P000006/2025/2026/2304000000,planning,Acquisition of Hotel services,ocid,ocds-ozzobm-P000006/2025/2026/2304000000
0.releases.3023.relatedProcesses.0,0.releases.3023,0,P000017/2025/2026/1400000000,planning,Provision of codification service,ocid,ocds-ozzobm-P000017/2025/2026/1400000000
0.releases.3024.relatedProcesses.0,0.releases.3024,0,P000041/2025/2026/5600000000,planning,Tender for Study of Buruseri-Kabiza-Brasserie streetlight,ocid,ocds-ozzobm-P000041/2025/2026/5600000000
0.releases.3025.relatedProcesses.0,0.releases.3025,0,P000034/2025/2026/5300003001,planning,Tender for maintenance and repair vehicles of Munini Hospital,ocid,ocds-ozzobm-P000034/2025/2026/5300003001
0.releases.3026.relatedProcesses.0,0.releases.3026,0,P000041/2025/2026/1202000000,planning,Hiring a poverty dynamics analysis expert to provide technical assistance to support the design and analysis of the EICV8.,ocid,ocds-ozzobm-P000041/2025/2026/1202000000
0.releases.3027.relatedProcesses.0,0.releases.3027,0,P000041/2025/2026/1202000000,planning,Hiring a poverty dynamics analysis expert to provide technical assistance to support the design and analysis of the EICV8.,ocid,ocds-ozzobm-P000041/2025/2026/1202000000
0.releases.3028.relatedProcesses.0,0.releases.3028,0,P000013/2023/2024/1204000000,planning,"Services for editing and mixing of audio records, Production of audio and video spots, Video coverage and photography in RPPA events and video coverage in interviews for the recruitment of RPPA Staff",ocid,ocds-ozzobm-P000013/2023/2024/1204000000
0.releases.3029.relatedProcesses.0,0.releases.3029,0,P000006/2025/2026/2304000000,planning,Acquisition of Hotel services,ocid,ocds-ozzobm-P000006/2025/2026/2304000000
0.releases.3030.relatedProcesses.0,0.releases.3030,0,P000021/2025/2026/1903001001,planning,Hiring individual consultants to onboard public services on Irembo low-code/no-code platform seven (7) mid-level Software Engineers,ocid,ocds-ozzobm-P000021/2025/2026/1903001001
0.releases.3031.relatedProcesses.0,0.releases.3031,0,P000021/2025/2026/1903001001,planning,Hiring individual consultants to onboard public services on Irembo low-code/no-code platform seven (7) mid-level Software Engineers,ocid,ocds-ozzobm-P000021/2025/2026/1903001001
0.releases.3032.relatedProcesses.0,0.releases.3032,0,P000034/2025/2026/5300003001,planning,Tender for maintenance and repair vehicles of Munini Hospital,ocid,ocds-ozzobm-P000034/2025/2026/5300003001
0.releases.3033.relatedProcesses.0,0.releases.3033,0,P000021/2025/2026/1903001001,planning,Hiring individual consultants to onboard public services on Irembo low-code/no-code platform seven (7) mid-level Software Engineers,ocid,ocds-ozzobm-P000021/2025/2026/1903001001
0.releases.3034.relatedProcesses.0,0.releases.3034,0,P000011/2025/2026/0110000000,planning,Provision of Broadcasting services,ocid,ocds-ozzobm-P000011/2025/2026/0110000000
0.releases.3035.relatedProcesses.0,0.releases.3035,0,P000021/2025/2026/1903001001,planning,Hiring individual consultants to onboard public services on Irembo low-code/no-code platform seven (7) mid-level Software Engineers,ocid,ocds-ozzobm-P000021/2025/2026/1903001001
0.releases.3036.relatedProcesses.0,0.releases.3036,0,P000019/2025/2026/0110000000,planning,Supply of digital cameras and related accessories,ocid,ocds-ozzobm-P000019/2025/2026/0110000000
0.releases.3038.relatedProcesses.0,0.releases.3038,0,P000021/2025/2026/1903001001,planning,Hiring individual consultants to onboard public services on Irembo low-code/no-code platform seven (7) mid-level Software Engineers,ocid,ocds-ozzobm-P000021/2025/2026/1903001001
0.releases.3039.relatedProcesses.0,0.releases.3039,0,P000021/2025/2026/1903001001,planning,Hiring individual consultants to onboard public services on Irembo low-code/no-code platform seven (7) mid-level Software Engineers,ocid,ocds-ozzobm-P000021/2025/2026/1903001001
0.releases.3040.relatedProcesses.0,0.releases.3040,0,P000021/2025/2026/1903001001,planning,Hiring individual consultants to onboard public services on Irembo low-code/no-code platform seven (7) mid-level Software Engineers,ocid,ocds-ozzobm-P000021/2025/2026/1903001001
0.releases.3041.relatedProcesses.0,0.releases.3041,0,P000043/2025/2026/1808000000,planning,Implimentation of Nzove 3 water treatment plant upgrade,ocid,ocds-ozzobm-P000043/2025/2026/1808000000
0.releases.3042.relatedProcesses.0,0.releases.3042,0,P000029/2025/2026/4100000000,planning,Construction of Nyamata Health Center,ocid,ocds-ozzobm-P000029/2025/2026/4100000000
0.releases.3043.relatedProcesses.0,0.releases.3043,0,P000005/2025/2026/1903001002,planning,Tender for hiring a Consulting  Firm to audit disposition funds for the ICT facility project,ocid,ocds-ozzobm-P000005/2025/2026/1903001002
0.releases.3044.relatedProcesses.0,0.releases.3044,0,P000028/2025/2026/1804000000,planning,Provision of insurance of RHA assets and stock,ocid,ocds-ozzobm-P000028/2025/2026/1804000000
0.releases.3045.relatedProcesses.0,0.releases.3045,0,P000028/2025/2026/1804000000,planning,Provision of insurance of RHA assets and stock,ocid,ocds-ozzobm-P000028/2025/2026/1804000000
0.releases.3046.relatedProcesses.0,0.releases.3046,0,P000011/2025/2026/4200003002,planning,"Maintenance and repair of air conditioners, hospital fridge and mortuary fridge",ocid,ocds-ozzobm-P000011/2025/2026/4200003002
0.releases.3047.relatedProcesses.0,0.releases.3047,0,P000003/2024/2025/2903001008,planning,Design of PFMUs and corresponding SFMPs,ocid,ocds-ozzobm-P000003/2024/2025/2903001008
0.releases.3048.relatedProcesses.0,0.releases.3048,0,P000003/2024/2025/2903001008,planning,Design of PFMUs and corresponding SFMPs,ocid,ocds-ozzobm-P000003/2024/2025/2903001008
0.releases.3049.relatedProcesses.0,0.releases.3049,0,P000005/2025/2026/0902000000,planning,"Tender for framework contract for maintenance and repair services (including spare parts) of SEQI/lab equipment, materials amd tools",ocid,ocds-ozzobm-P000005/2025/2026/0902000000
0.releases.3050.relatedProcesses.0,0.releases.3050,0,P000074/2025/2026/6500000000,planning,SUPERVISION FOR CONSTRUCTION OF BUTERERI BRIDGE,ocid,ocds-ozzobm-P000074/2025/2026/6500000000
0.releases.3051.relatedProcesses.0,0.releases.3051,0,P000041/2024/2025/0108000000,planning,Hiring a company for to do the cleaning services with RDB and its other offices,ocid,ocds-ozzobm-P000041/2024/2025/0108000000
0.releases.3052.relatedProcesses.0,0.releases.3052,0,P000009/2025/2026/2306570000,planning,Supply of electricity for RDRC Head office and its centers,ocid,ocds-ozzobm-P000009/2025/2026/2306570000
0.releases.3053.relatedProcesses.0,0.releases.3053,0,P000009/2025/2026/2306570000,planning,Supply of electricity for RDRC Head office and its centers,ocid,ocds-ozzobm-P000009/2025/2026/2306570000
0.releases.3054.relatedProcesses.0,0.releases.3054,0,P000075/2025/2026/6500000000,planning,SUPERVISION FOR CONSTRUCTION OF LATRINES AT EP KARAMA IN JANJA SECTOR,ocid,ocds-ozzobm-P000075/2025/2026/6500000000
0.releases.3055.relatedProcesses.0,0.releases.3055,0,P000040/2025/2026/4100000000,planning,Maintenance of Bugesera District public lighting,ocid,ocds-ozzobm-P000040/2025/2026/4100000000
0.releases.3056.relatedProcesses.0,0.releases.3056,0,P000019/2023/2024/1606000000,planning,Sports and recreational facilities and services,ocid,ocds-ozzobm-P000019/2023/2024/1606000000
0.releases.3057.relatedProcesses.0,0.releases.3057,0,P000005/2025/2026/0902000000,planning,"Tender for framework contract for maintenance and repair services (including spare parts) of SEQI/lab equipment, materials amd tools",ocid,ocds-ozzobm-P000005/2025/2026/0902000000
0.releases.3058.relatedProcesses.0,0.releases.3058,0,P000003/2025/2026/0109000000,planning,Provision of transport services with in Kigali,ocid,ocds-ozzobm-P000003/2025/2026/0109000000
0.releases.3059.relatedProcesses.0,0.releases.3059,0,P000003/2025/2026/0109000000,planning,Provision of transport services with in Kigali,ocid,ocds-ozzobm-P000003/2025/2026/0109000000
0.releases.3060.relatedProcesses.0,0.releases.3060,0,P000025/2025/2026/0900000000,planning,Hiring Hotel services for MINAGRI in different Districts,ocid,ocds-ozzobm-P000025/2025/2026/0900000000
0.releases.3061.relatedProcesses.0,0.releases.3061,0,P000005/2025/2026/0902000000,planning,"Tender for framework contract for maintenance and repair services (including spare parts) of SEQI/lab equipment, materials amd tools",ocid,ocds-ozzobm-P000005/2025/2026/0902000000
0.releases.3062.relatedProcesses.0,0.releases.3062,0,P000067/2025/2026/6200000000,planning,Supply personal protective equipments PPEs at new classrooms construction under PPD Basket Fund,ocid,ocds-ozzobm-P000067/2025/2026/6200000000
0.releases.3063.relatedProcesses.0,0.releases.3063,0,P000002/2025/2026/4800003001,planning,Tender for supply of fuel at Kaduha DH,ocid,ocds-ozzobm-P000002/2025/2026/4800003001
0.releases.3064.relatedProcesses.0,0.releases.3064,0,P000052/2025/2026/6600000000,planning,Tender for managing the District cattle slaugterhouse,ocid,ocds-ozzobm-P000052/2025/2026/6600000000
0.releases.3065.relatedProcesses.0,0.releases.3065,0,P000002/2025/2026/4800003001,planning,Tender for supply of fuel at Kaduha DH,ocid,ocds-ozzobm-P000002/2025/2026/4800003001
0.releases.3066.relatedProcesses.0,0.releases.3066,0,P000007/2025/2026/0700000000,planning,Supply of Fuel for MININTER Vehicles,ocid,ocds-ozzobm-P000007/2025/2026/0700000000
0.releases.3067.relatedProcesses.0,0.releases.3067,0,P000023/2025/2026/2000000000,planning,Tender for acquisition of a TV stand  with a designed setting place and its installation in the office of Hon.Minister,ocid,ocds-ozzobm-P000023/2025/2026/2000000000
0.releases.3068.relatedProcesses.0,0.releases.3068,0,P000023/2025/2026/2000000000,planning,Tender for acquisition of a TV stand  with a designed setting place and its installation in the office of Hon.Minister,ocid,ocds-ozzobm-P000023/2025/2026/2000000000
0.releases.3069.relatedProcesses.0,0.releases.3069,0,P000007/2025/2026/0700000000,planning,Supply of Fuel for MININTER Vehicles,ocid,ocds-ozzobm-P000007/2025/2026/0700000000
0.releases.3070.relatedProcesses.0,0.releases.3070,0,P000005/2025/2026/0902000000,planning,"Tender for framework contract for maintenance and repair services (including spare parts) of SEQI/lab equipment, materials amd tools",ocid,ocds-ozzobm-P000005/2025/2026/0902000000
0.releases.3071.relatedProcesses.0,0.releases.3071,0,P000002/2025/2026/4800003001,planning,Tender for supply of fuel at Kaduha DH,ocid,ocds-ozzobm-P000002/2025/2026/4800003001
0.releases.3072.relatedProcesses.0,0.releases.3072,0,P000005/2025/2026/0902000000,planning,"Tender for framework contract for maintenance and repair services (including spare parts) of SEQI/lab equipment, materials amd tools",ocid,ocds-ozzobm-P000005/2025/2026/0902000000
0.releases.3073.relatedProcesses.0,0.releases.3073,0,P000155/2025/2026/1417000000,planning,Supply of colored printer,ocid,ocds-ozzobm-P000155/2025/2026/1417000000
0.releases.3074.relatedProcesses.0,0.releases.3074,0,P000155/2025/2026/1417000000,planning,Supply of colored printer,ocid,ocds-ozzobm-P000155/2025/2026/1417000000
0.releases.3075.relatedProcesses.0,0.releases.3075,0,P000005/2025/2026/0902000000,planning,"Tender for framework contract for maintenance and repair services (including spare parts) of SEQI/lab equipment, materials amd tools",ocid,ocds-ozzobm-P000005/2025/2026/0902000000
0.releases.3076.relatedProcesses.0,0.releases.3076,0,P000005/2025/2026/4700000000,planning,Annual framework tender for maintenance and repair of district vehicles and motorcycles ( garage services),ocid,ocds-ozzobm-P000005/2025/2026/4700000000
0.releases.3077.relatedProcesses.0,0.releases.3077,0,P000062/2024/2025/1903000000,planning,Supply for licenses to RRA,ocid,ocds-ozzobm-P000062/2024/2025/1903000000
0.releases.3078.relatedProcesses.0,0.releases.3078,0,P000062/2024/2025/1903000000,planning,Supply for licenses to RRA,ocid,ocds-ozzobm-P000062/2024/2025/1903000000
0.releases.3079.relatedProcesses.0,0.releases.3079,0,P000062/2024/2025/1903000000,planning,Supply for licenses to RRA,ocid,ocds-ozzobm-P000062/2024/2025/1903000000
0.releases.3080.relatedProcesses.0,0.releases.3080,0,P000075/2025/2026/0108000000,planning,supply of IT equipment under VCRP,ocid,ocds-ozzobm-P000075/2025/2026/0108000000
0.releases.3081.relatedProcesses.0,0.releases.3081,0,P000029/2025/2026/1602000000,planning,Provision of Sports and recreational facilities and services,ocid,ocds-ozzobm-P000029/2025/2026/1602000000
0.releases.3082.relatedProcesses.0,0.releases.3082,0,P000004/2024/2025/0300000000,planning,Provision of Hotel Services to the Chamber of Deputies,ocid,ocds-ozzobm-P000004/2024/2025/0300000000
0.releases.3083.relatedProcesses.0,0.releases.3083,0,P000001/2025/2026/1421000000,planning,Supply of Office Stationaries for NESA staff under Framework agreement,ocid,ocds-ozzobm-P000001/2025/2026/1421000000
0.releases.3084.relatedProcesses.0,0.releases.3084,0,P000098/2025/2026/5000000000,planning,Rehabilitation of District residential house and former Nyamabuye Sector offices,ocid,ocds-ozzobm-P000098/2025/2026/5000000000
0.releases.3085.relatedProcesses.0,0.releases.3085,0,P000098/2025/2026/5000000000,planning,Rehabilitation of District residential house and former Nyamabuye Sector offices,ocid,ocds-ozzobm-P000098/2025/2026/5000000000
0.releases.3086.relatedProcesses.0,0.releases.3086,0,P000040/2025/2026/4100000000,planning,Maintenance of Bugesera District public lighting,ocid,ocds-ozzobm-P000040/2025/2026/4100000000
0.releases.3087.relatedProcesses.0,0.releases.3087,0,P000004/2024/2025/0300000000,planning,Provision of Hotel Services to the Chamber of Deputies,ocid,ocds-ozzobm-P000004/2024/2025/0300000000
0.releases.3088.relatedProcesses.0,0.releases.3088,0,P000006/2025/2026/2306570000,planning,Supply of office furniture for RDRC Staff,ocid,ocds-ozzobm-P000006/2025/2026/2306570000
0.releases.3089.relatedProcesses.0,0.releases.3089,0,P000006/2025/2026/2306570000,planning,Supply of office furniture for RDRC Staff,ocid,ocds-ozzobm-P000006/2025/2026/2306570000
0.releases.3090.relatedProcesses.0,0.releases.3090,0,P000043/2025/2026/4500000000,planning,Construction of Nyagashanga cell in Karangazi Sector,ocid,ocds-ozzobm-P000043/2025/2026/4500000000
0.releases.3091.relatedProcesses.0,0.releases.3091,0,P000005/2025/2026/1903001002,planning,Tender for hiring a Consulting  Firm to audit disposition funds for the ICT facility project,ocid,ocds-ozzobm-P000005/2025/2026/1903001002
0.releases.3092.relatedProcesses.0,0.releases.3092,0,P000025/2025/2026/0900000000,planning,Hiring Hotel services for MINAGRI in different Districts,ocid,ocds-ozzobm-P000025/2025/2026/0900000000
0.releases.3093.relatedProcesses.0,0.releases.3093,0,P000025/2025/2026/0900000000,planning,Hiring Hotel services for MINAGRI in different Districts,ocid,ocds-ozzobm-P000025/2025/2026/0900000000
0.releases.3094.relatedProcesses.0,0.releases.3094,0,P000088/2025/2026/5300000000,planning,Supply of foods and materials for Munini transit center,ocid,ocds-ozzobm-P000088/2025/2026/5300000000
0.releases.3095.relatedProcesses.0,0.releases.3095,0,P000088/2025/2026/5300000000,planning,Supply of foods and materials for Munini transit center,ocid,ocds-ozzobm-P000088/2025/2026/5300000000
0.releases.3096.relatedProcesses.0,0.releases.3096,0,P000005/2025/2026/2500000000,planning,Supply of relief items,ocid,ocds-ozzobm-P000005/2025/2026/2500000000
0.releases.3097.relatedProcesses.0,0.releases.3097,0,P000033/2024/2025/1802000000,planning,Rehabilitation and repair of damaged spots located on Rusizi– Buhinga - Tyazo Road,ocid,ocds-ozzobm-P000033/2024/2025/1802000000
0.releases.3098.relatedProcesses.0,0.releases.3098,0,P000060/2025/2026/5000000000,planning,Sport and Recreation for District and Sectors staff under framework agreement,ocid,ocds-ozzobm-P000060/2025/2026/5000000000
0.releases.3099.relatedProcesses.0,0.releases.3099,0,P000003/2023/2024/1414000000,planning,Supply of stationery and computer consumables,ocid,ocds-ozzobm-P000003/2023/2024/1414000000
0.releases.3100.relatedProcesses.0,0.releases.3100,0,P000022/2025/2026/2313000000,planning,"Provision of hotel services (hiring of conference halls, workshops, trainings, accommodations, restaurants and receptions outside of Kigali (framework contract)",ocid,ocds-ozzobm-P000022/2025/2026/2313000000
0.releases.3101.relatedProcesses.0,0.releases.3101,0,P000003/2024/2025/1806000000,planning,"Provision of cleaning, dry cleaning and fumigation services under framework contract",ocid,ocds-ozzobm-P000003/2024/2025/1806000000
0.releases.3102.relatedProcesses.0,0.releases.3102,0,P000003/2024/2025/1806000000,planning,"Provision of cleaning, dry cleaning and fumigation services under framework contract",ocid,ocds-ozzobm-P000003/2024/2025/1806000000
0.releases.3103.relatedProcesses.0,0.releases.3103,0,P000103/2025/2026/1601000000,planning,Supply of office furniture,ocid,ocds-ozzobm-P000103/2025/2026/1601000000
0.releases.3104.relatedProcesses.0,0.releases.3104,0,P000025/2025/2026/1306000000,planning,PROVISION OF DIFFERENT SERVICES FOR RIB EVENTS,ocid,ocds-ozzobm-P000025/2025/2026/1306000000
0.releases.3105.relatedProcesses.0,0.releases.3105,0,P000003/2025/2026/1602000000,planning,Acquisition of sports equipment,ocid,ocds-ozzobm-P000003/2025/2026/1602000000
0.releases.3106.relatedProcesses.0,0.releases.3106,0,P000079/2024/2025/1903000000,planning,Framework tender for USSD and SMS service provision,ocid,ocds-ozzobm-P000079/2024/2025/1903000000
0.releases.3107.relatedProcesses.0,0.releases.3107,0,P000028/2025/2026/4700000000,planning,"Annual framework tender for maintenance and assembly service of office equipments,chairs,table for Huye District",ocid,ocds-ozzobm-P000028/2025/2026/4700000000
0.releases.3108.relatedProcesses.0,0.releases.3108,0,P000154/2025/2026/1804000000,planning,Detailed study update and subsequent supervision for construction works of Rubengera Meteo Weather Station,ocid,ocds-ozzobm-P000154/2025/2026/1804000000
0.releases.3109.relatedProcesses.0,0.releases.3109,0,P000080/2025/2026/0901000000,planning,"Supply of Specialized equipment in poultry, pig, and Rabbit",ocid,ocds-ozzobm-P000080/2025/2026/0901000000
0.releases.3110.relatedProcesses.0,0.releases.3110,0,P000020/2025/2026/0901000000,planning,Consultancy services for hiring VSM firms to conduct Live animals’ inspection at Kigali International Airport,ocid,ocds-ozzobm-P000020/2025/2026/0901000000
0.releases.3111.relatedProcesses.0,0.releases.3111,0,P000029/2025/2026/5300003001,planning,Tender for organise Genocide Commemorative Ceremonies and other ceremonies,ocid,ocds-ozzobm-P000029/2025/2026/5300003001
0.releases.3112.relatedProcesses.0,0.releases.3112,0,P000029/2025/2026/5300003001,planning,Tender for organise Genocide Commemorative Ceremonies and other ceremonies,ocid,ocds-ozzobm-P000029/2025/2026/5300003001
0.releases.3113.relatedProcesses.0,0.releases.3113,0,P000004/2024/2025/0300000000,planning,Provision of Hotel Services to the Chamber of Deputies,ocid,ocds-ozzobm-P000004/2024/2025/0300000000
0.releases.3114.relatedProcesses.0,0.releases.3114,0,P000067/2025/2026/1804000000,planning,Construction Works of Gicumbi METEO Weather Station,ocid,ocds-ozzobm-P000067/2025/2026/1804000000
0.releases.3115.relatedProcesses.0,0.releases.3115,0,P000087/2025/2026/5300000000,planning,Supply of productive assets for skills development ( toolkits),ocid,ocds-ozzobm-P000087/2025/2026/5300000000
0.releases.3116.relatedProcesses.0,0.releases.3116,0,P000087/2025/2026/5300000000,planning,Supply of productive assets for skills development ( toolkits),ocid,ocds-ozzobm-P000087/2025/2026/5300000000
0.releases.3117.relatedProcesses.0,0.releases.3117,0,P000202/2025/2026/1203000000,planning,"Annual supply and installation of office furnitures to RRA, meeting and conference furniture (Framework contract).",ocid,ocds-ozzobm-P000202/2025/2026/1203000000
0.releases.3118.relatedProcesses.0,0.releases.3118,0,P000019/2025/2026/6200000000,planning,Full feasibility study for rehabilitation works of Miyove Health Center in Gicumbi District,ocid,ocds-ozzobm-P000019/2025/2026/6200000000
0.releases.3119.relatedProcesses.0,0.releases.3119,0,P000087/2025/2026/0901000000,planning,Insurance of mobile dryers,ocid,ocds-ozzobm-P000087/2025/2026/0901000000
0.releases.3120.relatedProcesses.0,0.releases.3120,0,P000034/2025/2026/2204000000,planning,Develop sector level flood / storm contingency plans and develop response matrices at community level,ocid,ocds-ozzobm-P000034/2025/2026/2204000000
0.releases.3121.relatedProcesses.0,0.releases.3121,0,P000029/2025/2026/5300003001,planning,Tender for organise Genocide Commemorative Ceremonies and other ceremonies,ocid,ocds-ozzobm-P000029/2025/2026/5300003001
0.releases.3122.relatedProcesses.0,0.releases.3122,0,P000043/2025/2026/6100000000,planning,Annual framework of Consultancy Services for carrying out and provision of the Environmental and Social Impact Assessment (EIA) for Different Construction Projects,ocid,ocds-ozzobm-P000043/2025/2026/6100000000
0.releases.3123.relatedProcesses.0,0.releases.3123,0,P000043/2025/2026/6100000000,planning,Annual framework of Consultancy Services for carrying out and provision of the Environmental and Social Impact Assessment (EIA) for Different Construction Projects,ocid,ocds-ozzobm-P000043/2025/2026/6100000000
0.releases.3124.relatedProcesses.0,0.releases.3124,0,P000074/2025/2026/1605000000,planning,Provision of Electricity,ocid,ocds-ozzobm-P000074/2025/2026/1605000000
0.releases.3125.relatedProcesses.0,0.releases.3125,0,P000074/2025/2026/1605000000,planning,Provision of Electricity,ocid,ocds-ozzobm-P000074/2025/2026/1605000000
0.releases.3126.relatedProcesses.0,0.releases.3126,0,P000004/2024/2025/0300000000,planning,Provision of Hotel Services to the Chamber of Deputies,ocid,ocds-ozzobm-P000004/2024/2025/0300000000
0.releases.3127.relatedProcesses.0,0.releases.3127,0,P000043/2025/2026/6100000000,planning,Annual framework of Consultancy Services for carrying out and provision of the Environmental and Social Impact Assessment (EIA) for Different Construction Projects,ocid,ocds-ozzobm-P000043/2025/2026/6100000000
0.releases.3128.relatedProcesses.0,0.releases.3128,0,P000001/2025/2026/1421000000,planning,Supply of Office Stationaries for NESA staff under Framework agreement,ocid,ocds-ozzobm-P000001/2025/2026/1421000000
0.releases.3129.relatedProcesses.0,0.releases.3129,0,P000046/2025/2026/4200000000,planning,Supply and fix windows and doors in Classrooms with house furniture,ocid,ocds-ozzobm-P000046/2025/2026/4200000000
0.releases.3130.relatedProcesses.0,0.releases.3130,0,P000004/2024/2025/0300000000,planning,Provision of Hotel Services to the Chamber of Deputies,ocid,ocds-ozzobm-P000004/2024/2025/0300000000
0.releases.3131.relatedProcesses.0,0.releases.3131,0,P000004/2024/2025/0300000000,planning,Provision of Hotel Services to the Chamber of Deputies,ocid,ocds-ozzobm-P000004/2024/2025/0300000000
0.releases.3132.relatedProcesses.0,0.releases.3132,0,P000019/2025/2026/6600003001,planning,Purchase of ICT Equipment,ocid,ocds-ozzobm-P000019/2025/2026/6600003001
0.releases.3133.relatedProcesses.0,0.releases.3133,0,P000002/2025/2026/0829000000,planning,Supply of office furniture,ocid,ocds-ozzobm-P000002/2025/2026/0829000000
0.releases.3134.relatedProcesses.0,0.releases.3134,0,P000001/2025/2026/0829000000,planning,Production of graphic design and printing services for promotional materials,ocid,ocds-ozzobm-P000001/2025/2026/0829000000
0.releases.3135.relatedProcesses.0,0.releases.3135,0,P000025/2025/2026/4200000000,planning,Provision of Veterinary Service through Veterinary Sanitary Mandate Animal Insemination and Vaccination Campaign,ocid,ocds-ozzobm-P000025/2025/2026/4200000000
0.releases.3136.relatedProcesses.0,0.releases.3136,0,P000015/2023/2024/0300000000,planning,"Acquisition of spare parts for toilet, urinal, bathroom sink",ocid,ocds-ozzobm-P000015/2023/2024/0300000000
0.releases.3137.relatedProcesses.0,0.releases.3137,0,P000004/2024/2025/0300000000,planning,Provision of Hotel Services to the Chamber of Deputies,ocid,ocds-ozzobm-P000004/2024/2025/0300000000
0.releases.3138.relatedProcesses.0,0.releases.3138,0,P000004/2024/2025/0300000000,planning,Provision of Hotel Services to the Chamber of Deputies,ocid,ocds-ozzobm-P000004/2024/2025/0300000000
0.releases.3139.relatedProcesses.0,0.releases.3139,0,P000029/2025/2026/5300003001,planning,Tender for organise Genocide Commemorative Ceremonies and other ceremonies,ocid,ocds-ozzobm-P000029/2025/2026/5300003001
0.releases.3140.relatedProcesses.0,0.releases.3140,0,P000061/2025/2026/0400000000,planning,Branding for NUC(print production and installation),ocid,ocds-ozzobm-P000061/2025/2026/0400000000
0.releases.3141.relatedProcesses.0,0.releases.3141,0,P000043/2025/2026/5100000000,planning,Supply of construction materials for Kidahwe cell in Nyamiyaga Sector,ocid,ocds-ozzobm-P000043/2025/2026/5100000000
0.releases.3142.relatedProcesses.0,0.releases.3142,0,P000043/2025/2026/5100000000,planning,Supply of construction materials for Kidahwe cell in Nyamiyaga Sector,ocid,ocds-ozzobm-P000043/2025/2026/5100000000
0.releases.3143.relatedProcesses.0,0.releases.3143,0,P000031/2022/2023/5500000000,planning,"Supplying clean water on 139.959km in Mukamira ,Rurembo, Karago, Kintobo and Rugera sectors from Mutera source in Nyabihu District ( Phase II)",ocid,ocds-ozzobm-P000031/2022/2023/5500000000
0.releases.3144.relatedProcesses.0,0.releases.3144,0,P000022/2025/2026/2313000000,planning,"Provision of hotel services (hiring of conference halls, workshops, trainings, accommodations, restaurants and receptions outside of Kigali (framework contract)",ocid,ocds-ozzobm-P000022/2025/2026/2313000000
0.releases.3145.relatedProcesses.0,0.releases.3145,0,P000052/2025/2026/4000000000,planning,PURCHASE OF THE PRODUCTIVE ASSETS FOR THE VULNERABLE PEOPLE,ocid,ocds-ozzobm-P000052/2025/2026/4000000000
0.releases.3146.relatedProcesses.0,0.releases.3146,0,P000052/2025/2026/4000000000,planning,PURCHASE OF THE PRODUCTIVE ASSETS FOR THE VULNERABLE PEOPLE,ocid,ocds-ozzobm-P000052/2025/2026/4000000000
0.releases.3147.relatedProcesses.0,0.releases.3147,0,P000061/2025/2026/0400000000,planning,Branding for NUC(print production and installation),ocid,ocds-ozzobm-P000061/2025/2026/0400000000
0.releases.3148.relatedProcesses.0,0.releases.3148,0,P000061/2025/2026/0400000000,planning,Branding for NUC(print production and installation),ocid,ocds-ozzobm-P000061/2025/2026/0400000000
0.releases.3149.relatedProcesses.0,0.releases.3149,0,P000061/2025/2026/0400000000,planning,Branding for NUC(print production and installation),ocid,ocds-ozzobm-P000061/2025/2026/0400000000
0.releases.3150.relatedProcesses.0,0.releases.3150,0,P000061/2025/2026/0400000000,planning,Branding for NUC(print production and installation),ocid,ocds-ozzobm-P000061/2025/2026/0400000000
0.releases.3151.relatedProcesses.0,0.releases.3151,0,P000061/2025/2026/0400000000,planning,Branding for NUC(print production and installation),ocid,ocds-ozzobm-P000061/2025/2026/0400000000
0.releases.3152.relatedProcesses.0,0.releases.3152,0,P000061/2025/2026/0400000000,planning,Branding for NUC(print production and installation),ocid,ocds-ozzobm-P000061/2025/2026/0400000000
0.releases.3153.relatedProcesses.0,0.releases.3153,0,P000061/2025/2026/0400000000,planning,Branding for NUC(print production and installation),ocid,ocds-ozzobm-P000061/2025/2026/0400000000
0.releases.3154.relatedProcesses.0,0.releases.3154,0,P000007/2025/2026/4700000000,planning,Annual framework tender for provision of insurance of Huye district vehicles and motorcycles,ocid,ocds-ozzobm-P000007/2025/2026/4700000000
0.releases.3155.relatedProcesses.0,0.releases.3155,0,P000061/2025/2026/0400000000,planning,Branding for NUC(print production and installation),ocid,ocds-ozzobm-P000061/2025/2026/0400000000
0.releases.3156.relatedProcesses.0,0.releases.3156,0,P000061/2025/2026/0400000000,planning,Branding for NUC(print production and installation),ocid,ocds-ozzobm-P000061/2025/2026/0400000000
0.releases.3157.relatedProcesses.0,0.releases.3157,0,P000061/2025/2026/0400000000,planning,Branding for NUC(print production and installation),ocid,ocds-ozzobm-P000061/2025/2026/0400000000
0.releases.3158.relatedProcesses.0,0.releases.3158,0,P000061/2025/2026/0400000000,planning,Branding for NUC(print production and installation),ocid,ocds-ozzobm-P000061/2025/2026/0400000000
0.releases.3159.relatedProcesses.0,0.releases.3159,0,P000061/2025/2026/0400000000,planning,Branding for NUC(print production and installation),ocid,ocds-ozzobm-P000061/2025/2026/0400000000
0.releases.3160.relatedProcesses.0,0.releases.3160,0,P000061/2025/2026/0400000000,planning,Branding for NUC(print production and installation),ocid,ocds-ozzobm-P000061/2025/2026/0400000000
0.releases.3161.relatedProcesses.0,0.releases.3161,0,P000061/2025/2026/0400000000,planning,Branding for NUC(print production and installation),ocid,ocds-ozzobm-P000061/2025/2026/0400000000
0.releases.3162.relatedProcesses.0,0.releases.3162,0,P000061/2025/2026/0400000000,planning,Branding for NUC(print production and installation),ocid,ocds-ozzobm-P000061/2025/2026/0400000000
0.releases.3163.relatedProcesses.0,0.releases.3163,0,P000061/2025/2026/0400000000,planning,Branding for NUC(print production and installation),ocid,ocds-ozzobm-P000061/2025/2026/0400000000
0.releases.3164.relatedProcesses.0,0.releases.3164,0,P000010/2025/2026/1420000000,planning,Supply of Printers for AFTER 2 Project operations,ocid,ocds-ozzobm-P000010/2025/2026/1420000000
0.releases.3165.relatedProcesses.0,0.releases.3165,0,P000010/2025/2026/1420000000,planning,Supply of Printers for AFTER 2 Project operations,ocid,ocds-ozzobm-P000010/2025/2026/1420000000
0.releases.3166.relatedProcesses.0,0.releases.3166,0,P000022/2025/2026/2313000000,planning,"Provision of hotel services (hiring of conference halls, workshops, trainings, accommodations, restaurants and receptions outside of Kigali (framework contract)",ocid,ocds-ozzobm-P000022/2025/2026/2313000000
0.releases.3167.relatedProcesses.0,0.releases.3167,0,P000043/2025/2026/5100000000,planning,Supply of construction materials for Kidahwe cell in Nyamiyaga Sector,ocid,ocds-ozzobm-P000043/2025/2026/5100000000
0.releases.3168.relatedProcesses.0,0.releases.3168,0,P000055/2025/2026/0901000000,planning,Supply of Aquaculture Inputs,ocid,ocds-ozzobm-P000055/2025/2026/0901000000
0.releases.3169.relatedProcesses.0,0.releases.3169,0,P000010/2025/2026/6600003002,planning,"Tender for FURNITURES(Office Chairs, staff room chairs and Cupboards)",ocid,ocds-ozzobm-P000010/2025/2026/6600003002
0.releases.3170.relatedProcesses.0,0.releases.3170,0,P000003/2025/2026/1421000000,planning,Purchasing of Examination materials ( Miscellaneous),ocid,ocds-ozzobm-P000003/2025/2026/1421000000
0.releases.3171.relatedProcesses.0,0.releases.3171,0,P000003/2025/2026/1421000000,planning,Purchasing of Examination materials ( Miscellaneous),ocid,ocds-ozzobm-P000003/2025/2026/1421000000
0.releases.3172.relatedProcesses.0,0.releases.3172,0,P000002/2025/2026/8500000000,planning,Supply for Fuel of MMI operations,ocid,ocds-ozzobm-P000002/2025/2026/8500000000
0.releases.3173.relatedProcesses.0,0.releases.3173,0,P000003/2025/2026/1421000000,planning,Purchasing of Examination materials ( Miscellaneous),ocid,ocds-ozzobm-P000003/2025/2026/1421000000
0.releases.3174.relatedProcesses.0,0.releases.3174,0,P000003/2025/2026/1421000000,planning,Purchasing of Examination materials ( Miscellaneous),ocid,ocds-ozzobm-P000003/2025/2026/1421000000
0.releases.3175.relatedProcesses.0,0.releases.3175,0,P000005/2025/2026/2901000000,planning,Purchase of electricity,ocid,ocds-ozzobm-P000005/2025/2026/2901000000
0.releases.3176.relatedProcesses.0,0.releases.3176,0,P000039/2025/2026/5100000000,planning,Supply of asset transfer (ToolKits) under Framework contract.,ocid,ocds-ozzobm-P000039/2025/2026/5100000000
0.releases.3177.relatedProcesses.0,0.releases.3177,0,P000006/2025/2026/2304000000,planning,Acquisition of Hotel services,ocid,ocds-ozzobm-P000006/2025/2026/2304000000
0.releases.3178.relatedProcesses.0,0.releases.3178,0,P000023/2025/2026/1000000000,planning,"Feasibility Study on Fuel Storage Demand, Development of Storage Capacities and Basic Infrastructure in Ruhanga Strategic Fuel Reserve Zone",ocid,ocds-ozzobm-P000023/2025/2026/1000000000
0.releases.3179.relatedProcesses.0,0.releases.3179,0,P000019/2025/2026/6600003001,planning,Purchase of ICT Equipment,ocid,ocds-ozzobm-P000019/2025/2026/6600003001
0.releases.3180.relatedProcesses.0,0.releases.3180,0,P000006/2025/2026/4800003001,planning,Supply and installation of spare parts for maintenance of Kaduha Hospital Vehicles & Motorcycles,ocid,ocds-ozzobm-P000006/2025/2026/4800003001
0.releases.3181.relatedProcesses.0,0.releases.3181,0,P000031/2025/2026/2304000000,planning,"Acquisition of Survey to Go questionnaires (10,000 questionnaires)",ocid,ocds-ozzobm-P000031/2025/2026/2304000000
0.releases.3182.relatedProcesses.0,0.releases.3182,0,P000006/2025/2026/2304000000,planning,Acquisition of Hotel services,ocid,ocds-ozzobm-P000006/2025/2026/2304000000
0.releases.3183.relatedProcesses.0,0.releases.3183,0,P000006/2025/2026/2304000000,planning,Acquisition of Hotel services,ocid,ocds-ozzobm-P000006/2025/2026/2304000000
0.releases.3184.relatedProcesses.0,0.releases.3184,0,P000008/2025/2026/1000001000,planning,"Supply, installation, Commissioning and Training of chemical water testing laboratory equipment",ocid,ocds-ozzobm-P000008/2025/2026/1000001000
0.releases.3185.relatedProcesses.0,0.releases.3185,0,P000006/2025/2026/2304000000,planning,Acquisition of Hotel services,ocid,ocds-ozzobm-P000006/2025/2026/2304000000
0.releases.3186.relatedProcesses.0,0.releases.3186,0,P000006/2025/2026/2304000000,planning,Acquisition of Hotel services,ocid,ocds-ozzobm-P000006/2025/2026/2304000000
0.releases.3187.relatedProcesses.0,0.releases.3187,0,P000202/2025/2026/1203000000,planning,"Annual supply and installation of office furnitures to RRA, meeting and conference furniture (Framework contract).",ocid,ocds-ozzobm-P000202/2025/2026/1203000000
0.releases.3188.relatedProcesses.0,0.releases.3188,0,P000006/2025/2026/2304000000,planning,Acquisition of Hotel services,ocid,ocds-ozzobm-P000006/2025/2026/2304000000
0.releases.3189.relatedProcesses.0,0.releases.3189,0,P000012/2023/2024/1420000000,planning,Provision of Hotel and restaurant services to RTB,ocid,ocds-ozzobm-P000012/2023/2024/1420000000
0.releases.3190.relatedProcesses.0,0.releases.3190,0,P000044/2025/2026/0500000000,planning,Framework Contract for the Refurbishment of Supreme Court Boardrooms,ocid,ocds-ozzobm-P000044/2025/2026/0500000000
0.releases.3191.relatedProcesses.0,0.releases.3191,0,P000044/2025/2026/0500000000,planning,Framework Contract for the Refurbishment of Supreme Court Boardrooms,ocid,ocds-ozzobm-P000044/2025/2026/0500000000
0.releases.3192.relatedProcesses.0,0.releases.3192,0,P000010/2025/2026/1420000000,planning,Supply of Printers for AFTER 2 Project operations,ocid,ocds-ozzobm-P000010/2025/2026/1420000000
0.releases.3195.relatedProcesses.0,0.releases.3195,0,P000014/2025/2026/4700003001,planning,Maintain vehicles and motorcycles of the hospital,ocid,ocds-ozzobm-P000014/2025/2026/4700003001
0.releases.3196.relatedProcesses.0,0.releases.3196,0,P000088/2025/2026/5300000000,planning,Supply of foods and materials for Munini transit center,ocid,ocds-ozzobm-P000088/2025/2026/5300000000
0.releases.3197.relatedProcesses.0,0.releases.3197,0,P000087/2025/2026/5300000000,planning,Supply of productive assets for skills development ( toolkits),ocid,ocds-ozzobm-P000087/2025/2026/5300000000
0.releases.3198.relatedProcesses.0,0.releases.3198,0,P000072/2025/2026/0300000000,planning,Acquisition of Sport  Facilities for  the Parliament of Rwanda,ocid,ocds-ozzobm-P000072/2025/2026/0300000000
0.releases.3199.relatedProcesses.0,0.releases.3199,0,P000072/2025/2026/0300000000,planning,Acquisition of Sport  Facilities for  the Parliament of Rwanda,ocid,ocds-ozzobm-P000072/2025/2026/0300000000
0.releases.3200.relatedProcesses.0,0.releases.3200,0,P000064/2025/2026/0300000000,planning,Acquisition of a Service Trolley use in Cafeteria Canteen for the parliament of Rwanda,ocid,ocds-ozzobm-P000064/2025/2026/0300000000
0.releases.3201.relatedProcesses.0,0.releases.3201,0,P000021/2025/2026/1903001001,planning,Hiring individual consultants to onboard public services on Irembo low-code/no-code platform seven (7) mid-level Software Engineers,ocid,ocds-ozzobm-P000021/2025/2026/1903001001
0.releases.3202.relatedProcesses.0,0.releases.3202,0,P000021/2025/2026/1903001001,planning,Hiring individual consultants to onboard public services on Irembo low-code/no-code platform seven (7) mid-level Software Engineers,ocid,ocds-ozzobm-P000021/2025/2026/1903001001
0.releases.3203.relatedProcesses.0,0.releases.3203,0,P000021/2025/2026/1903001001,planning,Hiring individual consultants to onboard public services on Irembo low-code/no-code platform seven (7) mid-level Software Engineers,ocid,ocds-ozzobm-P000021/2025/2026/1903001001
0.releases.3204.relatedProcesses.0,0.releases.3204,0,P000021/2025/2026/1903001001,planning,Hiring individual consultants to onboard public services on Irembo low-code/no-code platform seven (7) mid-level Software Engineers,ocid,ocds-ozzobm-P000021/2025/2026/1903001001
0.releases.3205.relatedProcesses.0,0.releases.3205,0,P000021/2025/2026/1903001001,planning,Hiring individual consultants to onboard public services on Irembo low-code/no-code platform seven (7) mid-level Software Engineers,ocid,ocds-ozzobm-P000021/2025/2026/1903001001
0.releases.3206.relatedProcesses.0,0.releases.3206,0,P000021/2025/2026/1903001001,planning,Hiring individual consultants to onboard public services on Irembo low-code/no-code platform seven (7) mid-level Software Engineers,ocid,ocds-ozzobm-P000021/2025/2026/1903001001
0.releases.3207.relatedProcesses.0,0.releases.3207,0,P000021/2025/2026/1903001001,planning,Hiring individual consultants to onboard public services on Irembo low-code/no-code platform seven (7) mid-level Software Engineers,ocid,ocds-ozzobm-P000021/2025/2026/1903001001
0.releases.3208.relatedProcesses.0,0.releases.3208,0,P000078/2025/2026/6300000000,planning,"Consultancy services for feasibility study and detailled engineering design for Kinkware,Nyirambundi modern market and upgrading Musanze youth center playgrounds to Gyymnasium",ocid,ocds-ozzobm-P000078/2025/2026/6300000000
0.releases.3209.relatedProcesses.0,0.releases.3209,0,P000043/2025/2026/1808000000,planning,Implimentation of Nzove 3 water treatment plant upgrade,ocid,ocds-ozzobm-P000043/2025/2026/1808000000
0.releases.3210.relatedProcesses.0,0.releases.3210,0,P000013/2025/2026/2000000000,planning,Framework tender related to hiring an insurance  company  for provision  of fire and allied perils insurance services for  MIFOTRA assets,ocid,ocds-ozzobm-P000013/2025/2026/2000000000
0.releases.3211.relatedProcesses.0,0.releases.3211,0,P000023/2025/2026/2000000000,planning,Tender for acquisition of a TV stand  with a designed setting place and its installation in the office of Hon.Minister,ocid,ocds-ozzobm-P000023/2025/2026/2000000000
0.releases.3212.relatedProcesses.0,0.releases.3212,0,P000078/2025/2026/6500000000,planning,SUPPLY AND FIXING OF EQUIPMENTOF DISTRICT ARCHIVE,ocid,ocds-ozzobm-P000078/2025/2026/6500000000
0.releases.3213.relatedProcesses.0,0.releases.3213,0,P000078/2025/2026/6500000000,planning,SUPPLY AND FIXING OF EQUIPMENTOF DISTRICT ARCHIVE,ocid,ocds-ozzobm-P000078/2025/2026/6500000000
0.releases.3214.relatedProcesses.0,0.releases.3214,0,P000074/2025/2026/6500000000,planning,SUPERVISION FOR CONSTRUCTION OF BUTERERI BRIDGE,ocid,ocds-ozzobm-P000074/2025/2026/6500000000
0.releases.3215.relatedProcesses.0,0.releases.3215,0,P000075/2025/2026/6500000000,planning,SUPERVISION FOR CONSTRUCTION OF LATRINES AT EP KARAMA IN JANJA SECTOR,ocid,ocds-ozzobm-P000075/2025/2026/6500000000
0.releases.3216.relatedProcesses.0,0.releases.3216,0,P000023/2025/2026/2301000000,planning,Hiring consultancy company to review NEC communication strategy,ocid,ocds-ozzobm-P000023/2025/2026/2301000000
0.releases.3217.relatedProcesses.0,0.releases.3217,0,P000014/2024/2025/1903000000,planning,"FRAMEWORK AGREEMENT(CENTRALIZED ) FOR UNIFIED HOSTING, CLOUD SERVICES, AND SOFTWARE AS A SERVICE ON BEHALF OF GOVERNMENT INSTITUTIONS",ocid,ocds-ozzobm-P000014/2024/2025/1903000000
0.releases.3218.relatedProcesses.0,0.releases.3218,0,P000109/2025/2026/1417000000,planning,"Supply of laboratory reagents, consummables and practicals at CST (Molecular Biology)",ocid,ocds-ozzobm-P000109/2025/2026/1417000000
0.releases.3220.relatedProcesses.0,0.releases.3220,0,P000155/2025/2026/1417000000,planning,Supply of colored printer,ocid,ocds-ozzobm-P000155/2025/2026/1417000000
0.releases.3221.relatedProcesses.0,0.releases.3221,0,P000043/2025/2026/1808000000,planning,Implimentation of Nzove 3 water treatment plant upgrade,ocid,ocds-ozzobm-P000043/2025/2026/1808000000
0.releases.3222.relatedProcesses.0,0.releases.3222,0,P000036/2025/2026/2900000000,planning,Supply of tyres for the Ministry of Environment vehicles,ocid,ocds-ozzobm-P000036/2025/2026/2900000000
0.releases.3223.relatedProcesses.0,0.releases.3223,0,P000047/2025/2026/2900000000,planning,Supply of MOE vehicle spare parts,ocid,ocds-ozzobm-P000047/2025/2026/2900000000
0.releases.3224.relatedProcesses.0,0.releases.3224,0,P000078/2025/2026/6500000000,planning,SUPPLY AND FIXING OF EQUIPMENTOF DISTRICT ARCHIVE,ocid,ocds-ozzobm-P000078/2025/2026/6500000000
0.releases.3225.relatedProcesses.0,0.releases.3225,0,P000030/2025/2026/2315000000,planning,"Provision of sports and recreation services (Kigali city, Nyagatare,Huye&Rubavu Districts),",ocid,ocds-ozzobm-P000030/2025/2026/2315000000
0.releases.3226.relatedProcesses.0,0.releases.3226,0,P000030/2025/2026/2315000000,planning,"Provision of sports and recreation services (Kigali city, Nyagatare,Huye&Rubavu Districts),",ocid,ocds-ozzobm-P000030/2025/2026/2315000000
0.releases.3227.relatedProcesses.0,0.releases.3227,0,P000007/2025/2026/0700000000,planning,Supply of Fuel for MININTER Vehicles,ocid,ocds-ozzobm-P000007/2025/2026/0700000000
0.releases.3228.relatedProcesses.0,0.releases.3228,0,P000153/2025/2026/1804000000,planning,Design and Build proposed beautifications at Amahoro Stadium,ocid,ocds-ozzobm-P000153/2025/2026/1804000000
0.releases.3229.relatedProcesses.0,0.releases.3229,0,P000154/2025/2026/1804000000,planning,Detailed study update and subsequent supervision for construction works of Rubengera Meteo Weather Station,ocid,ocds-ozzobm-P000154/2025/2026/1804000000
0.releases.3230.relatedProcesses.0,0.releases.3230,0,P000106/2025/2026/4800000000,planning,Construction of 6 Girls room- installation of 21 rainwater tanks and Construction of 38 toilet cabins for different schools in Nyamagabe Distrct,ocid,ocds-ozzobm-P000106/2025/2026/4800000000
0.releases.3231.relatedProcesses.0,0.releases.3231,0,P000105/2025/2026/4800000000,planning,Rehabilitation of Teachers Hostel,ocid,ocds-ozzobm-P000105/2025/2026/4800000000
0.releases.3232.relatedProcesses.0,0.releases.3232,0,P000097/2024/2025/4800000000,planning,Protection of radical terraces by grasses(Ha),ocid,ocds-ozzobm-P000097/2024/2025/4800000000
0.releases.3233.relatedProcesses.0,0.releases.3233,0,P000098/2024/2025/4800000000,planning,Protection of radical terraces by Agroforestry trees/shrubs(1500 trees/shrubs/ha ) in Ha,ocid,ocds-ozzobm-P000098/2024/2025/4800000000
0.releases.3234.relatedProcesses.0,0.releases.3234,0,P000032/2025/2026/5600003001,planning,"Tender for Non medical equipment maintenance (Incinerator, Groupe electrogene, Loundry machine,Morgue frigo,etc...)",ocid,ocds-ozzobm-P000032/2025/2026/5600003001
0.releases.3235.relatedProcesses.0,0.releases.3235,0,P000044/2025/2026/0500000000,planning,Framework Contract for the Refurbishment of Supreme Court Boardrooms,ocid,ocds-ozzobm-P000044/2025/2026/0500000000
0.releases.3236.relatedProcesses.0,0.releases.3236,0,P000080/2025/2026/0901000000,planning,"Supply of Specialized equipment in poultry, pig, and Rabbit",ocid,ocds-ozzobm-P000080/2025/2026/0901000000
0.releases.3237.relatedProcesses.0,0.releases.3237,0,P000020/2025/2026/0901000000,planning,Consultancy services for hiring VSM firms to conduct Live animals’ inspection at Kigali International Airport,ocid,ocds-ozzobm-P000020/2025/2026/0901000000
0.releases.3238.relatedProcesses.0,0.releases.3238,0,P000054/2024/2025/1305000000,planning,Provision service of codification for RFI equipment,ocid,ocds-ozzobm-P000054/2024/2025/1305000000
0.releases.3239.relatedProcesses.0,0.releases.3239,0,P000047/2025/2026/2900000000,planning,Supply of MOE vehicle spare parts,ocid,ocds-ozzobm-P000047/2025/2026/2900000000
0.releases.3240.relatedProcesses.0,0.releases.3240,0,P000039/2025/2026/0901000000,planning,Supply of equipment for laboratory and aeroponic,ocid,ocds-ozzobm-P000039/2025/2026/0901000000
0.releases.3241.relatedProcesses.0,0.releases.3241,0,P000156/2025/2026/1203000000,planning,Supply and installation of office chairs to RRA (Framework contract),ocid,ocds-ozzobm-P000156/2025/2026/1203000000
0.releases.3242.relatedProcesses.0,0.releases.3242,0,P000057/2023/2024/1903000000,planning,Tender for  acquisition of common required licenses ( Centralized),ocid,ocds-ozzobm-P000057/2023/2024/1903000000
0.releases.3243.relatedProcesses.0,0.releases.3243,0,P000001/2025/2026/1602000000,planning,Supply of Cleaning& Hygiene materials,ocid,ocds-ozzobm-P000001/2025/2026/1602000000
0.releases.3244.relatedProcesses.0,0.releases.3244,0,P000037/2023/2024/5600000000,planning,Cleaning of public spaces in Rubavu city,ocid,ocds-ozzobm-P000037/2023/2024/5600000000
0.releases.3245.relatedProcesses.0,0.releases.3245,0,P000026/2025/2026/2313000000,planning,Supply of hand sanitizers and face masks,ocid,ocds-ozzobm-P000026/2025/2026/2313000000
0.releases.3246.relatedProcesses.0,0.releases.3246,0,P000014/2024/2025/5600000000,planning,"Banners  T -SHIRT,SINPOST,DEPLIAT AND CURTAINS",ocid,ocds-ozzobm-P000014/2024/2025/5600000000
0.releases.3247.relatedProcesses.0,0.releases.3247,0,P000060/2025/2026/0300000000,planning,Acquisition of  SOFA  for  the Office  of  the  Parliament of Rwanda,ocid,ocds-ozzobm-P000060/2025/2026/0300000000
0.releases.3248.relatedProcesses.0,0.releases.3248,0,P000057/2023/2024/1903000000,planning,Tender for  acquisition of common required licenses ( Centralized),ocid,ocds-ozzobm-P000057/2023/2024/1903000000
0.releases.3249.relatedProcesses.0,0.releases.3249,0,P000019/2023/2024/1606000000,planning,Sports and recreational facilities and services,ocid,ocds-ozzobm-P000019/2023/2024/1606000000
0.releases.3250.relatedProcesses.0,0.releases.3250,0,P000053/2025/2026/5800003001,planning,Tender for Electrical and Plumbing Materials Supply,ocid,ocds-ozzobm-P000053/2025/2026/5800003001
0.releases.3251.relatedProcesses.0,0.releases.3251,0,P000057/2023/2024/1903000000,planning,Tender for  acquisition of common required licenses ( Centralized),ocid,ocds-ozzobm-P000057/2023/2024/1903000000
0.releases.3252.relatedProcesses.0,0.releases.3252,0,P000057/2023/2024/1903000000,planning,Tender for  acquisition of common required licenses ( Centralized),ocid,ocds-ozzobm-P000057/2023/2024/1903000000
0.releases.3253.relatedProcesses.0,0.releases.3253,0,P000200/2024/2025/1804000000,planning,Detailed study update and subsequent supervision for construction works of Gicumbi  Meteo  Weather Station,ocid,ocds-ozzobm-P000200/2024/2025/1804000000
0.releases.3254.relatedProcesses.0,0.releases.3254,0,P000289/2023/2024/1804000000,planning,Design and supervision services for the rehabilitation of NISR Old Buildings and setting up of outdoor tents,ocid,ocds-ozzobm-P000289/2023/2024/1804000000
0.releases.3255.relatedProcesses.0,0.releases.3255,0,P000052/2025/2026/4000000000,planning,PURCHASE OF THE PRODUCTIVE ASSETS FOR THE VULNERABLE PEOPLE,ocid,ocds-ozzobm-P000052/2025/2026/4000000000
0.releases.3256.relatedProcesses.0,0.releases.3256,0,P000109/2025/2026/2315000000,planning,"Studio interior design, upgrade and decoration",ocid,ocds-ozzobm-P000109/2025/2026/2315000000
0.releases.3257.relatedProcesses.0,0.releases.3257,0,P000004/2025/2026/1400000000,planning,Supply of Bricks for construction of science laboratories,ocid,ocds-ozzobm-P000004/2025/2026/1400000000
0.releases.3258.relatedProcesses.0,0.releases.3258,0,P000018/2025/2026/4700000000,planning,Annual framework tender for management of Ngoma  cementery,ocid,ocds-ozzobm-P000018/2025/2026/4700000000
0.releases.3259.relatedProcesses.0,0.releases.3259,0,P000019/2025/2026/6200000000,planning,Full feasibility study for rehabilitation works of Miyove Health Center in Gicumbi District,ocid,ocds-ozzobm-P000019/2025/2026/6200000000
0.releases.3260.relatedProcesses.0,0.releases.3260,0,P000016/2025/2026/1412009000,planning,Provision of coaster insurance,ocid,ocds-ozzobm-P000016/2025/2026/1412009000
0.releases.3261.relatedProcesses.0,0.releases.3261,0,P000016/2025/2026/1412009000,planning,Provision of coaster insurance,ocid,ocds-ozzobm-P000016/2025/2026/1412009000
0.releases.3262.relatedProcesses.0,0.releases.3262,0,P000009/2025/2026/0301000000,planning,Provision of Catering services to OAG staff,ocid,ocds-ozzobm-P000009/2025/2026/0301000000
0.releases.3263.relatedProcesses.0,0.releases.3263,0,P000016/2025/2026/1412009000,planning,Provision of coaster insurance,ocid,ocds-ozzobm-P000016/2025/2026/1412009000
0.releases.3264.relatedProcesses.0,0.releases.3264,0,P000047/2025/2026/2900000000,planning,Supply of MOE vehicle spare parts,ocid,ocds-ozzobm-P000047/2025/2026/2900000000
0.releases.3265.relatedProcesses.0,0.releases.3265,0,P000072/2023/2024/1001000000,planning,Provision service of toxic waste management under framework contract,ocid,ocds-ozzobm-P000072/2023/2024/1001000000
0.releases.3266.relatedProcesses.0,0.releases.3266,0,P000100/2023/2024/1417000000,planning,Supply and Installation of cabling materials (FRAMEWORK),ocid,ocds-ozzobm-P000100/2023/2024/1417000000
0.releases.3267.relatedProcesses.0,0.releases.3267,0,P000021/2025/2026/1412009000,planning,Provision of events management services,ocid,ocds-ozzobm-P000021/2025/2026/1412009000
0.releases.3268.relatedProcesses.0,0.releases.3268,0,P000021/2025/2026/1412009000,planning,Provision of events management services,ocid,ocds-ozzobm-P000021/2025/2026/1412009000
0.releases.3269.relatedProcesses.0,0.releases.3269,0,P000024/2025/2026/0701000000,planning,SUPPLY OF DRUGS AND MEDICAL CONSUMABLES FOR FPU ROTATIONS ON FRAMEWORK AGREEMENT,ocid,ocds-ozzobm-P000024/2025/2026/0701000000
0.releases.3270.relatedProcesses.0,0.releases.3270,0,P000103/2025/2026/7000000000,planning,Provision of Sports Services to the CoK staff,ocid,ocds-ozzobm-P000103/2025/2026/7000000000
0.releases.3271.relatedProcesses.0,0.releases.3271,0,P000062/2025/2026/5000000000,planning,Supply House - furniture in the constructed houses for needy Genocide,ocid,ocds-ozzobm-P000062/2025/2026/5000000000
0.releases.3272.relatedProcesses.0,0.releases.3272,0,P000033/2025/2026/4300000000,planning,Purchasing pruning saws for the management of agroforestry,ocid,ocds-ozzobm-P000033/2025/2026/4300000000
0.releases.3273.relatedProcesses.0,0.releases.3273,0,P000095/2022/2023/1806000000,planning,"Design, Supply, and Installation of low voltage and medium voltage lines and service connections in other Sectors in  Rusizi District",ocid,ocds-ozzobm-P000095/2022/2023/1806000000
0.releases.3274.relatedProcesses.0,0.releases.3274,0,P000028/2025/2026/1804000000,planning,Provision of insurance of RHA assets and stock,ocid,ocds-ozzobm-P000028/2025/2026/1804000000
0.releases.3275.relatedProcesses.0,0.releases.3275,0,P000026/2025/2026/2313000000,planning,Supply of hand sanitizers and face masks,ocid,ocds-ozzobm-P000026/2025/2026/2313000000
0.releases.3276.relatedProcesses.0,0.releases.3276,0,P000094/2022/2023/1806000000,planning,"Design, Supply, and Installation of low voltage and medium voltage lines and service connections in Sectors of  Rusizi District",ocid,ocds-ozzobm-P000094/2022/2023/1806000000
0.releases.3277.relatedProcesses.0,0.releases.3277,0,P000021/2024/2025/1400000000,planning,Supply of cement on framework contract,ocid,ocds-ozzobm-P000021/2024/2025/1400000000
0.releases.3278.relatedProcesses.0,0.releases.3278,0,P000067/2025/2026/0400000000,planning,Sound system,ocid,ocds-ozzobm-P000067/2025/2026/0400000000
0.releases.3279.relatedProcesses.0,0.releases.3279,0,P000072/2025/2026/5000000000,planning,EXTENSION AND MAINTENANCE OF ELECTRICAL INSTALLATION IN OFFICE AND PUBLIC LIGHTING IN MUHANGA,ocid,ocds-ozzobm-P000072/2025/2026/5000000000
0.releases.3280.relatedProcesses.0,0.releases.3280,0,P000072/2025/2026/5000000000,planning,EXTENSION AND MAINTENANCE OF ELECTRICAL INSTALLATION IN OFFICE AND PUBLIC LIGHTING IN MUHANGA,ocid,ocds-ozzobm-P000072/2025/2026/5000000000
0.releases.3281.relatedProcesses.0,0.releases.3281,0,P000037/2025/2026/5800000000,planning,Supply of electricity to the district under framework agreement,ocid,ocds-ozzobm-P000037/2025/2026/5800000000
0.releases.3282.relatedProcesses.0,0.releases.3282,0,P000037/2025/2026/5800000000,planning,Supply of electricity to the district under framework agreement,ocid,ocds-ozzobm-P000037/2025/2026/5800000000
0.releases.3283.relatedProcesses.0,0.releases.3283,0,P000031/2025/2026/5700000000,planning,Provision of loading and unloading service,ocid,ocds-ozzobm-P000031/2025/2026/5700000000
0.releases.3284.relatedProcesses.0,0.releases.3284,0,P000098/2025/2026/5000000000,planning,Rehabilitation of District residential house and former Nyamabuye Sector offices,ocid,ocds-ozzobm-P000098/2025/2026/5000000000
0.releases.3285.relatedProcesses.0,0.releases.3285,0,P000103/2025/2026/1203000000,planning,Annual Maintenance of RRA Data Center (Frame work Contract),ocid,ocds-ozzobm-P000103/2025/2026/1203000000
0.releases.3286.relatedProcesses.0,0.releases.3286,0,P000026/2025/2026/1412009000,planning,Supply of housekeeping product,ocid,ocds-ozzobm-P000026/2025/2026/1412009000
0.releases.3287.relatedProcesses.0,0.releases.3287,0,P000026/2025/2026/1412009000,planning,Supply of housekeeping product,ocid,ocds-ozzobm-P000026/2025/2026/1412009000
0.releases.3288.relatedProcesses.0,0.releases.3288,0,P000103/2025/2026/1203000000,planning,Annual Maintenance of RRA Data Center (Frame work Contract),ocid,ocds-ozzobm-P000103/2025/2026/1203000000
0.releases.3289.relatedProcesses.0,0.releases.3289,0,P000034/2025/2026/2204000000,planning,Develop sector level flood / storm contingency plans and develop response matrices at community level,ocid,ocds-ozzobm-P000034/2025/2026/2204000000
0.releases.3290.relatedProcesses.0,0.releases.3290,0,P000046/2024/2025/4100000000,planning,Provisional of media services to Bugesera District,ocid,ocds-ozzobm-P000046/2024/2025/4100000000
0.releases.3291.relatedProcesses.0,0.releases.3291,0,P000046/2024/2025/4100000000,planning,Provisional of media services to Bugesera District,ocid,ocds-ozzobm-P000046/2024/2025/4100000000
0.releases.3292.relatedProcesses.0,0.releases.3292,0,P000026/2025/2026/1412009000,planning,Supply of housekeeping product,ocid,ocds-ozzobm-P000026/2025/2026/1412009000
0.releases.3293.relatedProcesses.0,0.releases.3293,0,P000053/2025/2026/5700003001,planning,Supply of cartridges of new five Printers,ocid,ocds-ozzobm-P000053/2025/2026/5700003001
0.releases.3294.relatedProcesses.0,0.releases.3294,0,P000053/2023/2024/1412006000,planning,Supply of food for TSS,ocid,ocds-ozzobm-P000053/2023/2024/1412006000
0.releases.3295.relatedProcesses.0,0.releases.3295,0,P000014/2025/2026/4800003001,planning,Provision of Hotel services for Kaduha Hospital,ocid,ocds-ozzobm-P000014/2025/2026/4800003001
0.releases.3296.relatedProcesses.0,0.releases.3296,0,P000014/2025/2026/4800003001,planning,Provision of Hotel services for Kaduha Hospital,ocid,ocds-ozzobm-P000014/2025/2026/4800003001
0.releases.3297.relatedProcesses.0,0.releases.3297,0,P000009/2025/2026/0301000000,planning,Provision of Catering services to OAG staff,ocid,ocds-ozzobm-P000009/2025/2026/0301000000
0.releases.3298.relatedProcesses.0,0.releases.3298,0,P000016/2025/2026/0700000000,planning,Insurance services for MININTER Vehicles,ocid,ocds-ozzobm-P000016/2025/2026/0700000000
0.releases.3299.relatedProcesses.0,0.releases.3299,0,P000032/2025/2026/1200000000,planning,Provision of Maintenance Services  Elevators of old Building,ocid,ocds-ozzobm-P000032/2025/2026/1200000000
0.releases.3300.relatedProcesses.0,0.releases.3300,0,P000016/2025/2026/0700000000,planning,Insurance services for MININTER Vehicles,ocid,ocds-ozzobm-P000016/2025/2026/0700000000
0.releases.3301.relatedProcesses.0,0.releases.3301,0,P000032/2025/2026/1200000000,planning,Provision of Maintenance Services  Elevators of old Building,ocid,ocds-ozzobm-P000032/2025/2026/1200000000
0.releases.3302.relatedProcesses.0,0.releases.3302,0,P000086/2025/2026/0901000000,planning,Purchase of SAH substrate,ocid,ocds-ozzobm-P000086/2025/2026/0901000000
0.releases.3303.relatedProcesses.0,0.releases.3303,0,P000057/2025/2026/0901001015,planning,Production of Audio Visual Communication Materials (Hiring Knowledge Management and Communication Firm),ocid,ocds-ozzobm-P000057/2025/2026/0901001015
0.releases.3304.relatedProcesses.0,0.releases.3304,0,P000057/2025/2026/0901001015,planning,Production of Audio Visual Communication Materials (Hiring Knowledge Management and Communication Firm),ocid,ocds-ozzobm-P000057/2025/2026/0901001015
0.releases.3305.relatedProcesses.0,0.releases.3305,0,P000008/2023/2024/0500000000,planning,Provision of Sport services for  Judicial Staff,ocid,ocds-ozzobm-P000008/2023/2024/0500000000
0.releases.3306.relatedProcesses.0,0.releases.3306,0,P000008/2023/2024/0500000000,planning,Provision of Sport services for  Judicial Staff,ocid,ocds-ozzobm-P000008/2023/2024/0500000000
0.releases.3307.relatedProcesses.0,0.releases.3307,0,P000029/2024/2025/2315000000,planning,Provision of sports and recreation services in Kigali city,ocid,ocds-ozzobm-P000029/2024/2025/2315000000
0.releases.3308.relatedProcesses.0,0.releases.3308,0,P000093/2025/2026/7000000000,planning,"Tender  for the Purchase of office furniture (Desks, chairs,..) for KISUP team",ocid,ocds-ozzobm-P000093/2025/2026/7000000000
0.releases.3309.relatedProcesses.0,0.releases.3309,0,P000026/2025/2026/4900000000,planning,Completion of works for the Construction of Chip seal roads (1.55km) in Ndora Sector,ocid,ocds-ozzobm-P000026/2025/2026/4900000000
0.releases.3310.relatedProcesses.0,0.releases.3310,0,P000026/2025/2026/4900000000,planning,Completion of works for the Construction of Chip seal roads (1.55km) in Ndora Sector,ocid,ocds-ozzobm-P000026/2025/2026/4900000000
0.releases.3311.relatedProcesses.0,0.releases.3311,0,P000104/2022/2023/1417000000,planning,"Supply of Laboratory reagents, consumables and accessories for UR CMHS",ocid,ocds-ozzobm-P000104/2022/2023/1417000000
0.releases.3312.relatedProcesses.0,0.releases.3312,0,P000025/2025/2026/5100003001,planning,Purchase of chairs and other non medical equipment,ocid,ocds-ozzobm-P000025/2025/2026/5100003001
0.releases.3313.relatedProcesses.0,0.releases.3313,0,P000005/2025/2026/5100003001,planning,"Decoration and sonolisation services (location chairs,tents, Cameras).",ocid,ocds-ozzobm-P000005/2025/2026/5100003001
0.releases.3314.relatedProcesses.0,0.releases.3314,0,P000098/2025/2026/1305000000,planning,Acquisition of Integrated Tools for Forensic Multimedia image/video Ecosystem,ocid,ocds-ozzobm-P000098/2025/2026/1305000000
0.releases.3315.relatedProcesses.0,0.releases.3315,0,P000007/2025/2026/5100003001,planning,"Rehabilitation  and maintenance of hospital's damaged walls  (rigolet, current kitchen ,parking  , Hangar, windows, doors, mortuary , toilet  and other ground)",ocid,ocds-ozzobm-P000007/2025/2026/5100003001
0.releases.3316.relatedProcesses.0,0.releases.3316,0,P000057/2025/2026/0901001015,planning,Production of Audio Visual Communication Materials (Hiring Knowledge Management and Communication Firm),ocid,ocds-ozzobm-P000057/2025/2026/0901001015
0.releases.3317.relatedProcesses.0,0.releases.3317,0,P000057/2025/2026/0901001015,planning,Production of Audio Visual Communication Materials (Hiring Knowledge Management and Communication Firm),ocid,ocds-ozzobm-P000057/2025/2026/0901001015
0.releases.3318.relatedProcesses.0,0.releases.3318,0,P000057/2025/2026/0901001015,planning,Production of Audio Visual Communication Materials (Hiring Knowledge Management and Communication Firm),ocid,ocds-ozzobm-P000057/2025/2026/0901001015
0.releases.3319.relatedProcesses.0,0.releases.3319,0,P000010/2025/2026/6600003002,planning,"Tender for FURNITURES(Office Chairs, staff room chairs and Cupboards)",ocid,ocds-ozzobm-P000010/2025/2026/6600003002
0.releases.3320.relatedProcesses.0,0.releases.3320,0,P000008/2025/2026/5700000000,planning,Maintenance of Sound System,ocid,ocds-ozzobm-P000008/2025/2026/5700000000
0.releases.3321.relatedProcesses.0,0.releases.3321,0,P000010/2024/2025/1302000000,planning,Supply of Electrical Equipment,ocid,ocds-ozzobm-P000010/2024/2025/1302000000
0.releases.3322.relatedProcesses.0,0.releases.3322,0,P000021/2024/2025/1601000000,planning,Laboratory reagents,ocid,ocds-ozzobm-P000021/2024/2025/1601000000
0.releases.3323.relatedProcesses.0,0.releases.3323,0,P000105/2025/2026/0702000000,planning,Acquisition Of Office Furniture and office equipment for Rwamagana Social Reintegration centre,ocid,ocds-ozzobm-P000105/2025/2026/0702000000
0.releases.3324.relatedProcesses.0,0.releases.3324,0,P000028/2025/2026/4900000000,planning,Supervision of Completion of works for the Construction of Chip Seal roads (1.55Km) in Ndora Sector,ocid,ocds-ozzobm-P000028/2025/2026/4900000000
0.releases.3325.relatedProcesses.0,0.releases.3325,0,P000028/2025/2026/4900000000,planning,Supervision of Completion of works for the Construction of Chip Seal roads (1.55Km) in Ndora Sector,ocid,ocds-ozzobm-P000028/2025/2026/4900000000
0.releases.3326.relatedProcesses.0,0.releases.3326,0,P000026/2025/2026/1200000000,planning,Supply of Office Stationaries,ocid,ocds-ozzobm-P000026/2025/2026/1200000000
0.releases.3327.relatedProcesses.0,0.releases.3327,0,P000026/2025/2026/1200000000,planning,Supply of Office Stationaries,ocid,ocds-ozzobm-P000026/2025/2026/1200000000
0.releases.3328.relatedProcesses.0,0.releases.3328,0,P000121/2025/2026/1203000000,planning,Provision of Maintenance and repair of vehicles in RUSIZI for RRA,ocid,ocds-ozzobm-P000121/2025/2026/1203000000
0.releases.3329.relatedProcesses.0,0.releases.3329,0,P000086/2025/2026/1601000000,planning,Supply of stationary,ocid,ocds-ozzobm-P000086/2025/2026/1601000000
0.releases.3330.relatedProcesses.0,0.releases.3330,0,P000014/2025/2026/4200000000,planning,Supply of furniture for 32 new classrooms in Gatsibo District,ocid,ocds-ozzobm-P000014/2025/2026/4200000000
0.releases.3331.relatedProcesses.0,0.releases.3331,0,P000014/2025/2026/4200000000,planning,Supply of furniture for 32 new classrooms in Gatsibo District,ocid,ocds-ozzobm-P000014/2025/2026/4200000000
0.releases.3332.relatedProcesses.0,0.releases.3332,0,P000019/2023/2024/1606000000,planning,Sports and recreational facilities and services,ocid,ocds-ozzobm-P000019/2023/2024/1606000000
0.releases.3333.relatedProcesses.0,0.releases.3333,0,P000021/2024/2025/1601000000,planning,Laboratory reagents,ocid,ocds-ozzobm-P000021/2024/2025/1601000000
0.releases.3334.relatedProcesses.0,0.releases.3334,0,P000037/2025/2026/1420000000,planning,"SUPERVISION SERVICES FOR REHABILITATION AND EXPANSION OF KINAZI TSS IN RUHANGO DISTRICT, EAV GITWE TSS IN NGOMA DISTRICT AND MUTOBO TSS IN MUSANZE DISTRICT",ocid,ocds-ozzobm-P000037/2025/2026/1420000000
0.releases.3335.relatedProcesses.0,0.releases.3335,0,P000037/2025/2026/1420000000,planning,"SUPERVISION SERVICES FOR REHABILITATION AND EXPANSION OF KINAZI TSS IN RUHANGO DISTRICT, EAV GITWE TSS IN NGOMA DISTRICT AND MUTOBO TSS IN MUSANZE DISTRICT",ocid,ocds-ozzobm-P000037/2025/2026/1420000000
0.releases.3336.relatedProcesses.0,0.releases.3336,0,P000021/2024/2025/1601000000,planning,Laboratory reagents,ocid,ocds-ozzobm-P000021/2024/2025/1601000000
0.releases.3337.relatedProcesses.0,0.releases.3337,0,P000007/2023/2024/6500003001,planning,Provision of Security services at Nemba Hospital,ocid,ocds-ozzobm-P000007/2023/2024/6500003001
0.releases.3338.relatedProcesses.0,0.releases.3338,0,P000005/2025/2026/1000000000,planning,Maintenance and washing office curtains,ocid,ocds-ozzobm-P000005/2025/2026/1000000000
0.releases.3339.relatedProcesses.0,0.releases.3339,0,P000042/2025/2026/1808000000,planning,Operationalization of sanitation facilities-Daily  management of   Nduba Landfill,ocid,ocds-ozzobm-P000042/2025/2026/1808000000
0.releases.3340.relatedProcesses.0,0.releases.3340,0,P000015/2025/2026/4200000000,planning,"Equipment for 9 new classrooms, 3 blocks of latrines and 3 caregivers office for ECD in Gatsibo District",ocid,ocds-ozzobm-P000015/2025/2026/4200000000
0.releases.3341.relatedProcesses.0,0.releases.3341,0,P000015/2025/2026/4200000000,planning,"Equipment for 9 new classrooms, 3 blocks of latrines and 3 caregivers office for ECD in Gatsibo District",ocid,ocds-ozzobm-P000015/2025/2026/4200000000
0.releases.3342.relatedProcesses.0,0.releases.3342,0,P000016/2025/2026/1412009000,planning,Provision of coaster insurance,ocid,ocds-ozzobm-P000016/2025/2026/1412009000
0.releases.3343.relatedProcesses.0,0.releases.3343,0,P000021/2025/2026/1412009000,planning,Provision of events management services,ocid,ocds-ozzobm-P000021/2025/2026/1412009000
0.releases.3344.relatedProcesses.0,0.releases.3344,0,P000064/2025/2026/0300000000,planning,Acquisition of a Service Trolley use in Cafeteria Canteen for the parliament of Rwanda,ocid,ocds-ozzobm-P000064/2025/2026/0300000000
0.releases.3345.relatedProcesses.0,0.releases.3345,0,P000072/2025/2026/5000000000,planning,EXTENSION AND MAINTENANCE OF ELECTRICAL INSTALLATION IN OFFICE AND PUBLIC LIGHTING IN MUHANGA,ocid,ocds-ozzobm-P000072/2025/2026/5000000000
0.releases.3346.relatedProcesses.0,0.releases.3346,0,P000026/2025/2026/1412009000,planning,Supply of housekeeping product,ocid,ocds-ozzobm-P000026/2025/2026/1412009000
0.releases.3347.relatedProcesses.0,0.releases.3347,0,P000141/2025/2026/7000000000,planning,Management of Nyanza Bus Park,ocid,ocds-ozzobm-P000141/2025/2026/7000000000
0.releases.3348.relatedProcesses.0,0.releases.3348,0,P000098/2025/2026/5000000000,planning,Rehabilitation of District residential house and former Nyamabuye Sector offices,ocid,ocds-ozzobm-P000098/2025/2026/5000000000
0.releases.3349.relatedProcesses.0,0.releases.3349,0,P000078/2025/2026/6300000000,planning,"Consultancy services for feasibility study and detailled engineering design for Kinkware,Nyirambundi modern market and upgrading Musanze youth center playgrounds to Gyymnasium",ocid,ocds-ozzobm-P000078/2025/2026/6300000000
0.releases.3350.relatedProcesses.0,0.releases.3350,0,P000028/2025/2026/4900000000,planning,Supervision of Completion of works for the Construction of Chip Seal roads (1.55Km) in Ndora Sector,ocid,ocds-ozzobm-P000028/2025/2026/4900000000
0.releases.3351.relatedProcesses.0,0.releases.3351,0,P000072/2025/2026/5000000000,planning,EXTENSION AND MAINTENANCE OF ELECTRICAL INSTALLATION IN OFFICE AND PUBLIC LIGHTING IN MUHANGA,ocid,ocds-ozzobm-P000072/2025/2026/5000000000
0.releases.3352.relatedProcesses.0,0.releases.3352,0,P000026/2025/2026/4900000000,planning,Completion of works for the Construction of Chip seal roads (1.55km) in Ndora Sector,ocid,ocds-ozzobm-P000026/2025/2026/4900000000
0.releases.3353.relatedProcesses.0,0.releases.3353,0,P000087/2025/2026/5500000000,planning,Maintenance of IT equipment,ocid,ocds-ozzobm-P000087/2025/2026/5500000000
0.releases.3354.relatedProcesses.0,0.releases.3354,0,P000024/2025/2026/2000000000,planning,"Tender for acquisition of toners/cartridge for printers: Canon image,Runner advance 4545i and Canon image Runner C3025i",ocid,ocds-ozzobm-P000024/2025/2026/2000000000
0.releases.3355.relatedProcesses.0,0.releases.3355,0,P000004/2025/2026/6400000000,planning,Consultancy services for supervision of Construction of Gitanda health center,ocid,ocds-ozzobm-P000004/2025/2026/6400000000
0.releases.3356.relatedProcesses.0,0.releases.3356,0,P000004/2025/2026/6400000000,planning,Consultancy services for supervision of Construction of Gitanda health center,ocid,ocds-ozzobm-P000004/2025/2026/6400000000
0.releases.3357.relatedProcesses.0,0.releases.3357,0,P000012/2024/2025/1605000000,planning,Tender for provision vehicle insurance service,ocid,ocds-ozzobm-P000012/2024/2025/1605000000
0.releases.3358.relatedProcesses.0,0.releases.3358,0,P000086/2025/2026/5300000000,planning,Maintenance of office furnitures under frame work contract,ocid,ocds-ozzobm-P000086/2025/2026/5300000000
0.releases.3359.relatedProcesses.0,0.releases.3359,0,P000086/2025/2026/5300000000,planning,Maintenance of office furnitures under frame work contract,ocid,ocds-ozzobm-P000086/2025/2026/5300000000
0.releases.3360.relatedProcesses.0,0.releases.3360,0,P000010/2024/2025/1302000000,planning,Supply of Electrical Equipment,ocid,ocds-ozzobm-P000010/2024/2025/1302000000
0.releases.3361.relatedProcesses.0,0.releases.3361,0,P000162/2024/2025/1417000000,planning,"Subscription on TVs, News papers and Radios to UR",ocid,ocds-ozzobm-P000162/2024/2025/1417000000
0.releases.3362.relatedProcesses.0,0.releases.3362,0,P000019/2023/2024/1606000000,planning,Sports and recreational facilities and services,ocid,ocds-ozzobm-P000019/2023/2024/1606000000
0.releases.3363.relatedProcesses.0,0.releases.3363,0,P000019/2023/2024/1606000000,planning,Sports and recreational facilities and services,ocid,ocds-ozzobm-P000019/2023/2024/1606000000
0.releases.3364.relatedProcesses.0,0.releases.3364,0,P000032/2025/2026/1200000000,planning,Provision of Maintenance Services  Elevators of old Building,ocid,ocds-ozzobm-P000032/2025/2026/1200000000
0.releases.3365.relatedProcesses.0,0.releases.3365,0,P000026/2025/2026/1200000000,planning,Supply of Office Stationaries,ocid,ocds-ozzobm-P000026/2025/2026/1200000000
0.releases.3366.relatedProcesses.0,0.releases.3366,0,P000017/2025/2026/6600000000,planning,Tender for Supply of Office Equipments,ocid,ocds-ozzobm-P000017/2025/2026/6600000000
0.releases.3367.relatedProcesses.0,0.releases.3367,0,P000017/2025/2026/6600000000,planning,Tender for Supply of Office Equipments,ocid,ocds-ozzobm-P000017/2025/2026/6600000000
0.releases.3368.relatedProcesses.0,0.releases.3368,0,P000028/2023/2024/1204000000,planning,Provision of refreshments to RPPA staff and RPPA guests,ocid,ocds-ozzobm-P000028/2023/2024/1204000000
0.releases.3369.relatedProcesses.0,0.releases.3369,0,P000109/2024/2025/5300000000,planning,Supply of   materials used in construction of classroom and retaining wall ( LOTS7) under framework contract,ocid,ocds-ozzobm-P000109/2024/2025/5300000000
0.releases.3370.relatedProcesses.0,0.releases.3370,0,P000109/2024/2025/5300000000,planning,Supply of   materials used in construction of classroom and retaining wall ( LOTS7) under framework contract,ocid,ocds-ozzobm-P000109/2024/2025/5300000000
0.releases.3371.relatedProcesses.0,0.releases.3371,0,P000001/2025/2026/2700000000,planning,Supply and delivery of office stationaries,ocid,ocds-ozzobm-P000001/2025/2026/2700000000
0.releases.3372.relatedProcesses.0,0.releases.3372,0,P000072/2025/2026/0300000000,planning,Acquisition of Sport  Facilities for  the Parliament of Rwanda,ocid,ocds-ozzobm-P000072/2025/2026/0300000000
0.releases.3373.relatedProcesses.0,0.releases.3373,0,P000006/2024/2025/2307000000,planning,Sports and recreational services,ocid,ocds-ozzobm-P000006/2024/2025/2307000000
0.releases.3374.relatedProcesses.0,0.releases.3374,0,P000074/2025/2026/1800000000,planning,Recruitment of an Individual Consultant to support the development of a Virtual Property and Building Addressing System.,ocid,ocds-ozzobm-P000074/2025/2026/1800000000
0.releases.3375.relatedProcesses.0,0.releases.3375,0,P000017/2025/2026/1412008000,planning,Supply of small tools and consumables in Agri Mechanization Technology department,ocid,ocds-ozzobm-P000017/2025/2026/1412008000
0.releases.3376.relatedProcesses.0,0.releases.3376,0,P000046/2025/2026/0901000000,planning,Supply of Hormones and accessories,ocid,ocds-ozzobm-P000046/2025/2026/0901000000
0.releases.3377.relatedProcesses.0,0.releases.3377,0,P000016/2025/2026/1412008000,planning,Supply of small tools and consumables in Irrigation and drainage  Technology department,ocid,ocds-ozzobm-P000016/2025/2026/1412008000
0.releases.3378.relatedProcesses.0,0.releases.3378,0,P000033/2024/2025/1412008000,planning,Provision of Design and printing services to IPRC Gishari,ocid,ocds-ozzobm-P000033/2024/2025/1412008000
0.releases.3379.relatedProcesses.0,0.releases.3379,0,P000103/2025/2026/8000000000,planning,Hiring a Consultancy firm to support finance Team in the preparation of financial statement and IFRS 17,ocid,ocds-ozzobm-P000103/2025/2026/8000000000
0.releases.3380.relatedProcesses.0,0.releases.3380,0,P000103/2025/2026/8000000000,planning,Hiring a Consultancy firm to support finance Team in the preparation of financial statement and IFRS 17,ocid,ocds-ozzobm-P000103/2025/2026/8000000000
0.releases.3381.relatedProcesses.0,0.releases.3381,0,P000063/2022/2023/0500000000,planning,Maintenance of Lift at CHC,ocid,ocds-ozzobm-P000063/2022/2023/0500000000
0.releases.3382.relatedProcesses.0,0.releases.3382,0,P000103/2025/2026/8000000000,planning,Hiring a Consultancy firm to support finance Team in the preparation of financial statement and IFRS 17,ocid,ocds-ozzobm-P000103/2025/2026/8000000000
0.releases.3383.relatedProcesses.0,0.releases.3383,0,P000041/2025/2026/5700003001,planning,Maintenance of biomedical equipment ( washing machine),ocid,ocds-ozzobm-P000041/2025/2026/5700003001
0.releases.3384.relatedProcesses.0,0.releases.3384,0,P000034/2025/2026/0901000000,planning,Supply of reagents for aeroponics and greenhouse,ocid,ocds-ozzobm-P000034/2025/2026/0901000000
0.releases.3385.relatedProcesses.0,0.releases.3385,0,P000089/2025/2026/5300000000,planning,Supply of grasses (Elephant grass) for radical terraces protection,ocid,ocds-ozzobm-P000089/2025/2026/5300000000
0.releases.3386.relatedProcesses.0,0.releases.3386,0,P000089/2025/2026/5300000000,planning,Supply of grasses (Elephant grass) for radical terraces protection,ocid,ocds-ozzobm-P000089/2025/2026/5300000000
0.releases.3387.relatedProcesses.0,0.releases.3387,0,P000061/2025/2026/0400000000,planning,Branding for NUC(print production and installation),ocid,ocds-ozzobm-P000061/2025/2026/0400000000
0.releases.3388.relatedProcesses.0,0.releases.3388,0,P000103/2025/2026/0108000000,planning,Supply and commissioning tyres for RDB's vehicles and motorcycles,ocid,ocds-ozzobm-P000103/2025/2026/0108000000
0.releases.3389.relatedProcesses.0,0.releases.3389,0,P000098/2025/2026/1305000000,planning,Acquisition of Integrated Tools for Forensic Multimedia image/video Ecosystem,ocid,ocds-ozzobm-P000098/2025/2026/1305000000
0.releases.3390.relatedProcesses.0,0.releases.3390,0,P000041/2025/2026/5700003001,planning,Maintenance of biomedical equipment ( washing machine),ocid,ocds-ozzobm-P000041/2025/2026/5700003001
0.releases.3391.relatedProcesses.0,0.releases.3391,0,P000107/2025/2026/6000000000,planning,Tender for Vaccination & Insemination through Veterinary Sanitary Mandate in Rutsiro District,ocid,ocds-ozzobm-P000107/2025/2026/6000000000
0.releases.3392.relatedProcesses.0,0.releases.3392,0,P000107/2025/2026/6000000000,planning,Tender for Vaccination & Insemination through Veterinary Sanitary Mandate in Rutsiro District,ocid,ocds-ozzobm-P000107/2025/2026/6000000000
0.releases.3393.relatedProcesses.0,0.releases.3393,0,P000007/2025/2026/1412005000,planning,Provision of hotel and Restaurant services under framework contract,ocid,ocds-ozzobm-P000007/2025/2026/1412005000
0.releases.3394.relatedProcesses.0,0.releases.3394,0,P000061/2025/2026/0400000000,planning,Branding for NUC(print production and installation),ocid,ocds-ozzobm-P000061/2025/2026/0400000000
0.releases.3395.relatedProcesses.0,0.releases.3395,0,P000071/2025/2026/5500000000,planning,"Supervision of rehabilitation and extension of Water Supply Systems on 39.84km in Muringa,Jomba and Bigogwe Sectors",ocid,ocds-ozzobm-P000071/2025/2026/5500000000
0.releases.3396.relatedProcesses.0,0.releases.3396,0,P000080/2025/2026/0901000000,planning,"Supply of Specialized equipment in poultry, pig, and Rabbit",ocid,ocds-ozzobm-P000080/2025/2026/0901000000
0.releases.3397.relatedProcesses.0,0.releases.3397,0,P000040/2025/2026/4400000000,planning,Provide vaccination and insemination related activities,ocid,ocds-ozzobm-P000040/2025/2026/4400000000
0.releases.3398.relatedProcesses.0,0.releases.3398,0,P000066/2025/2026/5500000000,planning,Provision of Catering and Hotel Services to Nyabihu District,ocid,ocds-ozzobm-P000066/2025/2026/5500000000
0.releases.3399.relatedProcesses.0,0.releases.3399,0,P000010/2025/2026/0112000000,planning,Provision of Cleaning Services at RSA under framework agreement,ocid,ocds-ozzobm-P000010/2025/2026/0112000000
0.releases.3400.relatedProcesses.0,0.releases.3400,0,P000024/2025/2026/0701000000,planning,SUPPLY OF DRUGS AND MEDICAL CONSUMABLES FOR FPU ROTATIONS ON FRAMEWORK AGREEMENT,ocid,ocds-ozzobm-P000024/2025/2026/0701000000
0.releases.3401.relatedProcesses.0,0.releases.3401,0,P000071/2025/2026/6500000000,planning,FEASIBILITY STUDY FOR REHABILITATION OF KARAMBI-MUYONGWE SECTOR ROAD OFFICE(3KM),ocid,ocds-ozzobm-P000071/2025/2026/6500000000
0.releases.3402.relatedProcesses.0,0.releases.3402,0,P000107/2025/2026/6000000000,planning,Tender for Vaccination & Insemination through Veterinary Sanitary Mandate in Rutsiro District,ocid,ocds-ozzobm-P000107/2025/2026/6000000000
0.releases.3403.relatedProcesses.0,0.releases.3403,0,P000004/2025/2026/1400000000,planning,Supply of Bricks for construction of science laboratories,ocid,ocds-ozzobm-P000004/2025/2026/1400000000
0.releases.3404.relatedProcesses.0,0.releases.3404,0,P000035/2025/2026/0901000000,planning,Supply of consumables for aeroponics and greenhouse,ocid,ocds-ozzobm-P000035/2025/2026/0901000000
0.releases.3405.relatedProcesses.0,0.releases.3405,0,P000023/2025/2026/1000000000,planning,"Feasibility Study on Fuel Storage Demand, Development of Storage Capacities and Basic Infrastructure in Ruhanga Strategic Fuel Reserve Zone",ocid,ocds-ozzobm-P000023/2025/2026/1000000000
0.releases.3406.relatedProcesses.0,0.releases.3406,0,P000011/2025/2026/1412006000,planning,Provision of garage services for RP Karongi  College Vehicles,ocid,ocds-ozzobm-P000011/2025/2026/1412006000
0.releases.3407.relatedProcesses.0,0.releases.3407,0,P000017/2025/2026/1000000000,planning,"Production of TV and radio show, documentary film, spot on radio and TV promoting MINICOM activities",ocid,ocds-ozzobm-P000017/2025/2026/1000000000
0.releases.3408.relatedProcesses.0,0.releases.3408,0,P000013/2025/2026/5700003002,planning,Tender of maintenance and repair IT equipment,ocid,ocds-ozzobm-P000013/2025/2026/5700003002
0.releases.3409.relatedProcesses.0,0.releases.3409,0,P000086/2025/2026/5300000000,planning,Maintenance of office furnitures under frame work contract,ocid,ocds-ozzobm-P000086/2025/2026/5300000000
0.releases.3410.relatedProcesses.0,0.releases.3410,0,P000089/2025/2026/5300000000,planning,Supply of grasses (Elephant grass) for radical terraces protection,ocid,ocds-ozzobm-P000089/2025/2026/5300000000
0.releases.3411.relatedProcesses.0,0.releases.3411,0,P000080/2025/2026/2201000000,planning,Hiring the Individual consultant to conduct audit of BTR1 project,ocid,ocds-ozzobm-P000080/2025/2026/2201000000
0.releases.3412.relatedProcesses.0,0.releases.3412,0,P000080/2025/2026/2201000000,planning,Hiring the Individual consultant to conduct audit of BTR1 project,ocid,ocds-ozzobm-P000080/2025/2026/2201000000
0.releases.3413.relatedProcesses.0,0.releases.3413,0,P000004/2025/2026/1400000000,planning,Supply of Bricks for construction of science laboratories,ocid,ocds-ozzobm-P000004/2025/2026/1400000000
0.releases.3414.relatedProcesses.0,0.releases.3414,0,P000069/2025/2026/5500000000,planning,Conduct feasibility study for construction of Bigogwe playground,ocid,ocds-ozzobm-P000069/2025/2026/5500000000
0.releases.3415.relatedProcesses.0,0.releases.3415,0,P000024/2025/2026/7000001001,planning,Conduct preventive and curative maintenance of non- medical equipment and spare parts,ocid,ocds-ozzobm-P000024/2025/2026/7000001001
0.releases.3416.relatedProcesses.0,0.releases.3416,0,P000034/2025/2026/4900000000,planning,Supply of lime for radical terraces in CDAT Project,ocid,ocds-ozzobm-P000034/2025/2026/4900000000
0.releases.3417.relatedProcesses.0,0.releases.3417,0,P000034/2025/2026/4900000000,planning,Supply of lime for radical terraces in CDAT Project,ocid,ocds-ozzobm-P000034/2025/2026/4900000000
0.releases.3418.relatedProcesses.0,0.releases.3418,0,P000001/2025/2026/2500000000,planning,Provision of vehicle spare parts,ocid,ocds-ozzobm-P000001/2025/2026/2500000000
0.releases.3419.relatedProcesses.0,0.releases.3419,0,P000009/2025/2026/0301000000,planning,Provision of Catering services to OAG staff,ocid,ocds-ozzobm-P000009/2025/2026/0301000000
0.releases.3420.relatedProcesses.0,0.releases.3420,0,P000017/2025/2026/4900000000,planning,Supply of house furniture's for houses for vulnerable survivors of genocide against the Tutsi in Gisagara District,ocid,ocds-ozzobm-P000017/2025/2026/4900000000
0.releases.3421.relatedProcesses.0,0.releases.3421,0,P000017/2025/2026/4900000000,planning,Supply of house furniture's for houses for vulnerable survivors of genocide against the Tutsi in Gisagara District,ocid,ocds-ozzobm-P000017/2025/2026/4900000000
0.releases.3422.relatedProcesses.0,0.releases.3422,0,P000020/2025/2026/5700003002,planning,"Purchase of Non-Medical Equipment(uniforms of nurse and Midwife,driver,tables,curtins,alezes,rideaux.....)",ocid,ocds-ozzobm-P000020/2025/2026/5700003002
0.releases.3423.relatedProcesses.0,0.releases.3423,0,P000092/2025/2026/0702000000,planning,Acquisition  of tea break required for the RCS staff,ocid,ocds-ozzobm-P000092/2025/2026/0702000000
0.releases.3424.relatedProcesses.0,0.releases.3424,0,P000011/2025/2026/1402000000,planning,SPORTS AND RECREATION SERVICES,ocid,ocds-ozzobm-P000011/2025/2026/1402000000
0.releases.3425.relatedProcesses.0,0.releases.3425,0,P000017/2025/2026/1412008000,planning,Supply of small tools and consumables in Agri Mechanization Technology department,ocid,ocds-ozzobm-P000017/2025/2026/1412008000
0.releases.3426.relatedProcesses.0,0.releases.3426,0,P000016/2025/2026/1412008000,planning,Supply of small tools and consumables in Irrigation and drainage  Technology department,ocid,ocds-ozzobm-P000016/2025/2026/1412008000
0.releases.3427.relatedProcesses.0,0.releases.3427,0,P000072/2025/2026/0300000000,planning,Acquisition of Sport  Facilities for  the Parliament of Rwanda,ocid,ocds-ozzobm-P000072/2025/2026/0300000000
0.releases.3428.relatedProcesses.0,0.releases.3428,0,P000012/2024/2025/1605000000,planning,Tender for provision vehicle insurance service,ocid,ocds-ozzobm-P000012/2024/2025/1605000000
0.releases.3429.relatedProcesses.0,0.releases.3429,0,P000071/2025/2026/6500000000,planning,FEASIBILITY STUDY FOR REHABILITATION OF KARAMBI-MUYONGWE SECTOR ROAD OFFICE(3KM),ocid,ocds-ozzobm-P000071/2025/2026/6500000000
0.releases.3430.relatedProcesses.0,0.releases.3430,0,P000009/2025/2026/1402000000,planning,HIRING CAR FOR STAFFS,ocid,ocds-ozzobm-P000009/2025/2026/1402000000
0.releases.3431.relatedProcesses.0,0.releases.3431,0,P000083/2025/2026/2201000000,planning,Hiring of an Individual Consultant to Develop the National Strategy for the Environmentally Sound Management of Plastic Waste,ocid,ocds-ozzobm-P000083/2025/2026/2201000000
0.releases.3432.relatedProcesses.0,0.releases.3432,0,P000083/2025/2026/2201000000,planning,Hiring of an Individual Consultant to Develop the National Strategy for the Environmentally Sound Management of Plastic Waste,ocid,ocds-ozzobm-P000083/2025/2026/2201000000
0.releases.3433.relatedProcesses.0,0.releases.3433,0,P000005/2025/2026/8100000000,planning,Sports Services,ocid,ocds-ozzobm-P000005/2025/2026/8100000000
0.releases.3434.relatedProcesses.0,0.releases.3434,0,P000005/2025/2026/8100000000,planning,Sports Services,ocid,ocds-ozzobm-P000005/2025/2026/8100000000
0.releases.3435.relatedProcesses.0,0.releases.3435,0,P000041/2025/2026/5700003001,planning,Maintenance of biomedical equipment ( washing machine),ocid,ocds-ozzobm-P000041/2025/2026/5700003001
0.releases.3436.relatedProcesses.0,0.releases.3436,0,P000041/2025/2026/5700003001,planning,Maintenance of biomedical equipment ( washing machine),ocid,ocds-ozzobm-P000041/2025/2026/5700003001
0.releases.3437.relatedProcesses.0,0.releases.3437,0,P000028/2023/2024/1204000000,planning,Provision of refreshments to RPPA staff and RPPA guests,ocid,ocds-ozzobm-P000028/2023/2024/1204000000
0.releases.3438.relatedProcesses.0,0.releases.3438,0,P000071/2025/2026/6500000000,planning,FEASIBILITY STUDY FOR REHABILITATION OF KARAMBI-MUYONGWE SECTOR ROAD OFFICE(3KM),ocid,ocds-ozzobm-P000071/2025/2026/6500000000
0.releases.3439.relatedProcesses.0,0.releases.3439,0,P000003/2025/2026/7000001001,planning,Purchase surveillance cameras and installation and  IT Equipment,ocid,ocds-ozzobm-P000003/2025/2026/7000001001
0.releases.3440.relatedProcesses.0,0.releases.3440,0,P000003/2025/2026/7000001001,planning,Purchase surveillance cameras and installation and  IT Equipment,ocid,ocds-ozzobm-P000003/2025/2026/7000001001
0.releases.3441.relatedProcesses.0,0.releases.3441,0,P000105/2025/2026/0702000000,planning,Acquisition Of Office Furniture and office equipment for Rwamagana Social Reintegration centre,ocid,ocds-ozzobm-P000105/2025/2026/0702000000
0.releases.3442.relatedProcesses.0,0.releases.3442,0,P000040/2025/2026/4400000000,planning,Provide vaccination and insemination related activities,ocid,ocds-ozzobm-P000040/2025/2026/4400000000
0.releases.3443.relatedProcesses.0,0.releases.3443,0,P000090/2025/2026/5300000000,planning,Production of seedlings of Agroforestry trees / shrubs for radical terraces protection CDAT,ocid,ocds-ozzobm-P000090/2025/2026/5300000000
0.releases.3444.relatedProcesses.0,0.releases.3444,0,P000090/2025/2026/5300000000,planning,Production of seedlings of Agroforestry trees / shrubs for radical terraces protection CDAT,ocid,ocds-ozzobm-P000090/2025/2026/5300000000
0.releases.3445.relatedProcesses.0,0.releases.3445,0,P000005/2025/2026/0902000000,planning,"Tender for framework contract for maintenance and repair services (including spare parts) of SEQI/lab equipment, materials amd tools",ocid,ocds-ozzobm-P000005/2025/2026/0902000000
0.releases.3446.relatedProcesses.0,0.releases.3446,0,P000005/2025/2026/0902000000,planning,"Tender for framework contract for maintenance and repair services (including spare parts) of SEQI/lab equipment, materials amd tools",ocid,ocds-ozzobm-P000005/2025/2026/0902000000
0.releases.3447.relatedProcesses.0,0.releases.3447,0,P000082/2025/2026/2201000000,planning,Hiring  the  Technical Specialist for Supporting a Green Economy -Decoupling Hazardous Waste Generation from Economic Growth in Rwanda Project,ocid,ocds-ozzobm-P000082/2025/2026/2201000000
0.releases.3448.relatedProcesses.0,0.releases.3448,0,P000082/2025/2026/2201000000,planning,Hiring  the  Technical Specialist for Supporting a Green Economy -Decoupling Hazardous Waste Generation from Economic Growth in Rwanda Project,ocid,ocds-ozzobm-P000082/2025/2026/2201000000
0.releases.3449.relatedProcesses.0,0.releases.3449,0,P000005/2025/2026/8100000000,planning,Sports Services,ocid,ocds-ozzobm-P000005/2025/2026/8100000000
0.releases.3450.relatedProcesses.0,0.releases.3450,0,P000083/2025/2026/2201000000,planning,Hiring of an Individual Consultant to Develop the National Strategy for the Environmentally Sound Management of Plastic Waste,ocid,ocds-ozzobm-P000083/2025/2026/2201000000
0.releases.3451.relatedProcesses.0,0.releases.3451,0,P000103/2025/2026/8000000000,planning,Hiring a Consultancy firm to support finance Team in the preparation of financial statement and IFRS 17,ocid,ocds-ozzobm-P000103/2025/2026/8000000000
0.releases.3452.relatedProcesses.0,0.releases.3452,0,P000080/2025/2026/6300000000,planning,Study of Gakangaga-Munindi water supply system phase two,ocid,ocds-ozzobm-P000080/2025/2026/6300000000
0.releases.3453.relatedProcesses.0,0.releases.3453,0,P000014/2025/2026/4200000000,planning,Supply of furniture for 32 new classrooms in Gatsibo District,ocid,ocds-ozzobm-P000014/2025/2026/4200000000
0.releases.3454.relatedProcesses.0,0.releases.3454,0,P000015/2025/2026/4200000000,planning,"Equipment for 9 new classrooms, 3 blocks of latrines and 3 caregivers office for ECD in Gatsibo District",ocid,ocds-ozzobm-P000015/2025/2026/4200000000
0.releases.3455.relatedProcesses.0,0.releases.3455,0,P000082/2025/2026/2201000000,planning,Hiring  the  Technical Specialist for Supporting a Green Economy -Decoupling Hazardous Waste Generation from Economic Growth in Rwanda Project,ocid,ocds-ozzobm-P000082/2025/2026/2201000000
0.releases.3456.relatedProcesses.0,0.releases.3456,0,P000017/2025/2026/6600000000,planning,Tender for Supply of Office Equipments,ocid,ocds-ozzobm-P000017/2025/2026/6600000000
0.releases.3457.relatedProcesses.0,0.releases.3457,0,P000080/2025/2026/2201000000,planning,Hiring the Individual consultant to conduct audit of BTR1 project,ocid,ocds-ozzobm-P000080/2025/2026/2201000000
0.releases.3458.relatedProcesses.0,0.releases.3458,0,P000016/2025/2026/0700000000,planning,Insurance services for MININTER Vehicles,ocid,ocds-ozzobm-P000016/2025/2026/0700000000
0.releases.3459.relatedProcesses.0,0.releases.3459,0,P000040/2025/2026/2204000000,planning,Procure and install 5 new AWS stations and 5 Rain Gauges over the Volcanoes region including spare parts and servers,ocid,ocds-ozzobm-P000040/2025/2026/2204000000
0.releases.3460.relatedProcesses.0,0.releases.3460,0,P000300/2023/2024/1804000000,planning,Framework contract for regular maintenance of all Government Buildings located countrywide.,ocid,ocds-ozzobm-P000300/2023/2024/1804000000
0.releases.3461.relatedProcesses.0,0.releases.3461,0,P000300/2023/2024/1804000000,planning,Framework contract for regular maintenance of all Government Buildings located countrywide.,ocid,ocds-ozzobm-P000300/2023/2024/1804000000
0.releases.3462.relatedProcesses.0,0.releases.3462,0,P000107/2025/2026/6000000000,planning,Tender for Vaccination & Insemination through Veterinary Sanitary Mandate in Rutsiro District,ocid,ocds-ozzobm-P000107/2025/2026/6000000000
0.releases.3463.relatedProcesses.0,0.releases.3463,0,P000029/2025/2026/0500000000,planning,Provision of Transportation Services to Staff of the Judiciary,ocid,ocds-ozzobm-P000029/2025/2026/0500000000
0.releases.3464.relatedProcesses.0,0.releases.3464,0,P000029/2025/2026/0500000000,planning,Provision of Transportation Services to Staff of the Judiciary,ocid,ocds-ozzobm-P000029/2025/2026/0500000000
0.releases.3465.relatedProcesses.0,0.releases.3465,0,P000107/2025/2026/6000000000,planning,Tender for Vaccination & Insemination through Veterinary Sanitary Mandate in Rutsiro District,ocid,ocds-ozzobm-P000107/2025/2026/6000000000
0.releases.3466.relatedProcesses.0,0.releases.3466,0,P000005/2025/2026/2901000000,planning,Purchase of electricity,ocid,ocds-ozzobm-P000005/2025/2026/2901000000
0.releases.3467.relatedProcesses.0,0.releases.3467,0,P000021/2025/2026/4900000000,planning,BF- Feasibility Study of Rehabilitation of Mugombwa Health Center,ocid,ocds-ozzobm-P000021/2025/2026/4900000000
0.releases.3468.relatedProcesses.0,0.releases.3468,0,P000008/2025/2026/2901000000,planning,Consulting services for Conducting Comprehensive Baseline Assessment of INTEGO Facility Funded Projects (1st COHORT),ocid,ocds-ozzobm-P000008/2025/2026/2901000000
0.releases.3469.relatedProcesses.0,0.releases.3469,0,P000109/2024/2025/5300000000,planning,Supply of   materials used in construction of classroom and retaining wall ( LOTS7) under framework contract,ocid,ocds-ozzobm-P000109/2024/2025/5300000000
0.releases.3470.relatedProcesses.0,0.releases.3470,0,P000109/2024/2025/5300000000,planning,Supply of   materials used in construction of classroom and retaining wall ( LOTS7) under framework contract,ocid,ocds-ozzobm-P000109/2024/2025/5300000000
0.releases.3471.relatedProcesses.0,0.releases.3471,0,P000109/2024/2025/5300000000,planning,Supply of   materials used in construction of classroom and retaining wall ( LOTS7) under framework contract,ocid,ocds-ozzobm-P000109/2024/2025/5300000000
0.releases.3472.relatedProcesses.0,0.releases.3472,0,P000008/2023/2024/0500000000,planning,Provision of Sport services for  Judicial Staff,ocid,ocds-ozzobm-P000008/2023/2024/0500000000
0.releases.3473.relatedProcesses.0,0.releases.3473,0,P000063/2022/2023/0500000000,planning,Maintenance of Lift at CHC,ocid,ocds-ozzobm-P000063/2022/2023/0500000000
0.releases.3474.relatedProcesses.0,0.releases.3474,0,P000046/2025/2026/4200000000,planning,Supply and fix windows and doors in Classrooms with house furniture,ocid,ocds-ozzobm-P000046/2025/2026/4200000000
0.releases.3475.relatedProcesses.0,0.releases.3475,0,P000071/2025/2026/5500000000,planning,"Supervision of rehabilitation and extension of Water Supply Systems on 39.84km in Muringa,Jomba and Bigogwe Sectors",ocid,ocds-ozzobm-P000071/2025/2026/5500000000
0.releases.3476.relatedProcesses.0,0.releases.3476,0,P000066/2025/2026/5500000000,planning,Provision of Catering and Hotel Services to Nyabihu District,ocid,ocds-ozzobm-P000066/2025/2026/5500000000
0.releases.3477.relatedProcesses.0,0.releases.3477,0,P000087/2025/2026/5500000000,planning,Maintenance of IT equipment,ocid,ocds-ozzobm-P000087/2025/2026/5500000000
0.releases.3478.relatedProcesses.0,0.releases.3478,0,P000031/2022/2023/5500000000,planning,"Supplying clean water on 139.959km in Mukamira ,Rurembo, Karago, Kintobo and Rugera sectors from Mutera source in Nyabihu District ( Phase II)",ocid,ocds-ozzobm-P000031/2022/2023/5500000000
0.releases.3479.relatedProcesses.0,0.releases.3479,0,P000167/2024/2025/1605000000,planning,Supply and installation of ECD equipment,ocid,ocds-ozzobm-P000167/2024/2025/1605000000
0.releases.3480.relatedProcesses.0,0.releases.3480,0,P000167/2024/2025/1605000000,planning,Supply and installation of ECD equipment,ocid,ocds-ozzobm-P000167/2024/2025/1605000000
0.releases.3481.relatedProcesses.0,0.releases.3481,0,P000167/2024/2025/1605000000,planning,Supply and installation of ECD equipment,ocid,ocds-ozzobm-P000167/2024/2025/1605000000
0.releases.3482.relatedProcesses.0,0.releases.3482,0,P000060/2024/2025/1802000000,planning,Urgent works of rehabilitation /Repair of damaged Road Sections Located on Rwankeri-Kintobo-Nyakiriba-Nyakinama Unpaved District  Road under Design and Build Approach,ocid,ocds-ozzobm-P000060/2024/2025/1802000000
0.releases.3483.relatedProcesses.0,0.releases.3483,0,P000001/2025/2026/2700000000,planning,Supply and delivery of office stationaries,ocid,ocds-ozzobm-P000001/2025/2026/2700000000
0.releases.3484.relatedProcesses.0,0.releases.3484,0,P000006/2025/2026/5400000000,planning,Tender for renovation works of Gashonga Preliminary rehabilitation Center in Rusizi District,ocid,ocds-ozzobm-P000006/2025/2026/5400000000
0.releases.3485.relatedProcesses.0,0.releases.3485,0,P000008/2025/2026/5700000000,planning,Maintenance of Sound System,ocid,ocds-ozzobm-P000008/2025/2026/5700000000
0.releases.3486.relatedProcesses.0,0.releases.3486,0,P000006/2025/2026/5400000000,planning,Tender for renovation works of Gashonga Preliminary rehabilitation Center in Rusizi District,ocid,ocds-ozzobm-P000006/2025/2026/5400000000
0.releases.3487.relatedProcesses.0,0.releases.3487,0,P000004/2025/2026/5400000000,planning,Annual Framework tender for maintenance of road infrastructures in Rusizi District,ocid,ocds-ozzobm-P000004/2025/2026/5400000000
0.releases.3488.relatedProcesses.0,0.releases.3488,0,P000004/2025/2026/5400000000,planning,Annual Framework tender for maintenance of road infrastructures in Rusizi District,ocid,ocds-ozzobm-P000004/2025/2026/5400000000
0.releases.3489.relatedProcesses.0,0.releases.3489,0,P000031/2025/2026/5700000000,planning,Provision of loading and unloading service,ocid,ocds-ozzobm-P000031/2025/2026/5700000000
0.releases.3490.relatedProcesses.0,0.releases.3490,0,P000093/2025/2026/7000000000,planning,"Tender  for the Purchase of office furniture (Desks, chairs,..) for KISUP team",ocid,ocds-ozzobm-P000093/2025/2026/7000000000
0.releases.3491.relatedProcesses.0,0.releases.3491,0,P000300/2023/2024/1804000000,planning,Framework contract for regular maintenance of all Government Buildings located countrywide.,ocid,ocds-ozzobm-P000300/2023/2024/1804000000
0.releases.3492.relatedProcesses.0,0.releases.3492,0,P000092/2025/2026/0702000000,planning,Acquisition  of tea break required for the RCS staff,ocid,ocds-ozzobm-P000092/2025/2026/0702000000
0.releases.3493.relatedProcesses.0,0.releases.3493,0,P000037/2025/2026/1420000000,planning,"SUPERVISION SERVICES FOR REHABILITATION AND EXPANSION OF KINAZI TSS IN RUHANGO DISTRICT, EAV GITWE TSS IN NGOMA DISTRICT AND MUTOBO TSS IN MUSANZE DISTRICT",ocid,ocds-ozzobm-P000037/2025/2026/1420000000
0.releases.3494.relatedProcesses.0,0.releases.3494,0,P000074/2025/2026/1800000000,planning,Recruitment of an Individual Consultant to support the development of a Virtual Property and Building Addressing System.,ocid,ocds-ozzobm-P000074/2025/2026/1800000000
0.releases.3495.relatedProcesses.0,0.releases.3495,0,P000015/2023/2024/0700000000,planning,Provision of security services and other related equipment,ocid,ocds-ozzobm-P000015/2023/2024/0700000000
0.releases.3496.relatedProcesses.0,0.releases.3496,0,P000024/2025/2026/0901000000,planning,Supply of Vegetable seeds and fruits,ocid,ocds-ozzobm-P000024/2025/2026/0901000000
0.releases.3497.relatedProcesses.0,0.releases.3497,0,P000045/2025/2026/0901000000,planning,Supply of Farm and cleaning equipment for bulls,ocid,ocds-ozzobm-P000045/2025/2026/0901000000
0.releases.3498.relatedProcesses.0,0.releases.3498,0,P000043/2025/2026/2204000000,planning,Consultancy to perform Flood risk mapping to inform the FEWS as well as  vulnerability and exposure mapping.,ocid,ocds-ozzobm-P000043/2025/2026/2204000000
0.releases.3499.relatedProcesses.0,0.releases.3499,0,P000043/2025/2026/2204000000,planning,Consultancy to perform Flood risk mapping to inform the FEWS as well as  vulnerability and exposure mapping.,ocid,ocds-ozzobm-P000043/2025/2026/2204000000
0.releases.3500.relatedProcesses.0,0.releases.3500,0,P000003/2023/2024/4000003001,planning,Purchase of  stationaries and printings for Kibungo referral Hospital,ocid,ocds-ozzobm-P000003/2023/2024/4000003001
0.releases.3501.relatedProcesses.0,0.releases.3501,0,P000008/2024/2025/4000003001,planning,Maintenance of Kibungo referral Hospital Vehicules   and Generator,ocid,ocds-ozzobm-P000008/2024/2025/4000003001
0.releases.3502.relatedProcesses.0,0.releases.3502,0,P000162/2024/2025/1417000000,planning,"Subscription on TVs, News papers and Radios to UR",ocid,ocds-ozzobm-P000162/2024/2025/1417000000
0.releases.3503.relatedProcesses.0,0.releases.3503,0,P000104/2022/2023/1417000000,planning,"Supply of Laboratory reagents, consumables and accessories for UR CMHS",ocid,ocds-ozzobm-P000104/2022/2023/1417000000
0.releases.3504.relatedProcesses.0,0.releases.3504,0,P000046/2025/2026/4400000000,planning,Supply of agroforestry trees and Kakamega to be used in SP-cPW-established progressive terraces in Kirehe District.,ocid,ocds-ozzobm-P000046/2025/2026/4400000000
0.releases.3505.relatedProcesses.0,0.releases.3505,0,P000038/2025/2026/0500000000,planning,Supply and installation of Curtains of HCC Nyanza& Rwamagana,ocid,ocds-ozzobm-P000038/2025/2026/0500000000
0.releases.3506.relatedProcesses.0,0.releases.3506,0,P000050/2025/2026/1804000000,planning,Supply and installation of transformers at A&P Building,ocid,ocds-ozzobm-P000050/2025/2026/1804000000
0.releases.3507.relatedProcesses.0,0.releases.3507,0,P000084/2025/2026/6300000000,planning,Construction of Adeper-GS Muhoza-Bralirwa asphalt road,ocid,ocds-ozzobm-P000084/2025/2026/6300000000
0.releases.3508.relatedProcesses.0,0.releases.3508,0,P000025/2025/2026/1306000000,planning,PROVISION OF DIFFERENT SERVICES FOR RIB EVENTS,ocid,ocds-ozzobm-P000025/2025/2026/1306000000
0.releases.3509.relatedProcesses.0,0.releases.3509,0,P000003/2025/2026/0829000000,planning,Provision of decoration services,ocid,ocds-ozzobm-P000003/2025/2026/0829000000
0.releases.3510.relatedProcesses.0,0.releases.3510,0,P000069/2023/2024/1001000000,planning,Provision of hotel services in Musanze (framework contracts),ocid,ocds-ozzobm-P000069/2023/2024/1001000000
0.releases.3511.relatedProcesses.0,0.releases.3511,0,P000012/2024/2025/1605000000,planning,Tender for provision vehicle insurance service,ocid,ocds-ozzobm-P000012/2024/2025/1605000000
0.releases.3512.relatedProcesses.0,0.releases.3512,0,P000020/2025/2026/6700003001,planning,"purchase materials for hospital infrastructure maintenance and rehabilitation (construction,electrical and plumbing)",ocid,ocds-ozzobm-P000020/2025/2026/6700003001
0.releases.3513.relatedProcesses.0,0.releases.3513,0,P000017/2025/2026/4900000000,planning,Supply of house furniture's for houses for vulnerable survivors of genocide against the Tutsi in Gisagara District,ocid,ocds-ozzobm-P000017/2025/2026/4900000000
0.releases.3514.relatedProcesses.0,0.releases.3514,0,P000034/2025/2026/4900000000,planning,Supply of lime for radical terraces in CDAT Project,ocid,ocds-ozzobm-P000034/2025/2026/4900000000
0.releases.3515.relatedProcesses.0,0.releases.3515,0,P000034/2025/2026/4900000000,planning,Supply of lime for radical terraces in CDAT Project,ocid,ocds-ozzobm-P000034/2025/2026/4900000000
0.releases.3516.relatedProcesses.0,0.releases.3516,0,P000039/2025/2026/1204000000,planning,Tender for maintenance of RPPA offices,ocid,ocds-ozzobm-P000039/2025/2026/1204000000
0.releases.3519.relatedProcesses.0,0.releases.3519,0,P000029/2025/2026/0500000000,planning,Provision of Transportation Services to Staff of the Judiciary,ocid,ocds-ozzobm-P000029/2025/2026/0500000000
0.releases.3520.relatedProcesses.0,0.releases.3520,0,P000022/2025/2026/2313000000,planning,"Provision of hotel services (hiring of conference halls, workshops, trainings, accommodations, restaurants and receptions outside of Kigali (framework contract)",ocid,ocds-ozzobm-P000022/2025/2026/2313000000
0.releases.3521.relatedProcesses.0,0.releases.3521,0,P000022/2025/2026/2313000000,planning,"Provision of hotel services (hiring of conference halls, workshops, trainings, accommodations, restaurants and receptions outside of Kigali (framework contract)",ocid,ocds-ozzobm-P000022/2025/2026/2313000000
0.releases.3522.relatedProcesses.0,0.releases.3522,0,P000066/2025/2026/4400000000,planning,Supply and installation of Rainwater Harvesting Tanks to different schools of Kirehe District,ocid,ocds-ozzobm-P000066/2025/2026/4400000000
0.releases.3523.relatedProcesses.0,0.releases.3523,0,P000038/2022/2023/1802000000,planning,Supervision and Monitoring of Execution of Three Years Maintenance of Kigali-Huye-Akanyaru (157 Km),ocid,ocds-ozzobm-P000038/2022/2023/1802000000
0.releases.3524.relatedProcesses.0,0.releases.3524,0,P000038/2022/2023/1802000000,planning,Supervision and Monitoring of Execution of Three Years Maintenance of Kigali-Huye-Akanyaru (157 Km),ocid,ocds-ozzobm-P000038/2022/2023/1802000000
0.releases.3525.relatedProcesses.0,0.releases.3525,0,P000011/2024/2025/8300000000,planning,Framework contract for Car Wash for a period of one year renewable twice,ocid,ocds-ozzobm-P000011/2024/2025/8300000000
0.releases.3526.relatedProcesses.0,0.releases.3526,0,P000019/2023/2024/1606000000,planning,Sports and recreational facilities and services,ocid,ocds-ozzobm-P000019/2023/2024/1606000000
0.releases.3527.relatedProcesses.0,0.releases.3527,0,P000015/2025/2026/2309000000,planning,Supply of tables and chairs for the meeting room of Western Province,ocid,ocds-ozzobm-P000015/2025/2026/2309000000
0.releases.3528.relatedProcesses.0,0.releases.3528,0,P000037/2025/2026/1808000000,planning,Feasibility and Detailed Design for the Rehabilitation and Upgrading of Kimisagara WTP,ocid,ocds-ozzobm-P000037/2025/2026/1808000000
0.releases.3529.relatedProcesses.0,0.releases.3529,0,P000041/2025/2026/5700003001,planning,Maintenance of biomedical equipment ( washing machine),ocid,ocds-ozzobm-P000041/2025/2026/5700003001
0.releases.3530.relatedProcesses.0,0.releases.3530,0,P000022/2025/2026/2313000000,planning,"Provision of hotel services (hiring of conference halls, workshops, trainings, accommodations, restaurants and receptions outside of Kigali (framework contract)",ocid,ocds-ozzobm-P000022/2025/2026/2313000000
0.releases.3531.relatedProcesses.0,0.releases.3531,0,P000033/2024/2025/1412008000,planning,Provision of Design and printing services to IPRC Gishari,ocid,ocds-ozzobm-P000033/2024/2025/1412008000
0.releases.3532.relatedProcesses.0,0.releases.3532,0,P000022/2025/2026/2313000000,planning,"Provision of hotel services (hiring of conference halls, workshops, trainings, accommodations, restaurants and receptions outside of Kigali (framework contract)",ocid,ocds-ozzobm-P000022/2025/2026/2313000000
0.releases.3533.relatedProcesses.0,0.releases.3533,0,P000022/2025/2026/2313000000,planning,"Provision of hotel services (hiring of conference halls, workshops, trainings, accommodations, restaurants and receptions outside of Kigali (framework contract)",ocid,ocds-ozzobm-P000022/2025/2026/2313000000
0.releases.3534.relatedProcesses.0,0.releases.3534,0,P000022/2025/2026/2313000000,planning,"Provision of hotel services (hiring of conference halls, workshops, trainings, accommodations, restaurants and receptions outside of Kigali (framework contract)",ocid,ocds-ozzobm-P000022/2025/2026/2313000000
0.releases.3535.relatedProcesses.0,0.releases.3535,0,P000022/2025/2026/2313000000,planning,"Provision of hotel services (hiring of conference halls, workshops, trainings, accommodations, restaurants and receptions outside of Kigali (framework contract)",ocid,ocds-ozzobm-P000022/2025/2026/2313000000
0.releases.3536.relatedProcesses.0,0.releases.3536,0,P000022/2025/2026/2313000000,planning,"Provision of hotel services (hiring of conference halls, workshops, trainings, accommodations, restaurants and receptions outside of Kigali (framework contract)",ocid,ocds-ozzobm-P000022/2025/2026/2313000000
0.releases.3537.relatedProcesses.0,0.releases.3537,0,P000015/2025/2026/2309000000,planning,Supply of tables and chairs for the meeting room of Western Province,ocid,ocds-ozzobm-P000015/2025/2026/2309000000
0.releases.3538.relatedProcesses.0,0.releases.3538,0,P000072/2025/2026/0300000000,planning,Acquisition of Sport  Facilities for  the Parliament of Rwanda,ocid,ocds-ozzobm-P000072/2025/2026/0300000000
0.releases.3539.relatedProcesses.0,0.releases.3539,0,P000012/2025/2026/2605000000,planning,Provision of printing services to NCDA,ocid,ocds-ozzobm-P000012/2025/2026/2605000000
0.releases.3540.relatedProcesses.0,0.releases.3540,0,P000024/2024/2025/6200003001,planning,"Hiring of tents, chairs, sonorisation  and decoration needed during memorial day, patient day and other events",ocid,ocds-ozzobm-P000024/2024/2025/6200003001
0.releases.3541.relatedProcesses.0,0.releases.3541,0,P000064/2024/2025/5000000000,planning,Recruitment of Proffessional court bailiff,ocid,ocds-ozzobm-P000064/2024/2025/5000000000
0.releases.3542.relatedProcesses.0,0.releases.3542,0,P000010/2025/2026/0112000000,planning,Provision of Cleaning Services at RSA under framework agreement,ocid,ocds-ozzobm-P000010/2025/2026/0112000000
0.releases.3543.relatedProcesses.0,0.releases.3543,0,P000026/2023/2024/2206000000,planning,Framework Contract for cleaning and gardening National Land Authority zonal  Offices,ocid,ocds-ozzobm-P000026/2023/2024/2206000000
0.releases.3544.relatedProcesses.0,0.releases.3544,0,P000008/2025/2026/4800003001,planning,"Supply materials for maintenance of infrastructure, Electricity and Plumbing in Kaduha Hospital",ocid,ocds-ozzobm-P000008/2025/2026/4800003001
0.releases.3545.relatedProcesses.0,0.releases.3545,0,P000008/2025/2026/4800003001,planning,"Supply materials for maintenance of infrastructure, Electricity and Plumbing in Kaduha Hospital",ocid,ocds-ozzobm-P000008/2025/2026/4800003001
0.releases.3546.relatedProcesses.0,0.releases.3546,0,P000105/2025/2026/1601000000,planning,Supply of ICT consumables,ocid,ocds-ozzobm-P000105/2025/2026/1601000000
0.releases.3547.relatedProcesses.0,0.releases.3547,0,P000014/2025/2026/2310000000,planning,Supply and Installation of Car Parking Tents,ocid,ocds-ozzobm-P000014/2025/2026/2310000000
0.releases.3548.relatedProcesses.0,0.releases.3548,0,P000014/2025/2026/2310000000,planning,Supply and Installation of Car Parking Tents,ocid,ocds-ozzobm-P000014/2025/2026/2310000000
0.releases.3549.relatedProcesses.0,0.releases.3549,0,P000018/2025/2026/1602000000,planning,Supply of printed materials,ocid,ocds-ozzobm-P000018/2025/2026/1602000000
0.releases.3550.relatedProcesses.0,0.releases.3550,0,P000018/2025/2026/1602000000,planning,Supply of printed materials,ocid,ocds-ozzobm-P000018/2025/2026/1602000000
0.releases.3551.relatedProcesses.0,0.releases.3551,0,P000010/2025/2026/2201000000,planning,Supply of Electric Vehicle,ocid,ocds-ozzobm-P000010/2025/2026/2201000000
0.releases.3552.relatedProcesses.0,0.releases.3552,0,P000033/2024/2025/1802000000,planning,Rehabilitation and repair of damaged spots located on Rusizi– Buhinga - Tyazo Road,ocid,ocds-ozzobm-P000033/2024/2025/1802000000
0.releases.3553.relatedProcesses.0,0.releases.3553,0,P000084/2025/2026/6300000000,planning,Construction of Adeper-GS Muhoza-Bralirwa asphalt road,ocid,ocds-ozzobm-P000084/2025/2026/6300000000
0.releases.3554.relatedProcesses.0,0.releases.3554,0,P000072/2025/2026/0300000000,planning,Acquisition of Sport  Facilities for  the Parliament of Rwanda,ocid,ocds-ozzobm-P000072/2025/2026/0300000000
0.releases.3555.relatedProcesses.0,0.releases.3555,0,P000021/2025/2026/0500000000,planning,Provision of refreshment to staff of judiciary,ocid,ocds-ozzobm-P000021/2025/2026/0500000000
0.releases.3556.relatedProcesses.0,0.releases.3556,0,P000019/2023/2024/1606000000,planning,Sports and recreational facilities and services,ocid,ocds-ozzobm-P000019/2023/2024/1606000000
0.releases.3557.relatedProcesses.0,0.releases.3557,0,P000040/2025/2026/2204000000,planning,Procure and install 5 new AWS stations and 5 Rain Gauges over the Volcanoes region including spare parts and servers,ocid,ocds-ozzobm-P000040/2025/2026/2204000000
0.releases.3558.relatedProcesses.0,0.releases.3558,0,P000008/2025/2026/0303000000,planning,Hiring consultant to conduct research on the respect of human rights and prevention of torture and other forms of ill-treatment.,ocid,ocds-ozzobm-P000008/2025/2026/0303000000
0.releases.3559.relatedProcesses.0,0.releases.3559,0,P000008/2025/2026/0303000000,planning,Hiring consultant to conduct research on the respect of human rights and prevention of torture and other forms of ill-treatment.,ocid,ocds-ozzobm-P000008/2025/2026/0303000000
0.releases.3560.relatedProcesses.0,0.releases.3560,0,P000072/2025/2026/0300000000,planning,Acquisition of Sport  Facilities for  the Parliament of Rwanda,ocid,ocds-ozzobm-P000072/2025/2026/0300000000
0.releases.3561.relatedProcesses.0,0.releases.3561,0,P000043/2025/2026/2204000000,planning,Consultancy to perform Flood risk mapping to inform the FEWS as well as  vulnerability and exposure mapping.,ocid,ocds-ozzobm-P000043/2025/2026/2204000000
0.releases.3562.relatedProcesses.0,0.releases.3562,0,P000014/2025/2026/4800003001,planning,Provision of Hotel services for Kaduha Hospital,ocid,ocds-ozzobm-P000014/2025/2026/4800003001
0.releases.3563.relatedProcesses.0,0.releases.3563,0,P000008/2025/2026/4800003001,planning,"Supply materials for maintenance of infrastructure, Electricity and Plumbing in Kaduha Hospital",ocid,ocds-ozzobm-P000008/2025/2026/4800003001
0.releases.3564.relatedProcesses.0,0.releases.3564,0,P000072/2025/2026/0300000000,planning,Acquisition of Sport  Facilities for  the Parliament of Rwanda,ocid,ocds-ozzobm-P000072/2025/2026/0300000000
0.releases.3565.relatedProcesses.0,0.releases.3565,0,P000004/2025/2026/6400000000,planning,Consultancy services for supervision of Construction of Gitanda health center,ocid,ocds-ozzobm-P000004/2025/2026/6400000000
0.releases.3566.relatedProcesses.0,0.releases.3566,0,P000022/2025/2026/2301000000,planning,Hiring individual consultant to train NEC staff on Elections,ocid,ocds-ozzobm-P000022/2025/2026/2301000000
0.releases.3567.relatedProcesses.0,0.releases.3567,0,P000022/2025/2026/2301000000,planning,Hiring individual consultant to train NEC staff on Elections,ocid,ocds-ozzobm-P000022/2025/2026/2301000000
0.releases.3568.relatedProcesses.0,0.releases.3568,0,P000034/2025/2026/1420000000,planning,Annual subscription to digital library,ocid,ocds-ozzobm-P000034/2025/2026/1420000000
0.releases.3569.relatedProcesses.0,0.releases.3569,0,P000005/2025/2026/2308000000,planning,Security services,ocid,ocds-ozzobm-P000005/2025/2026/2308000000
0.releases.3570.relatedProcesses.0,0.releases.3570,0,P000005/2025/2026/2308000000,planning,Security services,ocid,ocds-ozzobm-P000005/2025/2026/2308000000
0.releases.3571.relatedProcesses.0,0.releases.3571,0,P000004/2025/2026/1903001001,planning,Tender for furniture equipment for RCA.,ocid,ocds-ozzobm-P000004/2025/2026/1903001001
0.releases.3572.relatedProcesses.0,0.releases.3572,0,P000006/2024/2025/4200003001,planning,Tender of  all supplies,ocid,ocds-ozzobm-P000006/2024/2025/4200003001
0.releases.3573.relatedProcesses.0,0.releases.3573,0,P000005/2024/2025/4200003001,planning,Tender of Insurance of vehicle and motocycle and fire for building,ocid,ocds-ozzobm-P000005/2024/2025/4200003001
0.releases.3574.relatedProcesses.0,0.releases.3574,0,P000069/2025/2026/6500000000,planning,valuation of Real properties during 12Months renewable twice,ocid,ocds-ozzobm-P000069/2025/2026/6500000000
0.releases.3575.relatedProcesses.0,0.releases.3575,0,P000141/2023/2024/0108000000,planning,"CONSULTANCY SERVICE FOR INCIDENT RESOLUTION, STABILIZATION, SUPPORTING AND MAINTAINING ELECTONIC MORTGAGE REGISTRATION SYSTEM (EMRS)",ocid,ocds-ozzobm-P000141/2023/2024/0108000000
0.releases.3576.relatedProcesses.0,0.releases.3576,0,P000007/2022/2023/4800003001,planning,Provision of Communication Services and  CUG,ocid,ocds-ozzobm-P000007/2022/2023/4800003001
0.releases.3577.relatedProcesses.0,0.releases.3577,0,P000303/2023/2024/1804000000,planning,Supervision services on works related to the enhancement of power supply and stability in new RBD building,ocid,ocds-ozzobm-P000303/2023/2024/1804000000
0.releases.3578.relatedProcesses.0,0.releases.3578,0,P000159/2023/2024/7000000000,planning,Tender for purchase of electricity units for schools,ocid,ocds-ozzobm-P000159/2023/2024/7000000000
0.releases.3579.relatedProcesses.0,0.releases.3579,0,P000014/2025/2026/2309000000,planning,Supply and installation of air conditioners,ocid,ocds-ozzobm-P000014/2025/2026/2309000000
0.releases.3580.relatedProcesses.0,0.releases.3580,0,P000062/2025/2026/5000000000,planning,Supply House - furniture in the constructed houses for needy Genocide,ocid,ocds-ozzobm-P000062/2025/2026/5000000000
0.releases.3581.relatedProcesses.0,0.releases.3581,0,P000007/2022/2023/4800003001,planning,Provision of Communication Services and  CUG,ocid,ocds-ozzobm-P000007/2022/2023/4800003001
0.releases.3582.relatedProcesses.0,0.releases.3582,0,P000024/2024/2025/6200003001,planning,"Hiring of tents, chairs, sonorisation  and decoration needed during memorial day, patient day and other events",ocid,ocds-ozzobm-P000024/2024/2025/6200003001
0.releases.3583.relatedProcesses.0,0.releases.3583,0,P000105/2025/2026/1601000000,planning,Supply of ICT consumables,ocid,ocds-ozzobm-P000105/2025/2026/1601000000
0.releases.3584.relatedProcesses.0,0.releases.3584,0,P000041/2025/2026/5700003001,planning,Maintenance of biomedical equipment ( washing machine),ocid,ocds-ozzobm-P000041/2025/2026/5700003001
0.releases.3585.relatedProcesses.0,0.releases.3585,0,P000033/2025/2026/4300000000,planning,Purchasing pruning saws for the management of agroforestry,ocid,ocds-ozzobm-P000033/2025/2026/4300000000
0.releases.3586.relatedProcesses.0,0.releases.3586,0,P000039/2025/2026/1204000000,planning,Tender for maintenance of RPPA offices,ocid,ocds-ozzobm-P000039/2025/2026/1204000000
0.releases.3587.relatedProcesses.0,0.releases.3587,0,P000022/2025/2026/1204000000,planning,Tender for update of existing standard bidding documents and development of new standard bidding documents and procurement user guides,ocid,ocds-ozzobm-P000022/2025/2026/1204000000
0.releases.3588.relatedProcesses.0,0.releases.3588,0,P000007/2025/2026/0901001017,planning,Supervision of Rehabilitation MCPs,ocid,ocds-ozzobm-P000007/2025/2026/0901001017
0.releases.3589.relatedProcesses.0,0.releases.3589,0,P000021/2024/2025/1601000000,planning,Laboratory reagents,ocid,ocds-ozzobm-P000021/2024/2025/1601000000
0.releases.3590.relatedProcesses.0,0.releases.3590,0,P000021/2024/2025/1601000000,planning,Laboratory reagents,ocid,ocds-ozzobm-P000021/2024/2025/1601000000
0.releases.3591.relatedProcesses.0,0.releases.3591,0,P000008/2025/2026/0302000000,planning,Designing and printing annual report&Plan,ocid,ocds-ozzobm-P000008/2025/2026/0302000000
0.releases.3592.relatedProcesses.0,0.releases.3592,0,P000022/2025/2026/1204000000,planning,Tender for update of existing standard bidding documents and development of new standard bidding documents and procurement user guides,ocid,ocds-ozzobm-P000022/2025/2026/1204000000
0.releases.3593.relatedProcesses.0,0.releases.3593,0,P000018/2025/2026/1602000000,planning,Supply of printed materials,ocid,ocds-ozzobm-P000018/2025/2026/1602000000
0.releases.3594.relatedProcesses.0,0.releases.3594,0,P000039/2025/2026/1204000000,planning,Tender for maintenance of RPPA offices,ocid,ocds-ozzobm-P000039/2025/2026/1204000000
0.releases.3595.relatedProcesses.0,0.releases.3595,0,P000012/2025/2026/4200000000,planning,"Construct of 9 new classrooms, 3 blocks of latrines and 3 caregivers office for ECD in Gatsibo District",ocid,ocds-ozzobm-P000012/2025/2026/4200000000
0.releases.3596.relatedProcesses.0,0.releases.3596,0,P000069/2025/2026/6500000000,planning,valuation of Real properties during 12Months renewable twice,ocid,ocds-ozzobm-P000069/2025/2026/6500000000
0.releases.3597.relatedProcesses.0,0.releases.3597,0,P000050/2025/2026/0902000000,planning,Tender for framework contract for supply and installation of office equipment (Furniture),ocid,ocds-ozzobm-P000050/2025/2026/0902000000
0.releases.3598.relatedProcesses.0,0.releases.3598,0,P000020/2025/2026/1603000000,planning,Framework contract for provision of electrical materials and consumables,ocid,ocds-ozzobm-P000020/2025/2026/1603000000
0.releases.3599.relatedProcesses.0,0.releases.3599,0,P000009/2025/2026/0301000000,planning,Provision of Catering services to OAG staff,ocid,ocds-ozzobm-P000009/2025/2026/0301000000
0.releases.3600.relatedProcesses.0,0.releases.3600,0,P000013/2023/2024/1204000000,planning,"Services for editing and mixing of audio records, Production of audio and video spots, Video coverage and photography in RPPA events and video coverage in interviews for the recruitment of RPPA Staff",ocid,ocds-ozzobm-P000013/2023/2024/1204000000
0.releases.3601.relatedProcesses.0,0.releases.3601,0,P000028/2023/2024/1204000000,planning,Provision of refreshments to RPPA staff and RPPA guests,ocid,ocds-ozzobm-P000028/2023/2024/1204000000
0.releases.3602.relatedProcesses.0,0.releases.3602,0,P000049/2020/2021/1419000000,planning,Upgrading teaching & learning at Rwanda Polytechnic on integrated package (facilities & ICT-enabled pedagogy),ocid,ocds-ozzobm-P000049/2020/2021/1419000000
0.releases.3603.relatedProcesses.0,0.releases.3603,0,P000049/2020/2021/1419000000,planning,Upgrading teaching & learning at Rwanda Polytechnic on integrated package (facilities & ICT-enabled pedagogy),ocid,ocds-ozzobm-P000049/2020/2021/1419000000
0.releases.3604.relatedProcesses.0,0.releases.3604,0,P000001/2025/2026/2500000000,planning,Provision of vehicle spare parts,ocid,ocds-ozzobm-P000001/2025/2026/2500000000
0.releases.3605.relatedProcesses.0,0.releases.3605,0,P000023/2025/2026/0303000000,planning,Hiring an audit firm for an Expenditure Verification of a grant contract between National Commission For Human Rights and European Union,ocid,ocds-ozzobm-P000023/2025/2026/0303000000
0.releases.3606.relatedProcesses.0,0.releases.3606,0,P000023/2025/2026/0303000000,planning,Hiring an audit firm for an Expenditure Verification of a grant contract between National Commission For Human Rights and European Union,ocid,ocds-ozzobm-P000023/2025/2026/0303000000
0.releases.3607.relatedProcesses.0,0.releases.3607,0,P000037/2025/2026/1808000000,planning,Feasibility and Detailed Design for the Rehabilitation and Upgrading of Kimisagara WTP,ocid,ocds-ozzobm-P000037/2025/2026/1808000000
0.releases.3608.relatedProcesses.0,0.releases.3608,0,P000018/2025/2026/1602000000,planning,Supply of printed materials,ocid,ocds-ozzobm-P000018/2025/2026/1602000000
0.releases.3609.relatedProcesses.0,0.releases.3609,0,P000080/2023/2024/7000000000,planning,Productive assets of VUP Multi sectoral approach,ocid,ocds-ozzobm-P000080/2023/2024/7000000000
0.releases.3610.relatedProcesses.0,0.releases.3610,0,P000036/2025/2026/2900000000,planning,Supply of tyres for the Ministry of Environment vehicles,ocid,ocds-ozzobm-P000036/2025/2026/2900000000
0.releases.3611.relatedProcesses.0,0.releases.3611,0,P000001/2025/2026/1602000000,planning,Supply of Cleaning& Hygiene materials,ocid,ocds-ozzobm-P000001/2025/2026/1602000000
0.releases.3612.relatedProcesses.0,0.releases.3612,0,P000023/2025/2026/0303000000,planning,Hiring an audit firm for an Expenditure Verification of a grant contract between National Commission For Human Rights and European Union,ocid,ocds-ozzobm-P000023/2025/2026/0303000000
0.releases.3613.relatedProcesses.0,0.releases.3613,0,P000019/2025/2026/8400000000,planning,Supply of Office Furniture,ocid,ocds-ozzobm-P000019/2025/2026/8400000000
0.releases.3614.relatedProcesses.0,0.releases.3614,0,P000076/2025/2026/1001000000,planning,Provision of services of clearing to RSB (Framework contract),ocid,ocds-ozzobm-P000076/2025/2026/1001000000
0.releases.3615.relatedProcesses.0,0.releases.3615,0,P000076/2025/2026/1001000000,planning,Provision of services of clearing to RSB (Framework contract),ocid,ocds-ozzobm-P000076/2025/2026/1001000000
0.releases.3616.relatedProcesses.0,0.releases.3616,0,P000007/2025/2026/2500001000,planning,"Supply of motorcycle equipment, field equipment and related accessories",ocid,ocds-ozzobm-P000007/2025/2026/2500001000
0.releases.3617.relatedProcesses.0,0.releases.3617,0,P000007/2025/2026/1412002000,planning,Supply of IT training consumables,ocid,ocds-ozzobm-P000007/2025/2026/1412002000
0.releases.3618.relatedProcesses.0,0.releases.3618,0,P000076/2025/2026/1001000000,planning,Provision of services of clearing to RSB (Framework contract),ocid,ocds-ozzobm-P000076/2025/2026/1001000000
0.releases.3619.relatedProcesses.0,0.releases.3619,0,P000203/2025/2026/1203000000,planning,Implementation of a Next-Generation virtualization and application containerization solution for RRA (Framework Contract),ocid,ocds-ozzobm-P000203/2025/2026/1203000000
0.releases.3620.relatedProcesses.0,0.releases.3620,0,P000076/2025/2026/1001000000,planning,Provision of services of clearing to RSB (Framework contract),ocid,ocds-ozzobm-P000076/2025/2026/1001000000
0.releases.3621.relatedProcesses.0,0.releases.3621,0,P000076/2025/2026/1001000000,planning,Provision of services of clearing to RSB (Framework contract),ocid,ocds-ozzobm-P000076/2025/2026/1001000000
0.releases.3622.relatedProcesses.0,0.releases.3622,0,P000021/2023/2024/5900003002,planning,To insure the Buildings and  fixed assets of Hospital,ocid,ocds-ozzobm-P000021/2023/2024/5900003002
0.releases.3623.relatedProcesses.0,0.releases.3623,0,P000060/2023/2024/1903001001,planning,CONSULTANCY FIRM TO DEVELOP A NATIONAL SIX-YEAR E-WASTE STRATEGY AND ACCOMPANYING IMPLEMENTATION PLAN,ocid,ocds-ozzobm-P000060/2023/2024/1903001001
0.releases.3624.relatedProcesses.0,0.releases.3624,0,P000060/2023/2024/1903001001,planning,CONSULTANCY FIRM TO DEVELOP A NATIONAL SIX-YEAR E-WASTE STRATEGY AND ACCOMPANYING IMPLEMENTATION PLAN,ocid,ocds-ozzobm-P000060/2023/2024/1903001001
0.releases.3625.relatedProcesses.0,0.releases.3625,0,P000062/2025/2026/1605000000,planning,Media Production services for communication activities,ocid,ocds-ozzobm-P000062/2025/2026/1605000000
0.releases.3626.relatedProcesses.0,0.releases.3626,0,P000038/2025/2026/1808000000,planning,Feasibility and Detailed Design for the Rehabilitation and Upgrading of Kimisagara WTP,ocid,ocds-ozzobm-P000038/2025/2026/1808000000
0.releases.3627.relatedProcesses.0,0.releases.3627,0,P000150/2025/2026/0108000000,planning,Hiring hotel/Kivu Marina Bay Hotel,ocid,ocds-ozzobm-P000150/2025/2026/0108000000
0.releases.3628.relatedProcesses.0,0.releases.3628,0,P000022/2025/2026/8100000000,planning,Telecommunication Services,ocid,ocds-ozzobm-P000022/2025/2026/8100000000
0.releases.3629.relatedProcesses.0,0.releases.3629,0,P000005/2024/2025/2300000000,planning,Tender for Acquisition of gifts and awards,ocid,ocds-ozzobm-P000005/2024/2025/2300000000
0.releases.3630.relatedProcesses.0,0.releases.3630,0,P000005/2024/2025/2300000000,planning,Tender for Acquisition of gifts and awards,ocid,ocds-ozzobm-P000005/2024/2025/2300000000
0.releases.3631.relatedProcesses.0,0.releases.3631,0,P000153/2025/2026/1804000000,planning,Design and Build proposed beautifications at Amahoro Stadium,ocid,ocds-ozzobm-P000153/2025/2026/1804000000
0.releases.3632.relatedProcesses.0,0.releases.3632,0,P000153/2025/2026/1804000000,planning,Design and Build proposed beautifications at Amahoro Stadium,ocid,ocds-ozzobm-P000153/2025/2026/1804000000
0.releases.3633.relatedProcesses.0,0.releases.3633,0,P000017/2025/2026/0108000000,planning,Hiring cooperatives to provide cleaning services at Volcanoes National Park,ocid,ocds-ozzobm-P000017/2025/2026/0108000000
0.releases.3634.relatedProcesses.0,0.releases.3634,0,P000019/2025/2026/8400000000,planning,Supply of Office Furniture,ocid,ocds-ozzobm-P000019/2025/2026/8400000000
0.releases.3635.relatedProcesses.0,0.releases.3635,0,P000076/2025/2026/1001000000,planning,Provision of services of clearing to RSB (Framework contract),ocid,ocds-ozzobm-P000076/2025/2026/1001000000
0.releases.3636.relatedProcesses.0,0.releases.3636,0,P000017/2025/2026/0108000000,planning,Hiring cooperatives to provide cleaning services at Volcanoes National Park,ocid,ocds-ozzobm-P000017/2025/2026/0108000000
0.releases.3637.relatedProcesses.0,0.releases.3637,0,P000008/2025/2026/2901000000,planning,Consulting services for Conducting Comprehensive Baseline Assessment of INTEGO Facility Funded Projects (1st COHORT),ocid,ocds-ozzobm-P000008/2025/2026/2901000000
0.releases.3638.relatedProcesses.0,0.releases.3638,0,P000005/2025/2026/2901000000,planning,Purchase of electricity,ocid,ocds-ozzobm-P000005/2025/2026/2901000000
0.releases.3639.relatedProcesses.0,0.releases.3639,0,P000007/2025/2026/1412002000,planning,Supply of IT training consumables,ocid,ocds-ozzobm-P000007/2025/2026/1412002000
0.releases.3640.relatedProcesses.0,0.releases.3640,0,P000022/2025/2026/2000000000,planning,Framework tender for  supplying of gifts for MIFOTRA  official visitors,ocid,ocds-ozzobm-P000022/2025/2026/2000000000
0.releases.3641.relatedProcesses.0,0.releases.3641,0,P000011/2023/2024/5800003001,planning,Tender for maintain Security of the Hospital,ocid,ocds-ozzobm-P000011/2023/2024/5800003001
0.releases.3642.relatedProcesses.0,0.releases.3642,0,P000120/2025/2026/0108000000,planning,lHiring hotel/M Hotel,ocid,ocds-ozzobm-P000120/2025/2026/0108000000
0.releases.3643.relatedProcesses.0,0.releases.3643,0,P000025/2025/2026/4200000000,planning,Provision of Veterinary Service through Veterinary Sanitary Mandate Animal Insemination and Vaccination Campaign,ocid,ocds-ozzobm-P000025/2025/2026/4200000000
0.releases.3644.relatedProcesses.0,0.releases.3644,0,P000007/2025/2026/2500001000,planning,"Supply of motorcycle equipment, field equipment and related accessories",ocid,ocds-ozzobm-P000007/2025/2026/2500001000
0.releases.3645.relatedProcesses.0,0.releases.3645,0,P000029/2025/2026/0500000000,planning,Provision of Transportation Services to Staff of the Judiciary,ocid,ocds-ozzobm-P000029/2025/2026/0500000000
0.releases.3646.relatedProcesses.0,0.releases.3646,0,P000028/2025/2026/4000000000,planning,"CONDUCT FEASIBILITY STUDIES FOR REHABILITATION OF MATERNITY BLOOCK, ADMININSTRATION BLOCK AND PUBLIC TOILETS FOR GASHANDA HEALTH CENTER AND REHABILITATION OF RUKOMA-SAKE HEALTH CENTER",ocid,ocds-ozzobm-P000028/2025/2026/4000000000
0.releases.3647.relatedProcesses.0,0.releases.3647,0,P000028/2025/2026/4000000000,planning,"CONDUCT FEASIBILITY STUDIES FOR REHABILITATION OF MATERNITY BLOOCK, ADMININSTRATION BLOCK AND PUBLIC TOILETS FOR GASHANDA HEALTH CENTER AND REHABILITATION OF RUKOMA-SAKE HEALTH CENTER",ocid,ocds-ozzobm-P000028/2025/2026/4000000000
0.releases.3648.relatedProcesses.0,0.releases.3648,0,P000022/2025/2026/2500001000,planning,Provision of Water Sanitation and Hygiene (WASH) facility rental services for Emergency Response,ocid,ocds-ozzobm-P000022/2025/2026/2500001000
0.releases.3649.relatedProcesses.0,0.releases.3649,0,P000001/2025/2026/0901001015,planning,Rehabilitation works for Muvumba 8 (1500ha),ocid,ocds-ozzobm-P000001/2025/2026/0901001015
0.releases.3650.relatedProcesses.0,0.releases.3650,0,P000053/2025/2026/5300000000,planning,Supervision of Construction of houses for need genocide survivor,ocid,ocds-ozzobm-P000053/2025/2026/5300000000
0.releases.3651.relatedProcesses.0,0.releases.3651,0,P000040/2024/2025/4800003002,planning,PRIVATIZATION OF MANAGEMENT OF KIGEME HOSPITAL CANTEEN THAT WILL PROVIDE THE REFRESHMENT TO THE STAFF& VISITORS.,ocid,ocds-ozzobm-P000040/2024/2025/4800003002
0.releases.3652.relatedProcesses.0,0.releases.3652,0,P000012/2025/2026/4200000000,planning,"Construct of 9 new classrooms, 3 blocks of latrines and 3 caregivers office for ECD in Gatsibo District",ocid,ocds-ozzobm-P000012/2025/2026/4200000000
0.releases.3653.relatedProcesses.0,0.releases.3653,0,P000037/2024/2025/4800003002,planning,Provision for Refreshment & accommodation services for staff and visitors on duty of Kigeme Hospital,ocid,ocds-ozzobm-P000037/2024/2025/4800003002
0.releases.3654.relatedProcesses.0,0.releases.3654,0,P000037/2024/2025/4800003002,planning,Provision for Refreshment & accommodation services for staff and visitors on duty of Kigeme Hospital,ocid,ocds-ozzobm-P000037/2024/2025/4800003002
0.releases.3655.relatedProcesses.0,0.releases.3655,0,P000090/2025/2026/5300000000,planning,Production of seedlings of Agroforestry trees / shrubs for radical terraces protection CDAT,ocid,ocds-ozzobm-P000090/2025/2026/5300000000
0.releases.3656.relatedProcesses.0,0.releases.3656,0,P000006/2025/2026/5100000000,planning,Supply of materials and food for Rukoma transit center in Kamonyi District,ocid,ocds-ozzobm-P000006/2025/2026/5100000000
0.releases.3657.relatedProcesses.0,0.releases.3657,0,P000006/2025/2026/5100000000,planning,Supply of materials and food for Rukoma transit center in Kamonyi District,ocid,ocds-ozzobm-P000006/2025/2026/5100000000
0.releases.3658.relatedProcesses.0,0.releases.3658,0,P000039/2024/2025/1700000000,planning,Recruitment of a Consultancy firm to conduct audit for project,ocid,ocds-ozzobm-P000039/2024/2025/1700000000
0.releases.3659.relatedProcesses.0,0.releases.3659,0,P000029/2025/2026/0500000000,planning,Provision of Transportation Services to Staff of the Judiciary,ocid,ocds-ozzobm-P000029/2025/2026/0500000000
0.releases.3660.relatedProcesses.0,0.releases.3660,0,P000050/2025/2026/0902000000,planning,Tender for framework contract for supply and installation of office equipment (Furniture),ocid,ocds-ozzobm-P000050/2025/2026/0902000000
0.releases.3661.relatedProcesses.0,0.releases.3661,0,P000006/2025/2026/5100000000,planning,Supply of materials and food for Rukoma transit center in Kamonyi District,ocid,ocds-ozzobm-P000006/2025/2026/5100000000
0.releases.3662.relatedProcesses.0,0.releases.3662,0,P000019/2024/2025/2305000000,planning,"Provision of Content Production, Television and Radio Broadcasting Services",ocid,ocds-ozzobm-P000019/2024/2025/2305000000
0.releases.3663.relatedProcesses.0,0.releases.3663,0,P000039/2024/2025/1700000000,planning,Recruitment of a Consultancy firm to conduct audit for project,ocid,ocds-ozzobm-P000039/2024/2025/1700000000
0.releases.3664.relatedProcesses.0,0.releases.3664,0,P000020/2025/2026/8300000000,planning,"Consultancy service for Assessment of the public knowledge on nuclear (2 districts), report of the findings, perform risk assessment and develop awareness plan",ocid,ocds-ozzobm-P000020/2025/2026/8300000000
0.releases.3665.relatedProcesses.0,0.releases.3665,0,P000030/2025/2026/2315000000,planning,"Provision of sports and recreation services (Kigali city, Nyagatare,Huye&Rubavu Districts),",ocid,ocds-ozzobm-P000030/2025/2026/2315000000
0.releases.3666.relatedProcesses.0,0.releases.3666,0,P000044/2025/2026/0400000000,planning,Supply of Stationeries and cartridges,ocid,ocds-ozzobm-P000044/2025/2026/0400000000
0.releases.3667.relatedProcesses.0,0.releases.3667,0,P000020/2025/2026/8300000000,planning,"Consultancy service for Assessment of the public knowledge on nuclear (2 districts), report of the findings, perform risk assessment and develop awareness plan",ocid,ocds-ozzobm-P000020/2025/2026/8300000000
0.releases.3668.relatedProcesses.0,0.releases.3668,0,P000020/2025/2026/8300000000,planning,"Consultancy service for Assessment of the public knowledge on nuclear (2 districts), report of the findings, perform risk assessment and develop awareness plan",ocid,ocds-ozzobm-P000020/2025/2026/8300000000
0.releases.3669.relatedProcesses.0,0.releases.3669,0,P000021/2024/2025/1400000000,planning,Supply of cement on framework contract,ocid,ocds-ozzobm-P000021/2024/2025/1400000000
0.releases.3670.relatedProcesses.0,0.releases.3670,0,P000156/2025/2026/1203000000,planning,Supply and installation of office chairs to RRA (Framework contract),ocid,ocds-ozzobm-P000156/2025/2026/1203000000
0.releases.3671.relatedProcesses.0,0.releases.3671,0,P000009/2025/2026/0301000000,planning,Provision of Catering services to OAG staff,ocid,ocds-ozzobm-P000009/2025/2026/0301000000
0.releases.3672.relatedProcesses.0,0.releases.3672,0,P000003/2025/2026/2306570000,planning,Acquisition of stationery and printing consumables.,ocid,ocds-ozzobm-P000003/2025/2026/2306570000
0.releases.3673.relatedProcesses.0,0.releases.3673,0,P000003/2025/2026/2306570000,planning,Acquisition of stationery and printing consumables.,ocid,ocds-ozzobm-P000003/2025/2026/2306570000
0.releases.3674.relatedProcesses.0,0.releases.3674,0,P000022/2024/2025/1808000000,planning,"Construction of  Latrines for Schools, Public places and Health facilities",ocid,ocds-ozzobm-P000022/2024/2025/1808000000
0.releases.3675.relatedProcesses.0,0.releases.3675,0,P000041/2025/2026/5600000000,planning,Tender for Study of Buruseri-Kabiza-Brasserie streetlight,ocid,ocds-ozzobm-P000041/2025/2026/5600000000
0.releases.3676.relatedProcesses.0,0.releases.3676,0,P000091/2022/2023/1806000000,planning,Consultancy Services for the Supervision of DMS implementation Project,ocid,ocds-ozzobm-P000091/2022/2023/1806000000
0.releases.3677.relatedProcesses.0,0.releases.3677,0,P000091/2022/2023/1806000000,planning,Consultancy Services for the Supervision of DMS implementation Project,ocid,ocds-ozzobm-P000091/2022/2023/1806000000
0.releases.3678.relatedProcesses.0,0.releases.3678,0,P000091/2022/2023/1806000000,planning,Consultancy Services for the Supervision of DMS implementation Project,ocid,ocds-ozzobm-P000091/2022/2023/1806000000
0.releases.3679.relatedProcesses.0,0.releases.3679,0,P000091/2022/2023/1806000000,planning,Consultancy Services for the Supervision of DMS implementation Project,ocid,ocds-ozzobm-P000091/2022/2023/1806000000
0.releases.3680.relatedProcesses.0,0.releases.3680,0,P000006/2025/2026/2306570000,planning,Supply of office furniture for RDRC Staff,ocid,ocds-ozzobm-P000006/2025/2026/2306570000
0.releases.3681.relatedProcesses.0,0.releases.3681,0,P000006/2025/2026/2306570000,planning,Supply of office furniture for RDRC Staff,ocid,ocds-ozzobm-P000006/2025/2026/2306570000
0.releases.3682.relatedProcesses.0,0.releases.3682,0,P000032/2025/2026/1808000000,planning,Provision of Grobal Asset Insurance,ocid,ocds-ozzobm-P000032/2025/2026/1808000000
0.releases.3683.relatedProcesses.0,0.releases.3683,0,P000032/2025/2026/1808000000,planning,Provision of Grobal Asset Insurance,ocid,ocds-ozzobm-P000032/2025/2026/1808000000
0.releases.3684.relatedProcesses.0,0.releases.3684,0,P000001/2025/2026/5400000000,planning,Tender for Construction of Selling point Giheke Sector in Rusizi District,ocid,ocds-ozzobm-P000001/2025/2026/5400000000
0.releases.3685.relatedProcesses.0,0.releases.3685,0,P000001/2025/2026/5400000000,planning,Tender for Construction of Selling point Giheke Sector in Rusizi District,ocid,ocds-ozzobm-P000001/2025/2026/5400000000
0.releases.3686.relatedProcesses.0,0.releases.3686,0,P000001/2025/2026/0901001015,planning,Rehabilitation works for Muvumba 8 (1500ha),ocid,ocds-ozzobm-P000001/2025/2026/0901001015
0.releases.3687.relatedProcesses.0,0.releases.3687,0,P000053/2025/2026/1800000000,planning,Consultancy service for  urban design services in the City of Kigali and other districts.,ocid,ocds-ozzobm-P000053/2025/2026/1800000000
0.releases.3688.relatedProcesses.0,0.releases.3688,0,P000036/2025/2026/2900000000,planning,Supply of tyres for the Ministry of Environment vehicles,ocid,ocds-ozzobm-P000036/2025/2026/2900000000
0.releases.3689.relatedProcesses.0,0.releases.3689,0,P000053/2025/2026/1800000000,planning,Consultancy service for  urban design services in the City of Kigali and other districts.,ocid,ocds-ozzobm-P000053/2025/2026/1800000000
0.releases.3690.relatedProcesses.0,0.releases.3690,0,P000025/2025/2026/4200000000,planning,Provision of Veterinary Service through Veterinary Sanitary Mandate Animal Insemination and Vaccination Campaign,ocid,ocds-ozzobm-P000025/2025/2026/4200000000
0.releases.3691.relatedProcesses.0,0.releases.3691,0,P000062/2025/2026/5000000000,planning,Supply House - furniture in the constructed houses for needy Genocide,ocid,ocds-ozzobm-P000062/2025/2026/5000000000
0.releases.3692.relatedProcesses.0,0.releases.3692,0,P000021/2025/2026/4000000000,planning,CONSTRUCTION OF CLASSROOMS AND LACTRINES FOR PRIMARY AND SECONDARY SCHOOLS,ocid,ocds-ozzobm-P000021/2025/2026/4000000000
0.releases.3693.relatedProcesses.0,0.releases.3693,0,P000021/2025/2026/4000000000,planning,CONSTRUCTION OF CLASSROOMS AND LACTRINES FOR PRIMARY AND SECONDARY SCHOOLS,ocid,ocds-ozzobm-P000021/2025/2026/4000000000
0.releases.3694.relatedProcesses.0,0.releases.3694,0,P000030/2025/2026/2315000000,planning,"Provision of sports and recreation services (Kigali city, Nyagatare,Huye&Rubavu Districts),",ocid,ocds-ozzobm-P000030/2025/2026/2315000000
0.releases.3695.relatedProcesses.0,0.releases.3695,0,P000025/2025/2026/8000000000,planning,Acquisition of sport uniforms for RSSB Teams,ocid,ocds-ozzobm-P000025/2025/2026/8000000000
0.releases.3696.relatedProcesses.0,0.releases.3696,0,P000038/2025/2026/1808000000,planning,Feasibility and Detailed Design for the Rehabilitation and Upgrading of Kimisagara WTP,ocid,ocds-ozzobm-P000038/2025/2026/1808000000
0.releases.3697.relatedProcesses.0,0.releases.3697,0,P000103/2025/2026/8000000000,planning,Hiring a Consultancy firm to support finance Team in the preparation of financial statement and IFRS 17,ocid,ocds-ozzobm-P000103/2025/2026/8000000000
0.releases.3698.relatedProcesses.0,0.releases.3698,0,P000084/2025/2026/0400000000,planning,Cenetra Hotel services,ocid,ocds-ozzobm-P000084/2025/2026/0400000000
0.releases.3699.relatedProcesses.0,0.releases.3699,0,P000084/2025/2026/0400000000,planning,Cenetra Hotel services,ocid,ocds-ozzobm-P000084/2025/2026/0400000000
0.releases.3700.relatedProcesses.0,0.releases.3700,0,P000024/2025/2026/7000001001,planning,Conduct preventive and curative maintenance of non- medical equipment and spare parts,ocid,ocds-ozzobm-P000024/2025/2026/7000001001
0.releases.3701.relatedProcesses.0,0.releases.3701,0,P000006/2025/2026/4600000000,planning,Supply of office Equipment and consumables,ocid,ocds-ozzobm-P000006/2025/2026/4600000000
0.releases.3702.relatedProcesses.0,0.releases.3702,0,P000084/2025/2026/0400000000,planning,Cenetra Hotel services,ocid,ocds-ozzobm-P000084/2025/2026/0400000000
0.releases.3703.relatedProcesses.0,0.releases.3703,0,P000003/2025/2026/7000001001,planning,Purchase surveillance cameras and installation and  IT Equipment,ocid,ocds-ozzobm-P000003/2025/2026/7000001001
0.releases.3704.relatedProcesses.0,0.releases.3704,0,P000022/2025/2026/2000000000,planning,Framework tender for  supplying of gifts for MIFOTRA  official visitors,ocid,ocds-ozzobm-P000022/2025/2026/2000000000
0.releases.3705.relatedProcesses.0,0.releases.3705,0,P000006/2025/2026/4600000000,planning,Supply of office Equipment and consumables,ocid,ocds-ozzobm-P000006/2025/2026/4600000000
0.releases.3706.relatedProcesses.0,0.releases.3706,0,P000008/2025/2026/4600000000,planning,Purchase of Drugs for Girinka package,ocid,ocds-ozzobm-P000008/2025/2026/4600000000
0.releases.3707.relatedProcesses.0,0.releases.3707,0,P000099/2025/2026/0702000000,planning,Cleaning service for Nyarugenge Correctional Facility,ocid,ocds-ozzobm-P000099/2025/2026/0702000000
0.releases.3708.relatedProcesses.0,0.releases.3708,0,P000007/2025/2026/4600000000,planning,Supply of cows for Girinka Program in Rwamagana District 2025-2026,ocid,ocds-ozzobm-P000007/2025/2026/4600000000
0.releases.3709.relatedProcesses.0,0.releases.3709,0,P000007/2025/2026/4600000000,planning,Supply of cows for Girinka Program in Rwamagana District 2025-2026,ocid,ocds-ozzobm-P000007/2025/2026/4600000000
0.releases.3710.relatedProcesses.0,0.releases.3710,0,P000008/2025/2026/4600000000,planning,Purchase of Drugs for Girinka package,ocid,ocds-ozzobm-P000008/2025/2026/4600000000
0.releases.3711.relatedProcesses.0,0.releases.3711,0,P000051/2025/2026/6600000000,planning,Tender for GYM and Fitness Services,ocid,ocds-ozzobm-P000051/2025/2026/6600000000
0.releases.3712.relatedProcesses.0,0.releases.3712,0,P000051/2025/2026/6600000000,planning,Tender for GYM and Fitness Services,ocid,ocds-ozzobm-P000051/2025/2026/6600000000
0.releases.3713.relatedProcesses.0,0.releases.3713,0,P000044/2025/2026/6400000000,planning,"Maintenance, Renovation and Rehabilitation of Rulindo District Infrastructures",ocid,ocds-ozzobm-P000044/2025/2026/6400000000
0.releases.3714.relatedProcesses.0,0.releases.3714,0,P000120/2025/2026/0108000000,planning,lHiring hotel/M Hotel,ocid,ocds-ozzobm-P000120/2025/2026/0108000000
0.releases.3715.relatedProcesses.0,0.releases.3715,0,P000032/2025/2026/1808000000,planning,Provision of Grobal Asset Insurance,ocid,ocds-ozzobm-P000032/2025/2026/1808000000
0.releases.3716.relatedProcesses.0,0.releases.3716,0,P000062/2025/2026/5000000000,planning,Supply House - furniture in the constructed houses for needy Genocide,ocid,ocds-ozzobm-P000062/2025/2026/5000000000
0.releases.3717.relatedProcesses.0,0.releases.3717,0,P000044/2025/2026/6400000000,planning,"Maintenance, Renovation and Rehabilitation of Rulindo District Infrastructures",ocid,ocds-ozzobm-P000044/2025/2026/6400000000
0.releases.3718.relatedProcesses.0,0.releases.3718,0,P000043/2025/2026/1903000000,planning,Framework Agreement for 3-Star Hotel Services,ocid,ocds-ozzobm-P000043/2025/2026/1903000000
0.releases.3719.relatedProcesses.0,0.releases.3719,0,P000004/2025/2026/1903001001,planning,Tender for furniture equipment for RCA.,ocid,ocds-ozzobm-P000004/2025/2026/1903001001
0.releases.3720.relatedProcesses.0,0.releases.3720,0,P000028/2025/2026/4000000000,planning,"CONDUCT FEASIBILITY STUDIES FOR REHABILITATION OF MATERNITY BLOOCK, ADMININSTRATION BLOCK AND PUBLIC TOILETS FOR GASHANDA HEALTH CENTER AND REHABILITATION OF RUKOMA-SAKE HEALTH CENTER",ocid,ocds-ozzobm-P000028/2025/2026/4000000000
0.releases.3721.relatedProcesses.0,0.releases.3721,0,P000021/2025/2026/4000000000,planning,CONSTRUCTION OF CLASSROOMS AND LACTRINES FOR PRIMARY AND SECONDARY SCHOOLS,ocid,ocds-ozzobm-P000021/2025/2026/4000000000
0.releases.3722.relatedProcesses.0,0.releases.3722,0,P000071/2025/2026/2318000000,planning,Provision of maintenance and repairs services of Ngarama vehicles and Motocycles,ocid,ocds-ozzobm-P000071/2025/2026/2318000000
0.releases.3723.relatedProcesses.0,0.releases.3723,0,P000009/2025/2026/2306570000,planning,Supply of electricity for RDRC Head office and its centers,ocid,ocds-ozzobm-P000009/2025/2026/2306570000
0.releases.3724.relatedProcesses.0,0.releases.3724,0,P000016/2023/2024/1412001000,planning,"Supply of Electrical, Electronics, Telecommunication and Biomedical Consumables Under framework contract.",ocid,ocds-ozzobm-P000016/2023/2024/1412001000
0.releases.3725.relatedProcesses.0,0.releases.3725,0,P000015/2023/2024/0108000004,planning,Provision of Printing Services:                  Lot 1: Examination Booklets and Logbooks                    Lot 2: Promotional Materials,ocid,ocds-ozzobm-P000015/2023/2024/0108000004
0.releases.3726.relatedProcesses.0,0.releases.3726,0,P000053/2025/2026/1800000000,planning,Consultancy service for  urban design services in the City of Kigali and other districts.,ocid,ocds-ozzobm-P000053/2025/2026/1800000000
0.releases.3727.relatedProcesses.0,0.releases.3727,0,P000012/2025/2026/6600000000,planning,Maintenance  and Repairs of Office Equipments,ocid,ocds-ozzobm-P000012/2025/2026/6600000000
0.releases.3728.relatedProcesses.0,0.releases.3728,0,P000012/2025/2026/6600000000,planning,Maintenance  and Repairs of Office Equipments,ocid,ocds-ozzobm-P000012/2025/2026/6600000000
0.releases.3729.relatedProcesses.0,0.releases.3729,0,P000021/2025/2026/2306570000,planning,Provision of Cleaning services of RDRC Head office and its centers,ocid,ocds-ozzobm-P000021/2025/2026/2306570000
0.releases.3730.relatedProcesses.0,0.releases.3730,0,P000021/2025/2026/2306570000,planning,Provision of Cleaning services of RDRC Head office and its centers,ocid,ocds-ozzobm-P000021/2025/2026/2306570000
0.releases.3731.relatedProcesses.0,0.releases.3731,0,P000001/2025/2026/5400000000,planning,Tender for Construction of Selling point Giheke Sector in Rusizi District,ocid,ocds-ozzobm-P000001/2025/2026/5400000000
0.releases.3732.relatedProcesses.0,0.releases.3732,0,P000056/2025/2026/1903000000,planning,Framework agreement (centralized) to supply and installation of display equipment,ocid,ocds-ozzobm-P000056/2025/2026/1903000000
0.releases.3733.relatedProcesses.0,0.releases.3733,0,P000079/2025/2026/0108000000,planning,Hiring a consulting firm to Conduct feasibility studies and detailed engineering designs of infrastructure for Kigali Special Economic Zone phase 3 &4,ocid,ocds-ozzobm-P000079/2025/2026/0108000000
0.releases.3734.relatedProcesses.0,0.releases.3734,0,P000120/2025/2026/0108000000,planning,lHiring hotel/M Hotel,ocid,ocds-ozzobm-P000120/2025/2026/0108000000
0.releases.3735.relatedProcesses.0,0.releases.3735,0,P000001/2025/2026/2903000000,planning,Provision of Cleaning Services at RFA Huye Headquater,ocid,ocds-ozzobm-P000001/2025/2026/2903000000
0.releases.3736.relatedProcesses.0,0.releases.3736,0,P000001/2025/2026/2903000000,planning,Provision of Cleaning Services at RFA Huye Headquater,ocid,ocds-ozzobm-P000001/2025/2026/2903000000
0.releases.3737.relatedProcesses.0,0.releases.3737,0,P000001/2025/2026/2903000000,planning,Provision of Cleaning Services at RFA Huye Headquater,ocid,ocds-ozzobm-P000001/2025/2026/2903000000
0.releases.3738.relatedProcesses.0,0.releases.3738,0,P000150/2025/2026/0108000000,planning,Hiring hotel/Kivu Marina Bay Hotel,ocid,ocds-ozzobm-P000150/2025/2026/0108000000
0.releases.3739.relatedProcesses.0,0.releases.3739,0,P000053/2025/2026/6600000000,planning,Tender for Services of Loading and Offloading,ocid,ocds-ozzobm-P000053/2025/2026/6600000000
0.releases.3740.relatedProcesses.0,0.releases.3740,0,P000053/2025/2026/6600000000,planning,Tender for Services of Loading and Offloading,ocid,ocds-ozzobm-P000053/2025/2026/6600000000
0.releases.3741.relatedProcesses.0,0.releases.3741,0,P000066/2025/2026/4400000000,planning,Supply and installation of Rainwater Harvesting Tanks to different schools of Kirehe District,ocid,ocds-ozzobm-P000066/2025/2026/4400000000
0.releases.3742.relatedProcesses.0,0.releases.3742,0,P000047/2023/2024/5800003001,planning,Tender for Maintaining Hygiene of the Hospital,ocid,ocds-ozzobm-P000047/2023/2024/5800003001
0.releases.3743.relatedProcesses.0,0.releases.3743,0,P000062/2024/2025/1903000000,planning,Supply for licenses to RRA,ocid,ocds-ozzobm-P000062/2024/2025/1903000000
0.releases.3744.relatedProcesses.0,0.releases.3744,0,P000039/2025/2026/6200000000,planning,Provide service of official reception for Gicumbi District Guests and staffs,ocid,ocds-ozzobm-P000039/2025/2026/6200000000
0.releases.3745.relatedProcesses.0,0.releases.3745,0,P000062/2025/2026/5000000000,planning,Supply House - furniture in the constructed houses for needy Genocide,ocid,ocds-ozzobm-P000062/2025/2026/5000000000
0.releases.3746.relatedProcesses.0,0.releases.3746,0,P000062/2025/2026/5000000000,planning,Supply House - furniture in the constructed houses for needy Genocide,ocid,ocds-ozzobm-P000062/2025/2026/5000000000
0.releases.3747.relatedProcesses.0,0.releases.3747,0,P000003/2025/2026/1602000000,planning,Acquisition of sports equipment,ocid,ocds-ozzobm-P000003/2025/2026/1602000000
0.releases.3748.relatedProcesses.0,0.releases.3748,0,P000034/2025/2026/4900000000,planning,Supply of lime for radical terraces in CDAT Project,ocid,ocds-ozzobm-P000034/2025/2026/4900000000
0.releases.3749.relatedProcesses.0,0.releases.3749,0,P000141/2025/2026/7000000000,planning,Management of Nyanza Bus Park,ocid,ocds-ozzobm-P000141/2025/2026/7000000000
0.releases.3750.relatedProcesses.0,0.releases.3750,0,P000037/2024/2025/4800003002,planning,Provision for Refreshment & accommodation services for staff and visitors on duty of Kigeme Hospital,ocid,ocds-ozzobm-P000037/2024/2025/4800003002
0.releases.3751.relatedProcesses.0,0.releases.3751,0,P000040/2024/2025/4800003002,planning,PRIVATIZATION OF MANAGEMENT OF KIGEME HOSPITAL CANTEEN THAT WILL PROVIDE THE REFRESHMENT TO THE STAFF& VISITORS.,ocid,ocds-ozzobm-P000040/2024/2025/4800003002
0.releases.3752.relatedProcesses.0,0.releases.3752,0,P000003/2025/2026/6800003001,planning,acquisition of stationaries,ocid,ocds-ozzobm-P000003/2025/2026/6800003001
0.releases.3753.relatedProcesses.0,0.releases.3753,0,P000056/2025/2026/6100000000,planning,Maintenance of road in Burera District,ocid,ocds-ozzobm-P000056/2025/2026/6100000000
0.releases.3754.relatedProcesses.0,0.releases.3754,0,P000011/2025/2026/4600003001,planning,TENDER FOR CODIFICATION OF HOSPITAL EQUIPMENTS,ocid,ocds-ozzobm-P000011/2025/2026/4600003001
0.releases.3755.relatedProcesses.0,0.releases.3755,0,P000172/2021/2022/1203000000,planning,Provision of Rental services for RRA staff accommodations at Gatuna Border (framework contract).,ocid,ocds-ozzobm-P000172/2021/2022/1203000000
0.releases.3756.relatedProcesses.0,0.releases.3756,0,P000098/2025/2026/5000000000,planning,Rehabilitation of District residential house and former Nyamabuye Sector offices,ocid,ocds-ozzobm-P000098/2025/2026/5000000000
0.releases.3757.relatedProcesses.0,0.releases.3757,0,P000072/2025/2026/5000000000,planning,EXTENSION AND MAINTENANCE OF ELECTRICAL INSTALLATION IN OFFICE AND PUBLIC LIGHTING IN MUHANGA,ocid,ocds-ozzobm-P000072/2025/2026/5000000000
0.releases.3758.relatedProcesses.0,0.releases.3758,0,P000047/2023/2024/5800003001,planning,Tender for Maintaining Hygiene of the Hospital,ocid,ocds-ozzobm-P000047/2023/2024/5800003001
0.releases.3759.relatedProcesses.0,0.releases.3759,0,P000071/2025/2026/2318000000,planning,Provision of maintenance and repairs services of Ngarama vehicles and Motocycles,ocid,ocds-ozzobm-P000071/2025/2026/2318000000
0.releases.3760.relatedProcesses.0,0.releases.3760,0,P000011/2025/2026/4600003001,planning,TENDER FOR CODIFICATION OF HOSPITAL EQUIPMENTS,ocid,ocds-ozzobm-P000011/2025/2026/4600003001
0.releases.3761.relatedProcesses.0,0.releases.3761,0,P000059/2025/2026/1305000000,planning,Provision of Preventive Maintenance Services for Peak Scientific Nitrogen Generator,ocid,ocds-ozzobm-P000059/2025/2026/1305000000
0.releases.3762.relatedProcesses.0,0.releases.3762,0,P000059/2025/2026/1305000000,planning,Provision of Preventive Maintenance Services for Peak Scientific Nitrogen Generator,ocid,ocds-ozzobm-P000059/2025/2026/1305000000
0.releases.3763.relatedProcesses.0,0.releases.3763,0,P000021/2025/2026/2306570000,planning,Provision of Cleaning services of RDRC Head office and its centers,ocid,ocds-ozzobm-P000021/2025/2026/2306570000
0.releases.3764.relatedProcesses.0,0.releases.3764,0,P000003/2025/2026/2306570000,planning,Acquisition of stationery and printing consumables.,ocid,ocds-ozzobm-P000003/2025/2026/2306570000
0.releases.3765.relatedProcesses.0,0.releases.3765,0,P000009/2025/2026/2306570000,planning,Supply of electricity for RDRC Head office and its centers,ocid,ocds-ozzobm-P000009/2025/2026/2306570000
0.releases.3766.relatedProcesses.0,0.releases.3766,0,P000006/2025/2026/2306570000,planning,Supply of office furniture for RDRC Staff,ocid,ocds-ozzobm-P000006/2025/2026/2306570000
